Character ID,Character,Class (game key),DP,DP damage scale,Life,Wickedness,Rush damage: class add,Super damage: class add,Ultimate damage: class add,Normal Ki: Power,Normal Ki: BeamPower,Normal Ki: Shave (block input),Normal Ki: BeamShave (block input),Normal Ki: FireLimit,Normal Ki: Ki cost (raw),Charged Ki: Power,Charged Ki: BeamPower,Charged Ki: Shave (block input),Charged Ki: BeamShave (block input),Charged Ki: FireLimit,Charged Ki: Ki cost (raw),Charged Ki: stage 1 damage rate,Charged Ki: stage 1 FireNum,Charged Ki: stage 2 damage rate,Charged Ki: stage 2 FireNum,Ki-blast count,Jump Ki-blast count,Jump Ki-blast sets,Normal Ki-blast limit,Charged Ki-blast limit,Skill stock capacity,Smash Attack damage: class add,Combo attack damage: class add,Throw damage: class add,Counter damage: class add,Follow-up attack damage: class add,Normal Ki-blast damage: class add,Charged Ki-blast damage: class add,Skill attack damage: class add,Physical resistance: class coefficient,Energy resistance: class coefficient,Separate Blast resistance: class coefficient,Melee charge: class coefficient,Ki-shot charge: class coefficient,Ki recovery: class coefficient,Ki charge: class coefficient,Sparking charge: class coefficient,Pre-Sparking drain: class coefficient,Sparking drain: class coefficient,Ki gained from attacks: class coefficient,Skill-stock recovery speed: class coefficient,Ki-blast energy cost: class coefficient,Ki auto-recovery speed (raw),Ki recovery below one gauge: scale,Ki charge speed (raw),Ki charge below auto-recovery limit (raw),Sparking drain speed (raw),Follow-up base limit,Dragon Homing follow-up limit,Vanishing Attack follow-up limit,Sparking: extra follow-ups,Sparking: extra Dragon Homing follow-ups,Sparking: extra Vanishing Attacks,Sparking: extra Lightning Attacks,Melee charge speed: level 1,Melee charge speed: level 2,Melee charge speed: level 3,Rush A first hit: Power,Full-power Smash: Power,Hyper Smash: Power,Throw: Power,Super 1: move,Super 1: variant,Super 1: Power values,Super 1: BeamPower values,Super 1: Shave values,Super 1: BeamShave values,Super 1: FireLimit values,Super 1: Collision revivals values,Super 1: Revival interval (s),Super 1: Damage applications,Super 2: move,Super 2: variant,Super 2: Power values,Super 2: BeamPower values,Super 2: Shave values,Super 2: BeamShave values,Super 2: FireLimit values,Super 2: Collision revivals values,Super 2: Revival interval (s),Super 2: Damage applications,Ultimate: move,Ultimate: variant,Ultimate: Power values,Ultimate: BeamPower values,Ultimate: Shave values,Ultimate: BeamShave values,Ultimate: FireLimit values,Ultimate: Collision revivals values,Ultimate: Revival interval (s),Ultimate: Damage applications,Incoming damage factor,Starting Ki (raw),Maximum Ki (raw),Ki auto-recovery limit (raw),Sparking charge speed (raw),Pre-Sparking drain (raw),Starting Skill Count,Dashing Ki-blast count,Lightning Attack follow-up limit,RushScale (native),Normal Ki: FireNum,Charged Ki: FireNum
0000_00,Goku (Z - Early),Normal,4,1,40000,0,0,0,0,200,200,40,40,0,2000,700,700,140,140,0,3000,1.5,0,2,0,5,5,1,5,1,6,0,0,0,0,0,0,0,0,0,0,0,0,0,0,0,0,0,0,0,0,0,1750,1.3,7,10.5,2800,2,0,0,2,0,0,0,3,5.4,7.5,312,1120,1960,1000,Kamehameha,,0 | 1000 | 1140,4560.0,285,1140,1,4,0.083333,,Kaioken Attack,,0 | 1000 | 6700,,,,,,,,Spirit Bomb,,0 | 1000 | 12000,0.0,2400,2400,1,,,,1,20000,50000,20000,30000,10000,0,4,1,1,1,1
0000_10,Goku (Z - Mid),Normal,5,1.05,40000,0,0,0,0,200,200,40,40,0,2000,700,700,140,140,0,3000,1.5,0,2,0,6,3,2,6,1,6,0,0,0,0,0,0,0,0,0,0,0,0,0,0,0,0,0,0,0,0,0,1750,1.3,7,10.5,2800,2,0,0,2,0,0,0,3,5.4,7.5,312,1120,1960,1000,x20 Kaioken Kamehameha,,0 | 1000 | 1140,4560.0,285,1140,1,4,0.083333,,Kaioken Rush,,0 | 1000 | 6700,,,,,,,,Spirit Bomb,,0 | 1000 | 12000,0.0,2400,1920,1,,,,1,20000,50000,20000,30000,10000,0,4,1,1,1,1
0000_11,"Goku (Z - Mid), Super Saiyan",Saiyan,6,1.1,40000,1,0.119999997318,0.10000000149,0.10000000149,200,200,40,40,0,2000,700,700,140,140,0,3000,1.5,0,2,0,7,7,1,7,1,6,0.119999997318,0.119999997318,0.10000000149,0.10000000149,0.10000000149,0.119999997318,0.119999997318,0.10000000149,0,0,0,0.10000000149,0.10000000149,-0.10000000149,0.10000000149,0,-0.10000000149,0,-0.10000000149,0,0,1500,1.3,8,12,2800,2,0,0,2,0,0,0,3,5.4,7.5,312,1120,1960,1000,Super Kamehameha,,0 | 1000 | 1140,4560.0,285,1140,1,4,0.083333,,Meteor Smash,,0 | 1000 | 6700,,,,,,,,Angry Kamehameha,,0 | 1000 | 12500,0.0,480,384,1,4,0.1,,1,30000,50000,20000,30000,10000,0,4,1,1,1,1
0000_20,Goku (Z - End),Normal,5,1.05,40000,0,0,0,0,200,200,40,40,0,2000,700,700,140,140,0,3000,1.5,0,2,0,6,7,1,6,1,6,0,0,0,0,0,0,0,0,0,0,0,0,0,0,0,0,0,0,0,0,0,1750,1.3,7,10.5,2800,2,0,0,2,0,0,0,3,5.4,7.5,312,1120,1960,1000,Kamehameha,,0 | 1000 | 1140,4560.0,285,1140,1,4,0.083333,,Meteor Smash,,0 | 1000 | 6700,,,,,,,,Super Spirit Bomb,,0 | 1000 | 13500,0.0,2400,1920,1,,,,1,20000,50000,20000,30000,10000,0,4,1,1,1,1
0000_21,"Goku (Z - End), Super Saiyan",Saiyan,6,1.1,40000,1,0.119999997318,0.10000000149,0.10000000149,200,200,40,40,0,2000,700,700,140,140,0,3000,1.5,0,2,0,7,7,1,7,1,6,0.119999997318,0.119999997318,0.10000000149,0.10000000149,0.10000000149,0.119999997318,0.119999997318,0.10000000149,0,0,0,0.10000000149,0.10000000149,-0.10000000149,0.10000000149,0,-0.10000000149,0,-0.10000000149,0,0,1500,1.3,8,12,2800,2,0,0,2,0,0,0,3,5.4,7.5,312,1120,1960,1000,Super Kamehameha,,0 | 1000 | 1140,4560.0,285,1140,1,4,0.083333,,Super Energy Wave Combo,,0 | 600 | 1000 | 6700,500.0,100,100,10.0,,0.1,,Instant Transmission Kamehameha,,0 | 1000 | 12000,0.0,480,384,1,4,0.1,,1,20000,50000,20000,30000,10000,0,4,1,1,1,1
0000_22,"Goku (Z - End), Super Saiyan 2",Saiyan,6,1.1,40000,1,0.119999997318,0.10000000149,0.10000000149,200,200,40,40,0,2000,700,700,140,140,0,3000,1.5,0,2,0,8,7,1,8,1,6,0.119999997318,0.119999997318,0.10000000149,0.10000000149,0.10000000149,0.119999997318,0.119999997318,0.10000000149,0,0,0,0.10000000149,0.10000000149,-0.10000000149,0.10000000149,0,-0.10000000149,0,-0.10000000149,0,0,1500,1.3,8,12,2800,3,0,0,2,0,0,0,3,5.4,7.5,312,1120,1960,1000,Instant Transmission Kamehameha,,0 | 1000 | 1140,4560.0,285,1140,1,4,0.083333,,Meteor Crash,,0 | 1000 | 6700,,,,,,,,Super Kamehameha,,0 | 1000 | 12500,0.0,480,384,1,4,0.1,,1,20000,50000,20000,30000,10000,0,4,1,1,1,1
0000_23,"Goku (Z - End), Super Saiyan 3",Saiyan,7,1.15,40000,1,0.119999997318,0.10000000149,0.10000000149,200,200,40,40,0,2000,700,700,140,140,0,3000,1.5,0,2,0,9,7,1,9,1,5,0.119999997318,0.119999997318,0.10000000149,0.10000000149,0.10000000149,0.119999997318,0.119999997318,0.10000000149,0,0,0,0.10000000149,0.10000000149,-0.10000000149,0.10000000149,0,-0.10000000149,0,-0.10000000149,0,0,1500,1.3,8,12,2800,3,0,0,2,0,0,0,3,5.4,7.5,312,1120,1960,1000,Super Kamehameha,,0 | 1000 | 1140,4560.0,285,1140,1,4,0.083333,,Super Dragon Twin Fists,,0 | 1000 | 6700,,,,,,,,Dragon Fist,,0 | 1000 | 12000,,,,,,,,1,10000,50000,20000,30000,10000,0,5,1,1,1,1
0000_33,"Goku (GT), Super Saiyan 4",Saiyan,8,1.2,40000,1,0.119999997318,0.10000000149,0.10000000149,200,200,40,40,0,2000,270,500,54,100,0,3000,1.2,0,1.8,0,10,4,2,10,1,5,0.119999997318,0.119999997318,0.10000000149,0.10000000149,0.10000000149,0.119999997318,0.119999997318,0.10000000149,0,0,0,0.10000000149,0.10000000149,-0.10000000149,0.10000000149,0,-0.10000000149,0,-0.10000000149,0,0,1500,1.3,8,12,2800,3,0,0,2,0,0,0,3,5.4,7.5,312,1120,1960,1000,x10 Kamehameha,,0 | 1000 | 1140,4560.0,285,1140,1,4,0.083333,,Meteor Crash,,0 | 1000 | 6700,,,,,,,,Dragon Fist,,0 | 1000 | 12000,,,,,,,,1,10000,50000,20000,30000,10000,0,6,1,1,1,3
0000_40,Goku (Super),Normal,5,1.05,40000,0,0,0,0,200,200,40,40,0,2000,700,700,140,140,0,3000,1.5,0,2,0,6,7,1,6,1,6,0,0,0,0,0,0,0,0,0,0,0,0,0,0,0,0,0,0,0,0,0,1750,1.3,7,10.5,2800,2,0,0,2,0,0,0,3,5.4,7.5,312,1120,1960,1000,Super Kamehameha,,0 | 1000 | 1140,4560.0,285,1140,1,4,0.083333,,Dragon Burst,,0 | 1000 | 6700,,,,,,,,Super Spirit Bomb,,0 | 1000 | 14000,0.0,0,0,1,5,0.05,,1,20000,50000,20000,30000,10000,0,4,1,1,1,1
0000_41,"Goku (Super), Super Saiyan",Saiyan,6,1.1,40000,1,0.119999997318,0.10000000149,0.10000000149,200,200,40,40,0,2000,700,700,140,140,0,3000,1.5,0,2,0,7,7,1,7,1,6,0.119999997318,0.119999997318,0.10000000149,0.10000000149,0.10000000149,0.119999997318,0.119999997318,0.10000000149,0,0,0,0.10000000149,0.10000000149,-0.10000000149,0.10000000149,0,-0.10000000149,0,-0.10000000149,0,0,1500,1.3,8,12,2800,2,0,0,2,0,0,0,3,5.4,7.5,312,1120,1960,1000,Super Kamehameha,,0 | 1000 | 1140,4560.0,285,1140,1,4,0.083333,,Dragon Blast,,0 | 1000 | 6700,,,,,,,,Sonic Blast,,0 | 1000 | 12000,,,,,,,,1,20000,50000,20000,30000,10000,0,4,1,1,1,1
0000_43,"Goku (Super), Super Saiyan God Super Saiyan",Saiyan,8,1.2,40000,1,0.119999997318,0.10000000149,0.10000000149,200,200,40,40,0,2000,270,500,54,100,0,3000,1.2,0,1.8,0,10,4,2,10,1,6,0.119999997318,0.119999997318,0.10000000149,0.10000000149,0.10000000149,0.119999997318,0.119999997318,0.10000000149,0,0,0,0.10000000149,0.10000000149,-0.10000000149,0.10000000149,0,-0.10000000149,0,-0.10000000149,0,0,1500,1.3,8,12,2800,3,0,0,2,0,0,0,3,5.4,7.5,312,1120,1960,1000,God Kamehameha,,0 | 1000 | 1140,4560.0,285,1140,1,4,0.083333,,"""No Hard Feelings"" Hit",,0 | 1000 | 6700,,,,,,,,Limit Breaker God Kamehameha,,0 | 1000 | 12000,0.0,480,384,1,4,0.1,,0.98,20000,50000,20000,30000,10000,0,6,1,1,1,3
0000_50,"Goku (Super), Ultra Instinct -Sign-",Secret,8,1.2,40000,0,0.15000000596,0.15000000596,0.15000000596,200,200,40,40,0,2000,700,700,140,140,0,3000,1.5,0,2,0,15,4,2,15,1,6,0.15000000596,0.15000000596,0.15000000596,0.15000000596,0.15000000596,0,0,0,0,0,0,0.20000000298,0.20000000298,-0.10000000149,0.10000000149,0.20000000298,-0.0500000007451,0,0,-0.0500000007451,0,1750,1.3,7,10.5,2800,3,0,0,2,0,0,0,3,5.4,7.5,312,1120,1960,1000,Kamehameha -Sign-,,0 | 1000 | 1140,4560.0,285,1140,1,4,0.083333,,Flash -Sign-,,0 | 1000 | 6700,,,,,,,,Point-Blank Kamehameha,,0 | 1000 | 12000,,,,,,,,0.97,10000,50000,20000,30000,10000,0,6,1,1,1,1
0000_51,"Goku (Super), Ultra Instinct",Secret,9,1.25,50000,0,0.15000000596,0.15000000596,0.15000000596,200,200,40,40,0,2000,700,700,140,140,0,3000,1.5,0,2,0,18,4,2,18,1,6,0.15000000596,0.15000000596,0.15000000596,0.15000000596,0.15000000596,0,0,0,0,0,0,0.20000000298,0.20000000298,-0.10000000149,0.10000000149,0.20000000298,-0.0500000007451,0,0,-0.0500000007451,0,2000,1.3,6,9,2800,4,0,0,2,0,0,0,3,5.4,7.5,312,1120,1960,1000,Ultra Kamehameha,,0 | 1000 | 1140,4560.0,285,1140,1,4,0.083333,,Ultra Barrage,,0 | 1000 | 6700,,,,,,,,Supreme Kamehameha,,0 | 1000 | 12000,,,,,,,,0.97,10000,50000,20000,30000,10000,0,6,1,1,1,1
0001_42,"Goku (Super), Super Saiyan God",Saiyan,7,1.15,40000,1,0.119999997318,0.10000000149,0.10000000149,200,200,40,40,0,2000,800,800,160,160,0,3000,1.5,0,2,0,8,4,2,8,1,6,0.119999997318,0.119999997318,0.10000000149,0.10000000149,0.10000000149,0.119999997318,0.119999997318,0.10000000149,0,0,0,0.10000000149,0.10000000149,-0.10000000149,0.10000000149,0,-0.10000000149,0,-0.10000000149,0,0,1500,1.3,8,12,2800,3,0,0,2,0,0,0,3,5.4,7.5,312,1120,1960,1000,God Kamehameha,,0 | 1000 | 1140,4560.0,285,1140,1,4,0.083333,,God Impact,,0 | 1000 | 6700,,,,,,,,God Burst Kamehameha,,0 | 1000 | 12000,0.0,480,384,1,4,0.1,,0.98,20000,50000,20000,30000,10000,0,6,1,1,1,1
0002_30,Goku (GT),Normal,5,1.05,40000,0,0,0,0,200,200,40,40,0,2000,700,700,140,140,0,3000,1.5,0,2,0,6,3,2,6,1,6,0,0,0,0,0,0,0,0,0,0,0,0,0,0,0,0,0,0,0,0,0,1750,1.3,7,10.5,2800,2,0,0,2,0,0,0,3,5.4,7.5,312,1120,1960,1000,Kamehameha,,0 | 1000 | 1140,4560.0,285,1140,1,4,0.083333,,Dragon Fist,,0 | 1000 | 6700,,,,,,,,Spirit Bomb,,0 | 1000 | 13000,0.0,2400,1920,1,,,,1.1,20000,50000,20000,30000,10000,0,4,1,1,1,1
0002_31,"Goku (GT), Super Saiyan",Saiyan,6,1.1,40000,1,0.119999997318,0.10000000149,0.10000000149,200,200,40,40,0,2000,700,700,140,140,0,3000,1.5,0,2,0,7,7,1,7,1,6,0.119999997318,0.119999997318,0.10000000149,0.10000000149,0.10000000149,0.119999997318,0.119999997318,0.10000000149,0,0,0,0.10000000149,0.10000000149,-0.10000000149,0.10000000149,0,-0.10000000149,0,-0.10000000149,0,0,1500,1.3,8,12,2800,2,0,0,2,0,0,0,3,5.4,7.5,312,1120,1960,1000,Super Kamehameha,,0 | 1000 | 1140,4560.0,285,1140,1,4,0.083333,,Full-Power Energy Blast Volley,,0 | 750 | 1000 | 6700,625.0,125,125,10.0,,0.1,,Super Explosive Wave,,0 | 1000 | 12500,0.0,375,300,1,9,0.2,,1.1,20000,50000,20000,30000,10000,0,4,1,1,1,1
0002_32,"Goku (GT), Super Saiyan 3",Saiyan,7,1.15,40000,1,0.119999997318,0.10000000149,0.10000000149,200,200,40,40,0,2000,700,700,140,140,0,3000,1.5,0,2,0,8,7,1,8,1,6,0.119999997318,0.119999997318,0.10000000149,0.10000000149,0.10000000149,0.119999997318,0.119999997318,0.10000000149,0,0,0,0.10000000149,0.10000000149,-0.10000000149,0.10000000149,0,-0.10000000149,0,-0.10000000149,0,0,1500,1.3,8,12,2800,2,0,0,2,0,0,0,3,5.4,7.5,312,1120,1960,1000,Super Kamehameha,,0 | 1000 | 1140,4560.0,285,1140,1,4,0.083333,,Full-Power Energy Blast Volley,,0 | 750 | 1000 | 6700,625.0,125,125,10.0,,0.1,,Dragon Fist,,0 | 1000 | 12000,,,,,,,,1.1,10000,50000,20000,30000,10000,0,5,1,1,1,1
0002_50,Goku (Teen),Normal,3,0.95,35000,0,0,0,0,200,200,40,40,0,2000,700,700,140,140,0,3000,1.5,0,2,0,4,4,1,4,1,4,0,0,0,0,0,0,0,0,0,0,0,0,0,0,0,0,0,0,0,0,0,1750,1.3,7,10.5,2800,2,0,0,2,0,0,0,3,5.4,7.5,312,1120,1960,1000,Kamehameha,,0 | 1000 | 1140,4560.0,285,1140,1,4,0.083333,,Commencing Counterattack!,,0 | 1000 | 6700,,,,,,,,Keep Going!,,0 | 1000 | 12000,,,,,,,,1.1,10000,50000,20000,30000,10000,2,3,1,1,1,1
0020_00,Vegeta (Z - Scouter),Vegeta_Shoot,4,1,40000,12,-0.10000000149,0,0,200,200,40,40,0,1400,700,700,140,140,0,3000,1.5,0,2,0,999,5,2,-1,1,5,-0.10000000149,-0.10000000149,-0.10000000149,-0.10000000149,-0.10000000149,-0.10000000149,0.15000000596,0,-0.0500000007451,-0.0500000007451,0,-0.25,0.10000000149,0.10000000149,0.10000000149,-0.10000000149,0,0.0500000007451,0,0,-0.20000000298,1750,1.3,7,10.5,2800,2,0,0,2,0,0,0,3,5.4,7.5,312,1120,1960,1000,Galick Gun,,0 | 1000 | 1140,4560.0,285,1140,1,4,0.083333,,Final Galick Cannon,,0 | 1000 | 6700,,,,,,,,Dirty Fireworks,,0 | 1000 | 12000,,,,,,,,1,20000,50000,20000,30000,10000,0,8,1,1,1,1
0020_10,Vegeta (Z - Early),Vegeta_Shoot,5,1.05,40000,8,-0.10000000149,0,0,200,200,40,40,0,1400,700,700,140,140,0,3000,1.5,0,2,0,999,5,2,-1,1,4,-0.10000000149,-0.10000000149,-0.10000000149,-0.10000000149,-0.10000000149,-0.10000000149,0.15000000596,0,-0.0500000007451,-0.0500000007451,0,-0.25,0.10000000149,0.10000000149,0.10000000149,-0.10000000149,0,0.0500000007451,0,0,-0.20000000298,1750,1.3,7,10.5,2800,2,0,0,2,0,0,0,3,5.4,7.5,312,1120,1960,1000,Galick Gun,,0 | 1000 | 1140,4560.0,285,1140,1,4,0.083333,,Super Energy Wave Combo,,0 | 600 | 1000 | 6700,500.0,100,100,10.0,,0.1,,Super Explosive Wave,,0 | 1000 | 12500,0.0,375,300,1,9,0.2,,1,20000,50000,20000,30000,10000,0,8,1,1,1,1
0020_11,"Vegeta (Z - Early), Super Saiyan",Saiyan_Shoot,6,1.1,40000,10,0.119999997318,0.10000000149,0.10000000149,200,200,40,40,0,1400,700,700,140,140,0,3000,1.5,0,2,0,999,5,2,-1,1,4,0.119999997318,0.119999997318,0.10000000149,0.10000000149,0.10000000149,-0.0799999982119,0.119999997318,0.10000000149,0,0,0,0.10000000149,0.10000000149,-0.10000000149,0.10000000149,0,-0.10000000149,0,-0.10000000149,0,0,1500,1.3,8,12,2800,2,0,0,2,0,0,0,3,5.4,7.5,312,1120,1960,1000,Maximum Flasher,,0 | 570 | 1000,4560.0,142,1140,1,9,0.083333,,Cosmic Impact,,0 | 1000 | 6000,,,,,,,,Big Bang Attack,,0 | 1000 | 12000,0.0,2400,2400,1,,,,1,20000,50000,20000,30000,10000,0,8,1,1,1,1
0020_30,Vegeta (Z - End),Vegeta_Shoot,5,1.05,40000,6,-0.10000000149,0,0,200,200,40,40,0,1400,700,700,140,140,0,3000,1.5,0,2,0,999,5,2,-1,1,5,-0.10000000149,-0.10000000149,-0.10000000149,-0.10000000149,-0.10000000149,-0.10000000149,0.15000000596,0,-0.0500000007451,-0.0500000007451,0,-0.25,0.10000000149,0.10000000149,0.10000000149,-0.10000000149,0,0.0500000007451,0,0,-0.20000000298,1750,1.3,7,10.5,2800,2,0,0,2,0,0,0,3,5.4,7.5,312,1120,1960,1000,Double Galick Cannon,,0 | 1000 | 6700,,,,,,,,Infinite Blaster,,0 | 600 | 1000,500.0,100,100,10.0,,0.1,,Big Bang Attack,,0 | 1000 | 12000,0.0,2400,2400,1,,,,1,20000,50000,20000,30000,10000,0,8,1,1,1,1
0020_31,"Vegeta (Z - End), Super Saiyan",Saiyan_Shoot,6,1.1,40000,8,0.119999997318,0.10000000149,0.10000000149,200,200,40,40,0,1400,700,700,140,140,0,3000,1.5,0,2,0,999,5,2,-1,1,5,0.119999997318,0.119999997318,0.10000000149,0.10000000149,0.10000000149,-0.0799999982119,0.119999997318,0.10000000149,0,0,0,0.10000000149,0.10000000149,-0.10000000149,0.10000000149,0,-0.10000000149,0,-0.10000000149,0,0,1500,1.3,8,12,2800,2,0,0,2,0,0,0,3,5.4,7.5,312,1120,1960,1000,Final Flash,,0 | 1000 | 1140,4560.0,285,1140,1,4,0.083333,5,Infinite Blaster,,0 | 600 | 1000 | 6700,500.0,100,100,10.0,,0.1,,Cosmic Circle,,0 | 1000 | 12000,0.0,800,800,10,,0.1,,1,20000,50000,20000,30000,10000,0,8,1,1,1,1
0020_32,"Vegeta (Z - End), Super Saiyan 2",Saiyan_Shoot,6,1.1,40000,8,0.119999997318,0.10000000149,0.10000000149,200,200,40,40,0,1400,700,700,140,140,0,3000,1.5,0,2,0,999,5,2,-1,1,5,0.119999997318,0.119999997318,0.10000000149,0.10000000149,0.10000000149,-0.0799999982119,0.119999997318,0.10000000149,0,0,0,0.10000000149,0.10000000149,-0.10000000149,0.10000000149,0,-0.10000000149,0,-0.10000000149,0,0,1500,1.3,8,12,2800,2,0,0,3,0,0,0,3,5.4,7.5,312,1120,1960,1000,Big Bang Attack,,0 | 1000 | 5700,5700.0,1140,1140,1,11,0.1,,Infinite Blaster,,0 | 600 | 1000 | 6700,500.0,100,100,10.0,,0.1,,Infinity Flasher,,0 | 1000 | 12500,,,,,,,,1,20000,50000,20000,30000,10000,0,8,1,1,1,1
0020_40,Majin Vegeta,Almighty_Shoot,7,1.15,40000,12,0.10000000149,0.10000000149,0.10000000149,200,200,40,40,0,1400,700,700,140,140,0,3000,1.5,0,2,0,999,5,2,-1,1,6,0.10000000149,0.10000000149,0.10000000149,0.10000000149,0.10000000149,-0.10000000149,0.10000000149,0.10000000149,0,0,0,0.15000000596,0,0,-0.10000000149,0.10000000149,0,0.10000000149,0,0,0,1500,1.3,8,12,2800,3,0,0,2,0,0,0,3,5.4,7.5,312,1120,1960,1000,Final Impact,,0 | 1000 | 1040,4160.0,208,1040,1,4,0.12,,Big Bang Attack,,0 | 1000 | 5700 | 6700,5700.0,1140,1140,1.0,11,0.1,,Final Explosion,,0 | 1000 | 16000,0.0,13000,0,1,9,0.1,,1,50000,50000,20000,30000,10000,0,8,1,1,1,1
0020_50,"Vegeta (GT), Super Saiyan 4",Saiyan_Shoot,8,1.2,40000,6,0.119999997318,0.10000000149,0.10000000149,200,200,40,40,0,1400,700,700,140,140,0,3000,1.5,0,2,0,999,5,2,-1,1,6,0.119999997318,0.119999997318,0.10000000149,0.10000000149,0.10000000149,-0.0799999982119,0.119999997318,0.10000000149,0,0,0,0.10000000149,0.10000000149,-0.10000000149,0.10000000149,0,-0.10000000149,0,-0.10000000149,0,0,1500,1.3,8,12,2800,3,0,0,2,0,0,0,3,5.4,7.5,312,1120,1960,1000,Final Flash,,0 | 1000 | 1140,4560.0,285,1140,1,4,0.083333,5,Spirit Breaking Cannon,,0 | 1000 | 6700,,,,,,,,Final Shine Attack,,0 | 1000 | 12000,0.0,480,384,1,4,0.1,,1,20000,50000,20000,30000,10000,0,8,1,1,1,1
0020_60,Vegeta (Super),Vegeta_Shoot,5,1.05,40000,4,-0.10000000149,0,0,200,200,40,40,0,1400,700,700,140,140,0,3000,1.5,0,2,0,999,5,2,-1,1,5,-0.10000000149,-0.10000000149,-0.10000000149,-0.10000000149,-0.10000000149,-0.10000000149,0.15000000596,0,-0.0500000007451,-0.0500000007451,0,-0.25,0.10000000149,0.10000000149,0.10000000149,-0.10000000149,0,0.0500000007451,0,0,-0.20000000298,1750,1.3,7,10.5,2800,2,0,0,2,0,0,0,3,5.4,7.5,312,1120,1960,1000,Galick Gun,,0 | 1000 | 1140,4560.0,285,1140,1,4,0.083333,,Absolute Rush,,0 | 1000 | 6700,,,,,,,,Final Flash,,0 | 800 | 1000 | 12000,9600.0,160,1920,1,14,0.05,,1,20000,50000,20000,30000,10000,0,8,1,1,1,1
0020_61,"Vegeta (Super), Super Saiyan",Saiyan_Shoot,6,1.1,40000,6,0.119999997318,0.10000000149,0.10000000149,200,200,40,40,0,1400,700,700,140,140,0,3000,1.5,0,2,0,999,5,2,-1,1,5,0.119999997318,0.119999997318,0.10000000149,0.10000000149,0.10000000149,-0.0799999982119,0.119999997318,0.10000000149,0,0,0,0.10000000149,0.10000000149,-0.10000000149,0.10000000149,0,-0.10000000149,0,-0.10000000149,0,0,1500,1.3,8,12,2800,2,0,0,2,0,0,0,3,5.4,7.5,312,1120,1960,1000,Galick Rush,,0 | 600 | 1000 | 3900,0 | 480,0 | 120,0 | 96,1,11,0.1,,Galick Uppercut,,0 | 1000 | 6700,,,,,,,,Final Galick Blast,,0 | 1000 | 12000,,,,,,,,1,20000,50000,20000,30000,10000,0,8,1,1,1,1
0020_63,"Vegeta (Super), Super Saiyan God Super Saiyan",Saiyan_Shoot,8,1.2,40000,1,0.119999997318,0.10000000149,0.10000000149,200,200,40,40,0,1400,270,500,54,100,0,3000,1.2,0,1.8,0,999,5,2,-1,1,5,0.119999997318,0.119999997318,0.10000000149,0.10000000149,0.10000000149,-0.0799999982119,0.119999997318,0.10000000149,0,0,0,0.10000000149,0.10000000149,-0.10000000149,0.10000000149,0,-0.10000000149,0,-0.10000000149,0,0,1500,1.3,8,12,2800,3,0,0,2,0,0,0,3,5.4,7.5,312,1120,1960,1000,God Final Flash,,0 | 1000 | 1140,4560.0,285,1140,1,4,0.083333,5,Gamma Burst Flash,,0 | 1000 | 1500 | 6700,1200.0,300,240,,3,0.15,,Final God Explosion,,0 | 1000 | 16000,0.0,0,0,1,9,0.1,,0.98,20000,50000,20000,30000,10000,0,8,1,1,1,3
0021_20,Super Vegeta,Saiyan_Shoot,6,1.1,40000,10,0.119999997318,0.10000000149,0.10000000149,200,200,40,40,0,1400,700,700,140,140,0,3000,1.5,0,2,0,999,5,2,-1,1,5,0.119999997318,0.119999997318,0.10000000149,0.10000000149,0.10000000149,-0.0799999982119,0.119999997318,0.10000000149,0,0,0,0.10000000149,0.10000000149,-0.10000000149,0.10000000149,0,-0.10000000149,0,-0.10000000149,0,0,1500,1.3,8,12,2800,2,0,0,2,0,0,0,3,5.4,7.5,312,1120,1960,1000,Big Bang Attack,,0 | 1000 | 5700,5700.0,1140,1140,1,11,0.1,,Spirit Breaking Cannon,,0 | 1000 | 6700,,,,,,,,Final Flash,,0 | 1000 | 13000,0.0,480,384,1,4,0.1,,0.97,30000,50000,20000,30000,10000,0,8,1,1,1,1
0022_62,"Vegeta (Super), Super Saiyan God",Saiyan_Shoot,7,1.15,40000,1,0.119999997318,0.10000000149,0.10000000149,200,200,40,40,0,1400,700,700,140,140,0,3000,1.5,0,2,0,999,5,2,-1,1,5,0.119999997318,0.119999997318,0.10000000149,0.10000000149,0.10000000149,-0.0799999982119,0.119999997318,0.10000000149,0,0,0,0.10000000149,0.10000000149,-0.10000000149,0.10000000149,0,-0.10000000149,0,-0.10000000149,0,0,1500,1.3,8,12,2800,3,0,0,2,0,0,0,3,5.4,7.5,312,1120,1960,1000,God Shine Attack,,0 | 600 | 1000 | 3900,480.0,120,96,1,,,,Gamma Fist,,0 | 1000 | 6700,,,,,,,,Prominence Flash,,0 | 1000 | 12000,0.0,480,384,1,4,0.1,,0.98,20000,50000,20000,30000,10000,0,8,1,1,1,1
0023_00,Great Ape Vegeta,giant,5,1.05,45000,12,0.10000000149,0.10000000149,0.10000000149,300,300,60,60,0,3000,1000,1000,200,200,0,4500,1.5,0,2,0,5,5,1,5,1,4,1.5,-0.10000000149,2.5,-0.10000000149,0.15000000596,-0.10000000149,-0.10000000149,0,0.15000000596,-0.10000000149,0,-0.25,-0.15000000596,0,0,0,0,0,0.0500000007451,0,0,1500,1.3,8,12,2800,1,0,0,2,0,0,0,3,5.4,7.5,420,1120,1960,1000,Chou Makouhou,,0 | 1000 | 1240,4960.0,248,992,1,4,0.083333,,Chou Makouhou Barrage,,0 | 1000 | 2234 | 6700,1787.0,559,447,1.0,4,0.083333,,Super Galick Gun,,0 | 1000 | 14000,0.0,2400,1920,1,,,,1,20000,50000,20000,30000,10000,0,4,0,1,1,1
0030_00,Gohan (Kid),Normal,3,0.95,30000,1,0,0,0,200,200,40,40,0,2000,700,700,140,140,0,3000,1.5,0,2,0,5,5,1,5,1,4,0,0,0,0,0,0,0,0,0,0,0,0,0,0,0,0,0,0,0,0,0,1750,1.3,7,10.5,2800,1,0,0,4,0,0,0,3,5.4,7.5,312,1120,1960,1000,Masenko,,0 | 1000 | 1140,4560.0,285,1140,1,4,0.083333,5,Energy Blast Barrage,,0 | 600 | 1000 | 6700,500.0,100,100,10.0,,0.1,,Wild Rush Blaster,,0 | 1000 | 12000,,,,,,,,1.1,10000,50000,20000,30000,10000,1,4,1,1,1,1
0031_00,Gohan (Teen),Normal,4,1,40000,2,0,0,0,200,200,40,40,0,2000,700,700,140,140,0,3000,1.5,0,2,0,6,3,2,6,1,5,0,0,0,0,0,0,0,0,0,0,0,0,0,0,0,0,0,0,0,0,0,1750,1.3,7,10.5,2800,2,0,0,2,0,0,0,3,5.4,7.5,312,1120,1960,1000,Super Masenko,,0 | 1000 | 1140,4560.0,285,1140,1,4,0.083333,5,Energy Blast Barrage,,0 | 600 | 1000 | 6700,500.0,100,100,10.0,,0.1,,Super Kamehameha,,0 | 800 | 1000 | 12000,9600.0,160,1920,1,14,0.05,,1.1,20000,50000,20000,30000,10000,0,4,1,1,1,1
0031_01,"Gohan (Teen), Super Saiyan",Saiyan,6,1.1,40000,2,0.119999997318,0.10000000149,0.10000000149,200,200,40,40,0,2000,700,700,140,140,0,3000,1.5,0,2,0,7,7,1,7,1,5,0.119999997318,0.119999997318,0.10000000149,0.10000000149,0.10000000149,0.119999997318,0.119999997318,0.10000000149,0,0,0,0.10000000149,0.10000000149,-0.10000000149,0.10000000149,0,-0.10000000149,0,-0.10000000149,0,0,1500,1.3,8,12,2800,2,0,0,2,0,0,0,3,5.4,7.5,312,1120,1960,1000,Super Kamehameha,,0 | 1000 | 1140,4560.0,285,1140,1,4,0.083333,,Super Assault Combo,,0 | 1000 | 6700,,,,,,,,Raging Masenko,,0 | 500 | 1000 | 10500,400.0,125,100,1,,,,1.1,20000,50000,20000,30000,10000,0,4,1,1,1,1
0031_02,"Gohan (Teen), Super Saiyan 2",Saiyan,7,1.15,40000,4,0.119999997318,0.10000000149,0.10000000149,200,200,40,40,0,2000,700,700,140,140,0,3000,1.5,0,2,0,8,7,1,8,1,5,0.119999997318,0.119999997318,0.10000000149,0.10000000149,0.10000000149,0.119999997318,0.119999997318,0.10000000149,0,0,0,0.10000000149,0.10000000149,-0.10000000149,0.10000000149,0,-0.10000000149,0,-0.10000000149,0,0,1500,1.3,8,12,2800,3,0,0,3,0,0,0,3,5.4,7.5,312,1120,1960,1000,Super Kamehameha,,0 | 1000 | 1140,4560.0,285,1140,1,4,0.083333,,Explosive Rush,,0 | 1000 | 6700,,,,,,,,Father-Son Kamehameha,,0 | 1000 | 11000,0.0,480,384,1,4,0.1,,1.1,20000,50000,20000,30000,10000,0,5,1,1,1,1
0032_00,Gohan (Adult),Normal,4,1,40000,3,0,0,0,200,200,40,40,0,2000,700,700,140,140,0,3000,1.5,0,2,0,5,5,1,5,1,5,0,0,0,0,0,0,0,0,0,0,0,0,0,0,0,0,0,0,0,0,0,1750,1.3,7,10.5,2800,2,0,0,2,0,0,0,3,5.4,7.5,312,1120,1960,1000,Explosive Cannon,,0 | 1000 | 1500,1200.0,300,240,,3,0.15,,Explosive Flash Strike,,0 | 1000 | 6700,,,,,,,,Super Kamehameha,,0 | 1000 | 12000,0.0,480,384,1,4,0.1,,1,20000,50000,20000,30000,10000,0,4,1,1,1,1
0032_01,"Gohan (Adult), Super Saiyan",Saiyan,6,1.1,40000,4,0.119999997318,0.10000000149,0.10000000149,200,200,40,40,0,2000,700,700,140,140,0,3000,1.5,0,2,0,6,3,2,6,1,4,0.119999997318,0.119999997318,0.10000000149,0.10000000149,0.10000000149,0.119999997318,0.119999997318,0.10000000149,0,0,0,0.10000000149,0.10000000149,-0.10000000149,0.10000000149,0,-0.10000000149,0,-0.10000000149,0,0,1500,1.3,8,12,2800,2,0,0,2,0,0,0,3,5.4,7.5,312,1120,1960,1000,Explosive Cannon,,0 | 1000 | 1500,1200.0,300,240,,3,0.15,,Full-Power Energy Blast Volley,,0 | 750 | 1000 | 6700,625.0,125,125,10.0,,0.1,,Bros. Kamehameha,,0 | 1000 | 12000,0.0,480,384,1,4,0.1,,1,20000,50000,20000,30000,10000,0,4,1,1,1,1
0032_02,"Gohan (Adult), Super Saiyan 2",Saiyan,7,1.15,40000,4,0.119999997318,0.10000000149,0.10000000149,200,200,40,40,0,2000,700,700,140,140,0,3000,1.5,0,2,0,7,7,1,7,1,4,0.119999997318,0.119999997318,0.10000000149,0.10000000149,0.10000000149,0.119999997318,0.119999997318,0.10000000149,0,0,0,0.10000000149,0.10000000149,-0.10000000149,0.10000000149,0,-0.10000000149,0,-0.10000000149,0,0,1500,1.3,8,12,2800,2,0,0,2,0,0,0,3,5.4,7.5,312,1120,1960,1000,Super Explosive Cannon,,0 | 1000 | 1500,1200.0,300,240,,3,0.15,,Super Explosive Flash Strike,,0 | 1000 | 6700,,,,,,,,Super Kamehameha,,0 | 1000 | 12000,0.0,2400,1920,1,,,,1,20000,50000,20000,30000,10000,0,4,1,1,1,1
0032_10,Great Saiyaman,Normal,4,1,40000,2,0,0,0,200,200,40,40,0,2000,800,800,160,160,0,3000,1.5,0,2,0,5,5,1,5,1,5,0,0,0,0,0,0,0,0,0,0,0,0,0,0,0,0,0,0,0,0,0,1750,1.3,7,10.5,2800,2,0,0,2,0,0,0,3,5.4,7.5,312,1120,1960,1000,Justice Bomber,,0 | 1000 | 2334,2334.0,467,467,1,2,0.24,,Justice Rush,,0 | 1000 | 6700,,,,,,,,Justice Judgment,,0 | 1000 | 12000,,,,,,,,1,20000,50000,20000,30000,10000,0,4,1,1,1,1
0032_20,Ultimate Gohan,Almighty,7,1.15,40000,5,0.10000000149,0.10000000149,0.10000000149,200,200,40,40,0,2000,700,700,140,140,0,3000,1.5,0,2,0,9,4,2,9,1,5,0.10000000149,0.10000000149,0.10000000149,0.10000000149,0.10000000149,0.10000000149,0.10000000149,0.10000000149,0,0,0,0.15000000596,0,0,-0.10000000149,0.10000000149,0,0.10000000149,0,0,0,1750,1.3,7,10.5,2800,3,0,0,2,0,0,0,3,5.4,7.5,312,1120,1960,1000,Super Kamehameha,,0 | 1000 | 1140,4560.0,285,1140,1,4,0.083333,,Fierce Combination,,0 | 1000 | 6700,,,,,,,,Burst Rush,,0 | 1000 | 12000,,,,,,,,1,30000,50000,20000,30000,10000,0,6,1,1,1,1
0032_30,Gohan (Future),Normal,5,1.05,40000,4,0,0,0,200,200,40,40,0,2000,700,700,140,140,0,3000,1.5,0,2,0,6,3,2,6,1,5,0,0,0,0,0,0,0,0,0,0,0,0,0,0,0,0,0,0,0,0,0,1750,1.3,7,10.5,2800,2,0,0,2,0,0,0,3,5.4,7.5,312,1120,1960,1000,Masenko,,0 | 1000 | 1140,4560.0,285,1140,1,4,0.083333,5,Super Destructive Wave,,0 | 1000 | 1400 | 6700,1120.0,280,224,1.0,4,0.15,,Super Kamehameha,,0 | 1000 | 12000,0.0,480,384,1,4,0.1,,1,20000,50000,20000,30000,10000,0,4,1,1,1,1
0032_31,"Gohan (Future), Super Saiyan",Saiyan,6,1.1,40000,5,0.119999997318,0.10000000149,0.10000000149,200,200,40,40,0,2000,700,700,140,140,0,3000,1.5,0,2,0,7,7,1,7,1,6,0.119999997318,0.119999997318,0.10000000149,0.10000000149,0.10000000149,0.119999997318,0.119999997318,0.10000000149,0,0,0,0.10000000149,0.10000000149,-0.10000000149,0.10000000149,0,-0.10000000149,0,-0.10000000149,0,0,1500,1.3,8,12,2800,2,0,0,3,0,0,0,3,5.4,7.5,312,1120,1960,1000,Hyper Masenko,,0 | 1000 | 1140,4560.0,285,1140,1,4,0.083333,5,Special Beam Cannon,,0 | 1000 | 1340 | 6700,5360.0,536,1340,1.0,4,0.12,,Fierce Combination,,0 | 1000 | 12000,,,,,,,,1,20000,50000,20000,30000,10000,0,4,1,1,1,1
0040_00,Piccolo,Normal,4,1,40000,8,0,0,0,200,200,40,40,0,2000,800,800,160,160,0,3000,1.5,0,2,0,6,3,2,6,1,5,0,0,0,0,0,0,0,0,0,0,0,0,0,0,0,0,0,0,0,0,0,1750,1.3,7,10.5,2800,2,0,0,2,0,0,0,3,5.4,7.5,312,1120,1960,1000,Explosive Demon Wave,,0 | 1000 | 1500,1200.0,300,240,,3,0.15,,Explosive Breath Cannon,,0 | 1000 | 6700,,,,,,,,Special Beam Cannon,,0 | 1000 | 2000 | 12000,9600.0,800,3840,1,5,0.2,,1,20000,50000,20000,30000,10000,0,4,1,1,1,1
0040_10,Piccolo (Fused with Kami),Normal,5,1.05,40000,4,0,0,0,200,200,40,40,0,2000,400,400,80,80,0,6000,1.5,0,2,0,7,7,1,7,1,6,0,0,0,0,0,0,0,0,0,0,0,0,0,0,0,0,0,0,0,0,0,1750,1.3,7,10.5,2800,2,0,0,2,0,0,0,3,5.4,7.5,312,1120,1960,1000,Special Beam Cannon,,0 | 815 | 1000,4560.0,326,1824,1,6,0.12,,Light Grenade,,0 | 1000 | 5700 | 6700,5700.0,1140,1140,1.0,11,0.1,,Hellzone Grenade,,0 | 500 | 1000 | 11500,400.0,125,100,1,,,,1,30000,50000,20000,30000,10000,0,4,1,1,1,3
0040_20,Nail,Normal,4,1,40000,2,0,0,0,200,200,40,40,0,2000,400,400,80,80,0,6000,1.5,0,2,0,5,5,1,5,1,5,0,0,0,0,0,0,0,0,0,0,0,0,0,0,0,0,0,0,0,0,0,1750,1.3,7,10.5,2800,2,0,0,2,0,0,0,3,5.4,7.5,312,1120,1960,1000,Full-Power Energy Wave,,0 | 1000 | 1140,4560.0,285,1140,1,4,0.083333,5,Super Destructive Wave,,0 | 1000 | 1400 | 6700,1120.0,280,224,1.0,4,0.15,,Mystic Flasher,,0 | 1000 | 12000,,,,,,,,1,20000,50000,20000,30000,10000,0,4,1,1,1,3
0050_00,Krillin,Normal,3,0.949999988079,35000,4,0,0,0,200,200,40,40,0,2000,800,800,160,160,0,3000,1.5,0,2,0,5,5,1,5,1,4,0,0,0,0,0,0,0,0,0,0,0,0,0,0,0,0,0,0,0,0,0,1750,1.3,7,10.5,2800,2,0,0,1,0,0,0,3,5.4,7.5,312,1120,1960,1000,Kamehameha,,0 | 1000 | 1140,4560.0,285,1140,1,4,0.083333,,Spread Energy Wave,,0 | 1000 | 1900 | 5700 | 6700,1520 | 4560,475 | 1425,380 | 1140,,,,,Chain Destructo Disc,,0 | 1000 | 8000,1000.0,1500,1500,,,,,1.1,10000,50000,20000,30000,10000,0,4,1,1,1,1
0060_00,Yamcha,Normal,3,0.95,35000,5,0,0,0,200,200,40,40,0,2000,800,800,160,160,0,3000,1.5,0,2,0,5,5,1,5,1,4,0,0,0,0,0,0,0,0,0,0,0,0,0,0,0,0,0,0,0,0,0,1500,1.3,8,12,2800,2,0,0,1,0,0,0,3,5.4,7.5,312,1120,1960,1000,Kamehameha,,0 | 1000 | 1140,4560.0,285,1140,1,4,0.083333,,Wolf Fang Fist,,0 | 1000 | 6700,,,,,,,,Spirit Ball,,0 | 1000 | 12000,0.0,2400,2400,1,,,,1,10000,50000,20000,30000,10000,0,4,1,1,1,1
0070_00,Tien,rival,4,1,40000,4,0.10000000149,0.10000000149,0,200,200,40,40,0,2000,700,700,140,140,0,3000,1.5,0,2,0,5,5,1,5,1,4,0,0.10000000149,-0.0500000007451,0.10000000149,-0.0500000007451,0.10000000149,0,0.10000000149,0,0,0,-0.0500000007451,-0.0500000007451,0,0.10000000149,0,0,0,0,0,0,1750,1.3,7,10.5,2800,2,0,0,2,0,0,0,3,5.4,7.5,312,1120,1960,1000,Dodon Ray,,0 | 1000 | 5200,4360.0,1040,1040,1,4,0.12,,Tri-Beam,,0 | 1000 | 5700 | 6700,4560.0,1425,1140,1.0,2,0.1,,Neo Tri-Beam,,0 | 1000 | 3000 | 12000,0.0,800,0,1,,,,1,20000,50000,20000,30000,10000,0,4,1,1,1,1
0080_00,Trunks (Sword),Normal,4,1,40000,3,0,0,0,200,200,40,40,0,2000,700,700,140,140,0,3000,1.5,0,2,0,7,7,1,7,1,4,0,0,0,0,0,0,0,0,0,0,0,0,0,0,0,0,0,0,0,0,0,1750,1.3,7,10.5,2800,2,0,0,2,0,0,0,3,5.4,7.5,312,1120,1960,1000,Finish Buster,,0 | 1000 | 5700,5700.0,1140,1140,1,11,0.1,,Burning Storm,,0 | 1000 | 6700,1000.0,200,200,10.0,,0.1,,Lightning Sword Slash,,0 | 1000 | 12000,0.0,0,0,1,,,,1,20000,50000,20000,30000,10000,0,4,1,1,1,1
0080_01,"Trunks (Sword), Super Saiyan",Saiyan,6,1.1,40000,4,0.119999997318,0.10000000149,0.10000000149,200,200,40,40,0,2000,700,700,140,140,0,3000,1.5,0,2,0,8,4,2,8,1,4,0.119999997318,0.119999997318,0.10000000149,0.10000000149,0.10000000149,0.119999997318,0.119999997318,0.10000000149,0,0,0,0.10000000149,0.10000000149,-0.10000000149,0.10000000149,0,-0.10000000149,0,-0.10000000149,0,0,1500,1.3,8,12,2800,2,0,0,2,0,0,0,3,5.4,7.5,312,1120,1960,1000,Burning Attack,,0 | 1000 | 5700,5700.0,1140,1140,1,11,0.1,,Burning Storm,,0 | 1000 | 6700,1000.0,200,200,10.0,,0.1,,Shining Sword Attack,,0 | 1000 | 12000,,,,,,,,1,20000,50000,20000,30000,10000,0,6,1,1,1,1
0080_10,Trunks (Melee),Normal,5,1.05,40000,3,0,0,0,200,200,40,40,0,2000,270,500,54,100,0,3000,1.2,0,1.8,0,4,4,1,4,1,5,0,0,0,0,0,0,0,0,0,0,0,0,0,0,0,0,0,0,0,0,0,1750,1.3,7,10.5,2800,2,0,0,2,0,0,0,3,5.4,7.5,312,1120,1960,1000,Burning Attack,,0 | 1000 | 5700,5700.0,1140,1140,1,11,0.1,,High Speed Rush,,0 | 1000 | 6700,,,,,,,,Finish Buster,,0 | 1000 | 4000 | 12000,3200.0,800,640,1,2,0.1,,1,20000,50000,20000,30000,10000,0,3,1,1,1,3
0080_11,"Trunks (Melee), Super Saiyan",Saiyan,6,1.1,40000,4,0.119999997318,0.10000000149,0.10000000149,200,200,40,40,0,2000,270,500,54,100,0,3000,1.2,0,1.8,0,4,4,1,4,1,5,0.119999997318,0.119999997318,0.10000000149,0.10000000149,0.10000000149,0.119999997318,0.119999997318,0.10000000149,0,0,0,0.10000000149,0.10000000149,-0.10000000149,0.10000000149,0,-0.10000000149,0,-0.10000000149,0,0,1500,1.3,8,12,2800,2,0,0,2,0,0,0,3,5.4,7.5,312,1120,1960,1000,Burning Attack,,0 | 1000 | 5700,5700.0,1140,1140,1,11,0.1,,Burning Breaker,,0 | 1000 | 6700,,,,,,,,Heat Dome Attack,,0 | 1000 | 12000,,,,,,,,0.94,20000,50000,20000,30000,10000,0,3,1,1,1,3
0080_30,Future Trunks,Normal,5,1.05,40000,4,0,0,0,200,200,40,40,0,2000,700,700,140,140,0,3000,1.5,0,2,0,7,7,1,7,1,4,0,0,0,0,0,0,0,0,0,0,0,0,0,0,0,0,0,0,0,0,0,1750,1.3,7,10.5,2800,2,0,0,2,0,0,0,3,5.4,7.5,312,1120,1960,1000,Masenko,,0 | 1000 | 1140,4560.0,285,1140,1,4,0.083333,,Lightning Sword Slash,,0 | 1000 | 6700,0.0,0,0,1.0,,,,Shining Slash,,0 | 1000 | 12000,,,,,,,,1,20000,50000,20000,30000,10000,0,4,1,1,1,1
0080_31,"Future Trunks, Super Saiyan",Saiyan,6,1.1,40000,5,0.119999997318,0.10000000149,0.10000000149,200,200,40,40,0,2000,700,700,140,140,0,3000,1.5,0,2,0,8,4,2,8,1,4,0.119999997318,0.119999997318,0.10000000149,0.10000000149,0.10000000149,0.119999997318,0.119999997318,0.10000000149,0,0,0,0.10000000149,0.10000000149,-0.10000000149,0.10000000149,0,-0.10000000149,0,-0.10000000149,0,0,1500,1.3,8,12,2800,2,0,0,2,0,0,0,3,5.4,7.5,312,1120,1960,1000,Galick Gun,,0 | 1000 | 1140,4560.0,285,1140,1,4,0.083333,,Final Flash,,0 | 1000 | 1710 | 6700,4560.0,285,1140,1.0,4,0.083333,,Final Hope Slash,,0 | 1000 | 12000,,,,,,,,1,20000,50000,20000,30000,10000,0,6,1,1,1,1
0081_20,Super Trunks,Power,6,1.1,40000,4,0.15000000596,-0.0500000007451,-0.0500000007451,200,200,40,40,0,2000,270,500,54,100,0,3000,1.2,0,1.8,0,4,4,1,4,1,5,0.15000000596,0.15000000596,0.15000000596,0.15000000596,0.15000000596,-0.15000000596,-0.15000000596,-0.0500000007451,0.0500000007451,0.0500000007451,0,0.300000011921,-0.15000000596,-0.10000000149,-0.10000000149,0.20000000298,0,0,0,0,0.10000000149,1500,1.3,8,12,2800,1,0,0,2,0,0,0,3,5.4,7.5,312,1120,1960,1000,Finish Buster,,0 | 1000 | 7125,5700.0,1140,1140,1,11,0.1,,Burning Attack,,0 | 1000 | 5700 | 6700,5700.0,1140,1140,1.0,11,0.1,,Super Explosive Wave,,0 | 1000 | 12500,0.0,375,300,1,9,0.2,,1,30000,50000,20000,30000,10000,0,3,1,1,1,3
0082_00,Trunks (Kid),Normal,4,1,35000,2,0,0,0,200,200,40,40,0,2000,700,700,140,140,0,3000,1.5,0,2,0,4,4,1,4,1,6,0,0,0,0,0,0,0,0,0,0,0,0,0,0,0,0,0,0,0,0,0,1750,1.3,7,10.5,2800,2,0,0,1,0,0,0,3,5.4,7.5,312,1120,1960,1000,Full-Power Energy Wave,,0 | 1000 | 1140,4560.0,285,1140,1,4,0.083333,5,High Speed Rush,,0 | 1000 | 6700,,,,,,,,Finish Buster,,0 | 1000 | 4000 | 12000,3200.0,800,640,1,2,0.1,,1,10000,50000,20000,30000,10000,0,3,1,1,1,1
0082_01,"Trunks (Kid), Super Saiyan",Saiyan,5,1.05,35000,3,0.119999997318,0.10000000149,0.10000000149,200,200,40,40,0,2000,700,700,140,140,0,3000,1.5,0,2,0,6,3,2,6,1,6,0.119999997318,0.119999997318,0.10000000149,0.10000000149,0.10000000149,0.119999997318,0.119999997318,0.10000000149,0,0,0,0.10000000149,0.10000000149,-0.10000000149,0.10000000149,0,-0.10000000149,0,-0.10000000149,0,0,1500,1.3,8,12,2800,2,0,0,2,0,0,0,3,5.4,7.5,312,1120,1960,1000,Full-Power Energy Wave,,0 | 1000 | 1140,4560.0,285,1140,1,4,0.083333,5,High Speed Rush,,0 | 1000 | 6700,,,,,,,,Victory Cannon,,0 | 1000 | 12000,0.0,480,384,1,4,0.1,,1,20000,50000,20000,30000,10000,0,4,1,1,1,1
0090_00,Goten,Normal,4,1,35000,0,0,0,0,200,200,40,40,0,2000,700,700,140,140,0,3000,1.5,0,2,0,3,3,1,3,1,6,0,0,0,0,0,0,0,0,0,0,0,0,0,0,0,0,0,0,0,0,0,1750,1.3,7,10.5,2800,2,0,0,1,0,0,0,3,5.4,7.5,312,1120,1960,1000,Boulder Toss Barrage,,0 | 500 | 1000,500.0,100,100,10,,0.1,,Charge!,,0 | 1000 | 5700,,,,,,,,Super Kamekameha,,0 | 1000 | 12000,0.0,480,384,1,4,0.1,,1.1,10000,50000,20000,30000,10000,0,3,1,1,1,1
0090_01,"Goten, Super Saiyan",Saiyan,5,1.05,35000,1,0.119999997318,0.10000000149,0.10000000149,200,200,40,40,0,2000,700,700,140,140,0,3000,1.5,0,2,0,5,5,1,5,1,6,0.119999997318,0.119999997318,0.10000000149,0.10000000149,0.10000000149,0.119999997318,0.119999997318,0.10000000149,0,0,0,0.10000000149,0.10000000149,-0.10000000149,0.10000000149,0,-0.10000000149,0,-0.10000000149,0,0,1500,1.3,8,12,2800,2,0,0,2,0,0,0,3,5.4,7.5,312,1120,1960,1000,Kamekameha,,0 | 1000 | 1140,4560.0,285,1140,1,4,0.083333,,Charge!,,0 | 1000 | 6700,,,,,,,,Double Kamehameha,,0 | 1000 | 12000,0.0,480,384,1,4,0.1,,1.1,20000,50000,20000,30000,10000,0,4,1,1,1,1
0100_00,Vegito,union,7,1.15,50000,4,0.129999995232,0.10000000149,0.10000000149,200,200,40,40,0,2000,220,350,44,70,0,3000,1.15,0,1.75,0,10,4,2,10,1,5,0.129999995232,0.129999995232,0.10000000149,0.10000000149,0.10000000149,0.129999995232,0.129999995232,0.10000000149,0.0500000007451,0.0500000007451,0,0.15000000596,0.15000000596,-0.15000000596,0.10000000149,0.10000000149,-0.15000000596,0.10000000149,-0.15000000596,0,0.10000000149,1750,1.3,7,10.5,2800,2,0,0,3,0,0,0,3,5.4,7.5,312,1120,1960,1000,Big Bang Cannon,,0 | 1000 | 5700,5700.0,1140,1140,1,11,0.1,,Rampaging Rush,,0 | 1000 | 6700,,,,,,,,Super Kamehameha,,0 | 1000 | 12000,0.0,480,384,1,4,0.1,,1,20000,50000,20000,30000,10000,0,6,1,1,1,5
0100_01,Super Vegito,union,8,1.2,50000,6,0.129999995232,0.10000000149,0.10000000149,200,200,40,40,0,2000,220,350,44,70,0,3000,1.15,0,1.75,0,15,3,3,15,1,6,0.129999995232,0.129999995232,0.10000000149,0.10000000149,0.10000000149,0.129999995232,0.129999995232,0.10000000149,0.0500000007451,0.0500000007451,0,0.15000000596,0.15000000596,-0.15000000596,0.10000000149,0.10000000149,-0.15000000596,0.10000000149,-0.15000000596,0,0.10000000149,1500,1.3,8,12,2800,2,0,0,3,0,0,0,3,5.4,7.5,312,1120,1960,1000,Big Bang Attack,,0 | 1000 | 1140,4560.0,285,1140,1,4,0.083333,5,Final Kamehameha,,0 | 1000 | 1640 | 6700,5360.0,335,1340,1.0,4,0.083333,,Beam Sword Slash,,0 | 1000 | 12000,,,,,,,,1,20000,50000,20000,30000,10000,0,7,1,1,1,5
0100_02,"Vegito, Super Saiyan God Super Saiyan",union,10,1.3,50000,2,0.129999995232,0.10000000149,0.10000000149,200,200,40,40,0,2000,220,350,44,70,0,3000,1.15,0,1.75,0,18,5,2,18,1,6,0.129999995232,0.129999995232,0.10000000149,0.10000000149,0.10000000149,0.129999995232,0.129999995232,0.10000000149,0.0500000007451,0.0500000007451,0,0.15000000596,0.15000000596,-0.15000000596,0.10000000149,0.10000000149,-0.15000000596,0.10000000149,-0.15000000596,0,0.10000000149,1500,1.3,8,12,2800,4,0,0,2,0,0,0,3,5.4,7.5,312,1120,1960,1000,God Kamehameha,,0 | 1000 | 1140,4560.0,285,1140,1,4,0.083333,,Omega Finishing Blow,,0 | 1000 | 6700,,,,,,,,God Final Kamehameha,,0 | 1000 | 12000,0.0,480,384,1,4,0.1,,0.98,20000,50000,20000,30000,10000,0,8,1,1,1,5
0110_00,Gogeta (Super),union,7,1.15,50000,4,0.129999995232,0.10000000149,0.10000000149,200,200,40,40,0,2000,170,350,34,70,0,3000,1.15,0,1.75,0,10,4,2,10,1,5,0.129999995232,0.129999995232,0.10000000149,0.10000000149,0.10000000149,0.129999995232,0.129999995232,0.10000000149,0.0500000007451,0.0500000007451,0,0.15000000596,0.15000000596,-0.15000000596,0.10000000149,0.10000000149,-0.15000000596,0.10000000149,-0.15000000596,0,0.10000000149,1750,1.3,7,10.5,2800,2,0,0,2,0,0,0,3,5.4,7.5,312,1120,1960,1000,Super Kamehameha,,0 | 1000 | 1140,4560.0,285,1140,1,4,0.083333,,Super Explosive Wave,,0 | 1000 | 1400 | 6700,1120.0,280,224,1.0,4,0.15,,Big Bang Kamehameha,,0 | 1000 | 12000,0.0,480,384,1,4,0.1,,1,20000,50000,20000,30000,10000,0,6,1,1,1,6
0110_01,"Gogeta (Super), Super Saiyan",union,8,1.2,50000,5,0.129999995232,0.10000000149,0.10000000149,200,200,40,40,0,2000,100,300,20,60,0,3000,1.15,0,1.75,0,15,3,3,15,1,5,0.129999995232,0.129999995232,0.10000000149,0.10000000149,0.10000000149,0.129999995232,0.129999995232,0.10000000149,0.0500000007451,0.0500000007451,0,0.15000000596,0.15000000596,-0.15000000596,0.10000000149,0.10000000149,-0.15000000596,0.10000000149,-0.15000000596,0,0.10000000149,1500,1.3,8,12,2800,3,0,0,2,0,0,0,3,5.4,7.5,312,1120,1960,1000,Super Kamehameha,,0 | 1000 | 1140,4560.0,285,1140,1,4,0.083333,,Rising Vortex,,0 | 1000 | 6700,,,,,,,,Stardust Fall,,0 | 1000 | 12000,,,,,,,,1,20000,50000,20000,30000,10000,0,7,1,1,1,8
0110_02,"Gogeta (GT), Super Saiyan 4",union,10,1.3,50000,6,0.129999995232,0.10000000149,0.10000000149,200,200,40,40,0,2000,100,300,20,60,0,3000,1.15,0,1.75,0,15,5,2,15,1,6,0.129999995232,0.129999995232,0.10000000149,0.10000000149,0.10000000149,0.129999995232,0.129999995232,0.10000000149,0.0500000007451,0.0500000007451,0,0.15000000596,0.15000000596,-0.15000000596,0.10000000149,0.10000000149,-0.15000000596,0.10000000149,-0.15000000596,0,0.10000000149,1500,1.3,8,12,2800,3,0,0,2,0,0,0,3,5.4,7.5,180,1120,1960,1000,Big Bang Kamehameha,,0 | 1000 | 1140,4560.0,285,1140,1,4,0.083333,,Ultimate Impact,,0 | 1000 | 6700,,,,,,,,Ultra Big Bang Kamehameha,,0 | 1000 | 12000,0.0,480,384,1,4,0.1,,1,20000,50000,20000,30000,10000,0,8,1,1,1,8
0110_03,"Gogeta (Super), Super Saiyan God Super Saiyan",union,10,1.3,50000,2,0.129999995232,0.10000000149,0.10000000149,200,200,40,40,0,2000,700,700,140,140,0,3000,1.5,0,2,0,19,5,2,19,1,6,0.129999995232,0.129999995232,0.10000000149,0.10000000149,0.10000000149,0.129999995232,0.129999995232,0.10000000149,0.0500000007451,0.0500000007451,0,0.15000000596,0.15000000596,-0.15000000596,0.10000000149,0.10000000149,-0.15000000596,0.10000000149,-0.15000000596,0,0.10000000149,1500,1.3,8,12,2800,4,0,0,2,0,0,0,3,5.4,7.5,312,1120,1960,1000,Stardust Blaster,,0 | 1000 | 5700,4560.0,1425,1140,1,2,0.1,,Meteor Explosion,,0 | 1000 | 6700,,,,,,,,Ultimate Kamehameha,,0 | 1000 | 12000,0.0,480,384,1,4,0.1,,0.98,20000,50000,20000,30000,10000,0,8,1,1,1,1
0110_04,Super Gogeta (Z),union,8,1.2,50000,5,0.129999995232,0.10000000149,0.10000000149,200,200,40,40,0,2000,100,300,20,60,0,3000,1.15,0,1.75,0,20,3,3,20,1,6,0.129999995232,0.129999995232,0.10000000149,0.10000000149,0.10000000149,0.129999995232,0.129999995232,0.10000000149,0.0500000007451,0.0500000007451,0,0.15000000596,0.15000000596,-0.15000000596,0.10000000149,0.10000000149,-0.15000000596,0.10000000149,-0.15000000596,0,0.10000000149,1500,1.3,8,12,2800,4,0,0,2,0,0,0,3,5.4,7.5,312,1120,1960,1000,Big Bang Kamehameha,,0 | 1000 | 1140,4560.0,285,1140,1,4,0.083333,,Punisher Drive,,0 | 1000 | 6700,,,,,,,,Stardust Breaker,,0 | 1000 | 12000,,,,,,,,1,20000,50000,20000,30000,10000,0,7,1,1,1,8
0120_00,Gotenks,union,6,1.1,45000,4,0.129999995232,0.10000000149,0.10000000149,200,200,40,40,0,2000,700,700,140,140,0,3000,1.5,0,2,0,7,7,1,7,1,5,0.129999995232,0.129999995232,0.10000000149,0.10000000149,0.10000000149,0.129999995232,0.129999995232,0.10000000149,0.0500000007451,0.0500000007451,0,0.15000000596,0.15000000596,-0.15000000596,0.10000000149,0.10000000149,-0.15000000596,0.10000000149,-0.15000000596,0,0.10000000149,1750,1.3,7,10.5,2800,2,0,0,2,0,0,0,3,5.4,7.5,312,1120,1960,1000,Full-Power Energy Wave,,0 | 1000 | 1140,4560.0,285,1140,1,4,0.083333,5,High Speed Rush,,0 | 1000 | 6700,,,,,,,,Victory Cannon,,0 | 1000 | 12000,0.0,480,384,1,4,0.1,,1,20000,50000,20000,30000,10000,0,5,1,1,1,1
0120_01,"Gotenks, Super Saiyan",union,7,1.15,45000,6,0.129999995232,0.10000000149,0.10000000149,200,200,40,40,0,2000,700,700,140,140,0,3000,1.5,0,2,0,10,4,2,10,1,4,0.129999995232,0.129999995232,0.10000000149,0.10000000149,0.10000000149,0.129999995232,0.129999995232,0.10000000149,0.0500000007451,0.0500000007451,0,0.15000000596,0.15000000596,-0.15000000596,0.10000000149,0.10000000149,-0.15000000596,0.10000000149,-0.15000000596,0,0.10000000149,1500,1.3,8,12,2800,2,0,0,3,0,0,0,3,5.4,7.5,312,1120,1960,1000,Victory Cannon,,0 | 1000 | 1140,4560.0,285,1140,1,4,0.083333,5,Galactic Donuts,,0 | 1000 | 6700,0.0,0,0,,,,,Super Ghost Kamikaze Attack,,0 | 1000 | 2000 | 12000,1600.0,212,,1,,,,1,20000,50000,20000,30000,10000,0,6,1,1,1,1
0120_02,"Gotenks, Super Saiyan 3",union,8,1.2,45000,6,0.129999995232,0.10000000149,0.10000000149,200,200,40,40,0,2000,700,700,140,140,0,3000,1.5,0,2,0,15,3,3,15,1,4,0.129999995232,0.129999995232,0.10000000149,0.10000000149,0.10000000149,0.129999995232,0.129999995232,0.10000000149,0.0500000007451,0.0500000007451,0,0.15000000596,0.15000000596,-0.15000000596,0.10000000149,0.10000000149,-0.15000000596,0.10000000149,-0.15000000596,0,0.10000000149,1500,1.3,8,12,2800,3,0,0,2,0,0,0,3,5.4,7.5,312,1120,1960,1000,Victory Bazooka,,0 | 1000 | 1140,4560.0,285,1140,1,4,0.083333,5,DIE DIE Missile Barrage,,0 | 600 | 1000 | 6700,500.0,100,100,10.0,,0.1,,Charging Ultra Buu Buu Volleyball,,0 | 1000 | 12000,,,,,,,,1,10000,50000,20000,30000,10000,0,7,1,1,1,1
0121_00,Mighty Mask,Normal,3,0.95,40000,2,0,0,0,200,200,40,40,0,2000,700,700,140,140,0,3000,1.5,0,2,0,4,4,1,4,1,6,0,0,0,0,0,0,0,0,0,0,0,0,0,0,0,0,0,0,0,0,0,1750,1.3,7,10.5,2800,2,0,0,2,0,0,0,3,5.4,7.5,312,1120,1960,1000,Victory Cannon,,0 | 1000 | 1140,4560.0,285,1140,1,4,0.083333,5,Mighty Rush,,0 | 1000 | 6700,,,,,,,,Final Cannon,,0 | 800 | 1000 | 12000,9600.0,160,1920,1,14,0.05,,1,10000,50000,20000,30000,10000,2,3,1,1,1,1
0130_00,Videl,Normal,2,0.9,30000,3,0,0,0,200,200,40,40,0,2000,700,700,140,140,0,3000,1.5,0,2,0,3,2,1,3,1,4,0,0,0,0,0,0,0,0,0,0,0,0,0,0,0,0,0,0,0,0,0,2000,1.3,6,9,2800,0,2,0,0,1,0,0,3,5.4,7.5,312,1120,1960,1000,Videl Kick,,0 | 1000 | 5700,,,,,,,,Desperado Rush,,0 | 1000 | 6700,,,,,,,,Videl Rush,,0 | 1000 | 12000,,,,,,,,1.1,40000,50000,20000,30000,10000,1,2,0,1,1,1
0140_00,Master Roshi,Skill,2,0.899999976158,30000,5,-0.119999997318,-0.119999997318,-0.10000000149,200,200,40,40,0,2000,800,800,160,160,0,3000,1.5,0,2,0,3,3,1,3,1,4,-0.119999997318,-0.119999997318,-0.119999997318,-0.119999997318,-0.119999997318,-0.119999997318,-0.119999997318,0,0,0,0,-0.15000000596,0,0.34999999404,0.0500000007451,0.0500000007451,0,0,0,0.300000011921,0,1750,1.3,7,10.5,2800,2,0,0,1,0,0,0,3,5.4,7.5,312,1120,1960,1000,Original Kamehameha,,0 | 1000 | 1140,4560.0,285,1140,1,4,0.083333,,Thunder Shock Surprise,,0 | 1000 | 6700,0.0,0,,,4,0.083333,,Evil Containment Wave,,0 | 1000 | 12500,0.0,0,0,1,,,,1,20000,50000,20000,30000,10000,2,2,1,1,1,1
0141_00,"Master Roshi, Max Power",Power,2,0.9,40000,5,0.15000000596,-0.0500000007451,-0.0500000007451,200,200,40,40,0,2000,700,700,140,140,0,3000,1.5,0,2,0,3,2,1,3,1,4,0.15000000596,0.15000000596,0.15000000596,0.15000000596,0.15000000596,-0.15000000596,-0.15000000596,-0.0500000007451,0.0500000007451,0.0500000007451,0,0.300000011921,-0.15000000596,-0.10000000149,-0.10000000149,0.20000000298,0,0,0,0,0.10000000149,1500,1.3,8,12,2800,1,0,0,3,0,0,0,3,5.4,7.5,312,1120,1960,1000,Original Kamehameha,,0 | 1000 | 1140,4560.0,285,1140,1,4,0.083333,,Turtle School Ultimate Fist,,0 | 1000 | 6700,,,,,,,,Max Power Kamehameha,,0 | 1000 | 14000,0.0,480,384,1,4,0.1,,0.98,30000,50000,20000,30000,10000,2,2,1,1,1,1
0150_00,"Frieza (Z), 1st Form",Shoot,5,1.05,40000,16,-0.10000000149,0,0,200,200,40,40,0,2000,700,700,140,140,0,3000,1.5,0,2,0,4,4,1,4,1,6,-0.10000000149,-0.10000000149,-0.10000000149,-0.10000000149,-0.10000000149,0.15000000596,0.15000000596,0,-0.0500000007451,-0.0500000007451,0,-0.25,0.10000000149,0.10000000149,0.10000000149,-0.10000000149,0,0.0500000007451,0,0,-0.20000000298,1750,1.3,7,10.5,2800,2,0,0,2,0,0,0,3,5.4,7.5,312,1120,1960,1000,Death Beam,,0 | 1000 | 5200,4360.0,1040,1040,1,4,0.12,,Punishing Rush,,0 | 1000 | 6700,,,,,,,,Death Ball,,0 | 1000 | 4000 | 12000,3200.0,800,640,1,2,0.1,,1,10000,50000,20000,30000,10000,0,4,1,1,1,1
0151_00,"Frieza (Z), 2nd Form",Power,5,1.05,40000,16,0.15000000596,-0.0500000007451,-0.0500000007451,200,200,40,40,0,2000,700,700,140,140,0,3000,1.5,0,2,0,5,5,1,5,1,6,0.15000000596,0.15000000596,0.15000000596,0.15000000596,0.15000000596,-0.15000000596,-0.15000000596,-0.0500000007451,0.0500000007451,0.0500000007451,0,0.300000011921,-0.15000000596,-0.10000000149,-0.10000000149,0.20000000298,0,0,0,0,0.10000000149,1500,1.3,8,12,2800,2,0,0,2,0,0,0,3,5.4,7.5,312,1120,1960,1000,Punishing Blaster,,0 | 1000 | 1140,4560.0,285,1140,1,4,0.083333,5,Death Storm,,0 | 1000 | 1750 | 6700,1400.0,350,280,,3,0.15,,HAIL Frieza,,0 | 1000 | 13000,,,,,,,,1,20000,50000,20000,30000,10000,0,4,1,1,1,1
0152_00,"Frieza (Z), 3rd Form",villain,5,1.05,40000,16,0,0.17499999702,0.17499999702,200,200,40,40,0,2000,220,350,44,70,0,3000,1.15,0,1.75,0,8,3,3,8,1,6,0,0,0.15000000596,0,0.15000000596,0,0,0.10000000149,0,0,0,0,0,-0.10000000149,0.10000000149,0,-0.10000000149,0,-0.10000000149,0,0,1500,1.3,8,12,2800,3,0,0,3,0,0,0,3,5.4,7.5,312,1120,1960,1000,Barrage Death Beam,,0 | 500 | 1000,500.0,100,100,10,,,,High Speed Rush,,0 | 1000 | 6700,,,,,,,,Crazy Finger Beam,,0 | 1000 | 12500,,,,,,,,0.98,20000,50000,20000,30000,10000,0,7,1,1,1,5
0153_00,"Frieza (Z), 4th Form",villain,6,1.1,40000,16,0,0.17499999702,0.17499999702,200,200,40,40,0,2000,700,700,140,140,0,3000,1.5,0,2,0,9,7,1,9,1,6,0,0,0.15000000596,0,0.15000000596,0,0,0.10000000149,0,0,0,0,0,-0.10000000149,0.10000000149,0,-0.10000000149,0,-0.10000000149,0,0,1750,1.3,7,10.5,2800,2,0,0,2,0,0,0,3,5.4,7.5,312,1120,1960,1000,Barrage Death Beam,,0 | 500 | 1000,500.0,100,100,10,,,,You Might Die This Time,,0 | 1000 | 6700,,,,,,,,I'll Destroy This Planet!,,0 | 1000 | 2875 | 11500,2300.0,575,460,1,3,0.1,,1,20000,50000,20000,30000,10000,0,5,1,1,1,1
0153_10,Mecha Frieza,Shoot,6,1.1,40000,17,-0.10000000149,0,0,200,200,40,40,0,2000,400,400,80,80,0,6000,1.5,0,2,0,10,3,2,10,1,4,-0.10000000149,-0.10000000149,-0.10000000149,-0.10000000149,-0.10000000149,0.15000000596,0.15000000596,0,-0.0500000007451,-0.0500000007451,0,-0.25,0.10000000149,0.10000000149,0.10000000149,-0.10000000149,0,0.0500000007451,0,0,-0.20000000298,1750,1.3,7,10.5,2800,2,0,0,2,0,0,0,3,5.4,7.5,312,1120,1960,1000,Death Beam,,0 | 1000 | 5200,4360.0,1040,1040,1,4,0.12,,Fissure Slash,,0 | 1000 | 6700,1000.0,1200,1200,,2,0.2,,Supernova,,0 | 1000 | 12000,0.0,2400,1920,1,,,,1,20000,50000,20000,30000,10000,0,5,1,1,1,3
0153_20,Frieza (Super),Normal,6,1.1,40000,16,0,0,0,200,200,40,40,0,2000,700,700,140,140,0,3000,1.5,0,2,0,10,7,1,10,1,6,0,0,0,0,0,0,0,0,0,0,0,0,0,0,0,0,0,0,0,0,0,1750,1.3,7,10.5,2800,2,0,0,2,0,0,0,3,5.4,7.5,312,1120,1960,1000,Death Beam,,0 | 1000 | 5200,4360.0,1040,1040,1,4,0.12,,Super Nova Strike,,0 | 1000 | 6700,,,,,,,,Super Death Ball,,0 | 1000 | 12500,0.0,2400,1920,1,,,,1,20000,50000,20000,30000,10000,0,4,1,1,1,1
0154_00,"Frieza (Z), Full Power",villain,7,1.15,40000,16,0,0.17499999702,0.17499999702,200,200,40,40,0,2000,400,400,80,80,0,6000,1.5,0,2,0,10,3,2,10,1,6,0,0,0.15000000596,0,0.15000000596,0,0,0.10000000149,0,0,0,0,0,-0.10000000149,0.10000000149,0,-0.10000000149,0,-0.10000000149,0,0,1500,1.3,8,12,2800,2,0,0,2,0,0,0,3,5.4,7.5,312,1120,1960,1000,Death Saucer,,0 | 1000,1000.0,1200,1200,,2,0.2,,Nova Strike,,0 | 1000 | 6000 | 6700,,1200,,,,,,I'm the One Who'll Kill You!,,0 | 1000 | 12000,0.0,480,384,1,4,0.1,,0.95,30000,50000,20000,30000,10000,0,4,1,1,1,3
0155_00,Golden Frieza,Almighty,8,1.2,40000,17,0.10000000149,0.10000000149,0.10000000149,200,200,40,40,0,2000,700,700,140,140,0,3000,1.5,0,2,0,16,4,2,16,1,6,0.10000000149,0.10000000149,0.10000000149,0.10000000149,0.10000000149,0.10000000149,0.10000000149,0.10000000149,0,0,0,0.15000000596,0,0,-0.10000000149,0.10000000149,0,0.10000000149,0,0,0,1500,1.3,8,12,2800,3,0,0,2,0,0,0,3,5.4,7.5,312,1120,1960,1000,Great Death Beam,,0 | 570 | 1000,456.0,143,114,10,,10,,"""No Hard Feelings"" Hit",,0 | 1000 | 6700,,,,,,,,Earth Breaker,,0 | 1000 | 12000,,,,,,,,0.98,30000,50000,20000,30000,10000,0,6,1,1,1,1
0160_00,"Cell, 1st Form",Normal,5,1.05,40000,16,0,0,0,200,200,40,40,0,2000,700,700,140,140,0,3000,1.5,0,2,0,5,5,1,5,1,4,0,0,0,0,0,0,0,0,0,0,0,0,0,0,0,0,0,0,0,0,0,1500,1.3,8,12,2800,2,0,0,2,0,0,0,3,5.4,7.5,312,1120,1960,700 | 2000,Kamehameha,,0 | 1000 | 1140,4560.0,285,1140,1,4,0.083333,,Special Beam Cannon,,0 | 815 | 1000 | 6700,4560.0,326,1824,1.0,6,0.12,,Drain Life Cell,,0 | 1000 | 2730 | 9270,,,,,,,,1,10000,50000,20000,30000,10000,0,4,1,1,1,1
0161_00,"Cell, 2nd Form",Normal,5,1.05,40000,16,0,0,0,200,200,40,40,0,2000,700,700,140,140,0,3000,1.5,0,2,0,6,3,2,6,1,5,0,0,0,0,0,0,0,0,0,0,0,0,0,0,0,0,0,0,0,0,0,1750,1.3,7,10.5,2800,2,0,0,2,0,0,0,3,5.4,7.5,312,1120,1960,800 | 2000,Big Bang Crash,,0 | 1000 | 5700,5700.0,1140,1140,1,11,0.1,,Drain Life Cell,,0 | 1000 | 2730 | 3970 | 12000,,,,,,,,Unforgivable!,,0 | 1000 | 13000,0.0,13000,0,1,9,0.1,,0.97,20000,50000,20000,30000,10000,0,4,1,1,1,1
0162_00,"Cell, Perfect Form",villain,6,1.1,40000,16,0,0.17499999702,0.17499999702,200,200,40,40,0,2000,700,700,140,140,0,3000,1.5,0,2,0,8,7,1,8,1,5,0,0,0.15000000596,0,0.15000000596,0,0,0.10000000149,0,0,0,0,0,-0.10000000149,0.10000000149,0,-0.10000000149,0,-0.10000000149,0,0,2000,1.3,6,9,2800,2,0,0,2,0,0,0,3,5.4,7.5,312,1120,1960,1000,Super Kamehameha,,0 | 1000 | 1140,4560.0,285,1140,1,4,0.083333,,Barrage Death Beam,,0 | 500 | 1000 | 6700,500.0,100,100,10.0,,,,Perfect Barrier,,0 | 1000 | 1200 | 12000,960.0,240,192,1,9,0.15,,1,20000,50000,20000,30000,10000,0,4,1,1,1,1
0162_01,Perfect Cell,Almighty,7,1.15,40000,16,0.10000000149,0.10000000149,0.10000000149,200,200,40,40,0,2000,700,700,140,140,0,3000,1.5,0,2,0,10,4,2,10,1,6,0.10000000149,0.10000000149,0.10000000149,0.10000000149,0.10000000149,0.10000000149,0.10000000149,0.10000000149,0,0,0,0.15000000596,0,0,-0.10000000149,0.10000000149,0,0.10000000149,0,0,0,2000,1.3,6,9,2800,3,0,0,2,0,0,0,3,5.4,7.5,312,1120,1960,1000,Perfect Beam,,0 | 1000 | 1040,4160.0,208,1040,1,4,0.12,,Perfect Rush,,0 | 1000 | 6700,,,,,,,,Solar Kamehameha,,0 | 1000 | 12000,0.0,480,384,1,4,0.1,,1,30000,50000,20000,30000,10000,0,6,1,1,1,1
0163_00,Cell Jr.,Normal,3,0.95,35000,16,0,0,0,200,200,40,40,0,2000,700,700,140,140,0,3000,1.5,0,2,0,4,4,1,4,1,4,0,0,0,0,0,0,0,0,0,0,0,0,0,0,0,0,0,0,0,0,0,1500,1.3,8,12,2800,2,0,0,2,0,0,0,3,5.4,7.5,312,1120,1960,1000,Special Beam Cannon,,0 | 743 | 1000,4160.0,297,1664,1,6,0.12,,Innocence Rush,,0 | 1000 | 6700,,,,,,,,Super Kamehameha,,0 | 800 | 1000 | 12000,9600.0,160,1920,1,14,0.05,,1,10000,50000,20000,30000,10000,1,3,1,1,1,1
0170_00,Majin Buu,Power,6,1.1,40000,8,0.15000000596,-0.0500000007451,-0.0500000007451,200,200,40,40,0,2000,155,300,33,60,0,3000,1.15,0,1.75,0,5,5,1,5,1,4,0.15000000596,0.15000000596,0.15000000596,0.15000000596,0.15000000596,-0.15000000596,-0.15000000596,-0.0500000007451,0.0500000007451,0.0500000007451,0,0.300000011921,-0.15000000596,-0.10000000149,-0.10000000149,0.20000000298,0,0,0,0,0.10000000149,1750,1.3,7,10.5,2800,2,0,0,2,0,0,0,3,5.4,7.5,312,1120,1960,1000,Buu Buu Gum,,0 | 1000 | 6700,0.0,1140,1140,,,0.1,,Super Kamehameha,,0 | 1000 | 1140,4560.0,285,1140,1.0,4,0.083333,,Angry Explosion,,0 | 1000 | 13000,0.0,0,0,1,9,0.1,,0.96,20000,50000,20000,30000,10000,0,4,1,1,1,7
0171_00,Majin Buu (Evil),Speed,6,1.1,40000,20,-0.0500000007451,0,0,200,200,40,40,0,2000,700,700,140,140,0,3000,1.5,0,2,0,4,4,1,4,1,4,-0.20000000298,-0.20000000298,-0.10000000149,-0.10000000149,-0.10000000149,0,0,0,-0.10000000149,-0.10000000149,0,-0.25,0.10000000149,0,0,0,0,0.0500000007451,0,0.0500000007451,0.20000000298,1750,1.3,7,10.5,2800,3,0,0,2,0,0,0,3,5.4,7.5,312,1120,1960,1000,Super Kamehameha,,0 | 1000 | 1140,4560.0,285,1140,1,4,0.083333,,Flame Shower Breath,,0 | 1000 | 6700,750.0,300,240,,5,0.1,,Guilty Flash,,0 | 1000 | 12000,,,,,,,,1,20000,50000,20000,30000,10000,0,3,1,1,1,1
0172_00,Super Buu,villain,6,1.1,40000,16,0,0.17499999702,0.17499999702,200,200,40,40,0,2000,800,800,160,160,0,3000,1.5,0,2,0,6,3,2,6,1,5,0,0,0.15000000596,0,0.15000000596,0,0,0.10000000149,0,0,0,0,0,-0.10000000149,0.10000000149,0,-0.10000000149,0,-0.10000000149,0,0,1750,1.3,7,10.5,2800,2,0,0,3,0,0,0,3,5.4,7.5,312,1120,1960,1000,Assault Rain,,0 | 500 | 1000,400.0,125,100,1,11,0.1,,Majin Beam,,0 | 1000 | 6700,0.0,0,0,,,,,Revenge Death Bomber,,0 | 1000 | 16000,0.0,13000,0,1,9,0.1,,1,30000,50000,20000,30000,10000,0,5,1,1,1,1
0172_10,Super Buu (Gotenks Absorbed),Almighty,7,1.15,40000,16,0.10000000149,0.10000000149,0.10000000149,200,200,40,40,0,2000,800,800,160,160,0,3000,1.5,0,2,0,8,3,2,8,1,6,0.10000000149,0.10000000149,0.10000000149,0.10000000149,0.10000000149,0.10000000149,0.10000000149,0.10000000149,0,0,0,0.15000000596,0,0,-0.10000000149,0.10000000149,0,0.10000000149,0,0,0,1750,1.3,7,10.5,2800,3,0,0,2,0,0,0,3,5.4,7.5,312,1120,1960,1000,Galactic Donut Volley,,0 | 1000 | 5700,0.0,0,0,,,,,Special Beam Cannon,,0 | 815 | 1000,4560.0,326,1824,1.0,6,0.12,,Super Kamehameha,,0 | 1000 | 12000,0.0,480,384,1,4,0.1,,1,30000,50000,20000,30000,10000,0,4,1,1,1,1
0172_11,Super Buu (Gohan Absorbed),Almighty,7,1.15,40000,16,0.10000000149,0.10000000149,0.10000000149,200,200,40,40,0,2000,170,350,34,70,0,3000,1.15,0,1.75,0,10,7,1,10,1,6,0.10000000149,0.10000000149,0.10000000149,0.10000000149,0.10000000149,0.10000000149,0.10000000149,0.10000000149,0,0,0,0.15000000596,0,0,-0.10000000149,0.10000000149,0,0.10000000149,0,0,0,1750,1.3,7,10.5,2800,3,0,0,2,0,0,0,3,5.4,7.5,312,1120,1960,1000,Super Kamehameha,,0 | 1000 | 1140,4560.0,285,1140,1,4,0.083333,,Majin Beam,,0 | 1000 | 6700,0.0,0,0,,,,,Super Ghost Buu Attack,,0 | 1000 | 12500,0.0,212,,1,,,,1,30000,50000,20000,30000,10000,0,5,1,1,1,6
0173_00,Kid Buu,Almighty,7,1.15,40000,16,0.10000000149,0.10000000149,0.10000000149,200,200,40,40,0,2000,800,800,160,160,0,3000,1.5,0,2,0,10,3,2,10,1,5,0.10000000149,0.10000000149,0.10000000149,0.10000000149,0.10000000149,0.10000000149,0.10000000149,0.10000000149,0,0,0,0.15000000596,0,0,-0.10000000149,0.10000000149,0,0.10000000149,0,0,0,2000,1.3,6,9,2800,4,0,0,2,0,0,0,3,5.4,7.5,120,1120,1960,1000,Super Kamehameha,,0 | 1000 | 1140,4560.0,285,1140,1,4,0.083333,,Mystic Combination,,0 | 1000 | 6700,,,,,,,,Planet Burst,,0 | 1000 | 12500,0.0,2400,1920,1,,,,1,30000,50000,20000,30000,10000,0,4,1,1,1,1
0180_00,Mr. Satan,Satan,1,0.6,30000,5,-0.370000004768,-0.20000000298,-0.155000001192,200,200,40,40,0,1000,300,300,60,60,0,2000,1.5,0,2,0,1,1,1,1,1,4,-0.370000004768,-0.370000004768,-0.370000004768,-0.370000004768,-0.370000004768,-0.370000004768,-0.370000004768,0,0,0,0,-0.15000000596,0,0.34999999404,0.0500000007451,0.0500000007451,0,0,0,0.300000011921,0,1750,1.3,7,10.5,2800,0,0,0,0,0,0,0,3,5.4,7.5,312,1120,1960,1000,Dynamite Kick,,0 | 1 | 1000 | 8500,,,,,,,,Present Bomb,,0 | 1000 | 6350,,,,,,,,Mr. Buu Arrives!,,0 | 1000 | 16750,,,,,,,,1.17,50000,50000,20000,30000,10000,3,0,0,1,1,1
0190_00,Chiaotzu,Shoot,2,0.9,30000,4,-0.10000000149,0,0,200,200,40,40,0,2000,640,640,128,128,0,10000,1.05,0,1.1,0,6,3,2,6,1,4,-0.10000000149,-0.10000000149,-0.10000000149,-0.10000000149,-0.10000000149,0.15000000596,0.15000000596,0,-0.0500000007451,-0.0500000007451,0,-0.25,0.10000000149,0.10000000149,0.10000000149,-0.10000000149,0,0.0500000007451,0,0,-0.20000000298,1750,1.3,7,10.5,2800,1,0,0,2,0,0,0,3,5.4,7.5,312,1120,1960,1000,Dodon Ray,,0 | 1000 | 5200,4360.0,1040,1040,1,4,0.12,,Psychic Rock Throw,,0 | 1000 | 5700 | 6700,5700.0,1140,1140,1.0,11,0.1,,"Farewell, Mr. Tien",,0 | 1000 | 14000,,,,,,,,1.15,10000,50000,20000,30000,10000,2,5,1,1,1,2
0210_00,Yajirobe,Skill2,2,0.9,35000,5,-0.119999997318,-0.119999997318,-0.10000000149,200,200,40,40,0,1000,300,300,60,60,0,2000,1.5,0,2,0,1,1,1,1,1,6,-0.119999997318,-0.119999997318,-0.119999997318,-0.119999997318,-0.119999997318,-0.119999997318,-0.119999997318,0,0,0,0,-0.15000000596,0,0.34999999404,0.0500000007451,0.0500000007451,0,0,0,0,0,1750,1.3,7,10.5,2800,1,0,0,2,0,0,0,3,5.4,7.5,312,1120,1960,1000,Ka-Blam Attack,,0 | 1000 | 6000,,1200,,,,,,Flash and Kill,,0 | 1000 | 6700,,,,,,,,Miracle Ka-Blam Slash,,0 | 1000 | 12000,,,,,,,,1,10000,50000,20000,30000,10000,0,0,1,1,1,1
0220_00,Pikkon,Normal,6,1.1,40000,4,0,0,0,200,200,40,40,0,2000,700,700,140,140,0,3000,1.5,0,2,0,6,3,2,6,1,5,0,0,0,0,0,0,0,0,0,0,0,0,0,0,0,0,0,0,0,0,0,1750,1.3,7,10.5,2800,2,0,0,3,0,0,0,3,5.4,7.5,312,1120,1960,1000,Hyper Tornado,,0 | 1000 | 6000,,1200,,,,,,Burning Shoot,,0 | 1000 | 6700,,,,,,,,Thunder Flash,,0 | 1000 | 12000,0.0,480,384,1,4,0.1,,1,20000,50000,20000,30000,10000,0,4,1,1,1,1
0230_00,Pan (GT),Normal,3,0.95,35000,2,0,0,0,200,200,40,40,0,2000,700,700,140,140,0,3000,1.5,0,2,0,5,5,1,5,1,4,0,0,0,0,0,0,0,0,0,0,0,0,0,0,0,0,0,0,0,0,0,1750,1.3,7,10.5,2800,1,0,0,2,0,0,0,3,5.4,7.5,312,1120,1960,1000,Kamehameha,,0 | 1000 | 1140,4560.0,285,1140,1,4,0.083333,,Giru Missile,,0 | 1000 | 6700,,,,,,,,Maiden's Rage,,0 | 1000 | 12000,,,,,,,,1.12,30000,50000,20000,30000,10000,2,4,1,1,1,1
0240_00,Uub (GT),Normal,4,1,40000,0,0,0,0,200,200,40,40,0,2000,400,400,80,80,0,6000,1.5,0,2,0,5,5,1,5,1,4,0,0,0,0,0,0,0,0,0,0,0,0,0,0,0,0,0,0,0,0,0,1750,1.3,7,10.5,2800,1,0,0,4,0,0,0,3,5.4,7.5,312,1120,1960,1000,Super Kamehameha,,0 | 1000 | 1140,4560.0,285,1140,1,4,0.083333,,Blazing Barrage Palm,,0 | 1000 | 6700,,,,,,,,Super Explosive Wave,,0 | 1000 | 1200 | 12000,960.0,240,192,1,9,0.15,,1,20000,50000,20000,30000,10000,0,4,1,1,1,3
0240_01,Majuub (GT),Normal,6,1.1,40000,1,0,0,0,200,200,40,40,0,2000,170,350,34,70,0,3000,1.15,0,1.75,0,7,7,1,7,1,5,0,0,0,0,0,0,0,0,0,0,0,0,0,0,0,0,0,0,0,0,0,1750,1.3,7,10.5,2800,2,0,0,3,0,0,0,3,5.4,7.5,312,1120,1960,1000,Super Consecutive Energy Blast,,0 | 600 | 1000,500.0,100,100,10,,0.1,,Majin Beam,,0 | 1000 | 6700,0.0,0,0,,,,,Lightning Arrow,,0 | 1000 | 12000,,,,,,,,1,30000,50000,20000,30000,10000,0,4,1,1,1,6
0260_00,Grandpa Gohan,Skill,2,0.9,30000,3,-0.119999997318,-0.119999997318,-0.10000000149,200,200,40,40,0,2000,700,700,140,140,0,3000,1.5,0,2,0,3,3,1,3,1,4,-0.119999997318,-0.119999997318,-0.119999997318,-0.119999997318,-0.119999997318,-0.119999997318,-0.119999997318,0,0,0,0,-0.15000000596,0,0.34999999404,0.0500000007451,0.0500000007451,0,0,0,0.300000011921,0,1750,1.3,7,10.5,2800,1,0,0,2,0,0,0,3,5.4,7.5,312,1120,1960,1000,Kamehameha,,0 | 1000 | 1140,4560.0,285,1140,1,4,0.083333,,Turtle School Four Virtues,,0 | 1000 | 6700,,,,,,,,Turtle School Tranquility,,0 | 1000 | 12000,,,,,,,,1,30000,50000,20000,30000,10000,2,2,1,1,1,1
0270_00,Nam,Skill,2,0.9,30000,0,-0.119999997318,-0.119999997318,-0.10000000149,200,200,40,40,0,2000,700,700,140,140,0,3000,1.5,0,2,0,0,0,1,0,1,4,-0.119999997318,-0.119999997318,-0.119999997318,-0.119999997318,-0.119999997318,-0.119999997318,-0.119999997318,0,0,0,0,-0.15000000596,0,0.34999999404,0.0500000007451,0.0500000007451,0,0,0,0.300000011921,0,1500,1.3,8,12,2800,1,0,0,2,0,0,0,3,5.4,7.5,312,1120,1960,1000,Shura Gekiretsuken,,0 | 1000,,,,,,,,Cross Arm Hurricane,,0 | 1000 | 6000 | 6700,,1200,,,,,,Aerial Attack,,0 | 1000 | 12000,,,,,,,,1.1,20000,50000,20000,30000,10000,1,0,1,1,1,1
0280_00,Eighter,Android Normal,2,0.9,40000,0,0,0,0,200,200,40,40,0,2000,700,700,140,140,0,3000,1.5,0,2,0,0,0,1,0,1,4,0,0,0,0,0,0,0,0,0,0,0,0,0,0,0,0,0,0,0.300000011921,0,0,1700,1,0,-1,2800,1,0,0,2,0,0,0,3,5.4,7.5,312,1120,1960,1000,Eighter Attack,,0 | 1000 | 6000,,1200,,,,,,Eighter's Anger,,0 | 1000 | 2334 | 6700,2334.0,467,467,1.0,2,0.24,,You Hurt Goku!,,0 | 1000 | 12000,,,,,,,,0.96,30000,50000,50000,30000,10000,1,0,1,1,1,1
0301_00,Chi-Chi,Skill,2,0.9,30000,1,-0.119999997318,-0.119999997318,-0.10000000149,200,200,40,40,0,2000,700,700,140,140,0,3000,1.5,0,2,0,0,0,1,0,1,5,-0.119999997318,-0.119999997318,-0.119999997318,-0.119999997318,-0.119999997318,-0.119999997318,-0.119999997318,0,0,0,0,-0.15000000596,0,0.34999999404,0.0500000007451,0.0500000007451,0,0,0,0.300000011921,0,1750,1.3,7,10.5,2800,1,0,0,2,0,0,0,3,5.4,7.5,312,1120,1960,1000,Bansho Fan,,0 | 1000 | 5700,5700.0,1140,1140,1,11,0.1,,You'll Pay for That!,,0 | 1000 | 6700,,,,,,,,"Help Me, Goku!",,0 | 1000 | 12000,,,,,,,,1.1,30000,50000,20000,30000,10000,1,0,1,1,1,1
0310_00,Bardock,Normal,4,1,40000,7,0,0,0,200,200,40,40,0,2000,700,700,140,140,0,3000,1.5,0,2,0,7,7,1,7,1,5,0,0,0,0,0,0,0,0,0,0,0,0,0,0,0,0,0,0,0,0,0,1750,1.3,7,10.5,2800,2,0,0,3,0,0,0,3,5.4,7.5,312,1120,1960,1000,Riot Blaster,,0 | 1000 | 1140,4560.0,285,1140,1,4,0.083333,5,Final Revenger,,0 | 1000 | 6700,,,,,,,,Final Spirit Cannon,,0 | 1000 | 12000,0.0,480,384,1,4,0.1,,1,30000,50000,20000,30000,10000,0,4,1,1,1,1
0310_01,"Bardock, Super Saiyan",Saiyan,6,1.1,40000,8,0.119999997318,0.10000000149,0.10000000149,200,200,40,40,0,2000,700,700,140,140,0,3000,1.5,0,2,0,8,6,1,8,1,5,0.119999997318,0.119999997318,0.10000000149,0.10000000149,0.10000000149,0.119999997318,0.119999997318,0.10000000149,0,0,0,0.10000000149,0.10000000149,-0.10000000149,0.10000000149,0,-0.10000000149,0,-0.10000000149,0,0,1750,1.3,7,12,2800,2,0,0,3,0,0,0,3,5.4,7.5,312,1120,1960,1000,Revenger Blaster,,0 | 1000 | 1140,4560.0,285,1140,1,4,0.083333,5,Fangs of Fury,,0 | 1000 | 6700,,,,,,,,Revenge Assault,,0 | 1000 | 12000,0.0,480,384,1,4,0.1,,1,20000,50000,20000,30000,10000,0,5,1,1,1,1
0320_00,Raditz,Normal,3,0.95,40000,10,0,0,0,200,200,40,40,0,2000,700,700,140,140,0,3000,1.5,0,2,0,6,3,2,6,1,4,0,0,0,0,0,0,0,0,0,0,0,0,0,0,0,0,0,0,0,0,0,1750,1.3,7,10.5,2800,2,0,0,2,0,0,0,3,5.4,7.5,312,1120,1960,1000,Energy Crash,,0 | 1000 | 5700,5700.0,1140,1140,1,11,0.1,,Sonic Assault,,0 | 1000 | 6700,,,,,,,,Begone!,,0 | 1000 | 12000,0.0,2400,2400,1,,,,1,10000,50000,20000,30000,10000,1,4,1,1,1,1
0330_00,Saibaman,Normal,2,0.9,35000,12,0,0,0,200,200,40,40,0,2000,700,700,140,140,0,3000,1.5,0,2,0,3,3,1,3,1,4,0,0,0,0,0,0,0,0,0,0,0,0,0,0,0,0,0,0,0,0,0,1500,1.3,8,12,2800,1,0,0,2,0,0,0,3,5.4,7.5,312,1120,1960,1000,Full-Power Energy Wave,,0 | 1000 | 1140,4560.0,285,1140,1,4,0.083333,5,High Speed Rush,,0 | 1000 | 6700,,,,,,,,Saibaman Bomb,,0 | 1000 | 13000,,,,,,,,1.1,10000,50000,20000,30000,10000,2,2,1,1,1,1
0340_00,Nappa,Power,3,0.95,40000,12,0.15000000596,-0.0500000007451,-0.0500000007451,200,200,40,40,0,2000,700,700,140,140,0,3000,1.5,0,2,0,6,3,2,6,1,4,0.15000000596,0.15000000596,0.15000000596,0.15000000596,0.15000000596,-0.15000000596,-0.15000000596,-0.0500000007451,0.0500000007451,0.0500000007451,0,0.300000011921,-0.15000000596,-0.10000000149,-0.10000000149,0.20000000298,0,0,0,0,0.10000000149,1750,1.3,7,10.5,2800,2,0,0,2,0,0,0,3,5.4,7.5,312,1120,1960,1000,Volcano Explosion,,0 | 1000 | 1750,1400.0,350,280,,3,0.15,,Blazing Storm,,0 | 1000 | 1300 | 6700,1040.0,260,208,1.0,3 | 5,0.1,,Nappa Cannon,,0 | 1000 | 13000,0.0,480,384,1,4,0.1,,0.92,20000,50000,20000,30000,10000,0,4,1,1,1,1
0350_00,Zarbon,Speed,3,0.95,40000,12,-0.0500000007451,0,0,200,200,40,40,0,2000,700,700,140,140,0,3000,1.5,0,2,0,6,3,2,6,1,4,-0.20000000298,-0.20000000298,-0.10000000149,-0.10000000149,-0.10000000149,0,0,0,-0.10000000149,-0.10000000149,0,-0.25,0.10000000149,0,0,0,0,0.0500000007451,0,0.0500000007451,0.20000000298,1750,1.3,7,10.5,2800,2,0,0,2,0,0,0,3,5.4,7.5,312,1120,1960,1000,Shooting Star Arrow,,0 | 1000,1000.0,200,200,10,,0.1,,Bloody Dance,,0 | 1000 | 6000,,,,,,,,Elegant Blaster,,0 | 1000 | 12000,0.0,480,384,1,4,0.1,,1,20000,50000,20000,30000,10000,0,4,1,1,1,1
0351_00,Super Zarbon,Power,3,0.95,40000,12,0.15000000596,-0.0500000007451,-0.0500000007451,200,200,40,40,0,2000,700,700,140,140,0,3000,1.5,0,2,0,7,7,1,7,1,4,0.15000000596,0.15000000596,0.15000000596,0.15000000596,0.15000000596,-0.15000000596,-0.15000000596,-0.0500000007451,0.0500000007451,0.0500000007451,0,0.300000011921,-0.15000000596,-0.10000000149,-0.10000000149,0.20000000298,0,0,0,0,0.10000000149,1750,1.3,7,10.5,2800,2,0,0,2,0,0,0,3,5.4,7.5,312,1120,1960,1000,Elegant Blaster,,0 | 1000 | 1140,4560.0,285,1140,1,4,0.083333,5,Wild Pressure,,0 | 1000 | 6700,,,,,,,,Monster Crush,,0 | 1000 | 13500,,,,,,,,0.98,20000,50000,20000,30000,10000,0,5,1,1,1,1
0360_00,Dodoria,Power,3,0.95,40000,12,0.15000000596,-0.0500000007451,-0.0500000007451,200,200,40,40,0,2000,700,700,140,140,0,3000,1.5,0,2,0,5,5,1,5,1,4,0.15000000596,0.15000000596,0.15000000596,0.15000000596,0.15000000596,-0.15000000596,-0.15000000596,-0.0500000007451,0.0500000007451,0.0500000007451,0,0.300000011921,-0.15000000596,-0.10000000149,-0.10000000149,0.20000000298,0,0,0,0,0.10000000149,1500,1.3,8,12,2800,2,0,0,2,0,0,0,3,5.4,7.5,312,1120,1960,1000,Chou Makouhou,,0 | 1000 | 1140,4560.0,285,1140,1,4,0.083333,5,Dodoria Head Ram,,0 | 1000 | 6000 | 6700,,1200,,,,,,Maximum Buster,,0 | 1000 | 13000,0.0,480,384,1,4,0.1,,0.95,20000,50000,20000,30000,10000,0,4,1,1,1,1
0370_00,Cui,Normal,3,0.95,40000,12,0,0,0,200,200,40,40,0,2000,700,700,140,140,0,3000,1.5,0,2,0,8,4,2,8,1,4,0,0,0,0,0,0,0,0,0,0,0,0,0,0,0,0,0,0,0,0,0,1750,1.3,7,10.5,2800,2,0,0,2,0,0,0,3,5.4,7.5,312,1120,1960,1000,Full-Power Energy Wave,,0 | 1000 | 1140,4560.0,285,1140,1,4,0.083333,5,Full-Power Energy Wave Combo,,0 | 600 | 1000 | 6700,500.0,100,100,10.0,,0.1,,Ah! Lord Frieza!,,0 | 1000 | 12000,,,,,,,,1,10000,50000,20000,30000,10000,2,6,1,1,1,1
0380_00,Captain Ginyu,Normal,4,1,40000,8,0,0,0,200,200,40,40,0,2000,700,700,140,140,0,3000,1.5,0,2,0,7,7,1,7,1,4,0,0,0,0,0,0,0,0,0,0,0,0,0,0,0,0,0,0,0,0,0,1750,1.3,7,10.5,2800,2,0,0,2,0,0,0,3,5.4,7.5,312,1120,1960,1000,Full-Power Energy Wave,,0 | 1000 | 1140,4560.0,285,1140,1,4,0.083333,5,Galaxy Dynamite,,0 | 1000 | 5700 | 6700,5700.0,1140,1140,1.0,11,0.1,,Body Change,,0 | 1000,0.0,0,0,1,4,0.1,,1,30000,50000,20000,30000,10000,0,4,1,1,1,1
0390_00,Recoome,Power,3,0.95,40000,8,0.15000000596,-0.0500000007451,-0.0500000007451,200,200,40,40,0,2000,700,700,140,140,0,3000,1.5,0,2,0,8,4,2,8,1,4,0.15000000596,0.15000000596,0.15000000596,0.15000000596,0.15000000596,-0.15000000596,-0.15000000596,-0.0500000007451,0.0500000007451,0.0500000007451,0,0.300000011921,-0.15000000596,-0.10000000149,-0.10000000149,0.20000000298,0,0,0,0,0.10000000149,1750,1.3,7,10.5,2800,2,0,0,1,0,0,0,3,5.4,7.5,312,1120,1960,1000,Recoome Eraser Gun,,0 | 1000 | 1140,4560.0,285,1140,1,4,0.083333,5,Recoome Grenade Bomber,,0 | 417 | 1000 | 6700,334.0,104,84,10.0,,0.1,,Recoome Fighting Bomber,,0 | 1000 | 12000,0.0,375,300,1,9,0.2,,0.9,20000,50000,20000,30000,10000,0,6,1,1,1,1
0400_00,Burter,Speed,3,0.95,40000,8,-0.0500000007451,0,0,200,200,40,40,0,2000,700,700,140,140,0,3000,1.5,0,2,0,4,4,1,4,1,4,-0.20000000298,-0.20000000298,-0.10000000149,-0.10000000149,-0.10000000149,0,0,0,-0.10000000149,-0.10000000149,0,-0.25,0.10000000149,0,0,0,0,0.0500000007451,0,0.0500000007451,0.20000000298,1750,1.3,7,10.5,2800,3,0,0,3,0,0,0,3,5.4,7.5,180,1120,1960,1000,Full-Power Energy Ball,,0 | 1000 | 5700,5700.0,1140,1140,1,11,0.1,,Space Mach Attack,,0 | 1000 | 6700,,,,,,,,Purple Comet Attack,,0 | 1000 | 12000,,,,,,,,1.1,10000,50000,20000,30000,10000,0,3,1,1,1,1
0410_00,Jeice,Normal,3,0.95,40000,8,0,0,0,200,200,40,40,0,2000,800,800,160,160,0,3000,1.5,0,2,0,5,5,1,5,1,4,0,0,0,0,0,0,0,0,0,0,0,0,0,0,0,0,0,0,0,0,0,1750,1.3,7,10.5,2800,2,0,0,2,0,0,0,3,5.4,7.5,312,1120,1960,1000,Full-Power Energy Wave,,0 | 1000 | 1140,4560.0,285,1140,1,4,0.083333,5,Crusher Ball,,0 | 1000 | 5700 | 6700,5700.0,1140,1140,1.0,11,0.1,,Purple Comet Attack,,0 | 1000 | 12000,,,,,,,,1,10000,50000,20000,30000,10000,0,4,1,1,1,1
0420_00,Guldo,Normal,2,0.9,30000,8,0,0,0,200,200,40,40,0,2000,640,640,128,128,0,10000,1.05,0,1.1,0,3,3,1,3,1,4,0,0,0,0,0,0,0,0,0,0,0,0,0,0,0,0,0,0,0,0,0,1750,1.3,7,10.5,2800,1,0,0,2,0,0,0,3,5.4,7.5,312,1120,1960,1000,Psychic Rock Throw,,0 | 1000 | 5700,5700.0,1140,1140,1,11,0.1,,Full-Power Energy Blast Volley,,0 | 1000 | 6700,1000.0,200,200,10.0,,0.1,,Guldo Special,,0 | 1000 | 12000,0.0,212,,1,,,,1.1,10000,50000,20000,30000,10000,1,3,1,1,1,2
0430_00,King Cold,Power,4,1,40000,17,0.15000000596,-0.0500000007451,-0.0500000007451,200,200,40,40,0,2000,700,700,140,140,0,3000,1.5,0,2,0,5,5,1,5,1,4,0.15000000596,0.15000000596,0.15000000596,0.15000000596,0.15000000596,-0.15000000596,-0.15000000596,-0.0500000007451,0.0500000007451,0.0500000007451,0,0.300000011921,-0.15000000596,-0.10000000149,-0.10000000149,0.20000000298,0,0,0,0,0.10000000149,1500,1.3,8,12,2800,2,0,0,2,0,0,0,3,5.4,7.5,312,1120,1960,1000,Full-Power Death Beam,,0 | 1000 | 5700,4560.0,1140,1140,1,4,0.12,,Super Explosive Wave,,0 | 1000 | 1400 | 6700,1120.0,280,224,1.0,4,0.15,,Power of the Cold Clan,,0 | 1000 | 12000,,,,,,,,1,20000,50000,20000,30000,10000,0,4,1,1,1,1
0440_00,Android 16,Android Power,5,1.05,40000,4,0.15000000596,-0.0500000007451,-0.0500000007451,200,200,40,40,0,2000,700,700,140,140,0,3000,1.5,0,2,0,4,4,1,4,1,4,0.15000000596,0.15000000596,0.15000000596,0.15000000596,0.15000000596,-0.15000000596,-0.15000000596,-0.0500000007451,0.0500000007451,0.0500000007451,0,0.300000011921,-0.15000000596,-0.10000000149,-0.10000000149,0.20000000298,0,0,0.300000011921,0,0.10000000149,1700,1,0,-1,2800,1,0,0,2,0,0,0,3,5.4,7.5,312,1120,1960,1000,Hell's Impact,,0 | 1000 | 5700,5700.0,1140,1140,1,11,0.1,,Hell Flash,,0 | 1000 | 6700,,,,,,,,Self Destruct Device,,0 | 1000 | 14000,,,,,,,,0.92,30000,50000,50000,30000,10000,1,3,1,1,1,1
0450_00,Android 17 (Z),Android Shoot,5,1.05,40000,8,-0.10000000149,0,0,200,200,40,40,0,2000,700,700,140,140,0,3000,1.5,0,2,0,5,5,1,5,1,4,-0.10000000149,-0.10000000149,-0.10000000149,-0.10000000149,-0.10000000149,0.15000000596,0.15000000596,0,-0.0500000007451,-0.0500000007451,0,-0.25,0.10000000149,0.10000000149,0.10000000149,-0.10000000149,0,0.0500000007451,0.300000011921,0,-0.20000000298,1800,1,0,-1,2800,2,0,0,2,0,0,0,3,5.4,7.5,312,1120,1960,1000,Full-Power Energy Ball,,0 | 1000 | 2600,2600.0,520,520,1,11,0.1,,Photon Flash,,0 | 1000 | 1140 | 6700,4560.0,285,1140,1.0,4,0.083333,,Sadistic Dance,,0 | 1000 | 12000,,,,,,,,1,30000,50000,50000,30000,10000,1,5,1,1,1,1
0450_10,Android 17 (Super),Android Shoot,6,1.1,40000,4,-0.10000000149,0,0,200,200,40,40,0,2000,700,700,140,140,0,3000,1.5,0,2,0,8,3,2,8,1,4,-0.10000000149,-0.10000000149,-0.10000000149,-0.10000000149,-0.10000000149,0.15000000596,0.15000000596,0,-0.0500000007451,-0.0500000007451,0,-0.25,0.10000000149,0.10000000149,0.10000000149,-0.10000000149,0,0.0500000007451,0.300000011921,0,-0.20000000298,2000,1,0,-1,2800,2,0,0,2,0,0,0,3,5.4,7.5,312,1120,1960,1000,High Power Blitz,,0 | 1000 | 1140,4560.0,285,1140,1,4,0.083333,5,Super Electric Strike,,0 | 1000 | 5700 | 6700,5700.0,2280,2280,1.0,11,0.1,,Barrier Explosion,,0 | 1000 | 13000,,,,,,,,1,30000,50000,50000,30000,10000,1,5,1,1,1,1
0451_00,Super 17,Android Shoot,8,1.2,45000,12,-0.10000000149,0,0,200,200,40,40,0,2000,400,400,80,80,0,6000,1.5,0,2,0,6,3,2,6,1,4,-0.10000000149,-0.10000000149,-0.10000000149,-0.10000000149,-0.10000000149,0.15000000596,0.15000000596,0,-0.0500000007451,-0.0500000007451,0,-0.25,0.10000000149,0.10000000149,0.10000000149,-0.10000000149,0,0.0500000007451,0.300000011921,0,-0.20000000298,1700,1,0,-1,2800,2,0,0,3,0,0,0,3,5.4,7.5,312,1120,1960,1000,Full-Power Energy Wave,,0 | 1000 | 1140,4560.0,285,1140,1,4,0.083333,5,Flash Bomber,,0 | 167 | 1000 | 6700,167.0,33,33,10.0,,0.1,,Electro Eclipse Bomb,,0 | 1000 | 12000,0.0,2400,2400,1,,,,1,40000,50000,50000,30000,10000,1,5,1,1,1,3
0460_00,Android 18,Android Shoot,5,1.05,40000,8,-0.10000000149,0,0,200,200,40,40,0,2000,700,700,140,140,0,3000,1.5,0,2,0,6,3,2,6,1,4,-0.10000000149,-0.10000000149,-0.10000000149,-0.10000000149,-0.10000000149,0.15000000596,0.15000000596,0,-0.0500000007451,-0.0500000007451,0,-0.25,0.10000000149,0.10000000149,0.10000000149,-0.10000000149,0,0.0500000007451,0.300000011921,0,-0.20000000298,2000,1,0,-1,2800,2,0,0,2,0,0,0,3,5.4,7.5,312,1120,1960,1000,Infinity Bullet,,0 | 600 | 1000,500.0,100,100,10,,0.1,,Energy Wave,,0 | 1000 | 1140 | 6700,4560.0,285,1140,1.0,4,0.083333,,Sadistic 18,,0 | 1000 | 12000,,,,,,,,1,30000,50000,50000,30000,10000,1,5,1,1,1,1
0470_00,Android 19,Mecha Power,4,1,40000,11,0.15000000596,-0.0500000007451,-0.0500000007451,200,200,40,40,0,2000,700,700,140,140,0,3000,1.5,0,2,0,3,3,1,3,1,4,0.15000000596,0.15000000596,0.15000000596,0.15000000596,0.15000000596,-0.15000000596,-0.15000000596,-0.0500000007451,0.0500000007451,0.0500000007451,0,0.300000011921,-0.15000000596,-0.10000000149,-0.10000000149,0.20000000298,0,0,1.13399994373,0,0.10000000149,4500,1,0,-1,2800,1,0,0,2,0,0,0,3,5.4,7.5,312,1120,1960,950 | 1550,Full-Power Energy Wave,,0 | 1000 | 1140,4560.0,285,1140,1,4,0.083333,5,High Power Rush,,0 | 1000 | 6700,,,,,,,,Drain Life 19,,0 | 1000 | 2730 | 9270,,,,,,,,0.98,40000,50000,20000,30000,10000,1,2,1,1,1,1
0480_00,Dr. Gero,Mecha Normal,4,1,40000,12,0,0,0,200,200,40,40,0,2000,700,700,140,140,0,3000,1.5,0,2,0,3,3,1,3,1,6,0,0,0,0,0,0,0,0,0,0,0,0,0,0,0,0,0,0,1.13399994373,0,0,4500,1,0,-1,2800,2,0,0,1,0,0,0,3,5.4,7.5,312,1120,1960,800 | 2300,Full-Power Energy Wave,,0 | 1000 | 1140,4560.0,285,1140,1,4,0.083333,5,Bionic Punisher,,0 | 1000 | 1300 | 6700,1040.0,260,208,1.0,3 | 5,0.1,,Drain Life 20,,0 | 1000 | 2730 | 9270,,,,,,,,1,40000,50000,20000,30000,10000,1,2,1,1,1,1
0490_00,Babidi,Shoot,3,0.95,30000,14,-0.10000000149,0,0,200,200,40,40,0,2000,640,640,128,128,0,10000,1.05,0,1.1,0,8,4,2,8,1,7,-0.10000000149,-0.10000000149,-0.10000000149,-0.10000000149,-0.10000000149,0.15000000596,0.15000000596,0,-0.0500000007451,-0.0500000007451,0,-0.25,0.10000000149,0.10000000149,0.10000000149,-0.10000000149,0,0.0500000007451,0,0,-0.20000000298,2000,1.3,6,9,2800,1,0,0,2,0,0,0,3,5.4,7.5,312,1120,1960,1000,Pui Pui Nice Shot,,0 | 1000 | 6700,,,,,,,,Ultimate Explosive Power,,0 | 1000 | 1750,1400.0,350,280,,3,0.15,,Super Electroshock Sorcery,,0 | 1000 | 12000,0.0,480,384,1,4,0.1,,1.2,30000,50000,20000,30000,10000,2,7,1,1,1,2
0500_00,Dabura,villain,6,1.1,40000,18,0,0.17499999702,0.17499999702,200,200,40,40,0,2000,700,700,140,140,0,3000,1.5,0,2,0,7,7,1,7,1,5,0,0,0.15000000596,0,0.15000000596,0,0,0.10000000149,0,0,0,0,0,-0.10000000149,0.10000000149,0,-0.10000000149,0,-0.10000000149,0,0,1750,1.3,7,10.5,2800,2,0,0,2,0,0,0,3,5.4,7.5,312,1120,1960,1000,Evil Impulse,,0 | 1000 | 5700,5700.0,1140,1140,1,11,0.1,,Evil Flame,,0 | 1000 | 6700,750.0,300,240,,5,0.1,,Dark Sword Strike,,0 | 1000 | 12000,,,,,,,,1,30000,50000,20000,30000,10000,0,4,1,1,1,1
0510_00,King Vegeta,Normal,4,1,40000,12,0,0,0,200,200,40,40,0,2000,700,700,140,140,0,3000,1.5,0,2,0,8,4,2,8,1,5,0,0,0,0,0,0,0,0,0,0,0,0,0,0,0,0,0,0,0,0,0,1750,1.3,7,10.5,2800,2,0,0,2,0,0,0,3,5.4,7.5,312,1120,1960,1000,Execution Beam,,0 | 1000 | 1140,4560.0,285,1140,1,4,0.083333,5,Super Energy Wave Combo,,0 | 600 | 1000 | 6700,500.0,100,100,10.0,,0.1,,Orga Blaster,,0 | 1000 | 12000,,,,,,,,1,20000,50000,20000,30000,10000,0,6,1,1,1,1
0540_00,Frieza Force Soldier,Normal,2,0.9,30000,8,0,0,0,200,200,40,40,0,2000,700,700,140,140,0,3000,1.5,0,2,0,2,2,1,2,1,4,0,0,0,0,0,0,0,0,0,0,0,0,0,0,0,0,0,0,0,0,0,1500,1.3,8,12,2800,1,0,0,1,0,0,0,3,5.4,7.5,312,1120,1960,1000,Energy Wave,,0 | 1000,4000.0,200,1000,1,4,0.083333,,Full-Power Energy Wave,,0 | 1000 | 1140 | 6700,4560.0,285,1140,1.0,4,0.083333,,Life-Risking Blow!,,0 | 1000 | 12000,,,,,,,,1.2,10000,50000,20000,30000,10000,2,2,1,1,1,1
0550_00,Broly (Z),Normal,5,1.05,40000,8,0,0,0,200,200,40,40,0,2000,700,700,140,140,0,3000,1.5,0,2,0,3,4,1,3,1,4,0,0,0,0,0,0,0,0,0,0,0,0,0,0,0,0,0,0,0,0,0,1500,1.3,8,12,2800,2,0,0,1,0,0,0,3,5.4,7.5,312,1120,1960,1000,Full-Power Energy Wave,,0 | 1000 | 1140,4560.0,285,1140,1,4,0.083333,5,High Speed Rush,,0 | 1000 | 6700,,,,,,,,Super Explosive Wave,,0 | 1000 | 12500,0.0,375,300,1,9,0.2,,1,10000,50000,20000,30000,10000,0,2,1,1,1,1
0551_00,"Broly (Z), Super Saiyan",Power,7,1.15,40000,14,0.15000000596,-0.0500000007451,-0.0500000007451,200,200,40,40,0,2000,400,400,80,80,0,6000,1.5,0,2,0,7,6,1,7,1,5,0.15000000596,0.15000000596,0.15000000596,0.15000000596,0.15000000596,-0.15000000596,-0.15000000596,-0.0500000007451,0.0500000007451,0.0500000007451,0,0.300000011921,-0.15000000596,-0.10000000149,-0.10000000149,0.20000000298,0,0,0,0,0.10000000149,1750,1.3,7,10.5,2800,2,0,0,2,0,0,0,3,5.4,7.5,312,1120,1960,1000,Bloody Smash,,0 | 1000 | 6700,,,,,,,,Trap Shooter,,0 | 867 | 1000,867.0,173,173,10.0,,0.1,,Eraser Cannon,,0 | 1000 | 13000,0.0,480,384,1,4,0.1,,1,20000,50000,20000,30000,10000,0,4,1,1,1,3
0552_00,"Broly (Z), Legendary Super Saiyan",legend Saiyan,9,1.25,45000,16,0.34999999404,0.0500000007451,0.0500000007451,200,200,40,40,0,2000,400,400,80,80,0,6000,1.5,0,2,0,10,4,2,10,1,6,0.34999999404,0.34999999404,0.34999999404,0,0.34999999404,0.10000000149,0.10000000149,0.10000000149,-0.129999995232,-0.129999995232,0,0.15000000596,0,0,0,0,0,0,0,0,0,1750,1.3,7,10.5,2800,3,0,0,3,0,0,0,3,5.4,7.5,312,1120,1960,1000,Eraser Cannon,,0 | 1000 | 5700,5700.0,1140,1140,1,11,0.1,,Gigantic Hammer,,0 | 1000 | 6700,,,,,,,,Omega Blaster,,0 | 1000 | 13500,0.0,0,0,1,,,,0.9,30000,50000,20000,30000,10000,0,6,1,1,1,3
0553_00,Broly (Super),Normal,5,1.05,40000,10,0,0,0,100,100,20,20,0,1000,220,350,44,70,0,3000,1.15,0,1.75,0,4,6,1,4,1,4,0,0,0,0,0,0,0,0,0,0,0,0,0,0,0,0,0,0,0,0,0,1750,1.3,7,10.5,2800,2,0,0,2,0,0,0,3,5.4,7.5,312,1120,1960,1000,Full-Power Energy Wave,,0 | 1000 | 1140,4560.0,285,1140,1,4,0.083333,5,Gigantic Crash,,0 | 1000 | 6700,,,,,,,,Gigantic Impact,,0 | 1000 | 12000,,,,,,,,1,10000,50000,20000,30000,10000,0,4,1,1,1,5
0554_00,"Broly (Super), Super Saiyan",Power,7,1.15,40000,14,0.15000000596,-0.0500000007451,-0.0500000007451,100,100,20,20,0,1000,170,350,34,70,0,3000,1.15,0,1.75,0,7,6,1,7,1,5,0.15000000596,0.15000000596,0.15000000596,0.15000000596,0.15000000596,-0.15000000596,-0.15000000596,-0.0500000007451,0.0500000007451,0.0500000007451,0,0.300000011921,-0.15000000596,-0.10000000149,-0.10000000149,0.20000000298,0,0,0,0,0.10000000149,1750,1.3,7,10.5,2800,2,0,0,2,0,0,0,3,5.4,7.5,312,1120,1960,1000,Gigantic Cannon,,0 | 1000 | 1140,4560.0,285,1140,1,4,0.083333,5,Gigantic Rage,,0 | 1000 | 6700,,,,,,,,Gigantic Ball,,0 | 1000 | 13000,0.0,2400,1920,1,,,,1,20000,50000,20000,30000,10000,0,4,1,1,1,6
0555_00,"Broly (Super), Super Saiyan (Full Power)",legend Saiyan,9,1.25,45000,16,0.34999999404,0.0500000007451,0.0500000007451,100,100,20,20,0,1000,155,300,33,60,0,3000,1.15,0,1.75,0,10,4,2,10,1,6,0.34999999404,0.34999999404,0.34999999404,0,0.34999999404,0.10000000149,0.10000000149,0.10000000149,-0.129999995232,-0.129999995232,0,0.15000000596,0,0,0,0,0,0,0,0,0,1750,1.3,7,10.5,2800,3,0,0,3,0,0,0,3,5.4,7.5,312,1120,1960,1000,Gigantic Cannon,,0 | 1000 | 1140,4560.0,285,1140,1,4,0.083333,5,Blaster Meteor,,0 | 1000 | 2000 | 2334 | 6700,1600 | 2334,467 | 500,400 | 467,1 | 10,2,0.1 | 0.24,,Gigantic Catastrophe,,0 | 1000 | 13500,0.0,480,384,1,4,0.1,,0.9,30000,50000,20000,30000,10000,0,6,1,1,1,7
0561_00,Super Garlic Jr.,Power,4,1,40000,12,0.15000000596,-0.0500000007451,-0.0500000007451,200,200,40,40,0,2000,800,800,160,160,0,3000,1.5,0,2,0,5,5,1,5,1,5,0.15000000596,0.15000000596,0.15000000596,0.15000000596,0.15000000596,-0.15000000596,-0.15000000596,-0.0500000007451,0.0500000007451,0.0500000007451,0,0.300000011921,-0.15000000596,-0.10000000149,-0.10000000149,0.20000000298,0,0,0,0,0.10000000149,1750,1.3,7,10.5,2800,2,0,0,2,0,0,0,3,5.4,7.5,312,1120,1960,1000,Death Impact,,0 | 1000 | 1140,4560.0,285,1140,1,4,0.083333,5,Darkness Illusion,,0 | 1000 | 6700,,,,,,,,Dead Zone,,0 | 1000 | 13000,,,,,,,,0.96,30000,50000,20000,30000,10000,0,4,1,1,1,1
0570_00,Dr. Wheelo,giant,4,1,40000,12,0.10000000149,0.10000000149,0.10000000149,300,300,60,60,0,3000,400,400,80,80,0,4500,1.5,0,2,0,6,3,2,6,1,4,1.5,-0.10000000149,2.5,-0.10000000149,0.15000000596,-0.10000000149,-0.10000000149,0,0.15000000596,-0.10000000149,0,-0.25,-0.15000000596,0,0,0,0,0,0.0500000007451,0,0,1700,1,0,-1,2800,2,0,0,2,0,0,0,3,5.4,7.5,420,1120,1960,1000,Photon Strike,,0 | 1000 | 1900,1520.0,475,380,1,4,0.083333,,Gigantic Bomber,,0 | 1000 | 6000 | 6700,,1200,,,,,,Planet Geyser,,0 | 750 | 800 | 1000 | 12000,750 | 9600,160 | 188,250 | 1920,1,14,0.05,,0.98,30000,50000,50000,30000,10000,1,4,0,1,1,3
0580_00,Turles,Shoot,4,1,40000,12,-0.10000000149,0,0,200,200,40,40,0,2000,400,400,80,80,0,6000,1.5,0,2,0,7,7,1,7,1,4,-0.10000000149,-0.10000000149,-0.10000000149,-0.10000000149,-0.10000000149,0.15000000596,0.15000000596,0,-0.0500000007451,-0.0500000007451,0,-0.25,0.10000000149,0.10000000149,0.10000000149,-0.10000000149,0,0.0500000007451,0,0,-0.20000000298,1750,1.3,7,10.5,2800,2,0,0,2,0,0,0,3,5.4,7.5,312,1120,1960,1000,Kill Driver,,0 | 1000 | 5700,5700.0,1140,1140,1,11,0.1,,Full-Power Energy Wave Combo,,0 | 600 | 1000 | 6700,500.0,100,100,10.0,,0.1,,Meteor Burst,,0 | 1000 | 12000,,,,,,,,1,20000,50000,20000,30000,10000,0,6,1,1,1,3
0590_00,Lord Slug,Power,4,1,40000,14,0.15000000596,-0.0500000007451,-0.0500000007451,200,200,40,40,0,2000,640,640,128,128,0,10000,1.05,0,1.1,0,3,3,1,3,1,5,0.15000000596,0.15000000596,0.15000000596,0.15000000596,0.15000000596,-0.15000000596,-0.15000000596,-0.0500000007451,0.0500000007451,0.0500000007451,0,0.300000011921,-0.15000000596,-0.10000000149,-0.10000000149,0.20000000298,0,0,0,0,0.10000000149,1750,1.3,7,10.5,2800,2,0,0,2,0,0,0,3,5.4,7.5,312,1120,1960,1000,Finger Beam,,0 | 1000 | 5700,4560.0,1140,1140,1,4,0.12,,Darkness Eye Beam,,0 | 1000 | 1300 | 6700,1040.0,260,208,1.0,3 | 5,0.1,,Power of Darkness,,0 | 1000 | 12000,,,,,,,,1,20000,50000,20000,30000,10000,0,3,1,1,1,2
0591_00,"Lord Slug, Giant Form",giant,6,1.1,50000,14,0.10000000149,0.10000000149,0.10000000149,300,300,60,60,0,3000,1000,1000,200,200,0,4500,1.5,0,2,0,4,4,1,4,1,5,1.5,-0.10000000149,2.5,-0.10000000149,0.15000000596,-0.10000000149,-0.10000000149,0,0.15000000596,-0.10000000149,0,-0.25,-0.15000000596,0,0,0,0,0,0.0500000007451,0,0,1500,1.3,8,12,2800,2,0,0,1,0,0,0,3,5.4,7.5,420,1120,1960,1000,Darkness Eye Beam,,0 | 1000 | 1300,1040.0,260,208,1,5,0.1,,Super Explosive Wave,,0 | 1000 | 1300 | 2334 | 6700,1040 | 2334,260 | 467,208 | 467,1.0,2 | 3,0.1 | 0.24,,Darkness Blaster,,0 | 1000 | 13000,0.0,480,384,1,4,0.1,,0.97,30000,50000,20000,30000,10000,0,3,0,1,1,1
0600_00,Cooler,Normal,6,1.1,40000,16,0,0,0,200,200,40,40,0,2000,640,640,128,128,0,10000,1.05,0,1.1,0,4,4,1,4,1,4,0,0,0,0,0,0,0,0,0,0,0,0,0,0,0,0,0,0,0,0,0,1750,1.3,7,10.5,2800,2,0,0,2,0,0,0,3,5.4,7.5,312,1120,1960,1000,Full-Power Energy Wave,,0 | 1000 | 1140,4560.0,285,1140,1,4,0.083333,5,Darkness Eye Beam,,0 | 1000 | 1300 | 6700,1040.0,260,208,1.0,3 | 5,0.1,,Death Ball,,0 | 1000 | 4000 | 12000,3200.0,800,640,1,2,0.1,,1,20000,50000,20000,30000,10000,0,3,1,1,1,2
0600_10,Metal Cooler,villain,7,1.15,40000,16,0,0.17499999702,0.17499999702,200,200,40,40,0,2000,220,350,44,70,0,3000,1.15,0,1.75,0,6,3,2,6,1,4,0,0,0.15000000596,0,0.15000000596,0,0,0.10000000149,0,0,0,0,0,-0.10000000149,0.10000000149,0,-0.10000000149,0,-0.10000000149,0,0,2000,1.3,6,9,2800,2,0,0,2,0,0,0,3,5.4,7.5,312,1120,1960,1000,Lock-On Buster,,0 | 1000 | 5200,4160.0,0,0,,,,,Finger Blitz Barrage,,0 | 1000 | 6700,,,,10.0,,0.1,,Supernova,,0 | 1000 | 12000,0.0,2400,1920,1,,,,1,30000,50000,50000,30000,10000,0,5,1,1,1,5
0601_00,"Cooler, Final Form",Power,7,1.15,45000,16,0.15000000596,-0.0500000007451,-0.0500000007451,200,200,40,40,0,2000,640,640,128,128,0,10000,1.05,0,1.1,0,7,5,1,7,1,5,0.15000000596,0.15000000596,0.15000000596,0.15000000596,0.15000000596,-0.15000000596,-0.15000000596,-0.0500000007451,0.0500000007451,0.0500000007451,0,0.300000011921,-0.15000000596,-0.10000000149,-0.10000000149,0.20000000298,0,0,0,0,0.10000000149,1750,1.3,7,10.5,2800,2,0,0,2,0,0,0,3,5.4,7.5,312,1120,1960,1000,Death Beam,,0 | 1000 | 5200,4360.0,1040,1040,1,4,0.12,,Death Chaser,,0 | 1000 | 6700,,,,,,,,Supernova,,0 | 1000 | 13000,0.0,480,384,1,4,0.1,,1,20000,50000,20000,30000,10000,0,4,1,1,1,2
0610_00,Salza,Normal,4,1,40000,12,0,0,0,200,200,40,40,0,2000,220,350,44,70,0,3000,1.15,0,1.75,0,5,5,1,5,1,4,0,0,0,0,0,0,0,0,0,0,0,0,0,0,0,0,0,0,0,0,0,1750,1.3,7,10.5,2800,2,0,0,2,0,0,0,3,5.4,7.5,312,1120,1960,1000,Full-Power Energy Wave,,0 | 1000 | 1140,4560.0,285,1140,1,4,0.083333,5,Spread Finger Beam,,0 | 1000 | 1200 | 6700,960.0,300,240,10.0,,10.0,,Salza Blade Rush,,0 | 1000 | 12000,,,,,,,,1,20000,50000,20000,30000,10000,0,4,1,1,1,5
0620_00,Android 13,Android Shoot,5,1.05,40000,12,-0.10000000149,0,0,200,200,40,40,0,2000,800,800,160,160,0,3000,1.5,0,2,0,4,4,1,4,1,5,-0.10000000149,-0.10000000149,-0.10000000149,-0.10000000149,-0.10000000149,0.15000000596,0.15000000596,0,-0.0500000007451,-0.0500000007451,0,-0.25,0.10000000149,0.10000000149,0.10000000149,-0.10000000149,0,0.0500000007451,0.300000011921,0,-0.20000000298,1800,1,0,-1,2800,2,0,0,1,0,0,0,3,5.4,7.5,312,1120,1960,1000,Full-Power Energy Wave,,0 | 1000 | 1140,4560.0,285,1140,1,4,0.083333,5,Silent Assassin 13,,0 | 1000 | 6700,,,,,,,,S.S. Deadly Bomber,,0 | 1000 | 4000 | 12000,3200.0,800,640,1,2,0.1,,1,30000,50000,50000,30000,10000,2,4,1,1,1,1
0621_00,Fusion Android 13,Android Power,7,1.15,45000,12,0.15000000596,-0.0500000007451,-0.0500000007451,200,200,40,40,0,2000,800,800,160,160,0,3000,1.5,0,2,0,8,5,1,8,1,6,0.15000000596,0.15000000596,0.15000000596,0.15000000596,0.15000000596,-0.15000000596,-0.15000000596,-0.0500000007451,0.0500000007451,0.0500000007451,0,0.300000011921,-0.15000000596,-0.10000000149,-0.10000000149,0.20000000298,0,0,0.300000011921,0,0.10000000149,2000,1,0,-1,2800,2,0,0,2,0,0,0,3,5.4,7.5,312,1120,1960,1000,S.S. Deadly Bomber,,0 | 1000 | 5700,5700.0,1140,1140,1,2,0.1,,Super Explosive Wave,,0 | 1000 | 1400 | 6700,1120.0,280,224,1.0,4,0.15,,S.S. Deadly Hammer,,0 | 1000 | 13000,,,,,,,,0.96,30000,50000,50000,30000,10000,0,4,1,1,1,1
0630_00,Bojack,Power,5,1.05,40000,16,0.15000000596,-0.0500000007451,-0.0500000007451,200,200,40,40,0,2000,300,500,60,100,0,3000,1.2,0,1.8,0,4,4,1,4,1,4,0.15000000596,0.15000000596,0.15000000596,0.15000000596,0.15000000596,-0.15000000596,-0.15000000596,-0.0500000007451,0.0500000007451,0.0500000007451,0,0.300000011921,-0.15000000596,-0.10000000149,-0.10000000149,0.20000000298,0,0,0,0,0.10000000149,1750,1.3,7,10.5,2800,2,0,0,2,0,0,0,3,5.4,7.5,312,1120,1960,1000,Full-Power Energy Ball,,0 | 1000 | 5700,5700.0,1140,1140,1,11,0.1,,Trap Shooter,,0 | 867 | 1000 | 6700,867.0,173,173,10.0,,0.1,,Grand Smasher,,0 | 1000 | 2600 | 13000,2080.0,520,416,1,4,0.1,,1,10000,50000,20000,30000,10000,0,3,1,1,1,2
0631_00,Full-Power Bojack,Power,7,1.15,45000,16,0.15000000596,-0.0500000007451,-0.0500000007451,200,200,40,40,0,2000,640,640,128,128,0,10000,1.05,0,1.1,0,7,3,1,7,1,4,0.15000000596,0.15000000596,0.15000000596,0.15000000596,0.15000000596,-0.15000000596,-0.15000000596,-0.0500000007451,0.0500000007451,0.0500000007451,0,0.300000011921,-0.15000000596,-0.10000000149,-0.10000000149,0.20000000298,0,0,0,0,0.10000000149,1750,1.3,7,10.5,2800,2,0,0,2,0,0,0,3,5.4,7.5,312,1120,1960,1000,Grand Smasher,,0 | 1000 | 5700,5700.0,1140,1140,1,11,0.1,,Galactic Tyrant,,0 | 1000 | 6700,,,,,,,,Galactic Buster,,0 | 1000 | 12500,0.0,2400,2400,1,,,,0.97,20000,50000,20000,30000,10000,0,2,1,1,1,2
0640_00,Zangya,Speed,4,1,40000,12,-0.0500000007451,0,0,200,200,40,40,0,2000,640,640,128,128,0,10000,1.05,0,1.1,0,6,3,2,6,1,5,-0.20000000298,-0.20000000298,-0.10000000149,-0.10000000149,-0.10000000149,0,0,0,-0.10000000149,-0.10000000149,0,-0.25,0.10000000149,0,0,0,0,0.0500000007451,0,0.0500000007451,0.20000000298,1750,1.3,7,10.5,2800,2,0,0,2,0,0,0,3,5.4,7.5,312,1120,1960,1000,Shoot Blaster,,0 | 1000 | 5700,5700.0,1140,1140,1,11,0.1,,Trap Shooter,,0 | 867 | 1000 | 6700,867.0,173,173,10.0,,0.1,,Sky Zapper,,0 | 1000 | 12000,,,,,,,,1.12,30000,50000,20000,30000,10000,1,4,1,1,1,2
0650_00,Janemba,giant,5,1.05,50000,10,0.10000000149,0.10000000149,0.10000000149,300,300,60,60,0,3000,400,400,80,80,0,4500,1.5,0,2,0,2,2,1,2,1,4,1.5,-0.10000000149,2.5,-0.10000000149,0.15000000596,-0.10000000149,-0.10000000149,0,0.15000000596,-0.10000000149,0,-0.25,-0.15000000596,0,0,0,0,0,0.0500000007451,0,0,1500,1.3,8,12,2800,1,0,0,2,0,0,0,3,5.4,7.5,420,1120,1960,1000,Chou Makouhou,,0 | 1000 | 1240,4960.0,248,992,1,4,0.083333,,Rapid Cannon,,0 | 838 | 1000 | 6700,838.0,210,210,10.0,,0.1,,Illusion Smash,,0 | 1000 | 13000,,,,,,,,0.93,20000,50000,20000,30000,10000,0,2,0,1,1,3
0651_00,Super Janemba,Almighty,7,1.15,40000,20,0.10000000149,0.10000000149,0.10000000149,200,200,40,40,0,2000,700,700,140,140,0,3000,1.5,0,2,0,10,3,2,10,1,5,0.10000000149,0.10000000149,0.10000000149,0.10000000149,0.10000000149,0.10000000149,0.10000000149,0.10000000149,0,0,0,0.15000000596,0,0,-0.10000000149,0.10000000149,0,0.10000000149,0,0,0,2250,1.3,5.5,8.25,2800,3,0,0,2,0,0,0,3,5.4,7.5,312,1120,1960,1000,Evil Cannon,,0 | 1000 | 1140,4560.0,285,1140,1,4,0.083333,5,Lightning Shower Rain,,0 | 1000 | 1040 | 6700,832.0,260,208,10.0,11,0.1,,Dimension Sword Attack,,0 | 1000 | 12000,,,,,,,,1,30000,50000,20000,30000,10000,0,4,1,1,1,1
0660_00,Tapion,Speed,4,1,40000,4,-0.0500000007451,0,0,200,200,40,40,0,2000,700,700,140,140,0,3000,1.5,0,2,0,4,4,1,4,1,4,-0.20000000298,-0.20000000298,-0.10000000149,-0.10000000149,-0.10000000149,0,0,0,-0.10000000149,-0.10000000149,0,-0.25,0.10000000149,0,0,0,0,0.0500000007451,0,0.0500000007451,0.20000000298,1750,1.3,7,10.5,2800,2,0,0,1,0,0,0,3,5.4,7.5,312,1120,1960,1000,Brave Cannon,,0 | 1000 | 5700,5700.0,1140,1140,1,11,0.1,,Brave Slash,,0 | 1000 | 6700,800.0,250,200,10.0,,0.1,,Brave Sword Attack,,0 | 1000 | 12000,,,,,,,,1,20000,50000,20000,30000,10000,0,3,1,1,1,1
0670_00,Hirudegarn,giant,6,1.1,50000,20,0.10000000149,0.10000000149,0.10000000149,300,300,60,60,0,3000,1000,1000,200,200,0,4500,1.5,0,2,0,3,3,1,3,1,5,1.5,-0.10000000149,2.5,-0.10000000149,0.15000000596,-0.10000000149,-0.10000000149,0,0.15000000596,-0.10000000149,0,-0.25,-0.15000000596,0,0,0,0,0,0.0500000007451,0,0,1500,1.3,8,12,2800,1,0,0,2,0,0,0,3,5.4,7.5,420,1120,1960,1000,Chou Makousen,,0 | 1000 | 1675,1340.0,335,268,,3,0.15,,Super Explosive Wave,,0 | 1000 | 1400 | 6700,1400.0,350,350,1.0,4,0.15,,Gigantic Flame,,0 | 1000 | 13000,0.0,480,384,1,4,0.1,,1,40000,50000,20000,30000,10000,0,2,0,1,1,1
0680_00,Baby Vegeta (GT),Vegeta_Shoot,5,1.05,40000,12,-0.10000000149,0,0,200,200,40,40,0,1400,400,400,80,80,0,6000,1.5,0,2,0,4,4,1,4,1,5,-0.10000000149,-0.10000000149,-0.10000000149,-0.10000000149,-0.10000000149,-0.10000000149,0.15000000596,0,-0.0500000007451,-0.0500000007451,0,-0.25,0.10000000149,0.10000000149,0.10000000149,-0.10000000149,0,0.0500000007451,0,0,-0.20000000298,1750,1.3,7,10.5,2800,2,0,0,2,0,0,0,3,5.4,7.5,312,1120,1960,1000,Galick Gun,,0 | 1000 | 1140,4560.0,285,1140,1,4,0.083333,,Finger Blitz Barrage,,0 | 1000 | 6700,,,,10.0,,0.1,,Final Flash,,0 | 1000 | 12000,0.0,480,384,1,4,0.1,,1,20000,50000,20000,30000,10000,0,3,1,1,1,3
0680_01,Super Baby 1 (GT),Normal,6,1.1,40000,14,0,0,0,200,200,40,40,0,2000,400,400,80,80,0,6000,1.5,0,2,0,6,3,2,6,1,5,0,0,0,0,0,0,0,0,0,0,0,0,0,0,0,0,0,0,0,0,0,1500,1.3,8,12,2800,2,0,0,2,0,0,0,3,5.4,7.5,312,1120,1960,1000,Galick Gun,,0 | 1000 | 1140,4560.0,285,1140,1,4,0.083333,,Tuffle Revenger,,0 | 1000 | 6700,,,,,,,,Final Flash,,0 | 1000 | 12000,0.0,480,384,1,4,0.1,,1,20000,50000,20000,30000,10000,0,4,1,1,1,3
0680_02,Super Baby 2 (GT),Almighty,7,1.15,40000,16,0.10000000149,0.10000000149,0.10000000149,200,200,40,40,0,2000,700,700,140,140,0,3000,1.5,0,2,0,10,7,1,10,1,5,0.10000000149,0.10000000149,0.10000000149,0.10000000149,0.10000000149,0.10000000149,0.10000000149,0.10000000149,0,0,0,0.15000000596,0,0,-0.10000000149,0.10000000149,0,0.10000000149,0,0,0,1500,1.3,8,12,2800,2,0,0,2,0,0,0,3,5.4,7.5,312,1120,1960,1000,Final Flash,,0 | 1000 | 1040,4160.0,208,832,1,4,0.083333,,Revenge Cutter,,0 | 1000 | 1667 | 6700,1667.0,333,333,,2,0.2,,Revenge Death Ball,,0 | 1000 | 11000,0.0,2400,1920,1,,,,1,20000,50000,20000,30000,10000,0,5,1,1,1,1
0681_00,Great Ape Baby (GT),giant,7,1.15,50000,18,0.10000000149,0.10000000149,0.10000000149,300,300,60,60,0,3000,1000,1000,200,200,0,4500,1.5,0,2,0,4,4,1,4,1,5,1.5,-0.10000000149,2.5,-0.10000000149,0.15000000596,-0.10000000149,-0.10000000149,0,0.15000000596,-0.10000000149,0,-0.25,-0.15000000596,0,0,0,0,0,0.0500000007451,0,0,1500,1.3,8,12,2800,1,0,0,2,0,0,0,3,5.4,7.5,420,1120,1960,1000,Super Galick Gun,,0 | 1000 | 1240,4960.0,248,992,1,4,0.083333,,Gigantic Flame,,0 | 1000 | 1340 | 6700,1005.0,335,268,,3,0.1,,Revenge Death Ball Final,,0 | 1000 | 13000,0.0,2400,1920,1,,,,0.9,30000,50000,20000,30000,10000,0,3,0,1,1,1
0690_00,Nuova Shenron (GT),Speed,7,1.15,40000,8,-0.0500000007451,0,0,200,200,40,40,0,2000,400,400,80,80,0,6000,1.5,0,2,0,7,7,1,7,1,5,-0.20000000298,-0.20000000298,-0.10000000149,-0.10000000149,-0.10000000149,0,0,0,-0.10000000149,-0.10000000149,0,-0.25,0.10000000149,0,0,0,0,0.0500000007451,0,0.0500000007451,0.20000000298,1750,1.3,7,10.5,2800,3,0,0,2,0,0,0,3,5.4,7.5,312,1120,1960,1000,Burst Attack,,0 | 1000 | 5700,5700.0,1140,1140,1,11,0.1,,Burning Tornado,,0 | 1000 | 6000 | 6700,,1200,,,,,,Blaster Meteor,,0 | 1000 | 12000,,,,,,,,1,20000,50000,20000,30000,10000,0,5,1,1,1,3
0700_00,Syn Shenron (GT),Power,7,1.15,40000,20,0.15000000596,-0.0500000007451,-0.0500000007451,200,200,40,40,0,2000,400,400,80,80,0,6000,1.5,0,2,0,7,7,1,7,1,5,0.15000000596,0.15000000596,0.15000000596,0.15000000596,0.15000000596,-0.15000000596,-0.15000000596,-0.0500000007451,0.0500000007451,0.0500000007451,0,0.300000011921,-0.15000000596,-0.10000000149,-0.10000000149,0.20000000298,0,0,0,0,0.10000000149,1750,1.3,7,10.5,2800,3,0,0,2,0,0,0,3,5.4,7.5,312,1120,1960,1000,Trap Shooter,,0 | 867 | 1000,867.0,173,173,10,,0.1,,Blazing Storm,,0 | 1000 | 1300 | 6700,1040.0,260,208,1.0,3 | 5,0.1,,Gigantic Blaze,,0 | 1000 | 12000,0.0,2250,1500,,3,0.1,,0.98,30000,50000,20000,30000,10000,0,5,1,1,1,3
0700_01,Omega Shenron (GT),Almighty,8,1.2,45000,20,0.10000000149,0.10000000149,0.10000000149,200,200,40,40,0,2000,400,400,80,80,0,6000,1.5,0,2,0,9,4,2,9,1,6,0.10000000149,0.10000000149,0.10000000149,0.10000000149,0.10000000149,0.10000000149,0.10000000149,0.10000000149,0,0,0,0.15000000596,0,0,-0.10000000149,0.10000000149,0,0.10000000149,0,0,0,1750,1.3,7,10.5,2800,3,0,0,3,0,0,0,3,5.4,7.5,312,1120,1960,1000,Gigantic Blaze,,0 | 1000 | 5700,0.0,965,770,,3,0.15,,Dragon Thunder,,0 | 1000 | 6700,,,,,,,,Minus Energy Power Ball,,0 | 1000 | 12000,0.0,2400,2400,1,,,,0.96,40000,50000,20000,30000,10000,0,6,1,1,1,3
0710_00,Mercenary Tao,Normal,2,0.9,35000,10,0,0,0,200,200,40,40,0,2000,700,700,140,140,0,3000,1.5,0,2,0,3,3,1,3,1,4,0,0,0,0,0,0,0,0,0,0,0,0,0,0,0,0,0,0,0,0,0,1750,1.3,7,10.5,2800,1,0,0,2,0,0,0,3,5.4,7.5,312,1120,1960,1000,Original Dodon Ray,,0 | 1000 | 5200,4360.0,1040,1040,1,4,0.12,,Crane Style Assassin Strike,,0 | 1000 | 6700,,,,,,,,Ultimate Final Strategy,,0 | 1000 | 12000,,,,,,,,1,10000,50000,20000,30000,10000,2,2,1,1,1,1
0720_00,General Blue,Normal,2,0.9,30000,10,0,0,0,200,200,40,40,0,2000,700,700,140,140,0,3000,1.5,0,2,0,0,0,1,0,1,4,0,0,0,0,0,0,0,0,0,0,0,0,0,0,0,0,0,0,0,0,0,1500,1.3,8,12,2800,1,0,0,1,0,0,0,3,5.4,7.5,312,1120,1960,1000,I'll Shoot You!,,0 | 1000 | 5700,5700.0,1140,1140,1,11,0.1,,Skewer!,,0 | 1000 | 6700,0.0,0,0,,,,,Rocket Engine Spark,,0 | 1000 | 12000,,,,,,,,1.1,20000,50000,20000,30000,10000,2,0,1,1,1,1
0730_00,Spike the Devil Man,Normal,2,0.9,30000,20,0,0,0,200,200,40,40,0,2000,400,400,80,80,0,6000,1.5,0,2,0,4,4,1,4,1,5,0,0,0,0,0,0,0,0,0,0,0,0,0,0,0,0,0,0,0,0,0,1750,1.3,7,10.5,2800,2,0,0,1,0,0,0,3,5.4,7.5,312,1120,1960,1000,Fork Attack,,0 | 1000 | 5700,5700.0,1140,1140,1,11,0.1,,Demon Fork Rush,,0 | 1000 | 6700,,,,,,,,Devilmite Beam,,0 | 1000 | 30000,0.0,0,0,1,,,,1,20000,50000,20000,30000,10000,2,3,1,1,1,3
0760_00,Spopovich,Power,2,0.9,35000,14,0.15000000596,-0.0500000007451,-0.0500000007451,200,200,40,40,0,2000,700,700,140,140,0,3000,1.5,0,2,0,1,1,1,1,1,4,0.15000000596,0.15000000596,0.15000000596,0.15000000596,0.15000000596,-0.15000000596,-0.15000000596,-0.0500000007451,0.0500000007451,0.0500000007451,0,0.300000011921,-0.15000000596,-0.10000000149,-0.10000000149,0.20000000298,0,0,0,0,0.10000000149,1750,1.3,7,10.5,2800,2,0,0,1,0,0,0,3,5.4,7.5,312,1120,1960,1000,Berserker Crash,,0 | 1000 | 6000,,1200,,,,,,Mad Banquet,,0 | 1000 | 6700,,,,,,,,Majin Buu Resurrection,,0 | 1000 | 12000,,,,,,,,1,20000,50000,20000,30000,10000,1,1,1,1,1,1
0780_00,Beerus,god,10,1.3,45000,0,0.15000000596,0.10000000149,0.10000000149,200,200,40,40,0,2000,700,700,140,140,0,3000,1.5,0,2,0,17,4,2,17,1,6,0.15000000596,0.15000000596,0,0.15000000596,0.15000000596,0.10000000149,0.10000000149,0.10000000149,0.10000000149,0.10000000149,0,0.15000000596,0.15000000596,0,0,0,0,0,0,-0.20000000298,0,2000,1.3,6,9,2800,4,0,0,2,0,0,0,3,5.4,7.5,312,1120,1960,1000,Sphere of Destruction,,0 | 1000 | 5700,5700.0,1140,1140,1,11,0.1,,Hakai Headshot,,0 | 1000 | 6700,,,,,,,,Super Sphere of Destruction,,0 | 1000 | 12000,0.0,2400,1920,1,,,,0.95,20000,50000,20000,30000,10000,0,6,1,1,1,1
0790_00,Whis,god,10,1.3,45000,0,0.15000000596,0.10000000149,0.10000000149,200,200,40,40,0,2000,800,800,160,160,0,3000,1.5,0,2,0,18,4,2,18,1,6,0.15000000596,0.15000000596,0,0.15000000596,0.15000000596,0.10000000149,0.10000000149,0.10000000149,0.10000000149,0.10000000149,0,0.15000000596,0.15000000596,0,0,0,0,0,0,-0.20000000298,0,2250,1.3,5.5,8.25,2800,4,0,0,2,0,0,0,3,5.4,7.5,312,1120,1960,1000,Prelude to Destruction,,0 | 1000 | 1040,4160.0,208,1040,1,4,0.12,,Symphonic Destruction,,0 | 500 | 750 | 1000 | 6700,500 | 750,200 | 300,200 | 300,,2,0.1 | 0.15,,Epilogue to Destruction,,0 | 1000 | 12000,,,,,,,,0.95,30000,50000,20000,30000,10000,0,6,1,1,1,1
0800_00,Goku Black,Normal,5,1.05,40000,16,0,0,0,200,200,40,40,0,2000,700,700,140,140,0,3000,1.5,0,2,0,7,7,1,7,1,6,0,0,0,0,0,0,0,0,0,0,0,0,0,0,0,0,0,0,0,0,0,1750,1.3,7,10.5,2800,2,0,0,2,0,0,0,3,5.4,7.5,312,1120,1960,1000,Black Power Ball,,0 | 1000 | 5700,5700.0,1140,1140,1,11,0.1,,Black Bind,,0 | 1000 | 6700,,,,,,,,Black Kamehameha,,0 | 800 | 1000 | 12000,9600.0,160,1920,1,14,0.05,,1,20000,50000,20000,30000,10000,0,4,1,1,1,1
0800_01,"Goku Black, Super Saiyan Rosé",Saiyan,8,1.2,40000,17,0.119999997318,0.10000000149,0.10000000149,200,200,40,40,0,2000,700,700,140,140,0,3000,1.5,0,2,0,9,4,2,9,1,6,0.119999997318,0.119999997318,0.10000000149,0.10000000149,0.10000000149,0.119999997318,0.119999997318,0.10000000149,0,0,0,0.10000000149,0.10000000149,-0.10000000149,0.10000000149,0,-0.10000000149,0,-0.10000000149,0,0,1500,1.3,8,12,2800,3,0,0,2,0,0,0,3,5.4,7.5,312,1120,1960,1000,Black Kamehameha,,0 | 1000 | 1140,4560.0,285,1140,1,4,0.083333,,Godly Display Slash,,0 | 1000 | 6700,,,,,,,,Godly Black Kamehameha,,0 | 1000 | 12000,,,,,,,,1,20000,50000,20000,30000,10000,0,6,1,1,1,1
0810_00,Zamasu,villain,5,1.05,40000,16,0,0.17499999702,0.17499999702,200,200,40,40,0,2000,800,800,160,160,0,3000,1.5,0,2,0,7,3,2,7,1,5,0,0,0.15000000596,0,0.15000000596,0,0,0.10000000149,0,0,0,0,0,-0.10000000149,0.10000000149,0,-0.10000000149,0,-0.10000000149,0,0,1750,1.3,7,10.5,2800,2,0,0,2,0,0,0,3,5.4,7.5,312,1120,1960,1000,Divine Steel Blast,,0 | 1000 | 5700,5700.0,1140,1140,1,11,0.1,,God Slicer,,0 | 1000 | 6700,,,,,,,,Holy Light Grenade,,0 | 1000 | 12000,0.0,2400,2400,1,,,,1,10000,50000,20000,30000,10000,0,4,1,1,1,1
0810_01,Fused Zamasu,villain,8,1.2,45000,18,0,0.17499999702,0.17499999702,200,200,40,40,0,2000,700,700,140,140,0,3000,1.5,0,2,0,15,4,2,15,1,5,0,0,0.15000000596,0,0.15000000596,0,0,0.10000000149,0,0,0,0,0,-0.10000000149,0.10000000149,0,-0.10000000149,0,-0.10000000149,0,0,1750,1.3,7,10.5,2800,3,0,0,2,0,0,0,3,5.4,7.5,312,1120,1960,1000,Holy Wrath,,0 | 1000 | 5700,5700.0,1140,1140,1,11,0.1,,Blades of Judgment,,0 | 500 | 1000 | 6700,400.0,125,100,10.0,,0.1,,Lightning of Absolution,,0 | 1000 | 12000,,,,,,,,1,20000,50000,20000,30000,10000,0,6,1,1,1,1
0811_00,"Fused Zamasu, Half-Corrupted",Power,9,1.25,45000,20,0.15000000596,-0.0500000007451,-0.0500000007451,200,200,40,40,0,2000,700,700,140,140,0,3000,1.5,0,2,0,16,5,1,16,1,6,0.15000000596,0.15000000596,0.15000000596,0.15000000596,0.15000000596,-0.15000000596,-0.15000000596,-0.0500000007451,0.0500000007451,0.0500000007451,0,0.300000011921,-0.15000000596,-0.10000000149,-0.10000000149,0.20000000298,0,0,0,0,0.10000000149,1500,1.3,8,12,2800,4,0,0,2,0,0,0,3,5.4,7.5,312,1120,1960,1000,Mark of Condemnation,,0 | 1000 | 5700,5700.0,1140,1140,1,11,0.1,,Violent Fierce God Slicer,,0 | 1000 | 6700,,,,,,,,Divine Hammer,,0 | 1000 | 13500,,,,,,,,0.97,30000,50000,20000,30000,10000,0,4,1,1,1,1
0820_00,Demon King Piccolo,Shoot,4,1,40000,20,-0.10000000149,0,0,200,200,40,40,0,2000,800,800,160,160,0,3000,1.5,0,2,0,6,3,2,6,1,5,-0.10000000149,-0.10000000149,-0.10000000149,-0.10000000149,-0.10000000149,0.15000000596,0.15000000596,0,-0.0500000007451,-0.0500000007451,0,-0.25,0.10000000149,0.10000000149,0.10000000149,-0.10000000149,0,0.0500000007451,0,0,-0.20000000298,1750,1.3,7,10.5,2800,2,0,0,2,0,0,0,3,5.4,7.5,312,1120,1960,1000,Soumasen,,0 | 1000 | 1300,1040.0,260,208,1,5,0.1,,Explosive Evil Impact,,0 | 1000 | 1300 | 5700 | 6700,1040 | 5700,260 | 1140,208 | 1140,1.0,3 | 11,0.1,,Explosive Demon Wave,,0 | 1000 | 12000,0.0,480,384,1,4,0.1,,1,30000,50000,20000,30000,10000,0,5,1,1,1,1
0830_00,Jaco,Shoot,3,0.95,35000,5,-0.10000000149,0,0,200,200,40,40,0,2000,700,700,140,140,0,3000,1.5,0,2,0,4,5,1,4,1,5,-0.10000000149,-0.10000000149,-0.10000000149,-0.10000000149,-0.10000000149,0.15000000596,0.15000000596,0,-0.0500000007451,-0.0500000007451,0,-0.25,0.10000000149,0.10000000149,0.10000000149,-0.10000000149,0,0.0500000007451,0,0,-0.20000000298,1750,1.3,7,10.5,2800,1,0,0,1,0,0,0,3,5.4,7.5,312,1120,1960,1000,Elite Beam,,0 | 1000 | 5200,4360.0,1040,1040,1,4,0.12,,Elite Rush,,0 | 1000 | 6700,,,,,,,,Super Elite Combo,,0 | 1000 | 12000,,,,,,,,1.1,20000,50000,20000,30000,10000,1,5,1,1,1,1
0870_00,Hit,rival,8,1.2,40000,7,0.10000000149,0.10000000149,0,200,200,40,40,0,2000,700,700,140,140,0,3000,1.5,0,2,0,7,5,1,7,1,5,0,0.10000000149,-0.0500000007451,0.10000000149,-0.0500000007451,0.10000000149,0,0.10000000149,0,0,0,-0.0500000007451,-0.0500000007451,0,0.10000000149,0,0,0,0,0,0,1750,1.3,7,10.5,2800,3,0,0,2,0,0,0,3,5.4,7.5,312,1120,1960,1000,Assassin's Art,,0 | 1000 | 1140,4560.0,285,1140,1,4,0.083333,,Time Skip/Jump Spike,,0 | 1000 | 6700,,,,,,,,Time Prison,,0 | 1000 | 12000,,,,,,,,1,20000,50000,20000,30000,10000,0,4,1,1,1,1
0881_00,Frost,Shoot,6,1.1,40000,16,-0.10000000149,0,0,200,200,40,40,0,2000,640,640,128,128,0,10000,1.05,0,1.1,0,8,3,2,8,1,6,-0.10000000149,-0.10000000149,-0.10000000149,-0.10000000149,-0.10000000149,0.15000000596,0.15000000596,0,-0.0500000007451,-0.0500000007451,0,-0.25,0.10000000149,0.10000000149,0.10000000149,-0.10000000149,0,0.0500000007451,0,0,-0.20000000298,1750,1.3,7,10.5,2800,2,0,0,2,0,0,0,3,5.4,7.5,312,1120,1960,1000,Chaos Beam,,0 | 1000 | 5200,4360.0,1040,1040,1,4,0.12,,Secret Poison,,0 | 1000 | 6700,,,,,,,,Chaos Ball,,0 | 1000 | 12000,0.0,2400,2400,1,,,,1,20000,50000,20000,30000,10000,0,5,1,1,1,2
0890_00,Cabba,Normal,5,1.05,40000,2,0,0,0,200,200,40,40,0,2000,700,700,140,140,0,3000,1.5,0,2,0,6,3,2,6,1,5,0,0,0,0,0,0,0,0,0,0,0,0,0,0,0,0,0,0,0,0,0,1750,1.3,7,10.5,2800,2,0,0,2,0,0,0,3,5.4,7.5,312,1120,1960,1000,Galick Cannon,,0 | 1000 | 1140,4560.0,285,1140,1,4,0.083333,5,High Speed Rush,,0 | 1000 | 6700,,,,,,,,Galick Rage,,0 | 1000 | 12000,,,,,,,,1,20000,50000,20000,30000,10000,0,4,1,1,1,1
0890_01,"Cabba, Super Saiyan",Saiyan,6,1.1,40000,3,0.119999997318,0.10000000149,0.10000000149,200,200,40,40,0,2000,700,700,140,140,0,3000,1.5,0,2,0,8,4,2,8,1,5,0.119999997318,0.119999997318,0.10000000149,0.10000000149,0.10000000149,0.119999997318,0.119999997318,0.10000000149,0,0,0,0.10000000149,0.10000000149,-0.10000000149,0.10000000149,0,-0.10000000149,0,-0.10000000149,0,0,1750,1.3,7,10.5,2800,2,0,0,2,0,0,0,3,5.4,7.5,312,1120,1960,1000,Galick Rain,,0 | 600 | 1000,500.0,100,100,10,,0.1,,Galick Rage,,0 | 1000 | 6700,,,,,,,,Super Galick Cannon,,0 | 1000 | 12000,0.0,480,384,1,4,0.1,,1,20000,50000,20000,30000,10000,0,6,1,1,1,1
0890_02,"Cabba, Super Saiyan 2",Saiyan,7,1.15,40000,3,0.119999997318,0.10000000149,0.10000000149,200,200,40,40,0,2000,700,700,140,140,0,3000,1.5,0,2,0,9,5,2,9,1,5,0.119999997318,0.119999997318,0.10000000149,0.10000000149,0.10000000149,0.119999997318,0.119999997318,0.10000000149,0,0,0,0.10000000149,0.10000000149,-0.10000000149,0.10000000149,0,-0.10000000149,0,-0.10000000149,0,0,1750,1.3,7,10.5,2800,2,0,0,3,0,0,0,3,5.4,7.5,312,1120,1960,1000,Super Galick Cannon,,0 | 1000 | 1140,4560.0,285,1140,1,4,0.083333,5,Galick Rain,,0 | 600 | 1000 | 6700,500.0,100,100,10.0,,0.1,,Final Stream,,0 | 1000 | 12000,0.0,480,384,1,4,0.1,,1,20000,50000,20000,30000,10000,0,8,1,1,1,1
0900_00,Caulifla,Normal,5,1.05,40000,6,0,0,0,200,200,40,40,0,2000,270,500,54,100,0,3000,1.2,0,1.8,0,6,3,2,6,1,6,0,0,0,0,0,0,0,0,0,0,0,0,0,0,0,0,0,0,0,0,0,1750,1.3,7,10.5,2800,2,0,0,2,0,0,0,3,5.4,7.5,312,1120,1960,1000,Full-Power Energy Wave,,0 | 1000 | 1140,4560.0,285,1140,1,4,0.083333,5,Super Explosive Wave,,0 | 1000 | 1400 | 6700,1120.0,280,224,1.0,4,0.15,,Crush Cannon,,0 | 1000 | 2400 | 12000,1920.0,480,384,10,,0.1,,1,20000,50000,20000,30000,10000,0,4,1,1,1,3
0900_02,"Caulifla, Super Saiyan 2",Saiyan,7,1.15,40000,7,0.119999997318,0.10000000149,0.10000000149,200,200,40,40,0,2000,220,350,44,70,0,3000,1.15,0,1.75,0,8,7,1,8,1,6,0.119999997318,0.119999997318,0.10000000149,0.10000000149,0.10000000149,0.119999997318,0.119999997318,0.10000000149,0,0,0,0.10000000149,0.10000000149,-0.10000000149,0.10000000149,0,-0.10000000149,0,-0.10000000149,0,0,1750,1.3,7,10.5,2800,3,0,0,2,0,0,0,3,5.4,7.5,312,1120,1960,1000,Energy Blast,,0 | 1000 | 1140,4560.0,285,1140,1,4,0.083333,5,High Power Rush,,0 | 1000 | 6700,,,,,,,,Limit Break Blaster,,0 | 1000 | 12500,0.0,480,384,1,4,0.1,,1,20000,50000,20000,30000,10000,0,4,1,1,1,5
0910_00,Kale,Normal,5,1.05,40000,3,0,0,0,200,200,40,40,0,2000,700,700,140,140,0,3000,1.5,0,2,0,6,4,1,6,1,4,0,0,0,0,0,0,0,0,0,0,0,0,0,0,0,0,0,0,0,0,0,1750,1.3,7,10.5,2800,2,0,0,2,0,0,0,3,5.4,7.5,312,1120,1960,1000,Resistance Cannon,,0 | 1000 | 1140,4560.0,285,1140,1,4,0.083333,5,Full-Power Energy Blast Volley,,0 | 600 | 1000 | 6700,500.0,100,100,10.0,,0.1,,Resistance Blast,,0 | 1000 | 4000 | 12000,3200.0,800,640,1,2,0.1,,1,10000,50000,20000,30000,10000,0,3,1,1,1,1
0911_00,"Kale, Super Saiyan (Berserk)",legend Saiyan,7,1.15,45000,12,0.34999999404,0.0500000007451,0.0500000007451,200,200,40,40,0,2000,170,350,34,70,0,3000,1.15,0,1.75,0,8,5,1,8,1,6,0.34999999404,0.34999999404,0.34999999404,0,0.34999999404,0.10000000149,0.10000000149,0.10000000149,-0.129999995232,-0.129999995232,0,0.15000000596,0,0,0,0,0,0,0,0,0,1750,1.3,7,10.5,2800,3,0,0,2,0,0,0,3,5.4,7.5,312,1120,1960,1000,Gigantic Impact,,0 | 1000 | 1140,4560.0,285,1140,1,4,0.083333,5,Gigantic Throw,,0 | 1000 | 6700,,,,,,,,Berserk Blaster,,0 | 1000 | 14000,0.0,375,300,1,9,0.1,,0.9,30000,50000,20000,30000,10000,0,4,1,1,1,6
0912_00,"Kale, Super Saiyan",Saiyan,6,1.1,40000,4,0.119999997318,0.10000000149,0.10000000149,200,200,40,40,0,2000,700,700,140,140,0,3000,1.5,0,2,0,8,7,1,8,1,6,0.119999997318,0.119999997318,0.10000000149,0.10000000149,0.10000000149,0.119999997318,0.119999997318,0.10000000149,0,0,0,0.10000000149,0.10000000149,-0.10000000149,0.10000000149,0,-0.10000000149,0,-0.10000000149,0,0,1750,1.3,7,10.5,2800,3,0,0,1,0,0,0,3,5.4,7.5,312,1120,1960,1000,Resistance Blast,,0 | 1000 | 1140,4560.0,285,1140,1,4,0.083333,5,Super Explosive Wave,,0 | 1000 | 1400 | 6700,1120.0,280,224,1.0,4,0.15,,Limit Break Blaster,,0 | 1000 | 13500,0.0,480,384,1,4,0.1,,1,30000,50000,20000,30000,10000,0,5,1,1,1,1
0920_00,Kefla,union,6,1.1,50000,6,0.129999995232,0.10000000149,0.10000000149,200,200,40,40,0,2000,700,700,140,140,0,3000,1.5,0,2,0,10,7,1,10,1,5,0.129999995232,0.129999995232,0.10000000149,0.10000000149,0.10000000149,0.129999995232,0.129999995232,0.10000000149,0.0500000007451,0.0500000007451,0,0.15000000596,0.15000000596,-0.15000000596,0.10000000149,0.10000000149,-0.15000000596,0.10000000149,-0.15000000596,0,0.10000000149,1750,1.3,7,10.5,2800,2,0,0,2,0,0,0,3,5.4,7.5,312,1120,1960,1000,Blaster Ball,,0 | 1000 | 5700,5700.0,1140,1140,1,11,0.1,,Gigantic Swing,,0 | 1000 | 6700,,,,,,,,Gigantic Burn,,0 | 1000 | 12500,0.0,375,300,1,9,0.2,,1,20000,50000,20000,30000,10000,0,5,1,1,1,1
0920_01,"Kefla, Super Saiyan",union,7,1.15,50000,7,0.129999995232,0.10000000149,0.10000000149,200,200,40,40,0,2000,170,350,34,70,0,3000,1.15,0,1.75,0,15,4,2,15,1,5,0.129999995232,0.129999995232,0.10000000149,0.10000000149,0.10000000149,0.129999995232,0.129999995232,0.10000000149,0.0500000007451,0.0500000007451,0,0.15000000596,0.15000000596,-0.15000000596,0.10000000149,0.10000000149,-0.15000000596,0.10000000149,-0.15000000596,0,0.10000000149,1750,1.3,7,10.5,2800,2,0,0,2,0,0,0,3,5.4,7.5,312,1120,1960,1000,Blaster Ball,,0 | 1000 | 5700,5700.0,1140,1140,1,11,0.1,,Gigantic Claw,,0 | 1000 | 6700,,,,,,,,Hexa-Cannonball,,0 | 1000 | 12000,0.0,800,800,10,,0.1,,1,20000,50000,20000,30000,10000,0,6,1,1,1,6
0920_02,"Kefla, Super Saiyan 2",union,8,1.2,50000,7,0.129999995232,0.10000000149,0.10000000149,200,200,40,40,0,2000,170,350,34,70,0,3000,1.15,0,1.75,0,20,3,3,20,1,6,0.129999995232,0.129999995232,0.10000000149,0.10000000149,0.10000000149,0.129999995232,0.129999995232,0.10000000149,0.0500000007451,0.0500000007451,0,0.15000000596,0.15000000596,-0.15000000596,0.10000000149,0.10000000149,-0.15000000596,0.10000000149,-0.15000000596,0,0.10000000149,1750,1.3,7,10.5,2800,3,0,0,2,0,0,0,3,5.4,7.5,312,1120,1960,1000,Gigantic Ray,,0 | 867 | 1000,867.0,173,173,10,,0.1,,Gigantic Breaker,,0 | 1000 | 6700,,,,,,,,Gigantic Burst,,0 | 1000 | 12500,0.0,375,300,1,9,0.2,,1,20000,50000,20000,30000,10000,0,7,1,1,1,6
0930_00,Jiren,rival,8,1.2,40000,4,0.10000000149,0.10000000149,0,200,200,40,40,0,2000,700,700,140,140,0,3000,1.5,0,2,0,10,7,1,10,1,6,0,0.10000000149,-0.0500000007451,0.10000000149,-0.0500000007451,0.10000000149,0,0.10000000149,0,0,0,-0.0500000007451,-0.0500000007451,0,0.10000000149,0,0,0,0,0,0,1750,1.3,7,10.5,2800,3,0,0,2,0,0,0,3,5.4,7.5,312,1120,1960,1000,Power Impact,,0 | 1000 | 5700,5700.0,1140,1140,1,11,0.1,,Infinity Rush,,0 | 1000 | 6700,,,,,,,,Heat Break,,0 | 1000 | 12000,,,,,,,,1,20000,50000,20000,30000,10000,0,5,1,1,1,1
0931_00,"Jiren, Full Power",Almighty,9,1.25,50000,6,0.10000000149,0.10000000149,0.10000000149,200,200,40,40,0,2000,170,350,34,70,0,3000,1.15,0,1.75,0,19,4,2,19,1,6,0.10000000149,0.10000000149,0.10000000149,0.10000000149,0.10000000149,0.10000000149,0.10000000149,0.10000000149,0,0,0,0.15000000596,0,0,-0.10000000149,0.10000000149,0,0.10000000149,0,0,0,2000,1.3,6,9,2800,4,0,0,2,0,0,0,3,5.4,7.5,312,1120,1960,1000,Heatwave Magnetron,,0 | 1000 | 1140,4560.0,285,1140,1,4,0.083333,5,Overheating Blast,,0 | 1000 | 2334 | 6700,2334.0,467,467,1.0,2,0.24,,Omegaheat Magnetron,,0 | 1000 | 12000,0.0,480,384,1,4,0.1,,0.97,30000,50000,20000,30000,10000,0,6,1,1,1,6
0940_00,Toppo,Shoot,7,1.15,40000,4,-0.10000000149,0,0,200,200,40,40,0,2000,700,700,140,140,0,3000,1.5,0,2,0,999,7,1,-1,1,5,-0.10000000149,-0.10000000149,-0.10000000149,-0.10000000149,-0.10000000149,0.15000000596,0.15000000596,0,-0.0500000007451,-0.0500000007451,0,-0.25,0.10000000149,0.10000000149,0.10000000149,-0.10000000149,0,0.0500000007451,0,0,-0.20000000298,1750,1.3,7,10.5,2800,3,0,0,1,0,0,0,3,5.4,7.5,312,1120,1960,1000,Justice Flash,,0 | 1000,,,,10,,0.1,,Justice Tornado,,0 | 1000 | 6700,,,,,,,,United Justice Stream,,0 | 1000 | 12000,0.0,480,384,1,4,0.1,,1,20000,50000,20000,30000,10000,0,5,1,1,1,1
0941_00,"Toppo, God of Destruction",god,8,1.2,50000,1,0.15000000596,0.10000000149,0.10000000149,200,200,40,40,0,2000,800,800,160,160,0,3000,1.5,0,2,0,999,5,1,-1,1,6,0.15000000596,0.15000000596,0,0.15000000596,0.15000000596,0.10000000149,0.10000000149,0.10000000149,0.10000000149,0.10000000149,0,0.15000000596,0.15000000596,0,0,0,0,0,0,-0.20000000298,0,2000,1.3,6,9,2800,3,0,0,2,0,0,0,3,5.4,7.5,312,1120,1960,1000,Destruction Flash,,0 | 1000,,,,10,,0.1,,Sphere of Destruction,,0 | 1000 | 5700 | 6700,5700.0,1140,1140,1.0,11,0.1,,Super Large Sphere of Destruction,,0 | 1000 | 12000,0.0,2400,1920,1,,,,0.95,30000,50000,20000,30000,10000,0,5,1,1,1,1
0950_00,Dyspo,Speed,6,1.1,40000,4,-0.0500000007451,0,0,200,200,40,40,0,2000,700,700,140,140,0,3000,1.5,0,2,0,6,7,1,6,1,6,-0.20000000298,-0.20000000298,-0.10000000149,-0.10000000149,-0.10000000149,0,0,0,-0.10000000149,-0.10000000149,0,-0.25,0.10000000149,0,0,0,0,0.0500000007451,0,0.0500000007451,0.20000000298,1750,1.3,7,10.5,2800,3,0,0,3,0,0,0,3,5.4,7.5,312,1120,1960,1000,Justice Crusher,,0 | 1000 | 1140,4560.0,285,1140,1,4,0.083333,5,Justice Kick,,0 | 1000 | 6700,,,,,,,,United Justice Stream,,0 | 1000 | 12000,0.0,480,384,1,4,0.1,,1.1,10000,50000,20000,30000,10000,0,5,1,1,1,1
1000_00,Champa,god,10,1.3,45000,0,0.15000000596,0.10000000149,0.10000000149,200,200,40,40,0,2000,400,400,80,80,0,6000,1.5,0,2,0,16,4,2,16,1,6,0.15000000596,0.15000000596,0,0.15000000596,0.15000000596,0.10000000149,0.10000000149,0.10000000149,0.10000000149,0.10000000149,0,0.15000000596,0.15000000596,0,0,0,0,0,0,-0.20000000298,0,2000,1.3,6,9,2800,4,0,0,2,0,0,0,3,5.4,7.5,312,1120,1960,1000,Sphere of Destruction,,0 | 1000 | 5700,5700.0,1140,1140,1,11,0.1,,God of Destruction's Menace,,0 | 1000 | 2334 | 6700,2334.0,467,467,1.0,2,0.24,,Super Sphere of Destruction,,0 | 1000 | 12000,0.0,2400,1920,1,,,,0.95,30000,50000,20000,30000,10000,0,6,1,1,1,3
1190_00,Bergamo,Normal,5,1.05,40000,11,0,0,0,200,200,40,40,0,2000,700,700,140,140,0,3000,1.5,0,2,0,7,3,2,7,1,5,0,0,0,0,0,0,0,0,0,0,0,0,0,0,0,0,0,0,0,0,0,1750,1.3,7,10.5,2800,2,0,0,2,0,0,0,3,5.4,7.5,312,1120,1960,1000,Wolfgang Penetrator,,0 | 1000 | 1140,4560.0,285,1140,1,4,0.083333,5,Danger Knuckle,,0 | 1000 | 6700,,,,,,,,Triangle Danger Beam,,0 | 1000 | 12000,,,,,,,,1,20000,50000,20000,30000,10000,0,4,1,1,1,1
1321_00,Ribrianne,Power,5,1.05,40000,3,0.15000000596,-0.0500000007451,-0.0500000007451,200,200,40,40,0,2000,640,640,128,128,0,10000,1.05,0,1.1,0,7,7,1,7,1,5,0.15000000596,0.15000000596,0.15000000596,0.15000000596,0.15000000596,-0.15000000596,-0.15000000596,-0.0500000007451,0.0500000007451,0.0500000007451,0,0.300000011921,-0.15000000596,-0.10000000149,-0.10000000149,0.20000000298,0,0,0,0,0.10000000149,1750,1.3,7,10.5,2800,2,0,0,2,0,0,0,3,5.4,7.5,312,1120,1960,1000,Pretty Cannon,,0 | 1000 | 5700,5700.0,1140,1140,1,11,0.1,,Maiden's Charge,,0 | 1000 | 6000 | 6700,,1200,,,,,,Infinite Love,,0 | 1000 | 13000,,,,,,,,1.05,20000,50000,20000,30000,10000,0,5,1,1,1,2
1331_00,Kakunsa,Speed,5,1.05,40000,3,-0.0500000007451,0,0,200,200,40,40,0,2000,700,700,140,140,0,3000,1.5,0,2,0,5,5,1,5,1,4,-0.20000000298,-0.20000000298,-0.10000000149,-0.10000000149,-0.10000000149,0,0,0,-0.10000000149,-0.10000000149,0,-0.25,0.10000000149,0,0,0,0,0.0500000007451,0,0.0500000007451,0.20000000298,1750,1.3,7,10.5,2800,3,0,0,1,0,0,0,3,5.4,7.5,312,1120,1960,1000,Primal Charge,,0 | 1000 | 5000,,1000,,,,,,Primal Instinct,,0 | 1000 | 5700,,,,,,,,Love Symphony,,0 | 1000 | 4000 | 12000,3200.0,800,640,1,2,0.1,,1.1,20000,50000,20000,30000,10000,0,4,1,1,1,1
1341_00,Roasie,Shoot,5,1.05,40000,3,-0.10000000149,0,0,200,200,40,40,0,2000,400,400,80,80,0,6000,1.5,0,2,0,15,5,2,15,1,4,-0.10000000149,-0.10000000149,-0.10000000149,-0.10000000149,-0.10000000149,0.15000000596,0.15000000596,0,-0.0500000007451,-0.0500000007451,0,-0.25,0.10000000149,0.10000000149,0.10000000149,-0.10000000149,0,0.0500000007451,0,0,-0.20000000298,1750,1.3,7,10.5,2800,2,0,0,2,0,0,0,3,5.4,7.5,312,1120,1960,1000,Yatchaina Fist,,0 | 600 | 1000,500.0,100,100,10,,0.1,,Full-Power Energy Blast Volley,,0 | 600 | 1000 | 6700,500.0,100,100,10.0,,0.1,,Love Symphony,,0 | 1000 | 4000 | 12000,3200.0,800,640,1,2,0.1,,1.1,10000,50000,20000,30000,10000,0,8,1,1,1,3
1500_00,Anilaza,giant,8,1.2,50000,7,0.10000000149,0.10000000149,0.10000000149,300,300,60,60,0,3000,1000,1000,200,200,0,4500,1.5,0,2,0,4,4,1,4,1,5,1.5,-0.10000000149,2.5,-0.10000000149,0.15000000596,-0.10000000149,-0.10000000149,0,0.15000000596,-0.10000000149,0,-0.25,-0.15000000596,0,0,0,0,0,0.0500000007451,0,0,1750,1.3,7,10.5,2800,1,0,0,2,0,0,0,3,5.4,7.5,420,1120,1960,1000,Warp Punch,,0 | 1000 | 6700,,,,,,,,Spread Energy Blast,,0 | 500 | 1000,400.0,125,100,1.0,11,0.1,,Destruction Burst,,0 | 1000 | 12000,0.0,2400,1920,1,,,,0.93,30000,50000,20000,30000,10000,0,3,0,1,1,1
1960_00,Cheelai,Skill,3,0.95,35000,5,-0.119999997318,-0.119999997318,-0.10000000149,200,200,40,40,0,2000,700,700,140,140,0,3000,1.5,0,2,0,5,3,1,5,1,4,-0.119999997318,-0.119999997318,-0.119999997318,-0.119999997318,-0.119999997318,-0.119999997318,-0.119999997318,0,0,0,0,-0.15000000596,0,0.34999999404,0.0500000007451,0.0500000007451,0,0,0,0.300000011921,0,1750,1.3,7,10.5,2800,0,0,0,0,0,0,0,3,5.4,7.5,312,1120,1960,1000,Energy Shot,,0 | 1000 | 5700,5700.0,1140,1140,1,11,0.1,,Surprise Attack,,0 | 1000 | 6700,,,,,,,,Survival Attack,,0 | 1000 | 12000,,,,,,,,1.2,10000,50000,20000,30000,10000,2,3,0,1,1,1
3000_00,Gohan (Super Hero),Normal,4,1,35000,3,0,0,0,200,200,40,40,0,2000,700,700,140,140,0,3000,1.5,0,2,0,5,5,1,5,1,5,0,0,0,0,0,0,0,0,0,0,0,0,0,0,0,0,0,0,0,0,0,1750,1.3,7,10.5,2800,2,0,0,2,0,0,0,3,5.4,7.5,312,1120,1960,1000,Masenko,,0 | 1000 | 1140,4560.0,285,1140,1,4,0.083333,5,High-Speed Rush,,0 | 1000 | 6700,,,,,,,,Super Kamehameha,,0 | 800 | 1000 | 12000,9600.0,160,1920,1,14,0.05,,1,20000,50000,20000,30000,10000,0,4,1,1,1,1
3000_01,"Gohan (Super Hero), Super Saiyan",Saiyan,6,1.1,35000,4,0.119999997318,0.10000000149,0.10000000149,200,200,40,40,0,2000,700,700,140,140,0,3000,1.5,0,2,0,6,6,1,6,1,5,0.119999997318,0.119999997318,0.10000000149,0.10000000149,0.10000000149,0.119999997318,0.119999997318,0.10000000149,0,0,0,0.10000000149,0.10000000149,-0.10000000149,0.10000000149,0,-0.10000000149,0,-0.10000000149,0,0,1500,1.3,8,12,2800,2,0,0,2,0,0,0,3,5.4,7.5,312,1120,1960,1000,Explosive Ray,,0 | 1000 | 1140,4560.0,285,1140,1,4,0.083333,5,Explosive Kick,,0 | 1000 | 6700,,,,,,,,Super Kamehameha,,0 | 1000 | 12000,0.0,480,384,1,4,0.1,,1,20000,50000,20000,30000,10000,0,4,1,1,1,1
3000_02,"Gohan (Super Hero), Ultimate Gohan",Almighty,8,1.2,40000,4,0.10000000149,0.10000000149,0.10000000149,200,200,40,40,0,2000,700,700,140,140,0,3000,1.5,0,2,0,9,8,1,9,1,5,0.10000000149,0.10000000149,0.10000000149,0.10000000149,0.10000000149,0.10000000149,0.10000000149,0.10000000149,0,0,0,0.15000000596,0,0,-0.10000000149,0.10000000149,0,0.10000000149,0,0,0,1750,1.3,7,10.5,2800,3,0,0,2,0,0,0,3,5.4,7.5,312,1120,1960,1000,Explosive Bullet,,0 | 1000,1000.0,200,200,10,,0.1,,Super Explosive Rush,,0 | 1000 | 6700,,,,,,,,Explosive Onslaught,,0 | 1000 | 12000,,,,,,,,1,20000,50000,20000,30000,10000,0,6,1,1,1,1
3000_03,Gohan Beast,Secret,9,1.25,50000,4,0.15000000596,0.15000000596,0.15000000596,200,200,40,40,0,2000,700,700,140,140,0,3000,1.5,0,2,0,15,8,1,15,1,6,0.15000000596,0.15000000596,0.15000000596,0.15000000596,0.15000000596,0,0,0,0,0,0,0.20000000298,0.20000000298,-0.10000000149,0.10000000149,0.20000000298,-0.0500000007451,0,0,-0.0500000007451,0,2000,1.3,6,9,2800,3,0,0,3,0,0,0,3,5.4,7.5,312,1120,1960,1000,Super Explosive Ray,,0 | 1000 | 1140,4560.0,285,1140,1,4,0.083333,5,Explosive Flash,,0 | 1000 | 6700,,,,,,,,Special Beam Cannon,,0 | 1000 | 12000,0.0,2400,1920,1,,,,1,20000,50000,20000,30000,10000,0,6,1,1,1,1
3010_00,Piccolo (Super Hero),Normal,5,1.05,40000,4,0,0,0,200,200,40,40,0,2000,400,400,80,80,0,6000,1.5,0,2,0,7,7,1,7,1,5,0,0,0,0,0,0,0,0,0,0,0,0,0,0,0,0,0,0,0,0,0,1750,1.3,7,10.5,2800,2,0,0,2,0,0,0,3,5.4,7.5,312,1120,1960,1000,Full Power Energy Blast Volley,,0 | 600 | 1000,500.0,100,100,10,,0.1,,Full Power Rush,,0 | 1000 | 5700 | 6700,5700.0,1140,1140,1.0,11,0.1,,Light Grenade,,0 | 1000 | 4000 | 12000,3200.0,800,640,1,2,0.1,,1,20000,50000,20000,30000,10000,0,6,1,1,1,3
3010_01,"Piccolo (Super Hero), Power Awakening",rival,6,1.1,40000,4,0.10000000149,0.10000000149,0,200,200,40,40,0,2000,400,400,80,80,0,6000,1.5,0,2,0,9,9,1,9,1,6,0,0.10000000149,-0.0500000007451,0.10000000149,-0.0500000007451,0.10000000149,0,0.10000000149,0,0,0,-0.0500000007451,-0.0500000007451,0,0.10000000149,0,0,0,0,0,0,1750,1.3,7,10.5,2800,2,0,0,2,0,0,0,3,5.4,7.5,312,1120,1960,1000,Explosive Ruin,,0 | 1000 | 5700,5700.0,1140,1140,1,11,0.1,,Chou Magougeki,,0 | 1000 | 6700,,,,,,,,Special Beam Cannon,,0 | 1000 | 2000 | 12000,9600.0,800,3840,1,5,0.2,,1,20000,50000,20000,30000,10000,0,6,1,1,1,3
3011_00,Orange Piccolo,Almighty,8,1.2,45000,4,0.10000000149,0.10000000149,0.10000000149,200,200,40,40,0,2000,400,400,80,80,0,6000,1.5,0,2,0,7,7,1,7,1,6,0.10000000149,0.10000000149,0.10000000149,0.10000000149,0.10000000149,0.10000000149,0.10000000149,0.10000000149,0,0,0,0.15000000596,0,0,-0.10000000149,0.10000000149,0,0.10000000149,0,0,0,1750,1.3,7,10.5,2800,3,0,0,2,0,0,0,3,5.4,7.5,312,1120,1960,1000,Explosive Demon Wave,,0 | 1000 | 1140,4560.0,285,1140,1,4,0.083333,5,Fierce Fist,,0 | 1000 | 5700 | 6700,5700.0,1140,1140,1.0,11,0.1,,Special Beam Cannon,,0 | 500 | 1000 | 12000,400.0,125,100,1,,,,0.98,30000,50000,20000,30000,10000,0,6,1,1,1,3
3012_00,"Orange Piccolo, Giant Form",giant,8,1.2,50000,4,0.10000000149,0.10000000149,0.10000000149,300,300,60,60,0,3000,1000,1000,200,200,0,4500,1.5,0,2,0,6,6,1,6,1,6,1.5,-0.10000000149,2.5,-0.10000000149,0.15000000596,-0.10000000149,-0.10000000149,0,0.15000000596,-0.10000000149,0,-0.25,-0.15000000596,0,0,0,0,0,0.0500000007451,0,0,1500,1.3,8,12,2800,1,0,0,2,0,0,0,3,5.4,7.5,420,1120,1960,1000,Chou Makouhou,,0 | 1000 | 1240,4960.0,248,992,1,4,0.083333,,Mighty Fist,,0 | 1000 | 6000 | 6700,,,,,,,,Apocalyptic Burst,,0 | 1000 | 12000,0.0,480,384,1,4,0.1,,0.95,30000,50000,20000,30000,10000,0,4,0,1,1,1
3020_00,Gamma 1,Android Shoot,7,1.15,40000,3,-0.10000000149,0,0,200,200,40,40,0,2000,700,700,140,140,0,3000,1.5,0,2,0,999,10,1,-1,1,4,-0.10000000149,-0.10000000149,-0.10000000149,-0.10000000149,-0.10000000149,0.15000000596,0.15000000596,0,-0.0500000007451,-0.0500000007451,0,-0.25,0.10000000149,0.10000000149,0.10000000149,-0.10000000149,0,0.0500000007451,0.300000011921,0,-0.20000000298,2000,1,0,-1,2800,2,0,0,2,0,0,0,3,5.4,7.5,312,1120,1960,1000,Gamma Blaster,,0 | 1000 | 5700,5700.0,1140,1140,1,11,0.1,,Gamma Impact,,0 | 1000 | 6700,,,,,,,,Gamma Shift Shot,,0 | 1000 | 12000,0.0,800,800,10,,0.1,,1,30000,50000,50000,30000,10000,1,8,1,1,1,1
3030_00,Gamma 2,Android Shoot,7,1.15,40000,3,-0.10000000149,0,0,200,200,40,40,0,2000,700,700,140,140,0,3000,1.5,0,2,0,999,10,1,-1,1,4,-0.10000000149,-0.10000000149,-0.10000000149,-0.10000000149,-0.10000000149,0.15000000596,0.15000000596,0,-0.0500000007451,-0.0500000007451,0,-0.25,0.10000000149,0.10000000149,0.10000000149,-0.10000000149,0,0.0500000007451,0.300000011921,0,-0.20000000298,2000,1,0,-1,2800,2,0,0,2,0,0,0,3,5.4,7.5,312,1120,1960,1000,Gamma Blaster,,0 | 1000 | 5700,5700.0,1140,1140,1,11,0.1,,Gamma Impact,,0 | 1000 | 6700,,,,,,,,Core Breaker,,0 | 1000 | 16000,0.0,13000,0,1,9,0.1,,1,30000,50000,50000,30000,10000,1,8,1,1,1,1
3040_00,Cell Max,giant,9,1.25,50000,20,0.10000000149,0.10000000149,0.10000000149,300,300,60,60,0,3000,1000,1000,200,200,0,4500,1.5,0,2,0,4,4,1,4,1,5,1.5,-0.10000000149,2.5,-0.10000000149,0.15000000596,-0.10000000149,-0.10000000149,0,0.15000000596,-0.10000000149,0,-0.25,-0.15000000596,0,0,0,0,0,0.0500000007451,0,0,1500,1.3,8,12,2800,1,0,0,2,0,0,0,3,5.4,7.5,420,1120,1960,1000,Max Cannon,,0 | 1000 | 1240,4960.0,248,992,1,4,0.083333,,Mighty Fist,,0 | 1000 | 6000 | 6700,,,,,,,,Max Bomb,,0 | 1000 | 12000,0.0,2400,1920,1,,,,0.95,40000,50000,20000,30000,10000,0,3,0,1,1,1
3050_00,Goku (Mini),Normal,4,1,40000,0,0,0,0,200,200,40,40,0,2000,700,700,140,140,0,3000,1.5,0,2,0,5,4,1,5,1,5,0,0,0,0,0,0,0,0,0,0,0,0,0,0,0,0,0,0,0,0,0,1750,1.3,7,10.5,2800,2,0,0,2,0,0,0,3,5.4,7.5,312,1120,1960,1000,Quick Rush,,0 | 1000 | 1140 | 6200,4560.0,285,1140,1,4,0.083333,,Take This!,,0 | 1000 | 5700 | 6700,5700.0,1140,1140,1.0,11,0.1,,Power Pole Rush,,0 | 1000 | 12000,0.0,480,384,1,4,0.1,,1.1,20000,50000,20000,30000,10000,0,4,1,1,1,1
3050_01,"Goku (Mini), Super Saiyan",Saiyan,5,1.05,40000,1,0.119999997318,0.10000000149,0.10000000149,200,200,40,40,0,2000,700,700,140,140,0,3000,1.5,0,2,0,7,7,1,7,1,6,0.119999997318,0.119999997318,0.10000000149,0.10000000149,0.10000000149,0.119999997318,0.119999997318,0.10000000149,0,0,0,0.10000000149,0.10000000149,-0.10000000149,0.10000000149,0,-0.10000000149,0,-0.10000000149,0,0,1500,1.3,8,12,2800,2,0,0,2,0,0,0,3,4,5,312,1120,1960,1000,Energy Strike,,0 | 1000 | 1140 | 6200,4560.0,285,1140,1,4,0.083333,,High-Speed Strike,,0 | 1000 | 5700 | 6700,5700.0,1140,1140,1.0,11,0.1,,Super Kamehameha,,0 | 1000 | 12000,0.0,480,384,1,4,0.1,,1,20000,50000,20000,30000,10000,0,4,1,1,1,1
3050_14,"Goku (Mini), Super Saiyan 4",Saiyan,7,1.15,40000,1,0.119999997318,0.10000000149,0.10000000149,200,200,40,40,0,2000,700,700,140,140,0,3000,1.5,0,2,0,8,7,1,8,1,5,0.119999997318,0.119999997318,0.10000000149,0.10000000149,0.10000000149,0.119999997318,0.119999997318,0.10000000149,0,0,0,0.10000000149,0.10000000149,-0.10000000149,0.10000000149,0,-0.10000000149,0,-0.10000000149,0,0,1750,1.3,8,12,2800,3,0,0,2,0,0,0,3,5.4,7.5,312,1120,1960,1000,Super Kamehameha,,0 | 1000 | 1140,4560.0,285,1140,1,4,0.083333,,Dragon Strike,,0 | 1000 | 6700,,,,,,,,Kamehameha Reversal,,0 | 1000 | 12000,,,,,,,,1,10000,50000,20000,30000,10000,0,5,1,1,1,1
3060_00,Vegeta (Mini),Vegeta_Shoot,4,1,40000,6,-0.10000000149,0,0,200,200,40,40,0,1400,270,500,54,100,0,3000,1.2,0,1.8,0,999,8,1,10,1,5,-0.10000000149,-0.10000000149,-0.10000000149,-0.10000000149,-0.10000000149,-0.10000000149,0.15000000596,0,-0.0500000007451,-0.0500000007451,0,-0.25,0.10000000149,0.10000000149,0.10000000149,-0.10000000149,0,0.0500000007451,0,0,-0.20000000298,1750,1.3,7,10.5,2800,2,0,0,2,0,0,0,3,4,5,312,1120,1960,1000,Full-Power Energy Cannon,,0 | 1000 | 1140,4560.0,285,1140,1,4,0.083333,,Rising Rush,,0 | 1000 | 5700 | 6700,5700.0,1140,1140,1.0,11,0.1,,Atomic Rush,,0 | 1000 | 12000,0.0,480,384,1,4,0.1,,1.1,30000,50000,20000,30000,10000,0,8,1,1,1,3
3060_01,"Vegeta (Mini), Super Saiyan",Saiyan_Shoot,5,1.05,40000,7,0.119999997318,0.10000000149,0.10000000149,200,200,40,40,0,1400,700,700,140,140,0,3000,1.5,0,2,0,999,8,1,10,1,6,0.119999997318,0.119999997318,0.10000000149,0.10000000149,0.10000000149,-0.0799999982119,0.119999997318,0.10000000149,0,0,0,0.10000000149,0.10000000149,-0.10000000149,0.10000000149,0,-0.10000000149,0,-0.10000000149,0,0,1500,1.3,8,12,2800,2,0,0,2,0,0,0,3,4,5,312,1120,1960,1000,Full-Power Energy Blast Volley,,0 | 750 | 1000,625.0,125,125,10,,0.1,,Overpowering Crush,,0 | 1000 | 5700 | 6700,5700.0,1140,1140,1.0,11,0.1,,Galick Gun,,0 | 1000 | 12000,0.0,480,384,1,4,0.1,,1,20000,50000,20000,30000,10000,0,8,1,1,1,1
3060_02,"Vegeta (Mini), Super Saiyan 2",Saiyan_Shoot,6,1.1,40000,7,0.119999997318,0.10000000149,0.10000000149,200,200,40,40,0,1400,800,800,160,160,0,3000,1.5,0,2,0,999,8,1,10,1,6,0.119999997318,0.119999997318,0.10000000149,0.10000000149,0.10000000149,-0.0799999982119,0.119999997318,0.10000000149,0,0,0,0.10000000149,0.10000000149,-0.10000000149,0.10000000149,0,-0.10000000149,0,-0.10000000149,0,0,1500,1.3,8,12,2800,3,0,0,2,0,0,0,3,4,5,312,1120,1960,1000,Galick Gun,,0 | 1000 | 1140,4560.0,285,1140,1,4,0.083333,5,Head-On Impact,,0 | 1000 | 6700,0.0,1140,1140,,,0.1,,Big Bang Attack,,0 | 1000 | 12000,0.0,2400,2400,1,,,,1,20000,50000,20000,30000,10000,0,8,1,1,1,1
3060_03,"Vegeta (Mini), Super Saiyan 3",Saiyan_Shoot,7,1.15,40000,8,0.119999997318,0.10000000149,0.10000000149,200,200,40,40,0,1400,170,350,34,70,0,3000,1.15,0,1.75,0,999,8,1,10,1,5,0.119999997318,0.119999997318,0.10000000149,0.10000000149,0.10000000149,-0.0799999982119,0.119999997318,0.10000000149,0,0,0,0.10000000149,0.10000000149,-0.10000000149,0.10000000149,0,-0.10000000149,0,-0.10000000149,0,0,1500,1.3,8,12,2800,2,0,0,3,0,0,0,3,4,5,312,1120,1960,1000,Slash Flash,,0 | 1000 | 5700,5700.0,1140,1140,1,11,0.1,,Vanishing Strike,,0 | 1000 | 6700,0.0,1140,1140,,,0.1,,Galick Doom,,0 | 1000 | 12000,0.0,480,384,1,4,0.1,,1,20000,50000,20000,30000,10000,0,8,1,1,1,6
3070_00,Glorio,Normal,4,1,40000,6,0,0,0,200,200,40,40,0,2000,640,640,128,128,0,10000,1.5,0,2,0,6,6,1,6,1,4,0,0,0,0,0,0,0,0,0,0,0,0,0,0,0,0,0,0,0,0,0,1750,1.3,7,10.5,2800,2,0,0,2,0,0,0,3,4,5,312,1120,1960,1000,Bolt Buster,,0 | 1000 | 5200,4360.0,1040,1040,1,4,0.12,,Electric Whip,,0 | 1000 | 5700 | 6700,5700.0,1140,1140,1.0,11,0.1,,Lightning Cannon,,0 | 1000 | 12000,0.0,480,384,,4,0.1,,1,20000,50000,20000,30000,10000,0,4,1,1,1,1
3080_00,Third Eye Gomah,Power,7,1.15,40000,18,0.15000000596,-0.0500000007451,-0.0500000007451,200,200,40,40,0,2000,640,640,128,128,0,10000,1.05,0,1.1,0,10,8,1,10,1,4,0.15000000596,0.15000000596,0.15000000596,0.15000000596,0.15000000596,-0.15000000596,-0.15000000596,-0.0500000007451,0.0500000007451,0.0500000007451,0,0.300000011921,-0.15000000596,-0.10000000149,-0.10000000149,0.20000000298,0,0,0,0,0.10000000149,1750,1,7,10.5,2800,2,0,0,2,0,0,0,3,4,5,312,1120,1960,1000,Magic Cannon,,0 | 1000 | 1140,4560.0,285,1140,1,4,0.083333,5,Magic Stream,,0 | 1000 | 1300 | 6700,1040.0,260,208,1.0,3 | 5,0.1,,Magic Burst,,0 | 1000 | 12000,0.0,2400,1920,1,,,,0.96,20000,50000,20000,30000,10000,0,6,1,1,1,2
3100_03,"Vegeta (DAIMA), Super Saiyan 3",Saiyan_Shoot,7,1.15,40000,8,0.119999997318,0.10000000149,0.10000000149,200,200,40,40,0,1400,700,700,140,140,0,3000,1.5,0,2,0,999,10,1,-1,1,5,0.119999997318,0.119999997318,0.10000000149,0.10000000149,0.10000000149,-0.0799999982119,0.119999997318,0.10000000149,0,0,0,0.10000000149,0.10000000149,-0.10000000149,0.10000000149,0,-0.10000000149,0,-0.10000000149,0,0,1500,1.3,8,12,2800,3,0,0,3,0,0,0,3,5.4,7.5,312,1120,1960,1000,Infinite Blaster,,0 | 600 | 1000,500.0,100,100,10,,0.1,,Spirit Breaker,,0 | 1000 | 6700,,,,,,,,Maximum Final Flash,,0 | 1000 | 12000,0.0,480,384,1,4,0.1,,1,10000,50000,20000,30000,10000,0,8,1,1,1,1
3110_00,Majin Kuu,Normal,5,1.05,40000,5,0,0,0,200,200,40,40,0,2000,700,700,140,140,0,3000,1.5,0,2,0,8,6,1,8,1,6,0,0,0,0,0,0,0,0,0,0,0,0,0,0,0,0,0,0,0,0,0,1750,1.3,7,10.5,2800,2,0,0,2,0,0,0,3,4,5,312,1120,1960,1000,Cresent Energy Wave,,0 | 1000 | 5700,800.0,250,200,1,11,0.1,,Majin Corkscrew Attack,,0 | 1000 | 5700 | 6000 | 6700,5700.0,1140 | 1200,1140,1.0,11,0.1,,Wild Rush,,0 | 1000 | 12000,0.0,480,384,1,4,0.1,,1,20000,50000,20000,30000,10000,0,4,1,1,1,1
3120_04,"Goku (DAIMA), Super Saiyan 4",Saiyan,8,1.2,40000,1,0.119999997318,0.10000000149,0.10000000149,200,200,40,40,0,2000,700,700,140,140,0,3000,1.5,0,2,0,8,8,1,8,1,5,0.119999997318,0.119999997318,0.10000000149,0.10000000149,0.10000000149,0.119999997318,0.119999997318,0.10000000149,0,0,0,0.10000000149,0.10000000149,-0.10000000149,0.10000000149,0,-0.10000000149,0,-0.10000000149,0,0,1500,1.3,8,12,2800,3,0,0,2,0,0,0,3,5.4,7.5,312,1120,1960,1000,True Divine Dragon Strike,,0 | 1000 | 6000,0.0,1140,1140,,,0.1,,True Flash Dragon Kick,,0 | 1000 | 6700,,,,,,,,Transcendent Kamehameha,,0 | 1000 | 12000,0.0,480,384,1,4,0.1,,1,10000,50000,20000,30000,10000,0,4,1,1,1,1
3130_00,Panzy,Skill,2,0.9,30000,2,-0.119999997318,-0.119999997318,-0.10000000149,200,200,40,40,0,2000,700,700,140,140,0,3000,1.5,0,2,0,5,3,1,5,1,4,-0.119999997318,-0.119999997318,-0.119999997318,-0.119999997318,-0.119999997318,-0.119999997318,-0.119999997318,0,0,0,0,-0.15000000596,0,0.34999999404,0.0500000007451,0.0500000007451,0,0,0,0.300000011921,0,1750,1.3,7,10.5,2800,0,0,0,0,0,0,0,3,4,5,312,1120,1960,1000,Last Chance Shot,,0 | 1000 | 5700,5700.0,1140,1140,1,11,0.1,,Last Chance Shock,,0 | 1000 | 4500,0.0,0 | 300,0 | 240,,3,0.15,,Kadan Combination,,0 | 1000 | 12000,0.0,800,800,10,,0.1,,1.2,10000,50000,20000,30000,10000,2,3,1,1,1,1
3140_00,Majin Duu,Power,7,1.15,40000,8,0.15000000596,-0.0500000007451,-0.0500000007451,200,200,40,40,0,2000,170,350,34,70,0,3000,1.15,0,1.75,0,6,6,1,6,1,4,0.15000000596,0.15000000596,0.15000000596,0.15000000596,0.15000000596,-0.15000000596,-0.15000000596,-0.0500000007451,0.0500000007451,0.0500000007451,0,0.300000011921,-0.15000000596,-0.10000000149,-0.10000000149,0.20000000298,0,0,0,0,0.10000000149,1750,1.3,7,10.5,2800,2,0,0,2,0,0,0,3,5.4,7.5,312,1120,1960,1000,Powerful Cannon,,0 | 1000 | 2600 | 5700,2600 | 5700,520 | 1140,520 | 1140,1,11,0.1,,Rolling Attack,,0 | 1000 | 6000 | 6700,,1200,,,,,,Full-Power Special Attack,,0 | 1000 | 2000 | 12000,9600.0,800,3840,1,5,0.2,,0.96,20000,50000,20000,30000,10000,0,4,1,1,1,6
3150_00,"Third Eye Gomah, Giant Gomah",giant,8,1.2,40000,18,0.10000000149,0.10000000149,0.10000000149,300,300,60,60,0,3000,1000,1000,200,200,0,4500,1.5,0,2,0,4,4,1,4,1,5,1.5,-0.10000000149,2.5,-0.10000000149,0.15000000596,-0.10000000149,-0.10000000149,0,0.15000000596,-0.10000000149,0,-0.25,-0.15000000596,0,0,0,0,0,0.0500000007451,0,0,1500,1.3,8,10.5,2800,1,0,0,2,0,0,0,3,5.4,7.5,420,1120,1960,1000,Magic Missile,,0 | 1000 | 5700,0.0,800,800,10,,0.1,,Magic Tempest,,0 | 1000 | 6700,0.0,375,300,1.0,9,0.1,,Giga Magic Burst,,0 | 1000 | 12000,0.0,2400,1920,1,,,,0.95,10000,50000,20000,30000,10000,0,3,0,1,1,1
3160_00,Shallot,Normal,5,1.05,40000,6,0,0,0,200,200,40,40,0,2000,700,700,140,140,0,3000,1.5,0,2,0,8,5,2,8,1,6,0,0,0,0,0,0,0,0,0,0,0,0,0,0,0,0,0,0,0,0,0,1750,1.3,7,10.5,2800,2,0,0,2,0,0,0,3,5.4,7.5,312,1120,1960,1000,Wild Cannon,,0 | 1000 | 1140,4560.0,285,1140,1,4,0.083333,,Meteor Break,,0 | 1000 | 6700,,,,,,,,Rising Rush,,0 | 1000 | 12000,0.0,2400,2400,1,,,,1,20000,50000,20000,30000,10000,0,8,1,1,1,1
3170_00,Supreme Kai,god,4,1,40000,0,0.15000000596,0.10000000149,0.10000000149,200,200,40,40,0,2000,700,700,140,140,0,3000,1.5,0,2,0,7,6,1,3,1,5,0.15000000596,0.15000000596,0,0.15000000596,0.15000000596,0.10000000149,0.10000000149,0.10000000149,0.10000000149,0.10000000149,0,0.15000000596,0.15000000596,0,0,0,0,0,0,-0.20000000298,0,1750,1.3,7,10.5,2800,2,0,0,2,0,0,0,3,5.4,7.5,312,1120,1960,1000,Energy's Last,,0 | 1000 | 1140,4560.0,285,1140,1,4,0.083333,5,Crazy Rush,,0 | 1000 | 6700,,,,,,,,Supreme Kai Hyper Cannon,,0 | 1000 | 12000,0.0,2400,2400,1,,,,1,20000,50000,20000,30000,10000,0,4,1,1,1,1
3190_00,Fasha,Speed,3,0.95,40000,7,-0.0500000007451,0,0,200,200,40,40,0,2000,,350,40,70,0,3000,1.15,0,1.75,0,5,4,1,5,1,5,-0.20000000298,-0.20000000298,-0.10000000149,-0.10000000149,-0.10000000149,0,0,0,-0.10000000149,-0.10000000149,0,-0.25,0.10000000149,0,0,0,0,0.0500000007451,0,0.0500000007451,0.20000000298,1750,1.3,7,10.5,2800,3,0,0,3,0,0,0,3,5.4,7.5,312,1120,1960,1000,Full-Power Energy Wave,,0 | 1000 | 1140,4560.0,285,1140,1,4,0.083333,5,Energy Bullet,,0 | 867 | 1000 | 5700,867 | 4560,173 | 1425,173 | 1140,,,,,Berserker Saiyan Rush,,0 | 1000 | 12000,,,,,,,,1.1,20000,50000,20000,30000,10000,0,3,1,1,1,4
3270_00,Vegeta (GT),Vegeta_Shoot,5,1.05,40000,4,-0.10000000149,0,0,200,200,40,40,0,1400,700,700,140,140,0,3000,1.5,0,2,0,999,10,1,-1,1,5,-0.10000000149,-0.10000000149,-0.10000000149,-0.10000000149,-0.10000000149,-0.10000000149,0.15000000596,0,-0.0500000007451,-0.0500000007451,0,-0.25,0.10000000149,0.10000000149,0.10000000149,-0.10000000149,0,0.0500000007451,0,0,-0.20000000298,1750,1.3,8,10.5,2800,2,0,0,2,0,0,0,3,5.4,7.5,312,1120,1960,1000,Big Bang Attack,,0 | 1000 | 5700,5700.0,1140,1140,1,11,0.1,,Quick Strike,,0 | 1000 | 6700,,,,,,,,Final Shine Attack,,0 | 1000 | 12000,0.0,480,384,1,4,0.1,,1,20000,50000,20000,30000,10000,0,8,1,1,1,1
3270_01,"Vegeta (GT), Super Saiyan",Saiyan_Shoot,6,1.1,40000,5,0.119999997318,0.10000000149,0.10000000149,200,200,40,40,0,1400,700,700,140,140,0,3000,1.5,0,2,0,999,10,1,-1,1,5,0.119999997318,0.119999997318,0.10000000149,0.10000000149,0.10000000149,-0.0799999982119,0.119999997318,0.10000000149,0,0,0,0.10000000149,0.10000000149,-0.10000000149,0.10000000149,0,-0.10000000149,0,-0.10000000149,0,0,1500,1.3,8,12,2800,2,0,0,2,0,0,0,3,5.4,7.5,312,1120,1960,1000,Final Shine Attack,,0 | 1000 | 1140,4560.0,285,1140,1,4,0.083333,5,Saiyan Pride Rush,,0 | 1000 | 6700,,,,,,,,Final Burst,,0 | 1000 | 12000,0.0,375,300,1,9,0.2,,1,20000,50000,20000,30000,10000,0,8,1,1,1,1
3280_00,Trunks (GT),Normal,4,1,40000,3,0,0,0,200,200,40,40,0,2000,700,700,140,140,0,3000,1.5,0,2,0,6,5,1,6,1,5,0,0,0,0,0,0,0,0,0,0,0,0,0,0,0,0,0,0,0,0,0,1750,1.3,7,10.5,2800,2,0,0,2,0,0,0,3,5.4,7.5,312,1120,1960,1000,Full-Power Energy Wave,,0 | 1000 | 1140,4560.0,285,1140,1,4,0.083333,5,Buster Burst,,0 | 1000 | 1400 | 6700,1120.0,280,224,1.0,4,0.15,,Galaxy Tri-Attack,,0 | 1000 | 12000,0.0,0,0,1,,,,1,20000,50000,20000,30000,10000,0,4,1,1,1,1
3280_01,"Trunks (GT), Super Saiyan",Saiyan,5,1.05,40000,4,0.119999997318,0.10000000149,0.10000000149,200,200,40,40,0,2000,700,700,140,140,0,3000,1.5,0,2,0,6,5,1,6,1,5,0.119999997318,0.119999997318,0.10000000149,0.10000000149,0.10000000149,0.119999997318,0.119999997318,0.10000000149,0,0,0,0.10000000149,0.10000000149,-0.10000000149,0.10000000149,0,-0.10000000149,0,-0.10000000149,0,0,1500,1.3,7,12,2800,2,0,0,2,0,0,0,3,5.4,7.5,312,1120,1960,1000,Buster Attack,,0 | 1000 | 5700,5700.0,1140,1140,1,11,0.1,,Rising Buster,,0 | 1000 | 6700,1000.0,200,200,10.0,,0.1,,Twin Saiyan Rush,,0 | 1000 | 12500,0.0,0,0,1,,,,1,20000,50000,20000,30000,10000,0,4,1,1,1,1
3290_00,Hell Fighter 17,Android Shoot,5,1.05,40000,12,-0.10000000149,0,0,200,200,40,40,0,2000,400,400,80,80,0,4000,1.5,0,2,0,6,6,1,6,1,4,-0.10000000149,-0.10000000149,-0.10000000149,-0.10000000149,-0.10000000149,0.15000000596,0.15000000596,0,-0.0500000007451,-0.0500000007451,0,-0.25,0.10000000149,0.10000000149,0.10000000149,-0.10000000149,0,0.0500000007451,0.300000011921,0,-0.20000000298,1800,1,0,-1,2800,2,0,0,2,0,0,0,3,5.4,7.5,312,1120,1960,1000,Hell Breaker,,0 | 1000 | 5700,5700.0,1140,1140,1,11,0.1,,Full Power Energy Blast Volley,,0 | 600 | 1000 | 6700,500.0,100,100,10.0,,0.1,,Hellish Combo,,0 | 1000 | 12000,,,,,,,,1,30000,50000,50000,30000,10000,1,4,1,1,1,2
3300_00,Goku (World Tournament),Normal,3,0.95,40000,0,0,0,0,200,200,40,40,0,2000,700,700,140,140,0,3000,1.5,0,2,0,5,3,1,5,1,6,0,0,0,0,0,0,0,0,0,0,0,0,0,0,0,0,0,0,0,0,0,1750,1.3,7,10.5,2800,2,0,0,2,0,0,0,3,5.4,7.5,312,1120,1960,1000,Kamehameha,,0 | 1000 | 1140,4560.0,285,1140,1,4,0.083333,,Kamehameha Assault,,0 | 1000 | 6700,,,,,,,,"Ready, Set, Go!",,0 | 1000 | 12000,0.0,2400,2400,1,,,,1,20000,50000,20000,30000,10000,0,3,1,1,1,1
3310_00,Ma Junior,villain,3,0.95,40000,20,0,0.17499999702,0.17499999702,200,200,40,40,0,2000,640,640,128,128,0,10000,1.5,0,2,0,5,3,1,5,1,5,0,0,0.15000000596,0,0.15000000596,0,0,0.10000000149,0,0,0,0,0,-0.10000000149,0.10000000149,0,-0.10000000149,0,-0.10000000149,0,0,1750,1.3,7,10.5,2800,2,0,0,2,0,0,0,3,5.4,7.5,312,1120,1960,1000,Soumasen,,0 | 1000 | 5200,4360.0,1040,1040,1,4,0.12,,Demonic Chase Grenade,,0 | 1000 | 5700 | 6700,5700.0,1140,1140,1.0,2,0.1,,Super Explosive Wave,,0 | 1000 | 12000,0.0,375,300,1,9,0.2,,1,20000,50000,20000,30000,10000,0,3,1,1,1,1
3310_10,"Ma Junior, Giant Form",giant,4,1,45000,20,0.10000000149,0.10000000149,0.10000000149,300,300,60,60,0,3000,1000,1000,200,200,0,4500,1.5,0,2,0,3,3,1,3,1,5,1.5,-0.10000000149,2.5,-0.10000000149,0.15000000596,-0.10000000149,-0.10000000149,0,0.15000000596,-0.10000000149,0,-0.25,-0.15000000596,0,0,0,0,0,0.0500000007451,0,0,1500,1.3,8,10.5,2800,1,0,0,1,0,0,0,3,5.4,7.5,420,1120,1960,1000,Chou Makouhou,,0 | 1000 | 1240,4960.0,248,992,1,4,0.083333,,Super Explosive Wave,,0 | 1000 | 2334 | 6000 | 6700,2334.0,467,467,1.0,2,0.24,,Colossal Transformation,,0 | 1000 | 12000,0.0,480,384,1,4,0.1,,0.95,20000,50000,20000,30000,10000,0,3,0,1,1,1
3320_00,Tien (World Tournament),rival,3,0.95,40000,4,0.10000000149,0.10000000149,0,200,200,40,40,0,2000,700,700,140,140,0,3000,1.5,0,2,0,5,4,1,5,1,4,0,0.10000000149,-0.0500000007451,0.10000000149,-0.0500000007451,0.10000000149,0,0.10000000149,0,0,0,-0.0500000007451,-0.0500000007451,0,0.10000000149,0,0,0,0,0,0,1750,1.3,7,10.5,2800,2,0,0,2,0,0,0,3,5.4,7.5,312,1120,1960,1000,Dodon Ray,,0 | 1000 | 5200,4360.0,1040,1040,1,4,0.12,,Volleyball Fist,,0 | 1000 | 5700 | 6700,4560.0,1425,1140,1.0,2,0.1,,Multi-Form,,0 | 1000 | 12000,,,,,,,,1,20000,50000,20000,30000,10000,0,3,1,1,1,1
3330_00,Uub (Kid),Skill,2,0.9,35000,0,-0.119999997318,-0.119999997318,-0.10000000149,200,200,40,40,0,2000,700,700,140,140,0,3000,1.5,0,2,0,0,0,1,0,1,4,-0.119999997318,-0.119999997318,-0.119999997318,-0.119999997318,-0.119999997318,-0.119999997318,-0.119999997318,0,0,0,0,-0.15000000596,0,0.34999999404,0.0500000007451,0.0500000007451,0,0,0,0.300000011921,0,1750,1.3,7,10.5,2800,2,0,0,4,0,0,0,3,5.4,7.5,312,1120,1960,1000,Shout Impact,,0 | 1000 | 1500,1200.0,300,240,,3,0.15,,Rage Kick,,0 | 1000 | 6700,,,,,,,,Blazing Barrage Palm,,0 | 1000 | 12000,0.0,2400,2400,1,,,,1.1,20000,50000,20000,30000,10000,2,0,1,1,1,1
3350_00,Tora,Normal,3,0.949999988079,40000,7,0,0,0,200,200,40,40,0,2000,800,800,160,160,0,3000,1.5,0,2,0,7,6,1,7,1,5,0,0,0,0,0,0,0,0,0,0,0,0,0,0,0,0,0,0,0,0,0,1750,1.3,7,10.5,2800,2,0,0,2,0,0,0,3,5.4,7.5,312,1120,1960,1000,Full Power Energy Blast Volley,,0 | 750 | 1000,625.0,125,125,10,,0.1,,Flame Storm,,0 | 1000 | 1300 | 6000,1040.0,260,208,1.0,3 | 5,0.1,,Flame Bullet,,0 | 1000 | 12000,0.0,2400,2400,1,,,,1,20000,50000,20000,30000,10000,0,4,1,1,1,1
3360_00,Chilled,villain,5,1.05,40000,16,0,0.17499999702,0.17499999702,200,200,40,40,0,2000,700,700,140,140,0,3000,1.5,0,2,0,10,8,1,10,1,6,0,0,0.15000000596,0,0.15000000596,0,0,0.10000000149,0,0,0,0,0,-0.10000000149,0.10000000149,0,-0.10000000149,0,-0.10000000149,0,0,1750,1.3,7,10.5,2800,2,0,0,2,0,0,0,3,5.4,7.5,312,1120,1960,1000,Death's Razor,,0 | 1000 | 1730,4160.0,346,1040,1,2,0.033333,,Death Rain,,0 | 600 | 1000 | 6700,500.0,100,100,10.0,,0.1,,Death Sphere,,0 | 1000 | 12000,0.0,2400,1920,1,,,,1.1,10000,50000,20000,30000,10000,0,8,1,1,1,1
