Character ID,Character,Outfit,Access type,Field,Numeric value,Text value,Flag,Notes,Item ID
0000_00,Goku (Z - Early),Outfit 7 — Legendary Strike,DirectMoves,[0].FighterId,,0000_00,,Access recorded for this outfit; follow the linked target and conditions.,ItemData_20_1_0007_0000_00_07
0000_00,Goku (Z - Early),Outfit 7 — Legendary Strike,DirectMoves,[0].Slot,,Ultimate,,Access recorded for this outfit; follow the linked target and conditions.,ItemData_20_1_0007_0000_00_07
0000_00,Goku (Z - Early),Outfit 7 — Legendary Strike,DirectMoves,[0].Name,,Legendary Strike,,Access recorded for this outfit; follow the linked target and conditions.,ItemData_20_1_0007_0000_00_07
0000_00,Goku (Z - Early),Outfit 7 — Legendary Strike,DirectMoves,[0].Variant,,ULT2,,Access recorded for this outfit; follow the linked target and conditions.,ItemData_20_1_0007_0000_00_07
0000_00,Goku (Z - Early),Outfit 7 — Legendary Strike,DirectMoves,[0].Source,,BlastUltimate2_0000_00_07,,Access recorded for this outfit; follow the linked target and conditions.,ItemData_20_1_0007_0000_00_07
0000_00,Goku (Z - Early),Outfit 6 — Legendary Strike,DirectMoves,[0].FighterId,,0000_00,,Access recorded for this outfit; follow the linked target and conditions.,ItemData_20_1_0009_0000_00_09
0000_00,Goku (Z - Early),Outfit 6 — Legendary Strike,DirectMoves,[0].Slot,,Ultimate,,Access recorded for this outfit; follow the linked target and conditions.,ItemData_20_1_0009_0000_00_09
0000_00,Goku (Z - Early),Outfit 6 — Legendary Strike,DirectMoves,[0].Name,,Legendary Strike,,Access recorded for this outfit; follow the linked target and conditions.,ItemData_20_1_0009_0000_00_09
0000_00,Goku (Z - Early),Outfit 6 — Legendary Strike,DirectMoves,[0].Variant,,ULT2,,Access recorded for this outfit; follow the linked target and conditions.,ItemData_20_1_0009_0000_00_09
0000_00,Goku (Z - Early),Outfit 6 — Legendary Strike,DirectMoves,[0].Source,,BlastUltimate2_0000_00_07,,Access recorded for this outfit; follow the linked target and conditions.,ItemData_20_1_0009_0000_00_09
0000_10,Goku (Z - Mid),Outfit 7 — All-Out Kamehameha (Super Saiyan),CrossFormMoves,[0].FighterId,,0000_11,,Access recorded for this outfit; follow the linked target and conditions.,ItemData_20_1_0007_0000_10_07
0000_10,Goku (Z - Mid),Outfit 7 — All-Out Kamehameha (Super Saiyan),CrossFormMoves,[0].FighterName,,"Goku (Z - Mid), Super Saiyan",,Access recorded for this outfit; follow the linked target and conditions.,ItemData_20_1_0007_0000_10_07
0000_10,Goku (Z - Mid),Outfit 7 — All-Out Kamehameha (Super Saiyan),CrossFormMoves,[0].Slot,,Ultimate,,Access recorded for this outfit; follow the linked target and conditions.,ItemData_20_1_0007_0000_10_07
0000_10,Goku (Z - Mid),Outfit 7 — All-Out Kamehameha (Super Saiyan),CrossFormMoves,[0].Name,,All-Out Kamehameha,,Access recorded for this outfit; follow the linked target and conditions.,ItemData_20_1_0007_0000_10_07
0000_10,Goku (Z - Mid),Outfit 7 — All-Out Kamehameha (Super Saiyan),CrossFormMoves,[0].Variant,,ULT2,,Access recorded for this outfit; follow the linked target and conditions.,ItemData_20_1_0007_0000_10_07
0000_10,Goku (Z - Mid),Outfit 7 — All-Out Kamehameha (Super Saiyan),CrossFormMoves,[0].Source,,BlastUltimate2_0000_11_07,,Access recorded for this outfit; follow the linked target and conditions.,ItemData_20_1_0007_0000_10_07
0000_10,Goku (Z - Mid),Outfit 7 — All-Out Kamehameha (Super Saiyan),CrossFormMoves,[0].Evidence,,Item.TextCharacter and TextBlastActionData + exact target move variant; native item description,,Access recorded for this outfit; follow the linked target and conditions.,ItemData_20_1_0007_0000_10_07
0000_10,Goku (Z - Mid),Outfit 6 — All-Out Kamehameha (Super Saiyan),CrossFormMoves,[0].FighterId,,0000_11,,Access recorded for this outfit; follow the linked target and conditions.,ItemData_20_1_0009_0000_10_09
0000_10,Goku (Z - Mid),Outfit 6 — All-Out Kamehameha (Super Saiyan),CrossFormMoves,[0].FighterName,,"Goku (Z - Mid), Super Saiyan",,Access recorded for this outfit; follow the linked target and conditions.,ItemData_20_1_0009_0000_10_09
0000_10,Goku (Z - Mid),Outfit 6 — All-Out Kamehameha (Super Saiyan),CrossFormMoves,[0].Slot,,Ultimate,,Access recorded for this outfit; follow the linked target and conditions.,ItemData_20_1_0009_0000_10_09
0000_10,Goku (Z - Mid),Outfit 6 — All-Out Kamehameha (Super Saiyan),CrossFormMoves,[0].Name,,All-Out Kamehameha,,Access recorded for this outfit; follow the linked target and conditions.,ItemData_20_1_0009_0000_10_09
0000_10,Goku (Z - Mid),Outfit 6 — All-Out Kamehameha (Super Saiyan),CrossFormMoves,[0].Variant,,ULT2,,Access recorded for this outfit; follow the linked target and conditions.,ItemData_20_1_0009_0000_10_09
0000_10,Goku (Z - Mid),Outfit 6 — All-Out Kamehameha (Super Saiyan),CrossFormMoves,[0].Source,,BlastUltimate2_0000_11_07,,Access recorded for this outfit; follow the linked target and conditions.,ItemData_20_1_0009_0000_10_09
0000_10,Goku (Z - Mid),Outfit 6 — All-Out Kamehameha (Super Saiyan),CrossFormMoves,[0].Evidence,,Item.TextCharacter and TextBlastActionData + exact target move variant; native item description,,Access recorded for this outfit; follow the linked target and conditions.,ItemData_20_1_0009_0000_10_09
0000_11,"Goku (Z - Mid), Super Saiyan",Outfit 7 — All-Out Kamehameha,DirectMoves,[0].FighterId,,0000_11,,Access recorded for this outfit; follow the linked target and conditions.,ItemData_20_1_0007_0000_11_07
0000_11,"Goku (Z - Mid), Super Saiyan",Outfit 7 — All-Out Kamehameha,DirectMoves,[0].Slot,,Ultimate,,Access recorded for this outfit; follow the linked target and conditions.,ItemData_20_1_0007_0000_11_07
0000_11,"Goku (Z - Mid), Super Saiyan",Outfit 7 — All-Out Kamehameha,DirectMoves,[0].Name,,All-Out Kamehameha,,Access recorded for this outfit; follow the linked target and conditions.,ItemData_20_1_0007_0000_11_07
0000_11,"Goku (Z - Mid), Super Saiyan",Outfit 7 — All-Out Kamehameha,DirectMoves,[0].Variant,,ULT2,,Access recorded for this outfit; follow the linked target and conditions.,ItemData_20_1_0007_0000_11_07
0000_11,"Goku (Z - Mid), Super Saiyan",Outfit 7 — All-Out Kamehameha,DirectMoves,[0].Source,,BlastUltimate2_0000_11_07,,Access recorded for this outfit; follow the linked target and conditions.,ItemData_20_1_0007_0000_11_07
0000_11,"Goku (Z - Mid), Super Saiyan",Outfit 6 — All-Out Kamehameha,DirectMoves,[0].FighterId,,0000_11,,Access recorded for this outfit; follow the linked target and conditions.,ItemData_20_1_0009_0000_11_09
0000_11,"Goku (Z - Mid), Super Saiyan",Outfit 6 — All-Out Kamehameha,DirectMoves,[0].Slot,,Ultimate,,Access recorded for this outfit; follow the linked target and conditions.,ItemData_20_1_0009_0000_11_09
0000_11,"Goku (Z - Mid), Super Saiyan",Outfit 6 — All-Out Kamehameha,DirectMoves,[0].Name,,All-Out Kamehameha,,Access recorded for this outfit; follow the linked target and conditions.,ItemData_20_1_0009_0000_11_09
0000_11,"Goku (Z - Mid), Super Saiyan",Outfit 6 — All-Out Kamehameha,DirectMoves,[0].Variant,,ULT2,,Access recorded for this outfit; follow the linked target and conditions.,ItemData_20_1_0009_0000_11_09
0000_11,"Goku (Z - Mid), Super Saiyan",Outfit 6 — All-Out Kamehameha,DirectMoves,[0].Source,,BlastUltimate2_0000_11_07,,Access recorded for this outfit; follow the linked target and conditions.,ItemData_20_1_0009_0000_11_09
0000_20,Goku (Z - End),Outfit 4 — Vanishing Meteor,DirectMoves,[0].FighterId,,0000_20,,Access recorded for this outfit; follow the linked target and conditions.,ItemData_20_1_0003_0000_20_03
0000_20,Goku (Z - End),Outfit 4 — Vanishing Meteor,DirectMoves,[0].Slot,,Ultimate,,Access recorded for this outfit; follow the linked target and conditions.,ItemData_20_1_0003_0000_20_03
0000_20,Goku (Z - End),Outfit 4 — Vanishing Meteor,DirectMoves,[0].Name,,Vanishing Meteor,,Access recorded for this outfit; follow the linked target and conditions.,ItemData_20_1_0003_0000_20_03
0000_20,Goku (Z - End),Outfit 4 — Vanishing Meteor,DirectMoves,[0].Variant,,ULT2,,Access recorded for this outfit; follow the linked target and conditions.,ItemData_20_1_0003_0000_20_03
0000_20,Goku (Z - End),Outfit 4 — Vanishing Meteor,DirectMoves,[0].Source,,BlastUltimate2_0000_20_03,,Access recorded for this outfit; follow the linked target and conditions.,ItemData_20_1_0003_0000_20_03
0000_20,Goku (Z - End),Outfit 8 — Legendary Smash (Super Saiyan),CrossFormMoves,[0].FighterId,,0000_21,,Access recorded for this outfit; follow the linked target and conditions.,ItemData_20_1_0005_0000_20_05
0000_20,Goku (Z - End),Outfit 8 — Legendary Smash (Super Saiyan),CrossFormMoves,[0].FighterName,,"Goku (Z - End), Super Saiyan",,Access recorded for this outfit; follow the linked target and conditions.,ItemData_20_1_0005_0000_20_05
0000_20,Goku (Z - End),Outfit 8 — Legendary Smash (Super Saiyan),CrossFormMoves,[0].Slot,,Ultimate,,Access recorded for this outfit; follow the linked target and conditions.,ItemData_20_1_0005_0000_20_05
0000_20,Goku (Z - End),Outfit 8 — Legendary Smash (Super Saiyan),CrossFormMoves,[0].Name,,Legendary Smash,,Access recorded for this outfit; follow the linked target and conditions.,ItemData_20_1_0005_0000_20_05
0000_20,Goku (Z - End),Outfit 8 — Legendary Smash (Super Saiyan),CrossFormMoves,[0].Variant,,ULT2,,Access recorded for this outfit; follow the linked target and conditions.,ItemData_20_1_0005_0000_20_05
0000_20,Goku (Z - End),Outfit 8 — Legendary Smash (Super Saiyan),CrossFormMoves,[0].Source,,BlastUltimate2_0000_21_05,,Access recorded for this outfit; follow the linked target and conditions.,ItemData_20_1_0005_0000_20_05
0000_20,Goku (Z - End),Outfit 8 — Legendary Smash (Super Saiyan),CrossFormMoves,[0].Evidence,,Item.TextCharacter and TextBlastActionData + exact target move variant; native item description,,Access recorded for this outfit; follow the linked target and conditions.,ItemData_20_1_0005_0000_20_05
0000_20,Goku (Z - End),Outfit 7 — Legendary Smash (Super Saiyan),CrossFormMoves,[0].FighterId,,0000_21,,Access recorded for this outfit; follow the linked target and conditions.,ItemData_20_1_0008_0000_20_08
0000_20,Goku (Z - End),Outfit 7 — Legendary Smash (Super Saiyan),CrossFormMoves,[0].FighterName,,"Goku (Z - End), Super Saiyan",,Access recorded for this outfit; follow the linked target and conditions.,ItemData_20_1_0008_0000_20_08
0000_20,Goku (Z - End),Outfit 7 — Legendary Smash (Super Saiyan),CrossFormMoves,[0].Slot,,Ultimate,,Access recorded for this outfit; follow the linked target and conditions.,ItemData_20_1_0008_0000_20_08
0000_20,Goku (Z - End),Outfit 7 — Legendary Smash (Super Saiyan),CrossFormMoves,[0].Name,,Legendary Smash,,Access recorded for this outfit; follow the linked target and conditions.,ItemData_20_1_0008_0000_20_08
0000_20,Goku (Z - End),Outfit 7 — Legendary Smash (Super Saiyan),CrossFormMoves,[0].Variant,,ULT2,,Access recorded for this outfit; follow the linked target and conditions.,ItemData_20_1_0008_0000_20_08
0000_20,Goku (Z - End),Outfit 7 — Legendary Smash (Super Saiyan),CrossFormMoves,[0].Source,,BlastUltimate2_0000_21_05,,Access recorded for this outfit; follow the linked target and conditions.,ItemData_20_1_0008_0000_20_08
0000_20,Goku (Z - End),Outfit 7 — Legendary Smash (Super Saiyan),CrossFormMoves,[0].Evidence,,Item.TextCharacter and TextBlastActionData + exact target move variant; native item description,,Access recorded for this outfit; follow the linked target and conditions.,ItemData_20_1_0008_0000_20_08
0000_21,"Goku (Z - End), Super Saiyan",Outfit 4 — Vanishing Meteor (Goku (Z - End)),CrossFormMoves,[0].FighterId,,0000_20,,Access recorded for this outfit; follow the linked target and conditions.,ItemData_20_1_0003_0000_21_03
0000_21,"Goku (Z - End), Super Saiyan",Outfit 4 — Vanishing Meteor (Goku (Z - End)),CrossFormMoves,[0].FighterName,,Goku (Z - End),,Access recorded for this outfit; follow the linked target and conditions.,ItemData_20_1_0003_0000_21_03
0000_21,"Goku (Z - End), Super Saiyan",Outfit 4 — Vanishing Meteor (Goku (Z - End)),CrossFormMoves,[0].Slot,,Ultimate,,Access recorded for this outfit; follow the linked target and conditions.,ItemData_20_1_0003_0000_21_03
0000_21,"Goku (Z - End), Super Saiyan",Outfit 4 — Vanishing Meteor (Goku (Z - End)),CrossFormMoves,[0].Name,,Vanishing Meteor,,Access recorded for this outfit; follow the linked target and conditions.,ItemData_20_1_0003_0000_21_03
0000_21,"Goku (Z - End), Super Saiyan",Outfit 4 — Vanishing Meteor (Goku (Z - End)),CrossFormMoves,[0].Variant,,ULT2,,Access recorded for this outfit; follow the linked target and conditions.,ItemData_20_1_0003_0000_21_03
0000_21,"Goku (Z - End), Super Saiyan",Outfit 4 — Vanishing Meteor (Goku (Z - End)),CrossFormMoves,[0].Source,,BlastUltimate2_0000_20_03,,Access recorded for this outfit; follow the linked target and conditions.,ItemData_20_1_0003_0000_21_03
0000_21,"Goku (Z - End), Super Saiyan",Outfit 4 — Vanishing Meteor (Goku (Z - End)),CrossFormMoves,[0].Evidence,,Item.TextCharacter and TextBlastActionData + exact target move variant; native item description,,Access recorded for this outfit; follow the linked target and conditions.,ItemData_20_1_0003_0000_21_03
0000_21,"Goku (Z - End), Super Saiyan",Outfit 8 — Legendary Smash,DirectMoves,[0].FighterId,,0000_21,,Access recorded for this outfit; follow the linked target and conditions.,ItemData_20_1_0005_0000_21_05
0000_21,"Goku (Z - End), Super Saiyan",Outfit 8 — Legendary Smash,DirectMoves,[0].Slot,,Ultimate,,Access recorded for this outfit; follow the linked target and conditions.,ItemData_20_1_0005_0000_21_05
0000_21,"Goku (Z - End), Super Saiyan",Outfit 8 — Legendary Smash,DirectMoves,[0].Name,,Legendary Smash,,Access recorded for this outfit; follow the linked target and conditions.,ItemData_20_1_0005_0000_21_05
0000_21,"Goku (Z - End), Super Saiyan",Outfit 8 — Legendary Smash,DirectMoves,[0].Variant,,ULT2,,Access recorded for this outfit; follow the linked target and conditions.,ItemData_20_1_0005_0000_21_05
0000_21,"Goku (Z - End), Super Saiyan",Outfit 8 — Legendary Smash,DirectMoves,[0].Source,,BlastUltimate2_0000_21_05,,Access recorded for this outfit; follow the linked target and conditions.,ItemData_20_1_0005_0000_21_05
0000_21,"Goku (Z - End), Super Saiyan",Outfit 7 — Legendary Smash,DirectMoves,[0].FighterId,,0000_21,,Access recorded for this outfit; follow the linked target and conditions.,ItemData_20_1_0008_0000_21_08
0000_21,"Goku (Z - End), Super Saiyan",Outfit 7 — Legendary Smash,DirectMoves,[0].Slot,,Ultimate,,Access recorded for this outfit; follow the linked target and conditions.,ItemData_20_1_0008_0000_21_08
0000_21,"Goku (Z - End), Super Saiyan",Outfit 7 — Legendary Smash,DirectMoves,[0].Name,,Legendary Smash,,Access recorded for this outfit; follow the linked target and conditions.,ItemData_20_1_0008_0000_21_08
0000_21,"Goku (Z - End), Super Saiyan",Outfit 7 — Legendary Smash,DirectMoves,[0].Variant,,ULT2,,Access recorded for this outfit; follow the linked target and conditions.,ItemData_20_1_0008_0000_21_08
0000_21,"Goku (Z - End), Super Saiyan",Outfit 7 — Legendary Smash,DirectMoves,[0].Source,,BlastUltimate2_0000_21_05,,Access recorded for this outfit; follow the linked target and conditions.,ItemData_20_1_0008_0000_21_08
0000_22,"Goku (Z - End), Super Saiyan 2",Outfit 4 — Vanishing Meteor (Goku (Z - End)),CrossFormMoves,[0].FighterId,,0000_20,,Access recorded for this outfit; follow the linked target and conditions.,ItemData_20_1_0003_0000_22_03
0000_22,"Goku (Z - End), Super Saiyan 2",Outfit 4 — Vanishing Meteor (Goku (Z - End)),CrossFormMoves,[0].FighterName,,Goku (Z - End),,Access recorded for this outfit; follow the linked target and conditions.,ItemData_20_1_0003_0000_22_03
0000_22,"Goku (Z - End), Super Saiyan 2",Outfit 4 — Vanishing Meteor (Goku (Z - End)),CrossFormMoves,[0].Slot,,Ultimate,,Access recorded for this outfit; follow the linked target and conditions.,ItemData_20_1_0003_0000_22_03
0000_22,"Goku (Z - End), Super Saiyan 2",Outfit 4 — Vanishing Meteor (Goku (Z - End)),CrossFormMoves,[0].Name,,Vanishing Meteor,,Access recorded for this outfit; follow the linked target and conditions.,ItemData_20_1_0003_0000_22_03
0000_22,"Goku (Z - End), Super Saiyan 2",Outfit 4 — Vanishing Meteor (Goku (Z - End)),CrossFormMoves,[0].Variant,,ULT2,,Access recorded for this outfit; follow the linked target and conditions.,ItemData_20_1_0003_0000_22_03
0000_22,"Goku (Z - End), Super Saiyan 2",Outfit 4 — Vanishing Meteor (Goku (Z - End)),CrossFormMoves,[0].Source,,BlastUltimate2_0000_20_03,,Access recorded for this outfit; follow the linked target and conditions.,ItemData_20_1_0003_0000_22_03
0000_22,"Goku (Z - End), Super Saiyan 2",Outfit 4 — Vanishing Meteor (Goku (Z - End)),CrossFormMoves,[0].Evidence,,Item.TextCharacter and TextBlastActionData + exact target move variant; native item description,,Access recorded for this outfit; follow the linked target and conditions.,ItemData_20_1_0003_0000_22_03
0000_22,"Goku (Z - End), Super Saiyan 2",Outfit 8 — Legendary Smash (Super Saiyan),CrossFormMoves,[0].FighterId,,0000_21,,Access recorded for this outfit; follow the linked target and conditions.,ItemData_20_1_0005_0000_22_05
0000_22,"Goku (Z - End), Super Saiyan 2",Outfit 8 — Legendary Smash (Super Saiyan),CrossFormMoves,[0].FighterName,,"Goku (Z - End), Super Saiyan",,Access recorded for this outfit; follow the linked target and conditions.,ItemData_20_1_0005_0000_22_05
0000_22,"Goku (Z - End), Super Saiyan 2",Outfit 8 — Legendary Smash (Super Saiyan),CrossFormMoves,[0].Slot,,Ultimate,,Access recorded for this outfit; follow the linked target and conditions.,ItemData_20_1_0005_0000_22_05
0000_22,"Goku (Z - End), Super Saiyan 2",Outfit 8 — Legendary Smash (Super Saiyan),CrossFormMoves,[0].Name,,Legendary Smash,,Access recorded for this outfit; follow the linked target and conditions.,ItemData_20_1_0005_0000_22_05
0000_22,"Goku (Z - End), Super Saiyan 2",Outfit 8 — Legendary Smash (Super Saiyan),CrossFormMoves,[0].Variant,,ULT2,,Access recorded for this outfit; follow the linked target and conditions.,ItemData_20_1_0005_0000_22_05
0000_22,"Goku (Z - End), Super Saiyan 2",Outfit 8 — Legendary Smash (Super Saiyan),CrossFormMoves,[0].Source,,BlastUltimate2_0000_21_05,,Access recorded for this outfit; follow the linked target and conditions.,ItemData_20_1_0005_0000_22_05
0000_22,"Goku (Z - End), Super Saiyan 2",Outfit 8 — Legendary Smash (Super Saiyan),CrossFormMoves,[0].Evidence,,Item.TextCharacter and TextBlastActionData + exact target move variant; native item description,,Access recorded for this outfit; follow the linked target and conditions.,ItemData_20_1_0005_0000_22_05
0000_22,"Goku (Z - End), Super Saiyan 2",Outfit 7 — Legendary Smash (Super Saiyan),CrossFormMoves,[0].FighterId,,0000_21,,Access recorded for this outfit; follow the linked target and conditions.,ItemData_20_1_0008_0000_22_08
0000_22,"Goku (Z - End), Super Saiyan 2",Outfit 7 — Legendary Smash (Super Saiyan),CrossFormMoves,[0].FighterName,,"Goku (Z - End), Super Saiyan",,Access recorded for this outfit; follow the linked target and conditions.,ItemData_20_1_0008_0000_22_08
0000_22,"Goku (Z - End), Super Saiyan 2",Outfit 7 — Legendary Smash (Super Saiyan),CrossFormMoves,[0].Slot,,Ultimate,,Access recorded for this outfit; follow the linked target and conditions.,ItemData_20_1_0008_0000_22_08
0000_22,"Goku (Z - End), Super Saiyan 2",Outfit 7 — Legendary Smash (Super Saiyan),CrossFormMoves,[0].Name,,Legendary Smash,,Access recorded for this outfit; follow the linked target and conditions.,ItemData_20_1_0008_0000_22_08
0000_22,"Goku (Z - End), Super Saiyan 2",Outfit 7 — Legendary Smash (Super Saiyan),CrossFormMoves,[0].Variant,,ULT2,,Access recorded for this outfit; follow the linked target and conditions.,ItemData_20_1_0008_0000_22_08
0000_22,"Goku (Z - End), Super Saiyan 2",Outfit 7 — Legendary Smash (Super Saiyan),CrossFormMoves,[0].Source,,BlastUltimate2_0000_21_05,,Access recorded for this outfit; follow the linked target and conditions.,ItemData_20_1_0008_0000_22_08
0000_22,"Goku (Z - End), Super Saiyan 2",Outfit 7 — Legendary Smash (Super Saiyan),CrossFormMoves,[0].Evidence,,Item.TextCharacter and TextBlastActionData + exact target move variant; native item description,,Access recorded for this outfit; follow the linked target and conditions.,ItemData_20_1_0008_0000_22_08
0000_23,"Goku (Z - End), Super Saiyan 3",Outfit 4 — Vanishing Meteor (Goku (Z - End)),CrossFormMoves,[0].FighterId,,0000_20,,Access recorded for this outfit; follow the linked target and conditions.,ItemData_20_1_0003_0000_23_03
0000_23,"Goku (Z - End), Super Saiyan 3",Outfit 4 — Vanishing Meteor (Goku (Z - End)),CrossFormMoves,[0].FighterName,,Goku (Z - End),,Access recorded for this outfit; follow the linked target and conditions.,ItemData_20_1_0003_0000_23_03
0000_23,"Goku (Z - End), Super Saiyan 3",Outfit 4 — Vanishing Meteor (Goku (Z - End)),CrossFormMoves,[0].Slot,,Ultimate,,Access recorded for this outfit; follow the linked target and conditions.,ItemData_20_1_0003_0000_23_03
0000_23,"Goku (Z - End), Super Saiyan 3",Outfit 4 — Vanishing Meteor (Goku (Z - End)),CrossFormMoves,[0].Name,,Vanishing Meteor,,Access recorded for this outfit; follow the linked target and conditions.,ItemData_20_1_0003_0000_23_03
0000_23,"Goku (Z - End), Super Saiyan 3",Outfit 4 — Vanishing Meteor (Goku (Z - End)),CrossFormMoves,[0].Variant,,ULT2,,Access recorded for this outfit; follow the linked target and conditions.,ItemData_20_1_0003_0000_23_03
0000_23,"Goku (Z - End), Super Saiyan 3",Outfit 4 — Vanishing Meteor (Goku (Z - End)),CrossFormMoves,[0].Source,,BlastUltimate2_0000_20_03,,Access recorded for this outfit; follow the linked target and conditions.,ItemData_20_1_0003_0000_23_03
0000_23,"Goku (Z - End), Super Saiyan 3",Outfit 4 — Vanishing Meteor (Goku (Z - End)),CrossFormMoves,[0].Evidence,,Item.TextCharacter and TextBlastActionData + exact target move variant; native item description,,Access recorded for this outfit; follow the linked target and conditions.,ItemData_20_1_0003_0000_23_03
0000_23,"Goku (Z - End), Super Saiyan 3",Outfit 8 — Legendary Smash (Super Saiyan),CrossFormMoves,[0].FighterId,,0000_21,,Access recorded for this outfit; follow the linked target and conditions.,ItemData_20_1_0005_0000_23_05
0000_23,"Goku (Z - End), Super Saiyan 3",Outfit 8 — Legendary Smash (Super Saiyan),CrossFormMoves,[0].FighterName,,"Goku (Z - End), Super Saiyan",,Access recorded for this outfit; follow the linked target and conditions.,ItemData_20_1_0005_0000_23_05
0000_23,"Goku (Z - End), Super Saiyan 3",Outfit 8 — Legendary Smash (Super Saiyan),CrossFormMoves,[0].Slot,,Ultimate,,Access recorded for this outfit; follow the linked target and conditions.,ItemData_20_1_0005_0000_23_05
0000_23,"Goku (Z - End), Super Saiyan 3",Outfit 8 — Legendary Smash (Super Saiyan),CrossFormMoves,[0].Name,,Legendary Smash,,Access recorded for this outfit; follow the linked target and conditions.,ItemData_20_1_0005_0000_23_05
0000_23,"Goku (Z - End), Super Saiyan 3",Outfit 8 — Legendary Smash (Super Saiyan),CrossFormMoves,[0].Variant,,ULT2,,Access recorded for this outfit; follow the linked target and conditions.,ItemData_20_1_0005_0000_23_05
0000_23,"Goku (Z - End), Super Saiyan 3",Outfit 8 — Legendary Smash (Super Saiyan),CrossFormMoves,[0].Source,,BlastUltimate2_0000_21_05,,Access recorded for this outfit; follow the linked target and conditions.,ItemData_20_1_0005_0000_23_05
0000_23,"Goku (Z - End), Super Saiyan 3",Outfit 8 — Legendary Smash (Super Saiyan),CrossFormMoves,[0].Evidence,,Item.TextCharacter and TextBlastActionData + exact target move variant; native item description,,Access recorded for this outfit; follow the linked target and conditions.,ItemData_20_1_0005_0000_23_05
0000_23,"Goku (Z - End), Super Saiyan 3",Outfit 7 — Legendary Smash (Super Saiyan),CrossFormMoves,[0].FighterId,,0000_21,,Access recorded for this outfit; follow the linked target and conditions.,ItemData_20_1_0008_0000_23_08
0000_23,"Goku (Z - End), Super Saiyan 3",Outfit 7 — Legendary Smash (Super Saiyan),CrossFormMoves,[0].FighterName,,"Goku (Z - End), Super Saiyan",,Access recorded for this outfit; follow the linked target and conditions.,ItemData_20_1_0008_0000_23_08
0000_23,"Goku (Z - End), Super Saiyan 3",Outfit 7 — Legendary Smash (Super Saiyan),CrossFormMoves,[0].Slot,,Ultimate,,Access recorded for this outfit; follow the linked target and conditions.,ItemData_20_1_0008_0000_23_08
0000_23,"Goku (Z - End), Super Saiyan 3",Outfit 7 — Legendary Smash (Super Saiyan),CrossFormMoves,[0].Name,,Legendary Smash,,Access recorded for this outfit; follow the linked target and conditions.,ItemData_20_1_0008_0000_23_08
0000_23,"Goku (Z - End), Super Saiyan 3",Outfit 7 — Legendary Smash (Super Saiyan),CrossFormMoves,[0].Variant,,ULT2,,Access recorded for this outfit; follow the linked target and conditions.,ItemData_20_1_0008_0000_23_08
0000_23,"Goku (Z - End), Super Saiyan 3",Outfit 7 — Legendary Smash (Super Saiyan),CrossFormMoves,[0].Source,,BlastUltimate2_0000_21_05,,Access recorded for this outfit; follow the linked target and conditions.,ItemData_20_1_0008_0000_23_08
0000_23,"Goku (Z - End), Super Saiyan 3",Outfit 7 — Legendary Smash (Super Saiyan),CrossFormMoves,[0].Evidence,,Item.TextCharacter and TextBlastActionData + exact target move variant; native item description,,Access recorded for this outfit; follow the linked target and conditions.,ItemData_20_1_0008_0000_23_08
0000_40,Goku (Super),Outfit 8 — Power Pole Dance,DirectMoves,[0].FighterId,,0000_40,,Access recorded for this outfit; follow the linked target and conditions.,ItemData_00_1_0007_0000_40
0000_40,Goku (Super),Outfit 8 — Power Pole Dance,DirectMoves,[0].Slot,,Super 2,,Access recorded for this outfit; follow the linked target and conditions.,ItemData_00_1_0007_0000_40
0000_40,Goku (Super),Outfit 8 — Power Pole Dance,DirectMoves,[0].Name,,Power Pole Dance,,Access recorded for this outfit; follow the linked target and conditions.,ItemData_00_1_0007_0000_40
0000_40,Goku (Super),Outfit 8 — Power Pole Dance,DirectMoves,[0].Variant,,SPM4,,Access recorded for this outfit; follow the linked target and conditions.,ItemData_00_1_0007_0000_40
0000_40,Goku (Super),Outfit 8 — Power Pole Dance,DirectMoves,[0].Source,,BlastSkill4_0000_40,,Access recorded for this outfit; follow the linked target and conditions.,ItemData_00_1_0007_0000_40
0000_40,Goku (Super),Outfit 11 — Co-op Rising,DirectMoves,[0].FighterId,,0000_40,,Access recorded for this outfit; follow the linked target and conditions.,ItemData_20_1_0008_0000_40_08
0000_40,Goku (Super),Outfit 11 — Co-op Rising,DirectMoves,[0].Slot,,Ultimate,,Access recorded for this outfit; follow the linked target and conditions.,ItemData_20_1_0008_0000_40_08
0000_40,Goku (Super),Outfit 11 — Co-op Rising,DirectMoves,[0].Name,,Co-op Rising,,Access recorded for this outfit; follow the linked target and conditions.,ItemData_20_1_0008_0000_40_08
0000_40,Goku (Super),Outfit 11 — Co-op Rising,DirectMoves,[0].Variant,,ULT2,,Access recorded for this outfit; follow the linked target and conditions.,ItemData_20_1_0008_0000_40_08
0000_40,Goku (Super),Outfit 11 — Co-op Rising,DirectMoves,[0].Source,,BlastUltimate2_0000_40_08,,Access recorded for this outfit; follow the linked target and conditions.,ItemData_20_1_0008_0000_40_08
0000_40,Goku (Super),Outfit 12 — Joint Strike (Super Saiyan God Super Saiyan),CrossFormMoves,[0].FighterId,,0000_43,,Access recorded for this outfit; follow the linked target and conditions.,ItemData_20_1_0009_0000_40_09
0000_40,Goku (Super),Outfit 12 — Joint Strike (Super Saiyan God Super Saiyan),CrossFormMoves,[0].FighterName,,"Goku (Super), Super Saiyan God Super Saiyan",,Access recorded for this outfit; follow the linked target and conditions.,ItemData_20_1_0009_0000_40_09
0000_40,Goku (Super),Outfit 12 — Joint Strike (Super Saiyan God Super Saiyan),CrossFormMoves,[0].Slot,,Ultimate,,Access recorded for this outfit; follow the linked target and conditions.,ItemData_20_1_0009_0000_40_09
0000_40,Goku (Super),Outfit 12 — Joint Strike (Super Saiyan God Super Saiyan),CrossFormMoves,[0].Name,,Joint Strike,,Access recorded for this outfit; follow the linked target and conditions.,ItemData_20_1_0009_0000_40_09
0000_40,Goku (Super),Outfit 12 — Joint Strike (Super Saiyan God Super Saiyan),CrossFormMoves,[0].Variant,,ULT2,,Access recorded for this outfit; follow the linked target and conditions.,ItemData_20_1_0009_0000_40_09
0000_40,Goku (Super),Outfit 12 — Joint Strike (Super Saiyan God Super Saiyan),CrossFormMoves,[0].Source,,BlastUltimate2_0000_43_09,,Access recorded for this outfit; follow the linked target and conditions.,ItemData_20_1_0009_0000_40_09
0000_40,Goku (Super),Outfit 12 — Joint Strike (Super Saiyan God Super Saiyan),CrossFormMoves,[0].Evidence,,Item.TextCharacter and TextBlastActionData + exact target move variant; native item description,,Access recorded for this outfit; follow the linked target and conditions.,ItemData_20_1_0009_0000_40_09
0000_40,Goku (Super),Outfit 13 — Joint Strike (Super Saiyan God Super Saiyan),CrossFormMoves,[0].FighterId,,0000_43,,Access recorded for this outfit; follow the linked target and conditions.,ItemData_20_1_0010_0000_40_10
0000_40,Goku (Super),Outfit 13 — Joint Strike (Super Saiyan God Super Saiyan),CrossFormMoves,[0].FighterName,,"Goku (Super), Super Saiyan God Super Saiyan",,Access recorded for this outfit; follow the linked target and conditions.,ItemData_20_1_0010_0000_40_10
0000_40,Goku (Super),Outfit 13 — Joint Strike (Super Saiyan God Super Saiyan),CrossFormMoves,[0].Slot,,Ultimate,,Access recorded for this outfit; follow the linked target and conditions.,ItemData_20_1_0010_0000_40_10
0000_40,Goku (Super),Outfit 13 — Joint Strike (Super Saiyan God Super Saiyan),CrossFormMoves,[0].Name,,Joint Strike,,Access recorded for this outfit; follow the linked target and conditions.,ItemData_20_1_0010_0000_40_10
0000_40,Goku (Super),Outfit 13 — Joint Strike (Super Saiyan God Super Saiyan),CrossFormMoves,[0].Variant,,ULT2,,Access recorded for this outfit; follow the linked target and conditions.,ItemData_20_1_0010_0000_40_10
0000_40,Goku (Super),Outfit 13 — Joint Strike (Super Saiyan God Super Saiyan),CrossFormMoves,[0].Source,,BlastUltimate2_0000_43_09,,Access recorded for this outfit; follow the linked target and conditions.,ItemData_20_1_0010_0000_40_10
0000_40,Goku (Super),Outfit 13 — Joint Strike (Super Saiyan God Super Saiyan),CrossFormMoves,[0].Evidence,,Item.TextCharacter and TextBlastActionData + exact target move variant; native item description,,Access recorded for this outfit; follow the linked target and conditions.,ItemData_20_1_0010_0000_40_10
0000_40,Goku (Super),Outfit 14 — Joint Strike (Super Saiyan God Super Saiyan),CrossFormMoves,[0].FighterId,,0000_43,,Access recorded for this outfit; follow the linked target and conditions.,ItemData_20_1_0011_0000_40_11
0000_40,Goku (Super),Outfit 14 — Joint Strike (Super Saiyan God Super Saiyan),CrossFormMoves,[0].FighterName,,"Goku (Super), Super Saiyan God Super Saiyan",,Access recorded for this outfit; follow the linked target and conditions.,ItemData_20_1_0011_0000_40_11
0000_40,Goku (Super),Outfit 14 — Joint Strike (Super Saiyan God Super Saiyan),CrossFormMoves,[0].Slot,,Ultimate,,Access recorded for this outfit; follow the linked target and conditions.,ItemData_20_1_0011_0000_40_11
0000_40,Goku (Super),Outfit 14 — Joint Strike (Super Saiyan God Super Saiyan),CrossFormMoves,[0].Name,,Joint Strike,,Access recorded for this outfit; follow the linked target and conditions.,ItemData_20_1_0011_0000_40_11
0000_40,Goku (Super),Outfit 14 — Joint Strike (Super Saiyan God Super Saiyan),CrossFormMoves,[0].Variant,,ULT2,,Access recorded for this outfit; follow the linked target and conditions.,ItemData_20_1_0011_0000_40_11
0000_40,Goku (Super),Outfit 14 — Joint Strike (Super Saiyan God Super Saiyan),CrossFormMoves,[0].Source,,BlastUltimate2_0000_43_09,,Access recorded for this outfit; follow the linked target and conditions.,ItemData_20_1_0011_0000_40_11
0000_40,Goku (Super),Outfit 14 — Joint Strike (Super Saiyan God Super Saiyan),CrossFormMoves,[0].Evidence,,Item.TextCharacter and TextBlastActionData + exact target move variant; native item description,,Access recorded for this outfit; follow the linked target and conditions.,ItemData_20_1_0011_0000_40_11
0000_40,Goku (Super),Outfit 9 — Co-op Rising,DirectMoves,[0].FighterId,,0000_40,,Access recorded for this outfit; follow the linked target and conditions.,ItemData_20_1_0012_0000_40_12
0000_40,Goku (Super),Outfit 9 — Co-op Rising,DirectMoves,[0].Slot,,Ultimate,,Access recorded for this outfit; follow the linked target and conditions.,ItemData_20_1_0012_0000_40_12
0000_40,Goku (Super),Outfit 9 — Co-op Rising,DirectMoves,[0].Name,,Co-op Rising,,Access recorded for this outfit; follow the linked target and conditions.,ItemData_20_1_0012_0000_40_12
0000_40,Goku (Super),Outfit 9 — Co-op Rising,DirectMoves,[0].Variant,,ULT2,,Access recorded for this outfit; follow the linked target and conditions.,ItemData_20_1_0012_0000_40_12
0000_40,Goku (Super),Outfit 9 — Co-op Rising,DirectMoves,[0].Source,,BlastUltimate2_0000_40_08,,Access recorded for this outfit; follow the linked target and conditions.,ItemData_20_1_0012_0000_40_12
0000_40,Goku (Super),Outfit 10 — Co-op Rising,DirectMoves,[0].FighterId,,0000_40,,Access recorded for this outfit; follow the linked target and conditions.,ItemData_20_1_0013_0000_40_13
0000_40,Goku (Super),Outfit 10 — Co-op Rising,DirectMoves,[0].Slot,,Ultimate,,Access recorded for this outfit; follow the linked target and conditions.,ItemData_20_1_0013_0000_40_13
0000_40,Goku (Super),Outfit 10 — Co-op Rising,DirectMoves,[0].Name,,Co-op Rising,,Access recorded for this outfit; follow the linked target and conditions.,ItemData_20_1_0013_0000_40_13
0000_40,Goku (Super),Outfit 10 — Co-op Rising,DirectMoves,[0].Variant,,ULT2,,Access recorded for this outfit; follow the linked target and conditions.,ItemData_20_1_0013_0000_40_13
0000_40,Goku (Super),Outfit 10 — Co-op Rising,DirectMoves,[0].Source,,BlastUltimate2_0000_40_08,,Access recorded for this outfit; follow the linked target and conditions.,ItemData_20_1_0013_0000_40_13
0000_41,"Goku (Super), Super Saiyan",Outfit 8 — Power Pole Dance (Goku (Super)),CrossFormMoves,[0].FighterId,,0000_40,,Access recorded for this outfit; follow the linked target and conditions.,ItemData_00_1_0007_0000_41
0000_41,"Goku (Super), Super Saiyan",Outfit 8 — Power Pole Dance (Goku (Super)),CrossFormMoves,[0].FighterName,,Goku (Super),,Access recorded for this outfit; follow the linked target and conditions.,ItemData_00_1_0007_0000_41
0000_41,"Goku (Super), Super Saiyan",Outfit 8 — Power Pole Dance (Goku (Super)),CrossFormMoves,[0].Slot,,Super 2,,Access recorded for this outfit; follow the linked target and conditions.,ItemData_00_1_0007_0000_41
0000_41,"Goku (Super), Super Saiyan",Outfit 8 — Power Pole Dance (Goku (Super)),CrossFormMoves,[0].Name,,Power Pole Dance,,Access recorded for this outfit; follow the linked target and conditions.,ItemData_00_1_0007_0000_41
0000_41,"Goku (Super), Super Saiyan",Outfit 8 — Power Pole Dance (Goku (Super)),CrossFormMoves,[0].Variant,,SPM4,,Access recorded for this outfit; follow the linked target and conditions.,ItemData_00_1_0007_0000_41
0000_41,"Goku (Super), Super Saiyan",Outfit 8 — Power Pole Dance (Goku (Super)),CrossFormMoves,[0].Source,,BlastSkill4_0000_40,,Access recorded for this outfit; follow the linked target and conditions.,ItemData_00_1_0007_0000_41
0000_41,"Goku (Super), Super Saiyan",Outfit 8 — Power Pole Dance (Goku (Super)),CrossFormMoves,[0].Evidence,,Item.TextCharacter and TextBlastActionData + exact target move variant; native item description,,Access recorded for this outfit; follow the linked target and conditions.,ItemData_00_1_0007_0000_41
0000_41,"Goku (Super), Super Saiyan",Outfit 11 — Co-op Rising (Goku (Super)),CrossFormMoves,[0].FighterId,,0000_40,,Access recorded for this outfit; follow the linked target and conditions.,ItemData_20_1_0008_0000_41_08
0000_41,"Goku (Super), Super Saiyan",Outfit 11 — Co-op Rising (Goku (Super)),CrossFormMoves,[0].FighterName,,Goku (Super),,Access recorded for this outfit; follow the linked target and conditions.,ItemData_20_1_0008_0000_41_08
0000_41,"Goku (Super), Super Saiyan",Outfit 11 — Co-op Rising (Goku (Super)),CrossFormMoves,[0].Slot,,Ultimate,,Access recorded for this outfit; follow the linked target and conditions.,ItemData_20_1_0008_0000_41_08
0000_41,"Goku (Super), Super Saiyan",Outfit 11 — Co-op Rising (Goku (Super)),CrossFormMoves,[0].Name,,Co-op Rising,,Access recorded for this outfit; follow the linked target and conditions.,ItemData_20_1_0008_0000_41_08
0000_41,"Goku (Super), Super Saiyan",Outfit 11 — Co-op Rising (Goku (Super)),CrossFormMoves,[0].Variant,,ULT2,,Access recorded for this outfit; follow the linked target and conditions.,ItemData_20_1_0008_0000_41_08
0000_41,"Goku (Super), Super Saiyan",Outfit 11 — Co-op Rising (Goku (Super)),CrossFormMoves,[0].Source,,BlastUltimate2_0000_40_08,,Access recorded for this outfit; follow the linked target and conditions.,ItemData_20_1_0008_0000_41_08
0000_41,"Goku (Super), Super Saiyan",Outfit 11 — Co-op Rising (Goku (Super)),CrossFormMoves,[0].Evidence,,Item.TextCharacter and TextBlastActionData + exact target move variant; native item description,,Access recorded for this outfit; follow the linked target and conditions.,ItemData_20_1_0008_0000_41_08
0000_41,"Goku (Super), Super Saiyan",Outfit 12 — Joint Strike (Super Saiyan God Super Saiyan),CrossFormMoves,[0].FighterId,,0000_43,,Access recorded for this outfit; follow the linked target and conditions.,ItemData_20_1_0009_0000_41_09
0000_41,"Goku (Super), Super Saiyan",Outfit 12 — Joint Strike (Super Saiyan God Super Saiyan),CrossFormMoves,[0].FighterName,,"Goku (Super), Super Saiyan God Super Saiyan",,Access recorded for this outfit; follow the linked target and conditions.,ItemData_20_1_0009_0000_41_09
0000_41,"Goku (Super), Super Saiyan",Outfit 12 — Joint Strike (Super Saiyan God Super Saiyan),CrossFormMoves,[0].Slot,,Ultimate,,Access recorded for this outfit; follow the linked target and conditions.,ItemData_20_1_0009_0000_41_09
0000_41,"Goku (Super), Super Saiyan",Outfit 12 — Joint Strike (Super Saiyan God Super Saiyan),CrossFormMoves,[0].Name,,Joint Strike,,Access recorded for this outfit; follow the linked target and conditions.,ItemData_20_1_0009_0000_41_09
0000_41,"Goku (Super), Super Saiyan",Outfit 12 — Joint Strike (Super Saiyan God Super Saiyan),CrossFormMoves,[0].Variant,,ULT2,,Access recorded for this outfit; follow the linked target and conditions.,ItemData_20_1_0009_0000_41_09
0000_41,"Goku (Super), Super Saiyan",Outfit 12 — Joint Strike (Super Saiyan God Super Saiyan),CrossFormMoves,[0].Source,,BlastUltimate2_0000_43_09,,Access recorded for this outfit; follow the linked target and conditions.,ItemData_20_1_0009_0000_41_09
0000_41,"Goku (Super), Super Saiyan",Outfit 12 — Joint Strike (Super Saiyan God Super Saiyan),CrossFormMoves,[0].Evidence,,Item.TextCharacter and TextBlastActionData + exact target move variant; native item description,,Access recorded for this outfit; follow the linked target and conditions.,ItemData_20_1_0009_0000_41_09
0000_41,"Goku (Super), Super Saiyan",Outfit 13 — Joint Strike (Super Saiyan God Super Saiyan),CrossFormMoves,[0].FighterId,,0000_43,,Access recorded for this outfit; follow the linked target and conditions.,ItemData_20_1_0010_0000_41_10
0000_41,"Goku (Super), Super Saiyan",Outfit 13 — Joint Strike (Super Saiyan God Super Saiyan),CrossFormMoves,[0].FighterName,,"Goku (Super), Super Saiyan God Super Saiyan",,Access recorded for this outfit; follow the linked target and conditions.,ItemData_20_1_0010_0000_41_10
0000_41,"Goku (Super), Super Saiyan",Outfit 13 — Joint Strike (Super Saiyan God Super Saiyan),CrossFormMoves,[0].Slot,,Ultimate,,Access recorded for this outfit; follow the linked target and conditions.,ItemData_20_1_0010_0000_41_10
0000_41,"Goku (Super), Super Saiyan",Outfit 13 — Joint Strike (Super Saiyan God Super Saiyan),CrossFormMoves,[0].Name,,Joint Strike,,Access recorded for this outfit; follow the linked target and conditions.,ItemData_20_1_0010_0000_41_10
0000_41,"Goku (Super), Super Saiyan",Outfit 13 — Joint Strike (Super Saiyan God Super Saiyan),CrossFormMoves,[0].Variant,,ULT2,,Access recorded for this outfit; follow the linked target and conditions.,ItemData_20_1_0010_0000_41_10
0000_41,"Goku (Super), Super Saiyan",Outfit 13 — Joint Strike (Super Saiyan God Super Saiyan),CrossFormMoves,[0].Source,,BlastUltimate2_0000_43_09,,Access recorded for this outfit; follow the linked target and conditions.,ItemData_20_1_0010_0000_41_10
0000_41,"Goku (Super), Super Saiyan",Outfit 13 — Joint Strike (Super Saiyan God Super Saiyan),CrossFormMoves,[0].Evidence,,Item.TextCharacter and TextBlastActionData + exact target move variant; native item description,,Access recorded for this outfit; follow the linked target and conditions.,ItemData_20_1_0010_0000_41_10
0000_41,"Goku (Super), Super Saiyan",Outfit 14 — Joint Strike (Super Saiyan God Super Saiyan),CrossFormMoves,[0].FighterId,,0000_43,,Access recorded for this outfit; follow the linked target and conditions.,ItemData_20_1_0011_0000_41_11
0000_41,"Goku (Super), Super Saiyan",Outfit 14 — Joint Strike (Super Saiyan God Super Saiyan),CrossFormMoves,[0].FighterName,,"Goku (Super), Super Saiyan God Super Saiyan",,Access recorded for this outfit; follow the linked target and conditions.,ItemData_20_1_0011_0000_41_11
0000_41,"Goku (Super), Super Saiyan",Outfit 14 — Joint Strike (Super Saiyan God Super Saiyan),CrossFormMoves,[0].Slot,,Ultimate,,Access recorded for this outfit; follow the linked target and conditions.,ItemData_20_1_0011_0000_41_11
0000_41,"Goku (Super), Super Saiyan",Outfit 14 — Joint Strike (Super Saiyan God Super Saiyan),CrossFormMoves,[0].Name,,Joint Strike,,Access recorded for this outfit; follow the linked target and conditions.,ItemData_20_1_0011_0000_41_11
0000_41,"Goku (Super), Super Saiyan",Outfit 14 — Joint Strike (Super Saiyan God Super Saiyan),CrossFormMoves,[0].Variant,,ULT2,,Access recorded for this outfit; follow the linked target and conditions.,ItemData_20_1_0011_0000_41_11
0000_41,"Goku (Super), Super Saiyan",Outfit 14 — Joint Strike (Super Saiyan God Super Saiyan),CrossFormMoves,[0].Source,,BlastUltimate2_0000_43_09,,Access recorded for this outfit; follow the linked target and conditions.,ItemData_20_1_0011_0000_41_11
0000_41,"Goku (Super), Super Saiyan",Outfit 14 — Joint Strike (Super Saiyan God Super Saiyan),CrossFormMoves,[0].Evidence,,Item.TextCharacter and TextBlastActionData + exact target move variant; native item description,,Access recorded for this outfit; follow the linked target and conditions.,ItemData_20_1_0011_0000_41_11
0000_41,"Goku (Super), Super Saiyan",Outfit 9 — Co-op Rising (Goku (Super)),CrossFormMoves,[0].FighterId,,0000_40,,Access recorded for this outfit; follow the linked target and conditions.,ItemData_20_1_0012_0000_41_12
0000_41,"Goku (Super), Super Saiyan",Outfit 9 — Co-op Rising (Goku (Super)),CrossFormMoves,[0].FighterName,,Goku (Super),,Access recorded for this outfit; follow the linked target and conditions.,ItemData_20_1_0012_0000_41_12
0000_41,"Goku (Super), Super Saiyan",Outfit 9 — Co-op Rising (Goku (Super)),CrossFormMoves,[0].Slot,,Ultimate,,Access recorded for this outfit; follow the linked target and conditions.,ItemData_20_1_0012_0000_41_12
0000_41,"Goku (Super), Super Saiyan",Outfit 9 — Co-op Rising (Goku (Super)),CrossFormMoves,[0].Name,,Co-op Rising,,Access recorded for this outfit; follow the linked target and conditions.,ItemData_20_1_0012_0000_41_12
0000_41,"Goku (Super), Super Saiyan",Outfit 9 — Co-op Rising (Goku (Super)),CrossFormMoves,[0].Variant,,ULT2,,Access recorded for this outfit; follow the linked target and conditions.,ItemData_20_1_0012_0000_41_12
0000_41,"Goku (Super), Super Saiyan",Outfit 9 — Co-op Rising (Goku (Super)),CrossFormMoves,[0].Source,,BlastUltimate2_0000_40_08,,Access recorded for this outfit; follow the linked target and conditions.,ItemData_20_1_0012_0000_41_12
0000_41,"Goku (Super), Super Saiyan",Outfit 9 — Co-op Rising (Goku (Super)),CrossFormMoves,[0].Evidence,,Item.TextCharacter and TextBlastActionData + exact target move variant; native item description,,Access recorded for this outfit; follow the linked target and conditions.,ItemData_20_1_0012_0000_41_12
0000_41,"Goku (Super), Super Saiyan",Outfit 10 — Co-op Rising (Goku (Super)),CrossFormMoves,[0].FighterId,,0000_40,,Access recorded for this outfit; follow the linked target and conditions.,ItemData_20_1_0013_0000_41_13
0000_41,"Goku (Super), Super Saiyan",Outfit 10 — Co-op Rising (Goku (Super)),CrossFormMoves,[0].FighterName,,Goku (Super),,Access recorded for this outfit; follow the linked target and conditions.,ItemData_20_1_0013_0000_41_13
0000_41,"Goku (Super), Super Saiyan",Outfit 10 — Co-op Rising (Goku (Super)),CrossFormMoves,[0].Slot,,Ultimate,,Access recorded for this outfit; follow the linked target and conditions.,ItemData_20_1_0013_0000_41_13
0000_41,"Goku (Super), Super Saiyan",Outfit 10 — Co-op Rising (Goku (Super)),CrossFormMoves,[0].Name,,Co-op Rising,,Access recorded for this outfit; follow the linked target and conditions.,ItemData_20_1_0013_0000_41_13
0000_41,"Goku (Super), Super Saiyan",Outfit 10 — Co-op Rising (Goku (Super)),CrossFormMoves,[0].Variant,,ULT2,,Access recorded for this outfit; follow the linked target and conditions.,ItemData_20_1_0013_0000_41_13
0000_41,"Goku (Super), Super Saiyan",Outfit 10 — Co-op Rising (Goku (Super)),CrossFormMoves,[0].Source,,BlastUltimate2_0000_40_08,,Access recorded for this outfit; follow the linked target and conditions.,ItemData_20_1_0013_0000_41_13
0000_41,"Goku (Super), Super Saiyan",Outfit 10 — Co-op Rising (Goku (Super)),CrossFormMoves,[0].Evidence,,Item.TextCharacter and TextBlastActionData + exact target move variant; native item description,,Access recorded for this outfit; follow the linked target and conditions.,ItemData_20_1_0013_0000_41_13
0000_43,"Goku (Super), Super Saiyan God Super Saiyan",Outfit 8 — Power Pole Dance (Goku (Super)),CrossFormMoves,[0].FighterId,,0000_40,,Access recorded for this outfit; follow the linked target and conditions.,ItemData_00_1_0007_0000_43
0000_43,"Goku (Super), Super Saiyan God Super Saiyan",Outfit 8 — Power Pole Dance (Goku (Super)),CrossFormMoves,[0].FighterName,,Goku (Super),,Access recorded for this outfit; follow the linked target and conditions.,ItemData_00_1_0007_0000_43
0000_43,"Goku (Super), Super Saiyan God Super Saiyan",Outfit 8 — Power Pole Dance (Goku (Super)),CrossFormMoves,[0].Slot,,Super 2,,Access recorded for this outfit; follow the linked target and conditions.,ItemData_00_1_0007_0000_43
0000_43,"Goku (Super), Super Saiyan God Super Saiyan",Outfit 8 — Power Pole Dance (Goku (Super)),CrossFormMoves,[0].Name,,Power Pole Dance,,Access recorded for this outfit; follow the linked target and conditions.,ItemData_00_1_0007_0000_43
0000_43,"Goku (Super), Super Saiyan God Super Saiyan",Outfit 8 — Power Pole Dance (Goku (Super)),CrossFormMoves,[0].Variant,,SPM4,,Access recorded for this outfit; follow the linked target and conditions.,ItemData_00_1_0007_0000_43
0000_43,"Goku (Super), Super Saiyan God Super Saiyan",Outfit 8 — Power Pole Dance (Goku (Super)),CrossFormMoves,[0].Source,,BlastSkill4_0000_40,,Access recorded for this outfit; follow the linked target and conditions.,ItemData_00_1_0007_0000_43
0000_43,"Goku (Super), Super Saiyan God Super Saiyan",Outfit 8 — Power Pole Dance (Goku (Super)),CrossFormMoves,[0].Evidence,,Item.TextCharacter and TextBlastActionData + exact target move variant; native item description,,Access recorded for this outfit; follow the linked target and conditions.,ItemData_00_1_0007_0000_43
0000_43,"Goku (Super), Super Saiyan God Super Saiyan",Outfit 11 — Co-op Rising (Goku (Super)),CrossFormMoves,[0].FighterId,,0000_40,,Access recorded for this outfit; follow the linked target and conditions.,ItemData_20_1_0008_0000_43_08
0000_43,"Goku (Super), Super Saiyan God Super Saiyan",Outfit 11 — Co-op Rising (Goku (Super)),CrossFormMoves,[0].FighterName,,Goku (Super),,Access recorded for this outfit; follow the linked target and conditions.,ItemData_20_1_0008_0000_43_08
0000_43,"Goku (Super), Super Saiyan God Super Saiyan",Outfit 11 — Co-op Rising (Goku (Super)),CrossFormMoves,[0].Slot,,Ultimate,,Access recorded for this outfit; follow the linked target and conditions.,ItemData_20_1_0008_0000_43_08
0000_43,"Goku (Super), Super Saiyan God Super Saiyan",Outfit 11 — Co-op Rising (Goku (Super)),CrossFormMoves,[0].Name,,Co-op Rising,,Access recorded for this outfit; follow the linked target and conditions.,ItemData_20_1_0008_0000_43_08
0000_43,"Goku (Super), Super Saiyan God Super Saiyan",Outfit 11 — Co-op Rising (Goku (Super)),CrossFormMoves,[0].Variant,,ULT2,,Access recorded for this outfit; follow the linked target and conditions.,ItemData_20_1_0008_0000_43_08
0000_43,"Goku (Super), Super Saiyan God Super Saiyan",Outfit 11 — Co-op Rising (Goku (Super)),CrossFormMoves,[0].Source,,BlastUltimate2_0000_40_08,,Access recorded for this outfit; follow the linked target and conditions.,ItemData_20_1_0008_0000_43_08
0000_43,"Goku (Super), Super Saiyan God Super Saiyan",Outfit 11 — Co-op Rising (Goku (Super)),CrossFormMoves,[0].Evidence,,Item.TextCharacter and TextBlastActionData + exact target move variant; native item description,,Access recorded for this outfit; follow the linked target and conditions.,ItemData_20_1_0008_0000_43_08
0000_43,"Goku (Super), Super Saiyan God Super Saiyan",Outfit 12 — Joint Strike,DirectMoves,[0].FighterId,,0000_43,,Access recorded for this outfit; follow the linked target and conditions.,ItemData_20_1_0009_0000_43_09
0000_43,"Goku (Super), Super Saiyan God Super Saiyan",Outfit 12 — Joint Strike,DirectMoves,[0].Slot,,Ultimate,,Access recorded for this outfit; follow the linked target and conditions.,ItemData_20_1_0009_0000_43_09
0000_43,"Goku (Super), Super Saiyan God Super Saiyan",Outfit 12 — Joint Strike,DirectMoves,[0].Name,,Joint Strike,,Access recorded for this outfit; follow the linked target and conditions.,ItemData_20_1_0009_0000_43_09
0000_43,"Goku (Super), Super Saiyan God Super Saiyan",Outfit 12 — Joint Strike,DirectMoves,[0].Variant,,ULT2,,Access recorded for this outfit; follow the linked target and conditions.,ItemData_20_1_0009_0000_43_09
0000_43,"Goku (Super), Super Saiyan God Super Saiyan",Outfit 12 — Joint Strike,DirectMoves,[0].Source,,BlastUltimate2_0000_43_09,,Access recorded for this outfit; follow the linked target and conditions.,ItemData_20_1_0009_0000_43_09
0000_43,"Goku (Super), Super Saiyan God Super Saiyan",Outfit 13 — Joint Strike,DirectMoves,[0].FighterId,,0000_43,,Access recorded for this outfit; follow the linked target and conditions.,ItemData_20_1_0010_0000_43_10
0000_43,"Goku (Super), Super Saiyan God Super Saiyan",Outfit 13 — Joint Strike,DirectMoves,[0].Slot,,Ultimate,,Access recorded for this outfit; follow the linked target and conditions.,ItemData_20_1_0010_0000_43_10
0000_43,"Goku (Super), Super Saiyan God Super Saiyan",Outfit 13 — Joint Strike,DirectMoves,[0].Name,,Joint Strike,,Access recorded for this outfit; follow the linked target and conditions.,ItemData_20_1_0010_0000_43_10
0000_43,"Goku (Super), Super Saiyan God Super Saiyan",Outfit 13 — Joint Strike,DirectMoves,[0].Variant,,ULT2,,Access recorded for this outfit; follow the linked target and conditions.,ItemData_20_1_0010_0000_43_10
0000_43,"Goku (Super), Super Saiyan God Super Saiyan",Outfit 13 — Joint Strike,DirectMoves,[0].Source,,BlastUltimate2_0000_43_09,,Access recorded for this outfit; follow the linked target and conditions.,ItemData_20_1_0010_0000_43_10
0000_43,"Goku (Super), Super Saiyan God Super Saiyan",Outfit 14 — Joint Strike,DirectMoves,[0].FighterId,,0000_43,,Access recorded for this outfit; follow the linked target and conditions.,ItemData_20_1_0011_0000_43_11
0000_43,"Goku (Super), Super Saiyan God Super Saiyan",Outfit 14 — Joint Strike,DirectMoves,[0].Slot,,Ultimate,,Access recorded for this outfit; follow the linked target and conditions.,ItemData_20_1_0011_0000_43_11
0000_43,"Goku (Super), Super Saiyan God Super Saiyan",Outfit 14 — Joint Strike,DirectMoves,[0].Name,,Joint Strike,,Access recorded for this outfit; follow the linked target and conditions.,ItemData_20_1_0011_0000_43_11
0000_43,"Goku (Super), Super Saiyan God Super Saiyan",Outfit 14 — Joint Strike,DirectMoves,[0].Variant,,ULT2,,Access recorded for this outfit; follow the linked target and conditions.,ItemData_20_1_0011_0000_43_11
0000_43,"Goku (Super), Super Saiyan God Super Saiyan",Outfit 14 — Joint Strike,DirectMoves,[0].Source,,BlastUltimate2_0000_43_09,,Access recorded for this outfit; follow the linked target and conditions.,ItemData_20_1_0011_0000_43_11
0000_43,"Goku (Super), Super Saiyan God Super Saiyan",Outfit 9 — Co-op Rising (Goku (Super)),CrossFormMoves,[0].FighterId,,0000_40,,Access recorded for this outfit; follow the linked target and conditions.,ItemData_20_1_0012_0000_43_12
0000_43,"Goku (Super), Super Saiyan God Super Saiyan",Outfit 9 — Co-op Rising (Goku (Super)),CrossFormMoves,[0].FighterName,,Goku (Super),,Access recorded for this outfit; follow the linked target and conditions.,ItemData_20_1_0012_0000_43_12
0000_43,"Goku (Super), Super Saiyan God Super Saiyan",Outfit 9 — Co-op Rising (Goku (Super)),CrossFormMoves,[0].Slot,,Ultimate,,Access recorded for this outfit; follow the linked target and conditions.,ItemData_20_1_0012_0000_43_12
0000_43,"Goku (Super), Super Saiyan God Super Saiyan",Outfit 9 — Co-op Rising (Goku (Super)),CrossFormMoves,[0].Name,,Co-op Rising,,Access recorded for this outfit; follow the linked target and conditions.,ItemData_20_1_0012_0000_43_12
0000_43,"Goku (Super), Super Saiyan God Super Saiyan",Outfit 9 — Co-op Rising (Goku (Super)),CrossFormMoves,[0].Variant,,ULT2,,Access recorded for this outfit; follow the linked target and conditions.,ItemData_20_1_0012_0000_43_12
0000_43,"Goku (Super), Super Saiyan God Super Saiyan",Outfit 9 — Co-op Rising (Goku (Super)),CrossFormMoves,[0].Source,,BlastUltimate2_0000_40_08,,Access recorded for this outfit; follow the linked target and conditions.,ItemData_20_1_0012_0000_43_12
0000_43,"Goku (Super), Super Saiyan God Super Saiyan",Outfit 9 — Co-op Rising (Goku (Super)),CrossFormMoves,[0].Evidence,,Item.TextCharacter and TextBlastActionData + exact target move variant; native item description,,Access recorded for this outfit; follow the linked target and conditions.,ItemData_20_1_0012_0000_43_12
0000_43,"Goku (Super), Super Saiyan God Super Saiyan",Outfit 10 — Co-op Rising (Goku (Super)),CrossFormMoves,[0].FighterId,,0000_40,,Access recorded for this outfit; follow the linked target and conditions.,ItemData_20_1_0013_0000_43_13
0000_43,"Goku (Super), Super Saiyan God Super Saiyan",Outfit 10 — Co-op Rising (Goku (Super)),CrossFormMoves,[0].FighterName,,Goku (Super),,Access recorded for this outfit; follow the linked target and conditions.,ItemData_20_1_0013_0000_43_13
0000_43,"Goku (Super), Super Saiyan God Super Saiyan",Outfit 10 — Co-op Rising (Goku (Super)),CrossFormMoves,[0].Slot,,Ultimate,,Access recorded for this outfit; follow the linked target and conditions.,ItemData_20_1_0013_0000_43_13
0000_43,"Goku (Super), Super Saiyan God Super Saiyan",Outfit 10 — Co-op Rising (Goku (Super)),CrossFormMoves,[0].Name,,Co-op Rising,,Access recorded for this outfit; follow the linked target and conditions.,ItemData_20_1_0013_0000_43_13
0000_43,"Goku (Super), Super Saiyan God Super Saiyan",Outfit 10 — Co-op Rising (Goku (Super)),CrossFormMoves,[0].Variant,,ULT2,,Access recorded for this outfit; follow the linked target and conditions.,ItemData_20_1_0013_0000_43_13
0000_43,"Goku (Super), Super Saiyan God Super Saiyan",Outfit 10 — Co-op Rising (Goku (Super)),CrossFormMoves,[0].Source,,BlastUltimate2_0000_40_08,,Access recorded for this outfit; follow the linked target and conditions.,ItemData_20_1_0013_0000_43_13
0000_43,"Goku (Super), Super Saiyan God Super Saiyan",Outfit 10 — Co-op Rising (Goku (Super)),CrossFormMoves,[0].Evidence,,Item.TextCharacter and TextBlastActionData + exact target move variant; native item description,,Access recorded for this outfit; follow the linked target and conditions.,ItemData_20_1_0013_0000_43_13
0001_42,"Goku (Super), Super Saiyan God",Outfit 8 — Power Pole Dance (Goku (Super)),CrossFormMoves,[0].FighterId,,0000_40,,Access recorded for this outfit; follow the linked target and conditions.,ItemData_00_1_0007_0001_42
0001_42,"Goku (Super), Super Saiyan God",Outfit 8 — Power Pole Dance (Goku (Super)),CrossFormMoves,[0].FighterName,,Goku (Super),,Access recorded for this outfit; follow the linked target and conditions.,ItemData_00_1_0007_0001_42
0001_42,"Goku (Super), Super Saiyan God",Outfit 8 — Power Pole Dance (Goku (Super)),CrossFormMoves,[0].Slot,,Super 2,,Access recorded for this outfit; follow the linked target and conditions.,ItemData_00_1_0007_0001_42
0001_42,"Goku (Super), Super Saiyan God",Outfit 8 — Power Pole Dance (Goku (Super)),CrossFormMoves,[0].Name,,Power Pole Dance,,Access recorded for this outfit; follow the linked target and conditions.,ItemData_00_1_0007_0001_42
0001_42,"Goku (Super), Super Saiyan God",Outfit 8 — Power Pole Dance (Goku (Super)),CrossFormMoves,[0].Variant,,SPM4,,Access recorded for this outfit; follow the linked target and conditions.,ItemData_00_1_0007_0001_42
0001_42,"Goku (Super), Super Saiyan God",Outfit 8 — Power Pole Dance (Goku (Super)),CrossFormMoves,[0].Source,,BlastSkill4_0000_40,,Access recorded for this outfit; follow the linked target and conditions.,ItemData_00_1_0007_0001_42
0001_42,"Goku (Super), Super Saiyan God",Outfit 8 — Power Pole Dance (Goku (Super)),CrossFormMoves,[0].Evidence,,Item.TextCharacter and TextBlastActionData + exact target move variant; native item description,,Access recorded for this outfit; follow the linked target and conditions.,ItemData_00_1_0007_0001_42
0001_42,"Goku (Super), Super Saiyan God",Outfit 11 — Co-op Rising (Goku (Super)),CrossFormMoves,[0].FighterId,,0000_40,,Access recorded for this outfit; follow the linked target and conditions.,ItemData_20_1_0008_0001_42_08
0001_42,"Goku (Super), Super Saiyan God",Outfit 11 — Co-op Rising (Goku (Super)),CrossFormMoves,[0].FighterName,,Goku (Super),,Access recorded for this outfit; follow the linked target and conditions.,ItemData_20_1_0008_0001_42_08
0001_42,"Goku (Super), Super Saiyan God",Outfit 11 — Co-op Rising (Goku (Super)),CrossFormMoves,[0].Slot,,Ultimate,,Access recorded for this outfit; follow the linked target and conditions.,ItemData_20_1_0008_0001_42_08
0001_42,"Goku (Super), Super Saiyan God",Outfit 11 — Co-op Rising (Goku (Super)),CrossFormMoves,[0].Name,,Co-op Rising,,Access recorded for this outfit; follow the linked target and conditions.,ItemData_20_1_0008_0001_42_08
0001_42,"Goku (Super), Super Saiyan God",Outfit 11 — Co-op Rising (Goku (Super)),CrossFormMoves,[0].Variant,,ULT2,,Access recorded for this outfit; follow the linked target and conditions.,ItemData_20_1_0008_0001_42_08
0001_42,"Goku (Super), Super Saiyan God",Outfit 11 — Co-op Rising (Goku (Super)),CrossFormMoves,[0].Source,,BlastUltimate2_0000_40_08,,Access recorded for this outfit; follow the linked target and conditions.,ItemData_20_1_0008_0001_42_08
0001_42,"Goku (Super), Super Saiyan God",Outfit 11 — Co-op Rising (Goku (Super)),CrossFormMoves,[0].Evidence,,Item.TextCharacter and TextBlastActionData + exact target move variant; native item description,,Access recorded for this outfit; follow the linked target and conditions.,ItemData_20_1_0008_0001_42_08
0001_42,"Goku (Super), Super Saiyan God",Outfit 12 — Joint Strike (Super Saiyan God Super Saiyan),CrossFormMoves,[0].FighterId,,0000_43,,Access recorded for this outfit; follow the linked target and conditions.,ItemData_20_1_0009_0001_42_09
0001_42,"Goku (Super), Super Saiyan God",Outfit 12 — Joint Strike (Super Saiyan God Super Saiyan),CrossFormMoves,[0].FighterName,,"Goku (Super), Super Saiyan God Super Saiyan",,Access recorded for this outfit; follow the linked target and conditions.,ItemData_20_1_0009_0001_42_09
0001_42,"Goku (Super), Super Saiyan God",Outfit 12 — Joint Strike (Super Saiyan God Super Saiyan),CrossFormMoves,[0].Slot,,Ultimate,,Access recorded for this outfit; follow the linked target and conditions.,ItemData_20_1_0009_0001_42_09
0001_42,"Goku (Super), Super Saiyan God",Outfit 12 — Joint Strike (Super Saiyan God Super Saiyan),CrossFormMoves,[0].Name,,Joint Strike,,Access recorded for this outfit; follow the linked target and conditions.,ItemData_20_1_0009_0001_42_09
0001_42,"Goku (Super), Super Saiyan God",Outfit 12 — Joint Strike (Super Saiyan God Super Saiyan),CrossFormMoves,[0].Variant,,ULT2,,Access recorded for this outfit; follow the linked target and conditions.,ItemData_20_1_0009_0001_42_09
0001_42,"Goku (Super), Super Saiyan God",Outfit 12 — Joint Strike (Super Saiyan God Super Saiyan),CrossFormMoves,[0].Source,,BlastUltimate2_0000_43_09,,Access recorded for this outfit; follow the linked target and conditions.,ItemData_20_1_0009_0001_42_09
0001_42,"Goku (Super), Super Saiyan God",Outfit 12 — Joint Strike (Super Saiyan God Super Saiyan),CrossFormMoves,[0].Evidence,,Item.TextCharacter and TextBlastActionData + exact target move variant; native item description,,Access recorded for this outfit; follow the linked target and conditions.,ItemData_20_1_0009_0001_42_09
0001_42,"Goku (Super), Super Saiyan God",Outfit 13 — Joint Strike (Super Saiyan God Super Saiyan),CrossFormMoves,[0].FighterId,,0000_43,,Access recorded for this outfit; follow the linked target and conditions.,ItemData_20_1_0010_0001_42_10
0001_42,"Goku (Super), Super Saiyan God",Outfit 13 — Joint Strike (Super Saiyan God Super Saiyan),CrossFormMoves,[0].FighterName,,"Goku (Super), Super Saiyan God Super Saiyan",,Access recorded for this outfit; follow the linked target and conditions.,ItemData_20_1_0010_0001_42_10
0001_42,"Goku (Super), Super Saiyan God",Outfit 13 — Joint Strike (Super Saiyan God Super Saiyan),CrossFormMoves,[0].Slot,,Ultimate,,Access recorded for this outfit; follow the linked target and conditions.,ItemData_20_1_0010_0001_42_10
0001_42,"Goku (Super), Super Saiyan God",Outfit 13 — Joint Strike (Super Saiyan God Super Saiyan),CrossFormMoves,[0].Name,,Joint Strike,,Access recorded for this outfit; follow the linked target and conditions.,ItemData_20_1_0010_0001_42_10
0001_42,"Goku (Super), Super Saiyan God",Outfit 13 — Joint Strike (Super Saiyan God Super Saiyan),CrossFormMoves,[0].Variant,,ULT2,,Access recorded for this outfit; follow the linked target and conditions.,ItemData_20_1_0010_0001_42_10
0001_42,"Goku (Super), Super Saiyan God",Outfit 13 — Joint Strike (Super Saiyan God Super Saiyan),CrossFormMoves,[0].Source,,BlastUltimate2_0000_43_09,,Access recorded for this outfit; follow the linked target and conditions.,ItemData_20_1_0010_0001_42_10
0001_42,"Goku (Super), Super Saiyan God",Outfit 13 — Joint Strike (Super Saiyan God Super Saiyan),CrossFormMoves,[0].Evidence,,Item.TextCharacter and TextBlastActionData + exact target move variant; native item description,,Access recorded for this outfit; follow the linked target and conditions.,ItemData_20_1_0010_0001_42_10
0001_42,"Goku (Super), Super Saiyan God",Outfit 14 — Joint Strike (Super Saiyan God Super Saiyan),CrossFormMoves,[0].FighterId,,0000_43,,Access recorded for this outfit; follow the linked target and conditions.,ItemData_20_1_0011_0001_42_11
0001_42,"Goku (Super), Super Saiyan God",Outfit 14 — Joint Strike (Super Saiyan God Super Saiyan),CrossFormMoves,[0].FighterName,,"Goku (Super), Super Saiyan God Super Saiyan",,Access recorded for this outfit; follow the linked target and conditions.,ItemData_20_1_0011_0001_42_11
0001_42,"Goku (Super), Super Saiyan God",Outfit 14 — Joint Strike (Super Saiyan God Super Saiyan),CrossFormMoves,[0].Slot,,Ultimate,,Access recorded for this outfit; follow the linked target and conditions.,ItemData_20_1_0011_0001_42_11
0001_42,"Goku (Super), Super Saiyan God",Outfit 14 — Joint Strike (Super Saiyan God Super Saiyan),CrossFormMoves,[0].Name,,Joint Strike,,Access recorded for this outfit; follow the linked target and conditions.,ItemData_20_1_0011_0001_42_11
0001_42,"Goku (Super), Super Saiyan God",Outfit 14 — Joint Strike (Super Saiyan God Super Saiyan),CrossFormMoves,[0].Variant,,ULT2,,Access recorded for this outfit; follow the linked target and conditions.,ItemData_20_1_0011_0001_42_11
0001_42,"Goku (Super), Super Saiyan God",Outfit 14 — Joint Strike (Super Saiyan God Super Saiyan),CrossFormMoves,[0].Source,,BlastUltimate2_0000_43_09,,Access recorded for this outfit; follow the linked target and conditions.,ItemData_20_1_0011_0001_42_11
0001_42,"Goku (Super), Super Saiyan God",Outfit 14 — Joint Strike (Super Saiyan God Super Saiyan),CrossFormMoves,[0].Evidence,,Item.TextCharacter and TextBlastActionData + exact target move variant; native item description,,Access recorded for this outfit; follow the linked target and conditions.,ItemData_20_1_0011_0001_42_11
0001_42,"Goku (Super), Super Saiyan God",Outfit 9 — Co-op Rising (Goku (Super)),CrossFormMoves,[0].FighterId,,0000_40,,Access recorded for this outfit; follow the linked target and conditions.,ItemData_20_1_0012_0001_42_12
0001_42,"Goku (Super), Super Saiyan God",Outfit 9 — Co-op Rising (Goku (Super)),CrossFormMoves,[0].FighterName,,Goku (Super),,Access recorded for this outfit; follow the linked target and conditions.,ItemData_20_1_0012_0001_42_12
0001_42,"Goku (Super), Super Saiyan God",Outfit 9 — Co-op Rising (Goku (Super)),CrossFormMoves,[0].Slot,,Ultimate,,Access recorded for this outfit; follow the linked target and conditions.,ItemData_20_1_0012_0001_42_12
0001_42,"Goku (Super), Super Saiyan God",Outfit 9 — Co-op Rising (Goku (Super)),CrossFormMoves,[0].Name,,Co-op Rising,,Access recorded for this outfit; follow the linked target and conditions.,ItemData_20_1_0012_0001_42_12
0001_42,"Goku (Super), Super Saiyan God",Outfit 9 — Co-op Rising (Goku (Super)),CrossFormMoves,[0].Variant,,ULT2,,Access recorded for this outfit; follow the linked target and conditions.,ItemData_20_1_0012_0001_42_12
0001_42,"Goku (Super), Super Saiyan God",Outfit 9 — Co-op Rising (Goku (Super)),CrossFormMoves,[0].Source,,BlastUltimate2_0000_40_08,,Access recorded for this outfit; follow the linked target and conditions.,ItemData_20_1_0012_0001_42_12
0001_42,"Goku (Super), Super Saiyan God",Outfit 9 — Co-op Rising (Goku (Super)),CrossFormMoves,[0].Evidence,,Item.TextCharacter and TextBlastActionData + exact target move variant; native item description,,Access recorded for this outfit; follow the linked target and conditions.,ItemData_20_1_0012_0001_42_12
0001_42,"Goku (Super), Super Saiyan God",Outfit 10 — Co-op Rising (Goku (Super)),CrossFormMoves,[0].FighterId,,0000_40,,Access recorded for this outfit; follow the linked target and conditions.,ItemData_20_1_0013_0001_42_13
0001_42,"Goku (Super), Super Saiyan God",Outfit 10 — Co-op Rising (Goku (Super)),CrossFormMoves,[0].FighterName,,Goku (Super),,Access recorded for this outfit; follow the linked target and conditions.,ItemData_20_1_0013_0001_42_13
0001_42,"Goku (Super), Super Saiyan God",Outfit 10 — Co-op Rising (Goku (Super)),CrossFormMoves,[0].Slot,,Ultimate,,Access recorded for this outfit; follow the linked target and conditions.,ItemData_20_1_0013_0001_42_13
0001_42,"Goku (Super), Super Saiyan God",Outfit 10 — Co-op Rising (Goku (Super)),CrossFormMoves,[0].Name,,Co-op Rising,,Access recorded for this outfit; follow the linked target and conditions.,ItemData_20_1_0013_0001_42_13
0001_42,"Goku (Super), Super Saiyan God",Outfit 10 — Co-op Rising (Goku (Super)),CrossFormMoves,[0].Variant,,ULT2,,Access recorded for this outfit; follow the linked target and conditions.,ItemData_20_1_0013_0001_42_13
0001_42,"Goku (Super), Super Saiyan God",Outfit 10 — Co-op Rising (Goku (Super)),CrossFormMoves,[0].Source,,BlastUltimate2_0000_40_08,,Access recorded for this outfit; follow the linked target and conditions.,ItemData_20_1_0013_0001_42_13
0001_42,"Goku (Super), Super Saiyan God",Outfit 10 — Co-op Rising (Goku (Super)),CrossFormMoves,[0].Evidence,,Item.TextCharacter and TextBlastActionData + exact target move variant; native item description,,Access recorded for this outfit; follow the linked target and conditions.,ItemData_20_1_0013_0001_42_13
0020_60,Vegeta (Super),Outfit 5 — Joint Strike (Super Saiyan God Super Saiyan),CrossFormMoves,[0].FighterId,,0020_63,,Access recorded for this outfit; follow the linked target and conditions.,ItemData_20_1_0004_0020_60_04
0020_60,Vegeta (Super),Outfit 5 — Joint Strike (Super Saiyan God Super Saiyan),CrossFormMoves,[0].FighterName,,"Vegeta (Super), Super Saiyan God Super Saiyan",,Access recorded for this outfit; follow the linked target and conditions.,ItemData_20_1_0004_0020_60_04
0020_60,Vegeta (Super),Outfit 5 — Joint Strike (Super Saiyan God Super Saiyan),CrossFormMoves,[0].Slot,,Ultimate,,Access recorded for this outfit; follow the linked target and conditions.,ItemData_20_1_0004_0020_60_04
0020_60,Vegeta (Super),Outfit 5 — Joint Strike (Super Saiyan God Super Saiyan),CrossFormMoves,[0].Name,,Joint Strike,,Access recorded for this outfit; follow the linked target and conditions.,ItemData_20_1_0004_0020_60_04
0020_60,Vegeta (Super),Outfit 5 — Joint Strike (Super Saiyan God Super Saiyan),CrossFormMoves,[0].Variant,,ULT2,,Access recorded for this outfit; follow the linked target and conditions.,ItemData_20_1_0004_0020_60_04
0020_60,Vegeta (Super),Outfit 5 — Joint Strike (Super Saiyan God Super Saiyan),CrossFormMoves,[0].Source,,BlastUltimate2_0020_63_04,,Access recorded for this outfit; follow the linked target and conditions.,ItemData_20_1_0004_0020_60_04
0020_60,Vegeta (Super),Outfit 5 — Joint Strike (Super Saiyan God Super Saiyan),CrossFormMoves,[0].Evidence,,Item.TextCharacter and TextBlastActionData + exact target move variant; native item description,,Access recorded for this outfit; follow the linked target and conditions.,ItemData_20_1_0004_0020_60_04
0020_60,Vegeta (Super),Outfit 6 — Joint Strike (Super Saiyan God Super Saiyan),CrossFormMoves,[0].FighterId,,0020_63,,Access recorded for this outfit; follow the linked target and conditions.,ItemData_20_1_0005_0020_60_05
0020_60,Vegeta (Super),Outfit 6 — Joint Strike (Super Saiyan God Super Saiyan),CrossFormMoves,[0].FighterName,,"Vegeta (Super), Super Saiyan God Super Saiyan",,Access recorded for this outfit; follow the linked target and conditions.,ItemData_20_1_0005_0020_60_05
0020_60,Vegeta (Super),Outfit 6 — Joint Strike (Super Saiyan God Super Saiyan),CrossFormMoves,[0].Slot,,Ultimate,,Access recorded for this outfit; follow the linked target and conditions.,ItemData_20_1_0005_0020_60_05
0020_60,Vegeta (Super),Outfit 6 — Joint Strike (Super Saiyan God Super Saiyan),CrossFormMoves,[0].Name,,Joint Strike,,Access recorded for this outfit; follow the linked target and conditions.,ItemData_20_1_0005_0020_60_05
0020_60,Vegeta (Super),Outfit 6 — Joint Strike (Super Saiyan God Super Saiyan),CrossFormMoves,[0].Variant,,ULT2,,Access recorded for this outfit; follow the linked target and conditions.,ItemData_20_1_0005_0020_60_05
0020_60,Vegeta (Super),Outfit 6 — Joint Strike (Super Saiyan God Super Saiyan),CrossFormMoves,[0].Source,,BlastUltimate2_0020_63_04,,Access recorded for this outfit; follow the linked target and conditions.,ItemData_20_1_0005_0020_60_05
0020_60,Vegeta (Super),Outfit 6 — Joint Strike (Super Saiyan God Super Saiyan),CrossFormMoves,[0].Evidence,,Item.TextCharacter and TextBlastActionData + exact target move variant; native item description,,Access recorded for this outfit; follow the linked target and conditions.,ItemData_20_1_0005_0020_60_05
0020_60,Vegeta (Super),Outfit 7 — Joint Strike (Super Saiyan God Super Saiyan),CrossFormMoves,[0].FighterId,,0020_63,,Access recorded for this outfit; follow the linked target and conditions.,ItemData_20_1_0006_0020_60_06
0020_60,Vegeta (Super),Outfit 7 — Joint Strike (Super Saiyan God Super Saiyan),CrossFormMoves,[0].FighterName,,"Vegeta (Super), Super Saiyan God Super Saiyan",,Access recorded for this outfit; follow the linked target and conditions.,ItemData_20_1_0006_0020_60_06
0020_60,Vegeta (Super),Outfit 7 — Joint Strike (Super Saiyan God Super Saiyan),CrossFormMoves,[0].Slot,,Ultimate,,Access recorded for this outfit; follow the linked target and conditions.,ItemData_20_1_0006_0020_60_06
0020_60,Vegeta (Super),Outfit 7 — Joint Strike (Super Saiyan God Super Saiyan),CrossFormMoves,[0].Name,,Joint Strike,,Access recorded for this outfit; follow the linked target and conditions.,ItemData_20_1_0006_0020_60_06
0020_60,Vegeta (Super),Outfit 7 — Joint Strike (Super Saiyan God Super Saiyan),CrossFormMoves,[0].Variant,,ULT2,,Access recorded for this outfit; follow the linked target and conditions.,ItemData_20_1_0006_0020_60_06
0020_60,Vegeta (Super),Outfit 7 — Joint Strike (Super Saiyan God Super Saiyan),CrossFormMoves,[0].Source,,BlastUltimate2_0020_63_04,,Access recorded for this outfit; follow the linked target and conditions.,ItemData_20_1_0006_0020_60_06
0020_60,Vegeta (Super),Outfit 7 — Joint Strike (Super Saiyan God Super Saiyan),CrossFormMoves,[0].Evidence,,Item.TextCharacter and TextBlastActionData + exact target move variant; native item description,,Access recorded for this outfit; follow the linked target and conditions.,ItemData_20_1_0006_0020_60_06
0020_61,"Vegeta (Super), Super Saiyan",Outfit 5 — Joint Strike (Super Saiyan God Super Saiyan),CrossFormMoves,[0].FighterId,,0020_63,,Access recorded for this outfit; follow the linked target and conditions.,ItemData_20_1_0004_0020_61_04
0020_61,"Vegeta (Super), Super Saiyan",Outfit 5 — Joint Strike (Super Saiyan God Super Saiyan),CrossFormMoves,[0].FighterName,,"Vegeta (Super), Super Saiyan God Super Saiyan",,Access recorded for this outfit; follow the linked target and conditions.,ItemData_20_1_0004_0020_61_04
0020_61,"Vegeta (Super), Super Saiyan",Outfit 5 — Joint Strike (Super Saiyan God Super Saiyan),CrossFormMoves,[0].Slot,,Ultimate,,Access recorded for this outfit; follow the linked target and conditions.,ItemData_20_1_0004_0020_61_04
0020_61,"Vegeta (Super), Super Saiyan",Outfit 5 — Joint Strike (Super Saiyan God Super Saiyan),CrossFormMoves,[0].Name,,Joint Strike,,Access recorded for this outfit; follow the linked target and conditions.,ItemData_20_1_0004_0020_61_04
0020_61,"Vegeta (Super), Super Saiyan",Outfit 5 — Joint Strike (Super Saiyan God Super Saiyan),CrossFormMoves,[0].Variant,,ULT2,,Access recorded for this outfit; follow the linked target and conditions.,ItemData_20_1_0004_0020_61_04
0020_61,"Vegeta (Super), Super Saiyan",Outfit 5 — Joint Strike (Super Saiyan God Super Saiyan),CrossFormMoves,[0].Source,,BlastUltimate2_0020_63_04,,Access recorded for this outfit; follow the linked target and conditions.,ItemData_20_1_0004_0020_61_04
0020_61,"Vegeta (Super), Super Saiyan",Outfit 5 — Joint Strike (Super Saiyan God Super Saiyan),CrossFormMoves,[0].Evidence,,Item.TextCharacter and TextBlastActionData + exact target move variant; native item description,,Access recorded for this outfit; follow the linked target and conditions.,ItemData_20_1_0004_0020_61_04
0020_61,"Vegeta (Super), Super Saiyan",Outfit 6 — Joint Strike (Super Saiyan God Super Saiyan),CrossFormMoves,[0].FighterId,,0020_63,,Access recorded for this outfit; follow the linked target and conditions.,ItemData_20_1_0005_0020_61_05
0020_61,"Vegeta (Super), Super Saiyan",Outfit 6 — Joint Strike (Super Saiyan God Super Saiyan),CrossFormMoves,[0].FighterName,,"Vegeta (Super), Super Saiyan God Super Saiyan",,Access recorded for this outfit; follow the linked target and conditions.,ItemData_20_1_0005_0020_61_05
0020_61,"Vegeta (Super), Super Saiyan",Outfit 6 — Joint Strike (Super Saiyan God Super Saiyan),CrossFormMoves,[0].Slot,,Ultimate,,Access recorded for this outfit; follow the linked target and conditions.,ItemData_20_1_0005_0020_61_05
0020_61,"Vegeta (Super), Super Saiyan",Outfit 6 — Joint Strike (Super Saiyan God Super Saiyan),CrossFormMoves,[0].Name,,Joint Strike,,Access recorded for this outfit; follow the linked target and conditions.,ItemData_20_1_0005_0020_61_05
0020_61,"Vegeta (Super), Super Saiyan",Outfit 6 — Joint Strike (Super Saiyan God Super Saiyan),CrossFormMoves,[0].Variant,,ULT2,,Access recorded for this outfit; follow the linked target and conditions.,ItemData_20_1_0005_0020_61_05
0020_61,"Vegeta (Super), Super Saiyan",Outfit 6 — Joint Strike (Super Saiyan God Super Saiyan),CrossFormMoves,[0].Source,,BlastUltimate2_0020_63_04,,Access recorded for this outfit; follow the linked target and conditions.,ItemData_20_1_0005_0020_61_05
0020_61,"Vegeta (Super), Super Saiyan",Outfit 6 — Joint Strike (Super Saiyan God Super Saiyan),CrossFormMoves,[0].Evidence,,Item.TextCharacter and TextBlastActionData + exact target move variant; native item description,,Access recorded for this outfit; follow the linked target and conditions.,ItemData_20_1_0005_0020_61_05
0020_61,"Vegeta (Super), Super Saiyan",Outfit 7 — Joint Strike (Super Saiyan God Super Saiyan),CrossFormMoves,[0].FighterId,,0020_63,,Access recorded for this outfit; follow the linked target and conditions.,ItemData_20_1_0006_0020_61_06
0020_61,"Vegeta (Super), Super Saiyan",Outfit 7 — Joint Strike (Super Saiyan God Super Saiyan),CrossFormMoves,[0].FighterName,,"Vegeta (Super), Super Saiyan God Super Saiyan",,Access recorded for this outfit; follow the linked target and conditions.,ItemData_20_1_0006_0020_61_06
0020_61,"Vegeta (Super), Super Saiyan",Outfit 7 — Joint Strike (Super Saiyan God Super Saiyan),CrossFormMoves,[0].Slot,,Ultimate,,Access recorded for this outfit; follow the linked target and conditions.,ItemData_20_1_0006_0020_61_06
0020_61,"Vegeta (Super), Super Saiyan",Outfit 7 — Joint Strike (Super Saiyan God Super Saiyan),CrossFormMoves,[0].Name,,Joint Strike,,Access recorded for this outfit; follow the linked target and conditions.,ItemData_20_1_0006_0020_61_06
0020_61,"Vegeta (Super), Super Saiyan",Outfit 7 — Joint Strike (Super Saiyan God Super Saiyan),CrossFormMoves,[0].Variant,,ULT2,,Access recorded for this outfit; follow the linked target and conditions.,ItemData_20_1_0006_0020_61_06
0020_61,"Vegeta (Super), Super Saiyan",Outfit 7 — Joint Strike (Super Saiyan God Super Saiyan),CrossFormMoves,[0].Source,,BlastUltimate2_0020_63_04,,Access recorded for this outfit; follow the linked target and conditions.,ItemData_20_1_0006_0020_61_06
0020_61,"Vegeta (Super), Super Saiyan",Outfit 7 — Joint Strike (Super Saiyan God Super Saiyan),CrossFormMoves,[0].Evidence,,Item.TextCharacter and TextBlastActionData + exact target move variant; native item description,,Access recorded for this outfit; follow the linked target and conditions.,ItemData_20_1_0006_0020_61_06
0020_63,"Vegeta (Super), Super Saiyan God Super Saiyan",Outfit 5 — Joint Strike,DirectMoves,[0].FighterId,,0020_63,,Access recorded for this outfit; follow the linked target and conditions.,ItemData_20_1_0004_0020_63_04
0020_63,"Vegeta (Super), Super Saiyan God Super Saiyan",Outfit 5 — Joint Strike,DirectMoves,[0].Slot,,Ultimate,,Access recorded for this outfit; follow the linked target and conditions.,ItemData_20_1_0004_0020_63_04
0020_63,"Vegeta (Super), Super Saiyan God Super Saiyan",Outfit 5 — Joint Strike,DirectMoves,[0].Name,,Joint Strike,,Access recorded for this outfit; follow the linked target and conditions.,ItemData_20_1_0004_0020_63_04
0020_63,"Vegeta (Super), Super Saiyan God Super Saiyan",Outfit 5 — Joint Strike,DirectMoves,[0].Variant,,ULT2,,Access recorded for this outfit; follow the linked target and conditions.,ItemData_20_1_0004_0020_63_04
0020_63,"Vegeta (Super), Super Saiyan God Super Saiyan",Outfit 5 — Joint Strike,DirectMoves,[0].Source,,BlastUltimate2_0020_63_04,,Access recorded for this outfit; follow the linked target and conditions.,ItemData_20_1_0004_0020_63_04
0020_63,"Vegeta (Super), Super Saiyan God Super Saiyan",Outfit 6 — Joint Strike,DirectMoves,[0].FighterId,,0020_63,,Access recorded for this outfit; follow the linked target and conditions.,ItemData_20_1_0005_0020_63_05
0020_63,"Vegeta (Super), Super Saiyan God Super Saiyan",Outfit 6 — Joint Strike,DirectMoves,[0].Slot,,Ultimate,,Access recorded for this outfit; follow the linked target and conditions.,ItemData_20_1_0005_0020_63_05
0020_63,"Vegeta (Super), Super Saiyan God Super Saiyan",Outfit 6 — Joint Strike,DirectMoves,[0].Name,,Joint Strike,,Access recorded for this outfit; follow the linked target and conditions.,ItemData_20_1_0005_0020_63_05
0020_63,"Vegeta (Super), Super Saiyan God Super Saiyan",Outfit 6 — Joint Strike,DirectMoves,[0].Variant,,ULT2,,Access recorded for this outfit; follow the linked target and conditions.,ItemData_20_1_0005_0020_63_05
0020_63,"Vegeta (Super), Super Saiyan God Super Saiyan",Outfit 6 — Joint Strike,DirectMoves,[0].Source,,BlastUltimate2_0020_63_04,,Access recorded for this outfit; follow the linked target and conditions.,ItemData_20_1_0005_0020_63_05
0020_63,"Vegeta (Super), Super Saiyan God Super Saiyan",Outfit 7 — Joint Strike,DirectMoves,[0].FighterId,,0020_63,,Access recorded for this outfit; follow the linked target and conditions.,ItemData_20_1_0006_0020_63_06
0020_63,"Vegeta (Super), Super Saiyan God Super Saiyan",Outfit 7 — Joint Strike,DirectMoves,[0].Slot,,Ultimate,,Access recorded for this outfit; follow the linked target and conditions.,ItemData_20_1_0006_0020_63_06
0020_63,"Vegeta (Super), Super Saiyan God Super Saiyan",Outfit 7 — Joint Strike,DirectMoves,[0].Name,,Joint Strike,,Access recorded for this outfit; follow the linked target and conditions.,ItemData_20_1_0006_0020_63_06
0020_63,"Vegeta (Super), Super Saiyan God Super Saiyan",Outfit 7 — Joint Strike,DirectMoves,[0].Variant,,ULT2,,Access recorded for this outfit; follow the linked target and conditions.,ItemData_20_1_0006_0020_63_06
0020_63,"Vegeta (Super), Super Saiyan God Super Saiyan",Outfit 7 — Joint Strike,DirectMoves,[0].Source,,BlastUltimate2_0020_63_04,,Access recorded for this outfit; follow the linked target and conditions.,ItemData_20_1_0006_0020_63_06
0022_62,"Vegeta (Super), Super Saiyan God",Outfit 5 — Joint Strike (Super Saiyan God Super Saiyan),CrossFormMoves,[0].FighterId,,0020_63,,Access recorded for this outfit; follow the linked target and conditions.,ItemData_20_1_0004_0022_62_04
0022_62,"Vegeta (Super), Super Saiyan God",Outfit 5 — Joint Strike (Super Saiyan God Super Saiyan),CrossFormMoves,[0].FighterName,,"Vegeta (Super), Super Saiyan God Super Saiyan",,Access recorded for this outfit; follow the linked target and conditions.,ItemData_20_1_0004_0022_62_04
0022_62,"Vegeta (Super), Super Saiyan God",Outfit 5 — Joint Strike (Super Saiyan God Super Saiyan),CrossFormMoves,[0].Slot,,Ultimate,,Access recorded for this outfit; follow the linked target and conditions.,ItemData_20_1_0004_0022_62_04
0022_62,"Vegeta (Super), Super Saiyan God",Outfit 5 — Joint Strike (Super Saiyan God Super Saiyan),CrossFormMoves,[0].Name,,Joint Strike,,Access recorded for this outfit; follow the linked target and conditions.,ItemData_20_1_0004_0022_62_04
0022_62,"Vegeta (Super), Super Saiyan God",Outfit 5 — Joint Strike (Super Saiyan God Super Saiyan),CrossFormMoves,[0].Variant,,ULT2,,Access recorded for this outfit; follow the linked target and conditions.,ItemData_20_1_0004_0022_62_04
0022_62,"Vegeta (Super), Super Saiyan God",Outfit 5 — Joint Strike (Super Saiyan God Super Saiyan),CrossFormMoves,[0].Source,,BlastUltimate2_0020_63_04,,Access recorded for this outfit; follow the linked target and conditions.,ItemData_20_1_0004_0022_62_04
0022_62,"Vegeta (Super), Super Saiyan God",Outfit 5 — Joint Strike (Super Saiyan God Super Saiyan),CrossFormMoves,[0].Evidence,,Item.TextCharacter and TextBlastActionData + exact target move variant; native item description,,Access recorded for this outfit; follow the linked target and conditions.,ItemData_20_1_0004_0022_62_04
0022_62,"Vegeta (Super), Super Saiyan God",Outfit 6 — Joint Strike (Super Saiyan God Super Saiyan),CrossFormMoves,[0].FighterId,,0020_63,,Access recorded for this outfit; follow the linked target and conditions.,ItemData_20_1_0005_0022_62_05
0022_62,"Vegeta (Super), Super Saiyan God",Outfit 6 — Joint Strike (Super Saiyan God Super Saiyan),CrossFormMoves,[0].FighterName,,"Vegeta (Super), Super Saiyan God Super Saiyan",,Access recorded for this outfit; follow the linked target and conditions.,ItemData_20_1_0005_0022_62_05
0022_62,"Vegeta (Super), Super Saiyan God",Outfit 6 — Joint Strike (Super Saiyan God Super Saiyan),CrossFormMoves,[0].Slot,,Ultimate,,Access recorded for this outfit; follow the linked target and conditions.,ItemData_20_1_0005_0022_62_05
0022_62,"Vegeta (Super), Super Saiyan God",Outfit 6 — Joint Strike (Super Saiyan God Super Saiyan),CrossFormMoves,[0].Name,,Joint Strike,,Access recorded for this outfit; follow the linked target and conditions.,ItemData_20_1_0005_0022_62_05
0022_62,"Vegeta (Super), Super Saiyan God",Outfit 6 — Joint Strike (Super Saiyan God Super Saiyan),CrossFormMoves,[0].Variant,,ULT2,,Access recorded for this outfit; follow the linked target and conditions.,ItemData_20_1_0005_0022_62_05
0022_62,"Vegeta (Super), Super Saiyan God",Outfit 6 — Joint Strike (Super Saiyan God Super Saiyan),CrossFormMoves,[0].Source,,BlastUltimate2_0020_63_04,,Access recorded for this outfit; follow the linked target and conditions.,ItemData_20_1_0005_0022_62_05
0022_62,"Vegeta (Super), Super Saiyan God",Outfit 6 — Joint Strike (Super Saiyan God Super Saiyan),CrossFormMoves,[0].Evidence,,Item.TextCharacter and TextBlastActionData + exact target move variant; native item description,,Access recorded for this outfit; follow the linked target and conditions.,ItemData_20_1_0005_0022_62_05
0022_62,"Vegeta (Super), Super Saiyan God",Outfit 7 — Joint Strike (Super Saiyan God Super Saiyan),CrossFormMoves,[0].FighterId,,0020_63,,Access recorded for this outfit; follow the linked target and conditions.,ItemData_20_1_0006_0022_62_06
0022_62,"Vegeta (Super), Super Saiyan God",Outfit 7 — Joint Strike (Super Saiyan God Super Saiyan),CrossFormMoves,[0].FighterName,,"Vegeta (Super), Super Saiyan God Super Saiyan",,Access recorded for this outfit; follow the linked target and conditions.,ItemData_20_1_0006_0022_62_06
0022_62,"Vegeta (Super), Super Saiyan God",Outfit 7 — Joint Strike (Super Saiyan God Super Saiyan),CrossFormMoves,[0].Slot,,Ultimate,,Access recorded for this outfit; follow the linked target and conditions.,ItemData_20_1_0006_0022_62_06
0022_62,"Vegeta (Super), Super Saiyan God",Outfit 7 — Joint Strike (Super Saiyan God Super Saiyan),CrossFormMoves,[0].Name,,Joint Strike,,Access recorded for this outfit; follow the linked target and conditions.,ItemData_20_1_0006_0022_62_06
0022_62,"Vegeta (Super), Super Saiyan God",Outfit 7 — Joint Strike (Super Saiyan God Super Saiyan),CrossFormMoves,[0].Variant,,ULT2,,Access recorded for this outfit; follow the linked target and conditions.,ItemData_20_1_0006_0022_62_06
0022_62,"Vegeta (Super), Super Saiyan God",Outfit 7 — Joint Strike (Super Saiyan God Super Saiyan),CrossFormMoves,[0].Source,,BlastUltimate2_0020_63_04,,Access recorded for this outfit; follow the linked target and conditions.,ItemData_20_1_0006_0022_62_06
0022_62,"Vegeta (Super), Super Saiyan God",Outfit 7 — Joint Strike (Super Saiyan God Super Saiyan),CrossFormMoves,[0].Evidence,,Item.TextCharacter and TextBlastActionData + exact target move variant; native item description,,Access recorded for this outfit; follow the linked target and conditions.,ItemData_20_1_0006_0022_62_06
0031_00,Gohan (Teen),Outfit 5 — Blinding Strike (Super Saiyan 2),CrossFormMoves,[0].FighterId,,0031_02,,Access recorded for this outfit; follow the linked target and conditions.,ItemData_20_1_0004_0031_00_04
0031_00,Gohan (Teen),Outfit 5 — Blinding Strike (Super Saiyan 2),CrossFormMoves,[0].FighterName,,"Gohan (Teen), Super Saiyan 2",,Access recorded for this outfit; follow the linked target and conditions.,ItemData_20_1_0004_0031_00_04
0031_00,Gohan (Teen),Outfit 5 — Blinding Strike (Super Saiyan 2),CrossFormMoves,[0].Slot,,Ultimate,,Access recorded for this outfit; follow the linked target and conditions.,ItemData_20_1_0004_0031_00_04
0031_00,Gohan (Teen),Outfit 5 — Blinding Strike (Super Saiyan 2),CrossFormMoves,[0].Name,,Blinding Strike,,Access recorded for this outfit; follow the linked target and conditions.,ItemData_20_1_0004_0031_00_04
0031_00,Gohan (Teen),Outfit 5 — Blinding Strike (Super Saiyan 2),CrossFormMoves,[0].Variant,,ULT2,,Access recorded for this outfit; follow the linked target and conditions.,ItemData_20_1_0004_0031_00_04
0031_00,Gohan (Teen),Outfit 5 — Blinding Strike (Super Saiyan 2),CrossFormMoves,[0].Source,,BlastUltimate2_0031_02_04,,Access recorded for this outfit; follow the linked target and conditions.,ItemData_20_1_0004_0031_00_04
0031_00,Gohan (Teen),Outfit 5 — Blinding Strike (Super Saiyan 2),CrossFormMoves,[0].Evidence,,Item.TextCharacter and TextBlastActionData + exact target move variant; native item description,,Access recorded for this outfit; follow the linked target and conditions.,ItemData_20_1_0004_0031_00_04
0031_01,"Gohan (Teen), Super Saiyan",Outfit 5 — Blinding Strike (Super Saiyan 2),CrossFormMoves,[0].FighterId,,0031_02,,Access recorded for this outfit; follow the linked target and conditions.,ItemData_20_1_0004_0031_01_04
0031_01,"Gohan (Teen), Super Saiyan",Outfit 5 — Blinding Strike (Super Saiyan 2),CrossFormMoves,[0].FighterName,,"Gohan (Teen), Super Saiyan 2",,Access recorded for this outfit; follow the linked target and conditions.,ItemData_20_1_0004_0031_01_04
0031_01,"Gohan (Teen), Super Saiyan",Outfit 5 — Blinding Strike (Super Saiyan 2),CrossFormMoves,[0].Slot,,Ultimate,,Access recorded for this outfit; follow the linked target and conditions.,ItemData_20_1_0004_0031_01_04
0031_01,"Gohan (Teen), Super Saiyan",Outfit 5 — Blinding Strike (Super Saiyan 2),CrossFormMoves,[0].Name,,Blinding Strike,,Access recorded for this outfit; follow the linked target and conditions.,ItemData_20_1_0004_0031_01_04
0031_01,"Gohan (Teen), Super Saiyan",Outfit 5 — Blinding Strike (Super Saiyan 2),CrossFormMoves,[0].Variant,,ULT2,,Access recorded for this outfit; follow the linked target and conditions.,ItemData_20_1_0004_0031_01_04
0031_01,"Gohan (Teen), Super Saiyan",Outfit 5 — Blinding Strike (Super Saiyan 2),CrossFormMoves,[0].Source,,BlastUltimate2_0031_02_04,,Access recorded for this outfit; follow the linked target and conditions.,ItemData_20_1_0004_0031_01_04
0031_01,"Gohan (Teen), Super Saiyan",Outfit 5 — Blinding Strike (Super Saiyan 2),CrossFormMoves,[0].Evidence,,Item.TextCharacter and TextBlastActionData + exact target move variant; native item description,,Access recorded for this outfit; follow the linked target and conditions.,ItemData_20_1_0004_0031_01_04
0031_02,"Gohan (Teen), Super Saiyan 2",Outfit 5 — Blinding Strike,DirectMoves,[0].FighterId,,0031_02,,Access recorded for this outfit; follow the linked target and conditions.,ItemData_20_1_0004_0031_02_04
0031_02,"Gohan (Teen), Super Saiyan 2",Outfit 5 — Blinding Strike,DirectMoves,[0].Slot,,Ultimate,,Access recorded for this outfit; follow the linked target and conditions.,ItemData_20_1_0004_0031_02_04
0031_02,"Gohan (Teen), Super Saiyan 2",Outfit 5 — Blinding Strike,DirectMoves,[0].Name,,Blinding Strike,,Access recorded for this outfit; follow the linked target and conditions.,ItemData_20_1_0004_0031_02_04
0031_02,"Gohan (Teen), Super Saiyan 2",Outfit 5 — Blinding Strike,DirectMoves,[0].Variant,,ULT2,,Access recorded for this outfit; follow the linked target and conditions.,ItemData_20_1_0004_0031_02_04
0031_02,"Gohan (Teen), Super Saiyan 2",Outfit 5 — Blinding Strike,DirectMoves,[0].Source,,BlastUltimate2_0031_02_04,,Access recorded for this outfit; follow the linked target and conditions.,ItemData_20_1_0004_0031_02_04
0032_00,Gohan (Adult),Outfit 6 — Bloodline Kamehameha (Super Saiyan),CrossFormMoves,[0].FighterId,,0032_01,,Access recorded for this outfit; follow the linked target and conditions.,ItemData_20_1_0005_0032_00_05
0032_00,Gohan (Adult),Outfit 6 — Bloodline Kamehameha (Super Saiyan),CrossFormMoves,[0].FighterName,,"Gohan (Adult), Super Saiyan",,Access recorded for this outfit; follow the linked target and conditions.,ItemData_20_1_0005_0032_00_05
0032_00,Gohan (Adult),Outfit 6 — Bloodline Kamehameha (Super Saiyan),CrossFormMoves,[0].Slot,,Ultimate,,Access recorded for this outfit; follow the linked target and conditions.,ItemData_20_1_0005_0032_00_05
0032_00,Gohan (Adult),Outfit 6 — Bloodline Kamehameha (Super Saiyan),CrossFormMoves,[0].Name,,Bloodline Kamehameha,,Access recorded for this outfit; follow the linked target and conditions.,ItemData_20_1_0005_0032_00_05
0032_00,Gohan (Adult),Outfit 6 — Bloodline Kamehameha (Super Saiyan),CrossFormMoves,[0].Variant,,ULT2,,Access recorded for this outfit; follow the linked target and conditions.,ItemData_20_1_0005_0032_00_05
0032_00,Gohan (Adult),Outfit 6 — Bloodline Kamehameha (Super Saiyan),CrossFormMoves,[0].Source,,BlastUltimate2_0032_01_05,,Access recorded for this outfit; follow the linked target and conditions.,ItemData_20_1_0005_0032_00_05
0032_00,Gohan (Adult),Outfit 6 — Bloodline Kamehameha (Super Saiyan),CrossFormMoves,[0].Evidence,,Item.TextCharacter and TextBlastActionData + exact target move variant; native item description,,Access recorded for this outfit; follow the linked target and conditions.,ItemData_20_1_0005_0032_00_05
0032_00,Gohan (Adult),Outfit 7 — Bloodline Kamehameha (Super Saiyan),CrossFormMoves,[0].FighterId,,0032_01,,Access recorded for this outfit; follow the linked target and conditions.,ItemData_20_1_0006_0032_00_06
0032_00,Gohan (Adult),Outfit 7 — Bloodline Kamehameha (Super Saiyan),CrossFormMoves,[0].FighterName,,"Gohan (Adult), Super Saiyan",,Access recorded for this outfit; follow the linked target and conditions.,ItemData_20_1_0006_0032_00_06
0032_00,Gohan (Adult),Outfit 7 — Bloodline Kamehameha (Super Saiyan),CrossFormMoves,[0].Slot,,Ultimate,,Access recorded for this outfit; follow the linked target and conditions.,ItemData_20_1_0006_0032_00_06
0032_00,Gohan (Adult),Outfit 7 — Bloodline Kamehameha (Super Saiyan),CrossFormMoves,[0].Name,,Bloodline Kamehameha,,Access recorded for this outfit; follow the linked target and conditions.,ItemData_20_1_0006_0032_00_06
0032_00,Gohan (Adult),Outfit 7 — Bloodline Kamehameha (Super Saiyan),CrossFormMoves,[0].Variant,,ULT2,,Access recorded for this outfit; follow the linked target and conditions.,ItemData_20_1_0006_0032_00_06
0032_00,Gohan (Adult),Outfit 7 — Bloodline Kamehameha (Super Saiyan),CrossFormMoves,[0].Source,,BlastUltimate2_0032_01_05,,Access recorded for this outfit; follow the linked target and conditions.,ItemData_20_1_0006_0032_00_06
0032_00,Gohan (Adult),Outfit 7 — Bloodline Kamehameha (Super Saiyan),CrossFormMoves,[0].Evidence,,Item.TextCharacter and TextBlastActionData + exact target move variant; native item description,,Access recorded for this outfit; follow the linked target and conditions.,ItemData_20_1_0006_0032_00_06
0032_00,Gohan (Adult),Outfit 9 — Punishing Rush,DirectMoves,[0].FighterId,,0032_00,,Access recorded for this outfit; follow the linked target and conditions.,ItemData_20_1_0007_0032_00_07
0032_00,Gohan (Adult),Outfit 9 — Punishing Rush,DirectMoves,[0].Slot,,Ultimate,,Access recorded for this outfit; follow the linked target and conditions.,ItemData_20_1_0007_0032_00_07
0032_00,Gohan (Adult),Outfit 9 — Punishing Rush,DirectMoves,[0].Name,,Punishing Rush,,Access recorded for this outfit; follow the linked target and conditions.,ItemData_20_1_0007_0032_00_07
0032_00,Gohan (Adult),Outfit 9 — Punishing Rush,DirectMoves,[0].Variant,,ULT2,,Access recorded for this outfit; follow the linked target and conditions.,ItemData_20_1_0007_0032_00_07
0032_00,Gohan (Adult),Outfit 9 — Punishing Rush,DirectMoves,[0].Source,,BlastUltimate2_0032_00_06,,Access recorded for this outfit; follow the linked target and conditions.,ItemData_20_1_0007_0032_00_07
0032_00,Gohan (Adult),Outfit 11 — Z-Sword Rush,DirectMoves,[0].FighterId,,0032_00,,Access recorded for this outfit; follow the linked target and conditions.,ItemData_20_1_0008_0032_00_08
0032_00,Gohan (Adult),Outfit 11 — Z-Sword Rush,DirectMoves,[0].Slot,,Ultimate,,Access recorded for this outfit; follow the linked target and conditions.,ItemData_20_1_0008_0032_00_08
0032_00,Gohan (Adult),Outfit 11 — Z-Sword Rush,DirectMoves,[0].Name,,Z-Sword Rush,,Access recorded for this outfit; follow the linked target and conditions.,ItemData_20_1_0008_0032_00_08
0032_00,Gohan (Adult),Outfit 11 — Z-Sword Rush,DirectMoves,[0].Variant,,ULT3,,Access recorded for this outfit; follow the linked target and conditions.,ItemData_20_1_0008_0032_00_08
0032_00,Gohan (Adult),Outfit 11 — Z-Sword Rush,DirectMoves,[0].Source,,BlastUltimate2_0032_00_07,,Access recorded for this outfit; follow the linked target and conditions.,ItemData_20_1_0008_0032_00_08
0032_01,"Gohan (Adult), Super Saiyan",Outfit 6 — Bloodline Kamehameha,DirectMoves,[0].FighterId,,0032_01,,Access recorded for this outfit; follow the linked target and conditions.,ItemData_20_1_0005_0032_01_05
0032_01,"Gohan (Adult), Super Saiyan",Outfit 6 — Bloodline Kamehameha,DirectMoves,[0].Slot,,Ultimate,,Access recorded for this outfit; follow the linked target and conditions.,ItemData_20_1_0005_0032_01_05
0032_01,"Gohan (Adult), Super Saiyan",Outfit 6 — Bloodline Kamehameha,DirectMoves,[0].Name,,Bloodline Kamehameha,,Access recorded for this outfit; follow the linked target and conditions.,ItemData_20_1_0005_0032_01_05
0032_01,"Gohan (Adult), Super Saiyan",Outfit 6 — Bloodline Kamehameha,DirectMoves,[0].Variant,,ULT2,,Access recorded for this outfit; follow the linked target and conditions.,ItemData_20_1_0005_0032_01_05
0032_01,"Gohan (Adult), Super Saiyan",Outfit 6 — Bloodline Kamehameha,DirectMoves,[0].Source,,BlastUltimate2_0032_01_05,,Access recorded for this outfit; follow the linked target and conditions.,ItemData_20_1_0005_0032_01_05
0032_01,"Gohan (Adult), Super Saiyan",Outfit 7 — Bloodline Kamehameha,DirectMoves,[0].FighterId,,0032_01,,Access recorded for this outfit; follow the linked target and conditions.,ItemData_20_1_0006_0032_01_06
0032_01,"Gohan (Adult), Super Saiyan",Outfit 7 — Bloodline Kamehameha,DirectMoves,[0].Slot,,Ultimate,,Access recorded for this outfit; follow the linked target and conditions.,ItemData_20_1_0006_0032_01_06
0032_01,"Gohan (Adult), Super Saiyan",Outfit 7 — Bloodline Kamehameha,DirectMoves,[0].Name,,Bloodline Kamehameha,,Access recorded for this outfit; follow the linked target and conditions.,ItemData_20_1_0006_0032_01_06
0032_01,"Gohan (Adult), Super Saiyan",Outfit 7 — Bloodline Kamehameha,DirectMoves,[0].Variant,,ULT2,,Access recorded for this outfit; follow the linked target and conditions.,ItemData_20_1_0006_0032_01_06
0032_01,"Gohan (Adult), Super Saiyan",Outfit 7 — Bloodline Kamehameha,DirectMoves,[0].Source,,BlastUltimate2_0032_01_05,,Access recorded for this outfit; follow the linked target and conditions.,ItemData_20_1_0006_0032_01_06
0032_01,"Gohan (Adult), Super Saiyan",Outfit 9 — Punishing Rush (Gohan (Adult)),CrossFormMoves,[0].FighterId,,0032_00,,Access recorded for this outfit; follow the linked target and conditions.,ItemData_20_1_0007_0032_01_07
0032_01,"Gohan (Adult), Super Saiyan",Outfit 9 — Punishing Rush (Gohan (Adult)),CrossFormMoves,[0].FighterName,,Gohan (Adult),,Access recorded for this outfit; follow the linked target and conditions.,ItemData_20_1_0007_0032_01_07
0032_01,"Gohan (Adult), Super Saiyan",Outfit 9 — Punishing Rush (Gohan (Adult)),CrossFormMoves,[0].Slot,,Ultimate,,Access recorded for this outfit; follow the linked target and conditions.,ItemData_20_1_0007_0032_01_07
0032_01,"Gohan (Adult), Super Saiyan",Outfit 9 — Punishing Rush (Gohan (Adult)),CrossFormMoves,[0].Name,,Punishing Rush,,Access recorded for this outfit; follow the linked target and conditions.,ItemData_20_1_0007_0032_01_07
0032_01,"Gohan (Adult), Super Saiyan",Outfit 9 — Punishing Rush (Gohan (Adult)),CrossFormMoves,[0].Variant,,ULT2,,Access recorded for this outfit; follow the linked target and conditions.,ItemData_20_1_0007_0032_01_07
0032_01,"Gohan (Adult), Super Saiyan",Outfit 9 — Punishing Rush (Gohan (Adult)),CrossFormMoves,[0].Source,,BlastUltimate2_0032_00_06,,Access recorded for this outfit; follow the linked target and conditions.,ItemData_20_1_0007_0032_01_07
0032_01,"Gohan (Adult), Super Saiyan",Outfit 9 — Punishing Rush (Gohan (Adult)),CrossFormMoves,[0].Evidence,,Item.TextCharacter and TextBlastActionData + exact target move variant; native item description,,Access recorded for this outfit; follow the linked target and conditions.,ItemData_20_1_0007_0032_01_07
0032_01,"Gohan (Adult), Super Saiyan",Outfit 11 — Z-Sword Rush (Gohan (Adult)),CrossFormMoves,[0].FighterId,,0032_00,,Access recorded for this outfit; follow the linked target and conditions.,ItemData_20_1_0008_0032_01_08
0032_01,"Gohan (Adult), Super Saiyan",Outfit 11 — Z-Sword Rush (Gohan (Adult)),CrossFormMoves,[0].FighterName,,Gohan (Adult),,Access recorded for this outfit; follow the linked target and conditions.,ItemData_20_1_0008_0032_01_08
0032_01,"Gohan (Adult), Super Saiyan",Outfit 11 — Z-Sword Rush (Gohan (Adult)),CrossFormMoves,[0].Slot,,Ultimate,,Access recorded for this outfit; follow the linked target and conditions.,ItemData_20_1_0008_0032_01_08
0032_01,"Gohan (Adult), Super Saiyan",Outfit 11 — Z-Sword Rush (Gohan (Adult)),CrossFormMoves,[0].Name,,Z-Sword Rush,,Access recorded for this outfit; follow the linked target and conditions.,ItemData_20_1_0008_0032_01_08
0032_01,"Gohan (Adult), Super Saiyan",Outfit 11 — Z-Sword Rush (Gohan (Adult)),CrossFormMoves,[0].Variant,,ULT3,,Access recorded for this outfit; follow the linked target and conditions.,ItemData_20_1_0008_0032_01_08
0032_01,"Gohan (Adult), Super Saiyan",Outfit 11 — Z-Sword Rush (Gohan (Adult)),CrossFormMoves,[0].Source,,BlastUltimate2_0032_00_07,,Access recorded for this outfit; follow the linked target and conditions.,ItemData_20_1_0008_0032_01_08
0032_01,"Gohan (Adult), Super Saiyan",Outfit 11 — Z-Sword Rush (Gohan (Adult)),CrossFormMoves,[0].Evidence,,Item.TextCharacter and TextBlastActionData + exact target move variant; native item description,,Access recorded for this outfit; follow the linked target and conditions.,ItemData_20_1_0008_0032_01_08
0032_02,"Gohan (Adult), Super Saiyan 2",Outfit 6 — Bloodline Kamehameha (Super Saiyan),CrossFormMoves,[0].FighterId,,0032_01,,Access recorded for this outfit; follow the linked target and conditions.,ItemData_20_1_0005_0032_02_05
0032_02,"Gohan (Adult), Super Saiyan 2",Outfit 6 — Bloodline Kamehameha (Super Saiyan),CrossFormMoves,[0].FighterName,,"Gohan (Adult), Super Saiyan",,Access recorded for this outfit; follow the linked target and conditions.,ItemData_20_1_0005_0032_02_05
0032_02,"Gohan (Adult), Super Saiyan 2",Outfit 6 — Bloodline Kamehameha (Super Saiyan),CrossFormMoves,[0].Slot,,Ultimate,,Access recorded for this outfit; follow the linked target and conditions.,ItemData_20_1_0005_0032_02_05
0032_02,"Gohan (Adult), Super Saiyan 2",Outfit 6 — Bloodline Kamehameha (Super Saiyan),CrossFormMoves,[0].Name,,Bloodline Kamehameha,,Access recorded for this outfit; follow the linked target and conditions.,ItemData_20_1_0005_0032_02_05
0032_02,"Gohan (Adult), Super Saiyan 2",Outfit 6 — Bloodline Kamehameha (Super Saiyan),CrossFormMoves,[0].Variant,,ULT2,,Access recorded for this outfit; follow the linked target and conditions.,ItemData_20_1_0005_0032_02_05
0032_02,"Gohan (Adult), Super Saiyan 2",Outfit 6 — Bloodline Kamehameha (Super Saiyan),CrossFormMoves,[0].Source,,BlastUltimate2_0032_01_05,,Access recorded for this outfit; follow the linked target and conditions.,ItemData_20_1_0005_0032_02_05
0032_02,"Gohan (Adult), Super Saiyan 2",Outfit 6 — Bloodline Kamehameha (Super Saiyan),CrossFormMoves,[0].Evidence,,Item.TextCharacter and TextBlastActionData + exact target move variant; native item description,,Access recorded for this outfit; follow the linked target and conditions.,ItemData_20_1_0005_0032_02_05
0032_02,"Gohan (Adult), Super Saiyan 2",Outfit 7 — Bloodline Kamehameha (Super Saiyan),CrossFormMoves,[0].FighterId,,0032_01,,Access recorded for this outfit; follow the linked target and conditions.,ItemData_20_1_0006_0032_02_06
0032_02,"Gohan (Adult), Super Saiyan 2",Outfit 7 — Bloodline Kamehameha (Super Saiyan),CrossFormMoves,[0].FighterName,,"Gohan (Adult), Super Saiyan",,Access recorded for this outfit; follow the linked target and conditions.,ItemData_20_1_0006_0032_02_06
0032_02,"Gohan (Adult), Super Saiyan 2",Outfit 7 — Bloodline Kamehameha (Super Saiyan),CrossFormMoves,[0].Slot,,Ultimate,,Access recorded for this outfit; follow the linked target and conditions.,ItemData_20_1_0006_0032_02_06
0032_02,"Gohan (Adult), Super Saiyan 2",Outfit 7 — Bloodline Kamehameha (Super Saiyan),CrossFormMoves,[0].Name,,Bloodline Kamehameha,,Access recorded for this outfit; follow the linked target and conditions.,ItemData_20_1_0006_0032_02_06
0032_02,"Gohan (Adult), Super Saiyan 2",Outfit 7 — Bloodline Kamehameha (Super Saiyan),CrossFormMoves,[0].Variant,,ULT2,,Access recorded for this outfit; follow the linked target and conditions.,ItemData_20_1_0006_0032_02_06
0032_02,"Gohan (Adult), Super Saiyan 2",Outfit 7 — Bloodline Kamehameha (Super Saiyan),CrossFormMoves,[0].Source,,BlastUltimate2_0032_01_05,,Access recorded for this outfit; follow the linked target and conditions.,ItemData_20_1_0006_0032_02_06
0032_02,"Gohan (Adult), Super Saiyan 2",Outfit 7 — Bloodline Kamehameha (Super Saiyan),CrossFormMoves,[0].Evidence,,Item.TextCharacter and TextBlastActionData + exact target move variant; native item description,,Access recorded for this outfit; follow the linked target and conditions.,ItemData_20_1_0006_0032_02_06
0032_02,"Gohan (Adult), Super Saiyan 2",Outfit 9 — Punishing Rush (Gohan (Adult)),CrossFormMoves,[0].FighterId,,0032_00,,Access recorded for this outfit; follow the linked target and conditions.,ItemData_20_1_0007_0032_02_07
0032_02,"Gohan (Adult), Super Saiyan 2",Outfit 9 — Punishing Rush (Gohan (Adult)),CrossFormMoves,[0].FighterName,,Gohan (Adult),,Access recorded for this outfit; follow the linked target and conditions.,ItemData_20_1_0007_0032_02_07
0032_02,"Gohan (Adult), Super Saiyan 2",Outfit 9 — Punishing Rush (Gohan (Adult)),CrossFormMoves,[0].Slot,,Ultimate,,Access recorded for this outfit; follow the linked target and conditions.,ItemData_20_1_0007_0032_02_07
0032_02,"Gohan (Adult), Super Saiyan 2",Outfit 9 — Punishing Rush (Gohan (Adult)),CrossFormMoves,[0].Name,,Punishing Rush,,Access recorded for this outfit; follow the linked target and conditions.,ItemData_20_1_0007_0032_02_07
0032_02,"Gohan (Adult), Super Saiyan 2",Outfit 9 — Punishing Rush (Gohan (Adult)),CrossFormMoves,[0].Variant,,ULT2,,Access recorded for this outfit; follow the linked target and conditions.,ItemData_20_1_0007_0032_02_07
0032_02,"Gohan (Adult), Super Saiyan 2",Outfit 9 — Punishing Rush (Gohan (Adult)),CrossFormMoves,[0].Source,,BlastUltimate2_0032_00_06,,Access recorded for this outfit; follow the linked target and conditions.,ItemData_20_1_0007_0032_02_07
0032_02,"Gohan (Adult), Super Saiyan 2",Outfit 9 — Punishing Rush (Gohan (Adult)),CrossFormMoves,[0].Evidence,,Item.TextCharacter and TextBlastActionData + exact target move variant; native item description,,Access recorded for this outfit; follow the linked target and conditions.,ItemData_20_1_0007_0032_02_07
0032_02,"Gohan (Adult), Super Saiyan 2",Outfit 11 — Z-Sword Rush (Gohan (Adult)),CrossFormMoves,[0].FighterId,,0032_00,,Access recorded for this outfit; follow the linked target and conditions.,ItemData_20_1_0008_0032_02_08
0032_02,"Gohan (Adult), Super Saiyan 2",Outfit 11 — Z-Sword Rush (Gohan (Adult)),CrossFormMoves,[0].FighterName,,Gohan (Adult),,Access recorded for this outfit; follow the linked target and conditions.,ItemData_20_1_0008_0032_02_08
0032_02,"Gohan (Adult), Super Saiyan 2",Outfit 11 — Z-Sword Rush (Gohan (Adult)),CrossFormMoves,[0].Slot,,Ultimate,,Access recorded for this outfit; follow the linked target and conditions.,ItemData_20_1_0008_0032_02_08
0032_02,"Gohan (Adult), Super Saiyan 2",Outfit 11 — Z-Sword Rush (Gohan (Adult)),CrossFormMoves,[0].Name,,Z-Sword Rush,,Access recorded for this outfit; follow the linked target and conditions.,ItemData_20_1_0008_0032_02_08
0032_02,"Gohan (Adult), Super Saiyan 2",Outfit 11 — Z-Sword Rush (Gohan (Adult)),CrossFormMoves,[0].Variant,,ULT3,,Access recorded for this outfit; follow the linked target and conditions.,ItemData_20_1_0008_0032_02_08
0032_02,"Gohan (Adult), Super Saiyan 2",Outfit 11 — Z-Sword Rush (Gohan (Adult)),CrossFormMoves,[0].Source,,BlastUltimate2_0032_00_07,,Access recorded for this outfit; follow the linked target and conditions.,ItemData_20_1_0008_0032_02_08
0032_02,"Gohan (Adult), Super Saiyan 2",Outfit 11 — Z-Sword Rush (Gohan (Adult)),CrossFormMoves,[0].Evidence,,Item.TextCharacter and TextBlastActionData + exact target move variant; native item description,,Access recorded for this outfit; follow the linked target and conditions.,ItemData_20_1_0008_0032_02_08
0040_00,Piccolo,Outfit 4 — Demonic Airstrike,DirectMoves,[0].FighterId,,0040_00,,Access recorded for this outfit; follow the linked target and conditions.,ItemData_20_1_0003_0040_00_03
0040_00,Piccolo,Outfit 4 — Demonic Airstrike,DirectMoves,[0].Slot,,Ultimate,,Access recorded for this outfit; follow the linked target and conditions.,ItemData_20_1_0003_0040_00_03
0040_00,Piccolo,Outfit 4 — Demonic Airstrike,DirectMoves,[0].Name,,Demonic Airstrike,,Access recorded for this outfit; follow the linked target and conditions.,ItemData_20_1_0003_0040_00_03
0040_00,Piccolo,Outfit 4 — Demonic Airstrike,DirectMoves,[0].Variant,,ULT2,,Access recorded for this outfit; follow the linked target and conditions.,ItemData_20_1_0003_0040_00_03
0040_00,Piccolo,Outfit 4 — Demonic Airstrike,DirectMoves,[0].Source,,BlastUltimate2_0040_00_03,,Access recorded for this outfit; follow the linked target and conditions.,ItemData_20_1_0003_0040_00_03
0040_10,Piccolo (Fused with Kami),Outfit 4 — Demonic Smiting,DirectMoves,[0].FighterId,,0040_10,,Access recorded for this outfit; follow the linked target and conditions.,ItemData_20_1_0003_0040_10_03
0040_10,Piccolo (Fused with Kami),Outfit 4 — Demonic Smiting,DirectMoves,[0].Slot,,Ultimate,,Access recorded for this outfit; follow the linked target and conditions.,ItemData_20_1_0003_0040_10_03
0040_10,Piccolo (Fused with Kami),Outfit 4 — Demonic Smiting,DirectMoves,[0].Name,,Demonic Smiting,,Access recorded for this outfit; follow the linked target and conditions.,ItemData_20_1_0003_0040_10_03
0040_10,Piccolo (Fused with Kami),Outfit 4 — Demonic Smiting,DirectMoves,[0].Variant,,ULT2,,Access recorded for this outfit; follow the linked target and conditions.,ItemData_20_1_0003_0040_10_03
0040_10,Piccolo (Fused with Kami),Outfit 4 — Demonic Smiting,DirectMoves,[0].Source,,BlastUltimate2_0040_10_03,,Access recorded for this outfit; follow the linked target and conditions.,ItemData_20_1_0003_0040_10_03
0050_00,Krillin,Outfit 5 — Round Cannonball,DirectMoves,[0].FighterId,,0050_00,,Access recorded for this outfit; follow the linked target and conditions.,ItemData_20_1_0006_0050_00_06
0050_00,Krillin,Outfit 5 — Round Cannonball,DirectMoves,[0].Slot,,Ultimate,,Access recorded for this outfit; follow the linked target and conditions.,ItemData_20_1_0006_0050_00_06
0050_00,Krillin,Outfit 5 — Round Cannonball,DirectMoves,[0].Name,,Round Cannonball,,Access recorded for this outfit; follow the linked target and conditions.,ItemData_20_1_0006_0050_00_06
0050_00,Krillin,Outfit 5 — Round Cannonball,DirectMoves,[0].Variant,,ULT2,,Access recorded for this outfit; follow the linked target and conditions.,ItemData_20_1_0006_0050_00_06
0050_00,Krillin,Outfit 5 — Round Cannonball,DirectMoves,[0].Source,,BlastUltimate2_0050_00_06,,Access recorded for this outfit; follow the linked target and conditions.,ItemData_20_1_0006_0050_00_06
0130_00,Videl,Outfit 3 — Justice Judgment,DirectMoves,[0].FighterId,,0130_00,,Access recorded for this outfit; follow the linked target and conditions.,ItemData_20_1_0004_0130_00_04
0130_00,Videl,Outfit 3 — Justice Judgment,DirectMoves,[0].Slot,,Ultimate,,Access recorded for this outfit; follow the linked target and conditions.,ItemData_20_1_0004_0130_00_04
0130_00,Videl,Outfit 3 — Justice Judgment,DirectMoves,[0].Name,,Justice Judgment,,Access recorded for this outfit; follow the linked target and conditions.,ItemData_20_1_0004_0130_00_04
0130_00,Videl,Outfit 3 — Justice Judgment,DirectMoves,[0].Variant,,ULT2,,Access recorded for this outfit; follow the linked target and conditions.,ItemData_20_1_0004_0130_00_04
0130_00,Videl,Outfit 3 — Justice Judgment,DirectMoves,[0].Source,,BlastUltimate2_0130_00_04,,Access recorded for this outfit; follow the linked target and conditions.,ItemData_20_1_0004_0130_00_04
0153_20,Frieza (Super),Outfit 2 — Co-op Rising,DirectMoves,[0].FighterId,,0153_20,,Access recorded for this outfit; follow the linked target and conditions.,ItemData_20_1_0002_0153_20_02
0153_20,Frieza (Super),Outfit 2 — Co-op Rising,DirectMoves,[0].Slot,,Ultimate,,Access recorded for this outfit; follow the linked target and conditions.,ItemData_20_1_0002_0153_20_02
0153_20,Frieza (Super),Outfit 2 — Co-op Rising,DirectMoves,[0].Name,,Co-op Rising,,Access recorded for this outfit; follow the linked target and conditions.,ItemData_20_1_0002_0153_20_02
0153_20,Frieza (Super),Outfit 2 — Co-op Rising,DirectMoves,[0].Variant,,ULT2,,Access recorded for this outfit; follow the linked target and conditions.,ItemData_20_1_0002_0153_20_02
0153_20,Frieza (Super),Outfit 2 — Co-op Rising,DirectMoves,[0].Source,,BlastUltimate2_0153_20_02,,Access recorded for this outfit; follow the linked target and conditions.,ItemData_20_1_0002_0153_20_02
0155_00,Golden Frieza,Outfit 2 — Co-op Rising (Frieza (Super)),CrossFormMoves,[0].FighterId,,0153_20,,Access recorded for this outfit; follow the linked target and conditions.,ItemData_20_1_0002_0155_00_02
0155_00,Golden Frieza,Outfit 2 — Co-op Rising (Frieza (Super)),CrossFormMoves,[0].FighterName,,Frieza (Super),,Access recorded for this outfit; follow the linked target and conditions.,ItemData_20_1_0002_0155_00_02
0155_00,Golden Frieza,Outfit 2 — Co-op Rising (Frieza (Super)),CrossFormMoves,[0].Slot,,Ultimate,,Access recorded for this outfit; follow the linked target and conditions.,ItemData_20_1_0002_0155_00_02
0155_00,Golden Frieza,Outfit 2 — Co-op Rising (Frieza (Super)),CrossFormMoves,[0].Name,,Co-op Rising,,Access recorded for this outfit; follow the linked target and conditions.,ItemData_20_1_0002_0155_00_02
0155_00,Golden Frieza,Outfit 2 — Co-op Rising (Frieza (Super)),CrossFormMoves,[0].Variant,,ULT2,,Access recorded for this outfit; follow the linked target and conditions.,ItemData_20_1_0002_0155_00_02
0155_00,Golden Frieza,Outfit 2 — Co-op Rising (Frieza (Super)),CrossFormMoves,[0].Source,,BlastUltimate2_0153_20_02,,Access recorded for this outfit; follow the linked target and conditions.,ItemData_20_1_0002_0155_00_02
0155_00,Golden Frieza,Outfit 2 — Co-op Rising (Frieza (Super)),CrossFormMoves,[0].Evidence,,Item.TextCharacter and TextBlastActionData + exact target move variant; native item description,,Access recorded for this outfit; follow the linked target and conditions.,ItemData_20_1_0002_0155_00_02
0310_00,Bardock,Outfit 3 — allows Super Saiyan transformation,TransformationAccess,[0].From,,0310_00,,Access recorded for this outfit; follow the linked target and conditions.,ItemData_20_1_0001_0310_00
0310_00,Bardock,Outfit 3 — allows Super Saiyan transformation,TransformationAccess,[0].Targets[0],,0310_01,,Access recorded for this outfit; follow the linked target and conditions.,ItemData_20_1_0001_0310_00
0310_00,Bardock,Outfit 3 — allows Super Saiyan transformation,TransformationAccess,[0].Names[0],,"Bardock, Super Saiyan",,Access recorded for this outfit; follow the linked target and conditions.,ItemData_20_1_0001_0310_00
0310_00,Bardock,Outfit 3 — allows Super Saiyan transformation,TransformationAccess,[0].Evidence,,Native outfit InfoText says Can transform; CharacterData.BattleAssets.FormChange identifies targets. Exact resulting costume pairing not resolved.,,Access recorded for this outfit; follow the linked target and conditions.,ItemData_20_1_0001_0310_00
0310_00,Bardock,Outfit 3 — allows Super Saiyan transformation,TransformationAccess,[0].Routes[0].ChangeCharacter.Key,,0310_01,,Access recorded for this outfit; follow the linked target and conditions.,ItemData_20_1_0001_0310_00
0310_00,Bardock,Outfit 3 — allows Super Saiyan transformation,TransformationAccess,[0].Routes[0].KeepCostumeFlg,,,TRUE,Access recorded for this outfit; follow the linked target and conditions.,ItemData_20_1_0001_0310_00
0310_00,Bardock,Outfit 3 — allows Super Saiyan transformation,TransformationAccess,[0].Routes[0].KeepCostumeID,,,FALSE,Access recorded for this outfit; follow the linked target and conditions.,ItemData_20_1_0001_0310_00
0310_00,Bardock,Outfit 3 — allows Super Saiyan transformation,TransformationAccess,[0].Routes[0].CostumeDamageFlg,,,TRUE,Access recorded for this outfit; follow the linked target and conditions.,ItemData_20_1_0001_0310_00
0310_00,Bardock,Outfit 3 — allows Super Saiyan transformation,TransformationAccess,[0].Routes[0].ConsumeBlastStock,1,,,Access recorded for this outfit; follow the linked target and conditions.,ItemData_20_1_0001_0310_00
0310_00,Bardock,Outfit 3 — allows Super Saiyan transformation,TransformationAccess,[0].Routes[0].HpRecovery,0,,,Access recorded for this outfit; follow the linked target and conditions.,ItemData_20_1_0001_0310_00
0310_00,Bardock,Outfit 3 — allows Super Saiyan transformation,TransformationAccess,[0].Routes[0].StyleChangeSPRecoveryMode,,EKoratStyleChangeSPRecoveryMode::TakeOver,,Access recorded for this outfit; follow the linked target and conditions.,ItemData_20_1_0001_0310_00
0310_00,Bardock,Outfit 3 — allows Super Saiyan transformation,TransformationAccess,[0].Routes[0].bDisableRecoveryAfterTheSecondTime,,,FALSE,Access recorded for this outfit; follow the linked target and conditions.,ItemData_20_1_0001_0310_00
0310_00,Bardock,Outfit 3 — allows Super Saiyan transformation,TransformationAccess,[0].Routes[0].CoolTime,5,,,Access recorded for this outfit; follow the linked target and conditions.,ItemData_20_1_0001_0310_00
0310_00,Bardock,Outfit 3 — allows Super Saiyan transformation,TransformationAccess,[0].Routes[0].ChangeCharacterActinData.ChangeCharacterAction1.Key,,actFRMC1,,Access recorded for this outfit; follow the linked target and conditions.,ItemData_20_1_0001_0310_00
0310_00,Bardock,Outfit 3 — allows Super Saiyan transformation,TransformationAccess,[0].Routes[0].ChangeCharacterActinData.ChangeCharacterAction2.Key,,actFRMC2,,Access recorded for this outfit; follow the linked target and conditions.,ItemData_20_1_0001_0310_00
0310_00,Bardock,Outfit 3 — allows Super Saiyan transformation,TransformationAccess,[0].Routes[0].ChangeCharacterActinData.ChangeCharacterAction3.Key,,actFRMC2R,,Access recorded for this outfit; follow the linked target and conditions.,ItemData_20_1_0001_0310_00
0310_00,Bardock,Outfit 3 — allows Super Saiyan transformation,TransformationAccess,[0].Routes[0].ChangeCharacterActinData.ChangeCharacterAction4.Key,,actFRMC3,,Access recorded for this outfit; follow the linked target and conditions.,ItemData_20_1_0001_0310_00
0310_00,Bardock,Outfit 3 — allows Super Saiyan transformation,TransformationAccess,[0].Routes[0].ChangeCharacterActinData.ChangeCharacterAction5.Key,,actFRMC4,,Access recorded for this outfit; follow the linked target and conditions.,ItemData_20_1_0001_0310_00
0310_00,Bardock,Outfit 3 — allows Super Saiyan transformation,TransformationAccess,[0].Routes[0].ChangeCharacterActinData.ChangeCharacterSpecialAction.Key,,None,,Access recorded for this outfit; follow the linked target and conditions.,ItemData_20_1_0001_0310_00
0310_00,Bardock,Outfit 3 — allows Super Saiyan transformation,TransformationAccess,[0].Routes[0].ChangeCharacterActinData.UnionSupportCharacterAction.Key,,None,,Access recorded for this outfit; follow the linked target and conditions.,ItemData_20_1_0001_0310_00
0310_00,Bardock,Outfit 3 — allows Super Saiyan transformation,TransformationAccess,[0].Routes[0].ChangeCharacterActinData.UnionCharacterAction.Key,,None,,Access recorded for this outfit; follow the linked target and conditions.,ItemData_20_1_0001_0310_00
0310_00,Bardock,Outfit 3 — allows Super Saiyan transformation,TransformationAccess,[0].Routes[0].SafeSpawnAreaSize,,EKoratSafeSpawnAreaSize::None,,Access recorded for this outfit; follow the linked target and conditions.,ItemData_20_1_0001_0310_00
0310_00,Bardock,Outfit 3 — allows Super Saiyan transformation,TransformationAccess,[0].Routes[0].bNotReleasedCanNotFormChange,,,TRUE,Access recorded for this outfit; follow the linked target and conditions.,ItemData_20_1_0001_0310_00
0310_00,Bardock,Outfit 4 — allows Super Saiyan transformation,TransformationAccess,[0].From,,0310_00,,Access recorded for this outfit; follow the linked target and conditions.,ItemData_20_1_0002_0310_00_02
0310_00,Bardock,Outfit 4 — allows Super Saiyan transformation,TransformationAccess,[0].Targets[0],,0310_01,,Access recorded for this outfit; follow the linked target and conditions.,ItemData_20_1_0002_0310_00_02
0310_00,Bardock,Outfit 4 — allows Super Saiyan transformation,TransformationAccess,[0].Names[0],,"Bardock, Super Saiyan",,Access recorded for this outfit; follow the linked target and conditions.,ItemData_20_1_0002_0310_00_02
0310_00,Bardock,Outfit 4 — allows Super Saiyan transformation,TransformationAccess,[0].Evidence,,Native outfit InfoText says Can transform; CharacterData.BattleAssets.FormChange identifies targets. Exact resulting costume pairing not resolved.,,Access recorded for this outfit; follow the linked target and conditions.,ItemData_20_1_0002_0310_00_02
0310_00,Bardock,Outfit 4 — allows Super Saiyan transformation,TransformationAccess,[0].Routes[0].ChangeCharacter.Key,,0310_01,,Access recorded for this outfit; follow the linked target and conditions.,ItemData_20_1_0002_0310_00_02
0310_00,Bardock,Outfit 4 — allows Super Saiyan transformation,TransformationAccess,[0].Routes[0].KeepCostumeFlg,,,TRUE,Access recorded for this outfit; follow the linked target and conditions.,ItemData_20_1_0002_0310_00_02
0310_00,Bardock,Outfit 4 — allows Super Saiyan transformation,TransformationAccess,[0].Routes[0].KeepCostumeID,,,FALSE,Access recorded for this outfit; follow the linked target and conditions.,ItemData_20_1_0002_0310_00_02
0310_00,Bardock,Outfit 4 — allows Super Saiyan transformation,TransformationAccess,[0].Routes[0].CostumeDamageFlg,,,TRUE,Access recorded for this outfit; follow the linked target and conditions.,ItemData_20_1_0002_0310_00_02
0310_00,Bardock,Outfit 4 — allows Super Saiyan transformation,TransformationAccess,[0].Routes[0].ConsumeBlastStock,1,,,Access recorded for this outfit; follow the linked target and conditions.,ItemData_20_1_0002_0310_00_02
0310_00,Bardock,Outfit 4 — allows Super Saiyan transformation,TransformationAccess,[0].Routes[0].HpRecovery,0,,,Access recorded for this outfit; follow the linked target and conditions.,ItemData_20_1_0002_0310_00_02
0310_00,Bardock,Outfit 4 — allows Super Saiyan transformation,TransformationAccess,[0].Routes[0].StyleChangeSPRecoveryMode,,EKoratStyleChangeSPRecoveryMode::TakeOver,,Access recorded for this outfit; follow the linked target and conditions.,ItemData_20_1_0002_0310_00_02
0310_00,Bardock,Outfit 4 — allows Super Saiyan transformation,TransformationAccess,[0].Routes[0].bDisableRecoveryAfterTheSecondTime,,,FALSE,Access recorded for this outfit; follow the linked target and conditions.,ItemData_20_1_0002_0310_00_02
0310_00,Bardock,Outfit 4 — allows Super Saiyan transformation,TransformationAccess,[0].Routes[0].CoolTime,5,,,Access recorded for this outfit; follow the linked target and conditions.,ItemData_20_1_0002_0310_00_02
0310_00,Bardock,Outfit 4 — allows Super Saiyan transformation,TransformationAccess,[0].Routes[0].ChangeCharacterActinData.ChangeCharacterAction1.Key,,actFRMC1,,Access recorded for this outfit; follow the linked target and conditions.,ItemData_20_1_0002_0310_00_02
0310_00,Bardock,Outfit 4 — allows Super Saiyan transformation,TransformationAccess,[0].Routes[0].ChangeCharacterActinData.ChangeCharacterAction2.Key,,actFRMC2,,Access recorded for this outfit; follow the linked target and conditions.,ItemData_20_1_0002_0310_00_02
0310_00,Bardock,Outfit 4 — allows Super Saiyan transformation,TransformationAccess,[0].Routes[0].ChangeCharacterActinData.ChangeCharacterAction3.Key,,actFRMC2R,,Access recorded for this outfit; follow the linked target and conditions.,ItemData_20_1_0002_0310_00_02
0310_00,Bardock,Outfit 4 — allows Super Saiyan transformation,TransformationAccess,[0].Routes[0].ChangeCharacterActinData.ChangeCharacterAction4.Key,,actFRMC3,,Access recorded for this outfit; follow the linked target and conditions.,ItemData_20_1_0002_0310_00_02
0310_00,Bardock,Outfit 4 — allows Super Saiyan transformation,TransformationAccess,[0].Routes[0].ChangeCharacterActinData.ChangeCharacterAction5.Key,,actFRMC4,,Access recorded for this outfit; follow the linked target and conditions.,ItemData_20_1_0002_0310_00_02
0310_00,Bardock,Outfit 4 — allows Super Saiyan transformation,TransformationAccess,[0].Routes[0].ChangeCharacterActinData.ChangeCharacterSpecialAction.Key,,None,,Access recorded for this outfit; follow the linked target and conditions.,ItemData_20_1_0002_0310_00_02
0310_00,Bardock,Outfit 4 — allows Super Saiyan transformation,TransformationAccess,[0].Routes[0].ChangeCharacterActinData.UnionSupportCharacterAction.Key,,None,,Access recorded for this outfit; follow the linked target and conditions.,ItemData_20_1_0002_0310_00_02
0310_00,Bardock,Outfit 4 — allows Super Saiyan transformation,TransformationAccess,[0].Routes[0].ChangeCharacterActinData.UnionCharacterAction.Key,,None,,Access recorded for this outfit; follow the linked target and conditions.,ItemData_20_1_0002_0310_00_02
0310_00,Bardock,Outfit 4 — allows Super Saiyan transformation,TransformationAccess,[0].Routes[0].SafeSpawnAreaSize,,EKoratSafeSpawnAreaSize::None,,Access recorded for this outfit; follow the linked target and conditions.,ItemData_20_1_0002_0310_00_02
0310_00,Bardock,Outfit 4 — allows Super Saiyan transformation,TransformationAccess,[0].Routes[0].bNotReleasedCanNotFormChange,,,TRUE,Access recorded for this outfit; follow the linked target and conditions.,ItemData_20_1_0002_0310_00_02
0450_00,Android 17 (Z),Outfit 2 — Hellish Combo; fusion access,FusionAccess,[0].From,,0450_00,,Access recorded for this outfit; follow the linked target and conditions.,ItemData_20_1_0001_0450_00_01
0450_00,Android 17 (Z),Outfit 2 — Hellish Combo; fusion access,FusionAccess,[0].Targets[0],,0451_00,,Access recorded for this outfit; follow the linked target and conditions.,ItemData_20_1_0001_0450_00_01
0450_00,Android 17 (Z),Outfit 2 — Hellish Combo; fusion access,FusionAccess,[0].Routes[0].ChangeCharacter.Key,,0451_00,,Access recorded for this outfit; follow the linked target and conditions.,ItemData_20_1_0001_0450_00_01
0450_00,Android 17 (Z),Outfit 2 — Hellish Combo; fusion access,FusionAccess,[0].Routes[0].ConsumeBlastStock,3,,,Access recorded for this outfit; follow the linked target and conditions.,ItemData_20_1_0001_0450_00_01
0450_00,Android 17 (Z),Outfit 2 — Hellish Combo; fusion access,FusionAccess,[0].Routes[0].HpRecovery,5000,,,Access recorded for this outfit; follow the linked target and conditions.,ItemData_20_1_0001_0450_00_01
0450_00,Android 17 (Z),Outfit 2 — Hellish Combo; fusion access,FusionAccess,[0].Routes[0].AddMaxHP,5000,,,Access recorded for this outfit; follow the linked target and conditions.,ItemData_20_1_0001_0450_00_01
0450_00,Android 17 (Z),Outfit 2 — Hellish Combo; fusion access,FusionAccess,[0].Routes[0].CoolTime,5,,,Access recorded for this outfit; follow the linked target and conditions.,ItemData_20_1_0001_0450_00_01
0450_00,Android 17 (Z),Outfit 2 — Hellish Combo; fusion access,FusionAccess,[0].Routes[0].UnionSupportCharacters[0].SubCharacter.Key,,3290_00,,Access recorded for this outfit; follow the linked target and conditions.,ItemData_20_1_0001_0450_00_01
0450_00,Android 17 (Z),Outfit 2 — Hellish Combo; fusion access,FusionAccess,[0].Routes[0].UnionSupportCharacters[0].EquipItem.Key,,None,,Access recorded for this outfit; follow the linked target and conditions.,ItemData_20_1_0001_0450_00_01
0450_00,Android 17 (Z),Outfit 2 — Hellish Combo; fusion access,FusionAccess,[0].Routes[0].FusionCharacters[0].Key,,3290_00,,Access recorded for this outfit; follow the linked target and conditions.,ItemData_20_1_0001_0450_00_01
0450_00,Android 17 (Z),Outfit 2 — Hellish Combo; fusion access,FusionAccess,[0].Routes[0].ChangeCharacterActinData.ChangeCharacterAction1.Key,,actFSN1,,Access recorded for this outfit; follow the linked target and conditions.,ItemData_20_1_0001_0450_00_01
0450_00,Android 17 (Z),Outfit 2 — Hellish Combo; fusion access,FusionAccess,[0].Routes[0].ChangeCharacterActinData.ChangeCharacterAction2.Key,,actFSN2,,Access recorded for this outfit; follow the linked target and conditions.,ItemData_20_1_0001_0450_00_01
0450_00,Android 17 (Z),Outfit 2 — Hellish Combo; fusion access,FusionAccess,[0].Routes[0].ChangeCharacterActinData.ChangeCharacterAction3.Key,,actFSN3,,Access recorded for this outfit; follow the linked target and conditions.,ItemData_20_1_0001_0450_00_01
0450_00,Android 17 (Z),Outfit 2 — Hellish Combo; fusion access,FusionAccess,[0].Routes[0].ChangeCharacterActinData.ChangeCharacterAction4.Key,,actFSN4,,Access recorded for this outfit; follow the linked target and conditions.,ItemData_20_1_0001_0450_00_01
0450_00,Android 17 (Z),Outfit 2 — Hellish Combo; fusion access,FusionAccess,[0].Routes[0].ChangeCharacterActinData.ChangeCharacterAction5.Key,,actFSN5,,Access recorded for this outfit; follow the linked target and conditions.,ItemData_20_1_0001_0450_00_01
0450_00,Android 17 (Z),Outfit 2 — Hellish Combo; fusion access,FusionAccess,[0].Routes[0].ChangeCharacterActinData.ChangeCharacterSpecialAction.Key,,None,,Access recorded for this outfit; follow the linked target and conditions.,ItemData_20_1_0001_0450_00_01
0450_00,Android 17 (Z),Outfit 2 — Hellish Combo; fusion access,FusionAccess,[0].Routes[0].ChangeCharacterActinData.UnionSupportCharacterAction.Key,,None,,Access recorded for this outfit; follow the linked target and conditions.,ItemData_20_1_0001_0450_00_01
0450_00,Android 17 (Z),Outfit 2 — Hellish Combo; fusion access,FusionAccess,[0].Routes[0].ChangeCharacterActinData.UnionCharacterAction.Key,,None,,Access recorded for this outfit; follow the linked target and conditions.,ItemData_20_1_0001_0450_00_01
0450_00,Android 17 (Z),Outfit 2 — Hellish Combo; fusion access,FusionAccess,[0].Routes[0].CostumeDamageFlg,,,FALSE,Access recorded for this outfit; follow the linked target and conditions.,ItemData_20_1_0001_0450_00_01
0450_00,Android 17 (Z),Outfit 2 — Hellish Combo; fusion access,FusionAccess,[0].Evidence,,Native outfit text explicitly enables fusion; CharacterData.BattleAssets.Fusion resolves the same resulting fighter. Access only; no transformation is simulated.,,Access recorded for this outfit; follow the linked target and conditions.,ItemData_20_1_0001_0450_00_01
0450_00,Android 17 (Z),Outfit 2 — Hellish Combo; fusion access,DirectMoves,[0].FighterId,,0450_00,,Access recorded for this outfit; follow the linked target and conditions.,ItemData_20_1_0001_0450_00_01
0450_00,Android 17 (Z),Outfit 2 — Hellish Combo; fusion access,DirectMoves,[0].Slot,,Ultimate,,Access recorded for this outfit; follow the linked target and conditions.,ItemData_20_1_0001_0450_00_01
0450_00,Android 17 (Z),Outfit 2 — Hellish Combo; fusion access,DirectMoves,[0].Name,,Hellish Combo,,Access recorded for this outfit; follow the linked target and conditions.,ItemData_20_1_0001_0450_00_01
0450_00,Android 17 (Z),Outfit 2 — Hellish Combo; fusion access,DirectMoves,[0].Variant,,ULT2,,Access recorded for this outfit; follow the linked target and conditions.,ItemData_20_1_0001_0450_00_01
0450_00,Android 17 (Z),Outfit 2 — Hellish Combo; fusion access,DirectMoves,[0].Source,,BlastUltimate2_0450_00_01,,Access recorded for this outfit; follow the linked target and conditions.,ItemData_20_1_0001_0450_00_01
0450_00,Android 17 (Z),Outfit 3 — fusion access,FusionAccess,[0].From,,0450_00,,Access recorded for this outfit; follow the linked target and conditions.,ItemData_20_1_0002_0450_00_02
0450_00,Android 17 (Z),Outfit 3 — fusion access,FusionAccess,[0].Targets[0],,0451_00,,Access recorded for this outfit; follow the linked target and conditions.,ItemData_20_1_0002_0450_00_02
0450_00,Android 17 (Z),Outfit 3 — fusion access,FusionAccess,[0].Routes[0].ChangeCharacter.Key,,0451_00,,Access recorded for this outfit; follow the linked target and conditions.,ItemData_20_1_0002_0450_00_02
0450_00,Android 17 (Z),Outfit 3 — fusion access,FusionAccess,[0].Routes[0].ConsumeBlastStock,3,,,Access recorded for this outfit; follow the linked target and conditions.,ItemData_20_1_0002_0450_00_02
0450_00,Android 17 (Z),Outfit 3 — fusion access,FusionAccess,[0].Routes[0].HpRecovery,5000,,,Access recorded for this outfit; follow the linked target and conditions.,ItemData_20_1_0002_0450_00_02
0450_00,Android 17 (Z),Outfit 3 — fusion access,FusionAccess,[0].Routes[0].AddMaxHP,5000,,,Access recorded for this outfit; follow the linked target and conditions.,ItemData_20_1_0002_0450_00_02
0450_00,Android 17 (Z),Outfit 3 — fusion access,FusionAccess,[0].Routes[0].CoolTime,5,,,Access recorded for this outfit; follow the linked target and conditions.,ItemData_20_1_0002_0450_00_02
0450_00,Android 17 (Z),Outfit 3 — fusion access,FusionAccess,[0].Routes[0].UnionSupportCharacters[0].SubCharacter.Key,,3290_00,,Access recorded for this outfit; follow the linked target and conditions.,ItemData_20_1_0002_0450_00_02
0450_00,Android 17 (Z),Outfit 3 — fusion access,FusionAccess,[0].Routes[0].UnionSupportCharacters[0].EquipItem.Key,,None,,Access recorded for this outfit; follow the linked target and conditions.,ItemData_20_1_0002_0450_00_02
0450_00,Android 17 (Z),Outfit 3 — fusion access,FusionAccess,[0].Routes[0].FusionCharacters[0].Key,,3290_00,,Access recorded for this outfit; follow the linked target and conditions.,ItemData_20_1_0002_0450_00_02
0450_00,Android 17 (Z),Outfit 3 — fusion access,FusionAccess,[0].Routes[0].ChangeCharacterActinData.ChangeCharacterAction1.Key,,actFSN1,,Access recorded for this outfit; follow the linked target and conditions.,ItemData_20_1_0002_0450_00_02
0450_00,Android 17 (Z),Outfit 3 — fusion access,FusionAccess,[0].Routes[0].ChangeCharacterActinData.ChangeCharacterAction2.Key,,actFSN2,,Access recorded for this outfit; follow the linked target and conditions.,ItemData_20_1_0002_0450_00_02
0450_00,Android 17 (Z),Outfit 3 — fusion access,FusionAccess,[0].Routes[0].ChangeCharacterActinData.ChangeCharacterAction3.Key,,actFSN3,,Access recorded for this outfit; follow the linked target and conditions.,ItemData_20_1_0002_0450_00_02
0450_00,Android 17 (Z),Outfit 3 — fusion access,FusionAccess,[0].Routes[0].ChangeCharacterActinData.ChangeCharacterAction4.Key,,actFSN4,,Access recorded for this outfit; follow the linked target and conditions.,ItemData_20_1_0002_0450_00_02
0450_00,Android 17 (Z),Outfit 3 — fusion access,FusionAccess,[0].Routes[0].ChangeCharacterActinData.ChangeCharacterAction5.Key,,actFSN5,,Access recorded for this outfit; follow the linked target and conditions.,ItemData_20_1_0002_0450_00_02
0450_00,Android 17 (Z),Outfit 3 — fusion access,FusionAccess,[0].Routes[0].ChangeCharacterActinData.ChangeCharacterSpecialAction.Key,,None,,Access recorded for this outfit; follow the linked target and conditions.,ItemData_20_1_0002_0450_00_02
0450_00,Android 17 (Z),Outfit 3 — fusion access,FusionAccess,[0].Routes[0].ChangeCharacterActinData.UnionSupportCharacterAction.Key,,None,,Access recorded for this outfit; follow the linked target and conditions.,ItemData_20_1_0002_0450_00_02
0450_00,Android 17 (Z),Outfit 3 — fusion access,FusionAccess,[0].Routes[0].ChangeCharacterActinData.UnionCharacterAction.Key,,None,,Access recorded for this outfit; follow the linked target and conditions.,ItemData_20_1_0002_0450_00_02
0450_00,Android 17 (Z),Outfit 3 — fusion access,FusionAccess,[0].Routes[0].CostumeDamageFlg,,,FALSE,Access recorded for this outfit; follow the linked target and conditions.,ItemData_20_1_0002_0450_00_02
0450_00,Android 17 (Z),Outfit 3 — fusion access,FusionAccess,[0].Evidence,,Native outfit text explicitly enables fusion; CharacterData.BattleAssets.Fusion resolves the same resulting fighter. Access only; no transformation is simulated.,,Access recorded for this outfit; follow the linked target and conditions.,ItemData_20_1_0002_0450_00_02
0460_00,Android 18,Outfit 5 — Chain Destructo Disc,DirectMoves,[0].FighterId,,0460_00,,Access recorded for this outfit; follow the linked target and conditions.,ItemData_00_1_0004_0460_00
0460_00,Android 18,Outfit 5 — Chain Destructo Disc,DirectMoves,[0].Slot,,Super 2,,Access recorded for this outfit; follow the linked target and conditions.,ItemData_00_1_0004_0460_00
0460_00,Android 18,Outfit 5 — Chain Destructo Disc,DirectMoves,[0].Name,,Chain Destructo Disc,,Access recorded for this outfit; follow the linked target and conditions.,ItemData_00_1_0004_0460_00
0460_00,Android 18,Outfit 5 — Chain Destructo Disc,DirectMoves,[0].Variant,,SPM3,,Access recorded for this outfit; follow the linked target and conditions.,ItemData_00_1_0004_0460_00
0460_00,Android 18,Outfit 5 — Chain Destructo Disc,DirectMoves,[0].Source,,BlastSkill3_0460_00,,Access recorded for this outfit; follow the linked target and conditions.,ItemData_00_1_0004_0460_00
3050_00,Goku (Mini),Outfit 2 — Aura Impact; allows Super Saiyan transformation; Ki Blasts enabled,TransformationAccess,[0].From,,3050_00,,Access recorded for this outfit; follow the linked target and conditions.,ItemData_02_1_0001_3050_00
3050_00,Goku (Mini),Outfit 2 — Aura Impact; allows Super Saiyan transformation; Ki Blasts enabled,TransformationAccess,[0].Targets[0],,3050_01,,Access recorded for this outfit; follow the linked target and conditions.,ItemData_02_1_0001_3050_00
3050_00,Goku (Mini),Outfit 2 — Aura Impact; allows Super Saiyan transformation; Ki Blasts enabled,TransformationAccess,[0].Names[0],,"Goku (Mini), Super Saiyan",,Access recorded for this outfit; follow the linked target and conditions.,ItemData_02_1_0001_3050_00
3050_00,Goku (Mini),Outfit 2 — Aura Impact; allows Super Saiyan transformation; Ki Blasts enabled,TransformationAccess,[0].Evidence,,Native outfit InfoText says Can transform; CharacterData.BattleAssets.FormChange identifies targets. Exact resulting costume pairing not resolved.,,Access recorded for this outfit; follow the linked target and conditions.,ItemData_02_1_0001_3050_00
3050_00,Goku (Mini),Outfit 2 — Aura Impact; allows Super Saiyan transformation; Ki Blasts enabled,TransformationAccess,[0].Routes[0].ChangeCharacter.Key,,3050_01,,Access recorded for this outfit; follow the linked target and conditions.,ItemData_02_1_0001_3050_00
3050_00,Goku (Mini),Outfit 2 — Aura Impact; allows Super Saiyan transformation; Ki Blasts enabled,TransformationAccess,[0].Routes[0].KeepCostumeFlg,,,TRUE,Access recorded for this outfit; follow the linked target and conditions.,ItemData_02_1_0001_3050_00
3050_00,Goku (Mini),Outfit 2 — Aura Impact; allows Super Saiyan transformation; Ki Blasts enabled,TransformationAccess,[0].Routes[0].KeepCostumeID,,,FALSE,Access recorded for this outfit; follow the linked target and conditions.,ItemData_02_1_0001_3050_00
3050_00,Goku (Mini),Outfit 2 — Aura Impact; allows Super Saiyan transformation; Ki Blasts enabled,TransformationAccess,[0].Routes[0].CostumeDamageFlg,,,TRUE,Access recorded for this outfit; follow the linked target and conditions.,ItemData_02_1_0001_3050_00
3050_00,Goku (Mini),Outfit 2 — Aura Impact; allows Super Saiyan transformation; Ki Blasts enabled,TransformationAccess,[0].Routes[0].ConsumeBlastStock,1,,,Access recorded for this outfit; follow the linked target and conditions.,ItemData_02_1_0001_3050_00
3050_00,Goku (Mini),Outfit 2 — Aura Impact; allows Super Saiyan transformation; Ki Blasts enabled,TransformationAccess,[0].Routes[0].HpRecovery,0,,,Access recorded for this outfit; follow the linked target and conditions.,ItemData_02_1_0001_3050_00
3050_00,Goku (Mini),Outfit 2 — Aura Impact; allows Super Saiyan transformation; Ki Blasts enabled,TransformationAccess,[0].Routes[0].StyleChangeSPRecoveryMode,,EKoratStyleChangeSPRecoveryMode::TakeOver,,Access recorded for this outfit; follow the linked target and conditions.,ItemData_02_1_0001_3050_00
3050_00,Goku (Mini),Outfit 2 — Aura Impact; allows Super Saiyan transformation; Ki Blasts enabled,TransformationAccess,[0].Routes[0].bDisableRecoveryAfterTheSecondTime,,,FALSE,Access recorded for this outfit; follow the linked target and conditions.,ItemData_02_1_0001_3050_00
3050_00,Goku (Mini),Outfit 2 — Aura Impact; allows Super Saiyan transformation; Ki Blasts enabled,TransformationAccess,[0].Routes[0].CoolTime,5,,,Access recorded for this outfit; follow the linked target and conditions.,ItemData_02_1_0001_3050_00
3050_00,Goku (Mini),Outfit 2 — Aura Impact; allows Super Saiyan transformation; Ki Blasts enabled,TransformationAccess,[0].Routes[0].ChangeCharacterActinData.ChangeCharacterAction1.Key,,actFRMC1,,Access recorded for this outfit; follow the linked target and conditions.,ItemData_02_1_0001_3050_00
3050_00,Goku (Mini),Outfit 2 — Aura Impact; allows Super Saiyan transformation; Ki Blasts enabled,TransformationAccess,[0].Routes[0].ChangeCharacterActinData.ChangeCharacterAction2.Key,,actFRMC2,,Access recorded for this outfit; follow the linked target and conditions.,ItemData_02_1_0001_3050_00
3050_00,Goku (Mini),Outfit 2 — Aura Impact; allows Super Saiyan transformation; Ki Blasts enabled,TransformationAccess,[0].Routes[0].ChangeCharacterActinData.ChangeCharacterAction3.Key,,actFRMC2R,,Access recorded for this outfit; follow the linked target and conditions.,ItemData_02_1_0001_3050_00
3050_00,Goku (Mini),Outfit 2 — Aura Impact; allows Super Saiyan transformation; Ki Blasts enabled,TransformationAccess,[0].Routes[0].ChangeCharacterActinData.ChangeCharacterAction4.Key,,actFRMC3,,Access recorded for this outfit; follow the linked target and conditions.,ItemData_02_1_0001_3050_00
3050_00,Goku (Mini),Outfit 2 — Aura Impact; allows Super Saiyan transformation; Ki Blasts enabled,TransformationAccess,[0].Routes[0].ChangeCharacterActinData.ChangeCharacterAction5.Key,,actFRMC4,,Access recorded for this outfit; follow the linked target and conditions.,ItemData_02_1_0001_3050_00
3050_00,Goku (Mini),Outfit 2 — Aura Impact; allows Super Saiyan transformation; Ki Blasts enabled,TransformationAccess,[0].Routes[0].ChangeCharacterActinData.ChangeCharacterSpecialAction.Key,,None,,Access recorded for this outfit; follow the linked target and conditions.,ItemData_02_1_0001_3050_00
3050_00,Goku (Mini),Outfit 2 — Aura Impact; allows Super Saiyan transformation; Ki Blasts enabled,TransformationAccess,[0].Routes[0].ChangeCharacterActinData.UnionSupportCharacterAction.Key,,None,,Access recorded for this outfit; follow the linked target and conditions.,ItemData_02_1_0001_3050_00
3050_00,Goku (Mini),Outfit 2 — Aura Impact; allows Super Saiyan transformation; Ki Blasts enabled,TransformationAccess,[0].Routes[0].ChangeCharacterActinData.UnionCharacterAction.Key,,None,,Access recorded for this outfit; follow the linked target and conditions.,ItemData_02_1_0001_3050_00
3050_00,Goku (Mini),Outfit 2 — Aura Impact; allows Super Saiyan transformation; Ki Blasts enabled,TransformationAccess,[0].Routes[0].SafeSpawnAreaSize,,EKoratSafeSpawnAreaSize::None,,Access recorded for this outfit; follow the linked target and conditions.,ItemData_02_1_0001_3050_00
3050_00,Goku (Mini),Outfit 2 — Aura Impact; allows Super Saiyan transformation; Ki Blasts enabled,TransformationAccess,[0].Routes[0].bNotReleasedCanNotFormChange,,,TRUE,Access recorded for this outfit; follow the linked target and conditions.,ItemData_02_1_0001_3050_00
3050_00,Goku (Mini),Outfit 2 — Aura Impact; allows Super Saiyan transformation; Ki Blasts enabled,DirectMoves,[0].FighterId,,3050_00,,Access recorded for this outfit; follow the linked target and conditions.,ItemData_02_1_0001_3050_00
3050_00,Goku (Mini),Outfit 2 — Aura Impact; allows Super Saiyan transformation; Ki Blasts enabled,DirectMoves,[0].Slot,,Ultimate,,Access recorded for this outfit; follow the linked target and conditions.,ItemData_02_1_0001_3050_00
3050_00,Goku (Mini),Outfit 2 — Aura Impact; allows Super Saiyan transformation; Ki Blasts enabled,DirectMoves,[0].Name,,Aura Impact,,Access recorded for this outfit; follow the linked target and conditions.,ItemData_02_1_0001_3050_00
3050_00,Goku (Mini),Outfit 2 — Aura Impact; allows Super Saiyan transformation; Ki Blasts enabled,DirectMoves,[0].Variant,,ULT2,,Access recorded for this outfit; follow the linked target and conditions.,ItemData_02_1_0001_3050_00
3050_00,Goku (Mini),Outfit 2 — Aura Impact; allows Super Saiyan transformation; Ki Blasts enabled,DirectMoves,[0].Source,,BlastUltimate2_3050_00,,Access recorded for this outfit; follow the linked target and conditions.,ItemData_02_1_0001_3050_00
3290_00,Hell Fighter 17,Outfit 1 — fusion access,FusionAccess,[0].From,,3290_00,,Access recorded for this outfit; follow the linked target and conditions.,ItemData_20_1_0000_3290_00
3290_00,Hell Fighter 17,Outfit 1 — fusion access,FusionAccess,[0].Targets[0],,0451_00,,Access recorded for this outfit; follow the linked target and conditions.,ItemData_20_1_0000_3290_00
3290_00,Hell Fighter 17,Outfit 1 — fusion access,FusionAccess,[0].Routes[0].ChangeCharacter.Key,,0451_00,,Access recorded for this outfit; follow the linked target and conditions.,ItemData_20_1_0000_3290_00
3290_00,Hell Fighter 17,Outfit 1 — fusion access,FusionAccess,[0].Routes[0].ConsumeBlastStock,3,,,Access recorded for this outfit; follow the linked target and conditions.,ItemData_20_1_0000_3290_00
3290_00,Hell Fighter 17,Outfit 1 — fusion access,FusionAccess,[0].Routes[0].HpRecovery,5000,,,Access recorded for this outfit; follow the linked target and conditions.,ItemData_20_1_0000_3290_00
3290_00,Hell Fighter 17,Outfit 1 — fusion access,FusionAccess,[0].Routes[0].AddMaxHP,5000,,,Access recorded for this outfit; follow the linked target and conditions.,ItemData_20_1_0000_3290_00
3290_00,Hell Fighter 17,Outfit 1 — fusion access,FusionAccess,[0].Routes[0].CoolTime,5,,,Access recorded for this outfit; follow the linked target and conditions.,ItemData_20_1_0000_3290_00
3290_00,Hell Fighter 17,Outfit 1 — fusion access,FusionAccess,[0].Routes[0].UnionSupportCharacters[0].SubCharacter.Key,,0450_00,,Access recorded for this outfit; follow the linked target and conditions.,ItemData_20_1_0000_3290_00
3290_00,Hell Fighter 17,Outfit 1 — fusion access,FusionAccess,[0].Routes[0].UnionSupportCharacters[0].EquipItem.Key,,20_1_0001_0450_00_01,,Access recorded for this outfit; follow the linked target and conditions.,ItemData_20_1_0000_3290_00
3290_00,Hell Fighter 17,Outfit 1 — fusion access,FusionAccess,[0].Routes[0].FusionCharacters[0].Key,,0450_00,,Access recorded for this outfit; follow the linked target and conditions.,ItemData_20_1_0000_3290_00
3290_00,Hell Fighter 17,Outfit 1 — fusion access,FusionAccess,[0].Routes[0].CostumeCondition[0].Key,,0450_00_01,,Access recorded for this outfit; follow the linked target and conditions.,ItemData_20_1_0000_3290_00
3290_00,Hell Fighter 17,Outfit 1 — fusion access,FusionAccess,[0].Routes[0].CostumeCondition[1].Key,,0450_00_02,,Access recorded for this outfit; follow the linked target and conditions.,ItemData_20_1_0000_3290_00
3290_00,Hell Fighter 17,Outfit 1 — fusion access,FusionAccess,[0].Routes[0].ChangeCharacterActinData.ChangeCharacterAction1.Key,,actFSN1,,Access recorded for this outfit; follow the linked target and conditions.,ItemData_20_1_0000_3290_00
3290_00,Hell Fighter 17,Outfit 1 — fusion access,FusionAccess,[0].Routes[0].ChangeCharacterActinData.ChangeCharacterAction2.Key,,actFSN2,,Access recorded for this outfit; follow the linked target and conditions.,ItemData_20_1_0000_3290_00
3290_00,Hell Fighter 17,Outfit 1 — fusion access,FusionAccess,[0].Routes[0].ChangeCharacterActinData.ChangeCharacterAction3.Key,,actFSN3,,Access recorded for this outfit; follow the linked target and conditions.,ItemData_20_1_0000_3290_00
3290_00,Hell Fighter 17,Outfit 1 — fusion access,FusionAccess,[0].Routes[0].ChangeCharacterActinData.ChangeCharacterAction4.Key,,actFSN4,,Access recorded for this outfit; follow the linked target and conditions.,ItemData_20_1_0000_3290_00
3290_00,Hell Fighter 17,Outfit 1 — fusion access,FusionAccess,[0].Routes[0].ChangeCharacterActinData.ChangeCharacterAction5.Key,,actFSN5,,Access recorded for this outfit; follow the linked target and conditions.,ItemData_20_1_0000_3290_00
3290_00,Hell Fighter 17,Outfit 1 — fusion access,FusionAccess,[0].Routes[0].ChangeCharacterActinData.ChangeCharacterSpecialAction.Key,,None,,Access recorded for this outfit; follow the linked target and conditions.,ItemData_20_1_0000_3290_00
3290_00,Hell Fighter 17,Outfit 1 — fusion access,FusionAccess,[0].Routes[0].ChangeCharacterActinData.UnionSupportCharacterAction.Key,,None,,Access recorded for this outfit; follow the linked target and conditions.,ItemData_20_1_0000_3290_00
3290_00,Hell Fighter 17,Outfit 1 — fusion access,FusionAccess,[0].Routes[0].ChangeCharacterActinData.UnionCharacterAction.Key,,None,,Access recorded for this outfit; follow the linked target and conditions.,ItemData_20_1_0000_3290_00
3290_00,Hell Fighter 17,Outfit 1 — fusion access,FusionAccess,[0].Routes[0].CostumeDamageFlg,,,FALSE,Access recorded for this outfit; follow the linked target and conditions.,ItemData_20_1_0000_3290_00
3290_00,Hell Fighter 17,Outfit 1 — fusion access,FusionAccess,[0].Evidence,,Native outfit text explicitly enables fusion; CharacterData.BattleAssets.Fusion resolves the same resulting fighter. Access only; no transformation is simulated.,,Access recorded for this outfit; follow the linked target and conditions.,ItemData_20_1_0000_3290_00
