"Key","Type","Character","Name"
"00_0_0000","Capsule/Item","","Master Roshi Training"
"00_0_0001","Capsule/Item","","00_0_0001"
"00_0_0002","Capsule/Item","","00_0_0002"
"00_0_0003","Capsule/Item","","00_0_0003"
"00_0_0004","Capsule/Item","","00_0_0004"
"00_0_0005","Capsule/Item","","Rush Attack Boost 1"
"00_0_0006","Capsule/Item","","Rush Attack Boost 2"
"00_0_0007","Capsule/Item","","Rush Attack Boost 3"
"00_0_0011","Capsule/Item","","Smash Attack Boost 1"
"00_0_0012","Capsule/Item","","Smash Attack Boost 2"
"00_0_0013","Capsule/Item","","Smash Attack Boost 3"
"00_0_0014","Capsule/Item","","Ki Blast Attack Boost 1"
"00_0_0015","Capsule/Item","","Ki Blast Attack Boost 2"
"00_0_0016","Capsule/Item","","Ki Blast Attack Boost 3"
"00_0_0023","Capsule/Item","","Power Unleashed"
"00_0_0024","Capsule/Item","","Finishing Blow"
"00_0_0026","Capsule/Item","","Blast Burst"
"00_0_0027","Capsule/Item","","Ultimate Burst"
"00_0_0028","Capsule/Item","","Blast Attack Boost 1"
"00_0_0029","Capsule/Item","","Blast Attack Boost 2"
"00_0_0030","Capsule/Item","","Blast Attack Boost 3"
"00_0_0031","Capsule/Item","","Super Warrior"
"00_0_0032","Capsule/Item","","Draconic Aura"
"00_0_0033","Capsule/Item","","Light Body"
"00_0_0034","Capsule/Item","","00_0_0034"
"00_0_0035","Capsule/Item","","Dragon Rush"
"00_0_0037","Capsule/Item","","The Secret to Counters"
"00_0_0038","Capsule/Item","","Fury!"
"00_0_0039","Capsule/Item","","Active Heart"
"00_0_0040","Capsule/Item","","Indomitable Fighting Spirit"
"00_0_0041","Capsule/Item","","Warming Up"
"00_0_0042","Capsule/Item","","Ready for Anything"
"00_0_0044","Capsule/Item","","00_0_0044"
"00_0_0046","Capsule/Item","","Z-Burst Dash Master"
"00_0_0047","Capsule/Item","","The Secret to Z-Burst Dashes"
"00_0_0048","Capsule/Item","","Proof of Friendship"
"00_0_0049","Capsule/Item","","00_0_0049"
"00_0_0050","Capsule/Item","","00_0_0050"
"00_0_0051","Capsule/Item","","00_0_0051"
"00_0_0052","Capsule/Item","","00_0_0052"
"00_0_0053","Capsule/Item","","00_0_0053"
"00_0_0055","Capsule/Item","","Dragon Spirit"
"00_0_0060","Capsule/Item","","00_0_0060"
"00_0_0061","Capsule/Item","","00_0_0061"
"00_0_0066","Capsule/Item","","Super Transformation"
"00_0_0068","Capsule/Item","","Fighting Spirit"
"00_0_0070","Capsule/Item","","Divine Blow"
"00_0_0072","Capsule/Item","","Rising Fighting Spirit"
"00_0_0074","Capsule/Item","","Power of Namek"
"00_0_0075","Capsule/Item","","Power of Earth"
"00_0_0076","Capsule/Item","","Power of the Universe"
"00_0_0082","Capsule/Item","","Perfect Guard"
"00_0_0092","Capsule/Item","","Crisis Avoided"
"00_0_0093","Capsule/Item","","Battle Control"
"00_0_0094","Capsule/Item","","Latent Power Unleashed 1"
"00_0_0095","Capsule/Item","","Latent Power Unleashed 2"
"00_0_0096","Capsule/Item","","Big Impact"
"00_0_0098","Capsule/Item","","Mind Breaker"
"00_0_0099","Capsule/Item","","Waters Blessing"
"00_0_0101","Capsule/Item","","Miracle Master"
"00_0_0102","Capsule/Item","","Latent Power!"
"00_0_0103","Capsule/Item","","Guard Master"
"00_0_0104","Capsule/Item","","Mirage"
"00_0_0111","Capsule/Item","","Dendes Healing Ability"
"00_0_0112","Capsule/Item","","Rising Tension"
"00_0_0113","Capsule/Item","","Melee Charge 1"
"00_0_0114","Capsule/Item","","Melee Charge 2"
"00_0_0115","Capsule/Item","","Melee Charge 3"
"00_0_0116","Capsule/Item","","Energy Saver 1"
"00_0_0117","Capsule/Item","","Energy Saver 2"
"00_0_0118","Capsule/Item","","Energy Saver 3"
"00_0_0119","Capsule/Item","","Ki Blast Charge 1"
"00_0_0120","Capsule/Item","","Ki Blast Charge 2"
"00_0_0121","Capsule/Item","","Ki Blast Charge 3"
"00_0_0122","Capsule/Item","","Dragon Assault"
"00_0_0123","Capsule/Item","","Power Body"
"00_0_0124","Capsule/Item","","Speed Up"
"00_0_0125","Capsule/Item","","Exquisite Skill"
"00_0_0126","Capsule/Item","","Ki Control"
"00_0_0127","Capsule/Item","","The Secret to Dragon Dashes"
"00_0_0128","Capsule/Item","","Savior"
"00_0_0129","Capsule/Item","","Combo Master"
"00_0_0130","Capsule/Item","","Combo King"
"00_0_0131","Capsule/Item","","God Ki"
"00_0_0132","Capsule/Item","","Sparking! Plus"
"00_0_0133","Capsule/Item","","Style of the Strong"
"00_0_0134","Capsule/Item","","Dragon Break"
"00_0_0135","Capsule/Item","","Dragon Crash"
"00_0_0136","Capsule/Item","","Vanishing Break"
"00_0_0137","Capsule/Item","","Vanishing Crash"
"00_0_0138","Capsule/Item","","Secret Measures"
"00_0_0139","Capsule/Item","","Rush Ki Blast 1"
"00_0_0140","Capsule/Item","","Rush Ki Blast Count Boost"
"00_0_0141","Capsule/Item","","Master Strike"
"00_0_0142","Capsule/Item","","Master Ki Blast"
"00_0_0143","Capsule/Item","","Master Throw"
"00_0_0144","Capsule/Item","","High-Speed Movement Master"
"00_0_0145","Capsule/Item","","The Secret to High-Speed Movements"
"00_0_0146","Capsule/Item","","Super Movement Master"
"00_0_0147","Capsule/Item","","The Secret to Super Movements"
"00_0_0148","Capsule/Item","","Performer"
"00_0_0149","Capsule/Item","","Dragon Heart"
"00_0_0150","Capsule/Item","","King Kai Training"
"00_0_0151","Capsule/Item","","God of Destruction Training"
"00_0_0152","Capsule/Item","","Almighty Boost"
"00_0_0153","Capsule/Item","","Super Sparking!"
"00_0_0154","Capsule/Item","","00_0_0154"
"00_0_0155","Capsule/Item","","Brolys Ring"
"00_0_1000","Capsule/Item","","00_0_1000"
"00_0_1001","Capsule/Item","","00_0_1001"
"00_0_1002","Capsule/Item","","00_0_1002"
"00_0_1003","Capsule/Item","","00_0_1003"
"00_0_1004","Capsule/Item","","00_0_1004"
"00_0_1005","Capsule/Item","","00_0_1005"
"00_0_1006","Capsule/Item","","00_0_1006"
"00_0_1007","Capsule/Item","","00_0_1007"
"00_0_1008","Capsule/Item","","00_0_1008"
"00_0_1009","Capsule/Item","","00_0_1009"
"00_0_1010","Capsule/Item","","00_0_1010"
"00_0_1011","Capsule/Item","","00_0_1011"
"00_0_1012","Capsule/Item","","00_0_1012"
"00_0_1013","Capsule/Item","","00_0_1013"
"00_0_1014","Capsule/Item","","00_0_1014"
"00_0_1015","Capsule/Item","","00_0_1015"
"00_0_1016","Capsule/Item","","00_0_1016"
"00_0_1017","Capsule/Item","","00_0_1017"
"00_0_1018","Capsule/Item","","00_0_1018"
"00_0_1019","Capsule/Item","","00_0_1019"
"00_0_1020","Capsule/Item","","00_0_1020"
"00_0_1021","Capsule/Item","","00_0_1021"
"00_0_1022","Capsule/Item","","00_0_1022"
"00_0_1023","Capsule/Item","","00_0_1023"
"00_0_1024","Capsule/Item","","00_0_1024"
"00_0_1025","Capsule/Item","","00_0_1025"
"00_0_1026","Capsule/Item","","00_0_1026"
"00_0_1027","Capsule/Item","","00_0_1027"
"00_0_1028","Capsule/Item","","00_0_1028"
"00_0_1029","Capsule/Item","","00_0_1029"
"00_0_1030","Capsule/Item","","00_0_1030"
"00_0_1033","Capsule/Item","","00_0_1033"
"00_0_1034","Capsule/Item","","00_0_1034"
"00_0_1035","Capsule/Item","","00_0_1035"
"00_0_1036","Capsule/Item","","00_0_1036"
"00_0_1037","Capsule/Item","","00_0_1037"
"00_0_1038","Capsule/Item","","00_0_1038"
"00_0_1039","Capsule/Item","","00_0_1039"
"00_0_1040","Capsule/Item","","00_0_1040"
"00_0_1041","Capsule/Item","","00_0_1041"
"00_0_1042","Capsule/Item","","00_0_1042"
"00_0_1043","Capsule/Item","","00_0_1043"
"00_0_1044","Capsule/Item","","00_0_1044"
"00_0_1045","Capsule/Item","","00_0_1045"
"00_0_1046","Capsule/Item","","00_0_1046"
"00_0_1047","Capsule/Item","","00_0_1047"
"00_0_1048","Capsule/Item","","00_0_1048"
"00_0_1049","Capsule/Item","","00_0_1049"
"00_0_1050","Capsule/Item","","00_0_1050"
"00_0_1051","Capsule/Item","","00_0_1051"
"00_0_1052","Capsule/Item","","00_0_1052"
"00_0_1053","Capsule/Item","","00_0_1053"
"00_0_1054","Capsule/Item","","00_0_1054"
"00_0_1055","Capsule/Item","","00_0_1055"
"00_0_1056","Capsule/Item","","00_0_1056"
"00_0_1057","Capsule/Item","","00_0_1057"
"00_0_1058","Capsule/Item","","00_0_1058"
"00_0_1059","Capsule/Item","","00_0_1059"
"00_0_1060","Capsule/Item","","00_0_1060"
"00_0_1061","Capsule/Item","","00_0_1061"
"00_0_1062","Capsule/Item","","00_0_1062"
"00_0_1063","Capsule/Item","","00_0_1063"
"00_0_1064","Capsule/Item","","00_0_1064"
"00_0_1065","Capsule/Item","","00_0_1065"
"00_0_1066","Capsule/Item","","00_0_1066"
"00_0_1067","Capsule/Item","","00_0_1067"
"00_0_1069","Capsule/Item","","00_0_1069"
"00_0_1070","Capsule/Item","","00_0_1070"
"00_0_1072","Capsule/Item","","00_0_1072"
"00_0_1073","Capsule/Item","","00_0_1073"
"00_1_0000_0000_00","Costume","Goku (Z - Early)","Goku (Z - Early) Outfit 1"
"00_1_0000_0000_10","Costume","Goku (Z - Mid)","Goku (Z - Mid) Outfit 1"
"00_1_0000_0000_11","Costume","Goku (Z - Mid), Super Saiyan","Goku (Z - Mid), Super Saiyan Outfit 1"
"00_1_0000_0000_20","Costume","Goku (Z - End)","Goku (Z - End) Outfit 1"
"00_1_0000_0000_21","Costume","Goku (Z - End), Super Saiyan","Goku (Z - End), Super Saiyan Outfit 1"
"00_1_0000_0000_22","Costume","Goku (Z - End), Super Saiyan 2","Goku (Z - End), Super Saiyan 2 Outfit 1"
"00_1_0000_0000_23","Costume","Goku (Z - End), Super Saiyan 3","Goku (Z - End), Super Saiyan 3 Outfit 1"
"00_1_0000_0000_33","Costume","Goku (GT), Super Saiyan 4","Goku (GT), Super Saiyan 4 Outfit 1"
"00_1_0000_0000_40","Costume","Goku (Super)","Goku (Super) Outfit 1"
"00_1_0000_0000_41","Costume","Goku (Super), Super Saiyan","Goku (Super), Super Saiyan Outfit 1"
"00_1_0000_0000_43","Costume","Goku (Super), Super Saiyan God Super Saiyan","Goku (Super), Super Saiyan God Super Saiyan Outfit 1"
"00_1_0000_0000_50","Costume","Goku (Super), Ultra Instinct -Sign-","Goku (Super), Ultra Instinct -Sign- Outfit 1"
"00_1_0000_0000_51","Costume","Goku (Super), Ultra Instinct","Goku (Super), Ultra Instinct Outfit 1"
"00_1_0000_0001_42","Costume","Goku (Super), Super Saiyan God","Goku (Super), Super Saiyan God Outfit 1"
"00_1_0000_0002_30","Costume","Goku (GT)","Goku (GT) Outfit 1"
"00_1_0000_0002_31","Costume","Goku (GT), Super Saiyan","Goku (GT), Super Saiyan Outfit 1"
"00_1_0000_0002_32","Costume","Goku (GT), Super Saiyan 3","Goku (GT), Super Saiyan 3 Outfit 1"
"00_1_0000_0002_50","Costume","Goku (Teen)","Goku (Teen) Outfit 1"
"00_1_0000_0020_00","Costume","Vegeta (Z - Scouter)","Vegeta (Z - Scouter) Outfit 1"
"00_1_0000_0020_10","Costume","Vegeta (Z - Early)","Vegeta (Z - Early) Outfit 1"
"00_1_0000_0020_11","Costume","Vegeta (Z - Early), Super Saiyan","Vegeta (Z - Early), Super Saiyan Outfit 1"
"00_1_0000_0020_30","Costume","Vegeta (Z - End)","Vegeta (Z - End) Outfit 1"
"00_1_0000_0020_31","Costume","Vegeta (Z - End), Super Saiyan","Vegeta (Z - End), Super Saiyan Outfit 1"
"00_1_0000_0020_32","Costume","Vegeta (Z - End), Super Saiyan 2","Vegeta (Z - End), Super Saiyan 2 Outfit 1"
"00_1_0000_0020_40","Costume","Majin Vegeta","Majin Vegeta Outfit 1"
"00_1_0000_0020_50","Costume","Vegeta (GT), Super Saiyan 4","Vegeta (GT), Super Saiyan 4 Outfit 1"
"00_1_0000_0020_60","Costume","Vegeta (Super)","Vegeta (Super) Outfit 1"
"00_1_0000_0020_61","Costume","Vegeta (Super), Super Saiyan","Vegeta (Super), Super Saiyan Outfit 1"
"00_1_0000_0020_63","Costume","Vegeta (Super), Super Saiyan God Super Saiyan","Vegeta (Super), Super Saiyan God Super Saiyan Outfit 1"
"00_1_0000_0021_20","Costume","Super Vegeta","Super Vegeta Outfit 1"
"00_1_0000_0022_62","Costume","Vegeta (Super), Super Saiyan God","Vegeta (Super), Super Saiyan God Outfit 1"
"00_1_0000_0023_00","Costume","Great Ape Vegeta","Great Ape Vegeta Outfit 1"
"00_1_0000_0030_00","Costume","Gohan (Kid)","Gohan (Kid) Outfit 1"
"00_1_0000_0031_00","Costume","Gohan (Teen)","Gohan (Teen) Outfit 1"
"00_1_0000_0031_01","Costume","Gohan (Teen), Super Saiyan","Gohan (Teen), Super Saiyan Outfit 1"
"00_1_0000_0031_02","Costume","Gohan (Teen), Super Saiyan 2","Gohan (Teen), Super Saiyan 2 Outfit 1"
"00_1_0000_0032_00","Costume","Gohan (Adult)","Gohan (Adult) Outfit 1"
"00_1_0000_0032_01","Costume","Gohan (Adult), Super Saiyan","Gohan (Adult), Super Saiyan Outfit 1"
"00_1_0000_0032_02","Costume","Gohan (Adult), Super Saiyan 2","Gohan (Adult), Super Saiyan 2 Outfit 1"
"00_1_0000_0032_10","Costume","Great Saiyaman","Great Saiyaman Outfit 1"
"00_1_0000_0032_20","Costume","Ultimate Gohan","Ultimate Gohan Outfit 1"
"00_1_0000_0032_30","Costume","Gohan (Future)","Gohan (Future) Outfit 1"
"00_1_0000_0032_31","Costume","Gohan (Future), Super Saiyan","Gohan (Future), Super Saiyan Outfit 1"
"00_1_0000_0040_00","Costume","Piccolo","Piccolo Outfit 1"
"00_1_0000_0040_10","Costume","Piccolo (Fused with Kami)","Piccolo (Fused with Kami) Outfit 1"
"00_1_0000_0040_20","Costume","Nail","Nail Outfit 1"
"00_1_0000_0050_00","Costume","Krillin","Krillin Outfit 1"
"00_1_0000_0060_00","Costume","Yamcha","Yamcha Outfit 1"
"00_1_0000_0070_00","Costume","Tien","Tien Outfit 1"
"00_1_0000_0080_00","Costume","Trunks (Sword)","Trunks (Sword) Outfit 1"
"00_1_0000_0080_01","Costume","Trunks (Sword), Super Saiyan","Trunks (Sword), Super Saiyan Outfit 1"
"00_1_0000_0080_10","Costume","Trunks (Melee)","Trunks (Melee) Outfit 1"
"00_1_0000_0080_11","Costume","Trunks (Melee), Super Saiyan","Trunks (Melee), Super Saiyan Outfit 1"
"00_1_0000_0080_30","Costume","Future Trunks","Future Trunks Outfit 1"
"00_1_0000_0080_31","Costume","Future Trunks, Super Saiyan","Future Trunks, Super Saiyan Outfit 1"
"00_1_0000_0081_20","Costume","Super Trunks","Super Trunks Outfit 1"
"00_1_0000_0082_00","Costume","Trunks (Kid)","Trunks (Kid) Outfit 1"
"00_1_0000_0082_01","Costume","Trunks (Kid), Super Saiyan","Trunks (Kid), Super Saiyan Outfit 1"
"00_1_0000_0090_00","Costume","Goten","Goten Outfit 1"
"00_1_0000_0090_01","Costume","Goten, Super Saiyan","Goten, Super Saiyan Outfit 1"
"00_1_0000_0100_00","Costume","Vegito","Vegito Outfit 1"
"00_1_0000_0100_01","Costume","Super Vegito","Super Vegito Outfit 1"
"00_1_0000_0100_02","Costume","Vegito, Super Saiyan God Super Saiyan","Vegito, Super Saiyan God Super Saiyan Outfit 1"
"00_1_0000_0110_00","Costume","Gogeta (Super)","Gogeta (Super) Outfit 1"
"00_1_0000_0110_01","Costume","Gogeta (Super), Super Saiyan","Gogeta (Super), Super Saiyan Outfit 1"
"00_1_0000_0110_02","Costume","Gogeta (GT), Super Saiyan 4","Gogeta (GT), Super Saiyan 4 Outfit 1"
"00_1_0000_0110_03","Costume","Gogeta (Super), Super Saiyan God Super Saiyan","Gogeta (Super), Super Saiyan God Super Saiyan Outfit 1"
"00_1_0000_0110_04","Costume","Super Gogeta (Z) ","Super Gogeta (Z)  Outfit 1"
"00_1_0000_0120_00","Costume","Gotenks","Gotenks Outfit 1"
"00_1_0000_0120_01","Costume","Gotenks, Super Saiyan","Gotenks, Super Saiyan Outfit 1"
"00_1_0000_0120_02","Costume","Gotenks, Super Saiyan 3","Gotenks, Super Saiyan 3 Outfit 1"
"00_1_0000_0121_00","Costume","Mighty Mask","Mighty Mask Outfit 1"
"00_1_0000_0130_00","Costume","Videl","Videl Outfit 1"
"00_1_0000_0140_00","Costume","Master Roshi","Master Roshi Outfit 1"
"00_1_0000_0141_00","Costume","Master Roshi, Max Power","Master Roshi, Max Power Outfit 1"
"00_1_0000_0150_00","Costume","Frieza (Z), 1st Form","Frieza (Z), 1st Form Outfit 1"
"00_1_0000_0151_00","Costume","Frieza (Z), 2nd Form","Frieza (Z), 2nd Form Outfit 1"
"00_1_0000_0152_00","Costume","Frieza (Z), 3rd Form","Frieza (Z), 3rd Form Outfit 1"
"00_1_0000_0153_00","Costume","Frieza (Z), 4th Form","Frieza (Z), 4th Form Outfit 1"
"00_1_0000_0153_10","Costume","Mecha Frieza","Mecha Frieza Outfit 1"
"00_1_0000_0153_20","Costume","Frieza (Super)","Frieza (Super) Outfit 1"
"00_1_0000_0154_00","Costume","Frieza (Z), Full Power","Frieza (Z), Full Power Outfit 1"
"00_1_0000_0155_00","Costume","Golden Frieza","Golden Frieza Outfit 1"
"00_1_0000_0160_00","Costume","Cell, 1st Form","Cell, 1st Form Outfit 1"
"00_1_0000_0161_00","Costume","Cell, 2nd Form","Cell, 2nd Form Outfit 1"
"00_1_0000_0162_00","Costume","Cell, Perfect Form","Cell, Perfect Form Outfit 1"
"00_1_0000_0162_01","Costume","Perfect Cell","Perfect Cell Outfit 1"
"00_1_0000_0163_00","Costume","Cell Jr.","Cell Jr. Outfit 1"
"00_1_0000_0170_00","Costume","Majin Buu","Majin Buu Outfit 1"
"00_1_0000_0171_00","Costume","Majin Buu (Evil)","Majin Buu (Evil) Outfit 1"
"00_1_0000_0172_00","Costume","Super Buu","Super Buu Outfit 1"
"00_1_0000_0172_10","Costume","Super Buu (Gotenks Absorbed)","Super Buu (Gotenks Absorbed) Outfit 1"
"00_1_0000_0172_11","Costume","Super Buu (Gohan Absorbed)","Super Buu (Gohan Absorbed) Outfit 1"
"00_1_0000_0173_00","Costume","Kid Buu","Kid Buu Outfit 1"
"00_1_0000_0180_00","Costume","Mr. Satan","Mr. Satan Outfit 1"
"00_1_0000_0190_00","Costume","Chiaotzu","Chiaotzu Outfit 1"
"00_1_0000_0210_00","Costume","Yajirobe","Yajirobe Outfit 1"
"00_1_0000_0220_00","Costume","Pikkon","Pikkon Outfit 1"
"00_1_0000_0230_00","Costume","Pan (GT)","Pan (GT) Outfit 1"
"00_1_0000_0240_00","Costume","Uub (GT)","Uub (GT) Outfit 1"
"00_1_0000_0240_01","Costume","Majuub (GT)","Majuub (GT) Outfit 1"
"00_1_0000_0260_00","Costume","Grandpa Gohan","Grandpa Gohan Outfit 1"
"00_1_0000_0270_00","Costume","Nam","Nam Outfit 1"
"00_1_0000_0280_00","Costume","Eighter","Eighter Outfit 1"
"00_1_0000_0301_00","Costume","Chi-Chi","Chi-Chi Outfit 1"
"00_1_0000_0310_00","Costume","Bardock","Bardock Outfit 1"
"00_1_0000_0320_00","Costume","Raditz","Raditz Outfit 1"
"00_1_0000_0330_00","Costume","Saibaman","Saibaman Outfit 1"
"00_1_0000_0340_00","Costume","Nappa","Nappa Outfit 1"
"00_1_0000_0350_00","Costume","Zarbon","Zarbon Outfit 1"
"00_1_0000_0351_00","Costume","Super Zarbon","Super Zarbon Outfit 1"
"00_1_0000_0360_00","Costume","Dodoria","Dodoria Outfit 1"
"00_1_0000_0370_00","Costume","Cui","Cui Outfit 1"
"00_1_0000_0380_00","Costume","Captain Ginyu","Captain Ginyu Outfit 1"
"00_1_0000_0390_00","Costume","Recoome","Recoome Outfit 1"
"00_1_0000_0400_00","Costume","Burter","Burter Outfit 1"
"00_1_0000_0410_00","Costume","Jeice","Jeice Outfit 1"
"00_1_0000_0420_00","Costume","Guldo","Guldo Outfit 1"
"00_1_0000_0430_00","Costume","King Cold","King Cold Outfit 1"
"00_1_0000_0440_00","Costume","Android 16","Android 16 Outfit 1"
"00_1_0000_0450_00","Costume","Android 17 (Z)","Android 17 (Z) Outfit 1"
"00_1_0000_0450_10","Costume","Android 17 (Super)","Android 17 (Super) Outfit 1"
"00_1_0000_0451_00","Costume","Super 17 (GT)","Super 17 (GT) Outfit 1"
"00_1_0000_0460_00","Costume","Android 18","Android 18 Outfit 1"
"00_1_0000_0470_00","Costume","Android 19","Android 19 Outfit 1"
"00_1_0000_0480_00","Costume","Dr. Gero","Dr. Gero Outfit 1"
"00_1_0000_0490_00","Costume","Babidi","Babidi Outfit 1"
"00_1_0000_0500_00","Costume","Dabura","Dabura Outfit 1"
"00_1_0000_0510_00","Costume","King Vegeta","King Vegeta Outfit 1"
"00_1_0000_0540_00","Costume","Frieza Force Soldier","Frieza Force Soldier Outfit 1"
"00_1_0000_0550_00","Costume","Broly (Z)","Broly (Z) Outfit 1"
"00_1_0000_0551_00","Costume","Broly (Z), Super Saiyan","Broly (Z), Super Saiyan Outfit 1"
"00_1_0000_0552_00","Costume","Broly (Z), Legendary Super Saiyan","Broly (Z), Legendary Super Saiyan Outfit 1"
"00_1_0000_0553_00","Costume","Broly (Super)","Broly (Super) Outfit 1"
"00_1_0000_0554_00","Costume","Broly (Super), Super Saiyan","Broly (Super), Super Saiyan Outfit 1"
"00_1_0000_0555_00","Costume","Broly (Super), Super Saiyan (Full Power)","Broly (Super), Super Saiyan (Full Power) Outfit 1"
"00_1_0000_0561_00","Costume","Super Garlic Jr.","Super Garlic Jr. Outfit 1"
"00_1_0000_0570_00","Costume","Dr. Wheelo","Dr. Wheelo Outfit 1"
"00_1_0000_0580_00","Costume","Turles","Turles Outfit 1"
"00_1_0000_0590_00","Costume","Lord Slug","Lord Slug Outfit 1"
"00_1_0000_0591_00","Costume","Lord Slug, Giant Form","Lord Slug, Giant Form Outfit 1"
"00_1_0000_0600_00","Costume","Cooler","Cooler Outfit 1"
"00_1_0000_0600_10","Costume","Metal Cooler","Metal Cooler Outfit 1"
"00_1_0000_0601_00","Costume","Cooler, Final Form","Cooler, Final Form Outfit 1"
"00_1_0000_0610_00","Costume","Salza","Salza Outfit 1"
"00_1_0000_0620_00","Costume","Android 13","Android 13 Outfit 1"
"00_1_0000_0621_00","Costume","Fusion Android 13","Fusion Android 13 Outfit 1"
"00_1_0000_0630_00","Costume","Bojack","Bojack Outfit 1"
"00_1_0000_0631_00","Costume","Full-Power Bojack","Full-Power Bojack Outfit 1"
"00_1_0000_0640_00","Costume","Zangya","Zangya Outfit 1"
"00_1_0000_0650_00","Costume","Janemba","Janemba Outfit 1"
"00_1_0000_0651_00","Costume","Super Janemba","Super Janemba Outfit 1"
"00_1_0000_0660_00","Costume","Tapion","Tapion Outfit 1"
"00_1_0000_0670_00","Costume","Hirudegarn","Hirudegarn Outfit 1"
"00_1_0000_0680_00","Costume","Baby Vegeta (GT)","Baby Vegeta (GT) Outfit 1"
"00_1_0000_0680_01","Costume","Super Baby 1 (GT)","Super Baby 1 (GT) Outfit 1"
"00_1_0000_0680_02","Costume","Super Baby 2 (GT)","Super Baby 2 (GT) Outfit 1"
"00_1_0000_0681_00","Costume","Great Ape Baby (GT)","Great Ape Baby (GT) Outfit 1"
"00_1_0000_0690_00","Costume","Nuova Shenron (GT)","Nuova Shenron (GT) Outfit 1"
"00_1_0000_0700_00","Costume","Syn Shenron (GT)","Syn Shenron (GT) Outfit 1"
"00_1_0000_0700_01","Costume","Omega Shenron (GT)","Omega Shenron (GT) Outfit 1"
"00_1_0000_0710_00","Costume","Mercenary Tao","Mercenary Tao Outfit 1"
"00_1_0000_0720_00","Costume","General Blue","General Blue Outfit 1"
"00_1_0000_0730_00","Costume","Spike the Devil Man","Spike the Devil Man Outfit 1"
"00_1_0000_0760_00","Costume","Spopovich","Spopovich Outfit 1"
"00_1_0000_0780_00","Costume","Beerus","Beerus Outfit 1"
"00_1_0000_0790_00","Costume","Whis","Whis Outfit 1"
"00_1_0000_0800_00","Costume","Goku Black","Goku Black Outfit 1"
"00_1_0000_0800_01","Costume","Goku Black, Super Saiyan Rosé","Goku Black, Super Saiyan Rosé Outfit 1"
"00_1_0000_0810_00","Costume","Zamasu","Zamasu Outfit 1"
"00_1_0000_0810_01","Costume","Fused Zamasu","Fused Zamasu Outfit 1"
"00_1_0000_0811_00","Costume","Fused Zamasu, Half-Corrupted","Fused Zamasu, Half-Corrupted Outfit 1"
"00_1_0000_0820_00","Costume","Demon King Piccolo","Demon King Piccolo Outfit 1"
"00_1_0000_0830_00","Costume","Jaco","Jaco Outfit 1"
"00_1_0000_0870_00","Costume","Hit","Hit Outfit 1"
"00_1_0000_0881_00","Costume","Frost","Frost Outfit 1"
"00_1_0000_0890_00","Costume","Cabba","Cabba Outfit 1"
"00_1_0000_0890_01","Costume","Cabba, Super Saiyan","Cabba, Super Saiyan Outfit 1"
"00_1_0000_0890_02","Costume","Cabba, Super Saiyan 2","Cabba, Super Saiyan 2 Outfit 1"
"00_1_0000_0900_00","Costume","Caulifla","Caulifla Outfit 1"
"00_1_0000_0900_02","Costume","Caulifla, Super Saiyan 2","Caulifla, Super Saiyan 2 Outfit 1"
"00_1_0000_0910_00","Costume","Kale","Kale Outfit 1"
"00_1_0000_0911_00","Costume","Kale, Super Saiyan (Berserk)","Kale, Super Saiyan (Berserk) Outfit 1"
"00_1_0000_0912_00","Costume","Kale, Super Saiyan","Kale, Super Saiyan Outfit 1"
"00_1_0000_0920_00","Costume","Kefla","Kefla Outfit 1"
"00_1_0000_0920_01","Costume","Kefla, Super Saiyan","Kefla, Super Saiyan Outfit 1"
"00_1_0000_0920_02","Costume","Kefla, Super Saiyan 2","Kefla, Super Saiyan 2 Outfit 1"
"00_1_0000_0930_00","Costume","Jiren","Jiren Outfit 1"
"00_1_0000_0931_00","Costume","Jiren, Full Power","Jiren, Full Power Outfit 1"
"00_1_0000_0940_00","Costume","Toppo","Toppo Outfit 1"
"00_1_0000_0941_00","Costume","Toppo, God of Destruction","Toppo, God of Destruction Outfit 1"
"00_1_0000_0950_00","Costume","Dyspo","Dyspo Outfit 1"
"00_1_0000_1000_00","Costume","Champa","Champa Outfit 1"
"00_1_0000_1190_00","Costume","Bergamo","Bergamo Outfit 1"
"00_1_0000_1321_00","Costume","Ribrianne","Ribrianne Outfit 1"
"00_1_0000_1331_00","Costume","Kakunsa","Kakunsa Outfit 1"
"00_1_0000_1341_00","Costume","Roasie","Roasie Outfit 1"
"00_1_0000_1500_00","Costume","Anilaza","Anilaza Outfit 1"
"00_1_0000_1960_00","Costume","Cheelai","Cheelai Outfit 1"
"00_1_0000_2230_00","Costume","Gohan Black","Gohan Black Outfit 1"
"00_1_0000_2230_01","Costume","Ultimate Gohan Black","Ultimate Gohan Black Outfit 1"
"00_1_0000_3050_00","Costume","Goku (Mini)","Goku (Mini) Outfit 1"
"00_1_0000_8008_02","Costume",," Outfit 1"
"00_1_0001_0000_00","Costume","Goku (Z - Early)","Goku (Z - Early) Outfit 2"
"00_1_0001_0000_10","Costume","Goku (Z - Mid)","Goku (Z - Mid) Outfit 2"
"00_1_0001_0000_11","Costume","Goku (Z - Mid), Super Saiyan","Goku (Z - Mid), Super Saiyan Outfit 2"
"00_1_0001_0000_20","Costume","Goku (Z - End)","Goku (Z - End) Outfit 2"
"00_1_0001_0000_21","Costume","Goku (Z - End), Super Saiyan","Goku (Z - End), Super Saiyan Outfit 2"
"00_1_0001_0000_22","Costume","Goku (Z - End), Super Saiyan 2","Goku (Z - End), Super Saiyan 2 Outfit 2"
"00_1_0001_0000_23","Costume","Goku (Z - End), Super Saiyan 3","Goku (Z - End), Super Saiyan 3 Outfit 2"
"00_1_0001_0000_40","Costume","Goku (Super)","Goku (Super) Outfit 2"
"00_1_0001_0000_41","Costume","Goku (Super), Super Saiyan","Goku (Super), Super Saiyan Outfit 2"
"00_1_0001_0000_43","Costume","Goku (Super), Super Saiyan God Super Saiyan","Goku (Super), Super Saiyan God Super Saiyan Outfit 2"
"00_1_0001_0000_50","Costume","Goku (Super), Ultra Instinct -Sign-","Goku (Super), Ultra Instinct -Sign- Outfit 2"
"00_1_0001_0000_51","Costume","Goku (Super), Ultra Instinct","Goku (Super), Ultra Instinct Outfit 2"
"00_1_0001_0001_42","Costume","Goku (Super), Super Saiyan God","Goku (Super), Super Saiyan God Outfit 2"
"00_1_0001_0003_51","Costume",," Outfit 2"
"00_1_0001_0020_00","Costume","Vegeta (Z - Scouter)","Vegeta (Z - Scouter) Outfit 2"
"00_1_0001_0020_10","Costume","Vegeta (Z - Early)","Vegeta (Z - Early) Outfit 2"
"00_1_0001_0020_11","Costume","Vegeta (Z - Early), Super Saiyan","Vegeta (Z - Early), Super Saiyan Outfit 2"
"00_1_0001_0020_30","Costume","Vegeta (Z - End)","Vegeta (Z - End) Outfit 2"
"00_1_0001_0020_31","Costume","Vegeta (Z - End), Super Saiyan","Vegeta (Z - End), Super Saiyan Outfit 2"
"00_1_0001_0020_32","Costume","Vegeta (Z - End), Super Saiyan 2","Vegeta (Z - End), Super Saiyan 2 Outfit 2"
"00_1_0001_0020_40","Costume","Majin Vegeta","Majin Vegeta Outfit 2"
"00_1_0001_0020_60","Costume","Vegeta (Super)","Vegeta (Super) Outfit 2"
"00_1_0001_0020_61","Costume","Vegeta (Super), Super Saiyan","Vegeta (Super), Super Saiyan Outfit 2"
"00_1_0001_0020_63","Costume","Vegeta (Super), Super Saiyan God Super Saiyan","Vegeta (Super), Super Saiyan God Super Saiyan Outfit 2"
"00_1_0001_0021_20","Costume","Super Vegeta","Super Vegeta Outfit 2"
"00_1_0001_0022_62","Costume","Vegeta (Super), Super Saiyan God","Vegeta (Super), Super Saiyan God Outfit 2"
"00_1_0001_0023_00","Costume","Great Ape Vegeta","Great Ape Vegeta Outfit 2"
"00_1_0001_0030_00","Costume","Gohan (Kid)","Gohan (Kid) Outfit 2"
"00_1_0001_0031_00","Costume","Gohan (Teen)","Gohan (Teen) Outfit 2"
"00_1_0001_0031_01","Costume","Gohan (Teen), Super Saiyan","Gohan (Teen), Super Saiyan Outfit 2"
"00_1_0001_0031_02","Costume","Gohan (Teen), Super Saiyan 2","Gohan (Teen), Super Saiyan 2 Outfit 2"
"00_1_0001_0032_00","Costume","Gohan (Adult)","Gohan (Adult) Outfit 2"
"00_1_0001_0032_01","Costume","Gohan (Adult), Super Saiyan","Gohan (Adult), Super Saiyan Outfit 2"
"00_1_0001_0032_02","Costume","Gohan (Adult), Super Saiyan 2","Gohan (Adult), Super Saiyan 2 Outfit 2"
"00_1_0001_0032_10","Costume","Great Saiyaman","Great Saiyaman Outfit 2"
"00_1_0001_0040_00","Costume","Piccolo","Piccolo Outfit 2"
"00_1_0001_0040_10","Costume","Piccolo (Fused with Kami)","Piccolo (Fused with Kami) Outfit 2"
"00_1_0001_0050_00","Costume","Krillin","Krillin Outfit 2"
"00_1_0001_0060_00","Costume","Yamcha","Yamcha Outfit 2"
"00_1_0001_0070_00","Costume","Tien","Tien Outfit 2"
"00_1_0001_0080_30","Costume","Future Trunks","Future Trunks Outfit 2"
"00_1_0001_0080_31","Costume","Future Trunks, Super Saiyan","Future Trunks, Super Saiyan Outfit 2"
"00_1_0001_0140_00","Costume","Master Roshi","Master Roshi Outfit 2"
"00_1_0001_0141_00","Costume","Master Roshi, Max Power","Master Roshi, Max Power Outfit 2"
"00_1_0001_0310_00","Costume","Bardock","Bardock Outfit 2"
"00_1_0001_0340_00","Costume","Nappa","Nappa Outfit 2"
"00_1_0001_0390_00","Costume","Recoome","Recoome Outfit 2"
"00_1_0001_0450_10","Costume","Android 17 (Super)","Android 17 (Super) Outfit 2"
"00_1_0001_0460_00","Costume","Android 18","Android 18 Outfit 2"
"00_1_0001_0540_00","Costume","Frieza Force Soldier","Frieza Force Soldier Outfit 2"
"00_1_0001_0790_00","Costume","Whis","Whis Outfit 2"
"00_1_0001_0810_01","Costume","Fused Zamasu","Fused Zamasu Outfit 2"
"00_1_0001_0811_00","Costume","Fused Zamasu, Half-Corrupted","Fused Zamasu, Half-Corrupted Outfit 2"
"00_1_0001_0931_00","Costume","Jiren, Full Power","Jiren, Full Power Outfit 2"
"00_1_0001_0940_00","Costume","Toppo","Toppo Outfit 2"
"00_1_0001_8022_00","Costume","Announcer","Announcer Outfit 2"
"00_1_0002_0000_00","Costume","Goku (Z - Early)","Goku (Z - Early) Outfit 3"
"00_1_0002_0000_10","Costume","Goku (Z - Mid)","Goku (Z - Mid) Outfit 3"
"00_1_0002_0000_11","Costume","Goku (Z - Mid), Super Saiyan","Goku (Z - Mid), Super Saiyan Outfit 3"
"00_1_0002_0000_20","Costume","Goku (Z - End)","Goku (Z - End) Outfit 3"
"00_1_0002_0000_21","Costume","Goku (Z - End), Super Saiyan","Goku (Z - End), Super Saiyan Outfit 3"
"00_1_0002_0000_22","Costume","Goku (Z - End), Super Saiyan 2","Goku (Z - End), Super Saiyan 2 Outfit 3"
"00_1_0002_0000_23","Costume","Goku (Z - End), Super Saiyan 3","Goku (Z - End), Super Saiyan 3 Outfit 3"
"00_1_0002_0000_40","Costume","Goku (Super)","Goku (Super) Outfit 3"
"00_1_0002_0000_41","Costume","Goku (Super), Super Saiyan","Goku (Super), Super Saiyan Outfit 3"
"00_1_0002_0000_43","Costume","Goku (Super), Super Saiyan God Super Saiyan","Goku (Super), Super Saiyan God Super Saiyan Outfit 3"
"00_1_0002_0000_50","Costume","Goku (Super), Ultra Instinct -Sign-","Goku (Super), Ultra Instinct -Sign- Outfit 3"
"00_1_0002_0000_51","Costume","Goku (Super), Ultra Instinct","Goku (Super), Ultra Instinct Outfit 3"
"00_1_0002_0001_42","Costume","Goku (Super), Super Saiyan God","Goku (Super), Super Saiyan God Outfit 3"
"00_1_0002_0020_00","Costume","Vegeta (Z - Scouter)","Vegeta (Z - Scouter) Outfit 3"
"00_1_0002_0020_10","Costume","Vegeta (Z - Early)","Vegeta (Z - Early) Outfit 3"
"00_1_0002_0020_11","Costume","Vegeta (Z - Early), Super Saiyan","Vegeta (Z - Early), Super Saiyan Outfit 3"
"00_1_0002_0020_30","Costume","Vegeta (Z - End)","Vegeta (Z - End) Outfit 3"
"00_1_0002_0020_31","Costume","Vegeta (Z - End), Super Saiyan","Vegeta (Z - End), Super Saiyan Outfit 3"
"00_1_0002_0020_32","Costume","Vegeta (Z - End), Super Saiyan 2","Vegeta (Z - End), Super Saiyan 2 Outfit 3"
"00_1_0002_0020_60","Costume","Vegeta (Super)","Vegeta (Super) Outfit 3"
"00_1_0002_0020_61","Costume","Vegeta (Super), Super Saiyan","Vegeta (Super), Super Saiyan Outfit 3"
"00_1_0002_0020_63","Costume","Vegeta (Super), Super Saiyan God Super Saiyan","Vegeta (Super), Super Saiyan God Super Saiyan Outfit 3"
"00_1_0002_0021_20","Costume","Super Vegeta","Super Vegeta Outfit 3"
"00_1_0002_0022_62","Costume","Vegeta (Super), Super Saiyan God","Vegeta (Super), Super Saiyan God Outfit 3"
"00_1_0002_0023_00","Costume","Great Ape Vegeta","Great Ape Vegeta Outfit 3"
"00_1_0002_0030_00","Costume","Gohan (Kid)","Gohan (Kid) Outfit 3"
"00_1_0002_0031_00","Costume","Gohan (Teen)","Gohan (Teen) Outfit 3"
"00_1_0002_0031_01","Costume","Gohan (Teen), Super Saiyan","Gohan (Teen), Super Saiyan Outfit 3"
"00_1_0002_0031_02","Costume","Gohan (Teen), Super Saiyan 2","Gohan (Teen), Super Saiyan 2 Outfit 3"
"00_1_0002_0032_00","Costume","Gohan (Adult)","Gohan (Adult) Outfit 3"
"00_1_0002_0032_01","Costume","Gohan (Adult), Super Saiyan","Gohan (Adult), Super Saiyan Outfit 3"
"00_1_0002_0032_02","Costume","Gohan (Adult), Super Saiyan 2","Gohan (Adult), Super Saiyan 2 Outfit 3"
"00_1_0002_0032_20","Costume","Ultimate Gohan","Ultimate Gohan Outfit 3"
"00_1_0002_0040_00","Costume","Piccolo","Piccolo Outfit 3"
"00_1_0002_0040_10","Costume","Piccolo (Fused with Kami)","Piccolo (Fused with Kami) Outfit 3"
"00_1_0002_0050_00","Costume","Krillin","Krillin Outfit 3"
"00_1_0002_0060_00","Costume","Yamcha","Yamcha Outfit 3"
"00_1_0002_0070_00","Costume","Tien","Tien Outfit 3"
"00_1_0002_0080_00","Costume","Trunks (Sword)","Trunks (Sword) Outfit 3"
"00_1_0002_0080_01","Costume","Trunks (Sword), Super Saiyan","Trunks (Sword), Super Saiyan Outfit 3"
"00_1_0002_0080_10","Costume","Trunks (Melee)","Trunks (Melee) Outfit 3"
"00_1_0002_0080_11","Costume","Trunks (Melee), Super Saiyan","Trunks (Melee), Super Saiyan Outfit 3"
"00_1_0002_0130_00","Costume","Videl","Videl Outfit 3"
"00_1_0002_0460_00","Costume","Android 18","Android 18 Outfit 3"
"00_1_0003_0000_10","Costume","Goku (Z - Mid)","Goku (Z - Mid) Outfit 4"
"00_1_0003_0000_11","Costume","Goku (Z - Mid), Super Saiyan","Goku (Z - Mid), Super Saiyan Outfit 4"
"00_1_0003_0000_40","Costume","Goku (Super)","Goku (Super) Outfit 4"
"00_1_0003_0000_41","Costume","Goku (Super), Super Saiyan","Goku (Super), Super Saiyan Outfit 4"
"00_1_0003_0000_43","Costume","Goku (Super), Super Saiyan God Super Saiyan","Goku (Super), Super Saiyan God Super Saiyan Outfit 4"
"00_1_0003_0001_42","Costume","Goku (Super), Super Saiyan God","Goku (Super), Super Saiyan God Outfit 4"
"00_1_0003_0020_00","Costume","Vegeta (Z - Scouter)","Vegeta (Z - Scouter) Outfit 4"
"00_1_0003_0020_10","Costume","Vegeta (Z - Early)","Vegeta (Z - Early) Outfit 4"
"00_1_0003_0020_11","Costume","Vegeta (Z - Early), Super Saiyan","Vegeta (Z - Early), Super Saiyan Outfit 4"
"00_1_0003_0020_60","Costume","Vegeta (Super)","Vegeta (Super) Outfit 4"
"00_1_0003_0020_61","Costume","Vegeta (Super), Super Saiyan","Vegeta (Super), Super Saiyan Outfit 4"
"00_1_0003_0020_63","Costume","Vegeta (Super), Super Saiyan God Super Saiyan","Vegeta (Super), Super Saiyan God Super Saiyan Outfit 4"
"00_1_0003_0021_20","Costume","Super Vegeta","Super Vegeta Outfit 4"
"00_1_0003_0022_62","Costume","Vegeta (Super), Super Saiyan God","Vegeta (Super), Super Saiyan God Outfit 4"
"00_1_0003_0023_00","Costume","Great Ape Vegeta","Great Ape Vegeta Outfit 4"
"00_1_0003_0031_00","Costume","Gohan (Teen)","Gohan (Teen) Outfit 4"
"00_1_0003_0031_01","Costume","Gohan (Teen), Super Saiyan","Gohan (Teen), Super Saiyan Outfit 4"
"00_1_0003_0031_02","Costume","Gohan (Teen), Super Saiyan 2","Gohan (Teen), Super Saiyan 2 Outfit 4"
"00_1_0003_0032_00","Costume","Gohan (Adult)","Gohan (Adult) Outfit 4"
"00_1_0003_0032_01","Costume","Gohan (Adult), Super Saiyan","Gohan (Adult), Super Saiyan Outfit 4"
"00_1_0003_0032_02","Costume","Gohan (Adult), Super Saiyan 2","Gohan (Adult), Super Saiyan 2 Outfit 4"
"00_1_0003_0140_00","Costume","Master Roshi","Master Roshi Outfit 4"
"00_1_0003_0141_00","Costume","Master Roshi, Max Power","Master Roshi, Max Power Outfit 4"
"00_1_0003_0460_00","Costume","Android 18","Android 18 Outfit 4"
"00_1_0004_0000_00","Costume","Goku (Z - Early)","Goku (Z - Early) Outfit 5"
"00_1_0004_0000_40","Costume","Goku (Super)","Goku (Super) Outfit 5"
"00_1_0004_0000_41","Costume","Goku (Super), Super Saiyan","Goku (Super), Super Saiyan Outfit 5"
"00_1_0004_0000_43","Costume","Goku (Super), Super Saiyan God Super Saiyan","Goku (Super), Super Saiyan God Super Saiyan Outfit 5"
"00_1_0004_0000_50","Costume","Goku (Super), Ultra Instinct -Sign-","Goku (Super), Ultra Instinct -Sign- Outfit 5"
"00_1_0004_0000_51","Costume","Goku (Super), Ultra Instinct","Goku (Super), Ultra Instinct Outfit 5"
"00_1_0004_0001_42","Costume","Goku (Super), Super Saiyan God","Goku (Super), Super Saiyan God Outfit 5"
"00_1_0004_0020_10","Costume","Vegeta (Z - Early)","Vegeta (Z - Early) Outfit 5"
"00_1_0004_0020_11","Costume","Vegeta (Z - Early), Super Saiyan","Vegeta (Z - Early), Super Saiyan Outfit 5"
"00_1_0004_0032_00","Costume","Gohan (Adult)","Gohan (Adult) Outfit 5"
"00_1_0004_0032_01","Costume","Gohan (Adult), Super Saiyan","Gohan (Adult), Super Saiyan Outfit 5"
"00_1_0004_0032_02","Costume","Gohan (Adult), Super Saiyan 2","Gohan (Adult), Super Saiyan 2 Outfit 5"
"00_1_0004_0050_00","Costume","Krillin","Krillin Outfit 5"
"00_1_0004_0070_00","Costume","Tien","Tien Outfit 5"
"00_1_0004_0140_00","Costume","Master Roshi","Master Roshi Outfit 5"
"00_1_0004_0141_00","Costume","Master Roshi, Max Power","Master Roshi, Max Power Outfit 5"
"00_1_0004_0460_00","Costume","Android 18","Android 18 Outfit 5"
"00_1_0005_0000_00","Costume","Goku (Z - Early)","Goku (Z - Early) Outfit 6"
"00_1_0005_0000_10","Costume","Goku (Z - Mid)","Goku (Z - Mid) Outfit 6"
"00_1_0005_0000_11","Costume","Goku (Z - Mid), Super Saiyan","Goku (Z - Mid), Super Saiyan Outfit 6"
"00_1_0005_0000_40","Costume","Goku (Super)","Goku (Super) Outfit 6"
"00_1_0005_0000_41","Costume","Goku (Super), Super Saiyan","Goku (Super), Super Saiyan Outfit 6"
"00_1_0005_0000_43","Costume","Goku (Super), Super Saiyan God Super Saiyan","Goku (Super), Super Saiyan God Super Saiyan Outfit 6"
"00_1_0005_0000_50","Costume","Goku (Super), Ultra Instinct -Sign-","Goku (Super), Ultra Instinct -Sign- Outfit 6"
"00_1_0005_0000_51","Costume","Goku (Super), Ultra Instinct","Goku (Super), Ultra Instinct Outfit 6"
"00_1_0005_0001_42","Costume","Goku (Super), Super Saiyan God","Goku (Super), Super Saiyan God Outfit 6"
"00_1_0005_0020_10","Costume","Vegeta (Z - Early)","Vegeta (Z - Early) Outfit 6"
"00_1_0005_0020_11","Costume","Vegeta (Z - Early), Super Saiyan","Vegeta (Z - Early), Super Saiyan Outfit 6"
"00_1_0005_8006_00","Costume","Bulma","Bulma Outfit 6"
"00_1_0006_0000_40","Costume","Goku (Super)","Goku (Super) Outfit 7"
"00_1_0006_0000_41","Costume","Goku (Super), Super Saiyan","Goku (Super), Super Saiyan Outfit 7"
"00_1_0006_0000_43","Costume","Goku (Super), Super Saiyan God Super Saiyan","Goku (Super), Super Saiyan God Super Saiyan Outfit 7"
"00_1_0006_0000_50","Costume","Goku (Super), Ultra Instinct -Sign-","Goku (Super), Ultra Instinct -Sign- Outfit 7"
"00_1_0006_0000_51","Costume","Goku (Super), Ultra Instinct","Goku (Super), Ultra Instinct Outfit 7"
"00_1_0006_0001_42","Costume","Goku (Super), Super Saiyan God","Goku (Super), Super Saiyan God Outfit 7"
"00_1_0007_0000_40","Costume","Goku (Super)","Goku (Super) Outfit 8"
"00_1_0007_0000_41","Costume","Goku (Super), Super Saiyan","Goku (Super), Super Saiyan Outfit 8"
"00_1_0007_0000_43","Costume","Goku (Super), Super Saiyan God Super Saiyan","Goku (Super), Super Saiyan God Super Saiyan Outfit 8"
"00_1_0007_0001_42","Costume","Goku (Super), Super Saiyan God","Goku (Super), Super Saiyan God Outfit 8"
"00_1_1000","Item (no character)","","00_1_1000"
"00_1_1001","Item (no character)","","00_1_1001"
"00_1_1002","Item (no character)","","00_1_1002"
"00_1_1003","Item (no character)","","00_1_1003"
"00_1_1004","Item (no character)","","00_1_1004"
"00_1_1005","Item (no character)","","00_1_1005"
"00_1_1006","Item (no character)","","00_1_1006"
"00_1_1007","Item (no character)","","00_1_1007"
"00_1_1008","Item (no character)","","00_1_1008"
"00_4_0000","Profile Card Set","","00_4_0000"
"00_4_0000_0000_00","Profile Card","Goku (Z - Early)","Goku (Z - Early) (Profile Card)"
"00_4_0000_0000_10","Profile Card","Goku (Z - Mid)","Goku (Z - Mid) (Profile Card)"
"00_4_0000_0000_11","Profile Card","Goku (Z - Mid), Super Saiyan","Goku (Z - Mid), Super Saiyan (Profile Card)"
"00_4_0000_0000_20","Profile Card","Goku (Z - End)","Goku (Z - End) (Profile Card)"
"00_4_0000_0000_21","Profile Card","Goku (Z - End), Super Saiyan","Goku (Z - End), Super Saiyan (Profile Card)"
"00_4_0000_0000_22","Profile Card","Goku (Z - End), Super Saiyan 2","Goku (Z - End), Super Saiyan 2 (Profile Card)"
"00_4_0000_0000_23","Profile Card","Goku (Z - End), Super Saiyan 3","Goku (Z - End), Super Saiyan 3 (Profile Card)"
"00_4_0000_0000_33","Profile Card","Goku (GT), Super Saiyan 4","Goku (GT), Super Saiyan 4 (Profile Card)"
"00_4_0000_0000_40","Profile Card","Goku (Super)","Goku (Super) (Profile Card)"
"00_4_0000_0000_41","Profile Card","Goku (Super), Super Saiyan","Goku (Super), Super Saiyan (Profile Card)"
"00_4_0000_0000_43","Profile Card","Goku (Super), Super Saiyan God Super Saiyan","Goku (Super), Super Saiyan God Super Saiyan (Profile Card)"
"00_4_0000_0000_50","Profile Card","Goku (Super), Ultra Instinct -Sign-","Goku (Super), Ultra Instinct -Sign- (Profile Card)"
"00_4_0000_0000_51","Profile Card","Goku (Super), Ultra Instinct","Goku (Super), Ultra Instinct (Profile Card)"
"00_4_0000_0001_42","Profile Card","Goku (Super), Super Saiyan God","Goku (Super), Super Saiyan God (Profile Card)"
"00_4_0000_0002_30","Profile Card","Goku (GT)","Goku (GT) (Profile Card)"
"00_4_0000_0002_31","Profile Card","Goku (GT), Super Saiyan","Goku (GT), Super Saiyan (Profile Card)"
"00_4_0000_0002_32","Profile Card","Goku (GT), Super Saiyan 3","Goku (GT), Super Saiyan 3 (Profile Card)"
"00_4_0000_0002_50","Profile Card","Goku (Teen)","Goku (Teen) (Profile Card)"
"00_4_0000_0020_00","Profile Card","Vegeta (Z - Scouter)","Vegeta (Z - Scouter) (Profile Card)"
"00_4_0000_0020_10","Profile Card","Vegeta (Z - Early)","Vegeta (Z - Early) (Profile Card)"
"00_4_0000_0020_11","Profile Card","Vegeta (Z - Early), Super Saiyan","Vegeta (Z - Early), Super Saiyan (Profile Card)"
"00_4_0000_0020_30","Profile Card","Vegeta (Z - End)","Vegeta (Z - End) (Profile Card)"
"00_4_0000_0020_31","Profile Card","Vegeta (Z - End), Super Saiyan","Vegeta (Z - End), Super Saiyan (Profile Card)"
"00_4_0000_0020_32","Profile Card","Vegeta (Z - End), Super Saiyan 2","Vegeta (Z - End), Super Saiyan 2 (Profile Card)"
"00_4_0000_0020_40","Profile Card","Majin Vegeta","Majin Vegeta (Profile Card)"
"00_4_0000_0020_50","Profile Card","Vegeta (GT), Super Saiyan 4","Vegeta (GT), Super Saiyan 4 (Profile Card)"
"00_4_0000_0020_60","Profile Card","Vegeta (Super)","Vegeta (Super) (Profile Card)"
"00_4_0000_0020_61","Profile Card","Vegeta (Super), Super Saiyan","Vegeta (Super), Super Saiyan (Profile Card)"
"00_4_0000_0020_63","Profile Card","Vegeta (Super), Super Saiyan God Super Saiyan","Vegeta (Super), Super Saiyan God Super Saiyan (Profile Card)"
"00_4_0000_0021_20","Profile Card","Super Vegeta","Super Vegeta (Profile Card)"
"00_4_0000_0022_62","Profile Card","Vegeta (Super), Super Saiyan God","Vegeta (Super), Super Saiyan God (Profile Card)"
"00_4_0000_0023_00","Profile Card","Great Ape Vegeta","Great Ape Vegeta (Profile Card)"
"00_4_0000_0030_00","Profile Card","Gohan (Kid)","Gohan (Kid) (Profile Card)"
"00_4_0000_0031_00","Profile Card","Gohan (Teen)","Gohan (Teen) (Profile Card)"
"00_4_0000_0031_01","Profile Card","Gohan (Teen), Super Saiyan","Gohan (Teen), Super Saiyan (Profile Card)"
"00_4_0000_0031_02","Profile Card","Gohan (Teen), Super Saiyan 2","Gohan (Teen), Super Saiyan 2 (Profile Card)"
"00_4_0000_0032_00","Profile Card","Gohan (Adult)","Gohan (Adult) (Profile Card)"
"00_4_0000_0032_01","Profile Card","Gohan (Adult), Super Saiyan","Gohan (Adult), Super Saiyan (Profile Card)"
"00_4_0000_0032_02","Profile Card","Gohan (Adult), Super Saiyan 2","Gohan (Adult), Super Saiyan 2 (Profile Card)"
"00_4_0000_0032_10","Profile Card","Great Saiyaman","Great Saiyaman (Profile Card)"
"00_4_0000_0032_20","Profile Card","Ultimate Gohan","Ultimate Gohan (Profile Card)"
"00_4_0000_0032_30","Profile Card","Gohan (Future)","Gohan (Future) (Profile Card)"
"00_4_0000_0032_31","Profile Card","Gohan (Future), Super Saiyan","Gohan (Future), Super Saiyan (Profile Card)"
"00_4_0000_0040_00","Profile Card","Piccolo","Piccolo (Profile Card)"
"00_4_0000_0040_10","Profile Card","Piccolo (Fused with Kami)","Piccolo (Fused with Kami) (Profile Card)"
"00_4_0000_0040_20","Profile Card","Nail","Nail (Profile Card)"
"00_4_0000_0050_00","Profile Card","Krillin","Krillin (Profile Card)"
"00_4_0000_0060_00","Profile Card","Yamcha","Yamcha (Profile Card)"
"00_4_0000_0070_00","Profile Card","Tien","Tien (Profile Card)"
"00_4_0000_0080_00","Profile Card","Trunks (Sword)","Trunks (Sword) (Profile Card)"
"00_4_0000_0080_01","Profile Card","Trunks (Sword), Super Saiyan","Trunks (Sword), Super Saiyan (Profile Card)"
"00_4_0000_0080_10","Profile Card","Trunks (Melee)","Trunks (Melee) (Profile Card)"
"00_4_0000_0080_11","Profile Card","Trunks (Melee), Super Saiyan","Trunks (Melee), Super Saiyan (Profile Card)"
"00_4_0000_0080_30","Profile Card","Future Trunks","Future Trunks (Profile Card)"
"00_4_0000_0080_31","Profile Card","Future Trunks, Super Saiyan","Future Trunks, Super Saiyan (Profile Card)"
"00_4_0000_0081_20","Profile Card","Super Trunks","Super Trunks (Profile Card)"
"00_4_0000_0082_00","Profile Card","Trunks (Kid)","Trunks (Kid) (Profile Card)"
"00_4_0000_0082_01","Profile Card","Trunks (Kid), Super Saiyan","Trunks (Kid), Super Saiyan (Profile Card)"
"00_4_0000_0090_00","Profile Card","Goten","Goten (Profile Card)"
"00_4_0000_0090_01","Profile Card","Goten, Super Saiyan","Goten, Super Saiyan (Profile Card)"
"00_4_0000_0100_00","Profile Card","Vegito","Vegito (Profile Card)"
"00_4_0000_0100_01","Profile Card","Super Vegito","Super Vegito (Profile Card)"
"00_4_0000_0100_02","Profile Card","Vegito, Super Saiyan God Super Saiyan","Vegito, Super Saiyan God Super Saiyan (Profile Card)"
"00_4_0000_0110_00","Profile Card","Gogeta (Super)","Gogeta (Super) (Profile Card)"
"00_4_0000_0110_01","Profile Card","Gogeta (Super), Super Saiyan","Gogeta (Super), Super Saiyan (Profile Card)"
"00_4_0000_0110_02","Profile Card","Gogeta (GT), Super Saiyan 4","Gogeta (GT), Super Saiyan 4 (Profile Card)"
"00_4_0000_0110_03","Profile Card","Gogeta (Super), Super Saiyan God Super Saiyan","Gogeta (Super), Super Saiyan God Super Saiyan (Profile Card)"
"00_4_0000_0110_04","Profile Card","Super Gogeta (Z) ","Super Gogeta (Z)  (Profile Card)"
"00_4_0000_0120_00","Profile Card","Gotenks","Gotenks (Profile Card)"
"00_4_0000_0120_01","Profile Card","Gotenks, Super Saiyan","Gotenks, Super Saiyan (Profile Card)"
"00_4_0000_0120_02","Profile Card","Gotenks, Super Saiyan 3","Gotenks, Super Saiyan 3 (Profile Card)"
"00_4_0000_0121_00","Profile Card","Mighty Mask","Mighty Mask (Profile Card)"
"00_4_0000_0130_00","Profile Card","Videl","Videl (Profile Card)"
"00_4_0000_0140_00","Profile Card","Master Roshi","Master Roshi (Profile Card)"
"00_4_0000_0141_00","Profile Card","Master Roshi, Max Power","Master Roshi, Max Power (Profile Card)"
"00_4_0000_0150_00","Profile Card","Frieza (Z), 1st Form","Frieza (Z), 1st Form (Profile Card)"
"00_4_0000_0151_00","Profile Card","Frieza (Z), 2nd Form","Frieza (Z), 2nd Form (Profile Card)"
"00_4_0000_0152_00","Profile Card","Frieza (Z), 3rd Form","Frieza (Z), 3rd Form (Profile Card)"
"00_4_0000_0153_00","Profile Card","Frieza (Z), 4th Form","Frieza (Z), 4th Form (Profile Card)"
"00_4_0000_0153_10","Profile Card","Mecha Frieza","Mecha Frieza (Profile Card)"
"00_4_0000_0153_20","Profile Card","Frieza (Super)","Frieza (Super) (Profile Card)"
"00_4_0000_0154_00","Profile Card","Frieza (Z), Full Power","Frieza (Z), Full Power (Profile Card)"
"00_4_0000_0155_00","Profile Card","Golden Frieza","Golden Frieza (Profile Card)"
"00_4_0000_0160_00","Profile Card","Cell, 1st Form","Cell, 1st Form (Profile Card)"
"00_4_0000_0161_00","Profile Card","Cell, 2nd Form","Cell, 2nd Form (Profile Card)"
"00_4_0000_0162_00","Profile Card","Cell, Perfect Form","Cell, Perfect Form (Profile Card)"
"00_4_0000_0162_01","Profile Card","Perfect Cell","Perfect Cell (Profile Card)"
"00_4_0000_0163_00","Profile Card","Cell Jr.","Cell Jr. (Profile Card)"
"00_4_0000_0170_00","Profile Card","Majin Buu","Majin Buu (Profile Card)"
"00_4_0000_0171_00","Profile Card","Majin Buu (Evil)","Majin Buu (Evil) (Profile Card)"
"00_4_0000_0172_00","Profile Card","Super Buu","Super Buu (Profile Card)"
"00_4_0000_0172_10","Profile Card","Super Buu (Gotenks Absorbed)","Super Buu (Gotenks Absorbed) (Profile Card)"
"00_4_0000_0172_11","Profile Card","Super Buu (Gohan Absorbed)","Super Buu (Gohan Absorbed) (Profile Card)"
"00_4_0000_0173_00","Profile Card","Kid Buu","Kid Buu (Profile Card)"
"00_4_0000_0180_00","Profile Card","Mr. Satan","Mr. Satan (Profile Card)"
"00_4_0000_0190_00","Profile Card","Chiaotzu","Chiaotzu (Profile Card)"
"00_4_0000_0210_00","Profile Card","Yajirobe","Yajirobe (Profile Card)"
"00_4_0000_0220_00","Profile Card","Pikkon","Pikkon (Profile Card)"
"00_4_0000_0230_00","Profile Card","Pan (GT)","Pan (GT) (Profile Card)"
"00_4_0000_0240_00","Profile Card","Uub (GT)","Uub (GT) (Profile Card)"
"00_4_0000_0240_01","Profile Card","Majuub (GT)","Majuub (GT) (Profile Card)"
"00_4_0000_0260_00","Profile Card","Grandpa Gohan","Grandpa Gohan (Profile Card)"
"00_4_0000_0270_00","Profile Card","Nam","Nam (Profile Card)"
"00_4_0000_0280_00","Profile Card","Eighter","Eighter (Profile Card)"
"00_4_0000_0301_00","Profile Card","Chi-Chi","Chi-Chi (Profile Card)"
"00_4_0000_0310_00","Profile Card","Bardock","Bardock (Profile Card)"
"00_4_0000_0320_00","Profile Card","Raditz","Raditz (Profile Card)"
"00_4_0000_0330_00","Profile Card","Saibaman","Saibaman (Profile Card)"
"00_4_0000_0340_00","Profile Card","Nappa","Nappa (Profile Card)"
"00_4_0000_0350_00","Profile Card","Zarbon","Zarbon (Profile Card)"
"00_4_0000_0351_00","Profile Card","Super Zarbon","Super Zarbon (Profile Card)"
"00_4_0000_0360_00","Profile Card","Dodoria","Dodoria (Profile Card)"
"00_4_0000_0370_00","Profile Card","Cui","Cui (Profile Card)"
"00_4_0000_0380_00","Profile Card","Captain Ginyu","Captain Ginyu (Profile Card)"
"00_4_0000_0390_00","Profile Card","Recoome","Recoome (Profile Card)"
"00_4_0000_0400_00","Profile Card","Burter","Burter (Profile Card)"
"00_4_0000_0410_00","Profile Card","Jeice","Jeice (Profile Card)"
"00_4_0000_0420_00","Profile Card","Guldo","Guldo (Profile Card)"
"00_4_0000_0430_00","Profile Card","King Cold","King Cold (Profile Card)"
"00_4_0000_0440_00","Profile Card","Android 16","Android 16 (Profile Card)"
"00_4_0000_0450_00","Profile Card","Android 17 (Z)","Android 17 (Z) (Profile Card)"
"00_4_0000_0450_10","Profile Card","Android 17 (Super)","Android 17 (Super) (Profile Card)"
"00_4_0000_0451_00","Profile Card","Super 17 (GT)","Super 17 (GT) (Profile Card)"
"00_4_0000_0460_00","Profile Card","Android 18","Android 18 (Profile Card)"
"00_4_0000_0470_00","Profile Card","Android 19","Android 19 (Profile Card)"
"00_4_0000_0480_00","Profile Card","Dr. Gero","Dr. Gero (Profile Card)"
"00_4_0000_0490_00","Profile Card","Babidi","Babidi (Profile Card)"
"00_4_0000_0500_00","Profile Card","Dabura","Dabura (Profile Card)"
"00_4_0000_0510_00","Profile Card","King Vegeta","King Vegeta (Profile Card)"
"00_4_0000_0540_00","Profile Card","Frieza Force Soldier","Frieza Force Soldier (Profile Card)"
"00_4_0000_0550_00","Profile Card","Broly (Z)","Broly (Z) (Profile Card)"
"00_4_0000_0551_00","Profile Card","Broly (Z), Super Saiyan","Broly (Z), Super Saiyan (Profile Card)"
"00_4_0000_0552_00","Profile Card","Broly (Z), Legendary Super Saiyan","Broly (Z), Legendary Super Saiyan (Profile Card)"
"00_4_0000_0553_00","Profile Card","Broly (Super)","Broly (Super) (Profile Card)"
"00_4_0000_0554_00","Profile Card","Broly (Super), Super Saiyan","Broly (Super), Super Saiyan (Profile Card)"
"00_4_0000_0555_00","Profile Card","Broly (Super), Super Saiyan (Full Power)","Broly (Super), Super Saiyan (Full Power) (Profile Card)"
"00_4_0000_0561_00","Profile Card","Super Garlic Jr.","Super Garlic Jr. (Profile Card)"
"00_4_0000_0570_00","Profile Card","Dr. Wheelo","Dr. Wheelo (Profile Card)"
"00_4_0000_0580_00","Profile Card","Turles","Turles (Profile Card)"
"00_4_0000_0590_00","Profile Card","Lord Slug","Lord Slug (Profile Card)"
"00_4_0000_0591_00","Profile Card","Lord Slug, Giant Form","Lord Slug, Giant Form (Profile Card)"
"00_4_0000_0600_00","Profile Card","Cooler","Cooler (Profile Card)"
"00_4_0000_0600_10","Profile Card","Metal Cooler","Metal Cooler (Profile Card)"
"00_4_0000_0601_00","Profile Card","Cooler, Final Form","Cooler, Final Form (Profile Card)"
"00_4_0000_0610_00","Profile Card","Salza","Salza (Profile Card)"
"00_4_0000_0620_00","Profile Card","Android 13","Android 13 (Profile Card)"
"00_4_0000_0621_00","Profile Card","Fusion Android 13","Fusion Android 13 (Profile Card)"
"00_4_0000_0630_00","Profile Card","Bojack","Bojack (Profile Card)"
"00_4_0000_0631_00","Profile Card","Full-Power Bojack","Full-Power Bojack (Profile Card)"
"00_4_0000_0640_00","Profile Card","Zangya","Zangya (Profile Card)"
"00_4_0000_0650_00","Profile Card","Janemba","Janemba (Profile Card)"
"00_4_0000_0651_00","Profile Card","Super Janemba","Super Janemba (Profile Card)"
"00_4_0000_0660_00","Profile Card","Tapion","Tapion (Profile Card)"
"00_4_0000_0670_00","Profile Card","Hirudegarn","Hirudegarn (Profile Card)"
"00_4_0000_0680_00","Profile Card","Baby Vegeta (GT)","Baby Vegeta (GT) (Profile Card)"
"00_4_0000_0680_01","Profile Card","Super Baby 1 (GT)","Super Baby 1 (GT) (Profile Card)"
"00_4_0000_0680_02","Profile Card","Super Baby 2 (GT)","Super Baby 2 (GT) (Profile Card)"
"00_4_0000_0681_00","Profile Card","Great Ape Baby (GT)","Great Ape Baby (GT) (Profile Card)"
"00_4_0000_0690_00","Profile Card","Nuova Shenron (GT)","Nuova Shenron (GT) (Profile Card)"
"00_4_0000_0700_00","Profile Card","Syn Shenron (GT)","Syn Shenron (GT) (Profile Card)"
"00_4_0000_0700_01","Profile Card","Omega Shenron (GT)","Omega Shenron (GT) (Profile Card)"
"00_4_0000_0710_00","Profile Card","Mercenary Tao","Mercenary Tao (Profile Card)"
"00_4_0000_0720_00","Profile Card","General Blue","General Blue (Profile Card)"
"00_4_0000_0730_00","Profile Card","Spike the Devil Man","Spike the Devil Man (Profile Card)"
"00_4_0000_0760_00","Profile Card","Spopovich","Spopovich (Profile Card)"
"00_4_0000_0780_00","Profile Card","Beerus","Beerus (Profile Card)"
"00_4_0000_0790_00","Profile Card","Whis","Whis (Profile Card)"
"00_4_0000_0800_00","Profile Card","Goku Black","Goku Black (Profile Card)"
"00_4_0000_0800_01","Profile Card","Goku Black, Super Saiyan Rosé","Goku Black, Super Saiyan Rosé (Profile Card)"
"00_4_0000_0810_00","Profile Card","Zamasu","Zamasu (Profile Card)"
"00_4_0000_0810_01","Profile Card","Fused Zamasu","Fused Zamasu (Profile Card)"
"00_4_0000_0811_00","Profile Card","Fused Zamasu, Half-Corrupted","Fused Zamasu, Half-Corrupted (Profile Card)"
"00_4_0000_0820_00","Profile Card","Demon King Piccolo","Demon King Piccolo (Profile Card)"
"00_4_0000_0830_00","Profile Card","Jaco","Jaco (Profile Card)"
"00_4_0000_0870_00","Profile Card","Hit","Hit (Profile Card)"
"00_4_0000_0881_00","Profile Card","Frost","Frost (Profile Card)"
"00_4_0000_0890_00","Profile Card","Cabba","Cabba (Profile Card)"
"00_4_0000_0890_01","Profile Card","Cabba, Super Saiyan","Cabba, Super Saiyan (Profile Card)"
"00_4_0000_0890_02","Profile Card","Cabba, Super Saiyan 2","Cabba, Super Saiyan 2 (Profile Card)"
"00_4_0000_0900_00","Profile Card","Caulifla","Caulifla (Profile Card)"
"00_4_0000_0900_02","Profile Card","Caulifla, Super Saiyan 2","Caulifla, Super Saiyan 2 (Profile Card)"
"00_4_0000_0910_00","Profile Card","Kale","Kale (Profile Card)"
"00_4_0000_0911_00","Profile Card","Kale, Super Saiyan (Berserk)","Kale, Super Saiyan (Berserk) (Profile Card)"
"00_4_0000_0912_00","Profile Card","Kale, Super Saiyan","Kale, Super Saiyan (Profile Card)"
"00_4_0000_0920_00","Profile Card","Kefla","Kefla (Profile Card)"
"00_4_0000_0920_01","Profile Card","Kefla, Super Saiyan","Kefla, Super Saiyan (Profile Card)"
"00_4_0000_0920_02","Profile Card","Kefla, Super Saiyan 2","Kefla, Super Saiyan 2 (Profile Card)"
"00_4_0000_0930_00","Profile Card","Jiren","Jiren (Profile Card)"
"00_4_0000_0931_00","Profile Card","Jiren, Full Power","Jiren, Full Power (Profile Card)"
"00_4_0000_0940_00","Profile Card","Toppo","Toppo (Profile Card)"
"00_4_0000_0941_00","Profile Card","Toppo, God of Destruction","Toppo, God of Destruction (Profile Card)"
"00_4_0000_0950_00","Profile Card","Dyspo","Dyspo (Profile Card)"
"00_4_0000_1000_00","Profile Card","Champa","Champa (Profile Card)"
"00_4_0000_1190_00","Profile Card","Bergamo","Bergamo (Profile Card)"
"00_4_0000_1321_00","Profile Card","Ribrianne","Ribrianne (Profile Card)"
"00_4_0000_1331_00","Profile Card","Kakunsa","Kakunsa (Profile Card)"
"00_4_0000_1341_00","Profile Card","Roasie","Roasie (Profile Card)"
"00_4_0000_1500_00","Profile Card","Anilaza","Anilaza (Profile Card)"
"00_4_0000_1960_00","Profile Card","Cheelai","Cheelai (Profile Card)"
"00_4_0000_3050_00","Profile Card","Goku (Mini)","Goku (Mini) (Profile Card)"
"00_4_0001","Profile Card Set","","00_4_0001"
"00_4_0001_1341_00","Profile Card","Roasie","Roasie (Profile Card)"
"00_4_0002","Profile Card Set","","00_4_0002"
"00_4_0003","Profile Card Set","","00_4_0003"
"00_4_0004","Profile Card Set","","00_4_0004"
"00_4_0005","Profile Card Set","","00_4_0005"
"00_4_0006","Profile Card Set","","00_4_0006"
"00_4_0007","Profile Card Set","","00_4_0007"
"00_4_0008","Profile Card Set","","00_4_0008"
"00_4_0008_0130_00","Profile Card","Videl","Videl (Profile Card)"
"00_4_0008_0141_00","Profile Card","Master Roshi, Max Power","Master Roshi, Max Power (Profile Card)"
"00_4_0008_0170_00","Profile Card","Majin Buu","Majin Buu (Profile Card)"
"00_4_0009","Profile Card Set","","00_4_0009"
"00_4_0010","Profile Card Set","","00_4_0010"
"00_4_0011","Profile Card Set","","00_4_0011"
"00_4_0011_0330_00","Profile Card","Saibaman","Saibaman (Profile Card)"
"00_4_0012","Profile Card Set","","00_4_0012"
"00_4_0013","Profile Card Set","","00_4_0013"
"00_4_0013_0002_30","Profile Card","Goku (GT)","Goku (GT) (Profile Card)"
"00_4_0013_0002_50","Profile Card","Goku (Teen)","Goku (Teen) (Profile Card)"
"00_4_0013_0020_50","Profile Card","Vegeta (GT), Super Saiyan 4","Vegeta (GT), Super Saiyan 4 (Profile Card)"
"00_4_0013_0030_00","Profile Card","Gohan (Kid)","Gohan (Kid) (Profile Card)"
"00_4_0013_0032_20","Profile Card","Ultimate Gohan","Ultimate Gohan (Profile Card)"
"00_4_0013_0040_00","Profile Card","Piccolo","Piccolo (Profile Card)"
"00_4_0013_0110_02","Profile Card","Gogeta (GT), Super Saiyan 4","Gogeta (GT), Super Saiyan 4 (Profile Card)"
"00_4_0013_0110_04","Profile Card","Super Gogeta (Z) ","Super Gogeta (Z)  (Profile Card)"
"00_4_0013_0120_00","Profile Card","Gotenks","Gotenks (Profile Card)"
"00_4_0013_0150_00","Profile Card","Frieza (Z), 1st Form","Frieza (Z), 1st Form (Profile Card)"
"00_4_0013_0152_00","Profile Card","Frieza (Z), 3rd Form","Frieza (Z), 3rd Form (Profile Card)"
"00_4_0013_0700_00","Profile Card","Syn Shenron (GT)","Syn Shenron (GT) (Profile Card)"
"00_4_0013_0811_00","Profile Card","Fused Zamasu, Half-Corrupted","Fused Zamasu, Half-Corrupted (Profile Card)"
"00_4_0014","Profile Card Set","","00_4_0014"
"00_4_0015","Profile Card Set","","00_4_0015"
"00_4_0015_0023_00","Profile Card","Great Ape Vegeta","Great Ape Vegeta (Profile Card)"
"00_4_0015_0170_00","Profile Card","Majin Buu","Majin Buu (Profile Card)"
"00_4_0015_0570_00","Profile Card","Dr. Wheelo","Dr. Wheelo (Profile Card)"
"00_4_0015_0650_00","Profile Card","Janemba","Janemba (Profile Card)"
"00_4_0015_0670_00","Profile Card","Hirudegarn","Hirudegarn (Profile Card)"
"00_4_0015_0681_00","Profile Card","Great Ape Baby (GT)","Great Ape Baby (GT) (Profile Card)"
"00_4_0015_0811_00","Profile Card","Fused Zamasu, Half-Corrupted","Fused Zamasu, Half-Corrupted (Profile Card)"
"00_4_0016","Profile Card Set","","00_4_0016"
"00_4_0016_0020_30","Profile Card","Vegeta (Z - End)","Vegeta (Z - End) (Profile Card)"
"00_4_0016_0100_02","Profile Card","Vegito, Super Saiyan God Super Saiyan","Vegito, Super Saiyan God Super Saiyan (Profile Card)"
"00_4_0016_0151_00","Profile Card","Frieza (Z), 2nd Form","Frieza (Z), 2nd Form (Profile Card)"
"00_4_0016_0152_00","Profile Card","Frieza (Z), 3rd Form","Frieza (Z), 3rd Form (Profile Card)"
"00_4_0016_0340_00","Profile Card","Nappa","Nappa (Profile Card)"
"00_4_0017","Profile Card Set","","00_4_0017"
"00_4_0017_0000_40","Profile Card","Goku (Super)","Goku (Super) (Profile Card)"
"00_4_0017_0020_00","Profile Card","Vegeta (Z - Scouter)","Vegeta (Z - Scouter) (Profile Card)"
"00_4_0017_0020_50","Profile Card","Vegeta (GT), Super Saiyan 4","Vegeta (GT), Super Saiyan 4 (Profile Card)"
"00_4_0017_0040_20","Profile Card","Nail","Nail (Profile Card)"
"00_4_0017_0060_00","Profile Card","Yamcha","Yamcha (Profile Card)"
"00_4_0017_0080_00","Profile Card","Trunks (Sword)","Trunks (Sword) (Profile Card)"
"00_4_0017_0110_02","Profile Card","Gogeta (GT), Super Saiyan 4","Gogeta (GT), Super Saiyan 4 (Profile Card)"
"00_4_0017_0130_00","Profile Card","Videl","Videl (Profile Card)"
"00_4_0017_0141_00","Profile Card","Master Roshi, Max Power","Master Roshi, Max Power (Profile Card)"
"00_4_0017_0150_00","Profile Card","Frieza (Z), 1st Form","Frieza (Z), 1st Form (Profile Card)"
"00_4_0017_0500_00","Profile Card","Dabura","Dabura (Profile Card)"
"00_4_0017_0930_00","Profile Card","Jiren","Jiren (Profile Card)"
"00_4_0017_0941_00","Profile Card","Toppo, God of Destruction","Toppo, God of Destruction (Profile Card)"
"00_4_0018","Profile Card Set","","00_4_0018"
"00_4_0019","Profile Card Set","","00_4_0019"
"00_4_0019_0330_00","Profile Card","Saibaman","Saibaman (Profile Card)"
"00_4_0020","Profile Card Set","","00_4_0020"
"00_4_0020_0023_00","Profile Card","Great Ape Vegeta","Great Ape Vegeta (Profile Card)"
"00_4_0020_0570_00","Profile Card","Dr. Wheelo","Dr. Wheelo (Profile Card)"
"00_4_0020_0650_00","Profile Card","Janemba","Janemba (Profile Card)"
"00_4_0020_0670_00","Profile Card","Hirudegarn","Hirudegarn (Profile Card)"
"00_4_0020_0681_00","Profile Card","Great Ape Baby (GT)","Great Ape Baby (GT) (Profile Card)"
"00_4_0021","Profile Card Set","","00_4_0021"
"00_4_0021_0811_00","Profile Card","Fused Zamasu, Half-Corrupted","Fused Zamasu, Half-Corrupted (Profile Card)"
"00_4_0022","Profile Card Set","","00_4_0022"
"00_4_0022_0130_00","Profile Card","Videl","Videl (Profile Card)"
"00_4_0023","Profile Card Set","","00_4_0023"
"00_4_0023_0090_00","Profile Card","Goten","Goten (Profile Card)"
"00_4_0024","Profile Card Set","","00_4_0024"
"00_4_0024_0330_00","Profile Card","Saibaman","Saibaman (Profile Card)"
"00_4_0025","Profile Card Set","","00_4_0025"
"00_4_0025_0151_00","Profile Card","Frieza (Z), 2nd Form","Frieza (Z), 2nd Form (Profile Card)"
"00_4_0025_0700_00","Profile Card","Syn Shenron (GT)","Syn Shenron (GT) (Profile Card)"
"00_4_0026","Profile Card Set","","00_4_0026"
"00_4_0026_0150_00","Profile Card","Frieza (Z), 1st Form","Frieza (Z), 1st Form (Profile Card)"
"00_4_0026_0151_00","Profile Card","Frieza (Z), 2nd Form","Frieza (Z), 2nd Form (Profile Card)"
"00_4_0026_0152_00","Profile Card","Frieza (Z), 3rd Form","Frieza (Z), 3rd Form (Profile Card)"
"00_4_0026_0810_00","Profile Card","Zamasu","Zamasu (Profile Card)"
"00_4_0027","Profile Card Set","","00_4_0027"
"00_4_0027_0110_02","Profile Card","Gogeta (GT), Super Saiyan 4","Gogeta (GT), Super Saiyan 4 (Profile Card)"
"00_4_0027_0810_00","Profile Card","Zamasu","Zamasu (Profile Card)"
"00_4_0027_0811_00","Profile Card","Fused Zamasu, Half-Corrupted","Fused Zamasu, Half-Corrupted (Profile Card)"
"00_4_0028","Profile Card Set","","00_4_0028"
"00_4_0029","Profile Card Set","","00_4_0029"
"00_4_0029_0000_40","Profile Card","Goku (Super)","Goku (Super) (Profile Card)"
"00_4_0029_0170_00","Profile Card","Majin Buu","Majin Buu (Profile Card)"
"00_4_0030","Profile Card Set","","00_4_0030"
"00_4_0030_0002_30","Profile Card","Goku (GT)","Goku (GT) (Profile Card)"
"00_4_0030_0040_00","Profile Card","Piccolo","Piccolo (Profile Card)"
"00_4_0030_0060_00","Profile Card","Yamcha","Yamcha (Profile Card)"
"00_4_0030_0081_20","Profile Card","Super Trunks","Super Trunks (Profile Card)"
"00_4_0030_0110_04","Profile Card","Super Gogeta (Z) ","Super Gogeta (Z)  (Profile Card)"
"00_4_0030_0130_00","Profile Card","Videl","Videl (Profile Card)"
"00_4_0030_0141_00","Profile Card","Master Roshi, Max Power","Master Roshi, Max Power (Profile Card)"
"00_4_0031","Profile Card Set","","00_4_0031"
"00_4_0032","Profile Card Set","","00_4_0032"
"00_4_0032_0023_00","Profile Card","Great Ape Vegeta","Great Ape Vegeta (Profile Card)"
"00_4_0032_0150_00","Profile Card","Frieza (Z), 1st Form","Frieza (Z), 1st Form (Profile Card)"
"00_4_0032_0151_00","Profile Card","Frieza (Z), 2nd Form","Frieza (Z), 2nd Form (Profile Card)"
"00_4_0032_0340_00","Profile Card","Nappa","Nappa (Profile Card)"
"00_4_0032_0681_00","Profile Card","Great Ape Baby (GT)","Great Ape Baby (GT) (Profile Card)"
"00_4_0032_0810_01","Profile Card","Fused Zamasu","Fused Zamasu (Profile Card)"
"00_4_0032_0811_00","Profile Card","Fused Zamasu, Half-Corrupted","Fused Zamasu, Half-Corrupted (Profile Card)"
"00_4_0033","Profile Card Set","","00_4_0033"
"00_4_0034","Profile Card Set","","00_4_0034"
"00_4_0034_0040_20","Profile Card","Nail","Nail (Profile Card)"
"00_4_0034_0141_00","Profile Card","Master Roshi, Max Power","Master Roshi, Max Power (Profile Card)"
"00_4_1000_0000_00","Profile Card","Goku (Z - Early)","Goku (Z - Early) (Profile Card)"
"00_4_1000_0000_10","Profile Card","Goku (Z - Mid)","Goku (Z - Mid) (Profile Card)"
"00_4_1000_0000_11","Profile Card","Goku (Z - Mid), Super Saiyan","Goku (Z - Mid), Super Saiyan (Profile Card)"
"00_4_1000_0000_20","Profile Card","Goku (Z - End)","Goku (Z - End) (Profile Card)"
"00_4_1000_0000_21","Profile Card","Goku (Z - End), Super Saiyan","Goku (Z - End), Super Saiyan (Profile Card)"
"00_4_1000_0000_22","Profile Card","Goku (Z - End), Super Saiyan 2","Goku (Z - End), Super Saiyan 2 (Profile Card)"
"00_4_1000_0000_23","Profile Card","Goku (Z - End), Super Saiyan 3","Goku (Z - End), Super Saiyan 3 (Profile Card)"
"00_4_1000_0000_33","Profile Card","Goku (GT), Super Saiyan 4","Goku (GT), Super Saiyan 4 (Profile Card)"
"00_4_1000_0000_40","Profile Card","Goku (Super)","Goku (Super) (Profile Card)"
"00_4_1000_0000_41","Profile Card","Goku (Super), Super Saiyan","Goku (Super), Super Saiyan (Profile Card)"
"00_4_1000_0000_43","Profile Card","Goku (Super), Super Saiyan God Super Saiyan","Goku (Super), Super Saiyan God Super Saiyan (Profile Card)"
"00_4_1000_0000_50","Profile Card","Goku (Super), Ultra Instinct -Sign-","Goku (Super), Ultra Instinct -Sign- (Profile Card)"
"00_4_1000_0000_51","Profile Card","Goku (Super), Ultra Instinct","Goku (Super), Ultra Instinct (Profile Card)"
"00_4_1000_0001_42","Profile Card","Goku (Super), Super Saiyan God","Goku (Super), Super Saiyan God (Profile Card)"
"00_4_1000_0002_30","Profile Card","Goku (GT)","Goku (GT) (Profile Card)"
"00_4_1000_0002_31","Profile Card","Goku (GT), Super Saiyan","Goku (GT), Super Saiyan (Profile Card)"
"00_4_1000_0002_32","Profile Card","Goku (GT), Super Saiyan 3","Goku (GT), Super Saiyan 3 (Profile Card)"
"00_4_1000_0002_50","Profile Card","Goku (Teen)","Goku (Teen) (Profile Card)"
"00_4_1000_0020_00","Profile Card","Vegeta (Z - Scouter)","Vegeta (Z - Scouter) (Profile Card)"
"00_4_1000_0020_10","Profile Card","Vegeta (Z - Early)","Vegeta (Z - Early) (Profile Card)"
"00_4_1000_0020_11","Profile Card","Vegeta (Z - Early), Super Saiyan","Vegeta (Z - Early), Super Saiyan (Profile Card)"
"00_4_1000_0020_30","Profile Card","Vegeta (Z - End)","Vegeta (Z - End) (Profile Card)"
"00_4_1000_0020_31","Profile Card","Vegeta (Z - End), Super Saiyan","Vegeta (Z - End), Super Saiyan (Profile Card)"
"00_4_1000_0020_32","Profile Card","Vegeta (Z - End), Super Saiyan 2","Vegeta (Z - End), Super Saiyan 2 (Profile Card)"
"00_4_1000_0020_40","Profile Card","Majin Vegeta","Majin Vegeta (Profile Card)"
"00_4_1000_0020_50","Profile Card","Vegeta (GT), Super Saiyan 4","Vegeta (GT), Super Saiyan 4 (Profile Card)"
"00_4_1000_0020_60","Profile Card","Vegeta (Super)","Vegeta (Super) (Profile Card)"
"00_4_1000_0020_61","Profile Card","Vegeta (Super), Super Saiyan","Vegeta (Super), Super Saiyan (Profile Card)"
"00_4_1000_0020_63","Profile Card","Vegeta (Super), Super Saiyan God Super Saiyan","Vegeta (Super), Super Saiyan God Super Saiyan (Profile Card)"
"00_4_1000_0021_20","Profile Card","Super Vegeta","Super Vegeta (Profile Card)"
"00_4_1000_0022_62","Profile Card","Vegeta (Super), Super Saiyan God","Vegeta (Super), Super Saiyan God (Profile Card)"
"00_4_1000_0023_00","Profile Card","Great Ape Vegeta","Great Ape Vegeta (Profile Card)"
"00_4_1000_0030_00","Profile Card","Gohan (Kid)","Gohan (Kid) (Profile Card)"
"00_4_1000_0031_00","Profile Card","Gohan (Teen)","Gohan (Teen) (Profile Card)"
"00_4_1000_0031_01","Profile Card","Gohan (Teen), Super Saiyan","Gohan (Teen), Super Saiyan (Profile Card)"
"00_4_1000_0031_02","Profile Card","Gohan (Teen), Super Saiyan 2","Gohan (Teen), Super Saiyan 2 (Profile Card)"
"00_4_1000_0032_00","Profile Card","Gohan (Adult)","Gohan (Adult) (Profile Card)"
"00_4_1000_0032_01","Profile Card","Gohan (Adult), Super Saiyan","Gohan (Adult), Super Saiyan (Profile Card)"
"00_4_1000_0032_02","Profile Card","Gohan (Adult), Super Saiyan 2","Gohan (Adult), Super Saiyan 2 (Profile Card)"
"00_4_1000_0032_10","Profile Card","Great Saiyaman","Great Saiyaman (Profile Card)"
"00_4_1000_0032_20","Profile Card","Ultimate Gohan","Ultimate Gohan (Profile Card)"
"00_4_1000_0032_30","Profile Card","Gohan (Future)","Gohan (Future) (Profile Card)"
"00_4_1000_0032_31","Profile Card","Gohan (Future), Super Saiyan","Gohan (Future), Super Saiyan (Profile Card)"
"00_4_1000_0040_00","Profile Card","Piccolo","Piccolo (Profile Card)"
"00_4_1000_0040_10","Profile Card","Piccolo (Fused with Kami)","Piccolo (Fused with Kami) (Profile Card)"
"00_4_1000_0040_20","Profile Card","Nail","Nail (Profile Card)"
"00_4_1000_0050_00","Profile Card","Krillin","Krillin (Profile Card)"
"00_4_1000_0060_00","Profile Card","Yamcha","Yamcha (Profile Card)"
"00_4_1000_0070_00","Profile Card","Tien","Tien (Profile Card)"
"00_4_1000_0080_00","Profile Card","Trunks (Sword)","Trunks (Sword) (Profile Card)"
"00_4_1000_0080_01","Profile Card","Trunks (Sword), Super Saiyan","Trunks (Sword), Super Saiyan (Profile Card)"
"00_4_1000_0080_10","Profile Card","Trunks (Melee)","Trunks (Melee) (Profile Card)"
"00_4_1000_0080_11","Profile Card","Trunks (Melee), Super Saiyan","Trunks (Melee), Super Saiyan (Profile Card)"
"00_4_1000_0080_30","Profile Card","Future Trunks","Future Trunks (Profile Card)"
"00_4_1000_0080_31","Profile Card","Future Trunks, Super Saiyan","Future Trunks, Super Saiyan (Profile Card)"
"00_4_1000_0081_20","Profile Card","Super Trunks","Super Trunks (Profile Card)"
"00_4_1000_0082_00","Profile Card","Trunks (Kid)","Trunks (Kid) (Profile Card)"
"00_4_1000_0082_01","Profile Card","Trunks (Kid), Super Saiyan","Trunks (Kid), Super Saiyan (Profile Card)"
"00_4_1000_0090_00","Profile Card","Goten","Goten (Profile Card)"
"00_4_1000_0090_01","Profile Card","Goten, Super Saiyan","Goten, Super Saiyan (Profile Card)"
"00_4_1000_0100_00","Profile Card","Vegito","Vegito (Profile Card)"
"00_4_1000_0100_01","Profile Card","Super Vegito","Super Vegito (Profile Card)"
"00_4_1000_0100_02","Profile Card","Vegito, Super Saiyan God Super Saiyan","Vegito, Super Saiyan God Super Saiyan (Profile Card)"
"00_4_1000_0110_00","Profile Card","Gogeta (Super)","Gogeta (Super) (Profile Card)"
"00_4_1000_0110_01","Profile Card","Gogeta (Super), Super Saiyan","Gogeta (Super), Super Saiyan (Profile Card)"
"00_4_1000_0110_02","Profile Card","Gogeta (GT), Super Saiyan 4","Gogeta (GT), Super Saiyan 4 (Profile Card)"
"00_4_1000_0110_03","Profile Card","Gogeta (Super), Super Saiyan God Super Saiyan","Gogeta (Super), Super Saiyan God Super Saiyan (Profile Card)"
"00_4_1000_0110_04","Profile Card","Super Gogeta (Z) ","Super Gogeta (Z)  (Profile Card)"
"00_4_1000_0120_00","Profile Card","Gotenks","Gotenks (Profile Card)"
"00_4_1000_0120_01","Profile Card","Gotenks, Super Saiyan","Gotenks, Super Saiyan (Profile Card)"
"00_4_1000_0120_02","Profile Card","Gotenks, Super Saiyan 3","Gotenks, Super Saiyan 3 (Profile Card)"
"00_4_1000_0121_00","Profile Card","Mighty Mask","Mighty Mask (Profile Card)"
"00_4_1000_0130_00","Profile Card","Videl","Videl (Profile Card)"
"00_4_1000_0140_00","Profile Card","Master Roshi","Master Roshi (Profile Card)"
"00_4_1000_0141_00","Profile Card","Master Roshi, Max Power","Master Roshi, Max Power (Profile Card)"
"00_4_1000_0150_00","Profile Card","Frieza (Z), 1st Form","Frieza (Z), 1st Form (Profile Card)"
"00_4_1000_0151_00","Profile Card","Frieza (Z), 2nd Form","Frieza (Z), 2nd Form (Profile Card)"
"00_4_1000_0152_00","Profile Card","Frieza (Z), 3rd Form","Frieza (Z), 3rd Form (Profile Card)"
"00_4_1000_0153_00","Profile Card","Frieza (Z), 4th Form","Frieza (Z), 4th Form (Profile Card)"
"00_4_1000_0153_10","Profile Card","Mecha Frieza","Mecha Frieza (Profile Card)"
"00_4_1000_0153_20","Profile Card","Frieza (Super)","Frieza (Super) (Profile Card)"
"00_4_1000_0154_00","Profile Card","Frieza (Z), Full Power","Frieza (Z), Full Power (Profile Card)"
"00_4_1000_0155_00","Profile Card","Golden Frieza","Golden Frieza (Profile Card)"
"00_4_1000_0160_00","Profile Card","Cell, 1st Form","Cell, 1st Form (Profile Card)"
"00_4_1000_0161_00","Profile Card","Cell, 2nd Form","Cell, 2nd Form (Profile Card)"
"00_4_1000_0162_00","Profile Card","Cell, Perfect Form","Cell, Perfect Form (Profile Card)"
"00_4_1000_0162_01","Profile Card","Perfect Cell","Perfect Cell (Profile Card)"
"00_4_1000_0163_00","Profile Card","Cell Jr.","Cell Jr. (Profile Card)"
"00_4_1000_0170_00","Profile Card","Majin Buu","Majin Buu (Profile Card)"
"00_4_1000_0171_00","Profile Card","Majin Buu (Evil)","Majin Buu (Evil) (Profile Card)"
"00_4_1000_0172_00","Profile Card","Super Buu","Super Buu (Profile Card)"
"00_4_1000_0172_10","Profile Card","Super Buu (Gotenks Absorbed)","Super Buu (Gotenks Absorbed) (Profile Card)"
"00_4_1000_0172_11","Profile Card","Super Buu (Gohan Absorbed)","Super Buu (Gohan Absorbed) (Profile Card)"
"00_4_1000_0173_00","Profile Card","Kid Buu","Kid Buu (Profile Card)"
"00_4_1000_0180_00","Profile Card","Mr. Satan","Mr. Satan (Profile Card)"
"00_4_1000_0190_00","Profile Card","Chiaotzu","Chiaotzu (Profile Card)"
"00_4_1000_0210_00","Profile Card","Yajirobe","Yajirobe (Profile Card)"
"00_4_1000_0220_00","Profile Card","Pikkon","Pikkon (Profile Card)"
"00_4_1000_0230_00","Profile Card","Pan (GT)","Pan (GT) (Profile Card)"
"00_4_1000_0240_00","Profile Card","Uub (GT)","Uub (GT) (Profile Card)"
"00_4_1000_0240_01","Profile Card","Majuub (GT)","Majuub (GT) (Profile Card)"
"00_4_1000_0260_00","Profile Card","Grandpa Gohan","Grandpa Gohan (Profile Card)"
"00_4_1000_0270_00","Profile Card","Nam","Nam (Profile Card)"
"00_4_1000_0280_00","Profile Card","Eighter","Eighter (Profile Card)"
"00_4_1000_0301_00","Profile Card","Chi-Chi","Chi-Chi (Profile Card)"
"00_4_1000_0310_00","Profile Card","Bardock","Bardock (Profile Card)"
"00_4_1000_0320_00","Profile Card","Raditz","Raditz (Profile Card)"
"00_4_1000_0330_00","Profile Card","Saibaman","Saibaman (Profile Card)"
"00_4_1000_0340_00","Profile Card","Nappa","Nappa (Profile Card)"
"00_4_1000_0350_00","Profile Card","Zarbon","Zarbon (Profile Card)"
"00_4_1000_0351_00","Profile Card","Super Zarbon","Super Zarbon (Profile Card)"
"00_4_1000_0360_00","Profile Card","Dodoria","Dodoria (Profile Card)"
"00_4_1000_0370_00","Profile Card","Cui","Cui (Profile Card)"
"00_4_1000_0380_00","Profile Card","Captain Ginyu","Captain Ginyu (Profile Card)"
"00_4_1000_0390_00","Profile Card","Recoome","Recoome (Profile Card)"
"00_4_1000_0400_00","Profile Card","Burter","Burter (Profile Card)"
"00_4_1000_0410_00","Profile Card","Jeice","Jeice (Profile Card)"
"00_4_1000_0420_00","Profile Card","Guldo","Guldo (Profile Card)"
"00_4_1000_0430_00","Profile Card","King Cold","King Cold (Profile Card)"
"00_4_1000_0440_00","Profile Card","Android 16","Android 16 (Profile Card)"
"00_4_1000_0450_00","Profile Card","Android 17 (Z)","Android 17 (Z) (Profile Card)"
"00_4_1000_0450_10","Profile Card","Android 17 (Super)","Android 17 (Super) (Profile Card)"
"00_4_1000_0451_00","Profile Card","Super 17 (GT)","Super 17 (GT) (Profile Card)"
"00_4_1000_0460_00","Profile Card","Android 18","Android 18 (Profile Card)"
"00_4_1000_0470_00","Profile Card","Android 19","Android 19 (Profile Card)"
"00_4_1000_0480_00","Profile Card","Dr. Gero","Dr. Gero (Profile Card)"
"00_4_1000_0490_00","Profile Card","Babidi","Babidi (Profile Card)"
"00_4_1000_0500_00","Profile Card","Dabura","Dabura (Profile Card)"
"00_4_1000_0510_00","Profile Card","King Vegeta","King Vegeta (Profile Card)"
"00_4_1000_0540_00","Profile Card","Frieza Force Soldier","Frieza Force Soldier (Profile Card)"
"00_4_1000_0550_00","Profile Card","Broly (Z)","Broly (Z) (Profile Card)"
"00_4_1000_0551_00","Profile Card","Broly (Z), Super Saiyan","Broly (Z), Super Saiyan (Profile Card)"
"00_4_1000_0552_00","Profile Card","Broly (Z), Legendary Super Saiyan","Broly (Z), Legendary Super Saiyan (Profile Card)"
"00_4_1000_0553_00","Profile Card","Broly (Super)","Broly (Super) (Profile Card)"
"00_4_1000_0554_00","Profile Card","Broly (Super), Super Saiyan","Broly (Super), Super Saiyan (Profile Card)"
"00_4_1000_0555_00","Profile Card","Broly (Super), Super Saiyan (Full Power)","Broly (Super), Super Saiyan (Full Power) (Profile Card)"
"00_4_1000_0561_00","Profile Card","Super Garlic Jr.","Super Garlic Jr. (Profile Card)"
"00_4_1000_0570_00","Profile Card","Dr. Wheelo","Dr. Wheelo (Profile Card)"
"00_4_1000_0580_00","Profile Card","Turles","Turles (Profile Card)"
"00_4_1000_0590_00","Profile Card","Lord Slug","Lord Slug (Profile Card)"
"00_4_1000_0591_00","Profile Card","Lord Slug, Giant Form","Lord Slug, Giant Form (Profile Card)"
"00_4_1000_0600_00","Profile Card","Cooler","Cooler (Profile Card)"
"00_4_1000_0600_10","Profile Card","Metal Cooler","Metal Cooler (Profile Card)"
"00_4_1000_0601_00","Profile Card","Cooler, Final Form","Cooler, Final Form (Profile Card)"
"00_4_1000_0610_00","Profile Card","Salza","Salza (Profile Card)"
"00_4_1000_0620_00","Profile Card","Android 13","Android 13 (Profile Card)"
"00_4_1000_0621_00","Profile Card","Fusion Android 13","Fusion Android 13 (Profile Card)"
"00_4_1000_0630_00","Profile Card","Bojack","Bojack (Profile Card)"
"00_4_1000_0631_00","Profile Card","Full-Power Bojack","Full-Power Bojack (Profile Card)"
"00_4_1000_0640_00","Profile Card","Zangya","Zangya (Profile Card)"
"00_4_1000_0650_00","Profile Card","Janemba","Janemba (Profile Card)"
"00_4_1000_0651_00","Profile Card","Super Janemba","Super Janemba (Profile Card)"
"00_4_1000_0660_00","Profile Card","Tapion","Tapion (Profile Card)"
"00_4_1000_0670_00","Profile Card","Hirudegarn","Hirudegarn (Profile Card)"
"00_4_1000_0680_00","Profile Card","Baby Vegeta (GT)","Baby Vegeta (GT) (Profile Card)"
"00_4_1000_0680_01","Profile Card","Super Baby 1 (GT)","Super Baby 1 (GT) (Profile Card)"
"00_4_1000_0680_02","Profile Card","Super Baby 2 (GT)","Super Baby 2 (GT) (Profile Card)"
"00_4_1000_0681_00","Profile Card","Great Ape Baby (GT)","Great Ape Baby (GT) (Profile Card)"
"00_4_1000_0690_00","Profile Card","Nuova Shenron (GT)","Nuova Shenron (GT) (Profile Card)"
"00_4_1000_0700_00","Profile Card","Syn Shenron (GT)","Syn Shenron (GT) (Profile Card)"
"00_4_1000_0700_01","Profile Card","Omega Shenron (GT)","Omega Shenron (GT) (Profile Card)"
"00_4_1000_0710_00","Profile Card","Mercenary Tao","Mercenary Tao (Profile Card)"
"00_4_1000_0720_00","Profile Card","General Blue","General Blue (Profile Card)"
"00_4_1000_0730_00","Profile Card","Spike the Devil Man","Spike the Devil Man (Profile Card)"
"00_4_1000_0760_00","Profile Card","Spopovich","Spopovich (Profile Card)"
"00_4_1000_0780_00","Profile Card","Beerus","Beerus (Profile Card)"
"00_4_1000_0790_00","Profile Card","Whis","Whis (Profile Card)"
"00_4_1000_0800_00","Profile Card","Goku Black","Goku Black (Profile Card)"
"00_4_1000_0800_01","Profile Card","Goku Black, Super Saiyan Rosé","Goku Black, Super Saiyan Rosé (Profile Card)"
"00_4_1000_0810_00","Profile Card","Zamasu","Zamasu (Profile Card)"
"00_4_1000_0810_01","Profile Card","Fused Zamasu","Fused Zamasu (Profile Card)"
"00_4_1000_0811_00","Profile Card","Fused Zamasu, Half-Corrupted","Fused Zamasu, Half-Corrupted (Profile Card)"
"00_4_1000_0820_00","Profile Card","Demon King Piccolo","Demon King Piccolo (Profile Card)"
"00_4_1000_0830_00","Profile Card","Jaco","Jaco (Profile Card)"
"00_4_1000_0870_00","Profile Card","Hit","Hit (Profile Card)"
"00_4_1000_0881_00","Profile Card","Frost","Frost (Profile Card)"
"00_4_1000_0890_00","Profile Card","Cabba","Cabba (Profile Card)"
"00_4_1000_0890_01","Profile Card","Cabba, Super Saiyan","Cabba, Super Saiyan (Profile Card)"
"00_4_1000_0890_02","Profile Card","Cabba, Super Saiyan 2","Cabba, Super Saiyan 2 (Profile Card)"
"00_4_1000_0900_00","Profile Card","Caulifla","Caulifla (Profile Card)"
"00_4_1000_0900_02","Profile Card","Caulifla, Super Saiyan 2","Caulifla, Super Saiyan 2 (Profile Card)"
"00_4_1000_0910_00","Profile Card","Kale","Kale (Profile Card)"
"00_4_1000_0911_00","Profile Card","Kale, Super Saiyan (Berserk)","Kale, Super Saiyan (Berserk) (Profile Card)"
"00_4_1000_0912_00","Profile Card","Kale, Super Saiyan","Kale, Super Saiyan (Profile Card)"
"00_4_1000_0920_00","Profile Card","Kefla","Kefla (Profile Card)"
"00_4_1000_0920_01","Profile Card","Kefla, Super Saiyan","Kefla, Super Saiyan (Profile Card)"
"00_4_1000_0920_02","Profile Card","Kefla, Super Saiyan 2","Kefla, Super Saiyan 2 (Profile Card)"
"00_4_1000_0930_00","Profile Card","Jiren","Jiren (Profile Card)"
"00_4_1000_0931_00","Profile Card","Jiren, Full Power","Jiren, Full Power (Profile Card)"
"00_4_1000_0940_00","Profile Card","Toppo","Toppo (Profile Card)"
"00_4_1000_0941_00","Profile Card","Toppo, God of Destruction","Toppo, God of Destruction (Profile Card)"
"00_4_1000_0950_00","Profile Card","Dyspo","Dyspo (Profile Card)"
"00_4_1000_1000_00","Profile Card","Champa","Champa (Profile Card)"
"00_4_1000_1190_00","Profile Card","Bergamo","Bergamo (Profile Card)"
"00_4_1000_1321_00","Profile Card","Ribrianne","Ribrianne (Profile Card)"
"00_4_1000_1331_00","Profile Card","Kakunsa","Kakunsa (Profile Card)"
"00_4_1000_1341_00","Profile Card","Roasie","Roasie (Profile Card)"
"00_4_1000_1500_00","Profile Card","Anilaza","Anilaza (Profile Card)"
"00_4_1000_1960_00","Profile Card","Cheelai","Cheelai (Profile Card)"
"00_4_1000_3050_00","Profile Card","Goku (Mini)","Goku (Mini) (Profile Card)"
"00_4_1001_0000_00","Profile Card","Goku (Z - Early)","Goku (Z - Early) (Profile Card)"
"00_4_1001_0000_10","Profile Card","Goku (Z - Mid)","Goku (Z - Mid) (Profile Card)"
"00_4_1001_0000_11","Profile Card","Goku (Z - Mid), Super Saiyan","Goku (Z - Mid), Super Saiyan (Profile Card)"
"00_4_1001_0000_20","Profile Card","Goku (Z - End)","Goku (Z - End) (Profile Card)"
"00_4_1001_0000_21","Profile Card","Goku (Z - End), Super Saiyan","Goku (Z - End), Super Saiyan (Profile Card)"
"00_4_1001_0000_22","Profile Card","Goku (Z - End), Super Saiyan 2","Goku (Z - End), Super Saiyan 2 (Profile Card)"
"00_4_1001_0000_23","Profile Card","Goku (Z - End), Super Saiyan 3","Goku (Z - End), Super Saiyan 3 (Profile Card)"
"00_4_1001_0000_33","Profile Card","Goku (GT), Super Saiyan 4","Goku (GT), Super Saiyan 4 (Profile Card)"
"00_4_1001_0000_40","Profile Card","Goku (Super)","Goku (Super) (Profile Card)"
"00_4_1001_0000_41","Profile Card","Goku (Super), Super Saiyan","Goku (Super), Super Saiyan (Profile Card)"
"00_4_1001_0000_43","Profile Card","Goku (Super), Super Saiyan God Super Saiyan","Goku (Super), Super Saiyan God Super Saiyan (Profile Card)"
"00_4_1001_0000_50","Profile Card","Goku (Super), Ultra Instinct -Sign-","Goku (Super), Ultra Instinct -Sign- (Profile Card)"
"00_4_1001_0000_51","Profile Card","Goku (Super), Ultra Instinct","Goku (Super), Ultra Instinct (Profile Card)"
"00_4_1001_0001_42","Profile Card","Goku (Super), Super Saiyan God","Goku (Super), Super Saiyan God (Profile Card)"
"00_4_1001_0002_30","Profile Card","Goku (GT)","Goku (GT) (Profile Card)"
"00_4_1001_0002_31","Profile Card","Goku (GT), Super Saiyan","Goku (GT), Super Saiyan (Profile Card)"
"00_4_1001_0002_32","Profile Card","Goku (GT), Super Saiyan 3","Goku (GT), Super Saiyan 3 (Profile Card)"
"00_4_1001_0002_50","Profile Card","Goku (Teen)","Goku (Teen) (Profile Card)"
"00_4_1001_0020_00","Profile Card","Vegeta (Z - Scouter)","Vegeta (Z - Scouter) (Profile Card)"
"00_4_1001_0020_10","Profile Card","Vegeta (Z - Early)","Vegeta (Z - Early) (Profile Card)"
"00_4_1001_0020_11","Profile Card","Vegeta (Z - Early), Super Saiyan","Vegeta (Z - Early), Super Saiyan (Profile Card)"
"00_4_1001_0020_30","Profile Card","Vegeta (Z - End)","Vegeta (Z - End) (Profile Card)"
"00_4_1001_0020_31","Profile Card","Vegeta (Z - End), Super Saiyan","Vegeta (Z - End), Super Saiyan (Profile Card)"
"00_4_1001_0020_32","Profile Card","Vegeta (Z - End), Super Saiyan 2","Vegeta (Z - End), Super Saiyan 2 (Profile Card)"
"00_4_1001_0020_40","Profile Card","Majin Vegeta","Majin Vegeta (Profile Card)"
"00_4_1001_0020_50","Profile Card","Vegeta (GT), Super Saiyan 4","Vegeta (GT), Super Saiyan 4 (Profile Card)"
"00_4_1001_0020_60","Profile Card","Vegeta (Super)","Vegeta (Super) (Profile Card)"
"00_4_1001_0020_61","Profile Card","Vegeta (Super), Super Saiyan","Vegeta (Super), Super Saiyan (Profile Card)"
"00_4_1001_0020_63","Profile Card","Vegeta (Super), Super Saiyan God Super Saiyan","Vegeta (Super), Super Saiyan God Super Saiyan (Profile Card)"
"00_4_1001_0021_20","Profile Card","Super Vegeta","Super Vegeta (Profile Card)"
"00_4_1001_0022_62","Profile Card","Vegeta (Super), Super Saiyan God","Vegeta (Super), Super Saiyan God (Profile Card)"
"00_4_1001_0023_00","Profile Card","Great Ape Vegeta","Great Ape Vegeta (Profile Card)"
"00_4_1001_0030_00","Profile Card","Gohan (Kid)","Gohan (Kid) (Profile Card)"
"00_4_1001_0031_00","Profile Card","Gohan (Teen)","Gohan (Teen) (Profile Card)"
"00_4_1001_0031_01","Profile Card","Gohan (Teen), Super Saiyan","Gohan (Teen), Super Saiyan (Profile Card)"
"00_4_1001_0031_02","Profile Card","Gohan (Teen), Super Saiyan 2","Gohan (Teen), Super Saiyan 2 (Profile Card)"
"00_4_1001_0032_00","Profile Card","Gohan (Adult)","Gohan (Adult) (Profile Card)"
"00_4_1001_0032_01","Profile Card","Gohan (Adult), Super Saiyan","Gohan (Adult), Super Saiyan (Profile Card)"
"00_4_1001_0032_02","Profile Card","Gohan (Adult), Super Saiyan 2","Gohan (Adult), Super Saiyan 2 (Profile Card)"
"00_4_1001_0032_10","Profile Card","Great Saiyaman","Great Saiyaman (Profile Card)"
"00_4_1001_0032_20","Profile Card","Ultimate Gohan","Ultimate Gohan (Profile Card)"
"00_4_1001_0032_30","Profile Card","Gohan (Future)","Gohan (Future) (Profile Card)"
"00_4_1001_0032_31","Profile Card","Gohan (Future), Super Saiyan","Gohan (Future), Super Saiyan (Profile Card)"
"00_4_1001_0040_00","Profile Card","Piccolo","Piccolo (Profile Card)"
"00_4_1001_0040_10","Profile Card","Piccolo (Fused with Kami)","Piccolo (Fused with Kami) (Profile Card)"
"00_4_1001_0040_20","Profile Card","Nail","Nail (Profile Card)"
"00_4_1001_0050_00","Profile Card","Krillin","Krillin (Profile Card)"
"00_4_1001_0060_00","Profile Card","Yamcha","Yamcha (Profile Card)"
"00_4_1001_0070_00","Profile Card","Tien","Tien (Profile Card)"
"00_4_1001_0080_00","Profile Card","Trunks (Sword)","Trunks (Sword) (Profile Card)"
"00_4_1001_0080_01","Profile Card","Trunks (Sword), Super Saiyan","Trunks (Sword), Super Saiyan (Profile Card)"
"00_4_1001_0080_10","Profile Card","Trunks (Melee)","Trunks (Melee) (Profile Card)"
"00_4_1001_0080_11","Profile Card","Trunks (Melee), Super Saiyan","Trunks (Melee), Super Saiyan (Profile Card)"
"00_4_1001_0080_30","Profile Card","Future Trunks","Future Trunks (Profile Card)"
"00_4_1001_0080_31","Profile Card","Future Trunks, Super Saiyan","Future Trunks, Super Saiyan (Profile Card)"
"00_4_1001_0081_20","Profile Card","Super Trunks","Super Trunks (Profile Card)"
"00_4_1001_0082_00","Profile Card","Trunks (Kid)","Trunks (Kid) (Profile Card)"
"00_4_1001_0082_01","Profile Card","Trunks (Kid), Super Saiyan","Trunks (Kid), Super Saiyan (Profile Card)"
"00_4_1001_0090_00","Profile Card","Goten","Goten (Profile Card)"
"00_4_1001_0090_01","Profile Card","Goten, Super Saiyan","Goten, Super Saiyan (Profile Card)"
"00_4_1001_0100_00","Profile Card","Vegito","Vegito (Profile Card)"
"00_4_1001_0100_01","Profile Card","Super Vegito","Super Vegito (Profile Card)"
"00_4_1001_0100_02","Profile Card","Vegito, Super Saiyan God Super Saiyan","Vegito, Super Saiyan God Super Saiyan (Profile Card)"
"00_4_1001_0110_00","Profile Card","Gogeta (Super)","Gogeta (Super) (Profile Card)"
"00_4_1001_0110_01","Profile Card","Gogeta (Super), Super Saiyan","Gogeta (Super), Super Saiyan (Profile Card)"
"00_4_1001_0110_02","Profile Card","Gogeta (GT), Super Saiyan 4","Gogeta (GT), Super Saiyan 4 (Profile Card)"
"00_4_1001_0110_03","Profile Card","Gogeta (Super), Super Saiyan God Super Saiyan","Gogeta (Super), Super Saiyan God Super Saiyan (Profile Card)"
"00_4_1001_0110_04","Profile Card","Super Gogeta (Z) ","Super Gogeta (Z)  (Profile Card)"
"00_4_1001_0120_00","Profile Card","Gotenks","Gotenks (Profile Card)"
"00_4_1001_0120_01","Profile Card","Gotenks, Super Saiyan","Gotenks, Super Saiyan (Profile Card)"
"00_4_1001_0120_02","Profile Card","Gotenks, Super Saiyan 3","Gotenks, Super Saiyan 3 (Profile Card)"
"00_4_1001_0121_00","Profile Card","Mighty Mask","Mighty Mask (Profile Card)"
"00_4_1001_0130_00","Profile Card","Videl","Videl (Profile Card)"
"00_4_1001_0140_00","Profile Card","Master Roshi","Master Roshi (Profile Card)"
"00_4_1001_0141_00","Profile Card","Master Roshi, Max Power","Master Roshi, Max Power (Profile Card)"
"00_4_1001_0150_00","Profile Card","Frieza (Z), 1st Form","Frieza (Z), 1st Form (Profile Card)"
"00_4_1001_0151_00","Profile Card","Frieza (Z), 2nd Form","Frieza (Z), 2nd Form (Profile Card)"
"00_4_1001_0152_00","Profile Card","Frieza (Z), 3rd Form","Frieza (Z), 3rd Form (Profile Card)"
"00_4_1001_0153_00","Profile Card","Frieza (Z), 4th Form","Frieza (Z), 4th Form (Profile Card)"
"00_4_1001_0153_10","Profile Card","Mecha Frieza","Mecha Frieza (Profile Card)"
"00_4_1001_0153_20","Profile Card","Frieza (Super)","Frieza (Super) (Profile Card)"
"00_4_1001_0154_00","Profile Card","Frieza (Z), Full Power","Frieza (Z), Full Power (Profile Card)"
"00_4_1001_0155_00","Profile Card","Golden Frieza","Golden Frieza (Profile Card)"
"00_4_1001_0160_00","Profile Card","Cell, 1st Form","Cell, 1st Form (Profile Card)"
"00_4_1001_0161_00","Profile Card","Cell, 2nd Form","Cell, 2nd Form (Profile Card)"
"00_4_1001_0162_00","Profile Card","Cell, Perfect Form","Cell, Perfect Form (Profile Card)"
"00_4_1001_0162_01","Profile Card","Perfect Cell","Perfect Cell (Profile Card)"
"00_4_1001_0163_00","Profile Card","Cell Jr.","Cell Jr. (Profile Card)"
"00_4_1001_0170_00","Profile Card","Majin Buu","Majin Buu (Profile Card)"
"00_4_1001_0171_00","Profile Card","Majin Buu (Evil)","Majin Buu (Evil) (Profile Card)"
"00_4_1001_0172_00","Profile Card","Super Buu","Super Buu (Profile Card)"
"00_4_1001_0172_10","Profile Card","Super Buu (Gotenks Absorbed)","Super Buu (Gotenks Absorbed) (Profile Card)"
"00_4_1001_0172_11","Profile Card","Super Buu (Gohan Absorbed)","Super Buu (Gohan Absorbed) (Profile Card)"
"00_4_1001_0173_00","Profile Card","Kid Buu","Kid Buu (Profile Card)"
"00_4_1001_0180_00","Profile Card","Mr. Satan","Mr. Satan (Profile Card)"
"00_4_1001_0190_00","Profile Card","Chiaotzu","Chiaotzu (Profile Card)"
"00_4_1001_0210_00","Profile Card","Yajirobe","Yajirobe (Profile Card)"
"00_4_1001_0220_00","Profile Card","Pikkon","Pikkon (Profile Card)"
"00_4_1001_0230_00","Profile Card","Pan (GT)","Pan (GT) (Profile Card)"
"00_4_1001_0240_00","Profile Card","Uub (GT)","Uub (GT) (Profile Card)"
"00_4_1001_0240_01","Profile Card","Majuub (GT)","Majuub (GT) (Profile Card)"
"00_4_1001_0260_00","Profile Card","Grandpa Gohan","Grandpa Gohan (Profile Card)"
"00_4_1001_0270_00","Profile Card","Nam","Nam (Profile Card)"
"00_4_1001_0280_00","Profile Card","Eighter","Eighter (Profile Card)"
"00_4_1001_0301_00","Profile Card","Chi-Chi","Chi-Chi (Profile Card)"
"00_4_1001_0310_00","Profile Card","Bardock","Bardock (Profile Card)"
"00_4_1001_0320_00","Profile Card","Raditz","Raditz (Profile Card)"
"00_4_1001_0330_00","Profile Card","Saibaman","Saibaman (Profile Card)"
"00_4_1001_0340_00","Profile Card","Nappa","Nappa (Profile Card)"
"00_4_1001_0350_00","Profile Card","Zarbon","Zarbon (Profile Card)"
"00_4_1001_0351_00","Profile Card","Super Zarbon","Super Zarbon (Profile Card)"
"00_4_1001_0360_00","Profile Card","Dodoria","Dodoria (Profile Card)"
"00_4_1001_0370_00","Profile Card","Cui","Cui (Profile Card)"
"00_4_1001_0380_00","Profile Card","Captain Ginyu","Captain Ginyu (Profile Card)"
"00_4_1001_0390_00","Profile Card","Recoome","Recoome (Profile Card)"
"00_4_1001_0400_00","Profile Card","Burter","Burter (Profile Card)"
"00_4_1001_0410_00","Profile Card","Jeice","Jeice (Profile Card)"
"00_4_1001_0420_00","Profile Card","Guldo","Guldo (Profile Card)"
"00_4_1001_0430_00","Profile Card","King Cold","King Cold (Profile Card)"
"00_4_1001_0440_00","Profile Card","Android 16","Android 16 (Profile Card)"
"00_4_1001_0450_00","Profile Card","Android 17 (Z)","Android 17 (Z) (Profile Card)"
"00_4_1001_0450_10","Profile Card","Android 17 (Super)","Android 17 (Super) (Profile Card)"
"00_4_1001_0451_00","Profile Card","Super 17 (GT)","Super 17 (GT) (Profile Card)"
"00_4_1001_0460_00","Profile Card","Android 18","Android 18 (Profile Card)"
"00_4_1001_0470_00","Profile Card","Android 19","Android 19 (Profile Card)"
"00_4_1001_0480_00","Profile Card","Dr. Gero","Dr. Gero (Profile Card)"
"00_4_1001_0490_00","Profile Card","Babidi","Babidi (Profile Card)"
"00_4_1001_0500_00","Profile Card","Dabura","Dabura (Profile Card)"
"00_4_1001_0510_00","Profile Card","King Vegeta","King Vegeta (Profile Card)"
"00_4_1001_0540_00","Profile Card","Frieza Force Soldier","Frieza Force Soldier (Profile Card)"
"00_4_1001_0550_00","Profile Card","Broly (Z)","Broly (Z) (Profile Card)"
"00_4_1001_0551_00","Profile Card","Broly (Z), Super Saiyan","Broly (Z), Super Saiyan (Profile Card)"
"00_4_1001_0552_00","Profile Card","Broly (Z), Legendary Super Saiyan","Broly (Z), Legendary Super Saiyan (Profile Card)"
"00_4_1001_0553_00","Profile Card","Broly (Super)","Broly (Super) (Profile Card)"
"00_4_1001_0554_00","Profile Card","Broly (Super), Super Saiyan","Broly (Super), Super Saiyan (Profile Card)"
"00_4_1001_0555_00","Profile Card","Broly (Super), Super Saiyan (Full Power)","Broly (Super), Super Saiyan (Full Power) (Profile Card)"
"00_4_1001_0561_00","Profile Card","Super Garlic Jr.","Super Garlic Jr. (Profile Card)"
"00_4_1001_0570_00","Profile Card","Dr. Wheelo","Dr. Wheelo (Profile Card)"
"00_4_1001_0580_00","Profile Card","Turles","Turles (Profile Card)"
"00_4_1001_0590_00","Profile Card","Lord Slug","Lord Slug (Profile Card)"
"00_4_1001_0591_00","Profile Card","Lord Slug, Giant Form","Lord Slug, Giant Form (Profile Card)"
"00_4_1001_0600_00","Profile Card","Cooler","Cooler (Profile Card)"
"00_4_1001_0600_10","Profile Card","Metal Cooler","Metal Cooler (Profile Card)"
"00_4_1001_0601_00","Profile Card","Cooler, Final Form","Cooler, Final Form (Profile Card)"
"00_4_1001_0610_00","Profile Card","Salza","Salza (Profile Card)"
"00_4_1001_0620_00","Profile Card","Android 13","Android 13 (Profile Card)"
"00_4_1001_0621_00","Profile Card","Fusion Android 13","Fusion Android 13 (Profile Card)"
"00_4_1001_0630_00","Profile Card","Bojack","Bojack (Profile Card)"
"00_4_1001_0631_00","Profile Card","Full-Power Bojack","Full-Power Bojack (Profile Card)"
"00_4_1001_0640_00","Profile Card","Zangya","Zangya (Profile Card)"
"00_4_1001_0650_00","Profile Card","Janemba","Janemba (Profile Card)"
"00_4_1001_0651_00","Profile Card","Super Janemba","Super Janemba (Profile Card)"
"00_4_1001_0660_00","Profile Card","Tapion","Tapion (Profile Card)"
"00_4_1001_0670_00","Profile Card","Hirudegarn","Hirudegarn (Profile Card)"
"00_4_1001_0680_00","Profile Card","Baby Vegeta (GT)","Baby Vegeta (GT) (Profile Card)"
"00_4_1001_0680_01","Profile Card","Super Baby 1 (GT)","Super Baby 1 (GT) (Profile Card)"
"00_4_1001_0680_02","Profile Card","Super Baby 2 (GT)","Super Baby 2 (GT) (Profile Card)"
"00_4_1001_0681_00","Profile Card","Great Ape Baby (GT)","Great Ape Baby (GT) (Profile Card)"
"00_4_1001_0690_00","Profile Card","Nuova Shenron (GT)","Nuova Shenron (GT) (Profile Card)"
"00_4_1001_0700_00","Profile Card","Syn Shenron (GT)","Syn Shenron (GT) (Profile Card)"
"00_4_1001_0700_01","Profile Card","Omega Shenron (GT)","Omega Shenron (GT) (Profile Card)"
"00_4_1001_0710_00","Profile Card","Mercenary Tao","Mercenary Tao (Profile Card)"
"00_4_1001_0720_00","Profile Card","General Blue","General Blue (Profile Card)"
"00_4_1001_0730_00","Profile Card","Spike the Devil Man","Spike the Devil Man (Profile Card)"
"00_4_1001_0760_00","Profile Card","Spopovich","Spopovich (Profile Card)"
"00_4_1001_0780_00","Profile Card","Beerus","Beerus (Profile Card)"
"00_4_1001_0790_00","Profile Card","Whis","Whis (Profile Card)"
"00_4_1001_0800_00","Profile Card","Goku Black","Goku Black (Profile Card)"
"00_4_1001_0800_01","Profile Card","Goku Black, Super Saiyan Rosé","Goku Black, Super Saiyan Rosé (Profile Card)"
"00_4_1001_0810_00","Profile Card","Zamasu","Zamasu (Profile Card)"
"00_4_1001_0810_01","Profile Card","Fused Zamasu","Fused Zamasu (Profile Card)"
"00_4_1001_0811_00","Profile Card","Fused Zamasu, Half-Corrupted","Fused Zamasu, Half-Corrupted (Profile Card)"
"00_4_1001_0820_00","Profile Card","Demon King Piccolo","Demon King Piccolo (Profile Card)"
"00_4_1001_0830_00","Profile Card","Jaco","Jaco (Profile Card)"
"00_4_1001_0870_00","Profile Card","Hit","Hit (Profile Card)"
"00_4_1001_0881_00","Profile Card","Frost","Frost (Profile Card)"
"00_4_1001_0890_00","Profile Card","Cabba","Cabba (Profile Card)"
"00_4_1001_0890_01","Profile Card","Cabba, Super Saiyan","Cabba, Super Saiyan (Profile Card)"
"00_4_1001_0890_02","Profile Card","Cabba, Super Saiyan 2","Cabba, Super Saiyan 2 (Profile Card)"
"00_4_1001_0900_00","Profile Card","Caulifla","Caulifla (Profile Card)"
"00_4_1001_0900_02","Profile Card","Caulifla, Super Saiyan 2","Caulifla, Super Saiyan 2 (Profile Card)"
"00_4_1001_0910_00","Profile Card","Kale","Kale (Profile Card)"
"00_4_1001_0911_00","Profile Card","Kale, Super Saiyan (Berserk)","Kale, Super Saiyan (Berserk) (Profile Card)"
"00_4_1001_0912_00","Profile Card","Kale, Super Saiyan","Kale, Super Saiyan (Profile Card)"
"00_4_1001_0920_00","Profile Card","Kefla","Kefla (Profile Card)"
"00_4_1001_0920_01","Profile Card","Kefla, Super Saiyan","Kefla, Super Saiyan (Profile Card)"
"00_4_1001_0920_02","Profile Card","Kefla, Super Saiyan 2","Kefla, Super Saiyan 2 (Profile Card)"
"00_4_1001_0930_00","Profile Card","Jiren","Jiren (Profile Card)"
"00_4_1001_0931_00","Profile Card","Jiren, Full Power","Jiren, Full Power (Profile Card)"
"00_4_1001_0940_00","Profile Card","Toppo","Toppo (Profile Card)"
"00_4_1001_0941_00","Profile Card","Toppo, God of Destruction","Toppo, God of Destruction (Profile Card)"
"00_4_1001_0950_00","Profile Card","Dyspo","Dyspo (Profile Card)"
"00_4_1001_1000_00","Profile Card","Champa","Champa (Profile Card)"
"00_4_1001_1190_00","Profile Card","Bergamo","Bergamo (Profile Card)"
"00_4_1001_1321_00","Profile Card","Ribrianne","Ribrianne (Profile Card)"
"00_4_1001_1331_00","Profile Card","Kakunsa","Kakunsa (Profile Card)"
"00_4_1001_1341_00","Profile Card","Roasie","Roasie (Profile Card)"
"00_4_1001_1500_00","Profile Card","Anilaza","Anilaza (Profile Card)"
"00_4_1001_1960_00","Profile Card","Cheelai","Cheelai (Profile Card)"
"00_4_1001_3050_00","Profile Card","Goku (Mini)","Goku (Mini) (Profile Card)"
"00_4_1002_0000_00","Profile Card","Goku (Z - Early)","Goku (Z - Early) (Profile Card)"
"00_4_1002_0000_10","Profile Card","Goku (Z - Mid)","Goku (Z - Mid) (Profile Card)"
"00_4_1002_0000_11","Profile Card","Goku (Z - Mid), Super Saiyan","Goku (Z - Mid), Super Saiyan (Profile Card)"
"00_4_1002_0000_20","Profile Card","Goku (Z - End)","Goku (Z - End) (Profile Card)"
"00_4_1002_0000_21","Profile Card","Goku (Z - End), Super Saiyan","Goku (Z - End), Super Saiyan (Profile Card)"
"00_4_1002_0000_22","Profile Card","Goku (Z - End), Super Saiyan 2","Goku (Z - End), Super Saiyan 2 (Profile Card)"
"00_4_1002_0000_23","Profile Card","Goku (Z - End), Super Saiyan 3","Goku (Z - End), Super Saiyan 3 (Profile Card)"
"00_4_1002_0000_33","Profile Card","Goku (GT), Super Saiyan 4","Goku (GT), Super Saiyan 4 (Profile Card)"
"00_4_1002_0000_40","Profile Card","Goku (Super)","Goku (Super) (Profile Card)"
"00_4_1002_0000_41","Profile Card","Goku (Super), Super Saiyan","Goku (Super), Super Saiyan (Profile Card)"
"00_4_1002_0000_43","Profile Card","Goku (Super), Super Saiyan God Super Saiyan","Goku (Super), Super Saiyan God Super Saiyan (Profile Card)"
"00_4_1002_0000_50","Profile Card","Goku (Super), Ultra Instinct -Sign-","Goku (Super), Ultra Instinct -Sign- (Profile Card)"
"00_4_1002_0000_51","Profile Card","Goku (Super), Ultra Instinct","Goku (Super), Ultra Instinct (Profile Card)"
"00_4_1002_0001_42","Profile Card","Goku (Super), Super Saiyan God","Goku (Super), Super Saiyan God (Profile Card)"
"00_4_1002_0002_30","Profile Card","Goku (GT)","Goku (GT) (Profile Card)"
"00_4_1002_0002_31","Profile Card","Goku (GT), Super Saiyan","Goku (GT), Super Saiyan (Profile Card)"
"00_4_1002_0002_32","Profile Card","Goku (GT), Super Saiyan 3","Goku (GT), Super Saiyan 3 (Profile Card)"
"00_4_1002_0002_50","Profile Card","Goku (Teen)","Goku (Teen) (Profile Card)"
"00_4_1002_0020_00","Profile Card","Vegeta (Z - Scouter)","Vegeta (Z - Scouter) (Profile Card)"
"00_4_1002_0020_10","Profile Card","Vegeta (Z - Early)","Vegeta (Z - Early) (Profile Card)"
"00_4_1002_0020_11","Profile Card","Vegeta (Z - Early), Super Saiyan","Vegeta (Z - Early), Super Saiyan (Profile Card)"
"00_4_1002_0020_30","Profile Card","Vegeta (Z - End)","Vegeta (Z - End) (Profile Card)"
"00_4_1002_0020_31","Profile Card","Vegeta (Z - End), Super Saiyan","Vegeta (Z - End), Super Saiyan (Profile Card)"
"00_4_1002_0020_32","Profile Card","Vegeta (Z - End), Super Saiyan 2","Vegeta (Z - End), Super Saiyan 2 (Profile Card)"
"00_4_1002_0020_40","Profile Card","Majin Vegeta","Majin Vegeta (Profile Card)"
"00_4_1002_0020_50","Profile Card","Vegeta (GT), Super Saiyan 4","Vegeta (GT), Super Saiyan 4 (Profile Card)"
"00_4_1002_0020_60","Profile Card","Vegeta (Super)","Vegeta (Super) (Profile Card)"
"00_4_1002_0020_61","Profile Card","Vegeta (Super), Super Saiyan","Vegeta (Super), Super Saiyan (Profile Card)"
"00_4_1002_0020_63","Profile Card","Vegeta (Super), Super Saiyan God Super Saiyan","Vegeta (Super), Super Saiyan God Super Saiyan (Profile Card)"
"00_4_1002_0021_20","Profile Card","Super Vegeta","Super Vegeta (Profile Card)"
"00_4_1002_0022_62","Profile Card","Vegeta (Super), Super Saiyan God","Vegeta (Super), Super Saiyan God (Profile Card)"
"00_4_1002_0023_00","Profile Card","Great Ape Vegeta","Great Ape Vegeta (Profile Card)"
"00_4_1002_0030_00","Profile Card","Gohan (Kid)","Gohan (Kid) (Profile Card)"
"00_4_1002_0031_00","Profile Card","Gohan (Teen)","Gohan (Teen) (Profile Card)"
"00_4_1002_0031_01","Profile Card","Gohan (Teen), Super Saiyan","Gohan (Teen), Super Saiyan (Profile Card)"
"00_4_1002_0031_02","Profile Card","Gohan (Teen), Super Saiyan 2","Gohan (Teen), Super Saiyan 2 (Profile Card)"
"00_4_1002_0032_00","Profile Card","Gohan (Adult)","Gohan (Adult) (Profile Card)"
"00_4_1002_0032_01","Profile Card","Gohan (Adult), Super Saiyan","Gohan (Adult), Super Saiyan (Profile Card)"
"00_4_1002_0032_02","Profile Card","Gohan (Adult), Super Saiyan 2","Gohan (Adult), Super Saiyan 2 (Profile Card)"
"00_4_1002_0032_10","Profile Card","Great Saiyaman","Great Saiyaman (Profile Card)"
"00_4_1002_0032_20","Profile Card","Ultimate Gohan","Ultimate Gohan (Profile Card)"
"00_4_1002_0032_30","Profile Card","Gohan (Future)","Gohan (Future) (Profile Card)"
"00_4_1002_0032_31","Profile Card","Gohan (Future), Super Saiyan","Gohan (Future), Super Saiyan (Profile Card)"
"00_4_1002_0040_00","Profile Card","Piccolo","Piccolo (Profile Card)"
"00_4_1002_0040_10","Profile Card","Piccolo (Fused with Kami)","Piccolo (Fused with Kami) (Profile Card)"
"00_4_1002_0040_20","Profile Card","Nail","Nail (Profile Card)"
"00_4_1002_0050_00","Profile Card","Krillin","Krillin (Profile Card)"
"00_4_1002_0060_00","Profile Card","Yamcha","Yamcha (Profile Card)"
"00_4_1002_0070_00","Profile Card","Tien","Tien (Profile Card)"
"00_4_1002_0080_00","Profile Card","Trunks (Sword)","Trunks (Sword) (Profile Card)"
"00_4_1002_0080_01","Profile Card","Trunks (Sword), Super Saiyan","Trunks (Sword), Super Saiyan (Profile Card)"
"00_4_1002_0080_10","Profile Card","Trunks (Melee)","Trunks (Melee) (Profile Card)"
"00_4_1002_0080_11","Profile Card","Trunks (Melee), Super Saiyan","Trunks (Melee), Super Saiyan (Profile Card)"
"00_4_1002_0080_30","Profile Card","Future Trunks","Future Trunks (Profile Card)"
"00_4_1002_0080_31","Profile Card","Future Trunks, Super Saiyan","Future Trunks, Super Saiyan (Profile Card)"
"00_4_1002_0081_20","Profile Card","Super Trunks","Super Trunks (Profile Card)"
"00_4_1002_0082_00","Profile Card","Trunks (Kid)","Trunks (Kid) (Profile Card)"
"00_4_1002_0082_01","Profile Card","Trunks (Kid), Super Saiyan","Trunks (Kid), Super Saiyan (Profile Card)"
"00_4_1002_0090_00","Profile Card","Goten","Goten (Profile Card)"
"00_4_1002_0090_01","Profile Card","Goten, Super Saiyan","Goten, Super Saiyan (Profile Card)"
"00_4_1002_0100_00","Profile Card","Vegito","Vegito (Profile Card)"
"00_4_1002_0100_01","Profile Card","Super Vegito","Super Vegito (Profile Card)"
"00_4_1002_0100_02","Profile Card","Vegito, Super Saiyan God Super Saiyan","Vegito, Super Saiyan God Super Saiyan (Profile Card)"
"00_4_1002_0110_00","Profile Card","Gogeta (Super)","Gogeta (Super) (Profile Card)"
"00_4_1002_0110_01","Profile Card","Gogeta (Super), Super Saiyan","Gogeta (Super), Super Saiyan (Profile Card)"
"00_4_1002_0110_02","Profile Card","Gogeta (GT), Super Saiyan 4","Gogeta (GT), Super Saiyan 4 (Profile Card)"
"00_4_1002_0110_03","Profile Card","Gogeta (Super), Super Saiyan God Super Saiyan","Gogeta (Super), Super Saiyan God Super Saiyan (Profile Card)"
"00_4_1002_0110_04","Profile Card","Super Gogeta (Z) ","Super Gogeta (Z)  (Profile Card)"
"00_4_1002_0120_00","Profile Card","Gotenks","Gotenks (Profile Card)"
"00_4_1002_0120_01","Profile Card","Gotenks, Super Saiyan","Gotenks, Super Saiyan (Profile Card)"
"00_4_1002_0120_02","Profile Card","Gotenks, Super Saiyan 3","Gotenks, Super Saiyan 3 (Profile Card)"
"00_4_1002_0121_00","Profile Card","Mighty Mask","Mighty Mask (Profile Card)"
"00_4_1002_0130_00","Profile Card","Videl","Videl (Profile Card)"
"00_4_1002_0140_00","Profile Card","Master Roshi","Master Roshi (Profile Card)"
"00_4_1002_0141_00","Profile Card","Master Roshi, Max Power","Master Roshi, Max Power (Profile Card)"
"00_4_1002_0150_00","Profile Card","Frieza (Z), 1st Form","Frieza (Z), 1st Form (Profile Card)"
"00_4_1002_0151_00","Profile Card","Frieza (Z), 2nd Form","Frieza (Z), 2nd Form (Profile Card)"
"00_4_1002_0152_00","Profile Card","Frieza (Z), 3rd Form","Frieza (Z), 3rd Form (Profile Card)"
"00_4_1002_0153_00","Profile Card","Frieza (Z), 4th Form","Frieza (Z), 4th Form (Profile Card)"
"00_4_1002_0153_10","Profile Card","Mecha Frieza","Mecha Frieza (Profile Card)"
"00_4_1002_0153_20","Profile Card","Frieza (Super)","Frieza (Super) (Profile Card)"
"00_4_1002_0154_00","Profile Card","Frieza (Z), Full Power","Frieza (Z), Full Power (Profile Card)"
"00_4_1002_0155_00","Profile Card","Golden Frieza","Golden Frieza (Profile Card)"
"00_4_1002_0160_00","Profile Card","Cell, 1st Form","Cell, 1st Form (Profile Card)"
"00_4_1002_0161_00","Profile Card","Cell, 2nd Form","Cell, 2nd Form (Profile Card)"
"00_4_1002_0162_00","Profile Card","Cell, Perfect Form","Cell, Perfect Form (Profile Card)"
"00_4_1002_0162_01","Profile Card","Perfect Cell","Perfect Cell (Profile Card)"
"00_4_1002_0163_00","Profile Card","Cell Jr.","Cell Jr. (Profile Card)"
"00_4_1002_0170_00","Profile Card","Majin Buu","Majin Buu (Profile Card)"
"00_4_1002_0171_00","Profile Card","Majin Buu (Evil)","Majin Buu (Evil) (Profile Card)"
"00_4_1002_0172_00","Profile Card","Super Buu","Super Buu (Profile Card)"
"00_4_1002_0172_10","Profile Card","Super Buu (Gotenks Absorbed)","Super Buu (Gotenks Absorbed) (Profile Card)"
"00_4_1002_0172_11","Profile Card","Super Buu (Gohan Absorbed)","Super Buu (Gohan Absorbed) (Profile Card)"
"00_4_1002_0173_00","Profile Card","Kid Buu","Kid Buu (Profile Card)"
"00_4_1002_0180_00","Profile Card","Mr. Satan","Mr. Satan (Profile Card)"
"00_4_1002_0190_00","Profile Card","Chiaotzu","Chiaotzu (Profile Card)"
"00_4_1002_0210_00","Profile Card","Yajirobe","Yajirobe (Profile Card)"
"00_4_1002_0220_00","Profile Card","Pikkon","Pikkon (Profile Card)"
"00_4_1002_0230_00","Profile Card","Pan (GT)","Pan (GT) (Profile Card)"
"00_4_1002_0240_00","Profile Card","Uub (GT)","Uub (GT) (Profile Card)"
"00_4_1002_0240_01","Profile Card","Majuub (GT)","Majuub (GT) (Profile Card)"
"00_4_1002_0260_00","Profile Card","Grandpa Gohan","Grandpa Gohan (Profile Card)"
"00_4_1002_0270_00","Profile Card","Nam","Nam (Profile Card)"
"00_4_1002_0280_00","Profile Card","Eighter","Eighter (Profile Card)"
"00_4_1002_0301_00","Profile Card","Chi-Chi","Chi-Chi (Profile Card)"
"00_4_1002_0310_00","Profile Card","Bardock","Bardock (Profile Card)"
"00_4_1002_0320_00","Profile Card","Raditz","Raditz (Profile Card)"
"00_4_1002_0330_00","Profile Card","Saibaman","Saibaman (Profile Card)"
"00_4_1002_0340_00","Profile Card","Nappa","Nappa (Profile Card)"
"00_4_1002_0350_00","Profile Card","Zarbon","Zarbon (Profile Card)"
"00_4_1002_0351_00","Profile Card","Super Zarbon","Super Zarbon (Profile Card)"
"00_4_1002_0360_00","Profile Card","Dodoria","Dodoria (Profile Card)"
"00_4_1002_0370_00","Profile Card","Cui","Cui (Profile Card)"
"00_4_1002_0380_00","Profile Card","Captain Ginyu","Captain Ginyu (Profile Card)"
"00_4_1002_0390_00","Profile Card","Recoome","Recoome (Profile Card)"
"00_4_1002_0400_00","Profile Card","Burter","Burter (Profile Card)"
"00_4_1002_0410_00","Profile Card","Jeice","Jeice (Profile Card)"
"00_4_1002_0420_00","Profile Card","Guldo","Guldo (Profile Card)"
"00_4_1002_0430_00","Profile Card","King Cold","King Cold (Profile Card)"
"00_4_1002_0440_00","Profile Card","Android 16","Android 16 (Profile Card)"
"00_4_1002_0450_00","Profile Card","Android 17 (Z)","Android 17 (Z) (Profile Card)"
"00_4_1002_0450_10","Profile Card","Android 17 (Super)","Android 17 (Super) (Profile Card)"
"00_4_1002_0451_00","Profile Card","Super 17 (GT)","Super 17 (GT) (Profile Card)"
"00_4_1002_0460_00","Profile Card","Android 18","Android 18 (Profile Card)"
"00_4_1002_0470_00","Profile Card","Android 19","Android 19 (Profile Card)"
"00_4_1002_0480_00","Profile Card","Dr. Gero","Dr. Gero (Profile Card)"
"00_4_1002_0490_00","Profile Card","Babidi","Babidi (Profile Card)"
"00_4_1002_0500_00","Profile Card","Dabura","Dabura (Profile Card)"
"00_4_1002_0510_00","Profile Card","King Vegeta","King Vegeta (Profile Card)"
"00_4_1002_0540_00","Profile Card","Frieza Force Soldier","Frieza Force Soldier (Profile Card)"
"00_4_1002_0550_00","Profile Card","Broly (Z)","Broly (Z) (Profile Card)"
"00_4_1002_0551_00","Profile Card","Broly (Z), Super Saiyan","Broly (Z), Super Saiyan (Profile Card)"
"00_4_1002_0552_00","Profile Card","Broly (Z), Legendary Super Saiyan","Broly (Z), Legendary Super Saiyan (Profile Card)"
"00_4_1002_0553_00","Profile Card","Broly (Super)","Broly (Super) (Profile Card)"
"00_4_1002_0554_00","Profile Card","Broly (Super), Super Saiyan","Broly (Super), Super Saiyan (Profile Card)"
"00_4_1002_0555_00","Profile Card","Broly (Super), Super Saiyan (Full Power)","Broly (Super), Super Saiyan (Full Power) (Profile Card)"
"00_4_1002_0561_00","Profile Card","Super Garlic Jr.","Super Garlic Jr. (Profile Card)"
"00_4_1002_0570_00","Profile Card","Dr. Wheelo","Dr. Wheelo (Profile Card)"
"00_4_1002_0580_00","Profile Card","Turles","Turles (Profile Card)"
"00_4_1002_0590_00","Profile Card","Lord Slug","Lord Slug (Profile Card)"
"00_4_1002_0591_00","Profile Card","Lord Slug, Giant Form","Lord Slug, Giant Form (Profile Card)"
"00_4_1002_0600_00","Profile Card","Cooler","Cooler (Profile Card)"
"00_4_1002_0600_10","Profile Card","Metal Cooler","Metal Cooler (Profile Card)"
"00_4_1002_0601_00","Profile Card","Cooler, Final Form","Cooler, Final Form (Profile Card)"
"00_4_1002_0610_00","Profile Card","Salza","Salza (Profile Card)"
"00_4_1002_0620_00","Profile Card","Android 13","Android 13 (Profile Card)"
"00_4_1002_0621_00","Profile Card","Fusion Android 13","Fusion Android 13 (Profile Card)"
"00_4_1002_0630_00","Profile Card","Bojack","Bojack (Profile Card)"
"00_4_1002_0631_00","Profile Card","Full-Power Bojack","Full-Power Bojack (Profile Card)"
"00_4_1002_0640_00","Profile Card","Zangya","Zangya (Profile Card)"
"00_4_1002_0650_00","Profile Card","Janemba","Janemba (Profile Card)"
"00_4_1002_0651_00","Profile Card","Super Janemba","Super Janemba (Profile Card)"
"00_4_1002_0660_00","Profile Card","Tapion","Tapion (Profile Card)"
"00_4_1002_0670_00","Profile Card","Hirudegarn","Hirudegarn (Profile Card)"
"00_4_1002_0680_00","Profile Card","Baby Vegeta (GT)","Baby Vegeta (GT) (Profile Card)"
"00_4_1002_0680_01","Profile Card","Super Baby 1 (GT)","Super Baby 1 (GT) (Profile Card)"
"00_4_1002_0680_02","Profile Card","Super Baby 2 (GT)","Super Baby 2 (GT) (Profile Card)"
"00_4_1002_0681_00","Profile Card","Great Ape Baby (GT)","Great Ape Baby (GT) (Profile Card)"
"00_4_1002_0690_00","Profile Card","Nuova Shenron (GT)","Nuova Shenron (GT) (Profile Card)"
"00_4_1002_0700_00","Profile Card","Syn Shenron (GT)","Syn Shenron (GT) (Profile Card)"
"00_4_1002_0700_01","Profile Card","Omega Shenron (GT)","Omega Shenron (GT) (Profile Card)"
"00_4_1002_0710_00","Profile Card","Mercenary Tao","Mercenary Tao (Profile Card)"
"00_4_1002_0720_00","Profile Card","General Blue","General Blue (Profile Card)"
"00_4_1002_0730_00","Profile Card","Spike the Devil Man","Spike the Devil Man (Profile Card)"
"00_4_1002_0760_00","Profile Card","Spopovich","Spopovich (Profile Card)"
"00_4_1002_0780_00","Profile Card","Beerus","Beerus (Profile Card)"
"00_4_1002_0790_00","Profile Card","Whis","Whis (Profile Card)"
"00_4_1002_0800_00","Profile Card","Goku Black","Goku Black (Profile Card)"
"00_4_1002_0800_01","Profile Card","Goku Black, Super Saiyan Rosé","Goku Black, Super Saiyan Rosé (Profile Card)"
"00_4_1002_0810_00","Profile Card","Zamasu","Zamasu (Profile Card)"
"00_4_1002_0810_01","Profile Card","Fused Zamasu","Fused Zamasu (Profile Card)"
"00_4_1002_0811_00","Profile Card","Fused Zamasu, Half-Corrupted","Fused Zamasu, Half-Corrupted (Profile Card)"
"00_4_1002_0820_00","Profile Card","Demon King Piccolo","Demon King Piccolo (Profile Card)"
"00_4_1002_0830_00","Profile Card","Jaco","Jaco (Profile Card)"
"00_4_1002_0870_00","Profile Card","Hit","Hit (Profile Card)"
"00_4_1002_0881_00","Profile Card","Frost","Frost (Profile Card)"
"00_4_1002_0890_00","Profile Card","Cabba","Cabba (Profile Card)"
"00_4_1002_0890_01","Profile Card","Cabba, Super Saiyan","Cabba, Super Saiyan (Profile Card)"
"00_4_1002_0890_02","Profile Card","Cabba, Super Saiyan 2","Cabba, Super Saiyan 2 (Profile Card)"
"00_4_1002_0900_00","Profile Card","Caulifla","Caulifla (Profile Card)"
"00_4_1002_0900_02","Profile Card","Caulifla, Super Saiyan 2","Caulifla, Super Saiyan 2 (Profile Card)"
"00_4_1002_0910_00","Profile Card","Kale","Kale (Profile Card)"
"00_4_1002_0911_00","Profile Card","Kale, Super Saiyan (Berserk)","Kale, Super Saiyan (Berserk) (Profile Card)"
"00_4_1002_0912_00","Profile Card","Kale, Super Saiyan","Kale, Super Saiyan (Profile Card)"
"00_4_1002_0920_00","Profile Card","Kefla","Kefla (Profile Card)"
"00_4_1002_0920_01","Profile Card","Kefla, Super Saiyan","Kefla, Super Saiyan (Profile Card)"
"00_4_1002_0920_02","Profile Card","Kefla, Super Saiyan 2","Kefla, Super Saiyan 2 (Profile Card)"
"00_4_1002_0930_00","Profile Card","Jiren","Jiren (Profile Card)"
"00_4_1002_0931_00","Profile Card","Jiren, Full Power","Jiren, Full Power (Profile Card)"
"00_4_1002_0940_00","Profile Card","Toppo","Toppo (Profile Card)"
"00_4_1002_0941_00","Profile Card","Toppo, God of Destruction","Toppo, God of Destruction (Profile Card)"
"00_4_1002_0950_00","Profile Card","Dyspo","Dyspo (Profile Card)"
"00_4_1002_1000_00","Profile Card","Champa","Champa (Profile Card)"
"00_4_1002_1190_00","Profile Card","Bergamo","Bergamo (Profile Card)"
"00_4_1002_1321_00","Profile Card","Ribrianne","Ribrianne (Profile Card)"
"00_4_1002_1331_00","Profile Card","Kakunsa","Kakunsa (Profile Card)"
"00_4_1002_1341_00","Profile Card","Roasie","Roasie (Profile Card)"
"00_4_1002_1500_00","Profile Card","Anilaza","Anilaza (Profile Card)"
"00_4_1002_1960_00","Profile Card","Cheelai","Cheelai (Profile Card)"
"00_4_1002_3050_00","Profile Card","Goku (Mini)","Goku (Mini) (Profile Card)"
"00_4_1003_0000_00","Profile Card","Goku (Z - Early)","Goku (Z - Early) (Profile Card)"
"00_4_1003_0000_10","Profile Card","Goku (Z - Mid)","Goku (Z - Mid) (Profile Card)"
"00_4_1003_0000_11","Profile Card","Goku (Z - Mid), Super Saiyan","Goku (Z - Mid), Super Saiyan (Profile Card)"
"00_4_1003_0000_20","Profile Card","Goku (Z - End)","Goku (Z - End) (Profile Card)"
"00_4_1003_0000_21","Profile Card","Goku (Z - End), Super Saiyan","Goku (Z - End), Super Saiyan (Profile Card)"
"00_4_1003_0000_22","Profile Card","Goku (Z - End), Super Saiyan 2","Goku (Z - End), Super Saiyan 2 (Profile Card)"
"00_4_1003_0000_23","Profile Card","Goku (Z - End), Super Saiyan 3","Goku (Z - End), Super Saiyan 3 (Profile Card)"
"00_4_1003_0000_33","Profile Card","Goku (GT), Super Saiyan 4","Goku (GT), Super Saiyan 4 (Profile Card)"
"00_4_1003_0000_40","Profile Card","Goku (Super)","Goku (Super) (Profile Card)"
"00_4_1003_0000_41","Profile Card","Goku (Super), Super Saiyan","Goku (Super), Super Saiyan (Profile Card)"
"00_4_1003_0000_43","Profile Card","Goku (Super), Super Saiyan God Super Saiyan","Goku (Super), Super Saiyan God Super Saiyan (Profile Card)"
"00_4_1003_0000_50","Profile Card","Goku (Super), Ultra Instinct -Sign-","Goku (Super), Ultra Instinct -Sign- (Profile Card)"
"00_4_1003_0000_51","Profile Card","Goku (Super), Ultra Instinct","Goku (Super), Ultra Instinct (Profile Card)"
"00_4_1003_0001_42","Profile Card","Goku (Super), Super Saiyan God","Goku (Super), Super Saiyan God (Profile Card)"
"00_4_1003_0002_30","Profile Card","Goku (GT)","Goku (GT) (Profile Card)"
"00_4_1003_0002_31","Profile Card","Goku (GT), Super Saiyan","Goku (GT), Super Saiyan (Profile Card)"
"00_4_1003_0002_32","Profile Card","Goku (GT), Super Saiyan 3","Goku (GT), Super Saiyan 3 (Profile Card)"
"00_4_1003_0002_50","Profile Card","Goku (Teen)","Goku (Teen) (Profile Card)"
"00_4_1003_0020_00","Profile Card","Vegeta (Z - Scouter)","Vegeta (Z - Scouter) (Profile Card)"
"00_4_1003_0020_10","Profile Card","Vegeta (Z - Early)","Vegeta (Z - Early) (Profile Card)"
"00_4_1003_0020_11","Profile Card","Vegeta (Z - Early), Super Saiyan","Vegeta (Z - Early), Super Saiyan (Profile Card)"
"00_4_1003_0020_30","Profile Card","Vegeta (Z - End)","Vegeta (Z - End) (Profile Card)"
"00_4_1003_0020_31","Profile Card","Vegeta (Z - End), Super Saiyan","Vegeta (Z - End), Super Saiyan (Profile Card)"
"00_4_1003_0020_32","Profile Card","Vegeta (Z - End), Super Saiyan 2","Vegeta (Z - End), Super Saiyan 2 (Profile Card)"
"00_4_1003_0020_40","Profile Card","Majin Vegeta","Majin Vegeta (Profile Card)"
"00_4_1003_0020_50","Profile Card","Vegeta (GT), Super Saiyan 4","Vegeta (GT), Super Saiyan 4 (Profile Card)"
"00_4_1003_0020_60","Profile Card","Vegeta (Super)","Vegeta (Super) (Profile Card)"
"00_4_1003_0020_61","Profile Card","Vegeta (Super), Super Saiyan","Vegeta (Super), Super Saiyan (Profile Card)"
"00_4_1003_0020_63","Profile Card","Vegeta (Super), Super Saiyan God Super Saiyan","Vegeta (Super), Super Saiyan God Super Saiyan (Profile Card)"
"00_4_1003_0021_20","Profile Card","Super Vegeta","Super Vegeta (Profile Card)"
"00_4_1003_0022_62","Profile Card","Vegeta (Super), Super Saiyan God","Vegeta (Super), Super Saiyan God (Profile Card)"
"00_4_1003_0023_00","Profile Card","Great Ape Vegeta","Great Ape Vegeta (Profile Card)"
"00_4_1003_0030_00","Profile Card","Gohan (Kid)","Gohan (Kid) (Profile Card)"
"00_4_1003_0031_00","Profile Card","Gohan (Teen)","Gohan (Teen) (Profile Card)"
"00_4_1003_0031_01","Profile Card","Gohan (Teen), Super Saiyan","Gohan (Teen), Super Saiyan (Profile Card)"
"00_4_1003_0031_02","Profile Card","Gohan (Teen), Super Saiyan 2","Gohan (Teen), Super Saiyan 2 (Profile Card)"
"00_4_1003_0032_00","Profile Card","Gohan (Adult)","Gohan (Adult) (Profile Card)"
"00_4_1003_0032_01","Profile Card","Gohan (Adult), Super Saiyan","Gohan (Adult), Super Saiyan (Profile Card)"
"00_4_1003_0032_02","Profile Card","Gohan (Adult), Super Saiyan 2","Gohan (Adult), Super Saiyan 2 (Profile Card)"
"00_4_1003_0032_10","Profile Card","Great Saiyaman","Great Saiyaman (Profile Card)"
"00_4_1003_0032_20","Profile Card","Ultimate Gohan","Ultimate Gohan (Profile Card)"
"00_4_1003_0032_30","Profile Card","Gohan (Future)","Gohan (Future) (Profile Card)"
"00_4_1003_0032_31","Profile Card","Gohan (Future), Super Saiyan","Gohan (Future), Super Saiyan (Profile Card)"
"00_4_1003_0040_00","Profile Card","Piccolo","Piccolo (Profile Card)"
"00_4_1003_0040_10","Profile Card","Piccolo (Fused with Kami)","Piccolo (Fused with Kami) (Profile Card)"
"00_4_1003_0040_20","Profile Card","Nail","Nail (Profile Card)"
"00_4_1003_0050_00","Profile Card","Krillin","Krillin (Profile Card)"
"00_4_1003_0060_00","Profile Card","Yamcha","Yamcha (Profile Card)"
"00_4_1003_0070_00","Profile Card","Tien","Tien (Profile Card)"
"00_4_1003_0080_00","Profile Card","Trunks (Sword)","Trunks (Sword) (Profile Card)"
"00_4_1003_0080_01","Profile Card","Trunks (Sword), Super Saiyan","Trunks (Sword), Super Saiyan (Profile Card)"
"00_4_1003_0080_10","Profile Card","Trunks (Melee)","Trunks (Melee) (Profile Card)"
"00_4_1003_0080_11","Profile Card","Trunks (Melee), Super Saiyan","Trunks (Melee), Super Saiyan (Profile Card)"
"00_4_1003_0080_30","Profile Card","Future Trunks","Future Trunks (Profile Card)"
"00_4_1003_0080_31","Profile Card","Future Trunks, Super Saiyan","Future Trunks, Super Saiyan (Profile Card)"
"00_4_1003_0081_20","Profile Card","Super Trunks","Super Trunks (Profile Card)"
"00_4_1003_0082_00","Profile Card","Trunks (Kid)","Trunks (Kid) (Profile Card)"
"00_4_1003_0082_01","Profile Card","Trunks (Kid), Super Saiyan","Trunks (Kid), Super Saiyan (Profile Card)"
"00_4_1003_0090_00","Profile Card","Goten","Goten (Profile Card)"
"00_4_1003_0090_01","Profile Card","Goten, Super Saiyan","Goten, Super Saiyan (Profile Card)"
"00_4_1003_0100_00","Profile Card","Vegito","Vegito (Profile Card)"
"00_4_1003_0100_01","Profile Card","Super Vegito","Super Vegito (Profile Card)"
"00_4_1003_0100_02","Profile Card","Vegito, Super Saiyan God Super Saiyan","Vegito, Super Saiyan God Super Saiyan (Profile Card)"
"00_4_1003_0110_00","Profile Card","Gogeta (Super)","Gogeta (Super) (Profile Card)"
"00_4_1003_0110_01","Profile Card","Gogeta (Super), Super Saiyan","Gogeta (Super), Super Saiyan (Profile Card)"
"00_4_1003_0110_02","Profile Card","Gogeta (GT), Super Saiyan 4","Gogeta (GT), Super Saiyan 4 (Profile Card)"
"00_4_1003_0110_03","Profile Card","Gogeta (Super), Super Saiyan God Super Saiyan","Gogeta (Super), Super Saiyan God Super Saiyan (Profile Card)"
"00_4_1003_0110_04","Profile Card","Super Gogeta (Z) ","Super Gogeta (Z)  (Profile Card)"
"00_4_1003_0120_00","Profile Card","Gotenks","Gotenks (Profile Card)"
"00_4_1003_0120_01","Profile Card","Gotenks, Super Saiyan","Gotenks, Super Saiyan (Profile Card)"
"00_4_1003_0120_02","Profile Card","Gotenks, Super Saiyan 3","Gotenks, Super Saiyan 3 (Profile Card)"
"00_4_1003_0121_00","Profile Card","Mighty Mask","Mighty Mask (Profile Card)"
"00_4_1003_0130_00","Profile Card","Videl","Videl (Profile Card)"
"00_4_1003_0140_00","Profile Card","Master Roshi","Master Roshi (Profile Card)"
"00_4_1003_0141_00","Profile Card","Master Roshi, Max Power","Master Roshi, Max Power (Profile Card)"
"00_4_1003_0150_00","Profile Card","Frieza (Z), 1st Form","Frieza (Z), 1st Form (Profile Card)"
"00_4_1003_0151_00","Profile Card","Frieza (Z), 2nd Form","Frieza (Z), 2nd Form (Profile Card)"
"00_4_1003_0152_00","Profile Card","Frieza (Z), 3rd Form","Frieza (Z), 3rd Form (Profile Card)"
"00_4_1003_0153_00","Profile Card","Frieza (Z), 4th Form","Frieza (Z), 4th Form (Profile Card)"
"00_4_1003_0153_10","Profile Card","Mecha Frieza","Mecha Frieza (Profile Card)"
"00_4_1003_0153_20","Profile Card","Frieza (Super)","Frieza (Super) (Profile Card)"
"00_4_1003_0154_00","Profile Card","Frieza (Z), Full Power","Frieza (Z), Full Power (Profile Card)"
"00_4_1003_0155_00","Profile Card","Golden Frieza","Golden Frieza (Profile Card)"
"00_4_1003_0160_00","Profile Card","Cell, 1st Form","Cell, 1st Form (Profile Card)"
"00_4_1003_0161_00","Profile Card","Cell, 2nd Form","Cell, 2nd Form (Profile Card)"
"00_4_1003_0162_00","Profile Card","Cell, Perfect Form","Cell, Perfect Form (Profile Card)"
"00_4_1003_0162_01","Profile Card","Perfect Cell","Perfect Cell (Profile Card)"
"00_4_1003_0163_00","Profile Card","Cell Jr.","Cell Jr. (Profile Card)"
"00_4_1003_0170_00","Profile Card","Majin Buu","Majin Buu (Profile Card)"
"00_4_1003_0171_00","Profile Card","Majin Buu (Evil)","Majin Buu (Evil) (Profile Card)"
"00_4_1003_0172_00","Profile Card","Super Buu","Super Buu (Profile Card)"
"00_4_1003_0172_10","Profile Card","Super Buu (Gotenks Absorbed)","Super Buu (Gotenks Absorbed) (Profile Card)"
"00_4_1003_0172_11","Profile Card","Super Buu (Gohan Absorbed)","Super Buu (Gohan Absorbed) (Profile Card)"
"00_4_1003_0173_00","Profile Card","Kid Buu","Kid Buu (Profile Card)"
"00_4_1003_0180_00","Profile Card","Mr. Satan","Mr. Satan (Profile Card)"
"00_4_1003_0190_00","Profile Card","Chiaotzu","Chiaotzu (Profile Card)"
"00_4_1003_0210_00","Profile Card","Yajirobe","Yajirobe (Profile Card)"
"00_4_1003_0220_00","Profile Card","Pikkon","Pikkon (Profile Card)"
"00_4_1003_0230_00","Profile Card","Pan (GT)","Pan (GT) (Profile Card)"
"00_4_1003_0240_00","Profile Card","Uub (GT)","Uub (GT) (Profile Card)"
"00_4_1003_0240_01","Profile Card","Majuub (GT)","Majuub (GT) (Profile Card)"
"00_4_1003_0260_00","Profile Card","Grandpa Gohan","Grandpa Gohan (Profile Card)"
"00_4_1003_0270_00","Profile Card","Nam","Nam (Profile Card)"
"00_4_1003_0280_00","Profile Card","Eighter","Eighter (Profile Card)"
"00_4_1003_0301_00","Profile Card","Chi-Chi","Chi-Chi (Profile Card)"
"00_4_1003_0310_00","Profile Card","Bardock","Bardock (Profile Card)"
"00_4_1003_0320_00","Profile Card","Raditz","Raditz (Profile Card)"
"00_4_1003_0330_00","Profile Card","Saibaman","Saibaman (Profile Card)"
"00_4_1003_0340_00","Profile Card","Nappa","Nappa (Profile Card)"
"00_4_1003_0350_00","Profile Card","Zarbon","Zarbon (Profile Card)"
"00_4_1003_0351_00","Profile Card","Super Zarbon","Super Zarbon (Profile Card)"
"00_4_1003_0360_00","Profile Card","Dodoria","Dodoria (Profile Card)"
"00_4_1003_0370_00","Profile Card","Cui","Cui (Profile Card)"
"00_4_1003_0380_00","Profile Card","Captain Ginyu","Captain Ginyu (Profile Card)"
"00_4_1003_0390_00","Profile Card","Recoome","Recoome (Profile Card)"
"00_4_1003_0400_00","Profile Card","Burter","Burter (Profile Card)"
"00_4_1003_0410_00","Profile Card","Jeice","Jeice (Profile Card)"
"00_4_1003_0420_00","Profile Card","Guldo","Guldo (Profile Card)"
"00_4_1003_0430_00","Profile Card","King Cold","King Cold (Profile Card)"
"00_4_1003_0440_00","Profile Card","Android 16","Android 16 (Profile Card)"
"00_4_1003_0450_00","Profile Card","Android 17 (Z)","Android 17 (Z) (Profile Card)"
"00_4_1003_0450_10","Profile Card","Android 17 (Super)","Android 17 (Super) (Profile Card)"
"00_4_1003_0451_00","Profile Card","Super 17 (GT)","Super 17 (GT) (Profile Card)"
"00_4_1003_0460_00","Profile Card","Android 18","Android 18 (Profile Card)"
"00_4_1003_0470_00","Profile Card","Android 19","Android 19 (Profile Card)"
"00_4_1003_0480_00","Profile Card","Dr. Gero","Dr. Gero (Profile Card)"
"00_4_1003_0490_00","Profile Card","Babidi","Babidi (Profile Card)"
"00_4_1003_0500_00","Profile Card","Dabura","Dabura (Profile Card)"
"00_4_1003_0510_00","Profile Card","King Vegeta","King Vegeta (Profile Card)"
"00_4_1003_0540_00","Profile Card","Frieza Force Soldier","Frieza Force Soldier (Profile Card)"
"00_4_1003_0550_00","Profile Card","Broly (Z)","Broly (Z) (Profile Card)"
"00_4_1003_0551_00","Profile Card","Broly (Z), Super Saiyan","Broly (Z), Super Saiyan (Profile Card)"
"00_4_1003_0552_00","Profile Card","Broly (Z), Legendary Super Saiyan","Broly (Z), Legendary Super Saiyan (Profile Card)"
"00_4_1003_0553_00","Profile Card","Broly (Super)","Broly (Super) (Profile Card)"
"00_4_1003_0554_00","Profile Card","Broly (Super), Super Saiyan","Broly (Super), Super Saiyan (Profile Card)"
"00_4_1003_0555_00","Profile Card","Broly (Super), Super Saiyan (Full Power)","Broly (Super), Super Saiyan (Full Power) (Profile Card)"
"00_4_1003_0561_00","Profile Card","Super Garlic Jr.","Super Garlic Jr. (Profile Card)"
"00_4_1003_0570_00","Profile Card","Dr. Wheelo","Dr. Wheelo (Profile Card)"
"00_4_1003_0580_00","Profile Card","Turles","Turles (Profile Card)"
"00_4_1003_0590_00","Profile Card","Lord Slug","Lord Slug (Profile Card)"
"00_4_1003_0591_00","Profile Card","Lord Slug, Giant Form","Lord Slug, Giant Form (Profile Card)"
"00_4_1003_0600_00","Profile Card","Cooler","Cooler (Profile Card)"
"00_4_1003_0600_10","Profile Card","Metal Cooler","Metal Cooler (Profile Card)"
"00_4_1003_0601_00","Profile Card","Cooler, Final Form","Cooler, Final Form (Profile Card)"
"00_4_1003_0610_00","Profile Card","Salza","Salza (Profile Card)"
"00_4_1003_0620_00","Profile Card","Android 13","Android 13 (Profile Card)"
"00_4_1003_0621_00","Profile Card","Fusion Android 13","Fusion Android 13 (Profile Card)"
"00_4_1003_0630_00","Profile Card","Bojack","Bojack (Profile Card)"
"00_4_1003_0631_00","Profile Card","Full-Power Bojack","Full-Power Bojack (Profile Card)"
"00_4_1003_0640_00","Profile Card","Zangya","Zangya (Profile Card)"
"00_4_1003_0650_00","Profile Card","Janemba","Janemba (Profile Card)"
"00_4_1003_0651_00","Profile Card","Super Janemba","Super Janemba (Profile Card)"
"00_4_1003_0660_00","Profile Card","Tapion","Tapion (Profile Card)"
"00_4_1003_0670_00","Profile Card","Hirudegarn","Hirudegarn (Profile Card)"
"00_4_1003_0680_00","Profile Card","Baby Vegeta (GT)","Baby Vegeta (GT) (Profile Card)"
"00_4_1003_0680_01","Profile Card","Super Baby 1 (GT)","Super Baby 1 (GT) (Profile Card)"
"00_4_1003_0680_02","Profile Card","Super Baby 2 (GT)","Super Baby 2 (GT) (Profile Card)"
"00_4_1003_0681_00","Profile Card","Great Ape Baby (GT)","Great Ape Baby (GT) (Profile Card)"
"00_4_1003_0690_00","Profile Card","Nuova Shenron (GT)","Nuova Shenron (GT) (Profile Card)"
"00_4_1003_0700_00","Profile Card","Syn Shenron (GT)","Syn Shenron (GT) (Profile Card)"
"00_4_1003_0700_01","Profile Card","Omega Shenron (GT)","Omega Shenron (GT) (Profile Card)"
"00_4_1003_0710_00","Profile Card","Mercenary Tao","Mercenary Tao (Profile Card)"
"00_4_1003_0720_00","Profile Card","General Blue","General Blue (Profile Card)"
"00_4_1003_0730_00","Profile Card","Spike the Devil Man","Spike the Devil Man (Profile Card)"
"00_4_1003_0760_00","Profile Card","Spopovich","Spopovich (Profile Card)"
"00_4_1003_0780_00","Profile Card","Beerus","Beerus (Profile Card)"
"00_4_1003_0790_00","Profile Card","Whis","Whis (Profile Card)"
"00_4_1003_0800_00","Profile Card","Goku Black","Goku Black (Profile Card)"
"00_4_1003_0800_01","Profile Card","Goku Black, Super Saiyan Rosé","Goku Black, Super Saiyan Rosé (Profile Card)"
"00_4_1003_0810_00","Profile Card","Zamasu","Zamasu (Profile Card)"
"00_4_1003_0810_01","Profile Card","Fused Zamasu","Fused Zamasu (Profile Card)"
"00_4_1003_0811_00","Profile Card","Fused Zamasu, Half-Corrupted","Fused Zamasu, Half-Corrupted (Profile Card)"
"00_4_1003_0820_00","Profile Card","Demon King Piccolo","Demon King Piccolo (Profile Card)"
"00_4_1003_0830_00","Profile Card","Jaco","Jaco (Profile Card)"
"00_4_1003_0870_00","Profile Card","Hit","Hit (Profile Card)"
"00_4_1003_0881_00","Profile Card","Frost","Frost (Profile Card)"
"00_4_1003_0890_00","Profile Card","Cabba","Cabba (Profile Card)"
"00_4_1003_0890_01","Profile Card","Cabba, Super Saiyan","Cabba, Super Saiyan (Profile Card)"
"00_4_1003_0890_02","Profile Card","Cabba, Super Saiyan 2","Cabba, Super Saiyan 2 (Profile Card)"
"00_4_1003_0900_00","Profile Card","Caulifla","Caulifla (Profile Card)"
"00_4_1003_0900_02","Profile Card","Caulifla, Super Saiyan 2","Caulifla, Super Saiyan 2 (Profile Card)"
"00_4_1003_0910_00","Profile Card","Kale","Kale (Profile Card)"
"00_4_1003_0911_00","Profile Card","Kale, Super Saiyan (Berserk)","Kale, Super Saiyan (Berserk) (Profile Card)"
"00_4_1003_0912_00","Profile Card","Kale, Super Saiyan","Kale, Super Saiyan (Profile Card)"
"00_4_1003_0920_00","Profile Card","Kefla","Kefla (Profile Card)"
"00_4_1003_0920_01","Profile Card","Kefla, Super Saiyan","Kefla, Super Saiyan (Profile Card)"
"00_4_1003_0920_02","Profile Card","Kefla, Super Saiyan 2","Kefla, Super Saiyan 2 (Profile Card)"
"00_4_1003_0930_00","Profile Card","Jiren","Jiren (Profile Card)"
"00_4_1003_0931_00","Profile Card","Jiren, Full Power","Jiren, Full Power (Profile Card)"
"00_4_1003_0940_00","Profile Card","Toppo","Toppo (Profile Card)"
"00_4_1003_0941_00","Profile Card","Toppo, God of Destruction","Toppo, God of Destruction (Profile Card)"
"00_4_1003_0950_00","Profile Card","Dyspo","Dyspo (Profile Card)"
"00_4_1003_1000_00","Profile Card","Champa","Champa (Profile Card)"
"00_4_1003_1190_00","Profile Card","Bergamo","Bergamo (Profile Card)"
"00_4_1003_1321_00","Profile Card","Ribrianne","Ribrianne (Profile Card)"
"00_4_1003_1331_00","Profile Card","Kakunsa","Kakunsa (Profile Card)"
"00_4_1003_1341_00","Profile Card","Roasie","Roasie (Profile Card)"
"00_4_1003_1500_00","Profile Card","Anilaza","Anilaza (Profile Card)"
"00_4_1003_1960_00","Profile Card","Cheelai","Cheelai (Profile Card)"
"00_4_1004_0000_00","Profile Card","Goku (Z - Early)","Goku (Z - Early) (Profile Card)"
"00_4_1004_0000_10","Profile Card","Goku (Z - Mid)","Goku (Z - Mid) (Profile Card)"
"00_4_1004_0000_11","Profile Card","Goku (Z - Mid), Super Saiyan","Goku (Z - Mid), Super Saiyan (Profile Card)"
"00_4_1004_0000_20","Profile Card","Goku (Z - End)","Goku (Z - End) (Profile Card)"
"00_4_1004_0000_21","Profile Card","Goku (Z - End), Super Saiyan","Goku (Z - End), Super Saiyan (Profile Card)"
"00_4_1004_0000_22","Profile Card","Goku (Z - End), Super Saiyan 2","Goku (Z - End), Super Saiyan 2 (Profile Card)"
"00_4_1004_0000_23","Profile Card","Goku (Z - End), Super Saiyan 3","Goku (Z - End), Super Saiyan 3 (Profile Card)"
"00_4_1004_0000_33","Profile Card","Goku (GT), Super Saiyan 4","Goku (GT), Super Saiyan 4 (Profile Card)"
"00_4_1004_0000_40","Profile Card","Goku (Super)","Goku (Super) (Profile Card)"
"00_4_1004_0000_41","Profile Card","Goku (Super), Super Saiyan","Goku (Super), Super Saiyan (Profile Card)"
"00_4_1004_0000_43","Profile Card","Goku (Super), Super Saiyan God Super Saiyan","Goku (Super), Super Saiyan God Super Saiyan (Profile Card)"
"00_4_1004_0000_50","Profile Card","Goku (Super), Ultra Instinct -Sign-","Goku (Super), Ultra Instinct -Sign- (Profile Card)"
"00_4_1004_0000_51","Profile Card","Goku (Super), Ultra Instinct","Goku (Super), Ultra Instinct (Profile Card)"
"00_4_1004_0001_42","Profile Card","Goku (Super), Super Saiyan God","Goku (Super), Super Saiyan God (Profile Card)"
"00_4_1004_0002_30","Profile Card","Goku (GT)","Goku (GT) (Profile Card)"
"00_4_1004_0002_31","Profile Card","Goku (GT), Super Saiyan","Goku (GT), Super Saiyan (Profile Card)"
"00_4_1004_0002_32","Profile Card","Goku (GT), Super Saiyan 3","Goku (GT), Super Saiyan 3 (Profile Card)"
"00_4_1004_0002_50","Profile Card","Goku (Teen)","Goku (Teen) (Profile Card)"
"00_4_1004_0020_00","Profile Card","Vegeta (Z - Scouter)","Vegeta (Z - Scouter) (Profile Card)"
"00_4_1004_0020_10","Profile Card","Vegeta (Z - Early)","Vegeta (Z - Early) (Profile Card)"
"00_4_1004_0020_11","Profile Card","Vegeta (Z - Early), Super Saiyan","Vegeta (Z - Early), Super Saiyan (Profile Card)"
"00_4_1004_0020_30","Profile Card","Vegeta (Z - End)","Vegeta (Z - End) (Profile Card)"
"00_4_1004_0020_31","Profile Card","Vegeta (Z - End), Super Saiyan","Vegeta (Z - End), Super Saiyan (Profile Card)"
"00_4_1004_0020_32","Profile Card","Vegeta (Z - End), Super Saiyan 2","Vegeta (Z - End), Super Saiyan 2 (Profile Card)"
"00_4_1004_0020_40","Profile Card","Majin Vegeta","Majin Vegeta (Profile Card)"
"00_4_1004_0020_50","Profile Card","Vegeta (GT), Super Saiyan 4","Vegeta (GT), Super Saiyan 4 (Profile Card)"
"00_4_1004_0020_60","Profile Card","Vegeta (Super)","Vegeta (Super) (Profile Card)"
"00_4_1004_0020_61","Profile Card","Vegeta (Super), Super Saiyan","Vegeta (Super), Super Saiyan (Profile Card)"
"00_4_1004_0020_63","Profile Card","Vegeta (Super), Super Saiyan God Super Saiyan","Vegeta (Super), Super Saiyan God Super Saiyan (Profile Card)"
"00_4_1004_0021_20","Profile Card","Super Vegeta","Super Vegeta (Profile Card)"
"00_4_1004_0022_62","Profile Card","Vegeta (Super), Super Saiyan God","Vegeta (Super), Super Saiyan God (Profile Card)"
"00_4_1004_0023_00","Profile Card","Great Ape Vegeta","Great Ape Vegeta (Profile Card)"
"00_4_1004_0030_00","Profile Card","Gohan (Kid)","Gohan (Kid) (Profile Card)"
"00_4_1004_0031_00","Profile Card","Gohan (Teen)","Gohan (Teen) (Profile Card)"
"00_4_1004_0031_01","Profile Card","Gohan (Teen), Super Saiyan","Gohan (Teen), Super Saiyan (Profile Card)"
"00_4_1004_0031_02","Profile Card","Gohan (Teen), Super Saiyan 2","Gohan (Teen), Super Saiyan 2 (Profile Card)"
"00_4_1004_0032_00","Profile Card","Gohan (Adult)","Gohan (Adult) (Profile Card)"
"00_4_1004_0032_01","Profile Card","Gohan (Adult), Super Saiyan","Gohan (Adult), Super Saiyan (Profile Card)"
"00_4_1004_0032_02","Profile Card","Gohan (Adult), Super Saiyan 2","Gohan (Adult), Super Saiyan 2 (Profile Card)"
"00_4_1004_0032_10","Profile Card","Great Saiyaman","Great Saiyaman (Profile Card)"
"00_4_1004_0032_20","Profile Card","Ultimate Gohan","Ultimate Gohan (Profile Card)"
"00_4_1004_0032_30","Profile Card","Gohan (Future)","Gohan (Future) (Profile Card)"
"00_4_1004_0032_31","Profile Card","Gohan (Future), Super Saiyan","Gohan (Future), Super Saiyan (Profile Card)"
"00_4_1004_0040_00","Profile Card","Piccolo","Piccolo (Profile Card)"
"00_4_1004_0040_10","Profile Card","Piccolo (Fused with Kami)","Piccolo (Fused with Kami) (Profile Card)"
"00_4_1004_0040_20","Profile Card","Nail","Nail (Profile Card)"
"00_4_1004_0050_00","Profile Card","Krillin","Krillin (Profile Card)"
"00_4_1004_0060_00","Profile Card","Yamcha","Yamcha (Profile Card)"
"00_4_1004_0070_00","Profile Card","Tien","Tien (Profile Card)"
"00_4_1004_0080_00","Profile Card","Trunks (Sword)","Trunks (Sword) (Profile Card)"
"00_4_1004_0080_01","Profile Card","Trunks (Sword), Super Saiyan","Trunks (Sword), Super Saiyan (Profile Card)"
"00_4_1004_0080_10","Profile Card","Trunks (Melee)","Trunks (Melee) (Profile Card)"
"00_4_1004_0080_11","Profile Card","Trunks (Melee), Super Saiyan","Trunks (Melee), Super Saiyan (Profile Card)"
"00_4_1004_0080_30","Profile Card","Future Trunks","Future Trunks (Profile Card)"
"00_4_1004_0080_31","Profile Card","Future Trunks, Super Saiyan","Future Trunks, Super Saiyan (Profile Card)"
"00_4_1004_0081_20","Profile Card","Super Trunks","Super Trunks (Profile Card)"
"00_4_1004_0082_00","Profile Card","Trunks (Kid)","Trunks (Kid) (Profile Card)"
"00_4_1004_0082_01","Profile Card","Trunks (Kid), Super Saiyan","Trunks (Kid), Super Saiyan (Profile Card)"
"00_4_1004_0090_00","Profile Card","Goten","Goten (Profile Card)"
"00_4_1004_0090_01","Profile Card","Goten, Super Saiyan","Goten, Super Saiyan (Profile Card)"
"00_4_1004_0100_00","Profile Card","Vegito","Vegito (Profile Card)"
"00_4_1004_0100_01","Profile Card","Super Vegito","Super Vegito (Profile Card)"
"00_4_1004_0100_02","Profile Card","Vegito, Super Saiyan God Super Saiyan","Vegito, Super Saiyan God Super Saiyan (Profile Card)"
"00_4_1004_0110_00","Profile Card","Gogeta (Super)","Gogeta (Super) (Profile Card)"
"00_4_1004_0110_01","Profile Card","Gogeta (Super), Super Saiyan","Gogeta (Super), Super Saiyan (Profile Card)"
"00_4_1004_0110_02","Profile Card","Gogeta (GT), Super Saiyan 4","Gogeta (GT), Super Saiyan 4 (Profile Card)"
"00_4_1004_0110_03","Profile Card","Gogeta (Super), Super Saiyan God Super Saiyan","Gogeta (Super), Super Saiyan God Super Saiyan (Profile Card)"
"00_4_1004_0110_04","Profile Card","Super Gogeta (Z) ","Super Gogeta (Z)  (Profile Card)"
"00_4_1004_0120_00","Profile Card","Gotenks","Gotenks (Profile Card)"
"00_4_1004_0120_01","Profile Card","Gotenks, Super Saiyan","Gotenks, Super Saiyan (Profile Card)"
"00_4_1004_0120_02","Profile Card","Gotenks, Super Saiyan 3","Gotenks, Super Saiyan 3 (Profile Card)"
"00_4_1004_0121_00","Profile Card","Mighty Mask","Mighty Mask (Profile Card)"
"00_4_1004_0130_00","Profile Card","Videl","Videl (Profile Card)"
"00_4_1004_0140_00","Profile Card","Master Roshi","Master Roshi (Profile Card)"
"00_4_1004_0141_00","Profile Card","Master Roshi, Max Power","Master Roshi, Max Power (Profile Card)"
"00_4_1004_0150_00","Profile Card","Frieza (Z), 1st Form","Frieza (Z), 1st Form (Profile Card)"
"00_4_1004_0151_00","Profile Card","Frieza (Z), 2nd Form","Frieza (Z), 2nd Form (Profile Card)"
"00_4_1004_0152_00","Profile Card","Frieza (Z), 3rd Form","Frieza (Z), 3rd Form (Profile Card)"
"00_4_1004_0153_00","Profile Card","Frieza (Z), 4th Form","Frieza (Z), 4th Form (Profile Card)"
"00_4_1004_0153_10","Profile Card","Mecha Frieza","Mecha Frieza (Profile Card)"
"00_4_1004_0153_20","Profile Card","Frieza (Super)","Frieza (Super) (Profile Card)"
"00_4_1004_0154_00","Profile Card","Frieza (Z), Full Power","Frieza (Z), Full Power (Profile Card)"
"00_4_1004_0155_00","Profile Card","Golden Frieza","Golden Frieza (Profile Card)"
"00_4_1004_0160_00","Profile Card","Cell, 1st Form","Cell, 1st Form (Profile Card)"
"00_4_1004_0161_00","Profile Card","Cell, 2nd Form","Cell, 2nd Form (Profile Card)"
"00_4_1004_0162_00","Profile Card","Cell, Perfect Form","Cell, Perfect Form (Profile Card)"
"00_4_1004_0162_01","Profile Card","Perfect Cell","Perfect Cell (Profile Card)"
"00_4_1004_0163_00","Profile Card","Cell Jr.","Cell Jr. (Profile Card)"
"00_4_1004_0170_00","Profile Card","Majin Buu","Majin Buu (Profile Card)"
"00_4_1004_0171_00","Profile Card","Majin Buu (Evil)","Majin Buu (Evil) (Profile Card)"
"00_4_1004_0172_00","Profile Card","Super Buu","Super Buu (Profile Card)"
"00_4_1004_0172_10","Profile Card","Super Buu (Gotenks Absorbed)","Super Buu (Gotenks Absorbed) (Profile Card)"
"00_4_1004_0172_11","Profile Card","Super Buu (Gohan Absorbed)","Super Buu (Gohan Absorbed) (Profile Card)"
"00_4_1004_0173_00","Profile Card","Kid Buu","Kid Buu (Profile Card)"
"00_4_1004_0180_00","Profile Card","Mr. Satan","Mr. Satan (Profile Card)"
"00_4_1004_0190_00","Profile Card","Chiaotzu","Chiaotzu (Profile Card)"
"00_4_1004_0210_00","Profile Card","Yajirobe","Yajirobe (Profile Card)"
"00_4_1004_0220_00","Profile Card","Pikkon","Pikkon (Profile Card)"
"00_4_1004_0230_00","Profile Card","Pan (GT)","Pan (GT) (Profile Card)"
"00_4_1004_0240_00","Profile Card","Uub (GT)","Uub (GT) (Profile Card)"
"00_4_1004_0240_01","Profile Card","Majuub (GT)","Majuub (GT) (Profile Card)"
"00_4_1004_0260_00","Profile Card","Grandpa Gohan","Grandpa Gohan (Profile Card)"
"00_4_1004_0270_00","Profile Card","Nam","Nam (Profile Card)"
"00_4_1004_0280_00","Profile Card","Eighter","Eighter (Profile Card)"
"00_4_1004_0301_00","Profile Card","Chi-Chi","Chi-Chi (Profile Card)"
"00_4_1004_0310_00","Profile Card","Bardock","Bardock (Profile Card)"
"00_4_1004_0320_00","Profile Card","Raditz","Raditz (Profile Card)"
"00_4_1004_0330_00","Profile Card","Saibaman","Saibaman (Profile Card)"
"00_4_1004_0340_00","Profile Card","Nappa","Nappa (Profile Card)"
"00_4_1004_0350_00","Profile Card","Zarbon","Zarbon (Profile Card)"
"00_4_1004_0351_00","Profile Card","Super Zarbon","Super Zarbon (Profile Card)"
"00_4_1004_0360_00","Profile Card","Dodoria","Dodoria (Profile Card)"
"00_4_1004_0370_00","Profile Card","Cui","Cui (Profile Card)"
"00_4_1004_0380_00","Profile Card","Captain Ginyu","Captain Ginyu (Profile Card)"
"00_4_1004_0390_00","Profile Card","Recoome","Recoome (Profile Card)"
"00_4_1004_0400_00","Profile Card","Burter","Burter (Profile Card)"
"00_4_1004_0410_00","Profile Card","Jeice","Jeice (Profile Card)"
"00_4_1004_0420_00","Profile Card","Guldo","Guldo (Profile Card)"
"00_4_1004_0430_00","Profile Card","King Cold","King Cold (Profile Card)"
"00_4_1004_0440_00","Profile Card","Android 16","Android 16 (Profile Card)"
"00_4_1004_0450_00","Profile Card","Android 17 (Z)","Android 17 (Z) (Profile Card)"
"00_4_1004_0450_10","Profile Card","Android 17 (Super)","Android 17 (Super) (Profile Card)"
"00_4_1004_0451_00","Profile Card","Super 17 (GT)","Super 17 (GT) (Profile Card)"
"00_4_1004_0460_00","Profile Card","Android 18","Android 18 (Profile Card)"
"00_4_1004_0470_00","Profile Card","Android 19","Android 19 (Profile Card)"
"00_4_1004_0480_00","Profile Card","Dr. Gero","Dr. Gero (Profile Card)"
"00_4_1004_0490_00","Profile Card","Babidi","Babidi (Profile Card)"
"00_4_1004_0500_00","Profile Card","Dabura","Dabura (Profile Card)"
"00_4_1004_0510_00","Profile Card","King Vegeta","King Vegeta (Profile Card)"
"00_4_1004_0540_00","Profile Card","Frieza Force Soldier","Frieza Force Soldier (Profile Card)"
"00_4_1004_0550_00","Profile Card","Broly (Z)","Broly (Z) (Profile Card)"
"00_4_1004_0551_00","Profile Card","Broly (Z), Super Saiyan","Broly (Z), Super Saiyan (Profile Card)"
"00_4_1004_0552_00","Profile Card","Broly (Z), Legendary Super Saiyan","Broly (Z), Legendary Super Saiyan (Profile Card)"
"00_4_1004_0553_00","Profile Card","Broly (Super)","Broly (Super) (Profile Card)"
"00_4_1004_0554_00","Profile Card","Broly (Super), Super Saiyan","Broly (Super), Super Saiyan (Profile Card)"
"00_4_1004_0555_00","Profile Card","Broly (Super), Super Saiyan (Full Power)","Broly (Super), Super Saiyan (Full Power) (Profile Card)"
"00_4_1004_0561_00","Profile Card","Super Garlic Jr.","Super Garlic Jr. (Profile Card)"
"00_4_1004_0570_00","Profile Card","Dr. Wheelo","Dr. Wheelo (Profile Card)"
"00_4_1004_0580_00","Profile Card","Turles","Turles (Profile Card)"
"00_4_1004_0590_00","Profile Card","Lord Slug","Lord Slug (Profile Card)"
"00_4_1004_0591_00","Profile Card","Lord Slug, Giant Form","Lord Slug, Giant Form (Profile Card)"
"00_4_1004_0600_00","Profile Card","Cooler","Cooler (Profile Card)"
"00_4_1004_0600_10","Profile Card","Metal Cooler","Metal Cooler (Profile Card)"
"00_4_1004_0601_00","Profile Card","Cooler, Final Form","Cooler, Final Form (Profile Card)"
"00_4_1004_0610_00","Profile Card","Salza","Salza (Profile Card)"
"00_4_1004_0620_00","Profile Card","Android 13","Android 13 (Profile Card)"
"00_4_1004_0621_00","Profile Card","Fusion Android 13","Fusion Android 13 (Profile Card)"
"00_4_1004_0630_00","Profile Card","Bojack","Bojack (Profile Card)"
"00_4_1004_0631_00","Profile Card","Full-Power Bojack","Full-Power Bojack (Profile Card)"
"00_4_1004_0640_00","Profile Card","Zangya","Zangya (Profile Card)"
"00_4_1004_0650_00","Profile Card","Janemba","Janemba (Profile Card)"
"00_4_1004_0651_00","Profile Card","Super Janemba","Super Janemba (Profile Card)"
"00_4_1004_0660_00","Profile Card","Tapion","Tapion (Profile Card)"
"00_4_1004_0670_00","Profile Card","Hirudegarn","Hirudegarn (Profile Card)"
"00_4_1004_0680_00","Profile Card","Baby Vegeta (GT)","Baby Vegeta (GT) (Profile Card)"
"00_4_1004_0680_01","Profile Card","Super Baby 1 (GT)","Super Baby 1 (GT) (Profile Card)"
"00_4_1004_0680_02","Profile Card","Super Baby 2 (GT)","Super Baby 2 (GT) (Profile Card)"
"00_4_1004_0681_00","Profile Card","Great Ape Baby (GT)","Great Ape Baby (GT) (Profile Card)"
"00_4_1004_0690_00","Profile Card","Nuova Shenron (GT)","Nuova Shenron (GT) (Profile Card)"
"00_4_1004_0700_00","Profile Card","Syn Shenron (GT)","Syn Shenron (GT) (Profile Card)"
"00_4_1004_0700_01","Profile Card","Omega Shenron (GT)","Omega Shenron (GT) (Profile Card)"
"00_4_1004_0710_00","Profile Card","Mercenary Tao","Mercenary Tao (Profile Card)"
"00_4_1004_0720_00","Profile Card","General Blue","General Blue (Profile Card)"
"00_4_1004_0730_00","Profile Card","Spike the Devil Man","Spike the Devil Man (Profile Card)"
"00_4_1004_0760_00","Profile Card","Spopovich","Spopovich (Profile Card)"
"00_4_1004_0780_00","Profile Card","Beerus","Beerus (Profile Card)"
"00_4_1004_0790_00","Profile Card","Whis","Whis (Profile Card)"
"00_4_1004_0800_00","Profile Card","Goku Black","Goku Black (Profile Card)"
"00_4_1004_0800_01","Profile Card","Goku Black, Super Saiyan Rosé","Goku Black, Super Saiyan Rosé (Profile Card)"
"00_4_1004_0810_00","Profile Card","Zamasu","Zamasu (Profile Card)"
"00_4_1004_0810_01","Profile Card","Fused Zamasu","Fused Zamasu (Profile Card)"
"00_4_1004_0811_00","Profile Card","Fused Zamasu, Half-Corrupted","Fused Zamasu, Half-Corrupted (Profile Card)"
"00_4_1004_0820_00","Profile Card","Demon King Piccolo","Demon King Piccolo (Profile Card)"
"00_4_1004_0830_00","Profile Card","Jaco","Jaco (Profile Card)"
"00_4_1004_0870_00","Profile Card","Hit","Hit (Profile Card)"
"00_4_1004_0881_00","Profile Card","Frost","Frost (Profile Card)"
"00_4_1004_0890_00","Profile Card","Cabba","Cabba (Profile Card)"
"00_4_1004_0890_01","Profile Card","Cabba, Super Saiyan","Cabba, Super Saiyan (Profile Card)"
"00_4_1004_0890_02","Profile Card","Cabba, Super Saiyan 2","Cabba, Super Saiyan 2 (Profile Card)"
"00_4_1004_0900_00","Profile Card","Caulifla","Caulifla (Profile Card)"
"00_4_1004_0900_02","Profile Card","Caulifla, Super Saiyan 2","Caulifla, Super Saiyan 2 (Profile Card)"
"00_4_1004_0910_00","Profile Card","Kale","Kale (Profile Card)"
"00_4_1004_0911_00","Profile Card","Kale, Super Saiyan (Berserk)","Kale, Super Saiyan (Berserk) (Profile Card)"
"00_4_1004_0912_00","Profile Card","Kale, Super Saiyan","Kale, Super Saiyan (Profile Card)"
"00_4_1004_0920_00","Profile Card","Kefla","Kefla (Profile Card)"
"00_4_1004_0920_01","Profile Card","Kefla, Super Saiyan","Kefla, Super Saiyan (Profile Card)"
"00_4_1004_0920_02","Profile Card","Kefla, Super Saiyan 2","Kefla, Super Saiyan 2 (Profile Card)"
"00_4_1004_0930_00","Profile Card","Jiren","Jiren (Profile Card)"
"00_4_1004_0931_00","Profile Card","Jiren, Full Power","Jiren, Full Power (Profile Card)"
"00_4_1004_0940_00","Profile Card","Toppo","Toppo (Profile Card)"
"00_4_1004_0941_00","Profile Card","Toppo, God of Destruction","Toppo, God of Destruction (Profile Card)"
"00_4_1004_0950_00","Profile Card","Dyspo","Dyspo (Profile Card)"
"00_4_1004_1000_00","Profile Card","Champa","Champa (Profile Card)"
"00_4_1004_1190_00","Profile Card","Bergamo","Bergamo (Profile Card)"
"00_4_1004_1321_00","Profile Card","Ribrianne","Ribrianne (Profile Card)"
"00_4_1004_1331_00","Profile Card","Kakunsa","Kakunsa (Profile Card)"
"00_4_1004_1341_00","Profile Card","Roasie","Roasie (Profile Card)"
"00_4_1004_1500_00","Profile Card","Anilaza","Anilaza (Profile Card)"
"00_4_1004_1960_00","Profile Card","Cheelai","Cheelai (Profile Card)"
"00_5_0000","Unknown","","00_5_0000"
"00_5_0001","Unknown","","00_5_0001"
"00_5_0002","Unknown","","00_5_0002"
"00_5_1000","Unknown","","00_5_1000"
"00_5_1001","Unknown","","00_5_1001"
"00_5_1002","Unknown","","00_5_1002"
"00_5_1003","Unknown","","00_5_1003"
"00_6_0000","Sparking BGM","","Impartial Justice"
"00_6_0001","Sparking BGM","","Dreadful Villain"
"00_6_0202","Sparking BGM","","Morally Gray"
"00_6_0203","Sparking BGM","","Divine Judgment"
"00_6_0204","Sparking BGM","","Effortless Delights"
"00_6_0205","Sparking BGM","","Malicious Intent"
"00_6_0206","Sparking BGM","","Ultimate Survivor"
"00_6_0207","Sparking BGM","","Absolute Domination"
"00_6_0208","Sparking BGM","","Swirling Chaos"
"00_6_1000","Sparking BGM","","Fighting Spirit"
"00_6_1001","Sparking BGM","","Ultra Instinct"
"00_6_1002","Sparking BGM","","Let's Rock!"
"00_6_1003","Sparking BGM","","Ultimate Fusion"
"00_6_1004","Sparking BGM","","Ego above All"
"00_6_1005","Sparking BGM","","Evolution"
"00_6_1006","Sparking BGM","","Super Earthling"
"00_6_1007","Sparking BGM","","Hidden Potential"
"00_6_1008","Sparking BGM","","Awakened Child"
"00_6_1009","Sparking BGM","","Next-Gen Hero"
"00_6_1010","Sparking BGM","","Hidden Power Unleashed"
"00_6_1011","Sparking BGM","","Beyond Good and Evil"
"00_6_1012","Sparking BGM","","Hope for the Future"
"00_6_1013","Sparking BGM","","Lone Wolf"
"00_6_1014","Sparking BGM","","Monk-in-Training"
"00_6_1015","Sparking BGM","","Master"
"00_6_1016","Sparking BGM","","Reign of Terror"
"00_6_1017","Sparking BGM","","Ruler of Fear"
"00_6_1018","Sparking BGM","","The Most Malevolent Ever"
"00_6_1019","Sparking BGM","","Ultimate Cells"
"00_6_1020","Sparking BGM","","Ceaseless Terror"
"00_6_1021","Sparking BGM","","Innocent Assault"
"00_6_1022","Sparking BGM","","Divine Grudge"
"00_6_1023","Sparking BGM","","Black Roses"
"00_6_1024","Sparking BGM","","The Immortal Divine"
"00_6_1025","Sparking BGM","","Strength Is Justice"
"00_6_1026","Sparking BGM","","Nothing to Lose"
"00_6_1027","Sparking BGM","","Super Saiyan"
"00_6_1028","Sparking BGM","","True Form"
"00_6_1029","Sparking BGM","","Great Ape"
"00_6_1030","Sparking BGM","","Within the Light"
"00_6_1031","Sparking BGM","","Evil United"
"00_6_1032","Sparking BGM","","Pride Troopers"
"00_6_1033","Sparking BGM","","God of Destruction"
"00_6_1034","Sparking BGM","","Hero of Justice"
"00_6_1035","Sparking BGM","","Malice"
"00_6_1036","Sparking BGM","","Strangely Innocent"
"00_6_1037","Sparking BGM","","Strangely Evil"
"00_6_1038","Sparking BGM","","Slapstick Heroes"
"00_6_1039","Sparking BGM","","Berserker"
"00_6_1040","Sparking BGM","","Realm of the Gods"
"00_6_1041","Sparking BGM","","Valkyrie"
"00_6_1042","Sparking BGM","","The Power of Love"
"00_6_1043","Sparking BGM","","Cruel Galaxy"
"00_6_1044","Sparking BGM","","Legendary Warrior"
"00_6_1100","Sparking BGM","","Genkai Toppa X Survivor"
"00_6_2000","Sparking BGM","","CHA-LA HEAD-CHA-LA"
"00_6_2001","Sparking BGM","","WE GOTTA POWER"
"00_6_2002","Sparking BGM","","KYOUFUNO GINYUU TOKUSENTAI"
"00_6_2003","Sparking BGM","","SHIO YOBU CELL GAME"
"00_6_2004","Sparking BGM","","AKUMA NO BROLY"
"00_6_2005","Sparking BGM","","Day of Destiny -Soul vs Soul-"
"00_6_2006","Sparking BGM","","SEIGIO AISURU MONO"
"00_6_2007","Sparking BGM","","Cho-Zets☆Dynamic!"
"00_6_2008","Sparking BGM","","Champa's Theme"
"00_6_2009","Sparking BGM","","Kyuukyokuno Battle(Instrumental)"
"00_6_2010","Sparking BGM","","Hand-To-Hand Battle"
"00_6_2011","Sparking BGM","","MAKAFUSHIGI ADVENTURE!"
"00_6_2012","Sparking BGM","","Orewa Kakarot"
"00_6_2013","Sparking BGM","","Broly Sentoukaishi"
"00_6_2014","Sparking BGM","","SAIKYOU NO FUSION"
"00_6_2015","Sparking BGM","","Solid State Scouter"
"00_6_2016","Sparking BGM","","DAN DAN KOKORO HIKARETEKU"
"00_6_2017","Sparking BGM","","DRAGON BALL SUPER -BROLY- Theme"
"00_6_2018","Sparking BGM","","Blizzard"
"00_6_2019","Sparking BGM","","PROLOGUE & SUBTITLE 1"
"00_6_2020","Sparking BGM","","PROLOGUE & SUBTITLE 2"
"00_6_2021","Sparking BGM","","CHA-LA HEAD-CHA-LA (Days of Battle)"
"00_6_2022","Sparking BGM","","YAPPARI SAIKYO SONGOKU!! (WE GOTTA POWER)"
"00_7_0000","AI Strategy","","Balanced Strategy: Melee"
"00_7_0001","AI Strategy","","Balanced Strategy: Ki Blasts"
"00_7_0002","AI Strategy","","Balanced Strategy: Sparking!"
"00_7_0003","AI Strategy","","Attack Strategy: Combos"
"00_7_0004","AI Strategy","","Defense Strategy: Counters"
"00_7_0005","AI Strategy","","Balanced Strategy: Restrain"
"00_7_0006","AI Strategy","","Defense Strategy: Blasts"
"00_7_0007","AI Strategy","","Attack Strategy: Ultimate Blasts"
"00_7_0008","AI Strategy","","Defense Strategy: Gauge Recovery"
"00_7_0009","AI Strategy","","Balanced Strategy: Blasts"
"00_7_0010","AI Strategy","","Defense Strategy: Skills"
"00_7_0011","AI Strategy","","Attack Strategy: Barrage"
"00_7_0012","AI Strategy","","Balanced Strategy: Movement"
"00_7_0013","AI Strategy","","Attack Strategy: Evasion"
"00_7_0014","AI Strategy","","Attack Strategy: Vanishing"
"00_8_0000","Stamp/Title","","00_8_0000"
"00_8_0001","Stamp/Title","","00_8_0001"
"00_8_0002","Stamp/Title","","00_8_0002"
"00_8_0003","Stamp/Title","","00_8_0003"
"00_8_0004","Stamp/Title","","00_8_0004"
"00_8_0005","Stamp/Title","","00_8_0005"
"00_8_0006","Stamp/Title","","00_8_0006"
"00_8_0007","Stamp/Title","","00_8_0007"
"00_8_0008","Stamp/Title","","00_8_0008"
"00_8_0009","Stamp/Title","","00_8_0009"
"00_8_0010","Stamp/Title","","00_8_0010"
"00_8_0011","Stamp/Title","","00_8_0011"
"00_8_0012","Stamp/Title","","00_8_0012"
"00_8_0013","Stamp/Title","","00_8_0013"
"00_8_0014","Stamp/Title","","00_8_0014"
"00_8_0015","Stamp/Title","","00_8_0015"
"00_8_0016","Stamp/Title","","00_8_0016"
"00_8_0017","Stamp/Title","","00_8_0017"
"00_8_0018","Stamp/Title","","00_8_0018"
"00_8_0019","Stamp/Title","","00_8_0019"
"00_8_0020","Stamp/Title","","00_8_0020"
"00_8_0021","Stamp/Title","","00_8_0021"
"00_8_0022","Stamp/Title","","00_8_0022"
"00_8_0023","Stamp/Title","","00_8_0023"
"00_8_0024","Stamp/Title","","00_8_0024"
"00_8_0025","Stamp/Title","","00_8_0025"
"00_8_0031","Stamp/Title","","00_8_0031"
"00_8_0032","Stamp/Title","","00_8_0032"
"00_8_0033","Stamp/Title","","00_8_0033"
"00_8_0034","Stamp/Title","","00_8_0034"
"00_8_0035","Stamp/Title","","00_8_0035"
"00_8_0036","Stamp/Title","","00_8_0036"
"00_8_0037","Stamp/Title","","00_8_0037"
"00_8_0038","Stamp/Title","","00_8_0038"
"00_8_0039","Stamp/Title","","00_8_0039"
"00_8_0040","Stamp/Title","","00_8_0040"
"00_8_0041","Stamp/Title","","00_8_0041"
"00_8_0042","Stamp/Title","","00_8_0042"
"00_8_0043","Stamp/Title","","00_8_0043"
"00_8_0044","Stamp/Title","","00_8_0044"
"00_8_0045","Stamp/Title","","00_8_0045"
"00_8_0046","Stamp/Title","","00_8_0046"
"00_8_0047","Stamp/Title","","00_8_0047"
"00_8_0048","Stamp/Title","","00_8_0048"
"00_8_0049","Stamp/Title","","00_8_0049"
"00_8_0050","Stamp/Title","","00_8_0050"
"00_8_0051","Stamp/Title","","00_8_0051"
"00_8_0052","Stamp/Title","","00_8_0052"
"00_8_0053","Stamp/Title","","00_8_0053"
"00_8_0054","Stamp/Title","","00_8_0054"
"00_8_0055","Stamp/Title","","00_8_0055"
"00_8_0056","Stamp/Title","","00_8_0056"
"00_8_0057","Stamp/Title","","00_8_0057"
"00_8_0058","Stamp/Title","","00_8_0058"
"00_8_0059","Stamp/Title","","00_8_0059"
"00_8_0060","Stamp/Title","","00_8_0060"
"00_8_0061","Stamp/Title","","00_8_0061"
"00_8_0062","Stamp/Title","","00_8_0062"
"00_8_0063","Stamp/Title","","00_8_0063"
"00_8_0064","Stamp/Title","","00_8_0064"
"00_8_0065","Stamp/Title","","00_8_0065"
"00_8_0066","Stamp/Title","","00_8_0066"
"00_8_0067","Stamp/Title","","00_8_0067"
"00_8_0068","Stamp/Title","","00_8_0068"
"00_8_0069","Stamp/Title","","00_8_0069"
"00_8_0070","Stamp/Title","","00_8_0070"
"00_8_0071","Stamp/Title","","00_8_0071"
"00_8_0072","Stamp/Title","","00_8_0072"
"00_8_0073","Stamp/Title","","00_8_0073"
"00_8_0074","Stamp/Title","","00_8_0074"
"00_8_0075","Stamp/Title","","00_8_0075"
"00_8_0076","Stamp/Title","","00_8_0076"
"00_8_0077","Stamp/Title","","00_8_0077"
"00_8_0078","Stamp/Title","","00_8_0078"
"00_8_0079","Stamp/Title","","00_8_0079"
"00_8_0080","Stamp/Title","","00_8_0080"
"00_8_0081","Stamp/Title","","00_8_0081"
"00_8_0082","Stamp/Title","","00_8_0082"
"00_8_0083","Stamp/Title","","00_8_0083"
"00_8_0084","Stamp/Title","","00_8_0084"
"00_8_0085","Stamp/Title","","00_8_0085"
"00_8_0086","Stamp/Title","","00_8_0086"
"00_8_0087","Stamp/Title","","00_8_0087"
"00_8_0088","Stamp/Title","","00_8_0088"
"00_8_0089","Stamp/Title","","00_8_0089"
"00_8_0090","Stamp/Title","","00_8_0090"
"00_8_0091","Stamp/Title","","00_8_0091"
"00_8_0092","Stamp/Title","","00_8_0092"
"00_8_0093","Stamp/Title","","00_8_0093"
"00_8_0094","Stamp/Title","","00_8_0094"
"00_8_0095","Stamp/Title","","00_8_0095"
"00_8_0096","Stamp/Title","","00_8_0096"
"00_8_0097","Stamp/Title","","00_8_0097"
"00_8_0098","Stamp/Title","","00_8_0098"
"00_8_0099","Stamp/Title","","00_8_0099"
"00_8_0100","Stamp/Title","","00_8_0100"
"00_8_0101","Stamp/Title","","00_8_0101"
"00_8_0102","Stamp/Title","","00_8_0102"
"00_8_0103","Stamp/Title","","00_8_0103"
"00_8_0104","Stamp/Title","","00_8_0104"
"00_8_0105","Stamp/Title","","00_8_0105"
"00_8_0106","Stamp/Title","","00_8_0106"
"00_8_0107","Stamp/Title","","00_8_0107"
"00_8_0108","Stamp/Title","","00_8_0108"
"00_8_0109","Stamp/Title","","00_8_0109"
"00_8_0110","Stamp/Title","","00_8_0110"
"00_8_0111","Stamp/Title","","00_8_0111"
"00_8_0112","Stamp/Title","","00_8_0112"
"00_8_0113","Stamp/Title","","00_8_0113"
"00_8_0114","Stamp/Title","","00_8_0114"
"00_8_0115","Stamp/Title","","00_8_0115"
"00_8_0116","Stamp/Title","","00_8_0116"
"00_8_0117","Stamp/Title","","00_8_0117"
"00_8_0118","Stamp/Title","","00_8_0118"
"00_8_0119","Stamp/Title","","00_8_0119"
"00_8_0120","Stamp/Title","","00_8_0120"
"00_8_0121","Stamp/Title","","00_8_0121"
"00_8_0122","Stamp/Title","","00_8_0122"
"00_8_0123","Stamp/Title","","00_8_0123"
"00_8_0124","Stamp/Title","","00_8_0124"
"00_8_0125","Stamp/Title","","00_8_0125"
"00_8_0126","Stamp/Title","","00_8_0126"
"00_8_0127","Stamp/Title","","00_8_0127"
"00_8_0128","Stamp/Title","","00_8_0128"
"00_8_0129","Stamp/Title","","00_8_0129"
"00_8_0130","Stamp/Title","","00_8_0130"
"00_8_0131","Stamp/Title","","00_8_0131"
"00_8_0132","Stamp/Title","","00_8_0132"
"00_8_0133","Stamp/Title","","00_8_0133"
"00_8_0134","Stamp/Title","","00_8_0134"
"00_8_0135","Stamp/Title","","00_8_0135"
"00_8_0136","Stamp/Title","","00_8_0136"
"00_8_0137","Stamp/Title","","00_8_0137"
"00_8_0138","Stamp/Title","","00_8_0138"
"00_8_0139","Stamp/Title","","00_8_0139"
"00_8_0140","Stamp/Title","","00_8_0140"
"00_8_0141","Stamp/Title","","00_8_0141"
"00_8_0142","Stamp/Title","","00_8_0142"
"00_8_0143","Stamp/Title","","00_8_0143"
"00_8_0144","Stamp/Title","","00_8_0144"
"00_8_0145","Stamp/Title","","00_8_0145"
"00_8_0146","Stamp/Title","","00_8_0146"
"00_8_0147","Stamp/Title","","00_8_0147"
"00_8_0148","Stamp/Title","","00_8_0148"
"00_8_0149","Stamp/Title","","00_8_0149"
"00_8_0150","Stamp/Title","","00_8_0150"
"00_8_0151","Stamp/Title","","00_8_0151"
"00_8_0152","Stamp/Title","","00_8_0152"
"00_8_0153","Stamp/Title","","00_8_0153"
"00_8_0154","Stamp/Title","","00_8_0154"
"00_8_0155","Stamp/Title","","00_8_0155"
"00_8_0156","Stamp/Title","","00_8_0156"
"00_8_0157","Stamp/Title","","00_8_0157"
"00_8_0158","Stamp/Title","","00_8_0158"
"00_8_0159","Stamp/Title","","00_8_0159"
"00_8_0160","Stamp/Title","","00_8_0160"
"00_8_0161","Stamp/Title","","00_8_0161"
"00_8_0162","Stamp/Title","","00_8_0162"
"00_8_0163","Stamp/Title","","00_8_0163"
"00_8_0164","Stamp/Title","","00_8_0164"
"00_8_0165","Stamp/Title","","00_8_0165"
"00_8_0175","Stamp/Title","","00_8_0175"
"00_8_0176","Stamp/Title","","00_8_0176"
"00_8_0177","Stamp/Title","","00_8_0177"
"00_8_0178","Stamp/Title","","00_8_0178"
"00_8_0179","Stamp/Title","","00_8_0179"
"00_8_0180","Stamp/Title","","00_8_0180"
"00_8_0181","Stamp/Title","","00_8_0181"
"00_8_0182","Stamp/Title","","00_8_0182"
"00_8_0183","Stamp/Title","","00_8_0183"
"00_8_0184","Stamp/Title","","00_8_0184"
"00_8_0185","Stamp/Title","","00_8_0185"
"00_8_0186","Stamp/Title","","00_8_0186"
"00_8_0187","Stamp/Title","","00_8_0187"
"00_8_0188","Stamp/Title","","00_8_0188"
"00_8_0189","Stamp/Title","","00_8_0189"
"00_8_0190","Stamp/Title","","00_8_0190"
"00_8_0191","Stamp/Title","","00_8_0191"
"00_8_0192","Stamp/Title","","00_8_0192"
"00_8_0193","Stamp/Title","","00_8_0193"
"00_8_0194","Stamp/Title","","00_8_0194"
"00_8_0195","Stamp/Title","","00_8_0195"
"00_8_0196","Stamp/Title","","00_8_0196"
"00_8_0197","Stamp/Title","","00_8_0197"
"00_8_0198","Stamp/Title","","00_8_0198"
"00_8_0199","Stamp/Title","","00_8_0199"
"00_8_0200","Stamp/Title","","00_8_0200"
"00_8_0201","Stamp/Title","","00_8_0201"
"00_8_0202","Stamp/Title","","00_8_0202"
"00_8_0203","Stamp/Title","","00_8_0203"
"00_8_0204","Stamp/Title","","00_8_0204"
"00_8_0205","Stamp/Title","","00_8_0205"
"00_8_0206","Stamp/Title","","00_8_0206"
"00_8_0207","Stamp/Title","","00_8_0207"
"00_8_0208","Stamp/Title","","00_8_0208"
"00_8_0209","Stamp/Title","","00_8_0209"
"00_8_0210","Stamp/Title","","00_8_0210"
"00_8_0211","Stamp/Title","","00_8_0211"
"00_8_0212","Stamp/Title","","00_8_0212"
"00_8_0213","Stamp/Title","","00_8_0213"
"00_8_0214","Stamp/Title","","00_8_0214"
"00_8_0215","Stamp/Title","","00_8_0215"
"00_8_0216","Stamp/Title","","00_8_0216"
"00_8_0217","Stamp/Title","","00_8_0217"
"01_1_0000_3000_00","Costume","Gohan (Super Hero)","Gohan (Super Hero) Outfit"
"01_1_0000_3000_01","Costume","Gohan (Super Hero), Super Saiyan","Gohan (Super Hero), Super Saiyan Outfit"
"01_1_0000_3000_02","Costume","Ultimate Gohan (Super Hero)","Ultimate Gohan (Super Hero) Outfit"
"01_1_0000_3000_03","Costume","Gohan Beast","Gohan Beast Outfit"
"01_1_0000_3010_00","Costume","Piccolo (Super Hero)","Piccolo (Super Hero) Outfit"
"01_1_0000_3010_01","Costume","Piccolo (Super Hero), Power Awakening","Piccolo (Super Hero), Power Awakening Outfit"
"01_1_0000_3011_00","Costume","Orange Piccolo","Orange Piccolo Outfit"
"01_1_0000_3012_00","Costume","Orange Piccolo, Giant Form","Orange Piccolo, Giant Form Outfit"
"01_1_0000_3020_00","Costume","Gamma 1","Gamma 1 Outfit"
"01_1_0000_3030_00","Costume","Gamma 2","Gamma 2 Outfit"
"01_1_0000_3040_00","Costume","Cell Max","Cell Max Outfit"
"01_1_0001_3000_00","Costume","Gohan (Super Hero)","Gohan (Super Hero) Outfit"
"01_1_0001_3010_00","Costume","Piccolo (Super Hero)","Piccolo (Super Hero) Outfit"
"01_1_0001_3010_01","Costume","Piccolo (Super Hero), Power Awakening","Piccolo (Super Hero), Power Awakening Outfit"
"01_4_0000_3000_00","Profile Card","Gohan (Super Hero)","Gohan (Super Hero) (Profile Card)"
"01_4_0000_3000_01","Profile Card","Gohan (Super Hero), Super Saiyan","Gohan (Super Hero), Super Saiyan (Profile Card)"
"01_4_0000_3000_02","Profile Card","Ultimate Gohan (Super Hero)","Ultimate Gohan (Super Hero) (Profile Card)"
"01_4_0000_3000_03","Profile Card","Gohan Beast","Gohan Beast (Profile Card)"
"01_4_0000_3010_00","Profile Card","Piccolo (Super Hero)","Piccolo (Super Hero) (Profile Card)"
"01_4_0000_3010_01","Profile Card","Piccolo (Super Hero), Power Awakening","Piccolo (Super Hero), Power Awakening (Profile Card)"
"01_4_0000_3011_00","Profile Card","Orange Piccolo","Orange Piccolo (Profile Card)"
"01_4_0000_3012_00","Profile Card","Orange Piccolo, Giant Form","Orange Piccolo, Giant Form (Profile Card)"
"01_4_0000_3020_00","Profile Card","Gamma 1","Gamma 1 (Profile Card)"
"01_4_0000_3030_00","Profile Card","Gamma 2","Gamma 2 (Profile Card)"
"01_4_0000_3040_00","Profile Card","Cell Max","Cell Max (Profile Card)"
"01_4_1000_3000_00","Profile Card","Gohan (Super Hero)","Gohan (Super Hero) (Profile Card)"
"01_4_1000_3000_01","Profile Card","Gohan (Super Hero), Super Saiyan","Gohan (Super Hero), Super Saiyan (Profile Card)"
"01_4_1000_3000_02","Profile Card","Ultimate Gohan (Super Hero)","Ultimate Gohan (Super Hero) (Profile Card)"
"01_4_1000_3000_03","Profile Card","Gohan Beast","Gohan Beast (Profile Card)"
"01_4_1000_3010_00","Profile Card","Piccolo (Super Hero)","Piccolo (Super Hero) (Profile Card)"
"01_4_1000_3010_01","Profile Card","Piccolo (Super Hero), Power Awakening","Piccolo (Super Hero), Power Awakening (Profile Card)"
"01_4_1000_3011_00","Profile Card","Orange Piccolo","Orange Piccolo (Profile Card)"
"01_4_1000_3012_00","Profile Card","Orange Piccolo, Giant Form","Orange Piccolo, Giant Form (Profile Card)"
"01_4_1000_3020_00","Profile Card","Gamma 1","Gamma 1 (Profile Card)"
"01_4_1000_3030_00","Profile Card","Gamma 2","Gamma 2 (Profile Card)"
"01_4_1000_3040_00","Profile Card","Cell Max","Cell Max (Profile Card)"
"01_4_1001_3000_00","Profile Card","Gohan (Super Hero)","Gohan (Super Hero) (Profile Card)"
"01_4_1001_3000_01","Profile Card","Gohan (Super Hero), Super Saiyan","Gohan (Super Hero), Super Saiyan (Profile Card)"
"01_4_1001_3000_02","Profile Card","Ultimate Gohan (Super Hero)","Ultimate Gohan (Super Hero) (Profile Card)"
"01_4_1001_3000_03","Profile Card","Gohan Beast","Gohan Beast (Profile Card)"
"01_4_1001_3010_00","Profile Card","Piccolo (Super Hero)","Piccolo (Super Hero) (Profile Card)"
"01_4_1001_3010_01","Profile Card","Piccolo (Super Hero), Power Awakening","Piccolo (Super Hero), Power Awakening (Profile Card)"
"01_4_1001_3011_00","Profile Card","Orange Piccolo","Orange Piccolo (Profile Card)"
"01_4_1001_3012_00","Profile Card","Orange Piccolo, Giant Form","Orange Piccolo, Giant Form (Profile Card)"
"01_4_1001_3020_00","Profile Card","Gamma 1","Gamma 1 (Profile Card)"
"01_4_1001_3030_00","Profile Card","Gamma 2","Gamma 2 (Profile Card)"
"01_4_1001_3040_00","Profile Card","Cell Max","Cell Max (Profile Card)"
"01_4_1002_3000_00","Profile Card","Gohan (Super Hero)","Gohan (Super Hero) (Profile Card)"
"01_4_1002_3000_01","Profile Card","Gohan (Super Hero), Super Saiyan","Gohan (Super Hero), Super Saiyan (Profile Card)"
"01_4_1002_3000_02","Profile Card","Ultimate Gohan (Super Hero)","Ultimate Gohan (Super Hero) (Profile Card)"
"01_4_1002_3000_03","Profile Card","Gohan Beast","Gohan Beast (Profile Card)"
"01_4_1002_3010_00","Profile Card","Piccolo (Super Hero)","Piccolo (Super Hero) (Profile Card)"
"01_4_1002_3010_01","Profile Card","Piccolo (Super Hero), Power Awakening","Piccolo (Super Hero), Power Awakening (Profile Card)"
"01_4_1002_3011_00","Profile Card","Orange Piccolo","Orange Piccolo (Profile Card)"
"01_4_1002_3012_00","Profile Card","Orange Piccolo, Giant Form","Orange Piccolo, Giant Form (Profile Card)"
"01_4_1002_3020_00","Profile Card","Gamma 1","Gamma 1 (Profile Card)"
"01_4_1002_3030_00","Profile Card","Gamma 2","Gamma 2 (Profile Card)"
"01_4_1002_3040_00","Profile Card","Cell Max","Cell Max (Profile Card)"
"02_4_0000_3050_01","Profile Card","Goku (Mini), Super Saiyan","Goku (Mini), Super Saiyan (Profile Card)"
"02_4_0000_3060_00","Profile Card","Vegeta (Mini)","Vegeta (Mini) (Profile Card)"
"02_4_0000_3060_01","Profile Card","Vegeta (Mini), Super Saiyan","Vegeta (Mini), Super Saiyan (Profile Card)"
"02_4_0000_3060_02","Profile Card","Vegeta (Mini), Super Saiyan 2","Vegeta (Mini), Super Saiyan 2 (Profile Card)"
"02_4_0000_3060_03","Profile Card","Vegeta (Mini), Super Saiyan 3","Vegeta (Mini), Super Saiyan 3 (Profile Card)"
"02_4_0000_3070_00","Profile Card","Glorio","Glorio (Profile Card)"
"02_4_0000_3110_00","Profile Card","Majin Kuu","Majin Kuu (Profile Card)"
"02_4_0000_3130_00","Profile Card","Panzy","Panzy (Profile Card)"
"02_4_1000_3050_11","Profile Card",," (Profile Card)"
"02_4_1001_3050_01","Profile Card","Goku (Mini), Super Saiyan","Goku (Mini), Super Saiyan (Profile Card)"
"02_4_1002_3050_01","Profile Card","Goku (Mini), Super Saiyan","Goku (Mini), Super Saiyan (Profile Card)"
"02_4_1000_3060_00","Profile Card","Vegeta (Mini)","Vegeta (Mini) (Profile Card)"
"02_4_1001_3060_00","Profile Card","Vegeta (Mini)","Vegeta (Mini) (Profile Card)"
"02_4_1002_3060_00","Profile Card","Vegeta (Mini)","Vegeta (Mini) (Profile Card)"
"02_4_1000_3060_01","Profile Card","Vegeta (Mini), Super Saiyan","Vegeta (Mini), Super Saiyan (Profile Card)"
"02_4_1001_3060_01","Profile Card","Vegeta (Mini), Super Saiyan","Vegeta (Mini), Super Saiyan (Profile Card)"
"02_4_1002_3060_01","Profile Card","Vegeta (Mini), Super Saiyan","Vegeta (Mini), Super Saiyan (Profile Card)"
"02_4_1000_3060_02","Profile Card","Vegeta (Mini), Super Saiyan 2","Vegeta (Mini), Super Saiyan 2 (Profile Card)"
"02_4_1001_3060_02","Profile Card","Vegeta (Mini), Super Saiyan 2","Vegeta (Mini), Super Saiyan 2 (Profile Card)"
"02_4_1002_3060_02","Profile Card","Vegeta (Mini), Super Saiyan 2","Vegeta (Mini), Super Saiyan 2 (Profile Card)"
"02_4_1000_3060_03","Profile Card","Vegeta (Mini), Super Saiyan 3","Vegeta (Mini), Super Saiyan 3 (Profile Card)"
"02_4_1001_3060_03","Profile Card","Vegeta (Mini), Super Saiyan 3","Vegeta (Mini), Super Saiyan 3 (Profile Card)"
"02_4_1002_3060_03","Profile Card","Vegeta (Mini), Super Saiyan 3","Vegeta (Mini), Super Saiyan 3 (Profile Card)"
"02_4_1000_3070_00","Profile Card","Glorio","Glorio (Profile Card)"
"02_4_1001_3070_00","Profile Card","Glorio","Glorio (Profile Card)"
"02_4_1002_3070_00","Profile Card","Glorio","Glorio (Profile Card)"
"02_4_1000_3110_00","Profile Card","Majin Kuu","Majin Kuu (Profile Card)"
"02_4_1001_3110_00","Profile Card","Majin Kuu","Majin Kuu (Profile Card)"
"02_4_1002_3110_00","Profile Card","Majin Kuu","Majin Kuu (Profile Card)"
"02_4_1000_3130_00","Profile Card","Panzy","Panzy (Profile Card)"
"02_4_1001_3130_00","Profile Card","Panzy","Panzy (Profile Card)"
"02_4_1002_3130_00","Profile Card","Panzy","Panzy (Profile Card)"
"DRM_HL_0010_01","DRM Item","","DRM_HL_0010_01"
"DRM_HL_0010_02","DRM Item","","DRM_HL_0010_02"
"DRM_HL_0010_03","DRM Item","","DRM_HL_0010_03"
"DRM_HL_0020_01","DRM Item","","DRM_HL_0020_01"
"DRM_HL_0020_02","DRM Item","","DRM_HL_0020_02"
"DRM_HL_0020_03","DRM Item","","DRM_HL_0020_03"
"DRM_HL_0020_04","DRM Item","","DRM_HL_0020_04"
"DRM_HL_0020_05","DRM Item","","DRM_HL_0020_05"
"DRM_HL_0020_06","DRM Item","","DRM_HL_0020_06"
"02_1_0001_3050_00","Costume","Goku (Mini)","Goku (Mini) Outfit"
"02_1_0000_3050_01","Costume","Goku (Mini), Super Saiyan","Goku (Mini), Super Saiyan Outfit"
"02_1_0000_3060_00","Costume","Vegeta (Mini)","Vegeta (Mini) Outfit"
"02_1_0000_3060_01","Costume","Vegeta (Mini), Super Saiyan","Vegeta (Mini), Super Saiyan Outfit"
"02_1_0000_3060_02","Costume","Vegeta (Mini), Super Saiyan 2","Vegeta (Mini), Super Saiyan 2 Outfit"
"02_1_0000_3060_03","Costume","Vegeta (Mini), Super Saiyan 3","Vegeta (Mini), Super Saiyan 3 Outfit"
"02_1_0000_3070_00","Costume","Glorio","Glorio Outfit"
"02_1_0000_3110_00","Costume","Majin Kuu","Majin Kuu Outfit"
"02_1_0000_3130_00","Costume","Panzy","Panzy Outfit"
"02_4_1000_3050_01","Profile Card","Goku (Mini), Super Saiyan","Goku (Mini), Super Saiyan (Profile Card)"
"00_8_0226","Stamp/Title","","00_8_0226"
"00_8_0227","Stamp/Title","","00_8_0227"
"00_8_0228","Stamp/Title","","00_8_0228"
"10_1_0000_3160_00","Costume","Shallot","Shallot Outfit"
"10_4_0000_3160_00","Profile Card","Shallot","Shallot (Profile Card)"
"10_4_1000_3160_00","Profile Card","Shallot","Shallot (Profile Card)"
"10_4_1001_3160_00","Profile Card","Shallot","Shallot (Profile Card)"
"10_4_1002_3160_00","Profile Card","Shallot","Shallot (Profile Card)"
"00_8_0229","Stamp/Title","","00_8_0229"
"03_1_0000_3050_14","Costume","Goku (Mini), Super Saiyan 4","Goku (Mini), Super Saiyan 4 Outfit"
"03_1_0000_3080_00","Costume","Third Eye Gomah","Third Eye Gomah Outfit"
"03_1_0000_3100_03","Costume","Vegeta (DAIMA), Super Saiyan 3","Vegeta (DAIMA), Super Saiyan 3 Outfit"
"03_1_0000_3120_04","Costume","Goku (DAIMA), Super Saiyan 4","Goku (DAIMA), Super Saiyan 4 Outfit"
"03_1_0000_3140_00","Costume","Majin Duu","Majin Duu Outfit"
"03_1_0000_3150_00","Costume","Giant Gomah","Giant Gomah Outfit"
"03_4_0000_3050_14","Profile Card","Goku (Mini), Super Saiyan 4","Goku (Mini), Super Saiyan 4 (Profile Card)"
"03_4_0000_3080_00","Profile Card","Third Eye Gomah","Third Eye Gomah (Profile Card)"
"03_4_0000_3100_03","Profile Card","Vegeta (DAIMA), Super Saiyan 3","Vegeta (DAIMA), Super Saiyan 3 (Profile Card)"
"03_4_0000_3120_04","Profile Card","Goku (DAIMA), Super Saiyan 4","Goku (DAIMA), Super Saiyan 4 (Profile Card)"
"03_4_0000_3140_00","Profile Card","Majin Duu","Majin Duu (Profile Card)"
"03_4_0000_3150_00","Profile Card","Giant Gomah","Giant Gomah (Profile Card)"
"03_4_1000_3050_14","Profile Card","Goku (Mini), Super Saiyan 4","Goku (Mini), Super Saiyan 4 (Profile Card)"
"03_4_1001_3050_14","Profile Card","Goku (Mini), Super Saiyan 4","Goku (Mini), Super Saiyan 4 (Profile Card)"
"03_4_1002_3050_14","Profile Card","Goku (Mini), Super Saiyan 4","Goku (Mini), Super Saiyan 4 (Profile Card)"
"03_4_1000_3080_00","Profile Card","Third Eye Gomah","Third Eye Gomah (Profile Card)"
"03_4_1001_3080_00","Profile Card","Third Eye Gomah","Third Eye Gomah (Profile Card)"
"03_4_1002_3080_00","Profile Card","Third Eye Gomah","Third Eye Gomah (Profile Card)"
"03_4_1000_3100_03","Profile Card","Vegeta (DAIMA), Super Saiyan 3","Vegeta (DAIMA), Super Saiyan 3 (Profile Card)"
"03_4_1001_3100_03","Profile Card","Vegeta (DAIMA), Super Saiyan 3","Vegeta (DAIMA), Super Saiyan 3 (Profile Card)"
"03_4_1002_3100_03","Profile Card","Vegeta (DAIMA), Super Saiyan 3","Vegeta (DAIMA), Super Saiyan 3 (Profile Card)"
"03_4_1000_3120_04","Profile Card","Goku (DAIMA), Super Saiyan 4","Goku (DAIMA), Super Saiyan 4 (Profile Card)"
"03_4_1001_3120_04","Profile Card","Goku (DAIMA), Super Saiyan 4","Goku (DAIMA), Super Saiyan 4 (Profile Card)"
"03_4_1002_3120_04","Profile Card","Goku (DAIMA), Super Saiyan 4","Goku (DAIMA), Super Saiyan 4 (Profile Card)"
"03_4_1000_3140_00","Profile Card","Majin Duu","Majin Duu (Profile Card)"
"03_4_1001_3140_00","Profile Card","Majin Duu","Majin Duu (Profile Card)"
"03_4_1002_3140_00","Profile Card","Majin Duu","Majin Duu (Profile Card)"
"03_4_1000_3150_00","Profile Card","Giant Gomah","Giant Gomah (Profile Card)"
"03_4_1001_3150_00","Profile Card","Giant Gomah","Giant Gomah (Profile Card)"
"03_4_1002_3150_00","Profile Card","Giant Gomah","Giant Gomah (Profile Card)"
"00_6_0209","Sparking BGM","","00_6_0209"
"00_4_0013_3000_00","Profile Card","Gohan (Super Hero)","Gohan (Super Hero) (Profile Card)"
"00_4_0020_3040_00","Profile Card","Cell Max","Cell Max (Profile Card)"
"00_4_0015_3040_00","Profile Card","Cell Max","Cell Max (Profile Card)"
"00_8_0230","Stamp/Title","","00_8_0230"
"20_1_0007_0000_00_07","Costume","Goku (Z - Early)","Goku (Z - Early) Outfit"
"20_1_0007_0000_10_07","Costume","Goku (Z - Mid)","Goku (Z - Mid) Outfit"
"20_1_0007_0000_11_07","Costume","Goku (Z - Mid), Super Saiyan","Goku (Z - Mid), Super Saiyan Outfit"
"20_1_0003_0000_20_03","Costume","Goku (Z - End)","Goku (Z - End) Outfit"
"20_1_0004_0000_20_04","Costume","Goku (Z - End)","Goku (Z - End) Outfit"
"20_1_0005_0000_20_05","Costume","Goku (Z - End)","Goku (Z - End) Outfit"
"20_1_0003_0000_21_03","Costume","Goku (Z - End), Super Saiyan","Goku (Z - End), Super Saiyan Outfit"
"20_1_0004_0000_21_04","Costume","Goku (Z - End), Super Saiyan","Goku (Z - End), Super Saiyan Outfit"
"20_1_0005_0000_21_05","Costume","Goku (Z - End), Super Saiyan","Goku (Z - End), Super Saiyan Outfit"
"20_1_0003_0000_22_03","Costume","Goku (Z - End), Super Saiyan 2","Goku (Z - End), Super Saiyan 2 Outfit"
"20_1_0004_0000_22_04","Costume","Goku (Z - End), Super Saiyan 2","Goku (Z - End), Super Saiyan 2 Outfit"
"20_1_0005_0000_22_05","Costume","Goku (Z - End), Super Saiyan 2","Goku (Z - End), Super Saiyan 2 Outfit"
"20_1_0003_0000_23_03","Costume","Goku (Z - End), Super Saiyan 3","Goku (Z - End), Super Saiyan 3 Outfit"
"20_1_0004_0000_23_04","Costume","Goku (Z - End), Super Saiyan 3","Goku (Z - End), Super Saiyan 3 Outfit"
"20_1_0005_0000_23_05","Costume","Goku (Z - End), Super Saiyan 3","Goku (Z - End), Super Saiyan 3 Outfit"
"20_1_0008_0000_40_08","Costume","Goku (Super)","Goku (Super) Outfit"
"20_1_0009_0000_40_09","Costume","Goku (Super)","Goku (Super) Outfit"
"20_1_0008_0000_41_08","Costume","Goku (Super), Super Saiyan","Goku (Super), Super Saiyan Outfit"
"20_1_0009_0000_41_09","Costume","Goku (Super), Super Saiyan","Goku (Super), Super Saiyan Outfit"
"20_1_0008_0001_42_08","Costume","Goku (Super), Super Saiyan God","Goku (Super), Super Saiyan God Outfit"
"20_1_0009_0001_42_09","Costume","Goku (Super), Super Saiyan God","Goku (Super), Super Saiyan God Outfit"
"20_1_0008_0000_43_08","Costume","Goku (Super), Super Saiyan God Super Saiyan","Goku (Super), Super Saiyan God Super Saiyan Outfit"
"20_1_0009_0000_43_09","Costume","Goku (Super), Super Saiyan God Super Saiyan","Goku (Super), Super Saiyan God Super Saiyan Outfit"
"20_1_0004_0020_60_04","Costume","Vegeta (Super)","Vegeta (Super) Outfit"
"20_1_0004_0020_61_04","Costume","Vegeta (Super), Super Saiyan","Vegeta (Super), Super Saiyan Outfit"
"20_1_0004_0022_62_04","Costume","Vegeta (Super), Super Saiyan God","Vegeta (Super), Super Saiyan God Outfit"
"20_1_0004_0020_63_04","Costume","Vegeta (Super), Super Saiyan God Super Saiyan","Vegeta (Super), Super Saiyan God Super Saiyan Outfit"
"20_1_0004_0031_00_04","Costume","Gohan (Teen)","Gohan (Teen) Outfit"
"20_1_0005_0031_00_05","Costume","Gohan (Teen)","Gohan (Teen) Outfit"
"20_1_0004_0031_01_04","Costume","Gohan (Teen), Super Saiyan","Gohan (Teen), Super Saiyan Outfit"
"20_1_0005_0031_01_05","Costume","Gohan (Teen), Super Saiyan","Gohan (Teen), Super Saiyan Outfit"
"20_1_0004_0031_02_04","Costume","Gohan (Teen), Super Saiyan 2","Gohan (Teen), Super Saiyan 2 Outfit"
"20_1_0005_0031_02_05","Costume","Gohan (Teen), Super Saiyan 2","Gohan (Teen), Super Saiyan 2 Outfit"
"20_1_0005_0032_00_05","Costume","Gohan (Adult)","Gohan (Adult) Outfit"
"20_1_0006_0032_00_06","Costume","Gohan (Adult)","Gohan (Adult) Outfit"
"20_1_0007_0032_00_07","Costume","Gohan (Adult)","Gohan (Adult) Outfit"
"20_1_0005_0032_01_05","Costume","Gohan (Adult), Super Saiyan","Gohan (Adult), Super Saiyan Outfit"
"20_1_0006_0032_01_06","Costume","Gohan (Adult), Super Saiyan","Gohan (Adult), Super Saiyan Outfit"
"20_1_0007_0032_01_07","Costume","Gohan (Adult), Super Saiyan","Gohan (Adult), Super Saiyan Outfit"
"20_1_0005_0032_02_05","Costume","Gohan (Adult), Super Saiyan 2","Gohan (Adult), Super Saiyan 2 Outfit"
"20_1_0006_0032_02_06","Costume","Gohan (Adult), Super Saiyan 2","Gohan (Adult), Super Saiyan 2 Outfit"
"20_1_0007_0032_02_07","Costume","Gohan (Adult), Super Saiyan 2","Gohan (Adult), Super Saiyan 2 Outfit"
"20_1_0003_0040_00_03","Costume","Piccolo","Piccolo Outfit"
"20_1_0003_0040_10_03","Costume","Piccolo (Fused with Kami)","Piccolo (Fused with Kami) Outfit"
"20_1_0003_0080_10_03","Costume","Trunks (Melee)","Trunks (Melee) Outfit"
"20_1_0003_0080_11_03","Costume","Trunks (Melee), Super Saiyan","Trunks (Melee), Super Saiyan Outfit"
"20_1_0001_0082_00_01","Costume","Trunks (Kid)","Trunks (Kid) Outfit"
"20_1_0001_0082_01_01","Costume","Trunks (Kid), Super Saiyan","Trunks (Kid), Super Saiyan Outfit"
"20_1_0004_0130_00_04","Costume","Videl","Videl Outfit"
"20_1_0005_0130_00_05","Costume","Videl","Videl Outfit"
"20_1_0002_0153_20_02","Costume","Frieza (Super)","Frieza (Super) Outfit"
"20_1_0002_0155_00_02","Costume","Golden Frieza","Golden Frieza Outfit"
"20_1_0002_0310_00_02","Costume","Bardock","Bardock Outfit"
"20_1_0001_0450_00_01","Costume","Android 17 (Z)","Android 17 (Z) Outfit"
"20_1_0005_0460_00_05","Costume","Android 18","Android 18 Outfit"
"20_8_0231","Stamp/Title","","20_8_0231"
"20_8_0232","Stamp/Title","","20_8_0232"
"20_8_0233","Stamp/Title","","20_8_0233"
"20_1_0006_0050_00_06","Costume","Krillin","Krillin Outfit"
"00_8_0231","Stamp/Title","","00_8_0231"
"00_8_0232","Stamp/Title","","00_8_0232"
"00_8_0233","Stamp/Title","","00_8_0233"
"00_4_0017_3070_00","Profile Card","Glorio","Glorio (Profile Card)"
"00_8_0234","Stamp/Title","","00_8_0234"
"00_8_0235","Stamp/Title","","00_8_0235"
"00_8_0236","Stamp/Title","","00_8_0236"
"00_8_0237","Stamp/Title","","00_8_0237"
"00_8_0238","Stamp/Title","","00_8_0238"
"00_4_0011_3150_00","Profile Card","Giant Gomah","Giant Gomah (Profile Card)"
"00_8_0239","Stamp/Title","","00_8_0239"
"20_1_0001_0310_01","Costume","Bardock, Super Saiyan","Bardock, Super Saiyan Outfit"
"20_1_0000_3170_00","Costume","Supreme Kai","Supreme Kai Outfit"
"20_1_0000_3190_00","Costume","Fasha","Fasha Outfit"
"20_1_0000_3270_00","Costume","Vegeta (GT)","Vegeta (GT) Outfit"
"20_1_0000_3270_01","Costume","Vegeta (GT), Super Saiyan","Vegeta (GT), Super Saiyan Outfit"
"20_1_0000_3280_00","Costume","Trunks (GT)","Trunks (GT) Outfit"
"20_1_0000_3280_01","Costume","Trunks (GT), Super Saiyan","Trunks (GT), Super Saiyan Outfit"
"20_1_0000_3290_00","Costume","Hell Fighter 17","Hell Fighter 17 Outfit"
"20_1_0000_3300_00","Costume","Goku (World Tournament)","Goku (World Tournament) Outfit"
"20_1_0000_3310_00","Costume","Ma Junior","Ma Junior Outfit"
"20_1_0000_3310_10","Costume","Ma Junior, Giant Form","Ma Junior, Giant Form Outfit"
"20_1_0000_3320_00","Costume","Tien (World Tournament)","Tien (World Tournament) Outfit"
"20_1_0000_3330_00","Costume","Uub (Kid)","Uub (Kid) Outfit"
"20_1_0000_3350_00","Costume","Tora","Tora Outfit"
"20_1_0000_3360_00","Costume","Chilled","Chilled Outfit"
"20_4_0000_0310_01","Profile Card","Bardock, Super Saiyan","Bardock, Super Saiyan (Profile Card)"
"20_4_0000_3170_00","Profile Card","Supreme Kai","Supreme Kai (Profile Card)"
"20_4_0000_3190_00","Profile Card","Fasha","Fasha (Profile Card)"
"20_4_0000_3270_00","Profile Card","Vegeta (GT)","Vegeta (GT) (Profile Card)"
"20_4_0000_3270_01","Profile Card","Vegeta (GT), Super Saiyan","Vegeta (GT), Super Saiyan (Profile Card)"
"20_4_0000_3280_00","Profile Card","Trunks (GT)","Trunks (GT) (Profile Card)"
"20_4_0000_3280_01","Profile Card","Trunks (GT), Super Saiyan","Trunks (GT), Super Saiyan (Profile Card)"
"20_4_0000_3290_00","Profile Card","Hell Fighter 17","Hell Fighter 17 (Profile Card)"
"20_4_0000_3300_00","Profile Card","Goku (World Tournament)","Goku (World Tournament) (Profile Card)"
"20_4_0000_3310_00","Profile Card","Ma Junior","Ma Junior (Profile Card)"
"20_4_0000_3310_10","Profile Card","Ma Junior, Giant Form","Ma Junior, Giant Form (Profile Card)"
"20_4_0000_3320_00","Profile Card","Tien (World Tournament)","Tien (World Tournament) (Profile Card)"
"20_4_0000_3330_00","Profile Card","Uub (Kid)","Uub (Kid) (Profile Card)"
"20_4_0000_3350_00","Profile Card","Tora","Tora (Profile Card)"
"20_4_0000_3360_00","Profile Card","Chilled","Chilled (Profile Card)"
"20_4_1000_0310_01","Profile Card","Bardock, Super Saiyan","Bardock, Super Saiyan (Profile Card)"
"20_4_1000_3170_00","Profile Card","Supreme Kai","Supreme Kai (Profile Card)"
"20_4_1000_3190_00","Profile Card","Fasha","Fasha (Profile Card)"
"20_4_1000_3270_00","Profile Card","Vegeta (GT)","Vegeta (GT) (Profile Card)"
"20_4_1000_3270_01","Profile Card","Vegeta (GT), Super Saiyan","Vegeta (GT), Super Saiyan (Profile Card)"
"20_4_1000_3280_00","Profile Card","Trunks (GT)","Trunks (GT) (Profile Card)"
"20_4_1000_3280_01","Profile Card","Trunks (GT), Super Saiyan","Trunks (GT), Super Saiyan (Profile Card)"
"20_4_1000_3290_00","Profile Card","Hell Fighter 17","Hell Fighter 17 (Profile Card)"
"20_4_1000_3300_00","Profile Card","Goku (World Tournament)","Goku (World Tournament) (Profile Card)"
"20_4_1000_3310_00","Profile Card","Ma Junior","Ma Junior (Profile Card)"
"20_4_1000_3310_10","Profile Card","Ma Junior, Giant Form","Ma Junior, Giant Form (Profile Card)"
"20_4_1000_3320_00","Profile Card","Tien (World Tournament)","Tien (World Tournament) (Profile Card)"
"20_4_1000_3330_00","Profile Card","Uub (Kid)","Uub (Kid) (Profile Card)"
"20_4_1000_3350_00","Profile Card","Tora","Tora (Profile Card)"
"20_4_1000_3360_00","Profile Card","Chilled","Chilled (Profile Card)"
"20_4_1001_0310_01","Profile Card","Bardock, Super Saiyan","Bardock, Super Saiyan (Profile Card)"
"20_4_1001_3170_00","Profile Card","Supreme Kai","Supreme Kai (Profile Card)"
"20_4_1001_3190_00","Profile Card","Fasha","Fasha (Profile Card)"
"20_4_1001_3270_00","Profile Card","Vegeta (GT)","Vegeta (GT) (Profile Card)"
"20_4_1001_3270_01","Profile Card","Vegeta (GT), Super Saiyan","Vegeta (GT), Super Saiyan (Profile Card)"
"20_4_1001_3280_00","Profile Card","Trunks (GT)","Trunks (GT) (Profile Card)"
"20_4_1001_3280_01","Profile Card","Trunks (GT), Super Saiyan","Trunks (GT), Super Saiyan (Profile Card)"
"20_4_1001_3290_00","Profile Card","Hell Fighter 17","Hell Fighter 17 (Profile Card)"
"20_4_1001_3300_00","Profile Card","Goku (World Tournament)","Goku (World Tournament) (Profile Card)"
"20_4_1001_3310_00","Profile Card","Ma Junior","Ma Junior (Profile Card)"
"20_4_1001_3310_10","Profile Card","Ma Junior, Giant Form","Ma Junior, Giant Form (Profile Card)"
"20_4_1001_3320_00","Profile Card","Tien (World Tournament)","Tien (World Tournament) (Profile Card)"
"20_4_1001_3330_00","Profile Card","Uub (Kid)","Uub (Kid) (Profile Card)"
"20_4_1001_3350_00","Profile Card","Tora","Tora (Profile Card)"
"20_4_1001_3360_00","Profile Card","Chilled","Chilled (Profile Card)"
"20_4_1002_0310_01","Profile Card","Bardock, Super Saiyan","Bardock, Super Saiyan (Profile Card)"
"20_4_1002_3170_00","Profile Card","Supreme Kai","Supreme Kai (Profile Card)"
"20_4_1002_3190_00","Profile Card","Fasha","Fasha (Profile Card)"
"20_4_1002_3270_00","Profile Card","Vegeta (GT)","Vegeta (GT) (Profile Card)"
"20_4_1002_3270_01","Profile Card","Vegeta (GT), Super Saiyan","Vegeta (GT), Super Saiyan (Profile Card)"
"20_4_1002_3280_00","Profile Card","Trunks (GT)","Trunks (GT) (Profile Card)"
"20_4_1002_3280_01","Profile Card","Trunks (GT), Super Saiyan","Trunks (GT), Super Saiyan (Profile Card)"
"20_4_1002_3290_00","Profile Card","Hell Fighter 17","Hell Fighter 17 (Profile Card)"
"20_4_1002_3300_00","Profile Card","Goku (World Tournament)","Goku (World Tournament) (Profile Card)"
"20_4_1002_3310_00","Profile Card","Ma Junior","Ma Junior (Profile Card)"
"20_4_1002_3310_10","Profile Card","Ma Junior, Giant Form","Ma Junior, Giant Form (Profile Card)"
"20_4_1002_3320_00","Profile Card","Tien (World Tournament)","Tien (World Tournament) (Profile Card)"
"20_4_1002_3330_00","Profile Card","Uub (Kid)","Uub (Kid) (Profile Card)"
"20_4_1002_3350_00","Profile Card","Tora","Tora (Profile Card)"
"20_4_1002_3360_00","Profile Card","Chilled","Chilled (Profile Card)"
"20_8_0240","Stamp/Title","","20_8_0240"
"00_8_0240","Stamp/Title","","00_8_0240"
"00_8_0241","Stamp/Title","","00_8_0241"
"00_8_0242","Stamp/Title","","00_8_0242"
"00_8_0243","Stamp/Title","","00_8_0243"
"00_8_0244","Stamp/Title","","00_8_0244"
"00_8_0245","Stamp/Title","","00_8_0245"
"00_8_0246","Stamp/Title","","00_8_0246"
"00_8_0247","Stamp/Title","","00_8_0247"
"00_8_0248","Stamp/Title","","00_8_0248"
"00_8_0249","Stamp/Title","","00_8_0249"
"00_8_0250","Stamp/Title","","00_8_0250"
"00_8_0251","Stamp/Title","","00_8_0251"
"00_8_0252","Stamp/Title","","00_8_0252"
"00_8_0253","Stamp/Title","","00_8_0253"
"00_8_0254","Stamp/Title","","00_8_0254"
"00_8_0255","Stamp/Title","","00_8_0255"
"00_8_0256","Stamp/Title","","00_8_0256"
"20_1_0001_3310_00_03","Costume","Ma Junior","Ma Junior Outfit"
"00_8_0257","Stamp/Title","","00_8_0257"
"00_8_0258","Stamp/Title","","00_8_0258"
"00_8_0259","Stamp/Title","","00_8_0259"
"00_8_0260","Stamp/Title","","00_8_0260"
"00_8_0261","Stamp/Title","","00_8_0261"
"00_8_0262","Stamp/Title","","00_8_0262"
"00_8_0263","Stamp/Title","","00_8_0263"
"00_8_0264","Stamp/Title","","00_8_0264"
"00_8_0265","Stamp/Title","","00_8_0265"
"00_8_0266","Stamp/Title","","00_8_0266"
"00_8_0267","Stamp/Title","","00_8_0267"
"00_8_0268","Stamp/Title","","00_8_0268"
"20_1_0001_3300_00_01","Costume","Goku (World Tournament)","Goku (World Tournament) Outfit"
"20_20_0000","DLC Special Item","","20_20_0000"
"20_20_0001","DLC Special Item","","20_20_0001"
"20_20_0002","DLC Special Item","","20_20_0002"
"20_20_0003","DLC Special Item","","20_20_0003"
"20_20_0004","DLC Special Item","","20_20_0004"
"20_20_0005","DLC Special Item","","20_20_0005"
"20_20_0006","DLC Special Item","","20_20_0006"
"20_20_0007","DLC Special Item","","20_20_0007"
"20_20_0008","DLC Special Item","","20_20_0008"
"20_20_0009","DLC Special Item","","20_20_0009"
"20_20_0010","DLC Special Item","","20_20_0010"
"20_20_0011","DLC Special Item","","20_20_0011"
"20_20_0012","DLC Special Item","","20_20_0012"
"20_20_0013","DLC Special Item","","20_20_0013"
"20_20_0014","DLC Special Item","","20_20_0014"
"20_20_0015","DLC Special Item","","20_20_0015"
"20_20_0016","DLC Special Item","","20_20_0016"
"20_20_0017","DLC Special Item","","20_20_0017"
"20_20_0018","DLC Special Item","","20_20_0018"
"20_20_0019","DLC Special Item","","20_20_0019"
"20_21_0000","DLC Special Item","","20_21_0000"
"20_21_0001","DLC Special Item","","20_21_0001"
"20_21_0002","DLC Special Item","","20_21_0002"
"20_21_0003","DLC Special Item","","20_21_0003"
"20_21_0004","DLC Special Item","","20_21_0004"
"20_21_0005","DLC Special Item","","20_21_0005"
"20_21_0006","DLC Special Item","","20_21_0006"
"20_21_0007","DLC Special Item","","20_21_0007"
"20_21_0008","DLC Special Item","","20_21_0008"
"20_21_0009","DLC Special Item","","20_21_0009"
"20_21_0010","DLC Special Item","","20_21_0010"
"20_21_0011","DLC Special Item","","20_21_0011"
"20_21_0012","DLC Special Item","","20_21_0012"
"20_21_0013","DLC Special Item","","20_21_0013"
"20_21_0014","DLC Special Item","","20_21_0014"
"20_21_0015","DLC Special Item","","20_21_0015"
"20_21_0016","DLC Special Item","","20_21_0016"
"20_21_0017","DLC Special Item","","20_21_0017"
"20_21_0018","DLC Special Item","","20_21_0018"
"20_21_0019","DLC Special Item","","20_21_0019"
"20_21_0020","DLC Special Item","","20_21_0020"
"20_21_0021","DLC Special Item","","20_21_0021"
"20_21_0022","DLC Special Item","","20_21_0022"
"20_21_0023","DLC Special Item","","20_21_0023"
"20_21_0024","DLC Special Item","","20_21_0024"
"20_21_0025","DLC Special Item","","20_21_0025"
"20_21_0026","DLC Special Item","","20_21_0026"
"20_21_0027","DLC Special Item","","20_21_0027"
"20_21_0028","DLC Special Item","","20_21_0028"
"20_21_0029","DLC Special Item","","20_21_0029"
"20_21_0030","DLC Special Item","","20_21_0030"
"20_21_0031","DLC Special Item","","20_21_0031"
"20_21_0032","DLC Special Item","","20_21_0032"
"20_21_0033","DLC Special Item","","20_21_0033"
"20_21_0034","DLC Special Item","","20_21_0034"
"20_21_0035","DLC Special Item","","20_21_0035"
"20_21_0036","DLC Special Item","","20_21_0036"
"20_21_0037","DLC Special Item","","20_21_0037"
"20_21_0038","DLC Special Item","","20_21_0038"
"20_21_0039","DLC Special Item","","20_21_0039"
"20_21_0040","DLC Special Item","","20_21_0040"
"20_21_0041","DLC Special Item","","20_21_0041"
"20_21_0042","DLC Special Item","","20_21_0042"
"20_21_0043","DLC Special Item","","20_21_0043"
"20_21_0044","DLC Special Item","","20_21_0044"
"20_21_0045","DLC Special Item","","20_21_0045"
"20_21_0046","DLC Special Item","","20_21_0046"
"20_21_0047","DLC Special Item","","20_21_0047"
"20_21_0048","DLC Special Item","","20_21_0048"
"20_21_0049","DLC Special Item","","20_21_0049"
"20_21_0050","DLC Special Item","","20_21_0050"
"20_21_0051","DLC Special Item","","20_21_0051"
"20_21_0052","DLC Special Item","","20_21_0052"
"20_21_0053","DLC Special Item","","20_21_0053"
"20_21_0054","DLC Special Item","","20_21_0054"
"20_21_0055","DLC Special Item","","20_21_0055"
"20_21_0056","DLC Special Item","","20_21_0056"
"20_21_0057","DLC Special Item","","20_21_0057"
"20_21_0058","DLC Special Item","","20_21_0058"
"20_21_0059","DLC Special Item","","20_21_0059"
"20_21_0060","DLC Special Item","","20_21_0060"
"20_21_0061","DLC Special Item","","20_21_0061"
"20_21_0062","DLC Special Item","","20_21_0062"
"20_21_0063","DLC Special Item","","20_21_0063"
"20_21_0064","DLC Special Item","","20_21_0064"
"20_21_0065","DLC Special Item","","20_21_0065"
"20_21_0066","DLC Special Item","","20_21_0066"
"20_21_0067","DLC Special Item","","20_21_0067"
"20_21_0068","DLC Special Item","","20_21_0068"
"20_21_0069","DLC Special Item","","20_21_0069"
"20_22_0000","DLC Special Item","","20_22_0000"
"20_22_0001","DLC Special Item","","20_22_0001"
"20_22_0002","DLC Special Item","","20_22_0002"
"20_22_0003","DLC Special Item","","20_22_0003"
"20_22_0004","DLC Special Item","","20_22_0004"
"20_22_0005","DLC Special Item","","20_22_0005"
"20_22_0006","DLC Special Item","","20_22_0006"
"20_22_0007","DLC Special Item","","20_22_0007"
"20_22_0008","DLC Special Item","","20_22_0008"
"20_22_0009","DLC Special Item","","20_22_0009"
"20_22_0010","DLC Special Item","","20_22_0010"
"20_22_0011","DLC Special Item","","20_22_0011"
"20_22_0012","DLC Special Item","","20_22_0012"
"20_22_0013","DLC Special Item","","20_22_0013"
"20_22_0014","DLC Special Item","","20_22_0014"
"20_22_0015","DLC Special Item","","20_22_0015"
"20_22_0016","DLC Special Item","","20_22_0016"
"20_22_0017","DLC Special Item","","20_22_0017"
"20_22_0018","DLC Special Item","","20_22_0018"
"20_22_0019","DLC Special Item","","20_22_0019"
"00_6_3000","Sparking BGM","","00_6_3000"
"20_1_0001_0002_50_01","Costume","Goku (Teen)","Goku (Teen) Outfit"
"20_1_0008_0032_00_08","Costume","Gohan (Adult)","Gohan (Adult) Outfit"
"20_1_0008_0032_01_08","Costume","Gohan (Adult), Super Saiyan","Gohan (Adult), Super Saiyan Outfit"
"20_1_0008_0032_02_08","Costume","Gohan (Adult), Super Saiyan 2","Gohan (Adult), Super Saiyan 2 Outfit"
"20_1_0002_0310_01_02","Costume","Bardock, Super Saiyan","Bardock, Super Saiyan Outfit"
"20_1_0010_0000_40_10","Costume","Goku (Super)","Goku (Super) Outfit"
"20_1_0011_0000_40_11","Costume","Goku (Super)","Goku (Super) Outfit"
"20_1_0010_0000_41_10","Costume","Goku (Super), Super Saiyan","Goku (Super), Super Saiyan Outfit"
"20_1_0011_0000_41_11","Costume","Goku (Super), Super Saiyan","Goku (Super), Super Saiyan Outfit"
"20_1_0010_0001_42_10","Costume","Goku (Super), Super Saiyan God","Goku (Super), Super Saiyan God Outfit"
"20_1_0011_0001_42_11","Costume","Goku (Super), Super Saiyan God","Goku (Super), Super Saiyan God Outfit"
"20_1_0010_0000_43_10","Costume","Goku (Super), Super Saiyan God Super Saiyan","Goku (Super), Super Saiyan God Super Saiyan Outfit"
"20_1_0011_0000_43_11","Costume","Goku (Super), Super Saiyan God Super Saiyan","Goku (Super), Super Saiyan God Super Saiyan Outfit"
"20_1_0005_0020_60_05","Costume","Vegeta (Super)","Vegeta (Super) Outfit"
"20_1_0005_0020_61_05","Costume","Vegeta (Super), Super Saiyan","Vegeta (Super), Super Saiyan Outfit"
"20_1_0005_0022_62_05","Costume","Vegeta (Super), Super Saiyan God","Vegeta (Super), Super Saiyan God Outfit"
"20_1_0005_0020_63_05","Costume","Vegeta (Super), Super Saiyan God Super Saiyan","Vegeta (Super), Super Saiyan God Super Saiyan Outfit"
"00_8_0269","Stamp/Title","","00_8_0269"
"00_8_0270","Stamp/Title","","00_8_0270"
"00_8_0271","Stamp/Title","","00_8_0271"
"00_8_0272","Stamp/Title","","00_8_0272"
"00_8_0273","Stamp/Title","","00_8_0273"
"20_1_0001_3270_00_01","Costume","Vegeta (GT)","Vegeta (GT) Outfit"
"20_1_0001_3270_01_01","Costume","Vegeta (GT), Super Saiyan","Vegeta (GT), Super Saiyan Outfit"
"20_1_0001_3280_00_01","Costume","Trunks (GT)","Trunks (GT) Outfit"
"20_1_0001_3280_01_01","Costume","Trunks (GT), Super Saiyan","Trunks (GT), Super Saiyan Outfit"
"20_1_0006_0020_60_06","Costume","Vegeta (Super)","Vegeta (Super) Outfit"
"20_1_0006_0020_61_06","Costume","Vegeta (Super), Super Saiyan","Vegeta (Super), Super Saiyan Outfit"
"20_1_0006_0022_62_06","Costume","Vegeta (Super), Super Saiyan God","Vegeta (Super), Super Saiyan God Outfit"
"20_1_0006_0020_63_06","Costume","Vegeta (Super), Super Saiyan God Super Saiyan","Vegeta (Super), Super Saiyan God Super Saiyan Outfit"
"00_4_0008_0260_00","Profile Card","Grandpa Gohan","Grandpa Gohan (Profile Card)"
"00_4_0010_0260_00","Profile Card","Grandpa Gohan","Grandpa Gohan (Profile Card)"
"00_4_0030_0260_00","Profile Card","Grandpa Gohan","Grandpa Gohan (Profile Card)"
"00_4_0034_0260_00","Profile Card","Grandpa Gohan","Grandpa Gohan (Profile Card)"
"00_4_0016_0451_00","Profile Card","Super 17 (GT)","Super 17 (GT) (Profile Card)"
"00_4_0017_0510_00","Profile Card","King Vegeta","King Vegeta (Profile Card)"
"00_4_0009_0301_00","Profile Card","Chi-Chi","Chi-Chi (Profile Card)"
"00_4_0013_0301_00","Profile Card","Chi-Chi","Chi-Chi (Profile Card)"
"00_4_0032_0301_00","Profile Card","Chi-Chi","Chi-Chi (Profile Card)"
"00_4_0034_0301_00","Profile Card","Chi-Chi","Chi-Chi (Profile Card)"
"00_4_0030_3290_00","Profile Card","Hell Fighter 17","Hell Fighter 17 (Profile Card)"
"00_4_0013_3290_00","Profile Card","Hell Fighter 17","Hell Fighter 17 (Profile Card)"
"00_4_0013_3360_00","Profile Card","Chilled","Chilled (Profile Card)"
"00_4_0026_3360_00","Profile Card","Chilled","Chilled (Profile Card)"
"00_4_0027_3360_00","Profile Card","Chilled","Chilled (Profile Card)"
"00_4_0034_3360_00","Profile Card","Chilled","Chilled (Profile Card)"
"00_4_0022_0640_00","Profile Card","Zangya","Zangya (Profile Card)"
"00_4_0025_0640_00","Profile Card","Zangya","Zangya (Profile Card)"
"00_4_0030_0640_00","Profile Card","Zangya","Zangya (Profile Card)"
"00_4_0034_0640_00","Profile Card","Zangya","Zangya (Profile Card)"
"00_4_0007_0450_00","Profile Card","Android 17 (Z)","Android 17 (Z) (Profile Card)"
"00_4_0032_0310_00","Profile Card","Bardock","Bardock (Profile Card)"
"00_4_0027_3140_00","Profile Card","Majin Duu","Majin Duu (Profile Card)"
"20_1_0008_0000_00_08","Costume","Goku (Z - Early)","Goku (Z - Early) Outfit"
"20_1_0008_0000_10_08","Costume","Goku (Z - Mid)","Goku (Z - Mid) Outfit"
"20_1_0008_0000_11_08","Costume","Goku (Z - Mid), Super Saiyan","Goku (Z - Mid), Super Saiyan Outfit"
"20_1_0006_0000_20_06","Costume","Goku (Z - End)","Goku (Z - End) Outfit"
"20_1_0006_0000_21_06","Costume","Goku (Z - End), Super Saiyan","Goku (Z - End), Super Saiyan Outfit"
"20_1_0006_0000_22_06","Costume","Goku (Z - End), Super Saiyan 2","Goku (Z - End), Super Saiyan 2 Outfit"
"20_1_0006_0000_23_06","Costume","Goku (Z - End), Super Saiyan 3","Goku (Z - End), Super Saiyan 3 Outfit"
"20_1_0007_0000_20_07","Costume","Goku (Z - End)","Goku (Z - End) Outfit"
"20_1_0007_0000_21_07","Costume","Goku (Z - End), Super Saiyan","Goku (Z - End), Super Saiyan Outfit"
"20_1_0007_0000_22_07","Costume","Goku (Z - End), Super Saiyan 2","Goku (Z - End), Super Saiyan 2 Outfit"
"20_1_0007_0000_23_07","Costume","Goku (Z - End), Super Saiyan 3","Goku (Z - End), Super Saiyan 3 Outfit"
"20_1_0006_0031_00_06","Costume","Gohan (Teen)","Gohan (Teen) Outfit"
"20_1_0006_0031_01_06","Costume","Gohan (Teen), Super Saiyan","Gohan (Teen), Super Saiyan Outfit"
"20_1_0006_0031_02_06","Costume","Gohan (Teen), Super Saiyan 2","Gohan (Teen), Super Saiyan 2 Outfit"
"20_1_0009_0032_00_09","Costume","Gohan (Adult)","Gohan (Adult) Outfit"
"20_1_0009_0032_01_09","Costume","Gohan (Adult), Super Saiyan","Gohan (Adult), Super Saiyan Outfit"
"20_1_0009_0032_02_09","Costume","Gohan (Adult), Super Saiyan 2","Gohan (Adult), Super Saiyan 2 Outfit"
"20_1_0010_0032_00_10","Costume","Gohan (Adult)","Gohan (Adult) Outfit"
"20_1_0010_0032_01_10","Costume","Gohan (Adult), Super Saiyan","Gohan (Adult), Super Saiyan Outfit"
"20_1_0010_0032_02_10","Costume","Gohan (Adult), Super Saiyan 2","Gohan (Adult), Super Saiyan 2 Outfit"
"20_1_0006_0130_00_06","Costume","Videl","Videl Outfit"
"20_1_0002_0450_00_02","Costume","Android 17 (Z)","Android 17 (Z) Outfit"
"20_1_0011_0032_00_11","Costume","Gohan (Adult)","Gohan (Adult) Outfit"
"20_1_0011_0032_01_11","Costume","Gohan (Adult), Super Saiyan","Gohan (Adult), Super Saiyan Outfit"
"20_1_0011_0032_02_11","Costume","Gohan (Adult), Super Saiyan 2","Gohan (Adult), Super Saiyan 2 Outfit"
"20_1_0001_0310_00","Costume","Bardock","Bardock Outfit"
"20_1_0009_0000_00_09","Costume","Goku (Z - Early)","Goku (Z - Early) Outfit"
"20_1_0009_0000_10_09","Costume","Goku (Z - Mid)","Goku (Z - Mid) Outfit"
"20_1_0009_0000_11_09","Costume","Goku (Z - Mid), Super Saiyan","Goku (Z - Mid), Super Saiyan Outfit"
"20_1_0008_0000_20_08","Costume","Goku (Z - End)","Goku (Z - End) Outfit"
"20_1_0008_0000_21_08","Costume","Goku (Z - End), Super Saiyan","Goku (Z - End), Super Saiyan Outfit"
"20_1_0008_0000_22_08","Costume","Goku (Z - End), Super Saiyan 2","Goku (Z - End), Super Saiyan 2 Outfit"
"20_1_0008_0000_23_08","Costume","Goku (Z - End), Super Saiyan 3","Goku (Z - End), Super Saiyan 3 Outfit"
"20_1_0012_0000_40_12","Costume","Goku (Super)","Goku (Super) Outfit"
"20_1_0013_0000_40_13","Costume","Goku (Super)","Goku (Super) Outfit"
"20_1_0012_0000_41_12","Costume","Goku (Super), Super Saiyan","Goku (Super), Super Saiyan Outfit"
"20_1_0013_0000_41_13","Costume","Goku (Super), Super Saiyan","Goku (Super), Super Saiyan Outfit"
"20_1_0012_0001_42_12","Costume","Goku (Super), Super Saiyan God","Goku (Super), Super Saiyan God Outfit"
"20_1_0013_0001_42_13","Costume","Goku (Super), Super Saiyan God","Goku (Super), Super Saiyan God Outfit"
"20_1_0012_0000_43_12","Costume","Goku (Super), Super Saiyan God Super Saiyan","Goku (Super), Super Saiyan God Super Saiyan Outfit"
"20_1_0013_0000_43_13","Costume","Goku (Super), Super Saiyan God Super Saiyan","Goku (Super), Super Saiyan God Super Saiyan Outfit"
"00_8_0274","Stamp/Title","","00_8_0274"
"00_1_0001_0000_10","Costume","Goku (Z - Mid)","Goku (Z - Mid) Outfit 2"
"00_1_0001_0000_11","Costume","Goku (Z - Mid), Super Saiyan","Goku (Z - Mid), Super Saiyan Outfit 2"
"00_1_0002_0000_10","Costume","Goku (Z - Mid)","Goku (Z - Mid) Outfit 3"
"00_1_0002_0000_11","Costume","Goku (Z - Mid), Super Saiyan","Goku (Z - Mid), Super Saiyan Outfit 3"
"00_1_0003_0000_10","Costume","Goku (Z - Mid)","Goku (Z - Mid) Outfit 4"
"00_1_0003_0000_11","Costume","Goku (Z - Mid), Super Saiyan","Goku (Z - Mid), Super Saiyan Outfit 4"
"00_1_0001_0000_20","Costume","Goku (Z - End)","Goku (Z - End) Outfit 2"
"00_1_0001_0000_21","Costume","Goku (Z - End), Super Saiyan","Goku (Z - End), Super Saiyan Outfit 2"
"00_1_0001_0000_22","Costume","Goku (Z - End), Super Saiyan 2","Goku (Z - End), Super Saiyan 2 Outfit 2"
"00_1_0001_0000_23","Costume","Goku (Z - End), Super Saiyan 3","Goku (Z - End), Super Saiyan 3 Outfit 2"
"00_1_0004_0000_40","Costume","Goku (Super)","Goku (Super) Outfit 5"
"00_1_0004_0000_41","Costume","Goku (Super), Super Saiyan","Goku (Super), Super Saiyan Outfit 5"
"00_1_0004_0001_42","Costume","Goku (Super), Super Saiyan God","Goku (Super), Super Saiyan God Outfit 5"
"00_1_0004_0000_43","Costume","Goku (Super), Super Saiyan God Super Saiyan","Goku (Super), Super Saiyan God Super Saiyan Outfit 5"
"00_1_0004_0000_50","Costume","Goku (Super), Ultra Instinct -Sign-","Goku (Super), Ultra Instinct -Sign- Outfit 5"
"00_1_0004_0000_51","Costume","Goku (Super), Ultra Instinct","Goku (Super), Ultra Instinct Outfit 5"
"00_1_0002_0020_00","Costume","Vegeta (Z - Scouter)","Vegeta (Z - Scouter) Outfit 3"
"00_1_0002_0023_00","Costume","Great Ape Vegeta","Great Ape Vegeta Outfit 3"
"00_1_0003_0020_00","Costume","Vegeta (Z - Scouter)","Vegeta (Z - Scouter) Outfit 4"
"00_1_0003_0023_00","Costume","Great Ape Vegeta","Great Ape Vegeta Outfit 4"
"00_1_0002_0020_10","Costume","Vegeta (Z - Early)","Vegeta (Z - Early) Outfit 3"
"00_1_0002_0020_11","Costume","Vegeta (Z - Early), Super Saiyan","Vegeta (Z - Early), Super Saiyan Outfit 3"
"00_1_0002_0021_20","Costume","Super Vegeta","Super Vegeta Outfit 3"
"00_1_0002_0020_30","Costume","Vegeta (Z - End)","Vegeta (Z - End) Outfit 3"
"00_1_0002_0020_31","Costume","Vegeta (Z - End), Super Saiyan","Vegeta (Z - End), Super Saiyan Outfit 3"
"00_1_0002_0020_32","Costume","Vegeta (Z - End), Super Saiyan 2","Vegeta (Z - End), Super Saiyan 2 Outfit 3"
"00_1_0002_0031_00","Costume","Gohan (Teen)","Gohan (Teen) Outfit 3"
"00_1_0002_0031_01","Costume","Gohan (Teen), Super Saiyan","Gohan (Teen), Super Saiyan Outfit 3"
"00_1_0002_0031_02","Costume","Gohan (Teen), Super Saiyan 2","Gohan (Teen), Super Saiyan 2 Outfit 3"
"00_1_0003_0031_00","Costume","Gohan (Teen)","Gohan (Teen) Outfit 4"
"00_1_0003_0031_01","Costume","Gohan (Teen), Super Saiyan","Gohan (Teen), Super Saiyan Outfit 4"
"00_1_0003_0031_02","Costume","Gohan (Teen), Super Saiyan 2","Gohan (Teen), Super Saiyan 2 Outfit 4"
"00_1_0001_0032_00","Costume","Gohan (Adult)","Gohan (Adult) Outfit 2"
"00_1_0001_0032_01","Costume","Gohan (Adult), Super Saiyan","Gohan (Adult), Super Saiyan Outfit 2"
"00_1_0001_0032_02","Costume","Gohan (Adult), Super Saiyan 2","Gohan (Adult), Super Saiyan 2 Outfit 2"
"00_1_0003_0032_00","Costume","Gohan (Adult)","Gohan (Adult) Outfit 4"
"00_1_0003_0032_01","Costume","Gohan (Adult), Super Saiyan","Gohan (Adult), Super Saiyan Outfit 4"
"00_1_0003_0032_02","Costume","Gohan (Adult), Super Saiyan 2","Gohan (Adult), Super Saiyan 2 Outfit 4"
"00_1_0004_0032_00","Costume","Gohan (Adult)","Gohan (Adult) Outfit 5"
"00_1_0004_0032_01","Costume","Gohan (Adult), Super Saiyan","Gohan (Adult), Super Saiyan Outfit 5"
"00_1_0004_0032_02","Costume","Gohan (Adult), Super Saiyan 2","Gohan (Adult), Super Saiyan 2 Outfit 5"
"00_1_0002_0080_00","Costume","Trunks (Sword)","Trunks (Sword) Outfit 3"
"00_1_0002_0080_01","Costume","Trunks (Sword), Super Saiyan","Trunks (Sword), Super Saiyan Outfit 3"
"00_1_0001_0080_30","Costume","Future Trunks","Future Trunks Outfit 2"
"00_1_0001_0080_31","Costume","Future Trunks, Super Saiyan","Future Trunks, Super Saiyan Outfit 2"
"00_1_0004_0140_00","Costume","Master Roshi","Master Roshi Outfit 5"
"00_1_0004_0141_00","Costume","Master Roshi, Max Power","Master Roshi, Max Power Outfit 5"
"00_1_0003_0000_40","Costume","Goku (Super)","Goku (Super) Outfit 4"
"00_1_0003_0000_41","Costume","Goku (Super), Super Saiyan","Goku (Super), Super Saiyan Outfit 4"
"00_1_0003_0001_42","Costume","Goku (Super), Super Saiyan God","Goku (Super), Super Saiyan God Outfit 4"
"00_1_0003_0000_43","Costume","Goku (Super), Super Saiyan God Super Saiyan","Goku (Super), Super Saiyan God Super Saiyan Outfit 4"
"00_1_0003_0020_60","Costume","Vegeta (Super)","Vegeta (Super) Outfit 4"
"00_1_0003_0020_61","Costume","Vegeta (Super), Super Saiyan","Vegeta (Super), Super Saiyan Outfit 4"
"00_1_0003_0022_62","Costume","Vegeta (Super), Super Saiyan God","Vegeta (Super), Super Saiyan God Outfit 4"
"00_1_0003_0020_63","Costume","Vegeta (Super), Super Saiyan God Super Saiyan","Vegeta (Super), Super Saiyan God Super Saiyan Outfit 4"
"00_1_0003_0140_00","Costume","Master Roshi","Master Roshi Outfit 4"
"00_1_0003_0141_00","Costume","Master Roshi, Max Power","Master Roshi, Max Power Outfit 4"
