id,action,part,order,file,subFile
0000_00,actSPM1SI,None,0,BulletParam_0000_00_actSPM1_SSG,
0000_00,actSTDSMBN,None,0,BulletParam_Common_actSTDSMBN,
0000_00,actULTSI,None,0,BulletParam_actULT_BULLET_HD_s,
0000_10,actJSBN,None,0,BulletParam_Common_actJSBN1,
0000_10,actSPM1SI,None,0,BulletParam_actSPM_SSG,
0000_10,actSTDSMBN,None,0,BulletParam_Common_actSTDSMBN,
0000_10,actULTSI,None,0,BulletParam_actULTSI_HD_BLT_L750_unblockable,
0000_11,actJSBF,None,0,BulletParam_Common_actJSBF,
0000_11,actJSBP,None,0,BulletParam_Common_actJSBP,
0000_11,actMRBB,None,0,BulletParam_Common_actMRBB,
0000_11,actMRBF,None,0,BulletParam_Common_actMRBF,
0000_11,actMRBL,None,0,BulletParam_Common_actMRBL,
0000_11,actMRBR,None,0,BulletParam_Common_actMRBR,
0000_11,actMSBBF,None,0,BulletParam_Common_actMSBBF,
0000_11,actMSBBN,None,0,BulletParam_Common_actMSBBN,
0000_11,actMSBBP,None,0,BulletParam_Common_actMSBBP,
0000_11,actMSBFF,None,0,BulletParam_Common_actMSBFF,
0000_11,actMSBFN,None,0,BulletParam_Common_actMSBFN,
0000_11,actMSBFP,None,0,BulletParam_Common_actMSBFP,
0000_11,actMSBLF,None,0,BulletParam_Common_actMSBLF,
0000_11,actMSBLN,None,0,BulletParam_Common_actMSBLN,
0000_11,actMSBLP,None,0,BulletParam_Common_actMSBLP,
0000_11,actMSBRF,None,0,BulletParam_Common_actMSBRF,
0000_11,actMSBRN,None,0,BulletParam_Common_actMSBRN,
0000_11,actMSBRP,None,0,BulletParam_Common_actMSBRP,
0000_11,actSMBF,None,0,BulletParam_Common_actSMBF,
0000_11,actSMBP,None,0,BulletParam_Common_actSMBP,
0000_11,actSPM1SI,None,0,BulletParam_actSPM_SSG,
0000_11,actSTDSMBN,None,0,BulletParam_Common_actSTDSMBN,
0000_11,actULTSI,None,0,BulletParam_actULTSI_HD_BEAM,
0000_20,actJSBN,None,0,BulletParam_Common_actJSBN5,
0000_20,actSPM1SI,None,0,BulletParam_actSPM_SSG,
0000_20,actSTDSMBN,None,0,BulletParam_Common_actSTDSMBN,
0000_20,actULTSI,None,0,BulletParam_actULTSI_HD_BLT_L750_unblockable,
0000_21,actJSBF,None,0,BulletParam_Common_actJSBF,
0000_21,actJSBP,None,0,BulletParam_Common_actJSBP,
0000_21,actMRBB,None,0,BulletParam_Common_actMRBB,
0000_21,actMRBF,None,0,BulletParam_Common_actMRBF,
0000_21,actMRBL,None,0,BulletParam_Common_actMRBL,
0000_21,actMRBR,None,0,BulletParam_Common_actMRBR,
0000_21,actMSBBF,None,0,BulletParam_Common_actMSBBF,
0000_21,actMSBBN,None,0,BulletParam_Common_actMSBBN,
0000_21,actMSBBP,None,0,BulletParam_Common_actMSBBP,
0000_21,actMSBFF,None,0,BulletParam_Common_actMSBFF,
0000_21,actMSBFN,None,0,BulletParam_Common_actMSBFN,
0000_21,actMSBFP,None,0,BulletParam_Common_actMSBFP,
0000_21,actMSBLF,None,0,BulletParam_Common_actMSBLF,
0000_21,actMSBLN,None,0,BulletParam_Common_actMSBLN,
0000_21,actMSBLP,None,0,BulletParam_Common_actMSBLP,
0000_21,actMSBRF,None,0,BulletParam_Common_actMSBRF,
0000_21,actMSBRN,None,0,BulletParam_Common_actMSBRN,
0000_21,actMSBRP,None,0,BulletParam_Common_actMSBRP,
0000_21,actSMBF,None,0,BulletParam_Common_actSMBF,
0000_21,actSMBP,None,0,BulletParam_Common_actSMBP,
0000_21,actSPM1SI,None,0,BulletParam_actSPM_SSG,
0000_21,actSPM2SI,None,0,BulletParam_actSPM_BULLET_barrage10,
0000_21,actSTDSMBN,None,0,BulletParam_Common_actSTDSMBN,
0000_21,actULTSI,None,0,BulletParam_actULTSI_HD_BEAM,
0000_22,actJSBF,None,0,BulletParam_Common_actJSBF,
0000_22,actJSBP,None,0,BulletParam_Common_actJSBP,
0000_22,actMRBB,None,0,BulletParam_Common_actMRBB,
0000_22,actMRBF,None,0,BulletParam_Common_actMRBF,
0000_22,actMRBL,None,0,BulletParam_Common_actMRBL,
0000_22,actMRBR,None,0,BulletParam_Common_actMRBR,
0000_22,actMSBBF,None,0,BulletParam_Common_actMSBBF,
0000_22,actMSBBN,None,0,BulletParam_Common_actMSBBN,
0000_22,actMSBBP,None,0,BulletParam_Common_actMSBBP,
0000_22,actMSBFF,None,0,BulletParam_Common_actMSBFF,
0000_22,actMSBFN,None,0,BulletParam_Common_actMSBFN,
0000_22,actMSBFP,None,0,BulletParam_Common_actMSBFP,
0000_22,actMSBLF,None,0,BulletParam_Common_actMSBLF,
0000_22,actMSBLN,None,0,BulletParam_Common_actMSBLN,
0000_22,actMSBLP,None,0,BulletParam_Common_actMSBLP,
0000_22,actMSBRF,None,0,BulletParam_Common_actMSBRF,
0000_22,actMSBRN,None,0,BulletParam_Common_actMSBRN,
0000_22,actMSBRP,None,0,BulletParam_Common_actMSBRP,
0000_22,actSMBF,None,0,BulletParam_Common_actSMBF,
0000_22,actSMBP,None,0,BulletParam_Common_actSMBP,
0000_22,actSPM1SI,None,0,BulletParam_actSPM_SSG,
0000_22,actSTDSMBN,None,0,BulletParam_Common_actSTDSMBN,
0000_22,actULTSI,None,0,BulletParam_actULTSI_HD_BEAM,
0000_23,actSPM1SI,None,0,BulletParam_actSPM_SSG,
0000_23,actSTDSMBN,None,0,BulletParam_Common_actSTDSMBN,
0000_33,actDSMBN,None,0,BulletParam_Common_actDSMBN3_Shots3,
0000_33,actSMBN,None,0,BulletParam_Common_actSMBN3_Shots3,
0000_33,actSPM1SI,None,0,BulletParam_actSPM_SSG,
0000_33,actSTDSMBN,None,0,BulletParam_Common_actSTDSMBN3_Shots3,
0000_40,actBLF1_B1SSG,None,0,BulletParam_actSPM_SSG,
0000_40,actJSBF,None,0,BulletParam_Common_actJSBF,
0000_40,actJSBN,None,0,BulletParam_Common_actJSBN5,
0000_40,actJSBP,None,0,BulletParam_Common_actJSBP,
0000_40,actMRBB,None,0,BulletParam_Common_actMRBB,
0000_40,actMRBF,None,0,BulletParam_Common_actMRBF,
0000_40,actMRBL,None,0,BulletParam_Common_actMRBL,
0000_40,actMRBR,None,0,BulletParam_Common_actMRBR,
0000_40,actMSBBF,None,0,BulletParam_Common_actMSBBF,
0000_40,actMSBBN,None,0,BulletParam_Common_actMSBBN,
0000_40,actMSBBP,None,0,BulletParam_Common_actMSBBP,
0000_40,actMSBFF,None,0,BulletParam_Common_actMSBFF,
0000_40,actMSBFN,None,0,BulletParam_Common_actMSBFN,
0000_40,actMSBFP,None,0,BulletParam_Common_actMSBFP,
0000_40,actMSBLF,None,0,BulletParam_Common_actMSBLF,
0000_40,actMSBLN,None,0,BulletParam_Common_actMSBLN,
0000_40,actMSBLP,None,0,BulletParam_Common_actMSBLP,
0000_40,actMSBRF,None,0,BulletParam_Common_actMSBRF,
0000_40,actMSBRN,None,0,BulletParam_Common_actMSBRN,
0000_40,actMSBRP,None,0,BulletParam_Common_actMSBRP,
0000_40,actSMBF,None,0,BulletParam_Common_actSMBF,
0000_40,actSMBP,None,0,BulletParam_Common_actSMBP,
0000_40,actSPM1SI,None,0,BulletParam_actSPM_SSG,
0000_40,actSTDSMBN,None,0,BulletParam_Common_actSTDSMBN,
0000_40,actULTSI,None,0,BulletParam_0000_40_actULTSI_HD,
0000_41,actSPM1SI,None,0,BulletParam_actSPM_SSG,
0000_41,actSTDSMBN,None,0,BulletParam_Common_actSTDSMBN,
0000_43,actBLF1_B1SSG,None,0,BulletParam_actSPM_SSG,
0000_43,actDSMBN,None,0,BulletParam_Common_actDSMBN3_Shots3,
0000_43,actJSBF,None,0,BulletParam_Common_actJSBF,
0000_43,actJSBN,None,0,BulletParam_Common_actJSBN5,
0000_43,actJSBP,None,0,BulletParam_Common_actJSBP,
0000_43,actMRBB,None,0,BulletParam_Common_actMRBB,
0000_43,actMRBF,None,0,BulletParam_Common_actMRBF,
0000_43,actMRBL,None,0,BulletParam_Common_actMRBL,
0000_43,actMRBR,None,0,BulletParam_Common_actMRBR,
0000_43,actMSBBF,None,0,BulletParam_Common_actMSBBF,
0000_43,actMSBBN,None,0,BulletParam_Common_actMSBBN,
0000_43,actMSBBP,None,0,BulletParam_Common_actMSBBP,
0000_43,actMSBFF,None,0,BulletParam_Common_actMSBFF,
0000_43,actMSBFN,None,0,BulletParam_Common_actMSBFN,
0000_43,actMSBFP,None,0,BulletParam_Common_actMSBFP,
0000_43,actMSBLF,None,0,BulletParam_Common_actMSBLF,
0000_43,actMSBLN,None,0,BulletParam_Common_actMSBLN,
0000_43,actMSBLP,None,0,BulletParam_Common_actMSBLP,
0000_43,actMSBRF,None,0,BulletParam_Common_actMSBRF,
0000_43,actMSBRN,None,0,BulletParam_Common_actMSBRN,
0000_43,actMSBRP,None,0,BulletParam_Common_actMSBRP,
0000_43,actSMBF,None,0,BulletParam_Common_actSMBF,
0000_43,actSMBN,None,0,BulletParam_Common_actSMBN3_Shots3,
0000_43,actSMBP,None,0,BulletParam_Common_actSMBP,
0000_43,actSPM1SI,None,0,BulletParam_actSPM_SSG,
0000_43,actSPM1SIBF,None,0,BulletParam_actSPM_SSG,
0000_43,actSTDSMBN,None,0,BulletParam_Common_actSTDSMBN3_Shots3,
0000_43,actULTSI,None,0,BulletParam_actULTSI_HD_BEAM,
0000_43,actULTSIBF,None,0,BulletParam_actULTSI_HD_BEAM,
0000_50,actJSBN,None,0,BulletParam_Common_actJSBN2,
0000_50,actSPM1SI,None,0,BulletParam_actSPM_SSG,
0000_50,actSTDSMBN,None,0,BulletParam_Common_actSTDSMBN7_Fist,
0000_51,actJSBN,None,0,BulletParam_Common_actJSBN2,
0000_51,actSPM1SI,None,0,BulletParam_actSPM_SSG,
0000_51,actSTDSMBN,None,0,BulletParam_Common_actSTDSMBN7_Fist,
0001_42,actDSMBN,None,0,BulletParam_Common_actDSMBN1,
0001_42,actEXA1,None,0,BulletParam_actEXA_BND,
0001_42,actJSBN,None,0,BulletParam_Common_actJSBN1,
0001_42,actSMBN,None,0,BulletParam_Common_actSMBN1,
0001_42,actSPM1SI,None,0,BulletParam_actSPM_SSG,
0001_42,actSTDSMBN,None,0,BulletParam_Common_actSTDSMBN1,
0001_42,actULTSI,None,0,BulletParam_actULTSI_HD_BEAM,
0002_30,actEXA1,None,0,BulletParam_actEXA_BOM,
0002_30,actEXA2,None,0,BulletParam_actEXA_BOM,
0002_30,actSPM1SI,None,0,BulletParam_actSPM_SSG,
0002_30,actSTDSMBN,None,0,BulletParam_Common_actSTDSMBN,
0002_30,actULTSI,None,0,BulletParam_actULTSI_HD_BLT_L750_unblockable,
0002_31,actSPM1SI,None,0,BulletParam_actSPM_SSG,
0002_31,actSPM2SI,None,0,BulletParam_actSPM_BULLET_barrage08,
0002_31,actSTDSMBN,None,0,BulletParam_Common_actSTDSMBN,
0002_31,actULTSI,None,0,BulletParam_actULT_bom_HD,
0002_32,actEXA1,None,0,BulletParam_actEXA_BOM,
0002_32,actEXA2,None,0,BulletParam_actEXA_BOM,
0002_32,actSPM1SI,None,0,BulletParam_actSPM_SSG,
0002_32,actSPM2SI,None,0,BulletParam_actSPM_BULLET_barrage08,
0002_32,actSTDSMBN,None,0,BulletParam_Common_actSTDSMBN,
0002_50,actJSBF,None,0,BulletParam_Common_actJSBF,
0002_50,actJSBP,None,0,BulletParam_Common_actJSBP,
0002_50,actMRBB,None,0,BulletParam_Common_actMRBB,
0002_50,actMRBF,None,0,BulletParam_Common_actMRBF,
0002_50,actMRBL,None,0,BulletParam_Common_actMRBL,
0002_50,actMRBR,None,0,BulletParam_Common_actMRBR,
0002_50,actMSBBF,None,0,BulletParam_Common_actMSBBF,
0002_50,actMSBBN,None,0,BulletParam_Common_actMSBBN,
0002_50,actMSBBP,None,0,BulletParam_Common_actMSBBP,
0002_50,actMSBFF,None,0,BulletParam_Common_actMSBFF,
0002_50,actMSBFN,None,0,BulletParam_Common_actMSBFN,
0002_50,actMSBFP,None,0,BulletParam_Common_actMSBFP,
0002_50,actMSBLF,None,0,BulletParam_Common_actMSBLF,
0002_50,actMSBLN,None,0,BulletParam_Common_actMSBLN,
0002_50,actMSBLP,None,0,BulletParam_Common_actMSBLP,
0002_50,actMSBRF,None,0,BulletParam_Common_actMSBRF,
0002_50,actMSBRN,None,0,BulletParam_Common_actMSBRN,
0002_50,actMSBRP,None,0,BulletParam_Common_actMSBRP,
0002_50,actSMBF,None,0,BulletParam_Common_actSMBF,
0002_50,actSMBP,None,0,BulletParam_Common_actSMBP,
0002_50,actSPM1SI,None,0,BulletParam_0002_50_actSPM1_SSG,
0002_50,actSTDSMBN,None,0,BulletParam_Common_actSTDSMBN,
0020_00,actDRSB,None,0,BulletParam_Common_actDRSB_0020,
0020_00,actEXA1,None,0,BulletParam_actEXA_BOM,
0020_00,actJRB,None,0,BulletParam_Common_actJRB_0020,
0020_00,actRSB,None,0,BulletParam_Common_actRSB_0020,
0020_00,actSPM1SI,None,0,BulletParam_actSPM_BEAM_fine,
0020_00,actSTDSMBN,None,0,BulletParam_Common_actSTDSMBN_L,
0020_10,actDRSB,None,0,BulletParam_Common_actDRSB_0020,
0020_10,actEXA1,None,0,BulletParam_actEXA_BOM,
0020_10,actJRB,None,0,BulletParam_Common_actJRB_0020,
0020_10,actRSB,None,0,BulletParam_Common_actRSB_0020,
0020_10,actSPM1SI,None,0,BulletParam_actSPM_BEAM_fine,
0020_10,actSPM2SI,None,0,BulletParam_actSPM_BULLET_barrage10,
0020_10,actSTDSMBN,None,0,BulletParam_Common_actSTDSMBN_L,
0020_10,actULTSI,None,0,BulletParam_actULT_bom_HD,
0020_11,actDRSB,None,0,BulletParam_Common_actDRSB_0020,
0020_11,actEXA1,None,0,BulletParam_actEXA_BOM,
0020_11,actJRB,None,0,BulletParam_Common_actJRB_0020,
0020_11,actRSB,None,0,BulletParam_Common_actRSB_0020,
0020_11,actSPM1SI,None,0,BulletParam_0020_11_actSPM1_BEAM_bi,
0020_11,actSTDSMBN,None,0,BulletParam_Common_actSTDSMBN_L,
0020_11,actULTSI,None,0,BulletParam_actULT_BULLET_HD,
0020_30,actDRSB,None,0,BulletParam_Common_actDRSB_0020,
0020_30,actEXA1,None,0,BulletParam_actEXA_BOM,
0020_30,actJRB,None,0,BulletParam_Common_actJRB_0020,
0020_30,actRSB,None,0,BulletParam_Common_actRSB_0020,
0020_30,actSPM2SI,None,0,BulletParam_actSPM_BULLET_barrage10,
0020_30,actSTDSMBN,None,0,BulletParam_Common_actSTDSMBN_L,
0020_30,actULTSI,None,0,BulletParam_actULT_BULLET_HD,
0020_31,actDRSB,None,0,BulletParam_Common_actDRSB_0020,
0020_31,actEXA1,None,0,BulletParam_actEXA_BOM,
0020_31,actJRB,None,0,BulletParam_Common_actJRB_0020,
0020_31,actRSB,None,0,BulletParam_Common_actRSB_0020,
0020_31,actSPM1SI,None,0,BulletParam_actSPM_BEAM_bi,
0020_31,actSPM2SI,None,0,BulletParam_actSPM_BULLET_barrage10,
0020_31,actSTDSMBN,None,0,BulletParam_Common_actSTDSMBN_L,
0020_31,actULTSI,None,0,BulletParam_actULT_BULLET_HD_barrage,
0020_32,actDRSB,None,0,BulletParam_Common_actDRSB_0020,
0020_32,actEXA1,None,0,BulletParam_actEXA_BOM,
0020_32,actEXA2,None,0,BulletParam_actEXA_BOM,
0020_32,actJRB,None,0,BulletParam_Common_actJRB_0020,
0020_32,actRSB,None,0,BulletParam_Common_actRSB_0020,
0020_32,actSPM1SI,None,0,BulletParam_actSPM_BULLET_bi_Top,
0020_32,actSPM2SI,None,0,BulletParam_actSPM_BULLET_barrage10,
0020_32,actSTDSMBN,None,0,BulletParam_Common_actSTDSMBN_L,
0020_40,actDRSB,None,0,BulletParam_Common_actDRSB_0020,
0020_40,actJRB,None,0,BulletParam_Common_actJRB_0020,
0020_40,actJSBF,None,0,BulletParam_Common_actJSBF,
0020_40,actJSBP,None,0,BulletParam_Common_actJSBP,
0020_40,actMRBB,None,0,BulletParam_Common_actMRBB,
0020_40,actMRBF,None,0,BulletParam_Common_actMRBF,
0020_40,actMRBL,None,0,BulletParam_Common_actMRBL,
0020_40,actMRBR,None,0,BulletParam_Common_actMRBR,
0020_40,actMSBBF,None,0,BulletParam_Common_actMSBBF,
0020_40,actMSBBN,None,0,BulletParam_Common_actMSBBN,
0020_40,actMSBBP,None,0,BulletParam_Common_actMSBBP,
0020_40,actMSBFF,None,0,BulletParam_Common_actMSBFF,
0020_40,actMSBFN,None,0,BulletParam_Common_actMSBFN,
0020_40,actMSBFP,None,0,BulletParam_Common_actMSBFP,
0020_40,actMSBLF,None,0,BulletParam_Common_actMSBLF,
0020_40,actMSBLN,None,0,BulletParam_Common_actMSBLN,
0020_40,actMSBLP,None,0,BulletParam_Common_actMSBLP,
0020_40,actMSBRF,None,0,BulletParam_Common_actMSBRF,
0020_40,actMSBRN,None,0,BulletParam_Common_actMSBRN,
0020_40,actMSBRP,None,0,BulletParam_Common_actMSBRP,
0020_40,actRSB,None,0,BulletParam_Common_actRSB_0020,
0020_40,actSI2,None,0,BulletParam_0020_60_actSI2,
0020_40,actSMBF,None,0,BulletParam_Common_actSMBF,
0020_40,actSMBP,None,0,BulletParam_Common_actSMBP,
0020_40,actSPM1SI,None,0,BulletParam_actSPM_BEAM_pen,
0020_40,actSPM2SI,None,0,BulletParam_actSPM_BULLET_bi_Top,
0020_40,actSTDSMBN,None,0,BulletParam_Common_actSTDSMBN_L,
0020_40,actULTSI,None,0,BulletParam_actULT_BOM_HD_sb_0020_40,
0020_50,actDRSB,None,0,BulletParam_Common_actDRSB_0020,
0020_50,actEXA1,None,0,BulletParam_actEXA_BOM,
0020_50,actJRB,None,0,BulletParam_Common_actJRB_0020,
0020_50,actRSB,None,0,BulletParam_Common_actRSB_0020,
0020_50,actSPM1SI,None,0,BulletParam_actSPM_BEAM_bi,
0020_50,actSTDSMBN,None,0,BulletParam_Common_actSTDSMBN_L,
0020_50,actULTSI,None,0,BulletParam_actULTSI_HD_BEAM,
0020_60,actDRSB,None,0,BulletParam_Common_actDRSB_0020,
0020_60,actEXA1,None,0,BulletParam_actEXA_BOM,
0020_60,actJRB,None,0,BulletParam_Common_actJRB_0020,
0020_60,actJSBF,None,0,BulletParam_Common_actJSBF,
0020_60,actJSBN,None,0,BulletParam_Common_actJSBN3_Shots3,
0020_60,actJSBP,None,0,BulletParam_Common_actJSBP,
0020_60,actMRBB,None,0,BulletParam_Common_actMRBB,
0020_60,actMRBF,None,0,BulletParam_Common_actMRBF,
0020_60,actMRBL,None,0,BulletParam_Common_actMRBL,
0020_60,actMRBR,None,0,BulletParam_Common_actMRBR,
0020_60,actMSBBF,None,0,BulletParam_Common_actMSBBF,
0020_60,actMSBBN,None,0,BulletParam_Common_actMSBBN,
0020_60,actMSBBP,None,0,BulletParam_Common_actMSBBP,
0020_60,actMSBFF,None,0,BulletParam_Common_actMSBFF,
0020_60,actMSBFN,None,0,BulletParam_Common_actMSBFN,
0020_60,actMSBFP,None,0,BulletParam_Common_actMSBFP,
0020_60,actMSBLF,None,0,BulletParam_Common_actMSBLF,
0020_60,actMSBLN,None,0,BulletParam_Common_actMSBLN,
0020_60,actMSBLP,None,0,BulletParam_Common_actMSBLP,
0020_60,actMSBRF,None,0,BulletParam_Common_actMSBRF,
0020_60,actMSBRN,None,0,BulletParam_Common_actMSBRN,
0020_60,actMSBRP,None,0,BulletParam_Common_actMSBRP,
0020_60,actRSB,None,0,BulletParam_Common_actRSB_0020,
0020_60,actSI2,None,0,BulletParam_0020_60_actSI2,
0020_60,actSMBF,None,0,BulletParam_Common_actSMBF,
0020_60,actSMBP,None,0,BulletParam_Common_actSMBP,
0020_60,actSPM1SI,None,0,BulletParam_actSPM_BEAM_fine,
0020_60,actSTDSMBN,None,0,BulletParam_Common_actSTDSMBN_L,
0020_60,actULTSI,None,0,BulletParam_actULT_BEAM,
0020_61,actDRSB,None,0,BulletParam_Common_actDRSB_0020,
0020_61,actJRB,None,0,BulletParam_Common_actJRB_0020,
0020_61,actJSBF,None,0,BulletParam_Common_actJSBF,
0020_61,actJSBN,None,0,BulletParam_Common_actJSBN3_Shots3,
0020_61,actJSBP,None,0,BulletParam_Common_actJSBP,
0020_61,actMRBB,None,0,BulletParam_Common_actMRBB,
0020_61,actMRBF,None,0,BulletParam_Common_actMRBF,
0020_61,actMRBL,None,0,BulletParam_Common_actMRBL,
0020_61,actMRBR,None,0,BulletParam_Common_actMRBR,
0020_61,actMSBBF,None,0,BulletParam_Common_actMSBBF,
0020_61,actMSBBN,None,0,BulletParam_Common_actMSBBN,
0020_61,actMSBBP,None,0,BulletParam_Common_actMSBBP,
0020_61,actMSBFF,None,0,BulletParam_Common_actMSBFF,
0020_61,actMSBFN,None,0,BulletParam_Common_actMSBFN,
0020_61,actMSBFP,None,0,BulletParam_Common_actMSBFP,
0020_61,actMSBLF,None,0,BulletParam_Common_actMSBLF,
0020_61,actMSBLN,None,0,BulletParam_Common_actMSBLN,
0020_61,actMSBLP,None,0,BulletParam_Common_actMSBLP,
0020_61,actMSBRF,None,0,BulletParam_Common_actMSBRF,
0020_61,actMSBRN,None,0,BulletParam_Common_actMSBRN,
0020_61,actMSBRP,None,0,BulletParam_Common_actMSBRP,
0020_61,actRSB,None,0,BulletParam_Common_actRSB_0020,
0020_61,actSI2,None,0,BulletParam_0020_61_actSI2,
0020_61,actSMBF,None,0,BulletParam_Common_actSMBF,
0020_61,actSMBP,None,0,BulletParam_Common_actSMBP,
0020_61,actSPM1HD1P,None,0,BulletParam_0020_61_actSPMSI_2,
0020_61,actSPM1SI,None,0,BulletParam_0020_61_actSPMSI_1,
0020_61,actSTDSMBN,None,0,BulletParam_Common_actSTDSMBN_L,
0020_63,actDRSB,None,0,BulletParam_Common_actDRSB_0020,
0020_63,actDSMBN,None,0,BulletParam_Common_actDSMBN3_Shots3_L,
0020_63,actJRB,None,0,BulletParam_Common_actJRB_0020,
0020_63,actJSBN,None,0,BulletParam_Common_actJSBN3_Shots3,
0020_63,actRSB,None,0,BulletParam_Common_actRSB_0020,
0020_63,actSMBN,None,0,BulletParam_Common_actSMBN3_Shots3_L,
0020_63,actSPM1SI,None,0,BulletParam_actSPM_BEAM_bi,
0020_63,actSPM2SI,None,0,BulletParam_actSPM_BREATH_long,
0020_63,actSPM2SIBF,None,0,BulletParam_actSPM_BREATH_long,
0020_63,actSTDSMBN,None,0,BulletParam_Common_actSTDSMBN3_Shots3_L,
0020_63,actULTSI,None,0,BulletParam_0020_63_actULT_BOM_HD_sb,
0021_20,actDRSB,None,0,BulletParam_Common_actDRSB_0020,
0021_20,actEXA1,None,0,BulletParam_actEXA_BOM,
0021_20,actEXA2,None,0,BulletParam_actEXA_BOM,
0021_20,actJRB,None,0,BulletParam_Common_actJRB_0020,
0021_20,actRSB,None,0,BulletParam_Common_actRSB_0020,
0021_20,actSPM1SI,None,0,BulletParam_actSPM_BULLET_bi_Top,
0021_20,actSTDSMBN,None,0,BulletParam_Common_actSTDSMBN_L,
0021_20,actULTSI,None,0,BulletParam_actULTSI_HD_BEAM,
0022_62,actDRSB,None,0,BulletParam_Common_actDRSB_0020,
0022_62,actEXA1,None,0,BulletParam_actEXA_BOM,
0022_62,actJRB,None,0,BulletParam_Common_actJRB_0020,
0022_62,actRSB,None,0,BulletParam_Common_actRSB_0020,
0022_62,actSPM1SI,None,0,BulletParam_0022_62_actSPM1_HD_3s,
0022_62,actSTDSMBN,None,0,BulletParam_Common_actSTDSMBN_L,
0022_62,actULTSI,None,0,BulletParam_actULTSI_HD_BEAM,
0023_00,actDRSB,None,0,BulletParam_Common_actRSB_Huge,
0023_00,actDSMBN,None,0,BulletParam_Common_actSMBN_Huge,
0023_00,actEXA1,None,0,BulletParam_actEXA_BOM_huge,
0023_00,actJRB,None,0,BulletParam_Common_actJRB_Huge,
0023_00,actJSBN,None,0,BulletParam_Common_actJSBN_Huge,
0023_00,actRSB,None,0,BulletParam_Common_actRSB_Huge,
0023_00,actSMBN,None,0,BulletParam_Common_actSMBN_Huge,
0023_00,actSPM1SI,None,0,BulletParam_actSPM_HUGE_BEAM_bi,
0023_00,actSPM2SI,None,0,BulletParam_0023_00_actSPM2_HUGE_BULLET_s3,
0023_00,actSTDSMBN,None,0,BulletParam_Common_actSMBN_Huge,
0023_00,actULTSI,None,0,BulletParam_actULTSI_HUGE_HD_BEAM_bi,
0030_00,actJSBF,None,0,BulletParam_Common_actJSBF,
0030_00,actJSBP,None,0,BulletParam_Common_actJSBP,
0030_00,actMRBB,None,0,BulletParam_Common_actMRBB,
0030_00,actMRBF,None,0,BulletParam_Common_actMRBF,
0030_00,actMRBL,None,0,BulletParam_Common_actMRBL,
0030_00,actMRBR,None,0,BulletParam_Common_actMRBR,
0030_00,actMSBBF,None,0,BulletParam_Common_actMSBBF,
0030_00,actMSBBN,None,0,BulletParam_Common_actMSBBN,
0030_00,actMSBBP,None,0,BulletParam_Common_actMSBBP,
0030_00,actMSBFF,None,0,BulletParam_Common_actMSBFF,
0030_00,actMSBFN,None,0,BulletParam_Common_actMSBFN,
0030_00,actMSBFP,None,0,BulletParam_Common_actMSBFP,
0030_00,actMSBLF,None,0,BulletParam_Common_actMSBLF,
0030_00,actMSBLN,None,0,BulletParam_Common_actMSBLN,
0030_00,actMSBLP,None,0,BulletParam_Common_actMSBLP,
0030_00,actMSBRF,None,0,BulletParam_Common_actMSBRF,
0030_00,actMSBRN,None,0,BulletParam_Common_actMSBRN,
0030_00,actMSBRP,None,0,BulletParam_Common_actMSBRP,
0030_00,actSMBF,None,0,BulletParam_Common_actSMBF,
0030_00,actSMBP,None,0,BulletParam_Common_actSMBP,
0030_00,actSPM1SI,None,0,BulletParam_actSPM_BEAM_bi,
0030_00,actSPM2SI,None,0,BulletParam_actSPM_BULLET_barrage10,
0030_00,actSTDSMBN,None,0,BulletParam_Common_actSTDSMBN_L,
0031_00,actJSBF,None,0,BulletParam_Common_actJSBF,
0031_00,actJSBP,None,0,BulletParam_Common_actJSBP,
0031_00,actMRBB,None,0,BulletParam_Common_actMRBB,
0031_00,actMRBF,None,0,BulletParam_Common_actMRBF,
0031_00,actMRBL,None,0,BulletParam_Common_actMRBL,
0031_00,actMRBR,None,0,BulletParam_Common_actMRBR,
0031_00,actMSBBF,None,0,BulletParam_Common_actMSBBF,
0031_00,actMSBBN,None,0,BulletParam_Common_actMSBBN,
0031_00,actMSBBP,None,0,BulletParam_Common_actMSBBP,
0031_00,actMSBFF,None,0,BulletParam_Common_actMSBFF,
0031_00,actMSBFN,None,0,BulletParam_Common_actMSBFN,
0031_00,actMSBFP,None,0,BulletParam_Common_actMSBFP,
0031_00,actMSBLF,None,0,BulletParam_Common_actMSBLF,
0031_00,actMSBLN,None,0,BulletParam_Common_actMSBLN,
0031_00,actMSBLP,None,0,BulletParam_Common_actMSBLP,
0031_00,actMSBRF,None,0,BulletParam_Common_actMSBRF,
0031_00,actMSBRN,None,0,BulletParam_Common_actMSBRN,
0031_00,actMSBRP,None,0,BulletParam_Common_actMSBRP,
0031_00,actSMBF,None,0,BulletParam_Common_actSMBF,
0031_00,actSMBP,None,0,BulletParam_Common_actSMBP,
0031_00,actSPM1SI,None,0,BulletParam_actSPM_BEAM_bi,
0031_00,actSPM2SI,None,0,BulletParam_actSPM_BULLET_barrage10,
0031_00,actSTDSMBN,None,0,BulletParam_Common_actSTDSMBN_L,
0031_00,actULTSI,None,0,BulletParam_actULT_BEAM,
0031_01,actEXA1,None,0,BulletParam_actEXA_BOM,
0031_01,actSPM1SI,None,0,BulletParam_actSPM_SSG,
0031_01,actSTDSMBN,None,0,BulletParam_Common_actSTDSMBN_L,
0031_01,actULTSI,None,0,BulletParam_0031_01_actULTHD_3s,
0031_02,actEXA1,None,0,BulletParam_actEXA_BOM,
0031_02,actSPM1SI,None,0,BulletParam_actSPM_SSG,
0031_02,actSTDSMBN,None,0,BulletParam_Common_actSTDSMBN,
0031_02,actULT2SI,None,0,BulletParam_actULTSI_HD_BEAM_unblockable,
0031_02,actULTSI,None,0,BulletParam_actULTSI_HD_BEAM_unblockable,
0032_00,actJSBF,None,0,BulletParam_Common_actJSBF,
0032_00,actJSBP,None,0,BulletParam_Common_actJSBP,
0032_00,actMRBB,None,0,BulletParam_Common_actMRBB,
0032_00,actMRBF,None,0,BulletParam_Common_actMRBF,
0032_00,actMRBL,None,0,BulletParam_Common_actMRBL,
0032_00,actMRBR,None,0,BulletParam_Common_actMRBR,
0032_00,actMSBBF,None,0,BulletParam_Common_actMSBBF,
0032_00,actMSBBN,None,0,BulletParam_Common_actMSBBN,
0032_00,actMSBBP,None,0,BulletParam_Common_actMSBBP,
0032_00,actMSBFF,None,0,BulletParam_Common_actMSBFF,
0032_00,actMSBFN,None,0,BulletParam_Common_actMSBFN,
0032_00,actMSBFP,None,0,BulletParam_Common_actMSBFP,
0032_00,actMSBLF,None,0,BulletParam_Common_actMSBLF,
0032_00,actMSBLN,None,0,BulletParam_Common_actMSBLN,
0032_00,actMSBLP,None,0,BulletParam_Common_actMSBLP,
0032_00,actMSBRF,None,0,BulletParam_Common_actMSBRF,
0032_00,actMSBRN,None,0,BulletParam_Common_actMSBRN,
0032_00,actMSBRP,None,0,BulletParam_Common_actMSBRP,
0032_00,actRSB,None,0,BulletParam_Common_actRSB_L,
0032_00,actSMBF,None,0,BulletParam_Common_actSMBF,
0032_00,actSMBP,None,0,BulletParam_Common_actSMBP,
0032_00,actSPM1SI,None,0,BulletParam_actSPM_BREATH_flash,
0032_00,actSTDSMBN,None,0,BulletParam_Common_actSTDSMBN,
0032_00,actULTSI,None,0,BulletParam_actULTSI_HD_BEAM,
0032_01,actEXA1,None,0,BulletParam_actEXA_BOM,
0032_01,actJSBN,None,0,BulletParam_Common_actJSBN1,
0032_01,actRSB,None,0,BulletParam_Common_actRSB_L,
0032_01,actSPM1SI,None,0,BulletParam_actSPM_BREATH_flash,
0032_01,actSPM2SI,None,0,BulletParam_actSPM_BULLET_barrage08,
0032_01,actSTDSMBN,None,0,BulletParam_Common_actSTDSMBN,
0032_01,actULT2SI,None,0,BulletParam_actULTSI_HD_BEAM_unblockable,
0032_01,actULTSI,None,0,BulletParam_actULTSI_HD_BEAM_unblockable,
0032_02,actEXA1,None,0,BulletParam_actEXA_BOM,
0032_02,actJSBN,None,0,BulletParam_Common_actJSBN1,
0032_02,actRSB,None,0,BulletParam_Common_actRSB_L,
0032_02,actSPM1SI,None,0,BulletParam_actSPM_BREATH_flash_40,
0032_02,actSTDSMBN,None,0,BulletParam_Common_actSTDSMBN,
0032_02,actULTSI,None,0,BulletParam_actULTSI_HUGE_HD_BEAM_bi,
0032_10,actDSMBN,None,0,BulletParam_Common_actDSMBN1,
0032_10,actSMBN,None,0,BulletParam_Common_actSMBN1,
0032_10,actSPM1SI,None,0,BulletParam_actSPM_BOM,
0032_10,actSTDSMBN,None,0,BulletParam_Common_actSTDSMBN1,
0032_20,actJSBF,None,0,BulletParam_Common_actJSBF,
0032_20,actJSBP,None,0,BulletParam_Common_actJSBP,
0032_20,actMRBB,None,0,BulletParam_Common_actMRBB,
0032_20,actMRBF,None,0,BulletParam_Common_actMRBF,
0032_20,actMRBL,None,0,BulletParam_Common_actMRBL,
0032_20,actMRBR,None,0,BulletParam_Common_actMRBR,
0032_20,actMSBBF,None,0,BulletParam_Common_actMSBBF,
0032_20,actMSBBN,None,0,BulletParam_Common_actMSBBN,
0032_20,actMSBBP,None,0,BulletParam_Common_actMSBBP,
0032_20,actMSBFF,None,0,BulletParam_Common_actMSBFF,
0032_20,actMSBFN,None,0,BulletParam_Common_actMSBFN,
0032_20,actMSBFP,None,0,BulletParam_Common_actMSBFP,
0032_20,actMSBLF,None,0,BulletParam_Common_actMSBLF,
0032_20,actMSBLN,None,0,BulletParam_Common_actMSBLN,
0032_20,actMSBLP,None,0,BulletParam_Common_actMSBLP,
0032_20,actMSBRF,None,0,BulletParam_Common_actMSBRF,
0032_20,actMSBRN,None,0,BulletParam_Common_actMSBRN,
0032_20,actMSBRP,None,0,BulletParam_Common_actMSBRP,
0032_20,actRSB,None,0,BulletParam_Common_actRSB_L,
0032_20,actSMBF,None,0,BulletParam_Common_actSMBF,
0032_20,actSMBP,None,0,BulletParam_Common_actSMBP,
0032_20,actSPM1SI,None,0,BulletParam_actSPM_SSG,
0032_20,actSTDSMBN,None,0,BulletParam_Common_actSTDSMBN,
0032_30,actSPM1SI,None,0,BulletParam_actSPM_BEAM_bi,
0032_30,actSPM2SI,None,0,BulletParam_actSPM_BOM_rapid,
0032_30,actSTDSMBN,None,0,BulletParam_Common_actSTDSMBN,
0032_30,actULTSI,None,0,BulletParam_actULTSI_HD_BEAM,
0032_31,actEXA1,None,0,BulletParam_actEXA_BAR,
0032_31,actEXA2,None,0,BulletParam_actEXA_BOM,
0032_31,actSPM1SI,None,0,BulletParam_actSPM_BEAM_bi,
0032_31,actSPM2SI,None,0,BulletParam_0032_31_actSPM_BEAM_pen,
0032_31,actSTDSMBN,None,0,BulletParam_Common_actSTDSMBN,
0040_00,actDSMBN,None,0,BulletParam_Common_actDSMBN1,
0040_00,actEXA1,None,0,BulletParam_actEXA_BND,
0040_00,actJSBF,None,0,BulletParam_Common_actJSBF,
0040_00,actJSBN,None,0,BulletParam_Common_actJSBN1,
0040_00,actJSBP,None,0,BulletParam_Common_actJSBP,
0040_00,actMRBB,None,0,BulletParam_Common_actMRBB,
0040_00,actMRBF,None,0,BulletParam_Common_actMRBF,
0040_00,actMRBL,None,0,BulletParam_Common_actMRBL,
0040_00,actMRBR,None,0,BulletParam_Common_actMRBR,
0040_00,actMSBBF,None,0,BulletParam_Common_actMSBBF,
0040_00,actMSBBN,None,0,BulletParam_Common_actMSBBN,
0040_00,actMSBBP,None,0,BulletParam_Common_actMSBBP,
0040_00,actMSBFF,None,0,BulletParam_Common_actMSBFF,
0040_00,actMSBFN,None,0,BulletParam_Common_actMSBFN,
0040_00,actMSBFP,None,0,BulletParam_Common_actMSBFP,
0040_00,actMSBLF,None,0,BulletParam_Common_actMSBLF,
0040_00,actMSBLN,None,0,BulletParam_Common_actMSBLN,
0040_00,actMSBLP,None,0,BulletParam_Common_actMSBLP,
0040_00,actMSBRF,None,0,BulletParam_Common_actMSBRF,
0040_00,actMSBRN,None,0,BulletParam_Common_actMSBRN,
0040_00,actMSBRP,None,0,BulletParam_Common_actMSBRP,
0040_00,actSMBF,None,0,BulletParam_Common_actSMBF,
0040_00,actSMBN,None,0,BulletParam_Common_actSMBN1,
0040_00,actSMBP,None,0,BulletParam_Common_actSMBP,
0040_00,actSPM1SI,None,0,BulletParam_actSPM_BREATH_flash,
0040_00,actSTDSMBN,None,0,BulletParam_Common_actSTDSMBN1,
0040_00,actULTSI,None,0,BulletParam_0040_00_actULT_BEAM_pen,
0040_10,actDSMBN,None,0,BulletParam_Common_actDSMBN2,
0040_10,actJSBF,None,0,BulletParam_Common_actJSBF,
0040_10,actJSBN,None,0,BulletParam_Common_actJSBN2,
0040_10,actJSBP,None,0,BulletParam_Common_actJSBP,
0040_10,actMRBB,None,0,BulletParam_Common_actMRBB,
0040_10,actMRBF,None,0,BulletParam_Common_actMRBF,
0040_10,actMRBL,None,0,BulletParam_Common_actMRBL,
0040_10,actMRBR,None,0,BulletParam_Common_actMRBR,
0040_10,actMSBBF,None,0,BulletParam_Common_actMSBBF,
0040_10,actMSBBN,None,0,BulletParam_Common_actMSBBN,
0040_10,actMSBBP,None,0,BulletParam_Common_actMSBBP,
0040_10,actMSBFF,None,0,BulletParam_Common_actMSBFF,
0040_10,actMSBFN,None,0,BulletParam_Common_actMSBFN,
0040_10,actMSBFP,None,0,BulletParam_Common_actMSBFP,
0040_10,actMSBLF,None,0,BulletParam_Common_actMSBLF,
0040_10,actMSBLN,None,0,BulletParam_Common_actMSBLN,
0040_10,actMSBLP,None,0,BulletParam_Common_actMSBLP,
0040_10,actMSBRF,None,0,BulletParam_Common_actMSBRF,
0040_10,actMSBRN,None,0,BulletParam_Common_actMSBRN,
0040_10,actMSBRP,None,0,BulletParam_Common_actMSBRP,
0040_10,actSMBF,None,0,BulletParam_Common_actSMBF,
0040_10,actSMBN,None,0,BulletParam_Common_actSMBN2,
0040_10,actSMBP,None,0,BulletParam_Common_actSMBP,
0040_10,actSPM1SI,None,0,BulletParam_0040_10_actSPM_BEAM_pen,
0040_10,actSPM2SI,None,0,BulletParam_actSPM_BULLET_bi_Top,
0040_10,actSTDSMBN,None,0,BulletParam_Common_actSTDSMBN2,
0040_10,actULTSI,None,0,BulletParam_0040_10_actULTHD_3s,
0040_20,actDSMBN,None,0,BulletParam_Common_actDSMBN2,
0040_20,actJSBF,None,0,BulletParam_Common_actJSBF,
0040_20,actJSBN,None,0,BulletParam_Common_actJSBN2,
0040_20,actJSBP,None,0,BulletParam_Common_actJSBP,
0040_20,actMRBB,None,0,BulletParam_Common_actMRBB,
0040_20,actMRBF,None,0,BulletParam_Common_actMRBF,
0040_20,actMRBL,None,0,BulletParam_Common_actMRBL,
0040_20,actMRBR,None,0,BulletParam_Common_actMRBR,
0040_20,actMSBBF,None,0,BulletParam_Common_actMSBBF,
0040_20,actMSBBN,None,0,BulletParam_Common_actMSBBN,
0040_20,actMSBBP,None,0,BulletParam_Common_actMSBBP,
0040_20,actMSBFF,None,0,BulletParam_Common_actMSBFF,
0040_20,actMSBFN,None,0,BulletParam_Common_actMSBFN,
0040_20,actMSBFP,None,0,BulletParam_Common_actMSBFP,
0040_20,actMSBLF,None,0,BulletParam_Common_actMSBLF,
0040_20,actMSBLN,None,0,BulletParam_Common_actMSBLN,
0040_20,actMSBLP,None,0,BulletParam_Common_actMSBLP,
0040_20,actMSBRF,None,0,BulletParam_Common_actMSBRF,
0040_20,actMSBRN,None,0,BulletParam_Common_actMSBRN,
0040_20,actMSBRP,None,0,BulletParam_Common_actMSBRP,
0040_20,actSMBF,None,0,BulletParam_Common_actSMBF,
0040_20,actSMBN,None,0,BulletParam_Common_actSMBN2,
0040_20,actSMBP,None,0,BulletParam_Common_actSMBP,
0040_20,actSPM1SI,None,0,BulletParam_actSPM_BEAM_bi,
0040_20,actSPM2SI,None,0,BulletParam_actSPM_BOM_rapid,
0040_20,actSTDSMBN,None,0,BulletParam_Common_actSTDSMBN2,
0050_00,actDSMBN,None,0,BulletParam_Common_actDSMBN1,
0050_00,actJSBF,None,0,BulletParam_Common_actJSBF,
0050_00,actJSBN,None,0,BulletParam_Common_actJSBN5,
0050_00,actJSBP,None,0,BulletParam_Common_actJSBP,
0050_00,actMRBB,None,0,BulletParam_Common_actMRBB,
0050_00,actMRBF,None,0,BulletParam_Common_actMRBF,
0050_00,actMRBL,None,0,BulletParam_Common_actMRBL,
0050_00,actMRBR,None,0,BulletParam_Common_actMRBR,
0050_00,actMSBBF,None,0,BulletParam_Common_actMSBBF,
0050_00,actMSBBN,None,0,BulletParam_Common_actMSBBN,
0050_00,actMSBBP,None,0,BulletParam_Common_actMSBBP,
0050_00,actMSBFF,None,0,BulletParam_Common_actMSBFF,
0050_00,actMSBFN,None,0,BulletParam_Common_actMSBFN,
0050_00,actMSBFP,None,0,BulletParam_Common_actMSBFP,
0050_00,actMSBLF,None,0,BulletParam_Common_actMSBLF,
0050_00,actMSBLN,None,0,BulletParam_Common_actMSBLN,
0050_00,actMSBLP,None,0,BulletParam_Common_actMSBLP,
0050_00,actMSBRF,None,0,BulletParam_Common_actMSBRF,
0050_00,actMSBRN,None,0,BulletParam_Common_actMSBRN,
0050_00,actMSBRP,None,0,BulletParam_Common_actMSBRP,
0050_00,actSMBF,None,0,BulletParam_Common_actSMBF,
0050_00,actSMBN,None,0,BulletParam_Common_actSMBN1,
0050_00,actSMBP,None,0,BulletParam_Common_actSMBP,
0050_00,actSPM1SI,None,0,BulletParam_actSPM_SSG,
0050_00,actSPM2_SBM,None,0,BulletParam_0050_00_actSPM2_SBM,
0050_00,actSPM2_SBM_2,A,0,BulletParam_0050_00_actSPM2_SBM_2_A,
0050_00,actSPM2_SBM_2,B,1,BulletParam_0050_00_actSPM2_SBM_2_B,
0050_00,actSTDSMBN,None,0,BulletParam_Common_actSTDSMBN1,
0050_00,actULTSI,None,0,BulletParam_0050_00_actULT_SRPSI,
0060_00,actDSMBN,None,0,BulletParam_Common_actDSMBN1,
0060_00,actJSBN,None,0,BulletParam_Common_actJSBN1,
0060_00,actSMBN,None,0,BulletParam_Common_actSMBN1,
0060_00,actSPM1SI,None,0,BulletParam_actSPM_SSG,
0060_00,actSTDSMBN,None,0,BulletParam_Common_actSTDSMBN1,
0060_00,actULTSI,None,0,BulletParam_actULT_BULLET_HD,
0070_00,actSPM1SI,None,0,BulletParam_actSPM_BEAM_pen_1hit,
0070_00,actSPM2SI,None,0,BulletParam_0070_00_actSPM2,
0070_00,actSTDSMBN,None,0,BulletParam_Common_actSTDSMBN,
0070_00,actULTSI,None,0,BulletParam_0070_00_actULT_BULLET,
0080_00,actJSBF,None,0,BulletParam_Common_actJSBF,
0080_00,actJSBP,None,0,BulletParam_Common_actJSBP,
0080_00,actMRBB,None,0,BulletParam_Common_actMRBB,
0080_00,actMRBF,None,0,BulletParam_Common_actMRBF,
0080_00,actMRBL,None,0,BulletParam_Common_actMRBL,
0080_00,actMRBR,None,0,BulletParam_Common_actMRBR,
0080_00,actMSBBF,None,0,BulletParam_Common_actMSBBF,
0080_00,actMSBBN,None,0,BulletParam_Common_actMSBBN,
0080_00,actMSBBP,None,0,BulletParam_Common_actMSBBP,
0080_00,actMSBFF,None,0,BulletParam_Common_actMSBFF,
0080_00,actMSBFN,None,0,BulletParam_Common_actMSBFN,
0080_00,actMSBFP,None,0,BulletParam_Common_actMSBFP,
0080_00,actMSBLF,None,0,BulletParam_Common_actMSBLF,
0080_00,actMSBLN,None,0,BulletParam_Common_actMSBLN,
0080_00,actMSBLP,None,0,BulletParam_Common_actMSBLP,
0080_00,actMSBRF,None,0,BulletParam_Common_actMSBRF,
0080_00,actMSBRN,None,0,BulletParam_Common_actMSBRN,
0080_00,actMSBRP,None,0,BulletParam_Common_actMSBRP,
0080_00,actSMBF,None,0,BulletParam_Common_actSMBF,
0080_00,actSMBP,None,0,BulletParam_Common_actSMBP,
0080_00,actSPM1SI,None,0,BulletParam_actSPM_BULLET_bi_Top,
0080_00,actSPM2SI,None,0,BulletParam_actSPM_BULLET_barrage05,
0080_00,actSTDSMBN,None,0,BulletParam_Common_actSTDSMBN6_Slash,
0080_00,actULTSD,None,0,BulletParam_0080_00_actULT,
0080_00,actULTSI,None,0,BulletParam_0080_00_actULT,
0080_01,actEXA1,None,0,BulletParam_actEXA_BOM,
0080_01,actJSBF,None,0,BulletParam_Common_actJSBF,
0080_01,actJSBN,None,0,BulletParam_Common_actJSBN3_Shots3,
0080_01,actJSBP,None,0,BulletParam_Common_actJSBP,
0080_01,actMRBB,None,0,BulletParam_Common_actMRBB,
0080_01,actMRBF,None,0,BulletParam_Common_actMRBF,
0080_01,actMRBL,None,0,BulletParam_Common_actMRBL,
0080_01,actMRBR,None,0,BulletParam_Common_actMRBR,
0080_01,actMSBBF,None,0,BulletParam_Common_actMSBBF,
0080_01,actMSBBN,None,0,BulletParam_Common_actMSBBN,
0080_01,actMSBBP,None,0,BulletParam_Common_actMSBBP,
0080_01,actMSBFF,None,0,BulletParam_Common_actMSBFF,
0080_01,actMSBFN,None,0,BulletParam_Common_actMSBFN,
0080_01,actMSBFP,None,0,BulletParam_Common_actMSBFP,
0080_01,actMSBLF,None,0,BulletParam_Common_actMSBLF,
0080_01,actMSBLN,None,0,BulletParam_Common_actMSBLN,
0080_01,actMSBLP,None,0,BulletParam_Common_actMSBLP,
0080_01,actMSBRF,None,0,BulletParam_Common_actMSBRF,
0080_01,actMSBRN,None,0,BulletParam_Common_actMSBRN,
0080_01,actMSBRP,None,0,BulletParam_Common_actMSBRP,
0080_01,actSMBF,None,0,BulletParam_Common_actSMBF,
0080_01,actSMBP,None,0,BulletParam_Common_actSMBP,
0080_01,actSPM1SI,None,0,BulletParam_actSPM_BULLET_bi_Top,
0080_01,actSPM2SI,None,0,BulletParam_actSPM_BULLET_barrage05,
0080_01,actSTDSMBN,None,0,BulletParam_Common_actSTDSMBN6_Slash,
0080_10,actDSMBN,None,0,BulletParam_Common_actDSMBN3_Shots3,
0080_10,actEXA1,None,0,BulletParam_actEXA_BOM,
0080_10,actJSBN,None,0,BulletParam_Common_actJSBN3_Shots3,
0080_10,actSMBN,None,0,BulletParam_Common_actSMBN3_Shots3,
0080_10,actSPM1SI,None,0,BulletParam_actSPM_BULLET_bi_Top,
0080_10,actSTDSMBN,None,0,BulletParam_Common_actSTDSMBN3_Shots3,
0080_10,actULTSI,None,0,BulletParam_actULT_BULLET_L200,
0080_11,actDSMBN,None,0,BulletParam_Common_actDSMBN3_Shots3,
0080_11,actEXA1,None,0,BulletParam_actEXA_BOM,
0080_11,actEXA2,None,0,BulletParam_actEXA_BOM,
0080_11,actJSBN,None,0,BulletParam_Common_actJSBN3_Shots3,
0080_11,actSMBN,None,0,BulletParam_Common_actSMBN3_Shots3,
0080_11,actSPM1SI,None,0,BulletParam_actSPM_BULLET_bi_Top,
0080_11,actSTDSMBN,None,0,BulletParam_Common_actSTDSMBN3_Shots3,
0080_30,actJSBF,None,0,BulletParam_Common_actJSBF,
0080_30,actJSBN,None,0,BulletParam_Common_actJSBN3_Shots3,
0080_30,actJSBP,None,0,BulletParam_Common_actJSBP,
0080_30,actMRBB,None,0,BulletParam_Common_actMRBB,
0080_30,actMRBF,None,0,BulletParam_Common_actMRBF,
0080_30,actMRBL,None,0,BulletParam_Common_actMRBL,
0080_30,actMRBR,None,0,BulletParam_Common_actMRBR,
0080_30,actMSBBF,None,0,BulletParam_Common_actMSBBF,
0080_30,actMSBBN,None,0,BulletParam_Common_actMSBBN,
0080_30,actMSBBP,None,0,BulletParam_Common_actMSBBP,
0080_30,actMSBFF,None,0,BulletParam_Common_actMSBFF,
0080_30,actMSBFN,None,0,BulletParam_Common_actMSBFN,
0080_30,actMSBFP,None,0,BulletParam_Common_actMSBFP,
0080_30,actMSBLF,None,0,BulletParam_Common_actMSBLF,
0080_30,actMSBLN,None,0,BulletParam_Common_actMSBLN,
0080_30,actMSBLP,None,0,BulletParam_Common_actMSBLP,
0080_30,actMSBRF,None,0,BulletParam_Common_actMSBRF,
0080_30,actMSBRN,None,0,BulletParam_Common_actMSBRN,
0080_30,actMSBRP,None,0,BulletParam_Common_actMSBRP,
0080_30,actSMBF,None,0,BulletParam_Common_actSMBF,
0080_30,actSMBP,None,0,BulletParam_Common_actSMBP,
0080_30,actSPM1SI,None,0,BulletParam_actSPM_SSG,
0080_30,actSPM2SD,None,0,BulletParam_0080_00_actULT,
0080_30,actSPM2SI,None,0,BulletParam_0080_30_actSPM2,
0080_30,actSTDSMBN,None,0,BulletParam_Common_actSTDSMBN6_Slash,
0080_31,actEXA1,None,0,BulletParam_actEXA_BOM,
0080_31,actEXA2,None,0,BulletParam_actEXA_BOM,
0080_31,actJSBN,None,0,BulletParam_Common_actJSBN3_Shots3,
0080_31,actSPM1SI,None,0,BulletParam_actSPM_BEAM_fine,
0080_31,actSPM2SI,None,0,BulletParam_0080_31_actSPM2_BEAM_bi,
0080_31,actSTDSMBN,None,0,BulletParam_Common_actSTDSMBN6_Slash,
0081_20,actDSMBN,None,0,BulletParam_Common_actDSMBN3_Shots3,
0081_20,actEXA1,None,0,BulletParam_actEXA_BOM,
0081_20,actEXA2,None,0,BulletParam_actEXA_BOM,
0081_20,actJSBN,None,0,BulletParam_Common_actJSBN3_Shots3,
0081_20,actSMBN,None,0,BulletParam_Common_actSMBN3_Shots3,
0081_20,actSPM1SI,None,0,BulletParam_0081_20_actSPM1_BULLET_bi_Top,
0081_20,actSPM2SI,None,0,BulletParam_actSPM_BULLET_bi_Top,
0081_20,actSTDSMBN,None,0,BulletParam_Common_actSTDSMBN3_Shots3,
0081_20,actULTSI,None,0,BulletParam_actULT_bom_HD,
0082_00,actJSBF,None,0,BulletParam_Common_actJSBF,
0082_00,actJSBN,None,0,BulletParam_Common_actJSBN3_Shots2,
0082_00,actJSBP,None,0,BulletParam_Common_actJSBP,
0082_00,actMRBB,None,0,BulletParam_Common_actMRBB,
0082_00,actMRBF,None,0,BulletParam_Common_actMRBF,
0082_00,actMRBL,None,0,BulletParam_Common_actMRBL,
0082_00,actMRBR,None,0,BulletParam_Common_actMRBR,
0082_00,actMSBBF,None,0,BulletParam_Common_actMSBBF,
0082_00,actMSBBN,None,0,BulletParam_Common_actMSBBN,
0082_00,actMSBBP,None,0,BulletParam_Common_actMSBBP,
0082_00,actMSBFF,None,0,BulletParam_Common_actMSBFF,
0082_00,actMSBFN,None,0,BulletParam_Common_actMSBFN,
0082_00,actMSBFP,None,0,BulletParam_Common_actMSBFP,
0082_00,actMSBLF,None,0,BulletParam_Common_actMSBLF,
0082_00,actMSBLN,None,0,BulletParam_Common_actMSBLN,
0082_00,actMSBLP,None,0,BulletParam_Common_actMSBLP,
0082_00,actMSBRF,None,0,BulletParam_Common_actMSBRF,
0082_00,actMSBRN,None,0,BulletParam_Common_actMSBRN,
0082_00,actMSBRP,None,0,BulletParam_Common_actMSBRP,
0082_00,actSMBF,None,0,BulletParam_Common_actSMBF,
0082_00,actSMBP,None,0,BulletParam_Common_actSMBP,
0082_00,actSPM1SI,None,0,BulletParam_actSPM_BEAM_bi,
0082_00,actSTDSMBN,None,0,BulletParam_Common_actSTDSMBN,
0082_00,actULTSI,None,0,BulletParam_actULT_BULLET,
0082_01,actEXA1,None,0,BulletParam_actEXA_BOM,
0082_01,actJSBF,None,0,BulletParam_Common_actJSBF,
0082_01,actJSBN,None,0,BulletParam_Common_actJSBN3_Shots2,
0082_01,actJSBP,None,0,BulletParam_Common_actJSBP,
0082_01,actMRBB,None,0,BulletParam_Common_actMRBB,
0082_01,actMRBF,None,0,BulletParam_Common_actMRBF,
0082_01,actMRBL,None,0,BulletParam_Common_actMRBL,
0082_01,actMRBR,None,0,BulletParam_Common_actMRBR,
0082_01,actMSBBF,None,0,BulletParam_Common_actMSBBF,
0082_01,actMSBBN,None,0,BulletParam_Common_actMSBBN,
0082_01,actMSBBP,None,0,BulletParam_Common_actMSBBP,
0082_01,actMSBFF,None,0,BulletParam_Common_actMSBFF,
0082_01,actMSBFN,None,0,BulletParam_Common_actMSBFN,
0082_01,actMSBFP,None,0,BulletParam_Common_actMSBFP,
0082_01,actMSBLF,None,0,BulletParam_Common_actMSBLF,
0082_01,actMSBLN,None,0,BulletParam_Common_actMSBLN,
0082_01,actMSBLP,None,0,BulletParam_Common_actMSBLP,
0082_01,actMSBRF,None,0,BulletParam_Common_actMSBRF,
0082_01,actMSBRN,None,0,BulletParam_Common_actMSBRN,
0082_01,actMSBRP,None,0,BulletParam_Common_actMSBRP,
0082_01,actSMBF,None,0,BulletParam_Common_actSMBF,
0082_01,actSMBP,None,0,BulletParam_Common_actSMBP,
0082_01,actSPM1SI,None,0,BulletParam_actSPM_BEAM_bi,
0082_01,actSTDSMBN,None,0,BulletParam_Common_actSTDSMBN,
0082_01,actULTSI,None,0,BulletParam_actULTSI_HD_BEAM,
0090_00,actJSBN,None,0,BulletParam_Common_actJSBN3_Shots3,
0090_00,actSPM1SI,None,0,BulletParam_actSPM_BEAM_rapid10_stone,
0090_00,actSTDSMBN,None,0,BulletParam_Common_actSTDSMBN,
0090_00,actULTSI,None,0,BulletParam_actULTSI_HD_BEAM,
0090_01,actJSBN,None,0,BulletParam_Common_actJSBN3_Shots3,
0090_01,actSPM1SI,None,0,BulletParam_actSPM_SSG,
0090_01,actSTDSMBN,None,0,BulletParam_Common_actSTDSMBN,
0090_01,actULTSI,None,0,BulletParam_actULTSI_HD_BEAM,
0100_00,actDSMBN,None,0,BulletParam_Common_actDSMBN3_Shots5,
0100_00,actEXA1,None,0,BulletParam_actEXA_BOM,
0100_00,actJSBN,None,0,BulletParam_Common_actJSBN3_Shots5,
0100_00,actSMBN,None,0,BulletParam_Common_actSMBN3_Shots5,
0100_00,actSPM1SI,None,0,BulletParam_actSPM_BULLET_bi_Top,
0100_00,actSTDSMBN,None,0,BulletParam_Common_actSTDSMBN3_Shots5,
0100_00,actULTSI,None,0,BulletParam_actULTSI_HD_BEAM,
0100_01,actDRSB,None,0,BulletParam_Common_actDRSB_lit,
0100_01,actDSMBN,None,0,BulletParam_Common_actDSMBN3_Shots5,
0100_01,actEXA1,None,0,BulletParam_actEXA_BOM,
0100_01,actEXA2,None,0,BulletParam_actEXA_BOM,
0100_01,actJRB,None,0,BulletParam_Common_actJRB_lit,
0100_01,actJSBN,None,0,BulletParam_Common_actJSBN3_Shots5,
0100_01,actSMBN,None,0,BulletParam_Common_actSMBN3_Shots5,
0100_01,actSPM1SI,None,0,BulletParam_actSPM_BEAM_bi,
0100_01,actSPM2SI,None,0,BulletParam_0100_01_actSPM2_SSG,
0100_01,actSTDSMBN,None,0,BulletParam_Common_actSTDSMBN3_Shots5,
0100_02,actDRSB,None,0,BulletParam_Common_actDRSB_lit,
0100_02,actDSMBN,None,0,BulletParam_Common_actDSMBN3_Shots5,
0100_02,actJRB,None,0,BulletParam_Common_actJRB_lit,
0100_02,actJSBF,None,0,BulletParam_Common_actJSBF,
0100_02,actJSBN,None,0,BulletParam_Common_actJSBN3_Shots5,
0100_02,actJSBP,None,0,BulletParam_Common_actJSBP,
0100_02,actMRBB,None,0,BulletParam_Common_actMRBB,
0100_02,actMRBF,None,0,BulletParam_Common_actMRBF,
0100_02,actMRBL,None,0,BulletParam_Common_actMRBL,
0100_02,actMRBR,None,0,BulletParam_Common_actMRBR,
0100_02,actMSBBF,None,0,BulletParam_Common_actMSBBF,
0100_02,actMSBBN,None,0,BulletParam_Common_actMSBBN,
0100_02,actMSBBP,None,0,BulletParam_Common_actMSBBP,
0100_02,actMSBFF,None,0,BulletParam_Common_actMSBFF,
0100_02,actMSBFN,None,0,BulletParam_Common_actMSBFN,
0100_02,actMSBFP,None,0,BulletParam_Common_actMSBFP,
0100_02,actMSBLF,None,0,BulletParam_Common_actMSBLF,
0100_02,actMSBLN,None,0,BulletParam_Common_actMSBLN,
0100_02,actMSBLP,None,0,BulletParam_Common_actMSBLP,
0100_02,actMSBRF,None,0,BulletParam_Common_actMSBRF,
0100_02,actMSBRN,None,0,BulletParam_Common_actMSBRN,
0100_02,actMSBRP,None,0,BulletParam_Common_actMSBRP,
0100_02,actSMBF,None,0,BulletParam_Common_actSMBF,
0100_02,actSMBN,None,0,BulletParam_Common_actSMBN3_Shots5,
0100_02,actSMBP,None,0,BulletParam_Common_actSMBP,
0100_02,actSPM1SI,None,0,BulletParam_actSPM_SSG,
0100_02,actSTDSMBN,None,0,BulletParam_Common_actSTDSMBN3_Shots5,
0100_02,actULTSI,None,0,BulletParam_actULTSI_HD_BEAM,
0110_00,actDSMBN,None,0,BulletParam_Common_actDSMBN3_Shots6,
0110_00,actJSBN,None,0,BulletParam_Common_actJSBN3_Shots6,
0110_00,actSMBN,None,0,BulletParam_Common_actSMBN3_Shots6,
0110_00,actSPM1SI,None,0,BulletParam_actSPM_SSG,
0110_00,actSPM2SI,None,0,BulletParam_actSPM_BOM_rapid,
0110_00,actSTDSMBN,None,0,BulletParam_Common_actSTDSMBN3_Shots6,
0110_00,actULTSI,None,0,BulletParam_actULTSI_HD_BEAM,
0110_01,actDRSB,None,0,BulletParam_Common_actDRSB_lit,
0110_01,actDSMBN,None,0,BulletParam_Common_actDSMBN3_Shots8,
0110_01,actJRB,None,0,BulletParam_Common_actJRB_lit,
0110_01,actJSBN,None,0,BulletParam_Common_actJSBN3_Shots8,
0110_01,actSMBN,None,0,BulletParam_Common_actSMBN3_Shots8,
0110_01,actSPM1SI,None,0,BulletParam_actSPM_SSG,
0110_01,actSTDSMBN,None,0,BulletParam_Common_actSTDSMBN3_Shots8,
0110_02,actDRSB,None,0,BulletParam_Common_actDRSB_lit,
0110_02,actDSMBN,None,0,BulletParam_Common_actDSMBN3_Shots8,
0110_02,actJRB,None,0,BulletParam_Common_actJRB_lit,
0110_02,actJSBN,None,0,BulletParam_Common_actJSBN3_Shots8,
0110_02,actSMBN,None,0,BulletParam_Common_actSMBN3_Shots8,
0110_02,actSPM1SI,None,0,BulletParam_0110_02_actSPM_SSG,
0110_02,actSTDSMBN,None,0,BulletParam_Common_actSTDSMBN3_Shots8,
0110_02,actULTSI,None,0,BulletParam_actULTSI_HD_BEAM,
0110_03,actDRSB,None,0,BulletParam_Common_actDRSB_lit,
0110_03,actDSMBN,None,0,BulletParam_Common_actDSMBN5,
0110_03,actEXA1,None,0,BulletParam_actEXA_BOM,
0110_03,actEXA2,None,0,BulletParam_0110_03_actEXA2,
0110_03,actEXA2,B,1,BulletParam_0110_03_actEXA2_Counter,
0110_03,actJRB,None,0,BulletParam_Common_actJRB_lit,
0110_03,actJSBN,None,0,BulletParam_Common_actJSBN3_Shots8,
0110_03,actSPM1SI,None,0,BulletParam_0110_03_actSPM1,
0110_03,actSTDSMBN,A,0,BulletParam_Common_actSTDSMBN5_Rapid,
0110_03,actSTDSMBN,B,1,BulletParam_Common_actSTDSMBN5_Rapid,
0110_03,actSTDSMBN,None,2,BulletParam_Common_actSTDSMBN5_Rapid,
0110_03,actULTSI,None,0,BulletParam_actULTSI_HD_BEAM,
0110_04,actDRSB,None,0,BulletParam_Common_actDRSB_lit,
0110_04,actDSMBN,None,0,BulletParam_Common_actDSMBN3_Shots8,
0110_04,actEXA1,None,0,BulletParam_actEXA_BOM,
0110_04,actEXA2,None,0,BulletParam_actEXA_BOM,
0110_04,actJRB,None,0,BulletParam_Common_actJRB_lit,
0110_04,actJSBN,None,0,BulletParam_Common_actJSBN3_Shots8,
0110_04,actSMBN,None,0,BulletParam_Common_actSMBN3_Shots8,
0110_04,actSPM1SI,None,0,BulletParam_actSPM_SSG,
0110_04,actSTDSMBN,None,0,BulletParam_Common_actSTDSMBN3_Shots8,
0120_00,actJSBF,None,0,BulletParam_Common_actJSBF,
0120_00,actJSBP,None,0,BulletParam_Common_actJSBP,
0120_00,actMRBB,None,0,BulletParam_Common_actMRBB,
0120_00,actMRBF,None,0,BulletParam_Common_actMRBF,
0120_00,actMRBL,None,0,BulletParam_Common_actMRBL,
0120_00,actMRBR,None,0,BulletParam_Common_actMRBR,
0120_00,actMSBBF,None,0,BulletParam_Common_actMSBBF,
0120_00,actMSBBN,None,0,BulletParam_Common_actMSBBN,
0120_00,actMSBBP,None,0,BulletParam_Common_actMSBBP,
0120_00,actMSBFF,None,0,BulletParam_Common_actMSBFF,
0120_00,actMSBFN,None,0,BulletParam_Common_actMSBFN,
0120_00,actMSBFP,None,0,BulletParam_Common_actMSBFP,
0120_00,actMSBLF,None,0,BulletParam_Common_actMSBLF,
0120_00,actMSBLN,None,0,BulletParam_Common_actMSBLN,
0120_00,actMSBLP,None,0,BulletParam_Common_actMSBLP,
0120_00,actMSBRF,None,0,BulletParam_Common_actMSBRF,
0120_00,actMSBRN,None,0,BulletParam_Common_actMSBRN,
0120_00,actMSBRP,None,0,BulletParam_Common_actMSBRP,
0120_00,actSMBF,None,0,BulletParam_Common_actSMBF,
0120_00,actSMBP,None,0,BulletParam_Common_actSMBP,
0120_00,actSPM1SI,None,0,BulletParam_actSPM_BEAM_bi,
0120_00,actSTDSMBN,None,0,BulletParam_Common_actSTDSMBN,
0120_00,actULTSI,None,0,BulletParam_actULTSI_HD_BEAM,
0120_01,actJSBF,None,0,BulletParam_Common_actJSBF,
0120_01,actJSBP,None,0,BulletParam_Common_actJSBP,
0120_01,actMRBB,None,0,BulletParam_Common_actMRBB,
0120_01,actMRBF,None,0,BulletParam_Common_actMRBF,
0120_01,actMRBL,None,0,BulletParam_Common_actMRBL,
0120_01,actMRBR,None,0,BulletParam_Common_actMRBR,
0120_01,actMSBBF,None,0,BulletParam_Common_actMSBBF,
0120_01,actMSBBN,None,0,BulletParam_Common_actMSBBN,
0120_01,actMSBBP,None,0,BulletParam_Common_actMSBBP,
0120_01,actMSBFF,None,0,BulletParam_Common_actMSBFF,
0120_01,actMSBFN,None,0,BulletParam_Common_actMSBFN,
0120_01,actMSBFP,None,0,BulletParam_Common_actMSBFP,
0120_01,actMSBLF,None,0,BulletParam_Common_actMSBLF,
0120_01,actMSBLN,None,0,BulletParam_Common_actMSBLN,
0120_01,actMSBLP,None,0,BulletParam_Common_actMSBLP,
0120_01,actMSBRF,None,0,BulletParam_Common_actMSBRF,
0120_01,actMSBRN,None,0,BulletParam_Common_actMSBRN,
0120_01,actMSBRP,None,0,BulletParam_Common_actMSBRP,
0120_01,actSMBF,None,0,BulletParam_Common_actSMBF,
0120_01,actSMBP,None,0,BulletParam_Common_actSMBP,
0120_01,actSPM1SI,None,0,BulletParam_actSPM_BEAM_bi,
0120_01,actSPM2SI,None,0,BulletParam_actSPM_HD_BULLET_unblockable,
0120_01,actSTDSMBN,None,0,BulletParam_Common_actSTDSMBN,
0120_01,actULTHI,None,0,BulletParam_0120_01_actULTSI_BLT_unblockable,
0120_01,actULTSD,None,0,BulletParam_0120_01_actULTSI_BLT_unblockable,
0120_01,actULTSD2,None,0,BulletParam_0120_01_actULTSI_BLT_unblockable,
0120_01,actULTSI,None,0,BulletParam_0120_01_actULTSI_BLT_unblockable,
0120_02,actDRSB,None,0,BulletParam_Common_actDRSB_lit,
0120_02,actEXA1,None,0,BulletParam_actEXA_BND,
0120_02,actJRB,None,0,BulletParam_Common_actJRB_lit,
0120_02,actSPM1SI,None,0,BulletParam_actSPM_BEAM_bi,
0120_02,actSPM2SI,None,0,BulletParam_actSPM_BULLET_barrage10,
0120_02,actSTDSMBN,None,0,BulletParam_Common_actSTDSMBN,
0121_00,actSPM1SI,None,0,BulletParam_actSPM_BEAM_bi,
0121_00,actSTDSMBN,None,0,BulletParam_Common_actSTDSMBN,
0121_00,actULTSI,None,0,BulletParam_actULT_BEAM,
0130_00,actEXA1,None,0,BulletParam_actEXA_BOM,
0130_00,actSTDSMBN,None,0,BulletParam_Common_actSTDSMBN,
0140_00,actDSMBN,None,0,BulletParam_Common_actDSMBN1,
0140_00,actJSBN,None,0,BulletParam_Common_actJSBN1,
0140_00,actSMBN,None,0,BulletParam_Common_actSMBN1,
0140_00,actSPM1SI,None,0,BulletParam_actSPM_SSG,
0140_00,actSPM2SI,None,0,BulletParam_0140_00_actSPM2_HD_BEAM_sh,
0140_00,actSTDSMBN,None,0,BulletParam_Common_actSTDSMBN1,
0140_00,actULTSI,None,0,BulletParam_actULTSI_HD_BEAM_SH_hi,
0141_00,actSPM1SI,None,0,BulletParam_actSPM_SSG,
0141_00,actSTDSMBN,None,0,BulletParam_Common_actSTDSMBN,
0141_00,actULTSI,None,0,BulletParam_actULTSI_HD_BEAM,
0150_00,actDRSB,None,0,BulletParam_Common_actDRSB_laser,
0150_00,actEXA1,None,0,BulletParam_actEXA_BND,
0150_00,actJRB,None,0,BulletParam_Common_actJRB_laser,
0150_00,actRSB,None,0,BulletParam_Common_actRSB_Laser,
0150_00,actSPM1SI,None,0,BulletParam_actSPM_BEAM_pen_1hit,
0150_00,actSTDSMBN,None,0,BulletParam_Common_actSTDSMBN,
0150_00,actULTSI,None,0,BulletParam_actULT_BULLET_L300,
0151_00,actDRSB,None,0,BulletParam_Common_actDRSB_laser,
0151_00,actEXA1,None,0,BulletParam_actEXA_BOM,
0151_00,actJRB,None,0,BulletParam_Common_actJRB_laser,
0151_00,actRSB,None,0,BulletParam_Common_actRSB_Laser,
0151_00,actSPM1SI,None,0,BulletParam_actSPM_BEAM_bi,
0151_00,actSPM2SI,None,0,BulletParam_actSPM_BOM_sign,
0151_00,actSTDSMBN,None,0,BulletParam_Common_actSTDSMBN,
0152_00,actDRSB,None,0,BulletParam_Common_actDRSB_laser_lit,
0152_00,actDSMBN,None,0,BulletParam_Common_actDSMBN3_Shots5,
0152_00,actEXA1,None,0,BulletParam_actEXA_BOM,
0152_00,actJRB,None,0,BulletParam_Common_actJRB_laser_lit,
0152_00,actRSB,None,0,BulletParam_Common_actRSB_Laser,
0152_00,actSMBN,None,0,BulletParam_Common_actSMBN3_Shots5,
0152_00,actSPM1SI,None,0,BulletParam_actSPM_BEAM_rapid10,
0152_00,actSTDSMBN,None,0,BulletParam_Common_actSTDSMBN3_Shots5,
0153_00,actDRSB,None,0,BulletParam_Common_actDRSB_laser,
0153_00,actEXA1,None,0,BulletParam_actEXA_BND,
0153_00,actJRB,None,0,BulletParam_Common_actJRB_laser,
0153_00,actJSBF,None,0,BulletParam_Common_actJSBF,
0153_00,actJSBN,None,0,BulletParam_Common_actJSBN4,
0153_00,actJSBP,None,0,BulletParam_Common_actJSBP,
0153_00,actMRBB,None,0,BulletParam_Common_actMRBB,
0153_00,actMRBF,None,0,BulletParam_Common_actMRBF,
0153_00,actMRBL,None,0,BulletParam_Common_actMRBL,
0153_00,actMRBR,None,0,BulletParam_Common_actMRBR,
0153_00,actMSBBF,None,0,BulletParam_Common_actMSBBF,
0153_00,actMSBBN,None,0,BulletParam_Common_actMSBBN,
0153_00,actMSBBP,None,0,BulletParam_Common_actMSBBP,
0153_00,actMSBFF,None,0,BulletParam_Common_actMSBFF,
0153_00,actMSBFN,None,0,BulletParam_Common_actMSBFN,
0153_00,actMSBFP,None,0,BulletParam_Common_actMSBFP,
0153_00,actMSBLF,None,0,BulletParam_Common_actMSBLF,
0153_00,actMSBLN,None,0,BulletParam_Common_actMSBLN,
0153_00,actMSBLP,None,0,BulletParam_Common_actMSBLP,
0153_00,actMSBRF,None,0,BulletParam_Common_actMSBRF,
0153_00,actMSBRN,None,0,BulletParam_Common_actMSBRN,
0153_00,actMSBRP,None,0,BulletParam_Common_actMSBRP,
0153_00,actRSB,None,0,BulletParam_Common_actRSB_Laser,
0153_00,actSMBF,None,0,BulletParam_Common_actSMBF,
0153_00,actSMBP,None,0,BulletParam_Common_actSMBP,
0153_00,actSPM1SI,None,0,BulletParam_actSPM_BEAM_rapid10,
0153_00,actSTDSMBN,None,0,BulletParam_Common_actSTDSMBN,
0153_00,actULTSI,None,0,BulletParam_0153_00_actULT_BULLET_L500,
0153_10,actDRSB,None,0,BulletParam_Common_actDRSB_laser,
0153_10,actDSMBN,None,0,BulletParam_Common_actDSMBN2,
0153_10,actEXA1,None,0,BulletParam_actEXA_BND,
0153_10,actJRB,None,0,BulletParam_Common_actJRB_laser,
0153_10,actJSBN,None,0,BulletParam_Common_actJSBN4,
0153_10,actRSB,None,0,BulletParam_Common_actRSB_Laser,
0153_10,actSMBN,None,0,BulletParam_Common_actSMBN2,
0153_10,actSPM1SI,None,0,BulletParam_actSPM_BEAM_pen_1hit,
0153_10,actSPM2SI,None,0,BulletParam_0460_00_actSPM3,
0153_10,actSTDSMBN,None,0,BulletParam_Common_actSTDSMBN2,
0153_10,actULTSI,None,0,BulletParam_actULTSI_HD_BLT_L500,
0153_20,actDRSB,None,0,BulletParam_Common_actDRSB_laser,
0153_20,actEXA1,None,0,BulletParam_actEXA_BND,
0153_20,actJRB,None,0,BulletParam_Common_actJRB_laser,
0153_20,actJSBF,None,0,BulletParam_Common_actJSBF,
0153_20,actJSBN,None,0,BulletParam_Common_actJSBN4,
0153_20,actJSBP,None,0,BulletParam_Common_actJSBP,
0153_20,actMRBB,None,0,BulletParam_Common_actMRBB,
0153_20,actMRBF,None,0,BulletParam_Common_actMRBF,
0153_20,actMRBL,None,0,BulletParam_Common_actMRBL,
0153_20,actMRBR,None,0,BulletParam_Common_actMRBR,
0153_20,actMSBBF,None,0,BulletParam_Common_actMSBBF,
0153_20,actMSBBN,None,0,BulletParam_Common_actMSBBN,
0153_20,actMSBBP,None,0,BulletParam_Common_actMSBBP,
0153_20,actMSBFF,None,0,BulletParam_Common_actMSBFF,
0153_20,actMSBFN,None,0,BulletParam_Common_actMSBFN,
0153_20,actMSBFP,None,0,BulletParam_Common_actMSBFP,
0153_20,actMSBLF,None,0,BulletParam_Common_actMSBLF,
0153_20,actMSBLN,None,0,BulletParam_Common_actMSBLN,
0153_20,actMSBLP,None,0,BulletParam_Common_actMSBLP,
0153_20,actMSBRF,None,0,BulletParam_Common_actMSBRF,
0153_20,actMSBRN,None,0,BulletParam_Common_actMSBRN,
0153_20,actMSBRP,None,0,BulletParam_Common_actMSBRP,
0153_20,actRSB,None,0,BulletParam_Common_actRSB_Laser,
0153_20,actSMBF,None,0,BulletParam_Common_actSMBF,
0153_20,actSMBP,None,0,BulletParam_Common_actSMBP,
0153_20,actSPM1SI,None,0,BulletParam_actSPM_BEAM_pen_1hit,
0153_20,actSTDSMBN,None,0,BulletParam_Common_actSTDSMBN,
0153_20,actULTSI,None,0,BulletParam_actULTSI_HD_BLT_L500,
0154_00,actDRSB,None,0,BulletParam_Common_actDRSB_laser,
0154_00,actDSMBN,None,0,BulletParam_Common_actDSMBN2,
0154_00,actEXA1,None,0,BulletParam_actEXA_BND,
0154_00,actJRB,None,0,BulletParam_Common_actJRB_laser,
0154_00,actJSBN,None,0,BulletParam_Common_actJSBN5,
0154_00,actRSB,None,0,BulletParam_Common_actRSB_Laser,
0154_00,actSMBN,None,0,BulletParam_Common_actSMBN2,
0154_00,actSPM1SI,None,0,BulletParam_0154_00_actSPM1_hom,
0154_00,actSTDSMBN,None,0,BulletParam_Common_actSTDSMBN2,
0154_00,actULTSI,None,0,BulletParam_actULTSI_HD_BEAM,
0155_00,actDRSB,None,0,BulletParam_Common_actDRSB_laser,
0155_00,actJRB,None,0,BulletParam_Common_actJRB_laser,
0155_00,actJSBN,None,0,BulletParam_Common_actJSBN4,
0155_00,actRSB,None,0,BulletParam_Common_actRSB_Laser,
0155_00,actSPM1SI,None,0,BulletParam_0155_00_actSPM1_beam_ren,
0155_00,actSTDSMBN,None,0,BulletParam_Common_actSTDSMBN,
0160_00,actJSBF,None,0,BulletParam_Common_actJSBF,
0160_00,actJSBP,None,0,BulletParam_Common_actJSBP,
0160_00,actMRBB,None,0,BulletParam_Common_actMRBB,
0160_00,actMRBF,None,0,BulletParam_Common_actMRBF,
0160_00,actMRBL,None,0,BulletParam_Common_actMRBL,
0160_00,actMRBR,None,0,BulletParam_Common_actMRBR,
0160_00,actMSBBF,None,0,BulletParam_Common_actMSBBF,
0160_00,actMSBBN,None,0,BulletParam_Common_actMSBBN,
0160_00,actMSBBP,None,0,BulletParam_Common_actMSBBP,
0160_00,actMSBFF,None,0,BulletParam_Common_actMSBFF,
0160_00,actMSBFN,None,0,BulletParam_Common_actMSBFN,
0160_00,actMSBFP,None,0,BulletParam_Common_actMSBFP,
0160_00,actMSBLF,None,0,BulletParam_Common_actMSBLF,
0160_00,actMSBLN,None,0,BulletParam_Common_actMSBLN,
0160_00,actMSBLP,None,0,BulletParam_Common_actMSBLP,
0160_00,actMSBRF,None,0,BulletParam_Common_actMSBRF,
0160_00,actMSBRN,None,0,BulletParam_Common_actMSBRN,
0160_00,actMSBRP,None,0,BulletParam_Common_actMSBRP,
0160_00,actRSB,None,0,BulletParam_Common_actRSB_L,
0160_00,actSMBF,None,0,BulletParam_Common_actSMBF,
0160_00,actSMBP,None,0,BulletParam_Common_actSMBP,
0160_00,actSPM1SI,None,0,BulletParam_actSPM_SSG,
0160_00,actSPM2SI,None,0,BulletParam_0160_00_actSPM_BEAM_pen,
0160_00,actSTDSMBN,None,0,BulletParam_Common_actSTDSMBN,
0161_00,actJSBF,None,0,BulletParam_Common_actJSBF,
0161_00,actJSBP,None,0,BulletParam_Common_actJSBP,
0161_00,actMRBB,None,0,BulletParam_Common_actMRBB,
0161_00,actMRBF,None,0,BulletParam_Common_actMRBF,
0161_00,actMRBL,None,0,BulletParam_Common_actMRBL,
0161_00,actMRBR,None,0,BulletParam_Common_actMRBR,
0161_00,actMSBBF,None,0,BulletParam_Common_actMSBBF,
0161_00,actMSBBN,None,0,BulletParam_Common_actMSBBN,
0161_00,actMSBBP,None,0,BulletParam_Common_actMSBBP,
0161_00,actMSBFF,None,0,BulletParam_Common_actMSBFF,
0161_00,actMSBFN,None,0,BulletParam_Common_actMSBFN,
0161_00,actMSBFP,None,0,BulletParam_Common_actMSBFP,
0161_00,actMSBLF,None,0,BulletParam_Common_actMSBLF,
0161_00,actMSBLN,None,0,BulletParam_Common_actMSBLN,
0161_00,actMSBLP,None,0,BulletParam_Common_actMSBLP,
0161_00,actMSBRF,None,0,BulletParam_Common_actMSBRF,
0161_00,actMSBRN,None,0,BulletParam_Common_actMSBRN,
0161_00,actMSBRP,None,0,BulletParam_Common_actMSBRP,
0161_00,actRSB,None,0,BulletParam_Common_actRSB_L,
0161_00,actSMBF,None,0,BulletParam_Common_actSMBF,
0161_00,actSMBP,None,0,BulletParam_Common_actSMBP,
0161_00,actSPM1SI,None,0,BulletParam_actSPM_BULLET_bi_Top,
0161_00,actSTDSMBN,None,0,BulletParam_Common_actSTDSMBN,
0161_00,actULTSI,None,0,BulletParam_actULT_BOM_HD_sb_0020_40,
0162_00,actEXA1,None,0,BulletParam_actEXA_BOM,
0162_00,actJSBF,None,0,BulletParam_Common_actJSBF,
0162_00,actJSBP,None,0,BulletParam_Common_actJSBP,
0162_00,actMRBB,None,0,BulletParam_Common_actMRBB,
0162_00,actMRBF,None,0,BulletParam_Common_actMRBF,
0162_00,actMRBL,None,0,BulletParam_Common_actMRBL,
0162_00,actMRBR,None,0,BulletParam_Common_actMRBR,
0162_00,actMSBBF,None,0,BulletParam_Common_actMSBBF,
0162_00,actMSBBN,None,0,BulletParam_Common_actMSBBN,
0162_00,actMSBBP,None,0,BulletParam_Common_actMSBBP,
0162_00,actMSBFF,None,0,BulletParam_Common_actMSBFF,
0162_00,actMSBFN,None,0,BulletParam_Common_actMSBFN,
0162_00,actMSBFP,None,0,BulletParam_Common_actMSBFP,
0162_00,actMSBLF,None,0,BulletParam_Common_actMSBLF,
0162_00,actMSBLN,None,0,BulletParam_Common_actMSBLN,
0162_00,actMSBLP,None,0,BulletParam_Common_actMSBLP,
0162_00,actMSBRF,None,0,BulletParam_Common_actMSBRF,
0162_00,actMSBRN,None,0,BulletParam_Common_actMSBRN,
0162_00,actMSBRP,None,0,BulletParam_Common_actMSBRP,
0162_00,actRSB,None,0,BulletParam_Common_actRSB_L,
0162_00,actSMBF,None,0,BulletParam_Common_actSMBF,
0162_00,actSMBP,None,0,BulletParam_Common_actSMBP,
0162_00,actSPM1SI,None,0,BulletParam_actSPM_SSG,
0162_00,actSPM2SI,None,0,BulletParam_actSPM_BEAM_rapid10,
0162_00,actSTDSMBN,None,0,BulletParam_Common_actSTDSMBN,
0162_00,actULTSI,None,0,BulletParam_actULT_BAR,
0162_01,actDRSB,None,0,BulletParam_Common_actDRSB_laser,
0162_01,actEXA1,None,0,BulletParam_actEXA_BOM,
0162_01,actJRB,None,0,BulletParam_Common_actJRB_laser,
0162_01,actJSBF,None,0,BulletParam_Common_actJSBF,
0162_01,actJSBP,None,0,BulletParam_Common_actJSBP,
0162_01,actMRBB,None,0,BulletParam_Common_actMRBB,
0162_01,actMRBF,None,0,BulletParam_Common_actMRBF,
0162_01,actMRBL,None,0,BulletParam_Common_actMRBL,
0162_01,actMRBR,None,0,BulletParam_Common_actMRBR,
0162_01,actMSBBF,None,0,BulletParam_Common_actMSBBF,
0162_01,actMSBBN,None,0,BulletParam_Common_actMSBBN,
0162_01,actMSBBP,None,0,BulletParam_Common_actMSBBP,
0162_01,actMSBFF,None,0,BulletParam_Common_actMSBFF,
0162_01,actMSBFN,None,0,BulletParam_Common_actMSBFN,
0162_01,actMSBFP,None,0,BulletParam_Common_actMSBFP,
0162_01,actMSBLF,None,0,BulletParam_Common_actMSBLF,
0162_01,actMSBLN,None,0,BulletParam_Common_actMSBLN,
0162_01,actMSBLP,None,0,BulletParam_Common_actMSBLP,
0162_01,actMSBRF,None,0,BulletParam_Common_actMSBRF,
0162_01,actMSBRN,None,0,BulletParam_Common_actMSBRN,
0162_01,actMSBRP,None,0,BulletParam_Common_actMSBRP,
0162_01,actRSB,None,0,BulletParam_Common_actRSB_Laser,
0162_01,actSMBF,None,0,BulletParam_Common_actSMBF,
0162_01,actSMBP,None,0,BulletParam_Common_actSMBP,
0162_01,actSPM1SI,None,0,BulletParam_actSPM_BEAM_pen,
0162_01,actSTDSMBN,None,0,BulletParam_Common_actSTDSMBN,
0162_01,actULTSI,None,0,BulletParam_actULTSI_HD_BEAM,
0163_00,actEXA2,None,0,BulletParam_actEXA_BOM,
0163_00,actSPM1SI,None,0,BulletParam_0163_00_actSPM_BEAM_pen,
0163_00,actSTDSMBN,None,0,BulletParam_Common_actSTDSMBN,
0163_00,actULTSI,None,0,BulletParam_actULT_BEAM,
0170_00,actDSMBN,None,0,BulletParam_Common_actDSMBN3_Shots7,
0170_00,actEXA1,None,0,BulletParam_actEXA_BND,
0170_00,actSMBN,None,0,BulletParam_Common_actSMBN3_Shots7,
0170_00,actSPM1SI,None,0,BulletParam_actSPM_HD_BULLET,
0170_00,actSPM2SI,None,0,BulletParam_actSPM_SSG,
0170_00,actSTDSMBN,None,0,BulletParam_Common_actSTDSMBN3_Shots7,
0170_00,actULTSI,None,0,BulletParam_0170_00_actULT_BOM_HD,
0171_00,actEXA1,None,0,BulletParam_actEXA_BND,
0171_00,actEXA2,None,0,BulletParam_actEXA_BREATH,
0171_00,actJSBN,None,0,BulletParam_Common_actJSBN3_Shots3,
0171_00,actRSB,None,0,BulletParam_Common_actRSB_L,
0171_00,actSPM1SI,None,0,BulletParam_actSPM_SSG,
0171_00,actSPM2SI,None,0,BulletParam_actSPM_BREATH_frame,
0171_00,actSTDSMBN,None,0,BulletParam_Common_actSTDSMBN,
0172_00,actDSMBN,None,0,BulletParam_Common_actDSMBN1,
0172_00,actEXA1,None,0,BulletParam_actEXA_BND,
0172_00,actJSBF,None,0,BulletParam_Common_actJSBF,
0172_00,actJSBP,None,0,BulletParam_Common_actJSBP,
0172_00,actMRBB,None,0,BulletParam_Common_actMRBB,
0172_00,actMRBF,None,0,BulletParam_Common_actMRBF,
0172_00,actMRBL,None,0,BulletParam_Common_actMRBL,
0172_00,actMRBR,None,0,BulletParam_Common_actMRBR,
0172_00,actMSBBF,None,0,BulletParam_Common_actMSBBF,
0172_00,actMSBBN,None,0,BulletParam_Common_actMSBBN,
0172_00,actMSBBP,None,0,BulletParam_Common_actMSBBP,
0172_00,actMSBFF,None,0,BulletParam_Common_actMSBFF,
0172_00,actMSBFN,None,0,BulletParam_Common_actMSBFN,
0172_00,actMSBFP,None,0,BulletParam_Common_actMSBFP,
0172_00,actMSBLF,None,0,BulletParam_Common_actMSBLF,
0172_00,actMSBLN,None,0,BulletParam_Common_actMSBLN,
0172_00,actMSBLP,None,0,BulletParam_Common_actMSBLP,
0172_00,actMSBRF,None,0,BulletParam_Common_actMSBRF,
0172_00,actMSBRN,None,0,BulletParam_Common_actMSBRN,
0172_00,actMSBRP,None,0,BulletParam_Common_actMSBRP,
0172_00,actSMBF,None,0,BulletParam_Common_actSMBF,
0172_00,actSMBN,None,0,BulletParam_Common_actSMBN1,
0172_00,actSMBP,None,0,BulletParam_Common_actSMBP,
0172_00,actSPM1HI,None,0,BulletParam_0172_00_actSPM1s,
0172_00,actSPM1SI,None,0,BulletParam_0172_00_actSPM1,
0172_00,actSPM2SI,None,0,BulletParam_actSPM_HD_BEAM_unblockable_sh,
0172_00,actSTDSMBN,None,0,BulletParam_Common_actSTDSMBN1,
0172_00,actULTSI,None,0,BulletParam_actULT_BOM_HD_sb_0020_40,
0172_10,actDSMBN,None,0,BulletParam_Common_actDSMBN1,
0172_10,actEXA1,None,0,BulletParam_actEXA_BOM,
0172_10,actEXA2,None,0,BulletParam_actEXA_BOM,
0172_10,actRSB,None,0,BulletParam_Common_actRSB_L,
0172_10,actSMBN,None,0,BulletParam_Common_actSMBN1,
0172_10,actSPM1SI,None,0,BulletParam_actSPM_HD_BULLET_unblockable,
0172_10,actSPM2SI,None,0,BulletParam_0172_10_actSPM_BEAM_pen,
0172_10,actSTDSMBN,None,0,BulletParam_Common_actSTDSMBN1,
0172_10,actULTSI,None,0,BulletParam_actULTSI_HD_BEAM,
0172_11,actDSMBN,None,0,BulletParam_Common_actDSMBN3_Shots6,
0172_11,actRSB,None,0,BulletParam_Common_actRSB_L,
0172_11,actSMBN,None,0,BulletParam_Common_actSMBN3_Shots6,
0172_11,actSPM1SI,None,0,BulletParam_actSPM_SSG,
0172_11,actSPM2SI,None,0,BulletParam_actSPM_HD_BEAM_unblockable_sh,
0172_11,actSTDSMBN,None,0,BulletParam_Common_actSTDSMBN3_Shots6,
0172_11,actULTSI,A,0,BulletParam_0172_11_actULTSI_HD_BULLET_unblockable,
0172_11,actULTSI,B,1,BulletParam_0172_11_actULTSI_HD_BULLET_unblockable,
0172_11,actULTSI,C,2,BulletParam_0172_11_actULTSI_HD_BULLET_unblockable,
0172_11,actULTSI,D,3,BulletParam_0172_11_actULTSI_HD_BULLET_unblockable,
0172_11,actULTSI,None,4,BulletParam_0172_11_actULTSI_HD_BULLET_unblockable,
0173_00,actDSMBN,None,0,BulletParam_Common_actDSMBN1,
0173_00,actSMBN,None,0,BulletParam_Common_actSMBN1,
0173_00,actSPM1SI,None,0,BulletParam_actSPM_SSG,
0173_00,actSTDSMBN,None,0,BulletParam_Common_actSTDSMBN1,
0173_00,actULTSI,None,0,BulletParam_actULTSI_HD_BLT_L750,
0180_00,actDRSB,None,0,BulletParam_Common_actRSB_stone,
0180_00,actDSMBN,None,0,BulletParam_Common_actDSMBN_stone,
0180_00,actJRB,None,0,BulletParam_Common_actJRB_stone,
0180_00,actJSBN,None,0,BulletParam_Common_actJSBN_stone,
0180_00,actRSB,None,0,BulletParam_Common_actRSB_stone,
0180_00,actSMBN,None,0,BulletParam_Common_actSMBN_stone,
0180_00,actSTDSMBN,None,0,BulletParam_Common_actSTDSMBN_gre,
0190_00,actDSMBN,None,0,BulletParam_Common_actDSMBN4,
0190_00,actEXA1,None,0,BulletParam_actEXA_BND,
0190_00,actEXA2,None,0,BulletParam_actEXA_BOM,
0190_00,actJSBN,None,0,BulletParam_Common_actJSBN4,
0190_00,actSMBN,None,0,BulletParam_Common_actSMBN4,
0190_00,actSPM1SI,None,0,BulletParam_actSPM_BEAM_pen_1hit,
0190_00,actSPM2SI,None,0,BulletParam_actSPM_BULLET_physics,
0190_00,actSTDSMBN,None,0,BulletParam_Common_actSTDSMBN4,
0210_00,actDSMBN,None,0,BulletParam_Common_actDSMBN_stone,
0210_00,actJRB,None,0,BulletParam_Common_actJRB_stone,
0210_00,actJSBN,None,0,BulletParam_Common_actJSBN6_Slash,
0210_00,actRSB,None,0,BulletParam_Common_actRSB_stone,
0210_00,actSMBN,None,0,BulletParam_Common_actSMBN_stone,
0210_00,actSTDSMBN,None,0,BulletParam_Common_actSTDSMBN6_Slash,
0220_00,actSTDSMBN,None,0,BulletParam_Common_actSTDSMBN,
0220_00,actULTSI,None,0,BulletParam_actULTSI_HD_BEAM,
0230_00,actSPM1SI,None,0,BulletParam_actSPM_SSG,
0230_00,actSTDSMBN,None,0,BulletParam_Common_actSTDSMBN,
0240_00,actDSMBN,None,0,BulletParam_Common_actDSMBN2,
0240_00,actSMBN,None,0,BulletParam_Common_actSMBN2,
0240_00,actSPM1SI,None,0,BulletParam_actSPM_SSG,
0240_00,actSTDSMBN,None,0,BulletParam_Common_actSTDSMBN2,
0240_00,actULTSI,None,0,BulletParam_actULT_BOM,
0240_01,actDSMBN,None,0,BulletParam_Common_actDSMBN3_Shots6,
0240_01,actEXA1,None,0,BulletParam_actEXA_BND,
0240_01,actEXA2,None,0,BulletParam_actEXA_BREATH,
0240_01,actJSBN,None,0,BulletParam_Common_actJSBN2,
0240_01,actSMBN,None,0,BulletParam_Common_actSMBN3_Shots6,
0240_01,actSPM1SI,None,0,BulletParam_actSPM_BULLET_barrage10,
0240_01,actSPM2SI,None,0,BulletParam_actSPM_HD_BEAM_unblockable_sh,
0240_01,actSTDSMBN,None,0,BulletParam_Common_actSTDSMBN3_Shots6,
0260_00,actSPM1SI,None,0,BulletParam_actSPM_SSG,
0260_00,actSTDSMBN,None,0,BulletParam_Common_actSTDSMBN,
0270_00,actSTDSMBN,None,0,BulletParam_Common_actSTDSMBN,
0280_00,actSPM2SI,None,0,BulletParam_actSPM_BOM,
0280_00,actSTDSMBN,None,0,BulletParam_Common_actSTDSMBN,
0301_00,actSPM1SI,None,0,BulletParam_actSPM_BULLET_bi_Top_no_clothing,
0301_00,actSTDSMBN,None,0,BulletParam_Common_actSTDSMBN,
0310_00,actEXA1,None,0,BulletParam_actEXA_BOM,
0310_00,actSPM1SI,None,0,BulletParam_actSPM_BEAM_bi,
0310_00,actSTDSMBN,None,0,BulletParam_Common_actSTDSMBN,
0310_00,actULTSI,None,0,BulletParam_actULTSI_HD_BEAM,
0310_01,actEXA1,None,0,BulletParam_actEXA_BOM,
0310_01,actJSBN,None,0,BulletParam_Common_actJSBN3_Shots6,
0310_01,actSPM1SI,None,0,BulletParam_actSPM_BEAM_bi,
0310_01,actSTDSMBN,None,0,BulletParam_Common_actSTDSMBN,
0310_01,actULTSI,None,0,BulletParam_actULTSI_HD_BEAM,
0320_00,actJSBF,None,0,BulletParam_Common_actJSBF,
0320_00,actJSBP,None,0,BulletParam_Common_actJSBP,
0320_00,actMRBB,None,0,BulletParam_Common_actMRBB,
0320_00,actMRBF,None,0,BulletParam_Common_actMRBF,
0320_00,actMRBL,None,0,BulletParam_Common_actMRBL,
0320_00,actMRBR,None,0,BulletParam_Common_actMRBR,
0320_00,actMSBBF,None,0,BulletParam_Common_actMSBBF,
0320_00,actMSBBN,None,0,BulletParam_Common_actMSBBN,
0320_00,actMSBBP,None,0,BulletParam_Common_actMSBBP,
0320_00,actMSBFF,None,0,BulletParam_Common_actMSBFF,
0320_00,actMSBFN,None,0,BulletParam_Common_actMSBFN,
0320_00,actMSBFP,None,0,BulletParam_Common_actMSBFP,
0320_00,actMSBLF,None,0,BulletParam_Common_actMSBLF,
0320_00,actMSBLN,None,0,BulletParam_Common_actMSBLN,
0320_00,actMSBLP,None,0,BulletParam_Common_actMSBLP,
0320_00,actMSBRF,None,0,BulletParam_Common_actMSBRF,
0320_00,actMSBRN,None,0,BulletParam_Common_actMSBRN,
0320_00,actMSBRP,None,0,BulletParam_Common_actMSBRP,
0320_00,actSMBF,None,0,BulletParam_Common_actSMBF,
0320_00,actSMBP,None,0,BulletParam_Common_actSMBP,
0320_00,actSPM1SI,None,0,BulletParam_actSPM_BULLET_bi_Top,
0320_00,actSTDSMBN,None,0,BulletParam_Common_actSTDSMBN,
0320_00,actULTSI,None,0,BulletParam_actULT_BULLET_HD,
0330_00,actEXA1,None,0,BulletParam_actEXA_BREATH_mid,
0330_00,actSPM1SI,None,0,BulletParam_actSPM_BEAM_bi,
0330_00,actSTDSMBN,None,0,BulletParam_Common_actSTDSMBN,
0340_00,actJSBF,None,0,BulletParam_Common_actJSBF,
0340_00,actJSBN,None,0,BulletParam_Common_actJSBN3_Shots3,
0340_00,actJSBP,None,0,BulletParam_Common_actJSBP,
0340_00,actMRBB,None,0,BulletParam_Common_actMRBB,
0340_00,actMRBF,None,0,BulletParam_Common_actMRBF,
0340_00,actMRBL,None,0,BulletParam_Common_actMRBL,
0340_00,actMRBR,None,0,BulletParam_Common_actMRBR,
0340_00,actMSBBF,None,0,BulletParam_Common_actMSBBF,
0340_00,actMSBBN,None,0,BulletParam_Common_actMSBBN,
0340_00,actMSBBP,None,0,BulletParam_Common_actMSBBP,
0340_00,actMSBFF,None,0,BulletParam_Common_actMSBFF,
0340_00,actMSBFN,None,0,BulletParam_Common_actMSBFN,
0340_00,actMSBFP,None,0,BulletParam_Common_actMSBFP,
0340_00,actMSBLF,None,0,BulletParam_Common_actMSBLF,
0340_00,actMSBLN,None,0,BulletParam_Common_actMSBLN,
0340_00,actMSBLP,None,0,BulletParam_Common_actMSBLP,
0340_00,actMSBRF,None,0,BulletParam_Common_actMSBRF,
0340_00,actMSBRN,None,0,BulletParam_Common_actMSBRN,
0340_00,actMSBRP,None,0,BulletParam_Common_actMSBRP,
0340_00,actSMBF,None,0,BulletParam_Common_actSMBF,
0340_00,actSMBP,None,0,BulletParam_Common_actSMBP,
0340_00,actSPM1SI,None,0,BulletParam_actSPM_BOM_sign,
0340_00,actSPM2_SBM_2,None,0,BulletParam_actSPM_ssw_sbm2,
0340_00,actSPM2SI,None,0,BulletParam_actSPM_ssw,
0340_00,actSTDSMBN,None,0,BulletParam_Common_actSTDSMBN,
0340_00,actULTSI,None,0,BulletParam_actULTSI_HD_BEAM,
0350_00,actJSBF,None,0,BulletParam_Common_actJSBF,
0350_00,actJSBP,None,0,BulletParam_Common_actJSBP,
0350_00,actMRBB,None,0,BulletParam_Common_actMRBB,
0350_00,actMRBF,None,0,BulletParam_Common_actMRBF,
0350_00,actMRBL,None,0,BulletParam_Common_actMRBL,
0350_00,actMRBR,None,0,BulletParam_Common_actMRBR,
0350_00,actMSBBF,None,0,BulletParam_Common_actMSBBF,
0350_00,actMSBBN,None,0,BulletParam_Common_actMSBBN,
0350_00,actMSBBP,None,0,BulletParam_Common_actMSBBP,
0350_00,actMSBFF,None,0,BulletParam_Common_actMSBFF,
0350_00,actMSBFN,None,0,BulletParam_Common_actMSBFN,
0350_00,actMSBFP,None,0,BulletParam_Common_actMSBFP,
0350_00,actMSBLF,None,0,BulletParam_Common_actMSBLF,
0350_00,actMSBLN,None,0,BulletParam_Common_actMSBLN,
0350_00,actMSBLP,None,0,BulletParam_Common_actMSBLP,
0350_00,actMSBRF,None,0,BulletParam_Common_actMSBRF,
0350_00,actMSBRN,None,0,BulletParam_Common_actMSBRN,
0350_00,actMSBRP,None,0,BulletParam_Common_actMSBRP,
0350_00,actRSB,None,0,BulletParam_Common_actRSB_L,
0350_00,actSMBF,None,0,BulletParam_Common_actSMBF,
0350_00,actSMBP,None,0,BulletParam_Common_actSMBP,
0350_00,actSPM1SI,None,0,BulletParam_actSPM_BULLET_barrage05,
0350_00,actSTDSMBN,None,0,BulletParam_Common_actSTDSMBN,
0350_00,actULTSI,None,0,BulletParam_actULTSI_HD_BEAM,
0351_00,actSPM1SI,None,0,BulletParam_actSPM_BEAM_bi,
0351_00,actSTDSMBN,None,0,BulletParam_Common_actSTDSMBN,
0360_00,actJSBF,None,0,BulletParam_Common_actJSBF,
0360_00,actJSBP,None,0,BulletParam_Common_actJSBP,
0360_00,actMRBB,None,0,BulletParam_Common_actMRBB,
0360_00,actMRBF,None,0,BulletParam_Common_actMRBF,
0360_00,actMRBL,None,0,BulletParam_Common_actMRBL,
0360_00,actMRBR,None,0,BulletParam_Common_actMRBR,
0360_00,actMSBBF,None,0,BulletParam_Common_actMSBBF,
0360_00,actMSBBN,None,0,BulletParam_Common_actMSBBN,
0360_00,actMSBBP,None,0,BulletParam_Common_actMSBBP,
0360_00,actMSBFF,None,0,BulletParam_Common_actMSBFF,
0360_00,actMSBFN,None,0,BulletParam_Common_actMSBFN,
0360_00,actMSBFP,None,0,BulletParam_Common_actMSBFP,
0360_00,actMSBLF,None,0,BulletParam_Common_actMSBLF,
0360_00,actMSBLN,None,0,BulletParam_Common_actMSBLN,
0360_00,actMSBLP,None,0,BulletParam_Common_actMSBLP,
0360_00,actMSBRF,None,0,BulletParam_Common_actMSBRF,
0360_00,actMSBRN,None,0,BulletParam_Common_actMSBRN,
0360_00,actMSBRP,None,0,BulletParam_Common_actMSBRP,
0360_00,actSMBF,None,0,BulletParam_Common_actSMBF,
0360_00,actSMBP,None,0,BulletParam_Common_actSMBP,
0360_00,actSPM1SI,None,0,BulletParam_actSPM_BEAM_bi,
0360_00,actSTDSMBN,None,0,BulletParam_Common_actSTDSMBN,
0360_00,actULTSI,None,0,BulletParam_actULTSI_HD_BEAM,
0370_00,actSPM1SI,None,0,BulletParam_actSPM_BEAM_bi,
0370_00,actSPM2SI,None,0,BulletParam_actSPM_BULLET_barrage10,
0370_00,actSTDSMBN,None,0,BulletParam_Common_actSTDSMBN,
0380_00,actEXA1,None,0,BulletParam_actEXA_BOM,
0380_00,actEXA2,None,0,BulletParam_actEXA_BOM,
0380_00,actJSBN,None,0,BulletParam_Common_actJSBN1,
0380_00,actRSB,None,0,BulletParam_Common_actRSB_L,
0380_00,actSPM1SI,None,0,BulletParam_actSPM_BEAM_bi,
0380_00,actSPM2SI,None,0,BulletParam_actSPM_BULLET_bi_Top,
0380_00,actSTDSMBN,None,0,BulletParam_Common_actSTDSMBN,
0380_00,actULTSI,None,0,BulletParam_0380_00_actULTSI_HD,
0390_00,actSPM1SI,None,0,BulletParam_actSPM_BEAM_bi,
0390_00,actSPM2SI,None,0,BulletParam_actSPM_BULLET_barrage12,
0390_00,actSTDSMBN,None,0,BulletParam_Common_actSTDSMBN,
0390_00,actULTSI,None,0,BulletParam_actULT_bom_HD,
0400_00,actSPM1SI,None,0,BulletParam_actSPM_BULLET_bi_Top,
0400_00,actSTDSMBN,None,0,BulletParam_Common_actSTDSMBN,
0410_00,actDSMBN,None,0,BulletParam_Common_actDSMBN1,
0410_00,actEXA1,None,0,BulletParam_actEXA_BOM,
0410_00,actJSBN,None,0,BulletParam_Common_actJSBN1,
0410_00,actSMBN,None,0,BulletParam_Common_actSMBN1,
0410_00,actSPM1SI,None,0,BulletParam_actSPM_BEAM_bi,
0410_00,actSPM2SI,None,0,BulletParam_actSPM_BULLET_bi_Top,
0410_00,actSTDSMBN,None,0,BulletParam_Common_actSTDSMBN1,
0420_00,actDSMBN,None,0,BulletParam_Common_actDSMBN4,
0420_00,actEXA1,None,0,BulletParam_actEXA_BND,
0420_00,actJSBN,None,0,BulletParam_Common_actJSBN4,
0420_00,actSMBN,None,0,BulletParam_Common_actSMBN4,
0420_00,actSPM1SI,None,0,BulletParam_actSPM_BULLET_physics,
0420_00,actSPM2SI,None,0,BulletParam_actSPM_BULLET_barrage05,
0420_00,actSTDSMBN,None,0,BulletParam_Common_actSTDSMBN4,
0420_00,actULTSI,None,0,BulletParam_0420_00_actULTSI_HD_BULLET_unblockable_sh,
0430_00,actDRSB,None,0,BulletParam_Common_actDRSB_laser,
0430_00,actEXA1,None,0,BulletParam_actEXA_BOM,
0430_00,actJRB,None,0,BulletParam_Common_actJRB_laser,
0430_00,actRSB,None,0,BulletParam_Common_actRSB_Laser,
0430_00,actSPM1SI,None,0,BulletParam_actSPM_BEAM_pen_1hit_clothing,
0430_00,actSPM2SI,None,0,BulletParam_actSPM_BOM_rapid,
0430_00,actSTDSMBN,None,0,BulletParam_Common_actSTDSMBN,
0440_00,actEXA1,None,0,BulletParam_actEXA_BOM,
0440_00,actSPM1SI,None,0,BulletParam_actSPM_BULLET_physics,
0440_00,actSTDSMBN,None,0,BulletParam_Common_actSTDSMBN,
0450_00,actEXA1,None,0,BulletParam_actEXA_BAR,
0450_00,actRSB,None,0,BulletParam_Common_actRSB_L,
0450_00,actSPM1SI,A,0,BulletParam_actSPM_BULLET_1of2r,
0450_00,actSPM1SI,B,1,BulletParam_actSPM_BULLET_2of2l,
0450_00,actSPM1SI,None,2,BulletParam_actSPM_BULLET2,
0450_00,actSPM2SI,None,0,BulletParam_actSPM_BEAM_bi,
0450_00,actSTDSMBN,None,0,BulletParam_Common_actSTDSMBN,
0450_10,actEXA1,None,0,BulletParam_actEXA_BAR,
0450_10,actRSB,None,0,BulletParam_Common_actRSB_L,
0450_10,actSPM1SI,None,0,BulletParam_actSPM_BEAM_bi,
0450_10,actSPM2SI,None,0,BulletParam_0450_10_actSPM_BULLET_bi_Top,
0450_10,actSTDSMBN,None,0,BulletParam_Common_actSTDSMBN,
0451_00,actDSMBN,None,0,BulletParam_Common_actDSMBN2,
0451_00,actEXA1,None,0,BulletParam_actEXA_BAR,
0451_00,actJSBN,None,0,BulletParam_Common_actJSBN3_Shots2,
0451_00,actSMBN,None,0,BulletParam_Common_actSMBN2,
0451_00,actSPM1SI,None,0,BulletParam_actSPM_BEAM_bi,
0451_00,actSPM2SI,None,0,BulletParam_actSPM_BULLET_barrage30,
0451_00,actSTDSMBN,None,0,BulletParam_Common_actSTDSMBN2,
0451_00,actULTSI,None,0,BulletParam_actULT_BULLET_HD,
0460_00,actEXA1,None,0,BulletParam_actEXA_BAR,
0460_00,actJSBF,None,0,BulletParam_Common_actJSBF,
0460_00,actJSBN,None,0,BulletParam_Common_actJSBN5,
0460_00,actJSBP,None,0,BulletParam_Common_actJSBP,
0460_00,actMRBB,None,0,BulletParam_Common_actMRBB,
0460_00,actMRBF,None,0,BulletParam_Common_actMRBF,
0460_00,actMRBL,None,0,BulletParam_Common_actMRBL,
0460_00,actMRBR,None,0,BulletParam_Common_actMRBR,
0460_00,actMSBBF,None,0,BulletParam_Common_actMSBBF,
0460_00,actMSBBN,None,0,BulletParam_Common_actMSBBN,
0460_00,actMSBBP,None,0,BulletParam_Common_actMSBBP,
0460_00,actMSBFF,None,0,BulletParam_Common_actMSBFF,
0460_00,actMSBFN,None,0,BulletParam_Common_actMSBFN,
0460_00,actMSBFP,None,0,BulletParam_Common_actMSBFP,
0460_00,actMSBLF,None,0,BulletParam_Common_actMSBLF,
0460_00,actMSBLN,None,0,BulletParam_Common_actMSBLN,
0460_00,actMSBLP,None,0,BulletParam_Common_actMSBLP,
0460_00,actMSBRF,None,0,BulletParam_Common_actMSBRF,
0460_00,actMSBRN,None,0,BulletParam_Common_actMSBRN,
0460_00,actMSBRP,None,0,BulletParam_Common_actMSBRP,
0460_00,actRSB,None,0,BulletParam_Common_actRSB_L,
0460_00,actSMBF,None,0,BulletParam_Common_actSMBF,
0460_00,actSMBP,None,0,BulletParam_Common_actSMBP,
0460_00,actSPM1SI,None,0,BulletParam_actSPM_BULLET_barrage10,
0460_00,actSPM2SI,None,0,BulletParam_actSPM_BEAM_bi,
0460_00,actSPM3SI,None,0,BulletParam_0460_00_actSPM3,
0460_00,actSTDSMBN,None,0,BulletParam_Common_actSTDSMBN_L,
0470_00,actSPM1SI,None,0,BulletParam_actSPM_BEAM_bi,
0470_00,actSTDSMBN,None,0,BulletParam_Common_actSTDSMBN,
0480_00,actSPM1SI,None,0,BulletParam_actSPM_BEAM_bi,
0480_00,actSPM2_SBM_2,None,0,BulletParam_actSPM_ssw_sbm2,
0480_00,actSPM2SI,None,0,BulletParam_actSPM_ssw,
0480_00,actSTDSMBN,None,0,BulletParam_Common_actSTDSMBN,
0490_00,actDRSB,None,0,BulletParam_Common_actDRSB_lit,
0490_00,actDSMBN,None,0,BulletParam_Common_actDSMBN4,
0490_00,actEXA1,None,0,BulletParam_actEXA_BND,
0490_00,actEXA2,None,0,BulletParam_actEXA_BAR,
0490_00,actJRB,None,0,BulletParam_Common_actJRB_lit,
0490_00,actSMBN,None,0,BulletParam_Common_actSMBN4,
0490_00,actSPM2SI,None,0,BulletParam_actSPM_BOM_sign,
0490_00,actSTDSMBN,None,0,BulletParam_Common_actSTDSMBN4,
0490_00,actULTSI,None,0,BulletParam_actULTSI_HD_BEAM_SH,
0500_00,actEXA1,None,0,BulletParam_actEXA_BREATH,
0500_00,actJSBF,None,0,BulletParam_Common_actJSBF,
0500_00,actJSBP,None,0,BulletParam_Common_actJSBP,
0500_00,actMRBB,None,0,BulletParam_Common_actMRBB,
0500_00,actMRBF,None,0,BulletParam_Common_actMRBF,
0500_00,actMRBL,None,0,BulletParam_Common_actMRBL,
0500_00,actMRBR,None,0,BulletParam_Common_actMRBR,
0500_00,actMSBBF,None,0,BulletParam_Common_actMSBBF,
0500_00,actMSBBN,None,0,BulletParam_Common_actMSBBN,
0500_00,actMSBBP,None,0,BulletParam_Common_actMSBBP,
0500_00,actMSBFF,None,0,BulletParam_Common_actMSBFF,
0500_00,actMSBFN,None,0,BulletParam_Common_actMSBFN,
0500_00,actMSBFP,None,0,BulletParam_Common_actMSBFP,
0500_00,actMSBLF,None,0,BulletParam_Common_actMSBLF,
0500_00,actMSBLN,None,0,BulletParam_Common_actMSBLN,
0500_00,actMSBLP,None,0,BulletParam_Common_actMSBLP,
0500_00,actMSBRF,None,0,BulletParam_Common_actMSBRF,
0500_00,actMSBRN,None,0,BulletParam_Common_actMSBRN,
0500_00,actMSBRP,None,0,BulletParam_Common_actMSBRP,
0500_00,actRSB,None,0,BulletParam_Common_actRSB_L,
0500_00,actSMBF,None,0,BulletParam_Common_actSMBF,
0500_00,actSMBP,None,0,BulletParam_Common_actSMBP,
0500_00,actSPM1SI,None,0,BulletParam_actSPM_BULLET_bi,
0500_00,actSPM2SI,None,0,BulletParam_actSPM_BREATH_frame,
0500_00,actSTDSMBN,None,0,BulletParam_Common_actSTDSMBN6_Slash,
0510_00,actEXA1,None,0,BulletParam_actEXA_BOM,
0510_00,actEXA2,None,0,BulletParam_actEXA_BOM,
0510_00,actRSB,None,0,BulletParam_Common_actRSB_L,
0510_00,actSPM1SI,None,0,BulletParam_actSPM_BEAM_bi,
0510_00,actSPM2SI,None,0,BulletParam_actSPM_BULLET_barrage10,
0510_00,actSTDSMBN,None,0,BulletParam_Common_actSTDSMBN_L,
0540_00,actSPM1SI,None,0,BulletParam_actSPM_BEAM_pow,
0540_00,actSPM2SI,None,0,BulletParam_actSPM_BEAM_bi,
0540_00,actSTDSMBN,None,0,BulletParam_Common_actSTDSMBN,
0550_00,actRSB,None,0,BulletParam_Common_actRSB_L,
0550_00,actSPM1SI,None,0,BulletParam_actSPM_BEAM_bi,
0550_00,actSTDSMBN,None,0,BulletParam_Common_actSTDSMBN_553,
0550_00,actULTSI,None,0,BulletParam_actULT_bom_HD,
0551_00,actDSMBN,None,0,BulletParam_Common_actDSMBN2,
0551_00,actRSB,None,0,BulletParam_Common_actRSB_L,
0551_00,actSMBN,None,0,BulletParam_Common_actSMBN2,
0551_00,actSPM2SI,None,0,BulletParam_actSPM_BULLET_barrage06,
0551_00,actSTDSMBN,None,0,BulletParam_Common_actSTDSMBN2_553,
0551_00,actULTSI,None,0,BulletParam_actULTSI_HD_BEAM,
0552_00,actDSMBN,None,0,BulletParam_Common_actDSMBN2,
0552_00,actEXA1,None,0,BulletParam_actEXA_BOM,
0552_00,actEXA2,None,0,BulletParam_actEXA_BOM,
0552_00,actRSB,None,0,BulletParam_Common_actRSB_f,
0552_00,actSMBN,None,0,BulletParam_Common_actSMBN2,
0552_00,actSPM1SI,None,0,BulletParam_actSPM_BULLET_bi_Top,
0552_00,actSTDSMBN,None,0,BulletParam_Common_actSTDSMBN2,
0552_00,actULTSI,None,0,BulletParam_0552_00_actULTSI_HD,
0553_00,actBLF1_B1SSG,None,0,BulletParam_actSPM_SSG,
0553_00,actDRSB,None,0,BulletParam_Common_actRSB_553_double,
0553_00,actDSMBN,None,0,BulletParam_Common_actDSMBN3_Shots5,
0553_00,actJRB,None,0,BulletParam_Common_actJRB_553_double,
0553_00,actJSBF,None,0,BulletParam_Common_actJSBF,
0553_00,actJSBN,None,0,BulletParam_Common_actJSBN3_Shots5,
0553_00,actJSBP,None,0,BulletParam_Common_actJSBP,
0553_00,actMRBB,None,0,BulletParam_Common_actMRBB,
0553_00,actMRBF,None,0,BulletParam_Common_actMRBF,
0553_00,actMRBL,None,0,BulletParam_Common_actMRBL,
0553_00,actMRBR,None,0,BulletParam_Common_actMRBR,
0553_00,actMSBBF,None,0,BulletParam_Common_actMSBBF,
0553_00,actMSBBN,None,0,BulletParam_Common_actMSBBN,
0553_00,actMSBBP,None,0,BulletParam_Common_actMSBBP,
0553_00,actMSBFF,None,0,BulletParam_Common_actMSBFF,
0553_00,actMSBFN,None,0,BulletParam_Common_actMSBFN,
0553_00,actMSBFP,None,0,BulletParam_Common_actMSBFP,
0553_00,actMSBLF,None,0,BulletParam_Common_actMSBLF,
0553_00,actMSBLN,None,0,BulletParam_Common_actMSBLN,
0553_00,actMSBLP,None,0,BulletParam_Common_actMSBLP,
0553_00,actMSBRF,None,0,BulletParam_Common_actMSBRF,
0553_00,actMSBRN,None,0,BulletParam_Common_actMSBRN,
0553_00,actMSBRP,None,0,BulletParam_Common_actMSBRP,
0553_00,actRSB,None,0,BulletParam_Common_actRSB_553_double,
0553_00,actSMBF,None,0,BulletParam_Common_actSMBF,
0553_00,actSMBN,None,0,BulletParam_Common_actSMBN3_Shots5,
0553_00,actSMBP,None,0,BulletParam_Common_actSMBP,
0553_00,actSPM1SI,None,0,BulletParam_actSPM_BEAM_bi,
0553_00,actSTDSMBN,None,0,BulletParam_Common_actSTDSMBN3_Shots5_553,
0554_00,actDRSB,None,0,BulletParam_Common_actRSB_553_double,
0554_00,actDSMBN,None,0,BulletParam_Common_actDSMBN3_Shots6,
0554_00,actJRB,None,0,BulletParam_Common_actJRB_553_double,
0554_00,actJSBN,None,0,BulletParam_Common_actJSBN3_Shots6,
0554_00,actRSB,None,0,BulletParam_Common_actRSB_553_double,
0554_00,actSMBN,None,0,BulletParam_Common_actSMBN3_Shots6,
0554_00,actSPM1SI,None,0,BulletParam_actSPM_BEAM_bi,
0554_00,actSTDSMBN,None,0,BulletParam_Common_actSTDSMBN3_Shots6_553,
0554_00,actULTSI,None,0,BulletParam_actULTSI_HD_BLT_L750,
0555_00,actDRSB,None,0,BulletParam_Common_actRSB_553_double,
0555_00,actDSMBN,None,0,BulletParam_Common_actDSMBN3_Shots7,
0555_00,actJRB,None,0,BulletParam_Common_actJRB_553_double,
0555_00,actJSBF,None,0,BulletParam_Common_actJSBF,
0555_00,actJSBN,None,0,BulletParam_Common_actJSBN3_Shots7,
0555_00,actJSBP,None,0,BulletParam_Common_actJSBP,
0555_00,actMRBB,None,0,BulletParam_Common_actMRBB,
0555_00,actMRBF,None,0,BulletParam_Common_actMRBF,
0555_00,actMRBL,None,0,BulletParam_Common_actMRBL,
0555_00,actMRBR,None,0,BulletParam_Common_actMRBR,
0555_00,actMSBBF,None,0,BulletParam_Common_actMSBBF,
0555_00,actMSBBN,None,0,BulletParam_Common_actMSBBN,
0555_00,actMSBBP,None,0,BulletParam_Common_actMSBBP,
0555_00,actMSBFF,None,0,BulletParam_Common_actMSBFF,
0555_00,actMSBFN,None,0,BulletParam_Common_actMSBFN,
0555_00,actMSBFP,None,0,BulletParam_Common_actMSBFP,
0555_00,actMSBLF,None,0,BulletParam_Common_actMSBLF,
0555_00,actMSBLN,None,0,BulletParam_Common_actMSBLN,
0555_00,actMSBLP,None,0,BulletParam_Common_actMSBLP,
0555_00,actMSBRF,None,0,BulletParam_Common_actMSBRF,
0555_00,actMSBRN,None,0,BulletParam_Common_actMSBRN,
0555_00,actMSBRP,None,0,BulletParam_Common_actMSBRP,
0555_00,actRSB,None,0,BulletParam_Common_actRSB_553_double,
0555_00,actSMBF,None,0,BulletParam_Common_actSMBF,
0555_00,actSMBN,None,0,BulletParam_Common_actSMBN3_Shots7,
0555_00,actSMBP,None,0,BulletParam_Common_actSMBP,
0555_00,actSPM1SI,None,0,BulletParam_actSPM_BEAM_bi,
0555_00,actSPM2HI,None,0,BulletParam_0555_00_actSPM2_2_barrage,
0555_00,actSPM2SI,None,0,BulletParam_actSPM_BOM,
0555_00,actSTDSMBN,None,0,BulletParam_Common_actSTDSMBN3_Shots7_553,
0555_00,actULTSI,None,0,BulletParam_actULTSI_HD_BEAM,
0561_00,actDSMBN,None,0,BulletParam_Common_actDSMBN1,
0561_00,actEXA1,None,0,BulletParam_actEXA_BND,
0561_00,actSMBN,None,0,BulletParam_Common_actSMBN1,
0561_00,actSPM1SI,None,0,BulletParam_actSPM_BEAM_bi,
0561_00,actSTDSMBN,None,0,BulletParam_Common_actSTDSMBN1,
0570_00,actDRSB,None,0,BulletParam_Common_actRSB_Huge,
0570_00,actDSMBN,None,0,BulletParam_Common_actSMBN2_Homs_Huge,
0570_00,actEXA1,None,0,BulletParam_actEXA_BAR_huge,
0570_00,actJRB,None,0,BulletParam_Common_actJRB_Huge,
0570_00,actJSBF,None,0,BulletParam_Common_actJSBF,
0570_00,actJSBN,None,0,BulletParam_Common_actJSBN_Huge,
0570_00,actJSBP,None,0,BulletParam_Common_actJSBP,
0570_00,actMRBB,None,0,BulletParam_Common_actMRBB,
0570_00,actMRBF,None,0,BulletParam_Common_actMRBF,
0570_00,actMRBL,None,0,BulletParam_Common_actMRBL,
0570_00,actMRBR,None,0,BulletParam_Common_actMRBR,
0570_00,actMSBBF,None,0,BulletParam_Common_actMSBBF,
0570_00,actMSBBN,None,0,BulletParam_Common_actMSBBN,
0570_00,actMSBBP,None,0,BulletParam_Common_actMSBBP,
0570_00,actMSBFF,None,0,BulletParam_Common_actMSBFF,
0570_00,actMSBFN,None,0,BulletParam_Common_actMSBFN,
0570_00,actMSBFP,None,0,BulletParam_Common_actMSBFP,
0570_00,actMSBLF,None,0,BulletParam_Common_actMSBLF,
0570_00,actMSBLN,None,0,BulletParam_Common_actMSBLN,
0570_00,actMSBLP,None,0,BulletParam_Common_actMSBLP,
0570_00,actMSBRF,None,0,BulletParam_Common_actMSBRF,
0570_00,actMSBRN,None,0,BulletParam_Common_actMSBRN,
0570_00,actMSBRP,None,0,BulletParam_Common_actMSBRP,
0570_00,actRSB,None,0,BulletParam_Common_actRSB_Huge,
0570_00,actSMBF,None,0,BulletParam_Common_actSMBF,
0570_00,actSMBN,None,0,BulletParam_Common_actSMBN2_Homs_Huge,
0570_00,actSMBP,None,0,BulletParam_Common_actSMBP,
0570_00,actSPM1SI,A,0,BulletParam_0570_00_actSPM1_HUGE_BEAM_s3,
0570_00,actSPM1SI,B,1,BulletParam_0570_00_actSPM1_HUGE_BULLET_s3,
0570_00,actSTDSMBN,None,0,BulletParam_Common_actSMBN2_Homs_Huge,
0570_00,actULTSI,A,0,BulletParam_actULT_BEAM_huge,
0570_00,actULTSI,B,1,BulletParam_0570_00_actULT_B_BOM,
0570_00,actULTSI,None,2,BulletParam_actULT_BEAM_huge,
0580_00,actDSMBN,None,0,BulletParam_Common_actDSMBN2,
0580_00,actEXA1,None,0,BulletParam_actEXA_BOM,
0580_00,actJSBN,None,0,BulletParam_Common_actJSBN3_Shots2,
0580_00,actSMBN,None,0,BulletParam_Common_actSMBN2,
0580_00,actSPM1SI,None,0,BulletParam_actSPM_BULLET_bi_Top,
0580_00,actSPM2SI,None,0,BulletParam_actSPM_BULLET_barrage10,
0580_00,actSTDSMBN,None,0,BulletParam_Common_actSTDSMBN2,
0590_00,actDSMBN,None,0,BulletParam_Common_actDSMBN4,
0590_00,actEXA1,None,0,BulletParam_actEXA_BOM,
0590_00,actEXA2,None,0,BulletParam_actEXA_BOM,
0590_00,actSMBN,None,0,BulletParam_Common_actSMBN4,
0590_00,actSPM1SI,None,0,BulletParam_actSPM_BEAM_pen_1hit_clothing,
0590_00,actSPM2_SBM_2,None,0,BulletParam_actSPM_ssw_sbm2,
0590_00,actSPM2SI,None,0,BulletParam_actSPM_ssw,
0590_00,actSTDSMBN,None,0,BulletParam_Common_actSTDSMBN4,
0591_00,actDRSB,None,0,BulletParam_Common_actRSB_Huge,
0591_00,actDSMBN,None,0,BulletParam_Common_actSMBN_Huge,
0591_00,actEXA1,None,0,BulletParam_actEXA_BOM_huge,
0591_00,actJRB,None,0,BulletParam_Common_actJRB_Huge,
0591_00,actJSBN,None,0,BulletParam_Common_actJSBN_Huge,
0591_00,actRSB,None,0,BulletParam_Common_actRSB_Huge,
0591_00,actSMBN,None,0,BulletParam_Common_actSMBN_Huge,
0591_00,actSPM1SI,None,0,BulletParam_actSPM_ssw,
0591_00,actSPM2_SBM_2,None,0,BulletParam_actSPM_ssw_sbm2,
0591_00,actSPM2SI,None,0,BulletParam_actSPM_BOM_G,
0591_00,actSTDSMBN,None,0,BulletParam_Common_actSMBN_Huge,
0591_00,actULTSI,None,0,BulletParam_actULTSI_HD_BEAM,
0600_00,actDRSB,None,0,BulletParam_Common_actDRSB_laser,
0600_00,actDSMBN,None,0,BulletParam_Common_actDSMBN4,
0600_00,actEXA1,None,0,BulletParam_actEXA_BND,
0600_00,actEXA2,None,0,BulletParam_actEXA_BOM,
0600_00,actJRB,None,0,BulletParam_Common_actJRB_laser,
0600_00,actJSBN,None,0,BulletParam_Common_actJSBN4,
0600_00,actRSB,None,0,BulletParam_Common_actRSB_Laser,
0600_00,actSMBN,None,0,BulletParam_Common_actSMBN4,
0600_00,actSPM1SI,None,0,BulletParam_actSPM_BEAM_bi,
0600_00,actSPM2_SBM_2,None,0,BulletParam_actSPM_ssw_sbm2,
0600_00,actSPM2SI,None,0,BulletParam_actSPM_ssw,
0600_00,actSTDSMBN,None,0,BulletParam_Common_actSTDSMBN4,
0600_00,actULTSI,None,0,BulletParam_actULT_BULLET_L500,
0600_10,actDSMBN,None,0,BulletParam_Common_actDSMBN3_Shots5_L,
0600_10,actEXA1,None,0,BulletParam_actEXA_BOM,
0600_10,actEXA2,None,0,BulletParam_actEXA_BOM,
0600_10,actJRB,None,0,BulletParam_Common_actJRB_laser,
0600_10,actJSBN,None,0,BulletParam_Common_actJSBN3_Shots5,
0600_10,actRSB,None,0,BulletParam_Common_actRSB_Laser,
0600_10,actSMBN,None,0,BulletParam_Common_actSMBN3_Shots5_L,
0600_10,actSPM1SI,None,0,BulletParam_actSPM_BULLET_unblockable,
0600_10,actSPM2SI,None,0,BulletParam_actSPM_BULLET_barrage20,
0600_10,actSTDSMBN,None,0,BulletParam_Common_actSTDSMBN3_Shots5_L,
0600_10,actULTSI,None,0,BulletParam_actULTSI_HD_BLT_L500,
0601_00,actDRSB,None,0,BulletParam_Common_actDRSB_laser,
0601_00,actDSMBN,None,0,BulletParam_Common_actDSMBN4,
0601_00,actEXA1,None,0,BulletParam_actEXA_BND,
0601_00,actEXA2,None,0,BulletParam_actEXA_BAR,
0601_00,actJRB,None,0,BulletParam_Common_actJRB_laser,
0601_00,actJSBN,None,0,BulletParam_Common_actJSBN4,
0601_00,actRSB,None,0,BulletParam_Common_actRSB_Laser,
0601_00,actSMBN,None,0,BulletParam_Common_actSMBN4,
0601_00,actSPM1SI,None,0,BulletParam_actSPM_BEAM_pen_1hit,
0601_00,actSTDSMBN,None,0,BulletParam_Common_actSTDSMBN4,
0601_00,actULTSI,None,0,BulletParam_actULTSI_HD_BEAM,
0610_00,actDSMBN,None,0,BulletParam_Common_actDSMBN3_Shots5,
0610_00,actEXA1,None,0,BulletParam_actEXA_BOM,
0610_00,actSMBN,None,0,BulletParam_Common_actSMBN3_Shots5,
0610_00,actSPM1SI,None,0,BulletParam_actSPM_BEAM_bi,
0610_00,actSPM2SI,None,0,BulletParam_0610_00_actSPM1_beam_ren,
0610_00,actSTDSMBN,None,0,BulletParam_Common_actSTDSMBN3_Shots5,
0620_00,actDSMBN,None,0,BulletParam_Common_actDSMBN1,
0620_00,actJSBN,None,0,BulletParam_Common_actJSBN3_Shots2,
0620_00,actSMBN,None,0,BulletParam_Common_actSMBN1,
0620_00,actSPM1SI,None,0,BulletParam_actSPM_BEAM_bi,
0620_00,actSTDSMBN,None,0,BulletParam_Common_actSTDSMBN1,
0620_00,actULTSI,None,0,BulletParam_actULT_BULLET_hom,
0621_00,actDSMBN,None,0,BulletParam_Common_actDSMBN1,
0621_00,actEXA1,None,0,BulletParam_actEXA_BAR,
0621_00,actJSBN,None,0,BulletParam_Common_actJSBN3_Shots2,
0621_00,actSMBN,None,0,BulletParam_Common_actSMBN1,
0621_00,actSPM1SI,None,0,BulletParam_actSPM_BULLET_hom,
0621_00,actSPM2SI,None,0,BulletParam_actSPM_BOM_rapid,
0621_00,actSTDSMBN,None,0,BulletParam_Common_actSTDSMBN1,
0630_00,actDSMBN,None,0,BulletParam_Common_actDSMBN3_Shots2,
0630_00,actEXA1,None,0,BulletParam_actEXA_BAR,
0630_00,actJSBN,None,0,BulletParam_Common_actJSBN3_Shots2,
0630_00,actSMBN,None,0,BulletParam_Common_actSMBN3_Shots2,
0630_00,actSPM1SI,None,0,BulletParam_actSPM_BULLET_bi_Top,
0630_00,actSPM2SI,None,0,BulletParam_actSPM_BULLET_barrage06,
0630_00,actSTDSMBN,None,0,BulletParam_Common_actSTDSMBN3_Shots2,
0630_00,actULTSI,None,0,BulletParam_actULT_BULLET_Top,
0631_00,actDSMBN,None,0,BulletParam_Common_actDSMBN4,
0631_00,actEXA1,None,0,BulletParam_actEXA_BAR,
0631_00,actJSBN,None,0,BulletParam_Common_actJSBN3_Shots3,
0631_00,actSMBN,None,0,BulletParam_Common_actSMBN4,
0631_00,actSPM1SI,None,0,BulletParam_actSPM_BULLET_bi_Top,
0631_00,actSTDSMBN,None,0,BulletParam_Common_actSTDSMBN4,
0631_00,actULTSI,None,0,BulletParam_actULT_BULLET_HD,
0640_00,actDSMBN,None,0,BulletParam_Common_actDSMBN4,
0640_00,actEXA1,None,0,BulletParam_actEXA_BND,
0640_00,actJSBN,None,0,BulletParam_Common_actJSBN1,
0640_00,actRSB,None,0,BulletParam_Common_actRSB_L,
0640_00,actSMBN,None,0,BulletParam_Common_actSMBN4,
0640_00,actSPM1SI,None,0,BulletParam_actSPM_BULLET_bi_Top,
0640_00,actSPM2SI,None,0,BulletParam_actSPM_BULLET_barrage06,
0640_00,actSTDSMBN,None,0,BulletParam_Common_actSTDSMBN4,
0650_00,actDRSB,None,0,BulletParam_Common_actRSB_Huge,
0650_00,actDSMBN,None,0,BulletParam_Common_actSMBN2_Homs_Huge,
0650_00,actEXA1,None,0,BulletParam_actEXA_BREATH_huge,
0650_00,actJRB,None,0,BulletParam_Common_actJRB_Huge,
0650_00,actJSBN,None,0,BulletParam_Common_actJSBN3_Shots2_Huge,
0650_00,actRSB,None,0,BulletParam_Common_actRSB_Huge,
0650_00,actSMBN,None,0,BulletParam_Common_actSMBN2_Homs_Huge,
0650_00,actSPM1SI,None,0,BulletParam_actSPM_HUGE_BEAM_bi,
0650_00,actSPM2SI,None,0,BulletParam_0650_00_actSPM2_barrage8_sp,
0650_00,actSTDSMBN,None,0,BulletParam_Common_actSMBN2_Homs_Huge,
0651_00,actEXA1,None,0,BulletParam_actEXA_BREATH,
0651_00,actRSB,None,0,BulletParam_Common_actRSB_L,
0651_00,actSPM1SI,None,0,BulletParam_actSPM_BEAM_bi,
0651_00,actSPM2SI,None,0,BulletParam_0651_00_actSPM2,
0651_00,actSTDSMBN,None,0,BulletParam_Common_actSTDSMBN6_Slash,
0660_00,actEXA1,None,0,BulletParam_actEXA_BAR,
0660_00,actSPM1SI,None,0,BulletParam_actSPM_BULLET_bi_Top,
0660_00,actSPM2SI,None,0,BulletParam_0660_00_actSPM2_BULLET_barrage5,
0660_00,actSTDSMBN,None,0,BulletParam_Common_actSTDSMBN6_Slash,
0670_00,actEXA1,None,0,BulletParam_actEXA_BOM_huge,
0670_00,actJRB,None,0,BulletParam_Common_actJRB_Huge,
0670_00,actJSBN,None,0,BulletParam_Common_actJSBN_Huge,
0670_00,actRSB,None,0,BulletParam_Common_actRSB_Huge,
0670_00,actSMBN,None,0,BulletParam_Common_actSMBN_Huge,
0670_00,actSPM1SI,None,0,BulletParam_actSPM_HUGE_SECTOR2,
0670_00,actSPM2SI,None,0,BulletParam_0670_00_actSPM_BOM_rapid,
0670_00,actSTDSMBN,None,0,BulletParam_Common_actSTDSMBN,
0670_00,actULTSI,None,0,BulletParam_actULTSI_HD_BEAM,
0680_00,actDRSB,None,0,BulletParam_Common_actDRSB_0020,
0680_00,actDSMBN,None,0,BulletParam_Common_actDSMBN2,
0680_00,actEXA1,None,0,BulletParam_actEXA_BOM,
0680_00,actEXA2,None,0,BulletParam_actEXA_BOM,
0680_00,actJRB,None,0,BulletParam_Common_actJRB_0020,
0680_00,actRSB,None,0,BulletParam_Common_actRSB_0020,
0680_00,actSMBN,None,0,BulletParam_Common_actSMBN2,
0680_00,actSPM1SI,None,0,BulletParam_actSPM_BEAM_fine,
0680_00,actSPM2SI,None,0,BulletParam_actSPM_BULLET_barrage20,
0680_00,actSTDSMBN,None,0,BulletParam_Common_actSTDSMBN2,
0680_00,actULTSI,None,0,BulletParam_actULTSI_HD_BEAM,
0680_01,actDSMBN,None,0,BulletParam_Common_actDSMBN2,
0680_01,actJSBN,None,0,BulletParam_Common_actJSBN3_Shots2,
0680_01,actSMBN,None,0,BulletParam_Common_actSMBN2,
0680_01,actSPM1SI,None,0,BulletParam_actSPM_BEAM_fine,
0680_01,actSTDSMBN,None,0,BulletParam_Common_actSTDSMBN2,
0680_01,actULTSI,None,0,BulletParam_actULTSI_HD_BEAM,
0680_02,actEXA1,None,0,BulletParam_actEXA_BOM,
0680_02,actJSBN,None,0,BulletParam_Common_actJSBN5,
0680_02,actSPM1SI,None,0,BulletParam_0680_02_actSPM_BEAM_bi,
0680_02,actSPM2SI,None,0,BulletParam_0680_02_actSPM2,
0680_02,actSTDSMBN,None,0,BulletParam_Common_actSTDSMBN,
0680_02,actULTSI,None,0,BulletParam_actULTSI_HD_BLT_L550,
0681_00,actDRSB,None,0,BulletParam_Common_actRSB_Huge,
0681_00,actDSMBN,None,0,BulletParam_Common_actSMBN_Huge,
0681_00,actEXA1,None,0,BulletParam_actEXA_BOM_huge,
0681_00,actEXA2,None,0,BulletParam_actEXA_BOM,
0681_00,actJRB,None,0,BulletParam_Common_actJRB_Huge,
0681_00,actJSBN,None,0,BulletParam_Common_actJSBN_Huge,
0681_00,actRSB,None,0,BulletParam_Common_actRSB_Huge,
0681_00,actSMBN,None,0,BulletParam_Common_actSMBN_Huge,
0681_00,actSPM1SI,None,0,BulletParam_actSPM_HUGE_BEAM_bi,
0681_00,actSPM2SI,None,0,BulletParam_actSPM_HUGE_BREATH_frame,
0681_00,actSTDSMBN,None,0,BulletParam_Common_actSMBN_Huge,
0681_00,actULTSI,None,0,BulletParam_actULTSI_HD_BLT_L750,
0690_00,actDSMBN,None,0,BulletParam_Common_actDSMBN2,
0690_00,actEXA2,None,0,BulletParam_actEXA_BOM,
0690_00,actSMBN,None,0,BulletParam_Common_actSMBN2,
0690_00,actSPM1SI,None,0,BulletParam_actSPM_BULLET_bi_Top,
0690_00,actSTDSMBN,None,0,BulletParam_Common_actSTDSMBN2,
0700_00,actDSMBN,None,0,BulletParam_Common_actDSMBN2,
0700_00,actEXA1,None,0,BulletParam_actEXA_BOM,
0700_00,actEXA2,None,0,BulletParam_actEXA_BREATH,
0700_00,actSMBN,None,0,BulletParam_Common_actSMBN2,
0700_00,actSPM1SI,None,0,BulletParam_actSPM_BULLET_barrage06,
0700_00,actSPM2_SBM_2,None,0,BulletParam_actSPM_ssw_sbm2,
0700_00,actSPM2SI,None,0,BulletParam_actSPM_ssw,
0700_00,actSTDSMBN,None,0,BulletParam_Common_actSTDSMBN2,
0700_00,actULTSI,None,0,BulletParam_0700_00_actULTSI_HD_sign,
0700_01,actDSMBN,None,0,BulletParam_Common_actDSMBN2,
0700_01,actEXA1,None,0,BulletParam_actEXA_BOM,
0700_01,actSMBN,None,0,BulletParam_Common_actSMBN2,
0700_01,actSPM1SI,None,0,BulletParam_0700_01_actSPM1_HD_sign,
0700_01,actSTDSMBN,None,0,BulletParam_Common_actSTDSMBN2,
0700_01,actULTSI,None,0,BulletParam_actULT_BULLET_HD,
0710_00,actEXA1,None,0,BulletParam_actEXA_BOM,
0710_00,actEXA2,None,0,BulletParam_actEXA_BOM,
0710_00,actSPM1SI,None,0,BulletParam_actSPM_BEAM_pen_1hit,
0710_00,actSTDSMBN,None,0,BulletParam_Common_actSTDSMBN,
0720_00,actEXA1,None,0,BulletParam_actEXA_BND,
0720_00,actSPM1SI,None,0,BulletParam_actSPM_BULLET_bi_Top,
0720_00,actSPM2SI,None,0,BulletParam_actSPM_HD_BEAM_unblockable_sh,
0720_00,actSTDSMBN,None,0,BulletParam_Common_actSTDSMBN,
0730_00,actDSMBN,None,0,BulletParam_Common_actDSMBN2,
0730_00,actEXA1,None,0,BulletParam_actEXA_BND,
0730_00,actEXA2,None,0,BulletParam_actEXA_BOM,
0730_00,actSMBN,None,0,BulletParam_Common_actSMBN2,
0730_00,actSPM1SI,None,0,BulletParam_actSPM_BULLET_bi_Top_no_clothing,
0730_00,actSTDSMBN,None,0,BulletParam_Common_actSTDSMBN2,
0730_00,actULTSI,None,0,BulletParam_actULTSI_HD_BEAM_SH_unblockable,
0760_00,actSTDSMBN,None,0,BulletParam_Common_actSTDSMBN,
0780_00,actJSBN,None,0,BulletParam_Common_actJSBN1,
0780_00,actSPM1SI,None,0,BulletParam_actSPM_BULLET_bi,
0780_00,actSTDSMBN,None,0,BulletParam_Common_actSTDSMBN,
0780_00,actULTSI,None,0,BulletParam_actULTSI_HD_BLT_L750_unblockable,
0790_00,actDSMBN,None,0,BulletParam_Common_actDSMBN1,
0790_00,actEXA1,None,0,BulletParam_actEXA_BAR,
0790_00,actEXA2,None,0,BulletParam_actEXA_BOM,
0790_00,actJSBN,None,0,BulletParam_Common_actJSBN1,
0790_00,actRSB,None,0,BulletParam_Common_actRSB_f,
0790_00,actSMBN,None,0,BulletParam_Common_actSMBN1,
0790_00,actSPM1SI,None,0,BulletParam_actSPM_BEAM_pen,
0790_00,actSPM2SI,A,0,BulletParam_0790_00_actSPM2,
0790_00,actSPM2SI,B,1,BulletParam_0790_00_actSPM2_R,
0790_00,actSPM2SI,C,2,BulletParam_0790_00_actSPM2_L,
0790_00,actSPM2SI,D,3,BulletParam_0790_00_actSPM2_2F,
0790_00,actSTDSMBN,None,0,BulletParam_Common_actSTDSMBN1,
0800_00,actSPM1SI,None,0,BulletParam_actSPM_BULLET_bi_Top,
0800_00,actSTDSMBN,None,0,BulletParam_Common_actSTDSMBN,
0800_00,actULTSI,None,0,BulletParam_actULT_BEAM,
0800_01,actSPM1SI,None,0,BulletParam_actSPM_SSG,
0800_01,actSTDSMBN,None,0,BulletParam_Common_actSTDSMBN6_Slash_sickle,
0810_00,actDSMBN,None,0,BulletParam_Common_actDSMBN1,
0810_00,actSMBN,None,0,BulletParam_Common_actSMBN1,
0810_00,actSPM1SI,None,0,BulletParam_actSPM_BULLET_physics,
0810_00,actSTDSMBN,None,0,BulletParam_Common_actSTDSMBN6_Slash,
0810_00,actULTSI,None,0,BulletParam_actULT_BULLET_HD,
0810_01,actEXA1,None,0,BulletParam_actEXA_BOM,
0810_01,actEXA2,None,0,BulletParam_actEXA_BOM,
0810_01,actJSBN,None,0,BulletParam_Common_actJSBN3_Shots5,
0810_01,actSPM1SI,None,0,BulletParam_actSPM_BULLET_bi,
0810_01,actSPM2SI,None,0,BulletParam_0810_01_actSPM2,
0810_01,actSTDSMBN,None,0,BulletParam_Common_actSTDSMBN6_Slash_left,
0811_00,actEXA1,None,0,BulletParam_actEXA_BOM,
0811_00,actEXA2,None,0,BulletParam_actEXA_BOM,
0811_00,actSPM1SI,None,0,BulletParam_actSPM_BULLET_bi_Top,
0811_00,actSTDSMBN,None,0,BulletParam_Common_actSTDSMBN7_Fist,
0820_00,actDSMBN,None,0,BulletParam_Common_actDSMBN1,
0820_00,actEXA1,None,0,BulletParam_actEXA_BND,
0820_00,actEXA2,None,0,BulletParam_actEXA_BOM,
0820_00,actJSBN,None,0,BulletParam_Common_actJSBN3_Shots3,
0820_00,actSMBN,None,0,BulletParam_Common_actSMBN1,
0820_00,actSPM1SI,None,0,BulletParam_actSPM_ssw,
0820_00,actSPM2_SBM_2,None,0,BulletParam_actSPM_ssw_sbm2,
0820_00,actSPM2SI,None,0,BulletParam_actSPM_BULLET_bi_Top,
0820_00,actSTDSMBN,None,0,BulletParam_Common_actSTDSMBN1,
0820_00,actULTSI,None,0,BulletParam_actULTSI_HD_BEAM,
0830_00,actRSB,None,0,BulletParam_Common_actRSB_s,
0830_00,actSPM1SI,None,0,BulletParam_actSPM_BEAM_pen_1hit,
0830_00,actSTDSMBN,None,0,BulletParam_Common_actSTDSMBN,
0870_00,actRSB,None,0,BulletParam_Common_actRSB_L,
0870_00,actSPM1SI,None,0,BulletParam_actSPM_BEAM_bi_no_clothing,
0870_00,actSTDSMBN,None,0,BulletParam_Common_actSTDSMBN,
0881_00,actDRSB,None,0,BulletParam_Common_actDRSB_laser,
0881_00,actDSMBN,None,0,BulletParam_Common_actDSMBN4,
0881_00,actEXA1,None,0,BulletParam_actEXA_BOM,
0881_00,actJRB,None,0,BulletParam_Common_actJRB_laser,
0881_00,actJSBN,None,0,BulletParam_Common_actJSBN4,
0881_00,actRSB,None,0,BulletParam_Common_actRSB_Laser,
0881_00,actSMBN,None,0,BulletParam_Common_actSMBN4,
0881_00,actSPM1SI,None,0,BulletParam_actSPM_BEAM_pen_1hit,
0881_00,actSTDSMBN,None,0,BulletParam_Common_actSTDSMBN4,
0881_00,actULTSI,None,0,BulletParam_actULT_BULLET_HD,
0890_00,actEXA1,None,0,BulletParam_actEXA_BOM,
0890_00,actSPM1SI,None,0,BulletParam_actSPM_BEAM_bi,
0890_00,actSTDSMBN,None,0,BulletParam_Common_actSTDSMBN,
0890_01,actEXA1,None,0,BulletParam_actEXA_BOM,
0890_01,actEXA2,None,0,BulletParam_actEXA_BOM,
0890_01,actSPM1SI,None,0,BulletParam_actSPM_BULLET_barrage10,
0890_01,actSTDSMBN,None,0,BulletParam_Common_actSTDSMBN,
0890_01,actULTSI,None,0,BulletParam_actULTSI_HD_BEAM,
0890_02,actDRSB,None,0,BulletParam_Common_actDRSB_lit,
0890_02,actEXA1,None,0,BulletParam_actEXA_BOM,
0890_02,actEXA2,None,0,BulletParam_actEXA_BOM,
0890_02,actJRB,None,0,BulletParam_Common_actJRB_lit,
0890_02,actSPM1SI,None,0,BulletParam_actSPM_BEAM_bi,
0890_02,actSPM2SI,None,0,BulletParam_actSPM_BULLET_barrage10,
0890_02,actSTDSMBN,None,0,BulletParam_Common_actSTDSMBN,
0890_02,actULTSI,None,0,BulletParam_actULTSI_HD_BEAM,
0900_00,actDSMBN,None,0,BulletParam_Common_actDSMBN3_Shots3,
0900_00,actEXA1,None,0,BulletParam_actEXA_BOM,
0900_00,actJSBN,None,0,BulletParam_Common_actJSBN3_Shots3,
0900_00,actSMBN,None,0,BulletParam_Common_actSMBN3_Shots3,
0900_00,actSPM1SI,None,0,BulletParam_actSPM_BEAM_bi,
0900_00,actSPM2SI,None,0,BulletParam_actSPM_BOM_rapid,
0900_00,actSTDSMBN,None,0,BulletParam_Common_actSTDSMBN3_Shots3,
0900_00,actULTSI,None,0,BulletParam_actULT_BULLET_barrage05,
0900_02,actDSMBN,None,0,BulletParam_Common_actDSMBN3_Shots5,
0900_02,actEXA1,None,0,BulletParam_actEXA_BOM,
0900_02,actEXA2,None,0,BulletParam_actEXA_BOM,
0900_02,actJSBN,None,0,BulletParam_Common_actJSBN3_Shots5,
0900_02,actSMBN,None,0,BulletParam_Common_actSMBN3_Shots5,
0900_02,actSPM1SI,None,0,BulletParam_actSPM_BEAM_bi,
0900_02,actSTDSMBN,None,0,BulletParam_Common_actSTDSMBN3_Shots5,
0900_02,actULTSI,None,0,BulletParam_actULTSI_HD_BEAM_unblockable,
0910_00,actSPM1SI,None,0,BulletParam_actSPM_BEAM_bi,
0910_00,actSPM2SI,None,0,BulletParam_actSPM_BULLET_barrage10,
0910_00,actSTDSMBN,None,0,BulletParam_Common_actSTDSMBN,
0910_00,actULTSI,None,0,BulletParam_actULT_BULLET,
0911_00,actDSMBN,None,0,BulletParam_Common_actDSMBN3_Shots6,
0911_00,actEXA1,None,0,BulletParam_actEXA_BND,
0911_00,actEXA2,None,0,BulletParam_actEXA_BOM,
0911_00,actJSBN,None,0,BulletParam_Common_actJSBN3_Shots6,
0911_00,actRSB,None,0,BulletParam_Common_actRSB_L,
0911_00,actSMBN,None,0,BulletParam_Common_actSMBN3_Shots6,
0911_00,actSPM1SI,None,0,BulletParam_actSPM_BEAM_bi,
0911_00,actSTDSMBN,None,0,BulletParam_Common_actSTDSMBN3_Shots6,
0911_00,actULTSI,None,0,BulletParam_actULT_BOM_HD_L11,
0912_00,actEXA1,None,0,BulletParam_actEXA_BOM,
0912_00,actRSB,None,0,BulletParam_Common_actRSB_L,
0912_00,actSPM1SI,None,0,BulletParam_actSPM_BEAM_bi,
0912_00,actSPM2SI,None,0,BulletParam_actSPM_BOM_rapid,
0912_00,actSTDSMBN,None,0,BulletParam_Common_actSTDSMBN,
0912_00,actULTSI,None,0,BulletParam_actULTSI_HD_BEAM_unblockable,
0920_00,actEXA1,None,0,BulletParam_actEXA_BOM,
0920_00,actEXA2,None,0,BulletParam_actEXA_BOM,
0920_00,actSPM1SI,None,0,BulletParam_actSPM_BULLET_bi_Top,
0920_00,actSTDSMBN,None,0,BulletParam_Common_actSTDSMBN,
0920_00,actULTSI,None,0,BulletParam_actULT_bom_HD,
0920_01,actDSMBN,None,0,BulletParam_Common_actDSMBN3_Shots6,
0920_01,actEXA1,None,0,BulletParam_actEXA_BOM,
0920_01,actEXA2,None,0,BulletParam_actEXA_BOM,
0920_01,actJSBN,None,0,BulletParam_Common_actJSBN3_Shots6,
0920_01,actSMBN,None,0,BulletParam_Common_actSMBN3_Shots6,
0920_01,actSPM1SI,None,0,BulletParam_actSPM_BULLET_bi_Top,
0920_01,actSTDSMBN,None,0,BulletParam_Common_actSTDSMBN3_Shots6,
0920_01,actULTHI,None,0,BulletParam_actULT_BULLET_HD_barrage_r,
0920_01,actULTSI,A,0,BulletParam_actULT_BULLET_HD_barrage_l,
0920_01,actULTSI,B,1,BulletParam_actULT_BULLET_HD_barrage_r,
0920_01,actULTSI,None,2,BulletParam_actULT_BULLET_HD_barrage,
0920_02,actDRSB,None,0,BulletParam_Common_actDRSB_lit,
0920_02,actDSMBN,None,0,BulletParam_Common_actDSMBN3_Shots6,
0920_02,actEXA1,None,0,BulletParam_actEXA_BOM,
0920_02,actEXA2,None,0,BulletParam_actEXA_BOM,
0920_02,actJRB,None,0,BulletParam_Common_actJRB_lit,
0920_02,actJSBN,None,0,BulletParam_Common_actJSBN3_Shots6,
0920_02,actSMBN,None,0,BulletParam_Common_actSMBN3_Shots6,
0920_02,actSPM1SI,None,0,BulletParam_actSPM_BULLET_barrage06,
0920_02,actSTDSMBN,None,0,BulletParam_Common_actSTDSMBN3_Shots6,
0920_02,actULTSI,None,0,BulletParam_actULT_bom_HD,
0930_00,actEXA1,None,0,BulletParam_actEXA_BOM,
0930_00,actEXA2,None,0,BulletParam_actEXA_BAR,
0930_00,actJSBN,None,0,BulletParam_Common_actJSBN1,
0930_00,actSPM1SI,None,0,BulletParam_actSPM_BULLET_bi_Top,
0930_00,actSTDSMBN,None,0,BulletParam_Common_actSTDSMBN,
0931_00,actDSMBN,None,0,BulletParam_Common_actDSMBN3_Shots6,
0931_00,actEXA1,None,0,BulletParam_actEXA_BOM,
0931_00,actJSBN,None,0,BulletParam_Common_actJSBN3_Shots6,
0931_00,actSMBN,None,0,BulletParam_Common_actSMBN3_Shots6,
0931_00,actSPM1SI,None,0,BulletParam_actSPM_BEAM_bi,
0931_00,actSPM2SI,None,0,BulletParam_actSPM_BOM,
0931_00,actSTDSMBN,None,0,BulletParam_Common_actSTDSMBN3_Shots6,
0931_00,actULTSI,None,0,BulletParam_actULTSI_HD_BEAM_unblockable,
0940_00,actSPM1SI,None,0,BulletParam_actSPM_BULLET_barrage20,
0940_00,actSTDSMBN,None,0,BulletParam_Common_actSTDSMBN,
0940_00,actULTSI,None,0,BulletParam_actULTSI_HD_BEAM,
0941_00,actDSMBN,None,0,BulletParam_Common_actDSMBN1,
0941_00,actEXA2,None,0,BulletParam_actEXA_BAR,
0941_00,actJSBN,None,0,BulletParam_Common_actJSBN3_Shots6,
0941_00,actSMBN,None,0,BulletParam_Common_actSMBN1,
0941_00,actSPM1SI,None,0,BulletParam_actSPM_BULLET_barrage20,
0941_00,actSPM2SI,None,0,BulletParam_actSPM_BULLET_litbig,
0941_00,actSTDSMBN,None,0,BulletParam_Common_actSTDSMBN1,
0941_00,actULTSI,None,0,BulletParam_actULTSI_HD_BLT_L550_unblockable,
0950_00,actSPM1SI,None,0,BulletParam_actSPM_BEAM_bi,
0950_00,actSTDSMBN,None,0,BulletParam_Common_actSTDSMBN,
0950_00,actULTSI,None,0,BulletParam_actULTSI_HD_BEAM,
1000_00,actDSMBN,None,0,BulletParam_Common_actDSMBN2,
1000_00,actEXA1,None,0,BulletParam_actEXA_BOM,
1000_00,actEXA2,None,0,BulletParam_actEXA_BOM,
1000_00,actJSBN,None,0,BulletParam_Common_actJSBN2,
1000_00,actSMBN,None,0,BulletParam_Common_actSMBN2,
1000_00,actSPM1SI,None,0,BulletParam_actSPM_BULLET_bi,
1000_00,actSPM2SI,None,0,BulletParam_actSPM_BOM,
1000_00,actSTDSMBN,None,0,BulletParam_Common_actSTDSMBN2,
1000_00,actULTSI,None,0,BulletParam_actULTSI_HD_BLT_L750_unblockable,
1190_00,actSPM1SI,None,0,BulletParam_actSPM_BEAM_bi,
1190_00,actSTDSMBN,None,0,BulletParam_Common_actSTDSMBN,
1321_00,actDSMBN,None,0,BulletParam_Common_actDSMBN4,
1321_00,actEXA1,None,0,BulletParam_1321_00_actEXA1_BREATH,
1321_00,actJSBN,None,0,BulletParam_Common_actJSBN4,
1321_00,actSMBN,None,0,BulletParam_Common_actSMBN4,
1321_00,actSPM1SI,None,0,BulletParam_actSPM_BULLET_bi,
1321_00,actSTDSMBN,None,0,BulletParam_Common_actSTDSMBN4,
1331_00,actSTDSMBN,None,0,BulletParam_Common_actSTDSMBN,
1331_00,actULTSI,None,0,BulletParam_actULT_BULLET_L200,
1341_00,actDRSB,None,0,BulletParam_Common_actDRSB_lit,
1341_00,actDSMBN,None,0,BulletParam_Common_actDSMBN2,
1341_00,actJRB,None,0,BulletParam_Common_actJRB_lit,
1341_00,actJSBN,None,0,BulletParam_Common_actJSBN2,
1341_00,actSMBN,None,0,BulletParam_Common_actSMBN2,
1341_00,actSPM1SI,None,0,BulletParam_actSPM_BULLET_barrage10,
1341_00,actSPM2SI,None,0,BulletParam_actSPM_BULLET_barrage10,
1341_00,actSTDSMBN,None,0,BulletParam_Common_actSTDSMBN2,
1341_00,actULTSI,None,0,BulletParam_actULT_BULLET_L200,
1500_00,actDRSB,None,0,BulletParam_Common_actRSB_Huge,
1500_00,actDSMBN,None,0,BulletParam_Common_actSMBN_Huge,
1500_00,actEXA1,None,0,BulletParam_actEXA_BOM,
1500_00,actEXA2,None,0,BulletParam_actEXA_BOM,
1500_00,actJRB,None,0,BulletParam_Common_actJRB_Huge,
1500_00,actJSBN,None,0,BulletParam_Common_actJSBN_Huge,
1500_00,actRSB,None,0,BulletParam_Common_actRSB_Huge,
1500_00,actSMBN,None,0,BulletParam_Common_actSMBN_Huge,
1500_00,actSPM2HI,A,0,BulletParam_0172_00_actSPM1s,
1500_00,actSPM2HI,B,1,BulletParam_0172_00_actSPM1s,
1500_00,actSPM2HI,C,2,BulletParam_0172_00_actSPM1s,
1500_00,actSPM2HI,D,3,BulletParam_0172_00_actSPM1s,
1500_00,actSPM2HI,E,4,BulletParam_0172_00_actSPM1s,
1500_00,actSPM2HI,F,5,BulletParam_0172_00_actSPM1s,
1500_00,actSPM2HI,G,6,BulletParam_0172_00_actSPM1s,
1500_00,actSPM2HI,H,7,BulletParam_0172_00_actSPM1s,
1500_00,actSPM2SI,None,0,BulletParam_0172_00_actSPM1,
1500_00,actSTDSMBN,None,0,BulletParam_Common_actSMBN_Huge,
1500_00,actULTSI,None,0,BulletParam_actULTSI_HD_BLT_L750,
1960_00,actRSB,None,0,BulletParam_Common_actRSB_s,
1960_00,actSPM1SI,None,0,BulletParam_actSPM_BULLET_bi_Top_dirt,
1960_00,actSTDSMBN,None,0,BulletParam_Common_actSTDSMBN,
3000_00,actJSBF,None,0,BulletParam_Common_actJSBF,
3000_00,actJSBP,None,0,BulletParam_Common_actJSBP,
3000_00,actMRBB,None,0,BulletParam_Common_actMRBB,
3000_00,actMRBF,None,0,BulletParam_Common_actMRBF,
3000_00,actMRBL,None,0,BulletParam_Common_actMRBL,
3000_00,actMRBR,None,0,BulletParam_Common_actMRBR,
3000_00,actMSBBF,None,0,BulletParam_Common_actMSBBF,
3000_00,actMSBBN,None,0,BulletParam_Common_actMSBBN,
3000_00,actMSBBP,None,0,BulletParam_Common_actMSBBP,
3000_00,actMSBFF,None,0,BulletParam_Common_actMSBFF,
3000_00,actMSBFN,None,0,BulletParam_Common_actMSBFN,
3000_00,actMSBFP,None,0,BulletParam_Common_actMSBFP,
3000_00,actMSBLF,None,0,BulletParam_Common_actMSBLF,
3000_00,actMSBLN,None,0,BulletParam_Common_actMSBLN,
3000_00,actMSBLP,None,0,BulletParam_Common_actMSBLP,
3000_00,actMSBRF,None,0,BulletParam_Common_actMSBRF,
3000_00,actMSBRN,None,0,BulletParam_Common_actMSBRN,
3000_00,actMSBRP,None,0,BulletParam_Common_actMSBRP,
3000_00,actRSB,None,0,BulletParam_Common_actRSB_L,
3000_00,actSMBF,None,0,BulletParam_Common_actSMBF,
3000_00,actSMBP,None,0,BulletParam_Common_actSMBP,
3000_00,actSPM1SI,None,0,BulletParam_actSPM_BEAM_bi,
3000_00,actSTDSMBN,None,0,BulletParam_Common_actSTDSMBN,
3000_00,actULTSI,None,0,BulletParam_actULT_BEAM,
3000_01,actEXA1,None,0,BulletParam_actEXA_BOM,
3000_01,actJSBN,None,0,BulletParam_Common_actJSBN1,
3000_01,actRSB,None,0,BulletParam_Common_actRSB_L,
3000_01,actSPM1SI,None,0,BulletParam_actSPM_BEAM_bi,
3000_01,actSTDSMBN,None,0,BulletParam_Common_actSTDSMBN,
3000_01,actULTSI,None,0,BulletParam_actULTSI_HD_BEAM,
3000_02,actJSBF,None,0,BulletParam_Common_actJSBF,
3000_02,actJSBP,None,0,BulletParam_Common_actJSBP,
3000_02,actMRBB,None,0,BulletParam_Common_actMRBB,
3000_02,actMRBF,None,0,BulletParam_Common_actMRBF,
3000_02,actMRBL,None,0,BulletParam_Common_actMRBL,
3000_02,actMRBR,None,0,BulletParam_Common_actMRBR,
3000_02,actMSBBF,None,0,BulletParam_Common_actMSBBF,
3000_02,actMSBBN,None,0,BulletParam_Common_actMSBBN,
3000_02,actMSBBP,None,0,BulletParam_Common_actMSBBP,
3000_02,actMSBFF,None,0,BulletParam_Common_actMSBFF,
3000_02,actMSBFN,None,0,BulletParam_Common_actMSBFN,
3000_02,actMSBFP,None,0,BulletParam_Common_actMSBFP,
3000_02,actMSBLF,None,0,BulletParam_Common_actMSBLF,
3000_02,actMSBLN,None,0,BulletParam_Common_actMSBLN,
3000_02,actMSBLP,None,0,BulletParam_Common_actMSBLP,
3000_02,actMSBRF,None,0,BulletParam_Common_actMSBRF,
3000_02,actMSBRN,None,0,BulletParam_Common_actMSBRN,
3000_02,actMSBRP,None,0,BulletParam_Common_actMSBRP,
3000_02,actRSB,None,0,BulletParam_Common_actRSB_L,
3000_02,actSMBF,None,0,BulletParam_Common_actSMBF,
3000_02,actSMBP,None,0,BulletParam_Common_actSMBP,
3000_02,actSPM1SI,None,0,BulletParam_3000_02_actSPM_BULLET_barrage05,
3000_02,actSTDSMBN,None,0,BulletParam_Common_actSTDSMBN,
3000_03,actEXA1,None,0,BulletParam_actEXA_BOM,
3000_03,actJSBN,None,0,BulletParam_Common_actJSBN1,
3000_03,actRSB,None,0,BulletParam_Common_actRSB_L,
3000_03,actSPM1SI,None,0,BulletParam_actSPM_BEAM_bi,
3000_03,actSTDSMBN,None,0,BulletParam_Common_actSTDSMBN,
3000_03,actULTSI,None,0,BulletParam_actULTSI_HUGE_HD_BEAM_bi,
3010_00,actDSMBN,None,0,BulletParam_Common_actDSMBN2,
3010_00,actJSBF,None,0,BulletParam_Common_actJSBF,
3010_00,actJSBN,None,0,BulletParam_Common_actJSBN2,
3010_00,actJSBP,None,0,BulletParam_Common_actJSBP,
3010_00,actMRBB,None,0,BulletParam_Common_actMRBB,
3010_00,actMRBF,None,0,BulletParam_Common_actMRBF,
3010_00,actMRBL,None,0,BulletParam_Common_actMRBL,
3010_00,actMRBR,None,0,BulletParam_Common_actMRBR,
3010_00,actMSBBF,None,0,BulletParam_Common_actMSBBF,
3010_00,actMSBBN,None,0,BulletParam_Common_actMSBBN,
3010_00,actMSBBP,None,0,BulletParam_Common_actMSBBP,
3010_00,actMSBFF,None,0,BulletParam_Common_actMSBFF,
3010_00,actMSBFN,None,0,BulletParam_Common_actMSBFN,
3010_00,actMSBFP,None,0,BulletParam_Common_actMSBFP,
3010_00,actMSBLF,None,0,BulletParam_Common_actMSBLF,
3010_00,actMSBLN,None,0,BulletParam_Common_actMSBLN,
3010_00,actMSBLP,None,0,BulletParam_Common_actMSBLP,
3010_00,actMSBRF,None,0,BulletParam_Common_actMSBRF,
3010_00,actMSBRN,None,0,BulletParam_Common_actMSBRN,
3010_00,actMSBRP,None,0,BulletParam_Common_actMSBRP,
3010_00,actSMBF,None,0,BulletParam_Common_actSMBF,
3010_00,actSMBN,None,0,BulletParam_Common_actSMBN2,
3010_00,actSMBP,None,0,BulletParam_Common_actSMBP,
3010_00,actSPM1SI,None,0,BulletParam_actSPM_BULLET_barrage10,
3010_00,actSPM2SI,None,0,BulletParam_actSPM_BULLET_bi_Top,
3010_00,actSTDSMBN,None,0,BulletParam_Common_actSTDSMBN2,
3010_00,actULTSI,None,0,BulletParam_actULT_BULLET,
3010_01,actDSMBN,None,0,BulletParam_Common_actDSMBN2,
3010_01,actJSBF,None,0,BulletParam_Common_actJSBF,
3010_01,actJSBN,None,0,BulletParam_Common_actJSBN2,
3010_01,actJSBP,None,0,BulletParam_Common_actJSBP,
3010_01,actMRBB,None,0,BulletParam_Common_actMRBB,
3010_01,actMRBF,None,0,BulletParam_Common_actMRBF,
3010_01,actMRBL,None,0,BulletParam_Common_actMRBL,
3010_01,actMRBR,None,0,BulletParam_Common_actMRBR,
3010_01,actMSBBF,None,0,BulletParam_Common_actMSBBF,
3010_01,actMSBBN,None,0,BulletParam_Common_actMSBBN,
3010_01,actMSBBP,None,0,BulletParam_Common_actMSBBP,
3010_01,actMSBFF,None,0,BulletParam_Common_actMSBFF,
3010_01,actMSBFN,None,0,BulletParam_Common_actMSBFN,
3010_01,actMSBFP,None,0,BulletParam_Common_actMSBFP,
3010_01,actMSBLF,None,0,BulletParam_Common_actMSBLF,
3010_01,actMSBLN,None,0,BulletParam_Common_actMSBLN,
3010_01,actMSBLP,None,0,BulletParam_Common_actMSBLP,
3010_01,actMSBRF,None,0,BulletParam_Common_actMSBRF,
3010_01,actMSBRN,None,0,BulletParam_Common_actMSBRN,
3010_01,actMSBRP,None,0,BulletParam_Common_actMSBRP,
3010_01,actSMBF,None,0,BulletParam_Common_actSMBF,
3010_01,actSMBN,None,0,BulletParam_Common_actSMBN2,
3010_01,actSMBP,None,0,BulletParam_Common_actSMBP,
3010_01,actSPM1SI,None,0,BulletParam_actSPM_BULLET_physics,
3010_01,actSTDSMBN,None,0,BulletParam_Common_actSTDSMBN2,
3010_01,actULTSI,None,0,BulletParam_0040_00_actULT_BEAM_pen,
3011_00,actDSMBN,None,0,BulletParam_Common_actDSMBN2,
3011_00,actJSBN,None,0,BulletParam_Common_actJSBN2,
3011_00,actRSB,None,0,BulletParam_Common_actRSB_s,
3011_00,actSMBN,None,0,BulletParam_Common_actSMBN2,
3011_00,actSPM1SI,None,0,BulletParam_actSPM_BEAM_bi,
3011_00,actSPM2SI,None,0,BulletParam_actSPM_BULLET_bi_Top,
3011_00,actSTDSMBN,None,0,BulletParam_Common_actSTDSMBN2,
3011_00,actULTSI,None,0,BulletParam_0040_10_actULTHD_3s,
3012_00,actDRSB,None,0,BulletParam_Common_actRSB_Huge,
3012_00,actDSMBN,None,0,BulletParam_Common_actSMBN_Huge,
3012_00,actEXA1,None,0,BulletParam_actEXA_BOM_huge,
3012_00,actJRB,None,0,BulletParam_Common_actJRB_Huge,
3012_00,actJSBN,None,0,BulletParam_Common_actJSBN_Huge,
3012_00,actRSB,None,0,BulletParam_Common_actRSB_Huge,
3012_00,actSMBN,None,0,BulletParam_Common_actSMBN_Huge,
3012_00,actSPM1SI,None,0,BulletParam_actSPM_HUGE_BEAM_bi,
3012_00,actSTDSMBN,None,0,BulletParam_Common_actSMBN_Huge,
3012_00,actULTSI,None,0,BulletParam_actULTSI_HD_BEAM,
3020_00,actDRSB,None,0,BulletParam_Common_actDRSB_lit,
3020_00,actEXA2,None,0,BulletParam_actEXA_BAR,
3020_00,actJRB,None,0,BulletParam_Common_actJRB_lit,
3020_00,actRSB,None,0,BulletParam_Common_actRSB_s,
3020_00,actSPM1SI,None,0,BulletParam_actSPM_BULLET_bi,
3020_00,actSTDSMBN,None,0,BulletParam_Common_actSTDSMBN,
3020_00,actULTSI,None,0,BulletParam_actULT_BULLET_HD_barrage,
3030_00,actDRSB,None,0,BulletParam_Common_actDRSB_lit,
3030_00,actDSMBN,None,0,BulletParam_Common_actDSMBN3_Shots5,
3030_00,actEXA2,None,0,BulletParam_actEXA_BAR,
3030_00,actJRB,None,0,BulletParam_Common_actJRB_lit,
3030_00,actJSBN,None,0,BulletParam_Common_actJSBN3_Shots5,
3030_00,actRSB,None,0,BulletParam_Common_actRSB_s,
3030_00,actSPM1SI,None,0,BulletParam_actSPM_BULLET_bi,
3030_00,actSTDSMBN,None,0,BulletParam_Common_actSTDSMBN3_Shots5,
3030_00,actULTSI,None,0,BulletParam_actULT_BOM_HD_sb_0020_40,
3040_00,actDRSB,None,0,BulletParam_Common_actRSB_Huge,
3040_00,actDSMBN,None,0,BulletParam_Common_actSMBN_Huge,
3040_00,actEXA1,None,0,BulletParam_actEXA_BOM_huge,
3040_00,actJRB,None,0,BulletParam_Common_actJRB_Huge,
3040_00,actJSBN,None,0,BulletParam_Common_actJSBN_Huge,
3040_00,actRSB,None,0,BulletParam_Common_actRSB_Huge,
3040_00,actSMBN,None,0,BulletParam_Common_actSMBN_Huge,
3040_00,actSPM1SI,None,0,BulletParam_actSPM_HUGE_BEAM_bi,
3040_00,actSTDSMBN,None,0,BulletParam_Common_actSMBN_Huge,
3040_00,actULTSI,None,0,BulletParam_actULTSI_HD_BLT_L750_unblockable,
3050_00,actEXA1,None,0,BulletParam_actEXA_BOM,
3050_00,actEXA2,None,0,BulletParam_actEXA_BOM,
3050_00,actSPM1SI,None,0,BulletParam_actSPM_SSG,
3050_00,actSPM2SI,None,0,BulletParam_actSPM_BULLET_bi_Top,
3050_00,actSPM3SI,None,0,BulletParam_actSPM_BEAM_bi,
3050_00,actSTDSMBN,None,0,BulletParam_Common_actSTDSMBN,
3050_00,actULT2SI,None,0,BulletParam_actULT_bom_HD,
3050_00,actULTSI,None,0,BulletParam_actULTSI_HD_BEAM,
3050_01,actEXA1,None,0,BulletParam_actEXA_BOM,
3050_01,actEXA2,None,0,BulletParam_actEXA_BOM,
3050_01,actJSBN,None,0,BulletParam_Common_actJSBN3_Shots3,
3050_01,actSPM1SI,None,0,BulletParam_actSPM_SSG,
3050_01,actSPM2SI,None,0,BulletParam_actSPM_BULLET_bi_Top,
3050_01,actSPM3SI,None,0,BulletParam_actSPM_BEAM_bi,
3050_01,actSTDSMBN,None,0,BulletParam_Common_actSTDSMBN,
3050_01,actULT2SI,None,0,BulletParam_actULTSI_HD_BEAM,
3050_01,actULTSI,None,0,BulletParam_actULTSI_HD_BEAM,
3050_14,actJSBN,None,0,BulletParam_Common_actJSBN1,
3050_14,actSPM1SI,None,0,BulletParam_actSPM_SSG,
3050_14,actSTDSMBN,None,0,BulletParam_Common_actSTDSMBN,
3060_00,actDRSB,None,0,BulletParam_Common_actDRSB_0020,
3060_00,actDSMBN,None,0,BulletParam_Common_actDSMBN3_Shots3_L,
3060_00,actEXA1,None,0,BulletParam_actEXA_BOM,
3060_00,actEXA2,None,0,BulletParam_actEXA_BOM,
3060_00,actJRB,None,0,BulletParam_Common_actJRB_0020,
3060_00,actJSBN,None,0,BulletParam_Common_actJSBN3_Shots3,
3060_00,actRSB,None,0,BulletParam_Common_actRSB_0020,
3060_00,actSMBN,None,0,BulletParam_Common_actSMBN3_Shots3_L,
3060_00,actSPM1SI,None,0,BulletParam_actSPM_SSG,
3060_00,actSPM2SI,None,0,BulletParam_actSPM_BULLET_bi_Top,
3060_00,actSPM3SI,None,0,BulletParam_actSPM_BEAM_bi,
3060_00,actSTDSMBN,None,0,BulletParam_Common_actSTDSMBN3_Shots3_L,
3060_00,actULT2SI,None,0,BulletParam_actULTSI_HD_BEAM,
3060_00,actULTSI,None,0,BulletParam_actULTSI_HD_BEAM,
3060_01,actDRSB,None,0,BulletParam_Common_actDRSB_0020,
3060_01,actEXA1,None,0,BulletParam_actEXA_BOM,
3060_01,actEXA2,None,0,BulletParam_actEXA_BOM,
3060_01,actJRB,None,0,BulletParam_Common_actJRB_0020,
3060_01,actRSB,None,0,BulletParam_Common_actRSB_0020,
3060_01,actSPM1SI,None,0,BulletParam_actSPM_BULLET_barrage08,
3060_01,actSPM2SI,None,0,BulletParam_actSPM_BULLET_bi_Top,
3060_01,actSPM3SI,None,0,BulletParam_actSPM_BEAM_bi,
3060_01,actSTDSMBN,None,0,BulletParam_Common_actSTDSMBN,
3060_01,actULT2SI,None,0,BulletParam_actULTSI_HD_BEAM,
3060_01,actULTSI,None,0,BulletParam_actULTSI_HD_BEAM,
3060_02,actDRSB,None,0,BulletParam_Common_actDRSB_0020,
3060_02,actDSMBN,None,0,BulletParam_Common_actDSMBN1,
3060_02,actEXA1,None,0,BulletParam_actEXA_BOM,
3060_02,actEXA2,None,0,BulletParam_actEXA_BOM,
3060_02,actJRB,None,0,BulletParam_Common_actJRB_0020,
3060_02,actJSBN,None,0,BulletParam_Common_actJSBN1,
3060_02,actRSB,None,0,BulletParam_Common_actRSB_0020,
3060_02,actSMBN,None,0,BulletParam_Common_actSMBN1,
3060_02,actSPM1SI,None,0,BulletParam_actSPM_BEAM_bi,
3060_02,actSPM2SI,None,0,BulletParam_actSPM_HD_BULLET,
3060_02,actSPM3SI,None,0,BulletParam_actSPM_BEAM_bi,
3060_02,actSTDSMBN,None,0,BulletParam_Common_actSTDSMBN1,
3060_02,actULT2SI,None,0,BulletParam_actULTSI_HD_BEAM,
3060_02,actULTSI,None,0,BulletParam_actULT_BULLET_HD,
3060_03,actDRSB,None,0,BulletParam_Common_actDRSB_0020,
3060_03,actDSMBN,None,0,BulletParam_Common_actDSMBN3_Shots6_L,
3060_03,actEXA1,None,0,BulletParam_actEXA_BOM,
3060_03,actEXA2,None,0,BulletParam_actEXA_BOM,
3060_03,actJRB,None,0,BulletParam_Common_actJRB_0020,
3060_03,actRSB,None,0,BulletParam_Common_actRSB_0020,
3060_03,actSMBN,None,0,BulletParam_Common_actSMBN3_Shots6_L,
3060_03,actSPM1SI,None,0,BulletParam_3060_03_actSPM1_BULLET,
3060_03,actSPM2SI,None,0,BulletParam_actSPM_HD_BULLET,
3060_03,actSPM3SI,None,0,BulletParam_actSPM_BEAM_bi,
3060_03,actSTDSMBN,None,0,BulletParam_Common_actSTDSMBN3_Shots6_L,
3060_03,actULT2SI,None,0,BulletParam_actULTSI_HD_BEAM,
3060_03,actULTSI,None,0,BulletParam_actULTSI_HD_BEAM,
3070_00,actDSMBN,None,0,BulletParam_Common_actDSMBN4_Numb,
3070_00,actEXA1,None,0,BulletParam_actEXA_BND,
3070_00,actEXA2,None,0,BulletParam_actEXA_BOM,
3070_00,actJSBN,None,0,BulletParam_Common_actJSBN4_Numb,
3070_00,actRSB,None,0,BulletParam_Common_actRSB_f,
3070_00,actSMBN,None,0,BulletParam_Common_actSMBN4_Numb,
3070_00,actSPM1SI,None,0,BulletParam_actSPM_BEAM_pen_1hit,
3070_00,actSPM2SI,None,0,BulletParam_actSPM_BULLET_bi_Top,
3070_00,actSPM3SI,None,0,BulletParam_actSPM_BEAM_bi,
3070_00,actSTDSMBN,None,0,BulletParam_Common_actSTDSMBN4_Numb,
3070_00,actULT2SI,None,0,BulletParam_actULTSI_HD_BEAM,
3070_00,actULTSI,None,0,BulletParam_3070_00_actULTSI_HD_frame,
3080_00,actDSMBN,None,0,BulletParam_Common_actDSMBN4,
3080_00,actEXA1,None,0,BulletParam_3080_00_actEXA1_BND,
3080_00,actEXA2,None,0,BulletParam_actEXA_BAR,
3080_00,actSMBN,None,0,BulletParam_Common_actSMBN4,
3080_00,actSPM1SI,None,0,BulletParam_actSPM_BEAM_bi,
3080_00,actSPM2_SBM_2,None,0,BulletParam_actSPM_ssw_sbm2,
3080_00,actSPM2SI,None,0,BulletParam_actSPM_ssw,
3080_00,actSTDSMBN,None,0,BulletParam_Common_actSTDSMBN3_Shots6_L,
3080_00,actULTSI,None,0,BulletParam_actULTSI_HD_BLT_L550_unblockable,
3100_03,actDRSB,None,0,BulletParam_Common_actDRSB_0020,
3100_03,actEXA1,None,0,BulletParam_actEXA_BOM,
3100_03,actJRB,None,0,BulletParam_Common_actJRB_0020,
3100_03,actRSB,None,0,BulletParam_Common_actRSB_0020,
3100_03,actSPM1SI,None,0,BulletParam_actSPM_BULLET_barrage10,
3100_03,actSTDSMBN,None,0,BulletParam_Common_actSTDSMBN_L,
3100_03,actULTSI,None,0,BulletParam_actULTSI_HD_BEAM,
3110_00,actEXA1,None,0,BulletParam_actEXA_BOM,
3110_00,actEXA2,None,0,BulletParam_actEXA_BOM,
3110_00,actSPM1SI,None,0,BulletParam_3110_00_actSPM1_fal,
3110_00,actSPM2SI,None,0,BulletParam_actSPM_BULLET_bi_Top,
3110_00,actSPM3SI,None,0,BulletParam_actSPM_BEAM_bi,
3110_00,actSTDSMBN,None,0,BulletParam_Common_actSTDSMBN3_Shots5_L,
3110_00,actULT2SI,None,0,BulletParam_actULTSI_HD_BEAM,
3110_00,actULTSI,None,0,BulletParam_actULTSI_HD_BEAM,
3120_04,actEXA1,None,0,BulletParam_actEXA_BOM,
3120_04,actJSBN,None,0,BulletParam_Common_actJSBN2,
3120_04,actSPM1SI,None,0,BulletParam_actSPM_HD_BULLET,
3120_04,actSTDSMBN,None,0,BulletParam_Common_actSTDSMBN,
3120_04,actULTSI,None,0,BulletParam_actULTSI_HD_BEAM,
3130_00,actEXA1,None,0,BulletParam_3130_00_actEXA_BND,
3130_00,actRSB,None,0,BulletParam_Common_actRSB_s,
3130_00,actSPM1SI,None,0,BulletParam_actSPM_BULLET_bi,
3130_00,actSPM2SI,A,0,BulletParam_3130_00_actSPM2_smoke,
3130_00,actSPM2SI,B,1,BulletParam_3130_00_actSPM2_bomhit,
3130_00,actSPM2SI,None,2,BulletParam_3130_00_actSPM2_bomhit,
3130_00,actSTDSMBN,None,0,BulletParam_Common_actSTDSMBN,
3130_00,actULTSI,None,0,BulletParam_actULT_BULLET_HD_barrage,
3140_00,actDSMBN,None,0,BulletParam_Common_actDSMBN3_Shots6,
3140_00,actEXA1,None,0,BulletParam_actEXA_BND,
3140_00,actJSBN,None,0,BulletParam_Common_actJSBN3_Shots6,
3140_00,actSMBN,None,0,BulletParam_Common_actSMBN3_Shots6,
3140_00,actSPM1SI,A,0,BulletParam_actSPM_BULLET_bi,
3140_00,actSPM1SI,B,1,BulletParam_actSPM_BULLET2,
3140_00,actSTDSMBN,None,0,BulletParam_Common_actSTDSMBN1,
3140_00,actULTSI,None,0,BulletParam_0040_00_actULT_BEAM_pen,
3150_00,actDRSB,None,0,BulletParam_Common_actRSB_Huge,
3150_00,actDSMBN,None,0,BulletParam_Common_actSMBN_Huge,
3150_00,actEXA1,None,0,BulletParam_actEXA_BOM_huge,
3150_00,actJRB,None,0,BulletParam_Common_actJRB_Huge,
3150_00,actJSBN,None,0,BulletParam_Common_actJSBN4_huge,
3150_00,actRSB,None,0,BulletParam_Common_actRSB_Huge,
3150_00,actSMBN,None,0,BulletParam_Common_actSMBN_Huge,
3150_00,actSPM1SI,None,0,BulletParam_3150_00_actSPM1_BULLET_HD_barrage03,
3150_00,actSPM2SI,None,0,BulletParam_actULT_BOM_HD_L11,
3150_00,actSTDSMBN,None,0,BulletParam_Common_actSMBN2_Homs_Huge,
3150_00,actULTSI,None,0,BulletParam_actULTSI_HD_BLT_L550_unblockable,
3160_00,actDRSB,None,0,BulletParam_Common_actDRSB_lit,
3160_00,actJRB,None,0,BulletParam_Common_actJRB_lit,
3160_00,actJSBN,None,0,BulletParam_Common_actJSBN3_Shots3,
3160_00,actSPM1SI,None,0,BulletParam_0000_00_actSPM1_SSG,
3160_00,actSTDSMBN,None,0,BulletParam_Common_actSTDSMBN3_Shots3,
3160_00,actULTSI,None,0,BulletParam_actULT_BULLET_HD_s,
3170_00,actDSMBN,None,0,BulletParam_Common_actDSMBN1,
3170_00,actEXA2,None,0,BulletParam_actEXA_BND,
3170_00,actSPM1SI,None,0,BulletParam_actSPM_BEAM_bi,
3170_00,actSTDSMBN,None,0,BulletParam_Common_actSTDSMBN4_Numb,
3170_00,actULTSI,None,0,BulletParam_actULT_BULLET_HD,
3190_00,actDSMBN,None,0,BulletParam_Common_actDSMBN3_Shots4,
3190_00,actEXA1,None,0,BulletParam_actEXA_BOM,
3190_00,actSMBN,None,0,BulletParam_Common_actSMBN3_Shots4,
3190_00,actSPM1SI,None,0,BulletParam_actSPM_BEAM_bi,
3190_00,actSPM2_SBM,None,0,BulletParam_3190_00_actSPM2_SBM,
3190_00,actSPM2_SBM_2,A,0,BulletParam_3190_00_actSPM2_SBM_2_A,
3190_00,actSPM2_SBM_2,B,1,BulletParam_3190_00_actSPM2_SBM_2_B,
3190_00,actSTDSMBN,None,0,BulletParam_Common_actSTDSMBN3_Shots4,
3270_00,actDRSB,None,0,BulletParam_Common_actDRSB_0020,
3270_00,actEXA1,None,0,BulletParam_actEXA_BOM,
3270_00,actJRB,None,0,BulletParam_Common_actJRB_0020,
3270_00,actRSB,None,0,BulletParam_Common_actRSB_0020,
3270_00,actSPM1SI,None,0,BulletParam_actSPM_BULLET_bi_Top,
3270_00,actSTDSMBN,None,0,BulletParam_Common_actSTDSMBN_L,
3270_00,actULTSI,None,0,BulletParam_actULTSI_HD_BEAM,
3270_01,actDRSB,None,0,BulletParam_Common_actDRSB_0020,
3270_01,actEXA1,None,0,BulletParam_actEXA_BOM,
3270_01,actJRB,None,0,BulletParam_Common_actJRB_0020,
3270_01,actJSBN,None,0,BulletParam_Common_actJSBN3_Shots5,
3270_01,actRSB,None,0,BulletParam_Common_actRSB_0020,
3270_01,actSPM1SI,None,0,BulletParam_actSPM_BEAM_bi,
3270_01,actSTDSMBN,None,0,BulletParam_Common_actSTDSMBN_L,
3270_01,actULTSI,None,0,BulletParam_actULT_bom_HD,
3280_00,actJSBF,None,0,BulletParam_Common_actJSBF,
3280_00,actJSBP,None,0,BulletParam_Common_actJSBP,
3280_00,actMRBB,None,0,BulletParam_Common_actMRBB,
3280_00,actMRBF,None,0,BulletParam_Common_actMRBF,
3280_00,actMRBL,None,0,BulletParam_Common_actMRBL,
3280_00,actMRBR,None,0,BulletParam_Common_actMRBR,
3280_00,actMSBBF,None,0,BulletParam_Common_actMSBBF,
3280_00,actMSBBN,None,0,BulletParam_Common_actMSBBN,
3280_00,actMSBBP,None,0,BulletParam_Common_actMSBBP,
3280_00,actMSBFF,None,0,BulletParam_Common_actMSBFF,
3280_00,actMSBFN,None,0,BulletParam_Common_actMSBFN,
3280_00,actMSBFP,None,0,BulletParam_Common_actMSBFP,
3280_00,actMSBLF,None,0,BulletParam_Common_actMSBLF,
3280_00,actMSBLN,None,0,BulletParam_Common_actMSBLN,
3280_00,actMSBLP,None,0,BulletParam_Common_actMSBLP,
3280_00,actMSBRF,None,0,BulletParam_Common_actMSBRF,
3280_00,actMSBRN,None,0,BulletParam_Common_actMSBRN,
3280_00,actMSBRP,None,0,BulletParam_Common_actMSBRP,
3280_00,actSMBF,None,0,BulletParam_Common_actSMBF,
3280_00,actSMBP,None,0,BulletParam_Common_actSMBP,
3280_00,actSPM1SI,None,0,BulletParam_actSPM_BEAM_bi,
3280_00,actSPM2SI,None,0,BulletParam_actSPM_BOM_rapid,
3280_00,actSTDSMBN,None,0,BulletParam_Common_actSTDSMBN,
3280_00,actULTSD,None,0,BulletParam_0080_00_actULT,
3280_00,actULTSI,None,0,BulletParam_0080_00_actULT,
3280_01,actEXA1,None,0,BulletParam_actEXA_BOM,
3280_01,actJSBN,None,0,BulletParam_Common_actJSBN1,
3280_01,actSPM1SI,None,0,BulletParam_actSPM_BULLET_bi_Top,
3280_01,actSPM2SI,None,0,BulletParam_actSPM_BULLET_barrage05,
3280_01,actSTDSMBN,None,0,BulletParam_Common_actSTDSMBN3_Shots4,
3280_01,actULTSD,None,0,BulletParam_0080_00_actULT,
3280_01,actULTSI,None,0,BulletParam_0080_00_actULT,
3290_00,actDSMBN,None,0,BulletParam_Common_actDSMBN1_double,
3290_00,actEXA1,None,0,BulletParam_actEXA_BAR,
3290_00,actJSBN,None,0,BulletParam_Common_actJSBN1_double,
3290_00,actRSB,None,0,BulletParam_Common_actRSB_L,
3290_00,actSMBN,None,0,BulletParam_Common_actSMBN1_double,
3290_00,actSPM1SI,None,0,BulletParam_actSPM_BULLET_bi_Top,
3290_00,actSPM2SI,None,0,BulletParam_actSPM_BULLET_barrage10,
3290_00,actSTDSMBN,None,0,BulletParam_Common_actSTDSMBN,
3300_00,actSPM1SI,None,0,BulletParam_0000_00_actSPM1_SSG,
3300_00,actSTDSMBN,None,0,BulletParam_Common_actSTDSMBN,
3300_00,actULTSI,None,0,BulletParam_actULT_BULLET_HD_s,
3310_00,actDSMBN,None,0,BulletParam_Common_actDSMBN4_Numb,
3310_00,actEXA1,None,0,BulletParam_actEXA_BND,
3310_00,actJSBN,None,0,BulletParam_Common_actJSBN1,
3310_00,actSMBN,None,0,BulletParam_Common_actSMBN4_Numb,
3310_00,actSPM1SI,None,0,BulletParam_actSPM_BEAM_pen_1hit,
3310_00,actSPM2SI,None,0,BulletParam_3310_00_actSPM_BULLET_hom,
3310_00,actSTDSMBN,None,0,BulletParam_Common_actSTDSMBN1,
3310_00,actULTSI,None,0,BulletParam_actULT_bom_HD,
3310_10,actDRSB,None,0,BulletParam_Common_actRSB_Huge,
3310_10,actDSMBN,None,0,BulletParam_Common_actSMBN_Huge,
3310_10,actEXA1,None,0,BulletParam_actEXA_BOM_huge,
3310_10,actJRB,None,0,BulletParam_Common_actJRB_Huge,
3310_10,actJSBN,None,0,BulletParam_Common_actJSBN_Huge,
3310_10,actRSB,None,0,BulletParam_Common_actRSB_Huge,
3310_10,actSMBN,None,0,BulletParam_Common_actSMBN_Huge,
3310_10,actSPM1SI,None,0,BulletParam_actSPM_HUGE_BEAM_bi,
3310_10,actSPM2SI,None,0,BulletParam_actSPM_BOM_G,
3310_10,actSTDSMBN,None,0,BulletParam_Common_actSMBN_Huge,
3310_10,actULTSI,None,0,BulletParam_actULTSI_HD_BEAM,
3320_00,actJSBN,None,0,BulletParam_Common_actJSBN1,
3320_00,actSPM1SI,None,0,BulletParam_actSPM_BEAM_pen_1hit,
3320_00,actSPM2SI,None,0,BulletParam_0070_00_actSPM2,
3320_00,actSTDSMBN,None,0,BulletParam_Common_actSTDSMBN,
3330_00,actSPM1SI,None,0,BulletParam_actSPM_BREATH_flash,
3330_00,actSTDSMBN,None,0,BulletParam_Common_actSTDSMBN,
3330_00,actULTSI,None,0,BulletParam_actULT_BULLET_HD_s,
3350_00,actDSMBN,None,0,BulletParam_Common_actDSMBN1,
3350_00,actJSBN,None,0,BulletParam_Common_actJSBN1_double,
3350_00,actSMBN,None,0,BulletParam_Common_actSMBN1,
3350_00,actSPM1SI,None,0,BulletParam_actSPM_BULLET_barrage08,
3350_00,actSPM2_SBM_2,None,0,BulletParam_actSPM_ssw_sbm2,
3350_00,actSPM2SI,None,0,BulletParam_actSPM_ssw,
3350_00,actSTDSMBN,None,0,BulletParam_Common_actSTDSMBN1_double,
3350_00,actULTSI,None,0,BulletParam_actULT_BULLET_HD,
3360_00,actEXA1,None,0,BulletParam_actEXA_BND,
3360_00,actJSBN,None,0,BulletParam_Common_actJSBN4_Numb,
3360_00,actSPM1SI,None,0,BulletParam_3360_00_actSPM_BEAM_pen_3hit,
3360_00,actSPM2SI,None,0,BulletParam_actSPM_BULLET_barrage10,
3360_00,actSTDSMBN,None,0,BulletParam_Common_actSTDSMBN4_Numb,
3360_00,actULTSI,None,0,BulletParam_actULTSI_HD_BLT_L300,
