file,field,value
BulletParam_0000_00_actSPM1_SSG,Power,1140
BulletParam_0000_00_actSPM1_SSG,Shave,285
BulletParam_0000_00_actSPM1_SSG,BeamPower,4560
BulletParam_0000_00_actSPM1_SSG,BeamShave,1140
BulletParam_0000_00_actSPM1_SSG,LifeSpan,2
BulletParam_0000_00_actSPM1_SSG,FireLimit,1
BulletParam_0000_00_actSPM1_SSG,CharacterFirstHitType,ESSBulletCharacterFirstHitType::TraceMultiHit
BulletParam_0000_00_actSPM1_SSG,CollisionRevibeNum,4
BulletParam_0000_00_actSPM1_SSG,CollisionRevibeSpan,0.083333
BulletParam_0000_00_actSPM1_SSG,bIgnoreHitBehindAttackChara,true
BulletParam_0000_00_actSPM1_SSG,GeometryFirstHitType,ESSBulletGeometryFirstHitType::StopMultiHit
BulletParam_0000_00_actSPM1_SSG,GeometryCollisionRevibeNum,5
BulletParam_0000_00_actSPM1_SSG,GeometryCollisionRevibeSpan,0.033
BulletParam_0000_00_actSPM1_SSG,EnergyBullectCollisionPriority,200
BulletParam_0000_00_actSPM1_SSG,EnergyBullectCollisionPriorityInBeam,100
BulletParam_0000_00_actSPM1_SSG,HomingAngleLimitAtStart,10
BulletParam_0000_00_actSPM1_SSG,bRootFollowsStartPosition,true
BulletParam_0000_00_actSPM1_SSG,MoveParam.HomingEndTime,2
BulletParam_0000_00_actSPM1_SSG,bDamageCostumeEnable,true
BulletParam_0000_00_actSPM1_SSG,bDamageCostumeLastHitOnly,true
BulletParam_0000_00_actSPM1_SSG,bScratchCostumeEnable,true
BulletParam_0000_00_actSPM1_SSG,ArmorBreakLevel,ブラスト
BulletParam_0000_00_actSPM1_SSG,bImpossibleReflect,true
BulletParam_0000_00_actSPM1_SSG,bImpossibleAbsorption,true
BulletParam_0000_00_actSPM1_SSG,bFinishAtOwnerDamage,true
BulletParam_0000_00_actSPM1_SSG,bAvoidHistep,true
BulletParam_0000_00_actSPM1_SSG,bBuffAvoidable,true
BulletParam_0000_00_actSPM1_SSG,bIgnoreActionTarget,true
BulletParam_0000_40_actULTSI_HD,Power,0
BulletParam_0000_40_actULTSI_HD,Shave,0
BulletParam_0000_40_actULTSI_HD,BeamPower,0
BulletParam_0000_40_actULTSI_HD,BeamShave,0
BulletParam_0000_40_actULTSI_HD,LifeSpan,5
BulletParam_0000_40_actULTSI_HD,FireLimit,1
BulletParam_0000_40_actULTSI_HD,CharacterCollisionSize,1150
BulletParam_0000_40_actULTSI_HD,CollisionRevibeNum,5
BulletParam_0000_40_actULTSI_HD,CollisionRevibeSpan,0.05
BulletParam_0000_40_actULTSI_HD,GeometryCollisionSize,250
BulletParam_0000_40_actULTSI_HD,GeometryCollisionRevibeNum,20
BulletParam_0000_40_actULTSI_HD,GeometryCollisionRevibeSpan,0.066
BulletParam_0000_40_actULTSI_HD,ClashCollisionSize,1000
BulletParam_0000_40_actULTSI_HD,EnergyBullectCollisionPriority,300
BulletParam_0000_40_actULTSI_HD,HomingAngleLimitAtStart,360
BulletParam_0000_40_actULTSI_HD,ArmorBreakLevel,ブラスト
BulletParam_0000_40_actULTSI_HD,bImpossibleGuard,true
BulletParam_0000_40_actULTSI_HD,bImpossibleReflect,true
BulletParam_0000_40_actULTSI_HD,bImpossibleAbsorption,true
BulletParam_0000_40_actULTSI_HD,bFinishAtOwnerDamage,true
BulletParam_0000_40_actULTSI_HD,bBlastImpactBulletShift,true
BulletParam_0000_40_actULTSI_HD,BlastImpactBulletScale,0.65
BulletParam_0000_40_actULTSI_HD,bAvoidHistep,true
BulletParam_0000_40_actULTSI_HD,bBuffAvoidable,true
BulletParam_0000_40_actULTSI_HD,DestructionFieldScale,18
BulletParam_0000_40_actULTSI_HD,bReduceZSearchAfterHit,true
BulletParam_0000_40_actULTSI_HD,ReduceZSearchEffectTime,0.9
BulletParam_0002_50_actSPM1_SSG,Power,1140
BulletParam_0002_50_actSPM1_SSG,Shave,285
BulletParam_0002_50_actSPM1_SSG,BeamPower,4560
BulletParam_0002_50_actSPM1_SSG,BeamShave,1140
BulletParam_0002_50_actSPM1_SSG,LifeSpan,2
BulletParam_0002_50_actSPM1_SSG,FireLimit,1
BulletParam_0002_50_actSPM1_SSG,CharacterFirstHitType,ESSBulletCharacterFirstHitType::TraceMultiHit
BulletParam_0002_50_actSPM1_SSG,CollisionRevibeNum,4
BulletParam_0002_50_actSPM1_SSG,CollisionRevibeSpan,0.083333
BulletParam_0002_50_actSPM1_SSG,bIgnoreHitBehindAttackChara,true
BulletParam_0002_50_actSPM1_SSG,GeometryFirstHitType,ESSBulletGeometryFirstHitType::StopMultiHit
BulletParam_0002_50_actSPM1_SSG,GeometryCollisionRevibeNum,5
BulletParam_0002_50_actSPM1_SSG,GeometryCollisionRevibeSpan,0.033
BulletParam_0002_50_actSPM1_SSG,EnergyBullectCollisionPriority,200
BulletParam_0002_50_actSPM1_SSG,EnergyBullectCollisionPriorityInBeam,100
BulletParam_0002_50_actSPM1_SSG,HomingAngleLimitAtStart,170
BulletParam_0002_50_actSPM1_SSG,bRootFollowsStartPosition,true
BulletParam_0002_50_actSPM1_SSG,MoveParam.HomingEndTime,2
BulletParam_0002_50_actSPM1_SSG,bDamageCostumeEnable,true
BulletParam_0002_50_actSPM1_SSG,bDamageCostumeLastHitOnly,true
BulletParam_0002_50_actSPM1_SSG,bScratchCostumeEnable,true
BulletParam_0002_50_actSPM1_SSG,ArmorBreakLevel,ブラスト
BulletParam_0002_50_actSPM1_SSG,bImpossibleReflect,true
BulletParam_0002_50_actSPM1_SSG,bImpossibleAbsorption,true
BulletParam_0002_50_actSPM1_SSG,bFinishAtOwnerDamage,true
BulletParam_0002_50_actSPM1_SSG,bAvoidHistep,true
BulletParam_0002_50_actSPM1_SSG,bBuffAvoidable,true
BulletParam_0002_50_actSPM1_SSG,bIgnoreActionTarget,true
BulletParam_0020_11_actSPM1_BEAM_bi,Power,570
BulletParam_0020_11_actSPM1_BEAM_bi,Shave,142
BulletParam_0020_11_actSPM1_BEAM_bi,BeamPower,4560
BulletParam_0020_11_actSPM1_BEAM_bi,BeamShave,1140
BulletParam_0020_11_actSPM1_BEAM_bi,LifeSpan,2
BulletParam_0020_11_actSPM1_BEAM_bi,FireLimit,1
BulletParam_0020_11_actSPM1_BEAM_bi,CharacterCollisionSize,180
BulletParam_0020_11_actSPM1_BEAM_bi,CharacterFirstHitType,ESSBulletCharacterFirstHitType::TraceMultiHit
BulletParam_0020_11_actSPM1_BEAM_bi,CollisionRevibeNum,9
BulletParam_0020_11_actSPM1_BEAM_bi,CollisionRevibeSpan,0.083333
BulletParam_0020_11_actSPM1_BEAM_bi,bIgnoreHitBehindAttackChara,true
BulletParam_0020_11_actSPM1_BEAM_bi,GeometryFirstHitType,ESSBulletGeometryFirstHitType::StopMultiHit
BulletParam_0020_11_actSPM1_BEAM_bi,GeometryCollisionRevibeNum,5
BulletParam_0020_11_actSPM1_BEAM_bi,GeometryCollisionRevibeSpan,0.033
BulletParam_0020_11_actSPM1_BEAM_bi,EnergyBullectCollisionPriority,200
BulletParam_0020_11_actSPM1_BEAM_bi,EnergyBullectCollisionPriorityInBeam,100
BulletParam_0020_11_actSPM1_BEAM_bi,HomingAngleLimitAtStart,0
BulletParam_0020_11_actSPM1_BEAM_bi,bRootFollowsStartPosition,true
BulletParam_0020_11_actSPM1_BEAM_bi,bDamageCostumeEnable,true
BulletParam_0020_11_actSPM1_BEAM_bi,bDamageCostumeLastHitOnly,true
BulletParam_0020_11_actSPM1_BEAM_bi,bScratchCostumeEnable,true
BulletParam_0020_11_actSPM1_BEAM_bi,ArmorBreakLevel,ブラスト
BulletParam_0020_11_actSPM1_BEAM_bi,bImpossibleReflect,true
BulletParam_0020_11_actSPM1_BEAM_bi,bImpossibleAbsorption,true
BulletParam_0020_11_actSPM1_BEAM_bi,bFinishAtOwnerDamage,true
BulletParam_0020_11_actSPM1_BEAM_bi,bAvoidHistep,true
BulletParam_0020_11_actSPM1_BEAM_bi,bBuffAvoidable,true
BulletParam_0020_60_actSI2,Power,670
BulletParam_0020_60_actSI2,Shave,168
BulletParam_0020_60_actSI2,BeamPower,536
BulletParam_0020_60_actSI2,BeamShave,134
BulletParam_0020_60_actSI2,LifeSpan,30
BulletParam_0020_60_actSI2,HomingAngleLimitAtStart,360
BulletParam_0020_60_actSI2,MoveParam.HomingEndTime,3
BulletParam_0020_60_actSI2,ArmorBreakLevel,ラッシュ気弾
BulletParam_0020_60_actSI2,DestructionFieldScale,2
BulletParam_0020_61_actSI2,Power,1000
BulletParam_0020_61_actSI2,Shave,250
BulletParam_0020_61_actSI2,BeamPower,800
BulletParam_0020_61_actSI2,BeamShave,200
BulletParam_0020_61_actSI2,LifeSpan,30
BulletParam_0020_61_actSI2,HomingAngleLimitAtStart,360
BulletParam_0020_61_actSI2,MoveParam.HomingEndTime,3
BulletParam_0020_61_actSI2,ArmorBreakLevel,ラッシュ気弾
BulletParam_0020_61_actSI2,DestructionFieldScale,2
BulletParam_0020_61_actSPMSI_1,Power,600
BulletParam_0020_61_actSPMSI_1,Shave,120
BulletParam_0020_61_actSPMSI_1,BeamPower,480
BulletParam_0020_61_actSPMSI_1,BeamShave,96
BulletParam_0020_61_actSPMSI_1,LifeSpan,4.5
BulletParam_0020_61_actSPMSI_1,EnergyBullectCollisionPriority,100
BulletParam_0020_61_actSPMSI_1,MoveParam.HomingEndTime,3
BulletParam_0020_61_actSPMSI_1,ArmorBreakLevel,ブラスト
BulletParam_0020_61_actSPMSI_1,bImpossibleReflect,true
BulletParam_0020_61_actSPMSI_1,bImpossibleAbsorption,true
BulletParam_0020_61_actSPMSI_1,bFinishAtOwnerDamage,true
BulletParam_0020_61_actSPMSI_1,bAvoidHistep,true
BulletParam_0020_61_actSPMSI_1,bBuffAvoidable,true
BulletParam_0020_61_actSPMSI_1,DestructionFieldScale,2
BulletParam_0020_61_actSPMSI_2,Power,0
BulletParam_0020_61_actSPMSI_2,Shave,0
BulletParam_0020_61_actSPMSI_2,BeamPower,0
BulletParam_0020_61_actSPMSI_2,BeamShave,0
BulletParam_0020_61_actSPMSI_2,FireLimit,1
BulletParam_0020_61_actSPMSI_2,CharacterFirstHitType,ESSBulletCharacterFirstHitType::TraceMultiHit
BulletParam_0020_61_actSPMSI_2,CollisionRevibeNum,11
BulletParam_0020_61_actSPMSI_2,CollisionRevibeSpan,0.1
BulletParam_0020_61_actSPMSI_2,CharacterLastHitType,ESSBulletCharacterLastHitType::Destroy
BulletParam_0020_61_actSPMSI_2,EnergyBullectCollisionPriority,100
BulletParam_0020_61_actSPMSI_2,HomingAngleLimitAtStart,360
BulletParam_0020_61_actSPMSI_2,bDamageCostumeEnable,true
BulletParam_0020_61_actSPMSI_2,bDamageCostumeLastHitOnly,true
BulletParam_0020_61_actSPMSI_2,bScratchCostumeEnable,true
BulletParam_0020_61_actSPMSI_2,ArmorBreakLevel,ブラスト
BulletParam_0020_61_actSPMSI_2,bImpossibleReflect,true
BulletParam_0020_61_actSPMSI_2,bImpossibleAbsorption,true
BulletParam_0020_61_actSPMSI_2,bFinishAtOwnerDamage,true
BulletParam_0020_61_actSPMSI_2,bAvoidHistep,true
BulletParam_0020_63_actULT_BOM_HD_sb,Power,0
BulletParam_0020_63_actULT_BOM_HD_sb,Shave,0
BulletParam_0020_63_actULT_BOM_HD_sb,BeamPower,0
BulletParam_0020_63_actULT_BOM_HD_sb,BeamShave,0
BulletParam_0020_63_actULT_BOM_HD_sb,LifeSpan,3
BulletParam_0020_63_actULT_BOM_HD_sb,bCanLifeSpanEndInMultiHit,true
BulletParam_0020_63_actULT_BOM_HD_sb,FireLimit,1
BulletParam_0020_63_actULT_BOM_HD_sb,CharacterCollisionSize,2500
BulletParam_0020_63_actULT_BOM_HD_sb,CharacterFirstHitType,ESSBulletCharacterFirstHitType::StopMultiHit
BulletParam_0020_63_actULT_BOM_HD_sb,CollisionRevibeNum,9
BulletParam_0020_63_actULT_BOM_HD_sb,CollisionRevibeSpan,0.1
BulletParam_0020_63_actULT_BOM_HD_sb,GeometryCollisionSize,2500
BulletParam_0020_63_actULT_BOM_HD_sb,GeometryFirstHitType,ESSBulletGeometryFirstHitType::PenerateMultiHit
BulletParam_0020_63_actULT_BOM_HD_sb,GeometryCollisionRevibeSpan,0.2
BulletParam_0020_63_actULT_BOM_HD_sb,GeometryLastHitType,ESSBulletGeometryLastHitType::Penerate
BulletParam_0020_63_actULT_BOM_HD_sb,ClashCollisionSize,2500
BulletParam_0020_63_actULT_BOM_HD_sb,EnergyBullectCollisionPriority,95
BulletParam_0020_63_actULT_BOM_HD_sb,HomingAngleLimitAtStart,360
BulletParam_0020_63_actULT_BOM_HD_sb,ArmorBreakLevel,ブラスト
BulletParam_0020_63_actULT_BOM_HD_sb,bImpossibleReflect,true
BulletParam_0020_63_actULT_BOM_HD_sb,bImpossibleAbsorption,true
BulletParam_0020_63_actULT_BOM_HD_sb,bFinishAtOwnerDamage,true
BulletParam_0020_63_actULT_BOM_HD_sb,bEnergyBullectCollisionInvincible,true
BulletParam_0020_63_actULT_BOM_HD_sb,bAvoidHistep,true
BulletParam_0020_63_actULT_BOM_HD_sb,bBuffAvoidable,true
BulletParam_0020_63_actULT_BOM_HD_sb,DestructionFieldScale,26
BulletParam_0020_63_actULT_BOM_HD_sb,ReduceZSearchEffectTime,5
BulletParam_0020_63_actULT_BOM_HD_sb,bReceiveSelfDamage,true
BulletParam_0020_63_actULT_BOM_HD_sb,SelfDamagePower,20000
BulletParam_0022_62_actSPM1_HD_3s,Power,600
BulletParam_0022_62_actSPM1_HD_3s,Shave,120
BulletParam_0022_62_actSPM1_HD_3s,BeamPower,480
BulletParam_0022_62_actSPM1_HD_3s,BeamShave,96
BulletParam_0022_62_actSPM1_HD_3s,LifeSpan,2.4
BulletParam_0022_62_actSPM1_HD_3s,FireLimit,1
BulletParam_0022_62_actSPM1_HD_3s,CharacterCollisionSize,50
BulletParam_0022_62_actSPM1_HD_3s,GeometryCollisionSize,20
BulletParam_0022_62_actSPM1_HD_3s,ClashCollisionSize,40
BulletParam_0022_62_actSPM1_HD_3s,EnergyBullectCollisionPriority,200
BulletParam_0022_62_actSPM1_HD_3s,HomingAngleLimitAtStart,360
BulletParam_0022_62_actSPM1_HD_3s,ArmorBreakLevel,ブラスト
BulletParam_0022_62_actSPM1_HD_3s,bImpossibleReflect,true
BulletParam_0022_62_actSPM1_HD_3s,bImpossibleAbsorption,true
BulletParam_0022_62_actSPM1_HD_3s,bFinishAtOwnerDamage,true
BulletParam_0022_62_actSPM1_HD_3s,bAvoidHistep,true
BulletParam_0022_62_actSPM1_HD_3s,bBuffAvoidable,true
BulletParam_0023_00_actSPM2_HUGE_BULLET_s3,Power,2234
BulletParam_0023_00_actSPM2_HUGE_BULLET_s3,Shave,559
BulletParam_0023_00_actSPM2_HUGE_BULLET_s3,BeamPower,1787
BulletParam_0023_00_actSPM2_HUGE_BULLET_s3,BeamShave,447
BulletParam_0023_00_actSPM2_HUGE_BULLET_s3,LifeSpan,2.4
BulletParam_0023_00_actSPM2_HUGE_BULLET_s3,FireLimit,1
BulletParam_0023_00_actSPM2_HUGE_BULLET_s3,CharacterCollisionSize,500
BulletParam_0023_00_actSPM2_HUGE_BULLET_s3,CollisionRevibeNum,4
BulletParam_0023_00_actSPM2_HUGE_BULLET_s3,CollisionRevibeSpan,0.083333
BulletParam_0023_00_actSPM2_HUGE_BULLET_s3,GeometryCollisionRevibeNum,5
BulletParam_0023_00_actSPM2_HUGE_BULLET_s3,GeometryCollisionRevibeSpan,0.033
BulletParam_0023_00_actSPM2_HUGE_BULLET_s3,EnergyBullectCollisionPriority,200
BulletParam_0023_00_actSPM2_HUGE_BULLET_s3,HomingAngleLimitAtStart,0
BulletParam_0023_00_actSPM2_HUGE_BULLET_s3,bScratchCostumeEnable,true
BulletParam_0023_00_actSPM2_HUGE_BULLET_s3,ArmorBreakLevel,ブラスト
BulletParam_0023_00_actSPM2_HUGE_BULLET_s3,bImpossibleReflect,true
BulletParam_0023_00_actSPM2_HUGE_BULLET_s3,bImpossibleAbsorption,true
BulletParam_0023_00_actSPM2_HUGE_BULLET_s3,bFinishAtOwnerDamage,true
BulletParam_0023_00_actSPM2_HUGE_BULLET_s3,bAvoidHistep,true
BulletParam_0023_00_actSPM2_HUGE_BULLET_s3,bBuffAvoidable,true
BulletParam_0023_00_actSPM2_HUGE_BULLET_s3,DestructionFieldScale,4
BulletParam_0031_01_actULTHD_3s,Power,500
BulletParam_0031_01_actULTHD_3s,Shave,125
BulletParam_0031_01_actULTHD_3s,BeamPower,400
BulletParam_0031_01_actULTHD_3s,BeamShave,100
BulletParam_0031_01_actULTHD_3s,LifeSpan,2.4
BulletParam_0031_01_actULTHD_3s,FireLimit,1
BulletParam_0031_01_actULTHD_3s,CharacterCollisionSize,200
BulletParam_0031_01_actULTHD_3s,EnergyBullectCollisionPriority,300
BulletParam_0031_01_actULTHD_3s,HomingAngleLimitAtStart,360
BulletParam_0031_01_actULTHD_3s,ArmorBreakLevel,ブラスト
BulletParam_0031_01_actULTHD_3s,bImpossibleReflect,true
BulletParam_0031_01_actULTHD_3s,bImpossibleAbsorption,true
BulletParam_0031_01_actULTHD_3s,bFinishAtOwnerDamage,true
BulletParam_0031_01_actULTHD_3s,bAvoidHistep,true
BulletParam_0031_01_actULTHD_3s,bBuffAvoidable,true
BulletParam_0031_01_actULTHD_3s,ReduceZSearchEffectTime,5
BulletParam_0032_31_actSPM_BEAM_pen,Power,1340
BulletParam_0032_31_actSPM_BEAM_pen,Shave,536
BulletParam_0032_31_actSPM_BEAM_pen,BeamPower,5360
BulletParam_0032_31_actSPM_BEAM_pen,BeamShave,1340
BulletParam_0032_31_actSPM_BEAM_pen,LifeSpan,2.4
BulletParam_0032_31_actSPM_BEAM_pen,LifeSpanAfterPassedTarget,0.35
BulletParam_0032_31_actSPM_BEAM_pen,FireLimit,1
BulletParam_0032_31_actSPM_BEAM_pen,CharacterCollisionSize,40
BulletParam_0032_31_actSPM_BEAM_pen,CharacterFirstHitType,ESSBulletCharacterFirstHitType::TraceMultiHit
BulletParam_0032_31_actSPM_BEAM_pen,CollisionRevibeNum,4
BulletParam_0032_31_actSPM_BEAM_pen,CollisionRevibeSpan,0.12
BulletParam_0032_31_actSPM_BEAM_pen,CharacterLastHitType,ESSBulletCharacterLastHitType::Penerate
BulletParam_0032_31_actSPM_BEAM_pen,GeometryCollisionSize,10
BulletParam_0032_31_actSPM_BEAM_pen,ClashCollisionSize,40
BulletParam_0032_31_actSPM_BEAM_pen,EnergyBullectCollisionPriority,200
BulletParam_0032_31_actSPM_BEAM_pen,EnergyBullectCollisionPriorityInBeam,100
BulletParam_0032_31_actSPM_BEAM_pen,bOverrideBeamCollisionSize,true
BulletParam_0032_31_actSPM_BEAM_pen,BeamCollisionSize,40
BulletParam_0032_31_actSPM_BEAM_pen,HomingAngleLimitAtStart,360
BulletParam_0032_31_actSPM_BEAM_pen,bRootFollowsStartPosition,true
BulletParam_0032_31_actSPM_BEAM_pen,MoveParam.HomingEndTime,0.1
BulletParam_0032_31_actSPM_BEAM_pen,bDamageCostumeEnable,true
BulletParam_0032_31_actSPM_BEAM_pen,bDamageCostumeLastHitOnly,true
BulletParam_0032_31_actSPM_BEAM_pen,bScratchCostumeEnable,true
BulletParam_0032_31_actSPM_BEAM_pen,ArmorBreakLevel,ブラスト
BulletParam_0032_31_actSPM_BEAM_pen,bImpossibleReflect,true
BulletParam_0032_31_actSPM_BEAM_pen,bImpossibleAbsorption,true
BulletParam_0032_31_actSPM_BEAM_pen,bFinishAtOwnerDamage,true
BulletParam_0032_31_actSPM_BEAM_pen,bAvoidHistep,true
BulletParam_0032_31_actSPM_BEAM_pen,bBuffAvoidable,true
BulletParam_0032_31_actSPM_BEAM_pen,DestructionFieldScale,0.4
BulletParam_0040_00_actULT_BEAM_pen,Power,2000
BulletParam_0040_00_actULT_BEAM_pen,Shave,800
BulletParam_0040_00_actULT_BEAM_pen,BeamPower,9600
BulletParam_0040_00_actULT_BEAM_pen,BeamShave,3840
BulletParam_0040_00_actULT_BEAM_pen,LifeSpan,2
BulletParam_0040_00_actULT_BEAM_pen,FireLimit,1
BulletParam_0040_00_actULT_BEAM_pen,CharacterFirstHitType,ESSBulletCharacterFirstHitType::TraceMultiHit
BulletParam_0040_00_actULT_BEAM_pen,CollisionRevibeNum,5
BulletParam_0040_00_actULT_BEAM_pen,CollisionRevibeSpan,0.2
BulletParam_0040_00_actULT_BEAM_pen,CharacterLastHitType,ESSBulletCharacterLastHitType::Penerate
BulletParam_0040_00_actULT_BEAM_pen,bIgnoreHitBehindAttackChara,true
BulletParam_0040_00_actULT_BEAM_pen,EnergyBullectCollisionPriority,300
BulletParam_0040_00_actULT_BEAM_pen,EnergyBullectCollisionPriorityInBeam,150
BulletParam_0040_00_actULT_BEAM_pen,HomingAngleLimitAtStart,360
BulletParam_0040_00_actULT_BEAM_pen,bRootFollowsStartPosition,true
BulletParam_0040_00_actULT_BEAM_pen,MoveParam.HomingRandamScale.Min,0
BulletParam_0040_00_actULT_BEAM_pen,MoveParam.HomingRandamScale.Max,0
BulletParam_0040_00_actULT_BEAM_pen,bDamageCostumeEnable,true
BulletParam_0040_00_actULT_BEAM_pen,bDamageCostumeLastHitOnly,true
BulletParam_0040_00_actULT_BEAM_pen,bDamageCostumeWreck,true
BulletParam_0040_00_actULT_BEAM_pen,bScratchCostumeEnable,true
BulletParam_0040_00_actULT_BEAM_pen,ArmorBreakLevel,ブラスト
BulletParam_0040_00_actULT_BEAM_pen,bImpossibleReflect,true
BulletParam_0040_00_actULT_BEAM_pen,bImpossibleAbsorption,true
BulletParam_0040_00_actULT_BEAM_pen,bFinishAtOwnerDamage,true
BulletParam_0040_00_actULT_BEAM_pen,bAvoidHistep,true
BulletParam_0040_00_actULT_BEAM_pen,bBuffAvoidable,true
BulletParam_0040_00_actULT_BEAM_pen,DestructionFieldScale,0.4
BulletParam_0040_00_actULT_BEAM_pen,bReduceZSearchAfterHit,true
BulletParam_0040_00_actULT_BEAM_pen,ReduceZSearchEffectTime,0.9
BulletParam_0040_10_actSPM_BEAM_pen,Power,815
BulletParam_0040_10_actSPM_BEAM_pen,Shave,326
BulletParam_0040_10_actSPM_BEAM_pen,BeamPower,4560
BulletParam_0040_10_actSPM_BEAM_pen,BeamShave,1824
BulletParam_0040_10_actSPM_BEAM_pen,LifeSpan,2.4
BulletParam_0040_10_actSPM_BEAM_pen,LifeSpanAfterPassedTarget,0.35
BulletParam_0040_10_actSPM_BEAM_pen,FireLimit,1
BulletParam_0040_10_actSPM_BEAM_pen,CharacterCollisionSize,40
BulletParam_0040_10_actSPM_BEAM_pen,CharacterFirstHitType,ESSBulletCharacterFirstHitType::TraceMultiHit
BulletParam_0040_10_actSPM_BEAM_pen,CollisionRevibeNum,6
BulletParam_0040_10_actSPM_BEAM_pen,CollisionRevibeSpan,0.12
BulletParam_0040_10_actSPM_BEAM_pen,CharacterLastHitType,ESSBulletCharacterLastHitType::Penerate
BulletParam_0040_10_actSPM_BEAM_pen,bIgnoreHitBehindAttackChara,true
BulletParam_0040_10_actSPM_BEAM_pen,GeometryCollisionSize,10
BulletParam_0040_10_actSPM_BEAM_pen,ClashCollisionSize,40
BulletParam_0040_10_actSPM_BEAM_pen,EnergyBullectCollisionPriority,200
BulletParam_0040_10_actSPM_BEAM_pen,EnergyBullectCollisionPriorityInBeam,100
BulletParam_0040_10_actSPM_BEAM_pen,bOverrideBeamCollisionSize,true
BulletParam_0040_10_actSPM_BEAM_pen,BeamCollisionSize,40
BulletParam_0040_10_actSPM_BEAM_pen,HomingAngleLimitAtStart,360
BulletParam_0040_10_actSPM_BEAM_pen,bRootFollowsStartPosition,true
BulletParam_0040_10_actSPM_BEAM_pen,MoveParam.HomingEndTime,0.1
BulletParam_0040_10_actSPM_BEAM_pen,bDamageCostumeEnable,true
BulletParam_0040_10_actSPM_BEAM_pen,bDamageCostumeLastHitOnly,true
BulletParam_0040_10_actSPM_BEAM_pen,bScratchCostumeEnable,true
BulletParam_0040_10_actSPM_BEAM_pen,ArmorBreakLevel,ブラスト
BulletParam_0040_10_actSPM_BEAM_pen,bImpossibleReflect,true
BulletParam_0040_10_actSPM_BEAM_pen,bImpossibleAbsorption,true
BulletParam_0040_10_actSPM_BEAM_pen,bFinishAtOwnerDamage,true
BulletParam_0040_10_actSPM_BEAM_pen,bAvoidHistep,true
BulletParam_0040_10_actSPM_BEAM_pen,bBuffAvoidable,true
BulletParam_0040_10_actSPM_BEAM_pen,DestructionFieldScale,0.4
BulletParam_0040_10_actULTHD_3s,Power,500
BulletParam_0040_10_actULTHD_3s,Shave,125
BulletParam_0040_10_actULTHD_3s,BeamPower,400
BulletParam_0040_10_actULTHD_3s,BeamShave,100
BulletParam_0040_10_actULTHD_3s,LifeSpan,2.4
BulletParam_0040_10_actULTHD_3s,FireLimit,1
BulletParam_0040_10_actULTHD_3s,EnergyBullectCollisionPriority,300
BulletParam_0040_10_actULTHD_3s,HomingAngleLimitAtStart,360
BulletParam_0040_10_actULTHD_3s,ArmorBreakLevel,ブラスト
BulletParam_0040_10_actULTHD_3s,bImpossibleReflect,true
BulletParam_0040_10_actULTHD_3s,bImpossibleAbsorption,true
BulletParam_0040_10_actULTHD_3s,bFinishAtOwnerDamage,true
BulletParam_0040_10_actULTHD_3s,bAvoidHistep,true
BulletParam_0040_10_actULTHD_3s,bBuffAvoidable,true
BulletParam_0040_10_actULTHD_3s,ReduceZSearchEffectTime,5
BulletParam_0050_00_actSPM2_SBM,Power,5700
BulletParam_0050_00_actSPM2_SBM,Shave,1425
BulletParam_0050_00_actSPM2_SBM,BeamPower,4560
BulletParam_0050_00_actSPM2_SBM,BeamShave,1140
BulletParam_0050_00_actSPM2_SBM,LifeSpan,17
BulletParam_0050_00_actSPM2_SBM,GeometryCollisionSize,50
BulletParam_0050_00_actSPM2_SBM,GeometryCollisionRevibeNum,20
BulletParam_0050_00_actSPM2_SBM,GeometryCollisionRevibeSpan,0.033
BulletParam_0050_00_actSPM2_SBM,EnergyBullectCollisionPriority,200
BulletParam_0050_00_actSPM2_SBM,HomingAngleLimitAtStart,360
BulletParam_0050_00_actSPM2_SBM,MoveParam.HomingEndTime,3
BulletParam_0050_00_actSPM2_SBM,bScratchCostumeEnable,true
BulletParam_0050_00_actSPM2_SBM,ArmorBreakLevel,ブラスト
BulletParam_0050_00_actSPM2_SBM,bImpossibleReflect,true
BulletParam_0050_00_actSPM2_SBM,bImpossibleAbsorption,true
BulletParam_0050_00_actSPM2_SBM,bFinishAtOwnerDamage,true
BulletParam_0050_00_actSPM2_SBM,bBuffAvoidable,true
BulletParam_0050_00_actSPM2_SBM_2_A,Power,1900
BulletParam_0050_00_actSPM2_SBM_2_A,Shave,475
BulletParam_0050_00_actSPM2_SBM_2_A,BeamPower,1520
BulletParam_0050_00_actSPM2_SBM_2_A,BeamShave,380
BulletParam_0050_00_actSPM2_SBM_2_A,LifeSpan,1.5
BulletParam_0050_00_actSPM2_SBM_2_A,GeometryCollisionSize,100
BulletParam_0050_00_actSPM2_SBM_2_A,GeometryCollisionRevibeNum,20
BulletParam_0050_00_actSPM2_SBM_2_A,EnergyBullectCollisionPriority,200
BulletParam_0050_00_actSPM2_SBM_2_A,HomingAngleLimitAtStart,360
BulletParam_0050_00_actSPM2_SBM_2_A,TargetPointDiffusionRadius,100
BulletParam_0050_00_actSPM2_SBM_2_A,MoveParam.bHomingAvoidDisable,true
BulletParam_0050_00_actSPM2_SBM_2_A,MoveParam.SwichHomingAvoidDisableTime,0.3
BulletParam_0050_00_actSPM2_SBM_2_A,bScratchCostumeEnable,true
BulletParam_0050_00_actSPM2_SBM_2_A,ArmorBreakLevel,ブラスト
BulletParam_0050_00_actSPM2_SBM_2_A,bImpossibleReflect,true
BulletParam_0050_00_actSPM2_SBM_2_A,bImpossibleAbsorption,true
BulletParam_0050_00_actSPM2_SBM_2_A,bFinishAtOwnerDamage,true
BulletParam_0050_00_actSPM2_SBM_2_A,bAvoidHistep,true
BulletParam_0050_00_actSPM2_SBM_2_A,bBuffAvoidable,true
BulletParam_0050_00_actSPM2_SBM_2_A,DestructionFieldScale,1.5
BulletParam_0050_00_actSPM2_SBM_2_B,Power,1900
BulletParam_0050_00_actSPM2_SBM_2_B,Shave,475
BulletParam_0050_00_actSPM2_SBM_2_B,BeamPower,1520
BulletParam_0050_00_actSPM2_SBM_2_B,BeamShave,380
BulletParam_0050_00_actSPM2_SBM_2_B,LifeSpan,1.5
BulletParam_0050_00_actSPM2_SBM_2_B,GeometryCollisionSize,100
BulletParam_0050_00_actSPM2_SBM_2_B,GeometryCollisionRevibeNum,20
BulletParam_0050_00_actSPM2_SBM_2_B,EnergyBullectCollisionPriority,200
BulletParam_0050_00_actSPM2_SBM_2_B,HomingAngleLimitAtStart,360
BulletParam_0050_00_actSPM2_SBM_2_B,TargetPointDiffusionRadius,1000
BulletParam_0050_00_actSPM2_SBM_2_B,MoveParam.SpeedRandamScale.Min,0.25
BulletParam_0050_00_actSPM2_SBM_2_B,MoveParam.bHomingAvoidDisable,true
BulletParam_0050_00_actSPM2_SBM_2_B,MoveParam.SwichHomingAvoidDisableTime,0.3
BulletParam_0050_00_actSPM2_SBM_2_B,bScratchCostumeEnable,true
BulletParam_0050_00_actSPM2_SBM_2_B,ArmorBreakLevel,ブラスト
BulletParam_0050_00_actSPM2_SBM_2_B,bImpossibleReflect,true
BulletParam_0050_00_actSPM2_SBM_2_B,bImpossibleAbsorption,true
BulletParam_0050_00_actSPM2_SBM_2_B,bFinishAtOwnerDamage,true
BulletParam_0050_00_actSPM2_SBM_2_B,bAvoidHistep,true
BulletParam_0050_00_actSPM2_SBM_2_B,bBuffAvoidable,true
BulletParam_0050_00_actSPM2_SBM_2_B,DestructionFieldScale,1.5
BulletParam_0050_00_actULT_SRPSI,Power,1000
BulletParam_0050_00_actULT_SRPSI,Shave,1500
BulletParam_0050_00_actULT_SRPSI,BeamPower,1000
BulletParam_0050_00_actULT_SRPSI,BeamShave,1500
BulletParam_0050_00_actULT_SRPSI,LifeSpan,2
BulletParam_0050_00_actULT_SRPSI,CharacterCollisionSize,1
BulletParam_0050_00_actULT_SRPSI,GeometryCollisionSize,0.25
BulletParam_0050_00_actULT_SRPSI,GeometryFirstHitType,ESSBulletGeometryFirstHitType::PenerateMultiHit
BulletParam_0050_00_actULT_SRPSI,GeometryCollisionRevibeNum,20
BulletParam_0050_00_actULT_SRPSI,GeometryCollisionRevibeSpan,0.033
BulletParam_0050_00_actULT_SRPSI,bLastHitAtIndestructibleGeometry,true
BulletParam_0050_00_actULT_SRPSI,ClashCollisionSize,0.8
BulletParam_0050_00_actULT_SRPSI,EnergyBullectCollisionPriority,300
BulletParam_0050_00_actULT_SRPSI,HomingAngleLimitAtStart,160
BulletParam_0050_00_actULT_SRPSI,MoveParam.HomingEndTime,7
BulletParam_0050_00_actULT_SRPSI,ArmorBreakLevel,ブラスト
BulletParam_0050_00_actULT_SRPSI,bImpossibleGuard,true
BulletParam_0050_00_actULT_SRPSI,bImpossibleReflect,true
BulletParam_0050_00_actULT_SRPSI,bImpossibleAbsorption,true
BulletParam_0050_00_actULT_SRPSI,bFinishAtOwnerDamage,true
BulletParam_0050_00_actULT_SRPSI,bAvoidHistep,true
BulletParam_0050_00_actULT_SRPSI,bBuffAvoidable,true
BulletParam_0050_00_actULT_SRPSI,DestructionFieldScale,1.5
BulletParam_0050_00_actULT_SRPSI,ReduceZSearchEffectTime,5
BulletParam_0050_00_actULT_SRPSI,SelfDamagePower,3000
BulletParam_0070_00_actSPM2,Power,5700
BulletParam_0070_00_actSPM2,Shave,1425
BulletParam_0070_00_actSPM2,BeamPower,4560
BulletParam_0070_00_actSPM2,BeamShave,1140
BulletParam_0070_00_actSPM2,LifeSpan,2
BulletParam_0070_00_actSPM2,FireLimit,1
BulletParam_0070_00_actSPM2,CharacterCollisionSize,220
BulletParam_0070_00_actSPM2,CollisionRevibeNum,2
BulletParam_0070_00_actSPM2,CollisionRevibeSpan,0.1
BulletParam_0070_00_actSPM2,EnergyBullectCollisionPriority,200
BulletParam_0070_00_actSPM2,HomingAngleLimitAtStart,360
BulletParam_0070_00_actSPM2,bDamageCostumeEnable,true
BulletParam_0070_00_actSPM2,bDamageCostumeLastHitOnly,true
BulletParam_0070_00_actSPM2,bScratchCostumeEnable,true
BulletParam_0070_00_actSPM2,ArmorBreakLevel,ブラスト
BulletParam_0070_00_actSPM2,bImpossibleReflect,true
BulletParam_0070_00_actSPM2,bImpossibleAbsorption,true
BulletParam_0070_00_actSPM2,bAvoidHistep,true
BulletParam_0070_00_actSPM2,bBuffAvoidable,true
BulletParam_0070_00_actULT_BULLET,Power,3000
BulletParam_0070_00_actULT_BULLET,Shave,800
BulletParam_0070_00_actULT_BULLET,BeamPower,0
BulletParam_0070_00_actULT_BULLET,BeamShave,0
BulletParam_0070_00_actULT_BULLET,LifeSpan,1.2
BulletParam_0070_00_actULT_BULLET,FireLimit,1
BulletParam_0070_00_actULT_BULLET,CharacterCollisionSize,200
BulletParam_0070_00_actULT_BULLET,EnergyBullectCollisionPriority,300
BulletParam_0070_00_actULT_BULLET,HomingAngleLimitAtStart,360
BulletParam_0070_00_actULT_BULLET,bDamageCostumeEnable,true
BulletParam_0070_00_actULT_BULLET,bDamageCostumeLastHitOnly,true
BulletParam_0070_00_actULT_BULLET,bDamageCostumeWreck,true
BulletParam_0070_00_actULT_BULLET,bScratchCostumeEnable,true
BulletParam_0070_00_actULT_BULLET,ArmorBreakLevel,ブラスト
BulletParam_0070_00_actULT_BULLET,bImpossibleReflect,true
BulletParam_0070_00_actULT_BULLET,bImpossibleAbsorption,true
BulletParam_0070_00_actULT_BULLET,bAvoidHistep,true
BulletParam_0070_00_actULT_BULLET,bBuffAvoidable,true
BulletParam_0070_00_actULT_BULLET,bReduceZSearchAfterHit,true
BulletParam_0070_00_actULT_BULLET,ReduceZSearchEffectTime,0.9
BulletParam_0070_00_actULT_BULLET,bReceiveSelfDamage,true
BulletParam_0070_00_actULT_BULLET,SelfDamagePower,2000
BulletParam_0080_00_actULT,Power,0
BulletParam_0080_00_actULT,Shave,0
BulletParam_0080_00_actULT,BeamPower,0
BulletParam_0080_00_actULT,BeamShave,0
BulletParam_0080_00_actULT,LifeSpan,2.4
BulletParam_0080_00_actULT,FireLimit,1
BulletParam_0080_00_actULT,CharacterCollisionSize,125
BulletParam_0080_00_actULT,CharacterLastHitType,ESSBulletCharacterLastHitType::Destroy
BulletParam_0080_00_actULT,GeometryFirstHitType,ESSBulletGeometryFirstHitType::PenerateMultiHit
BulletParam_0080_00_actULT,GeometryCollisionRevibeNum,20
BulletParam_0080_00_actULT,GeometryCollisionRevibeSpan,0.033
BulletParam_0080_00_actULT,bLastHitAtIndestructibleGeometry,true
BulletParam_0080_00_actULT,EnergyBullectCollisionPriority,300
BulletParam_0080_00_actULT,HomingAngleLimitAtStart,360
BulletParam_0080_00_actULT,MoveParam.SpeedRandamScale.Min,0.75
BulletParam_0080_00_actULT,ArmorBreakLevel,ブラスト
BulletParam_0080_00_actULT,bImpossibleReflect,true
BulletParam_0080_00_actULT,bImpossibleAbsorption,true
BulletParam_0080_00_actULT,bFinishAtOwnerDamage,true
BulletParam_0080_00_actULT,bAvoidHistep,true
BulletParam_0080_00_actULT,bBuffAvoidable,true
BulletParam_0080_00_actULT,DestructionFieldScale,0.5
BulletParam_0080_00_actULT,bReduceZSearchAfterHit,true
BulletParam_0080_00_actULT,ReduceZSearchEffectTime,0.9
BulletParam_0080_30_actSPM2,Power,0
BulletParam_0080_30_actSPM2,Shave,0
BulletParam_0080_30_actSPM2,BeamPower,0
BulletParam_0080_30_actSPM2,BeamShave,0
BulletParam_0080_30_actSPM2,LifeSpan,2.4
BulletParam_0080_30_actSPM2,FireLimit,1
BulletParam_0080_30_actSPM2,CharacterLastHitType,ESSBulletCharacterLastHitType::Destroy
BulletParam_0080_30_actSPM2,EnergyBullectCollisionPriority,200
BulletParam_0080_30_actSPM2,HomingAngleLimitAtStart,360
BulletParam_0080_30_actSPM2,MoveParam.SpeedRandamScale.Min,0.7
BulletParam_0080_30_actSPM2,MoveParam.HomingRandamScale.Min,0.7
BulletParam_0080_30_actSPM2,ArmorBreakLevel,ブラスト
BulletParam_0080_30_actSPM2,bImpossibleReflect,true
BulletParam_0080_30_actSPM2,bImpossibleAbsorption,true
BulletParam_0080_30_actSPM2,bFinishAtOwnerDamage,true
BulletParam_0080_30_actSPM2,bAvoidHistep,true
BulletParam_0080_30_actSPM2,bBuffAvoidable,true
BulletParam_0080_30_actSPM2,DestructionFieldScale,0.5
BulletParam_0080_30_actSPM2,bReduceZSearchAfterHit,true
BulletParam_0080_30_actSPM2,ReduceZSearchEffectTime,0.9
BulletParam_0080_31_actSPM2_BEAM_bi,Power,1710
BulletParam_0080_31_actSPM2_BEAM_bi,Shave,285
BulletParam_0080_31_actSPM2_BEAM_bi,BeamPower,4560
BulletParam_0080_31_actSPM2_BEAM_bi,BeamShave,1140
BulletParam_0080_31_actSPM2_BEAM_bi,LifeSpan,2
BulletParam_0080_31_actSPM2_BEAM_bi,FireLimit,1
BulletParam_0080_31_actSPM2_BEAM_bi,CharacterCollisionSize,180
BulletParam_0080_31_actSPM2_BEAM_bi,CharacterFirstHitType,ESSBulletCharacterFirstHitType::TraceMultiHit
BulletParam_0080_31_actSPM2_BEAM_bi,CollisionRevibeNum,4
BulletParam_0080_31_actSPM2_BEAM_bi,CollisionRevibeSpan,0.083333
BulletParam_0080_31_actSPM2_BEAM_bi,GeometryFirstHitType,ESSBulletGeometryFirstHitType::StopMultiHit
BulletParam_0080_31_actSPM2_BEAM_bi,GeometryCollisionRevibeNum,5
BulletParam_0080_31_actSPM2_BEAM_bi,GeometryCollisionRevibeSpan,0.033
BulletParam_0080_31_actSPM2_BEAM_bi,EnergyBullectCollisionPriority,200
BulletParam_0080_31_actSPM2_BEAM_bi,EnergyBullectCollisionPriorityInBeam,100
BulletParam_0080_31_actSPM2_BEAM_bi,HomingAngleLimitAtStart,0
BulletParam_0080_31_actSPM2_BEAM_bi,bRootFollowsStartPosition,true
BulletParam_0080_31_actSPM2_BEAM_bi,bDamageCostumeEnable,true
BulletParam_0080_31_actSPM2_BEAM_bi,bDamageCostumeLastHitOnly,true
BulletParam_0080_31_actSPM2_BEAM_bi,bScratchCostumeEnable,true
BulletParam_0080_31_actSPM2_BEAM_bi,ArmorBreakLevel,ブラスト
BulletParam_0080_31_actSPM2_BEAM_bi,bImpossibleReflect,true
BulletParam_0080_31_actSPM2_BEAM_bi,bImpossibleAbsorption,true
BulletParam_0080_31_actSPM2_BEAM_bi,bFinishAtOwnerDamage,true
BulletParam_0080_31_actSPM2_BEAM_bi,bAvoidHistep,true
BulletParam_0080_31_actSPM2_BEAM_bi,bBuffAvoidable,true
BulletParam_0081_20_actSPM1_BULLET_bi_Top,Power,7125
BulletParam_0081_20_actSPM1_BULLET_bi_Top,Shave,1140
BulletParam_0081_20_actSPM1_BULLET_bi_Top,BeamPower,5700
BulletParam_0081_20_actSPM1_BULLET_bi_Top,BeamShave,1140
BulletParam_0081_20_actSPM1_BULLET_bi_Top,LifeSpan,1.8
BulletParam_0081_20_actSPM1_BULLET_bi_Top,FireLimit,1
BulletParam_0081_20_actSPM1_BULLET_bi_Top,CharacterCollisionSize,75
BulletParam_0081_20_actSPM1_BULLET_bi_Top,CollisionRevibeNum,11
BulletParam_0081_20_actSPM1_BULLET_bi_Top,CollisionRevibeSpan,0.1
BulletParam_0081_20_actSPM1_BULLET_bi_Top,ClashCollisionSize,50
BulletParam_0081_20_actSPM1_BULLET_bi_Top,EnergyBullectCollisionPriority,200
BulletParam_0081_20_actSPM1_BULLET_bi_Top,HomingAngleLimitAtStart,360
BulletParam_0081_20_actSPM1_BULLET_bi_Top,bDamageCostumeEnable,true
BulletParam_0081_20_actSPM1_BULLET_bi_Top,bDamageCostumeLastHitOnly,true
BulletParam_0081_20_actSPM1_BULLET_bi_Top,bScratchCostumeEnable,true
BulletParam_0081_20_actSPM1_BULLET_bi_Top,ArmorBreakLevel,ブラスト
BulletParam_0081_20_actSPM1_BULLET_bi_Top,bImpossibleReflect,true
BulletParam_0081_20_actSPM1_BULLET_bi_Top,bImpossibleAbsorption,true
BulletParam_0081_20_actSPM1_BULLET_bi_Top,bAvoidHistep,true
BulletParam_0081_20_actSPM1_BULLET_bi_Top,bBuffAvoidable,true
BulletParam_0081_20_actSPM1_BULLET_bi_Top,bIgnoreActionTarget,true
BulletParam_0100_01_actSPM2_SSG,Power,1640
BulletParam_0100_01_actSPM2_SSG,Shave,335
BulletParam_0100_01_actSPM2_SSG,BeamPower,5360
BulletParam_0100_01_actSPM2_SSG,BeamShave,1340
BulletParam_0100_01_actSPM2_SSG,LifeSpan,2
BulletParam_0100_01_actSPM2_SSG,FireLimit,1
BulletParam_0100_01_actSPM2_SSG,CharacterFirstHitType,ESSBulletCharacterFirstHitType::TraceMultiHit
BulletParam_0100_01_actSPM2_SSG,CollisionRevibeNum,4
BulletParam_0100_01_actSPM2_SSG,CollisionRevibeSpan,0.083333
BulletParam_0100_01_actSPM2_SSG,GeometryFirstHitType,ESSBulletGeometryFirstHitType::StopMultiHit
BulletParam_0100_01_actSPM2_SSG,GeometryCollisionRevibeNum,5
BulletParam_0100_01_actSPM2_SSG,GeometryCollisionRevibeSpan,0.033
BulletParam_0100_01_actSPM2_SSG,EnergyBullectCollisionPriority,200
BulletParam_0100_01_actSPM2_SSG,EnergyBullectCollisionPriorityInBeam,100
BulletParam_0100_01_actSPM2_SSG,HomingAngleLimitAtStart,0
BulletParam_0100_01_actSPM2_SSG,bRootFollowsStartPosition,true
BulletParam_0100_01_actSPM2_SSG,bDamageCostumeEnable,true
BulletParam_0100_01_actSPM2_SSG,bDamageCostumeLastHitOnly,true
BulletParam_0100_01_actSPM2_SSG,bScratchCostumeEnable,true
BulletParam_0100_01_actSPM2_SSG,ArmorBreakLevel,ブラスト
BulletParam_0100_01_actSPM2_SSG,bImpossibleReflect,true
BulletParam_0100_01_actSPM2_SSG,bImpossibleAbsorption,true
BulletParam_0100_01_actSPM2_SSG,bFinishAtOwnerDamage,true
BulletParam_0100_01_actSPM2_SSG,bAvoidHistep,true
BulletParam_0100_01_actSPM2_SSG,bBuffAvoidable,true
BulletParam_0110_02_actSPM_SSG,Power,1140
BulletParam_0110_02_actSPM_SSG,Shave,285
BulletParam_0110_02_actSPM_SSG,BeamPower,4560
BulletParam_0110_02_actSPM_SSG,BeamShave,1140
BulletParam_0110_02_actSPM_SSG,LifeSpan,2
BulletParam_0110_02_actSPM_SSG,FireLimit,1
BulletParam_0110_02_actSPM_SSG,CharacterFirstHitType,ESSBulletCharacterFirstHitType::TraceMultiHit
BulletParam_0110_02_actSPM_SSG,CollisionRevibeNum,4
BulletParam_0110_02_actSPM_SSG,CollisionRevibeSpan,0.083333
BulletParam_0110_02_actSPM_SSG,GeometryFirstHitType,ESSBulletGeometryFirstHitType::StopMultiHit
BulletParam_0110_02_actSPM_SSG,GeometryCollisionRevibeNum,5
BulletParam_0110_02_actSPM_SSG,GeometryCollisionRevibeSpan,0.033
BulletParam_0110_02_actSPM_SSG,EnergyBullectCollisionPriority,200
BulletParam_0110_02_actSPM_SSG,EnergyBullectCollisionPriorityInBeam,100
BulletParam_0110_02_actSPM_SSG,HomingAngleLimitAtStart,0
BulletParam_0110_02_actSPM_SSG,bRootFollowsStartPosition,true
BulletParam_0110_02_actSPM_SSG,bDamageCostumeEnable,true
BulletParam_0110_02_actSPM_SSG,bDamageCostumeLastHitOnly,true
BulletParam_0110_02_actSPM_SSG,bScratchCostumeEnable,true
BulletParam_0110_02_actSPM_SSG,ArmorBreakLevel,ブラスト
BulletParam_0110_02_actSPM_SSG,bImpossibleReflect,true
BulletParam_0110_02_actSPM_SSG,bImpossibleAbsorption,true
BulletParam_0110_02_actSPM_SSG,bFinishAtOwnerDamage,true
BulletParam_0110_02_actSPM_SSG,bAvoidHistep,true
BulletParam_0110_02_actSPM_SSG,bBuffAvoidable,true
BulletParam_0110_03_actEXA2,Power,750
BulletParam_0110_03_actEXA2,Shave,188
BulletParam_0110_03_actEXA2,BeamPower,750
BulletParam_0110_03_actEXA2,BeamShave,250
BulletParam_0110_03_actEXA2,LifeSpan,1
BulletParam_0110_03_actEXA2,bCanLifeSpanEndInMultiHit,true
BulletParam_0110_03_actEXA2,CharacterCollisionSize,0
BulletParam_0110_03_actEXA2,CollisionRevibeNum,5
BulletParam_0110_03_actEXA2,CollisionRevibeSpan,0.2
BulletParam_0110_03_actEXA2,CharacterLastHitType,ESSBulletCharacterLastHitType::Penerate
BulletParam_0110_03_actEXA2,GeometryCollisionSize,0
BulletParam_0110_03_actEXA2,GeometryLastHitType,ESSBulletGeometryLastHitType::Penerate
BulletParam_0110_03_actEXA2,ClashCollisionSize,1
BulletParam_0110_03_actEXA2,EnergyBullectCollisionPriority,-1
BulletParam_0110_03_actEXA2,HomingAngleLimitAtStart,360
BulletParam_0110_03_actEXA2,SplitHeight,-150
BulletParam_0110_03_actEXA2,ArmorBreakLevel,ブラスト
BulletParam_0110_03_actEXA2,bImpossibleReflect,true
BulletParam_0110_03_actEXA2,bImpossibleAbsorption,true
BulletParam_0110_03_actEXA2,bFinishAtOwnerDamage,true
BulletParam_0110_03_actEXA2,bEnergyBullectCollisionInvincible,true
BulletParam_0110_03_actEXA2,bIsSpecialShield,true
BulletParam_0110_03_actEXA2,bBuffAvoidable,true
BulletParam_0110_03_actEXA2,DestructionFieldScale,6
BulletParam_0110_03_actEXA2_Counter,Power,1000
BulletParam_0110_03_actEXA2_Counter,Shave,250
BulletParam_0110_03_actEXA2_Counter,BeamPower,800
BulletParam_0110_03_actEXA2_Counter,BeamShave,200
BulletParam_0110_03_actEXA2_Counter,RepelSkillGaugeGain,0.05
BulletParam_0110_03_actEXA2_Counter,LifeSpan,1.2
BulletParam_0110_03_actEXA2_Counter,CharacterCollisionSize,40
BulletParam_0110_03_actEXA2_Counter,GeometryCollisionSize,15
BulletParam_0110_03_actEXA2_Counter,ClashCollisionSize,40
BulletParam_0110_03_actEXA2_Counter,EnergyBullectCollisionPriority,300
BulletParam_0110_03_actEXA2_Counter,HomingAngleLimitAtStart,360
BulletParam_0110_03_actEXA2_Counter,ArmorBreakLevel,ブラスト
BulletParam_0110_03_actEXA2_Counter,bImpossibleReflect,true
BulletParam_0110_03_actEXA2_Counter,bImpossibleAbsorption,true
BulletParam_0110_03_actEXA2_Counter,bEnergyBullectCollisionInvincible,true
BulletParam_0110_03_actEXA2_Counter,bAvoidHistep,true
BulletParam_0110_03_actEXA2_Counter,bBuffAvoidable,true
BulletParam_0110_03_actEXA2_Counter,bIgnoreActionTarget,true
BulletParam_0110_03_actSPM1,Power,5700
BulletParam_0110_03_actSPM1,Shave,1425
BulletParam_0110_03_actSPM1,BeamPower,4560
BulletParam_0110_03_actSPM1,BeamShave,1140
BulletParam_0110_03_actSPM1,LifeSpan,3
BulletParam_0110_03_actSPM1,FireLimit,1
BulletParam_0110_03_actSPM1,CharacterCollisionSize,180
BulletParam_0110_03_actSPM1,CollisionRevibeNum,2
BulletParam_0110_03_actSPM1,CollisionRevibeSpan,0.1
BulletParam_0110_03_actSPM1,EnergyBullectCollisionPriority,200
BulletParam_0110_03_actSPM1,HomingAngleLimitAtStart,360
BulletParam_0110_03_actSPM1,bDamageCostumeEnable,true
BulletParam_0110_03_actSPM1,bDamageCostumeLastHitOnly,true
BulletParam_0110_03_actSPM1,bScratchCostumeEnable,true
BulletParam_0110_03_actSPM1,ArmorBreakLevel,ブラスト
BulletParam_0110_03_actSPM1,bImpossibleReflect,true
BulletParam_0110_03_actSPM1,bImpossibleAbsorption,true
BulletParam_0110_03_actSPM1,bAvoidHistep,true
BulletParam_0110_03_actSPM1,bBuffAvoidable,true
BulletParam_0110_03_actSPM1,DestructionFieldScale,2
BulletParam_0120_01_actULTSI_BLT_unblockable,Power,2000
BulletParam_0120_01_actULTSI_BLT_unblockable,Shave,212
BulletParam_0120_01_actULTSI_BLT_unblockable,BeamPower,1600
BulletParam_0120_01_actULTSI_BLT_unblockable,LifeSpan,2.6
BulletParam_0120_01_actULTSI_BLT_unblockable,FireLimit,1
BulletParam_0120_01_actULTSI_BLT_unblockable,GeometryCollisionSize,30
BulletParam_0120_01_actULTSI_BLT_unblockable,ClashCollisionSize,60
BulletParam_0120_01_actULTSI_BLT_unblockable,EnergyBullectCollisionPriority,300
BulletParam_0120_01_actULTSI_BLT_unblockable,HomingAngleLimitAtStart,360
BulletParam_0120_01_actULTSI_BLT_unblockable,TargetPointDiffusionRadius,50
BulletParam_0120_01_actULTSI_BLT_unblockable,MoveParam.SpeedRandamScale.Min,0.7
BulletParam_0120_01_actULTSI_BLT_unblockable,bDamageCostumeEnable,true
BulletParam_0120_01_actULTSI_BLT_unblockable,bDamageCostumeLastHitOnly,true
BulletParam_0120_01_actULTSI_BLT_unblockable,bDamageCostumeWreck,true
BulletParam_0120_01_actULTSI_BLT_unblockable,bScratchCostumeEnable,true
BulletParam_0120_01_actULTSI_BLT_unblockable,ArmorBreakLevel,ブラスト
BulletParam_0120_01_actULTSI_BLT_unblockable,bImpossibleGuard,true
BulletParam_0120_01_actULTSI_BLT_unblockable,bImpossibleReflect,true
BulletParam_0120_01_actULTSI_BLT_unblockable,bImpossibleAbsorption,true
BulletParam_0120_01_actULTSI_BLT_unblockable,bAvoidHistep,true
BulletParam_0120_01_actULTSI_BLT_unblockable,bBuffAvoidable,true
BulletParam_0120_01_actULTSI_BLT_unblockable,bIgnoreActionTarget,true
BulletParam_0120_01_actULTSI_BLT_unblockable,bReduceZSearchAfterHit,true
BulletParam_0120_01_actULTSI_BLT_unblockable,ReduceZSearchEffectTime,0.9
BulletParam_0140_00_actSPM2_HD_BEAM_sh,Power,0
BulletParam_0140_00_actSPM2_HD_BEAM_sh,Shave,0
BulletParam_0140_00_actSPM2_HD_BEAM_sh,BeamPower,0
BulletParam_0140_00_actSPM2_HD_BEAM_sh,LifeSpan,0.8
BulletParam_0140_00_actSPM2_HD_BEAM_sh,CharacterCollisionSize,75
BulletParam_0140_00_actSPM2_HD_BEAM_sh,CharacterFirstHitType,ESSBulletCharacterFirstHitType::TraceMultiHit
BulletParam_0140_00_actSPM2_HD_BEAM_sh,CollisionRevibeNum,4
BulletParam_0140_00_actSPM2_HD_BEAM_sh,CollisionRevibeSpan,0.083333
BulletParam_0140_00_actSPM2_HD_BEAM_sh,GeometryCollisionSize,20
BulletParam_0140_00_actSPM2_HD_BEAM_sh,GeometryFirstHitType,ESSBulletGeometryFirstHitType::StopMultiHit
BulletParam_0140_00_actSPM2_HD_BEAM_sh,GeometryCollisionRevibeNum,5
BulletParam_0140_00_actSPM2_HD_BEAM_sh,GeometryCollisionRevibeSpan,0.033
BulletParam_0140_00_actSPM2_HD_BEAM_sh,ClashCollisionSize,75
BulletParam_0140_00_actSPM2_HD_BEAM_sh,EnergyBullectCollisionPriority,200
BulletParam_0140_00_actSPM2_HD_BEAM_sh,HomingAngleLimitAtStart,360
BulletParam_0140_00_actSPM2_HD_BEAM_sh,bRootFollowsStartPosition,true
BulletParam_0140_00_actSPM2_HD_BEAM_sh,ArmorBreakLevel,ブラスト
BulletParam_0140_00_actSPM2_HD_BEAM_sh,bImpossibleReflect,true
BulletParam_0140_00_actSPM2_HD_BEAM_sh,bImpossibleAbsorption,true
BulletParam_0140_00_actSPM2_HD_BEAM_sh,bAvoidHistep,true
BulletParam_0140_00_actSPM2_HD_BEAM_sh,bBuffAvoidable,true
BulletParam_0140_00_actSPM2_HD_BEAM_sh,DestructionFieldScale,0.4
BulletParam_0153_00_actULT_BULLET_L500,Power,2875
BulletParam_0153_00_actULT_BULLET_L500,Shave,575
BulletParam_0153_00_actULT_BULLET_L500,BeamPower,2300
BulletParam_0153_00_actULT_BULLET_L500,BeamShave,460
BulletParam_0153_00_actULT_BULLET_L500,LifeSpan,2.4
BulletParam_0153_00_actULT_BULLET_L500,FireLimit,1
BulletParam_0153_00_actULT_BULLET_L500,CharacterCollisionSize,500
BulletParam_0153_00_actULT_BULLET_L500,CharacterFirstHitType,ESSBulletCharacterFirstHitType::TraceMultiHit
BulletParam_0153_00_actULT_BULLET_L500,CollisionRevibeNum,3
BulletParam_0153_00_actULT_BULLET_L500,CollisionRevibeSpan,0.1
BulletParam_0153_00_actULT_BULLET_L500,GeometryCollisionSize,200
BulletParam_0153_00_actULT_BULLET_L500,ClashCollisionSize,440
BulletParam_0153_00_actULT_BULLET_L500,EnergyBullectCollisionPriority,300
BulletParam_0153_00_actULT_BULLET_L500,HomingAngleLimitAtStart,360
BulletParam_0153_00_actULT_BULLET_L500,bDamageCostumeEnable,true
BulletParam_0153_00_actULT_BULLET_L500,bDamageCostumeLastHitOnly,true
BulletParam_0153_00_actULT_BULLET_L500,bDamageCostumeWreck,true
BulletParam_0153_00_actULT_BULLET_L500,bScratchCostumeEnable,true
BulletParam_0153_00_actULT_BULLET_L500,ArmorBreakLevel,ブラスト
BulletParam_0153_00_actULT_BULLET_L500,bImpossibleReflect,true
BulletParam_0153_00_actULT_BULLET_L500,bImpossibleAbsorption,true
BulletParam_0153_00_actULT_BULLET_L500,bFinishAtOwnerDamage,true
BulletParam_0153_00_actULT_BULLET_L500,bBlastImpactBulletShift,true
BulletParam_0153_00_actULT_BULLET_L500,bAvoidHistep,true
BulletParam_0153_00_actULT_BULLET_L500,bBuffAvoidable,true
BulletParam_0153_00_actULT_BULLET_L500,DestructionFieldScale,18
BulletParam_0153_00_actULT_BULLET_L500,bReduceZSearchAfterHit,true
BulletParam_0153_00_actULT_BULLET_L500,ReduceZSearchEffectTime,0.9
BulletParam_0154_00_actSPM1_hom,Power,1000
BulletParam_0154_00_actSPM1_hom,Shave,1200
BulletParam_0154_00_actSPM1_hom,BeamPower,1000
BulletParam_0154_00_actSPM1_hom,BeamShave,1200
BulletParam_0154_00_actSPM1_hom,LifeSpan,2.75
BulletParam_0154_00_actSPM1_hom,CharacterCollisionSize,3
BulletParam_0154_00_actSPM1_hom,CharacterFirstHitType,ESSBulletCharacterFirstHitType::TraceMultiHit
BulletParam_0154_00_actSPM1_hom,CollisionRevibeNum,2
BulletParam_0154_00_actSPM1_hom,CollisionRevibeSpan,0.2
BulletParam_0154_00_actSPM1_hom,CharacterLastHitType,ESSBulletCharacterLastHitType::Penerate
BulletParam_0154_00_actSPM1_hom,GeometryCollisionSize,0.5
BulletParam_0154_00_actSPM1_hom,GeometryFirstHitType,ESSBulletGeometryFirstHitType::PenerateMultiHit
BulletParam_0154_00_actSPM1_hom,GeometryCollisionRevibeNum,20
BulletParam_0154_00_actSPM1_hom,GeometryCollisionRevibeSpan,0.033
BulletParam_0154_00_actSPM1_hom,bLastHitAtIndestructibleGeometry,true
BulletParam_0154_00_actSPM1_hom,ClashCollisionSize,1.5
BulletParam_0154_00_actSPM1_hom,EnergyBullectCollisionPriority,100
BulletParam_0154_00_actSPM1_hom,HomingAngleLimitAtStart,160
BulletParam_0154_00_actSPM1_hom,MoveParam.bHomingAvoidDisable,true
BulletParam_0154_00_actSPM1_hom,ArmorBreakLevel,ブラスト
BulletParam_0154_00_actSPM1_hom,bImpossibleGuard,true
BulletParam_0154_00_actSPM1_hom,bImpossibleReflect,true
BulletParam_0154_00_actSPM1_hom,bImpossibleAbsorption,true
BulletParam_0154_00_actSPM1_hom,bAvoidHistep,true
BulletParam_0154_00_actSPM1_hom,bBuffAvoidable,true
BulletParam_0154_00_actSPM1_hom,DestructionFieldScale,1.5
BulletParam_0155_00_actSPM1_beam_ren,Power,570
BulletParam_0155_00_actSPM1_beam_ren,Shave,143
BulletParam_0155_00_actSPM1_beam_ren,BeamPower,456
BulletParam_0155_00_actSPM1_beam_ren,BeamShave,114
BulletParam_0155_00_actSPM1_beam_ren,LifeSpan,1
BulletParam_0155_00_actSPM1_beam_ren,bCanLifeSpanEndInMultiHit,true
BulletParam_0155_00_actSPM1_beam_ren,FireLimit,10
BulletParam_0155_00_actSPM1_beam_ren,CharacterCollisionSize,50
BulletParam_0155_00_actSPM1_beam_ren,CharacterFirstHitType,ESSBulletCharacterFirstHitType::PenerateMultiHit
BulletParam_0155_00_actSPM1_beam_ren,CollisionRevibeSpan,10
BulletParam_0155_00_actSPM1_beam_ren,CharacterLastHitType,ESSBulletCharacterLastHitType::Penerate
BulletParam_0155_00_actSPM1_beam_ren,GeometryCollisionSize,20
BulletParam_0155_00_actSPM1_beam_ren,ClashCollisionSize,32
BulletParam_0155_00_actSPM1_beam_ren,EnergyBullectCollisionPriority,100
BulletParam_0155_00_actSPM1_beam_ren,HomingAngleLimitAtStart,360
BulletParam_0155_00_actSPM1_beam_ren,TargetPointDiffusionRadius,25
BulletParam_0155_00_actSPM1_beam_ren,MoveParam.HomingEndTime,1
BulletParam_0155_00_actSPM1_beam_ren,bScratchCostumeEnable,true
BulletParam_0155_00_actSPM1_beam_ren,ArmorBreakLevel,ブラスト
BulletParam_0155_00_actSPM1_beam_ren,bImpossibleReflect,true
BulletParam_0155_00_actSPM1_beam_ren,bImpossibleAbsorption,true
BulletParam_0155_00_actSPM1_beam_ren,bFinishAtOwnerDamage,true
BulletParam_0155_00_actSPM1_beam_ren,bAvoidHistep,true
BulletParam_0155_00_actSPM1_beam_ren,bBuffAvoidable,true
BulletParam_0155_00_actSPM1_beam_ren,DestructionFieldScale,0.4
BulletParam_0160_00_actSPM_BEAM_pen,Power,815
BulletParam_0160_00_actSPM_BEAM_pen,Shave,326
BulletParam_0160_00_actSPM_BEAM_pen,BeamPower,4560
BulletParam_0160_00_actSPM_BEAM_pen,BeamShave,1824
BulletParam_0160_00_actSPM_BEAM_pen,LifeSpan,2.4
BulletParam_0160_00_actSPM_BEAM_pen,LifeSpanAfterPassedTarget,0.35
BulletParam_0160_00_actSPM_BEAM_pen,FireLimit,1
BulletParam_0160_00_actSPM_BEAM_pen,CharacterCollisionSize,40
BulletParam_0160_00_actSPM_BEAM_pen,CharacterFirstHitType,ESSBulletCharacterFirstHitType::TraceMultiHit
BulletParam_0160_00_actSPM_BEAM_pen,CollisionRevibeNum,6
BulletParam_0160_00_actSPM_BEAM_pen,CollisionRevibeSpan,0.12
BulletParam_0160_00_actSPM_BEAM_pen,CharacterLastHitType,ESSBulletCharacterLastHitType::Penerate
BulletParam_0160_00_actSPM_BEAM_pen,GeometryCollisionSize,10
BulletParam_0160_00_actSPM_BEAM_pen,ClashCollisionSize,40
BulletParam_0160_00_actSPM_BEAM_pen,EnergyBullectCollisionPriority,200
BulletParam_0160_00_actSPM_BEAM_pen,EnergyBullectCollisionPriorityInBeam,100
BulletParam_0160_00_actSPM_BEAM_pen,bOverrideBeamCollisionSize,true
BulletParam_0160_00_actSPM_BEAM_pen,BeamCollisionSize,40
BulletParam_0160_00_actSPM_BEAM_pen,HomingAngleLimitAtStart,360
BulletParam_0160_00_actSPM_BEAM_pen,bRootFollowsStartPosition,true
BulletParam_0160_00_actSPM_BEAM_pen,MoveParam.HomingEndTime,0.1
BulletParam_0160_00_actSPM_BEAM_pen,bDamageCostumeEnable,true
BulletParam_0160_00_actSPM_BEAM_pen,bDamageCostumeLastHitOnly,true
BulletParam_0160_00_actSPM_BEAM_pen,bScratchCostumeEnable,true
BulletParam_0160_00_actSPM_BEAM_pen,ArmorBreakLevel,ブラスト
BulletParam_0160_00_actSPM_BEAM_pen,bImpossibleReflect,true
BulletParam_0160_00_actSPM_BEAM_pen,bImpossibleAbsorption,true
BulletParam_0160_00_actSPM_BEAM_pen,bFinishAtOwnerDamage,true
BulletParam_0160_00_actSPM_BEAM_pen,bAvoidHistep,true
BulletParam_0160_00_actSPM_BEAM_pen,bBuffAvoidable,true
BulletParam_0160_00_actSPM_BEAM_pen,DestructionFieldScale,0.4
BulletParam_0163_00_actSPM_BEAM_pen,Power,743
BulletParam_0163_00_actSPM_BEAM_pen,Shave,297
BulletParam_0163_00_actSPM_BEAM_pen,BeamPower,4160
BulletParam_0163_00_actSPM_BEAM_pen,BeamShave,1664
BulletParam_0163_00_actSPM_BEAM_pen,LifeSpan,2.4
BulletParam_0163_00_actSPM_BEAM_pen,LifeSpanAfterPassedTarget,0.35
BulletParam_0163_00_actSPM_BEAM_pen,FireLimit,1
BulletParam_0163_00_actSPM_BEAM_pen,CharacterCollisionSize,40
BulletParam_0163_00_actSPM_BEAM_pen,CharacterFirstHitType,ESSBulletCharacterFirstHitType::TraceMultiHit
BulletParam_0163_00_actSPM_BEAM_pen,CollisionRevibeNum,6
BulletParam_0163_00_actSPM_BEAM_pen,CollisionRevibeSpan,0.12
BulletParam_0163_00_actSPM_BEAM_pen,CharacterLastHitType,ESSBulletCharacterLastHitType::Penerate
BulletParam_0163_00_actSPM_BEAM_pen,GeometryCollisionSize,10
BulletParam_0163_00_actSPM_BEAM_pen,ClashCollisionSize,40
BulletParam_0163_00_actSPM_BEAM_pen,EnergyBullectCollisionPriority,200
BulletParam_0163_00_actSPM_BEAM_pen,EnergyBullectCollisionPriorityInBeam,100
BulletParam_0163_00_actSPM_BEAM_pen,bOverrideBeamCollisionSize,true
BulletParam_0163_00_actSPM_BEAM_pen,BeamCollisionSize,40
BulletParam_0163_00_actSPM_BEAM_pen,HomingAngleLimitAtStart,360
BulletParam_0163_00_actSPM_BEAM_pen,bRootFollowsStartPosition,true
BulletParam_0163_00_actSPM_BEAM_pen,MoveParam.HomingEndTime,0.1
BulletParam_0163_00_actSPM_BEAM_pen,bDamageCostumeEnable,true
BulletParam_0163_00_actSPM_BEAM_pen,bDamageCostumeLastHitOnly,true
BulletParam_0163_00_actSPM_BEAM_pen,bScratchCostumeEnable,true
BulletParam_0163_00_actSPM_BEAM_pen,ArmorBreakLevel,ブラスト
BulletParam_0163_00_actSPM_BEAM_pen,bImpossibleReflect,true
BulletParam_0163_00_actSPM_BEAM_pen,bImpossibleAbsorption,true
BulletParam_0163_00_actSPM_BEAM_pen,bFinishAtOwnerDamage,true
BulletParam_0163_00_actSPM_BEAM_pen,bAvoidHistep,true
BulletParam_0163_00_actSPM_BEAM_pen,bBuffAvoidable,true
BulletParam_0163_00_actSPM_BEAM_pen,DestructionFieldScale,0.4
BulletParam_0170_00_actULT_BOM_HD,Power,0
BulletParam_0170_00_actULT_BOM_HD,Shave,0
BulletParam_0170_00_actULT_BOM_HD,BeamPower,0
BulletParam_0170_00_actULT_BOM_HD,BeamShave,0
BulletParam_0170_00_actULT_BOM_HD,LifeSpan,3
BulletParam_0170_00_actULT_BOM_HD,bCanLifeSpanEndInMultiHit,true
BulletParam_0170_00_actULT_BOM_HD,FireLimit,1
BulletParam_0170_00_actULT_BOM_HD,CharacterCollisionSize,2400
BulletParam_0170_00_actULT_BOM_HD,CharacterFirstHitType,ESSBulletCharacterFirstHitType::StopMultiHit
BulletParam_0170_00_actULT_BOM_HD,CollisionRevibeNum,9
BulletParam_0170_00_actULT_BOM_HD,CollisionRevibeSpan,0.1
BulletParam_0170_00_actULT_BOM_HD,GeometryCollisionSize,2400
BulletParam_0170_00_actULT_BOM_HD,GeometryFirstHitType,ESSBulletGeometryFirstHitType::PenerateMultiHit
BulletParam_0170_00_actULT_BOM_HD,GeometryCollisionRevibeSpan,0.2
BulletParam_0170_00_actULT_BOM_HD,GeometryLastHitType,ESSBulletGeometryLastHitType::Penerate
BulletParam_0170_00_actULT_BOM_HD,ClashCollisionSize,2400
BulletParam_0170_00_actULT_BOM_HD,EnergyBullectCollisionPriority,95
BulletParam_0170_00_actULT_BOM_HD,HomingAngleLimitAtStart,360
BulletParam_0170_00_actULT_BOM_HD,ArmorBreakLevel,ブラスト
BulletParam_0170_00_actULT_BOM_HD,bImpossibleReflect,true
BulletParam_0170_00_actULT_BOM_HD,bImpossibleAbsorption,true
BulletParam_0170_00_actULT_BOM_HD,bFinishAtOwnerDamage,true
BulletParam_0170_00_actULT_BOM_HD,bEnergyBullectCollisionInvincible,true
BulletParam_0170_00_actULT_BOM_HD,bAvoidHistep,true
BulletParam_0170_00_actULT_BOM_HD,bBuffAvoidable,true
BulletParam_0170_00_actULT_BOM_HD,DestructionFieldScale,26
BulletParam_0170_00_actULT_BOM_HD,ReduceZSearchEffectTime,5
BulletParam_0170_00_actULT_BOM_HD,SelfDamagePower,999999
BulletParam_0172_00_actSPM1,Power,500
BulletParam_0172_00_actSPM1,Shave,125
BulletParam_0172_00_actSPM1,BeamPower,400
BulletParam_0172_00_actSPM1,BeamShave,100
BulletParam_0172_00_actSPM1,LifeSpan,3
BulletParam_0172_00_actSPM1,FireLimit,1
BulletParam_0172_00_actSPM1,CharacterCollisionSize,180
BulletParam_0172_00_actSPM1,CollisionRevibeNum,11
BulletParam_0172_00_actSPM1,CollisionRevibeSpan,0.1
BulletParam_0172_00_actSPM1,EnergyBullectCollisionPriority,100
BulletParam_0172_00_actSPM1,HomingAngleLimitAtStart,360
BulletParam_0172_00_actSPM1,MoveParam.HomingEndTime,0.65
BulletParam_0172_00_actSPM1,MoveParam.bHomingAvoidDisable,true
BulletParam_0172_00_actSPM1,bScratchCostumeEnable,true
BulletParam_0172_00_actSPM1,ArmorBreakLevel,ブラスト
BulletParam_0172_00_actSPM1,bImpossibleReflect,true
BulletParam_0172_00_actSPM1,bImpossibleAbsorption,true
BulletParam_0172_00_actSPM1,bAvoidHistep,true
BulletParam_0172_00_actSPM1,bBuffAvoidable,true
BulletParam_0172_00_actSPM1s,Power,500
BulletParam_0172_00_actSPM1s,Shave,125
BulletParam_0172_00_actSPM1s,BeamPower,400
BulletParam_0172_00_actSPM1s,BeamShave,100
BulletParam_0172_00_actSPM1s,LifeSpan,3
BulletParam_0172_00_actSPM1s,FireLimit,1
BulletParam_0172_00_actSPM1s,CharacterCollisionSize,180
BulletParam_0172_00_actSPM1s,CollisionRevibeNum,11
BulletParam_0172_00_actSPM1s,CollisionRevibeSpan,0.1
BulletParam_0172_00_actSPM1s,EnergyBullectCollisionPriority,100
BulletParam_0172_00_actSPM1s,HomingAngleLimitAtStart,360
BulletParam_0172_00_actSPM1s,TargetPointDiffusionRadius,1000
BulletParam_0172_00_actSPM1s,MoveParam.HomingEndTime,0.5
BulletParam_0172_00_actSPM1s,MoveParam.bHomingAvoidDisable,true
BulletParam_0172_00_actSPM1s,ArmorBreakLevel,ブラスト
BulletParam_0172_00_actSPM1s,bImpossibleReflect,true
BulletParam_0172_00_actSPM1s,bImpossibleAbsorption,true
BulletParam_0172_00_actSPM1s,bAvoidHistep,true
BulletParam_0172_00_actSPM1s,bBuffAvoidable,true
BulletParam_0172_00_actSPM1s,DestructionFieldScale,0.4
BulletParam_0172_10_actSPM_BEAM_pen,Power,815
BulletParam_0172_10_actSPM_BEAM_pen,Shave,326
BulletParam_0172_10_actSPM_BEAM_pen,BeamPower,4560
BulletParam_0172_10_actSPM_BEAM_pen,BeamShave,1824
BulletParam_0172_10_actSPM_BEAM_pen,LifeSpan,2.4
BulletParam_0172_10_actSPM_BEAM_pen,LifeSpanAfterPassedTarget,0.35
BulletParam_0172_10_actSPM_BEAM_pen,FireLimit,1
BulletParam_0172_10_actSPM_BEAM_pen,CharacterCollisionSize,40
BulletParam_0172_10_actSPM_BEAM_pen,CharacterFirstHitType,ESSBulletCharacterFirstHitType::TraceMultiHit
BulletParam_0172_10_actSPM_BEAM_pen,CollisionRevibeNum,6
BulletParam_0172_10_actSPM_BEAM_pen,CollisionRevibeSpan,0.12
BulletParam_0172_10_actSPM_BEAM_pen,CharacterLastHitType,ESSBulletCharacterLastHitType::Penerate
BulletParam_0172_10_actSPM_BEAM_pen,GeometryCollisionSize,10
BulletParam_0172_10_actSPM_BEAM_pen,ClashCollisionSize,40
BulletParam_0172_10_actSPM_BEAM_pen,EnergyBullectCollisionPriority,200
BulletParam_0172_10_actSPM_BEAM_pen,EnergyBullectCollisionPriorityInBeam,100
BulletParam_0172_10_actSPM_BEAM_pen,bOverrideBeamCollisionSize,true
BulletParam_0172_10_actSPM_BEAM_pen,BeamCollisionSize,40
BulletParam_0172_10_actSPM_BEAM_pen,HomingAngleLimitAtStart,360
BulletParam_0172_10_actSPM_BEAM_pen,bRootFollowsStartPosition,true
BulletParam_0172_10_actSPM_BEAM_pen,MoveParam.HomingEndTime,0.1
BulletParam_0172_10_actSPM_BEAM_pen,bDamageCostumeEnable,true
BulletParam_0172_10_actSPM_BEAM_pen,bDamageCostumeLastHitOnly,true
BulletParam_0172_10_actSPM_BEAM_pen,bScratchCostumeEnable,true
BulletParam_0172_10_actSPM_BEAM_pen,ArmorBreakLevel,ブラスト
BulletParam_0172_10_actSPM_BEAM_pen,bImpossibleReflect,true
BulletParam_0172_10_actSPM_BEAM_pen,bImpossibleAbsorption,true
BulletParam_0172_10_actSPM_BEAM_pen,bFinishAtOwnerDamage,true
BulletParam_0172_10_actSPM_BEAM_pen,bAvoidHistep,true
BulletParam_0172_10_actSPM_BEAM_pen,bBuffAvoidable,true
BulletParam_0172_10_actSPM_BEAM_pen,DestructionFieldScale,0.4
BulletParam_0172_11_actULTSI_HD_BULLET_unblockable,Power,0
BulletParam_0172_11_actULTSI_HD_BULLET_unblockable,Shave,212
BulletParam_0172_11_actULTSI_HD_BULLET_unblockable,BeamPower,0
BulletParam_0172_11_actULTSI_HD_BULLET_unblockable,LifeSpan,1.8
BulletParam_0172_11_actULTSI_HD_BULLET_unblockable,FireLimit,1
BulletParam_0172_11_actULTSI_HD_BULLET_unblockable,EnergyBullectCollisionPriority,300
BulletParam_0172_11_actULTSI_HD_BULLET_unblockable,HomingAngleLimitAtStart,360
BulletParam_0172_11_actULTSI_HD_BULLET_unblockable,MoveParam.SpeedRandamScale.Min,0.7
BulletParam_0172_11_actULTSI_HD_BULLET_unblockable,ArmorBreakLevel,ブラスト
BulletParam_0172_11_actULTSI_HD_BULLET_unblockable,bImpossibleGuard,true
BulletParam_0172_11_actULTSI_HD_BULLET_unblockable,bImpossibleReflect,true
BulletParam_0172_11_actULTSI_HD_BULLET_unblockable,bImpossibleAbsorption,true
BulletParam_0172_11_actULTSI_HD_BULLET_unblockable,bAvoidHistep,true
BulletParam_0172_11_actULTSI_HD_BULLET_unblockable,bBuffAvoidable,true
BulletParam_0172_11_actULTSI_HD_BULLET_unblockable,bReduceZSearchAfterHit,true
BulletParam_0172_11_actULTSI_HD_BULLET_unblockable,ReduceZSearchEffectTime,0.9
BulletParam_0380_00_actULTSI_HD,Power,0
BulletParam_0380_00_actULTSI_HD,Shave,0
BulletParam_0380_00_actULTSI_HD,BeamPower,0
BulletParam_0380_00_actULTSI_HD,BeamShave,0
BulletParam_0380_00_actULTSI_HD,LifeSpan,2.4
BulletParam_0380_00_actULTSI_HD,FireLimit,1
BulletParam_0380_00_actULTSI_HD,CharacterCollisionSize,150
BulletParam_0380_00_actULTSI_HD,CollisionRevibeNum,4
BulletParam_0380_00_actULTSI_HD,CollisionRevibeSpan,0.1
BulletParam_0380_00_actULTSI_HD,HomingAngleLimitAtStart,360
BulletParam_0380_00_actULTSI_HD,bRootFollowsStartPosition,true
BulletParam_0380_00_actULTSI_HD,ArmorBreakLevel,ブラスト
BulletParam_0380_00_actULTSI_HD,bImpossibleGuard,true
BulletParam_0380_00_actULTSI_HD,bImpossibleReflect,true
BulletParam_0380_00_actULTSI_HD,bImpossibleAbsorption,true
BulletParam_0380_00_actULTSI_HD,bFinishAtOwnerDamage,true
BulletParam_0380_00_actULTSI_HD,bEnergyBullectCollisionInvincible,true
BulletParam_0380_00_actULTSI_HD,bAvoidHistep,true
BulletParam_0380_00_actULTSI_HD,bBuffAvoidable,true
BulletParam_0380_00_actULTSI_HD,DestructionFieldScale,0
BulletParam_0380_00_actULTSI_HD,ReduceZSearchEffectTime,3
BulletParam_0420_00_actULTSI_HD_BULLET_unblockable_sh,Power,0
BulletParam_0420_00_actULTSI_HD_BULLET_unblockable_sh,Shave,212
BulletParam_0420_00_actULTSI_HD_BULLET_unblockable_sh,BeamPower,0
BulletParam_0420_00_actULTSI_HD_BULLET_unblockable_sh,LifeSpan,0.8
BulletParam_0420_00_actULTSI_HD_BULLET_unblockable_sh,FireLimit,1
BulletParam_0420_00_actULTSI_HD_BULLET_unblockable_sh,ClashCollisionSize,80
BulletParam_0420_00_actULTSI_HD_BULLET_unblockable_sh,EnergyBullectCollisionPriority,300
BulletParam_0420_00_actULTSI_HD_BULLET_unblockable_sh,HomingAngleLimitAtStart,360
BulletParam_0420_00_actULTSI_HD_BULLET_unblockable_sh,ArmorBreakLevel,ブラスト
BulletParam_0420_00_actULTSI_HD_BULLET_unblockable_sh,bImpossibleGuard,true
BulletParam_0420_00_actULTSI_HD_BULLET_unblockable_sh,bImpossibleReflect,true
BulletParam_0420_00_actULTSI_HD_BULLET_unblockable_sh,bImpossibleAbsorption,true
BulletParam_0420_00_actULTSI_HD_BULLET_unblockable_sh,bAvoidHistep,true
BulletParam_0420_00_actULTSI_HD_BULLET_unblockable_sh,bBuffAvoidable,true
BulletParam_0420_00_actULTSI_HD_BULLET_unblockable_sh,bReduceZSearchAfterHit,true
BulletParam_0420_00_actULTSI_HD_BULLET_unblockable_sh,ReduceZSearchEffectTime,0.9
BulletParam_0450_10_actSPM_BULLET_bi_Top,Power,5700
BulletParam_0450_10_actSPM_BULLET_bi_Top,Shave,2280
BulletParam_0450_10_actSPM_BULLET_bi_Top,BeamPower,5700
BulletParam_0450_10_actSPM_BULLET_bi_Top,BeamShave,2280
BulletParam_0450_10_actSPM_BULLET_bi_Top,LifeSpan,1.8
BulletParam_0450_10_actSPM_BULLET_bi_Top,FireLimit,1
BulletParam_0450_10_actSPM_BULLET_bi_Top,CharacterCollisionSize,75
BulletParam_0450_10_actSPM_BULLET_bi_Top,CollisionRevibeNum,11
BulletParam_0450_10_actSPM_BULLET_bi_Top,CollisionRevibeSpan,0.1
BulletParam_0450_10_actSPM_BULLET_bi_Top,ClashCollisionSize,50
BulletParam_0450_10_actSPM_BULLET_bi_Top,EnergyBullectCollisionPriority,200
BulletParam_0450_10_actSPM_BULLET_bi_Top,HomingAngleLimitAtStart,360
BulletParam_0450_10_actSPM_BULLET_bi_Top,bDamageCostumeEnable,true
BulletParam_0450_10_actSPM_BULLET_bi_Top,bDamageCostumeLastHitOnly,true
BulletParam_0450_10_actSPM_BULLET_bi_Top,bScratchCostumeEnable,true
BulletParam_0450_10_actSPM_BULLET_bi_Top,ArmorBreakLevel,ブラスト
BulletParam_0450_10_actSPM_BULLET_bi_Top,bImpossibleReflect,true
BulletParam_0450_10_actSPM_BULLET_bi_Top,bImpossibleAbsorption,true
BulletParam_0450_10_actSPM_BULLET_bi_Top,bAvoidHistep,true
BulletParam_0450_10_actSPM_BULLET_bi_Top,bBuffAvoidable,true
BulletParam_0450_10_actSPM_BULLET_bi_Top,bIgnoreActionTarget,true
BulletParam_0460_00_actSPM3,Power,1000
BulletParam_0460_00_actSPM3,Shave,1200
BulletParam_0460_00_actSPM3,BeamPower,1000
BulletParam_0460_00_actSPM3,BeamShave,1200
BulletParam_0460_00_actSPM3,LifeSpan,3
BulletParam_0460_00_actSPM3,CharacterCollisionSize,3
BulletParam_0460_00_actSPM3,CharacterFirstHitType,ESSBulletCharacterFirstHitType::TraceMultiHit
BulletParam_0460_00_actSPM3,CollisionRevibeNum,2
BulletParam_0460_00_actSPM3,CollisionRevibeSpan,0.2
BulletParam_0460_00_actSPM3,CharacterLastHitType,ESSBulletCharacterLastHitType::Penerate
BulletParam_0460_00_actSPM3,LifeSpanAfterCharacterLastHit,0.6
BulletParam_0460_00_actSPM3,GeometryCollisionSize,0.5
BulletParam_0460_00_actSPM3,GeometryFirstHitType,ESSBulletGeometryFirstHitType::PenerateMultiHit
BulletParam_0460_00_actSPM3,GeometryCollisionRevibeNum,20
BulletParam_0460_00_actSPM3,GeometryCollisionRevibeSpan,0.033
BulletParam_0460_00_actSPM3,bLastHitAtIndestructibleGeometry,true
BulletParam_0460_00_actSPM3,ClashCollisionSize,1.5
BulletParam_0460_00_actSPM3,EnergyBullectCollisionPriority,100
BulletParam_0460_00_actSPM3,HomingAngleLimitAtStart,160
BulletParam_0460_00_actSPM3,MoveParam.HomingEndTime,7
BulletParam_0460_00_actSPM3,ArmorBreakLevel,ブラスト
BulletParam_0460_00_actSPM3,bImpossibleGuard,true
BulletParam_0460_00_actSPM3,bImpossibleReflect,true
BulletParam_0460_00_actSPM3,bImpossibleAbsorption,true
BulletParam_0460_00_actSPM3,bAvoidHistep,true
BulletParam_0460_00_actSPM3,bBuffAvoidable,true
BulletParam_0460_00_actSPM3,DestructionFieldScale,1.5
BulletParam_0552_00_actULTSI_HD,Power,0
BulletParam_0552_00_actULTSI_HD,Shave,0
BulletParam_0552_00_actULTSI_HD,BeamPower,0
BulletParam_0552_00_actULTSI_HD,BeamShave,0
BulletParam_0552_00_actULTSI_HD,LifeSpan,2.4
BulletParam_0552_00_actULTSI_HD,FireLimit,1
BulletParam_0552_00_actULTSI_HD,CharacterCollisionSize,750
BulletParam_0552_00_actULTSI_HD,ClashCollisionSize,550
BulletParam_0552_00_actULTSI_HD,EnergyBullectCollisionPriority,300
BulletParam_0552_00_actULTSI_HD,HomingAngleLimitAtStart,360
BulletParam_0552_00_actULTSI_HD,ArmorBreakLevel,ブラスト
BulletParam_0552_00_actULTSI_HD,bImpossibleGuard,true
BulletParam_0552_00_actULTSI_HD,bImpossibleReflect,true
BulletParam_0552_00_actULTSI_HD,bImpossibleAbsorption,true
BulletParam_0552_00_actULTSI_HD,bFinishAtOwnerDamage,true
BulletParam_0552_00_actULTSI_HD,bBlastImpactBulletShift,true
BulletParam_0552_00_actULTSI_HD,bAvoidHistep,true
BulletParam_0552_00_actULTSI_HD,bBuffAvoidable,true
BulletParam_0552_00_actULTSI_HD,DestructionFieldScale,18
BulletParam_0552_00_actULTSI_HD,bReduceZSearchAfterHit,true
BulletParam_0552_00_actULTSI_HD,ReduceZSearchEffectTime,0.9
BulletParam_0555_00_actSPM2_2_barrage,Power,2000
BulletParam_0555_00_actSPM2_2_barrage,Shave,500
BulletParam_0555_00_actSPM2_2_barrage,BeamPower,1600
BulletParam_0555_00_actSPM2_2_barrage,BeamShave,400
BulletParam_0555_00_actSPM2_2_barrage,LifeSpan,0.666666
BulletParam_0555_00_actSPM2_2_barrage,FireLimit,10
BulletParam_0555_00_actSPM2_2_barrage,CharacterCollisionSize,80
BulletParam_0555_00_actSPM2_2_barrage,CollisionRevibeSpan,0.1
BulletParam_0555_00_actSPM2_2_barrage,GeometryCollisionSize,50
BulletParam_0555_00_actSPM2_2_barrage,EnergyBullectCollisionPriority,200
BulletParam_0555_00_actSPM2_2_barrage,HomingAngleLimitAtStart,360
BulletParam_0555_00_actSPM2_2_barrage,bScratchCostumeEnable,true
BulletParam_0555_00_actSPM2_2_barrage,ArmorBreakLevel,ブラスト
BulletParam_0555_00_actSPM2_2_barrage,bImpossibleReflect,true
BulletParam_0555_00_actSPM2_2_barrage,bImpossibleAbsorption,true
BulletParam_0555_00_actSPM2_2_barrage,bFinishAtOwnerDamage,true
BulletParam_0555_00_actSPM2_2_barrage,bAvoidHistep,true
BulletParam_0555_00_actSPM2_2_barrage,bBuffAvoidable,true
BulletParam_0555_00_actSPM2_2_barrage,DestructionFieldScale,10
BulletParam_0570_00_actSPM1_HUGE_BEAM_s3,Power,1900
BulletParam_0570_00_actSPM1_HUGE_BEAM_s3,Shave,475
BulletParam_0570_00_actSPM1_HUGE_BEAM_s3,BeamPower,1520
BulletParam_0570_00_actSPM1_HUGE_BEAM_s3,BeamShave,380
BulletParam_0570_00_actSPM1_HUGE_BEAM_s3,LifeSpan,0.8
BulletParam_0570_00_actSPM1_HUGE_BEAM_s3,FireLimit,1
BulletParam_0570_00_actSPM1_HUGE_BEAM_s3,CharacterCollisionSize,250
BulletParam_0570_00_actSPM1_HUGE_BEAM_s3,CollisionRevibeNum,4
BulletParam_0570_00_actSPM1_HUGE_BEAM_s3,CollisionRevibeSpan,0.083333
BulletParam_0570_00_actSPM1_HUGE_BEAM_s3,GeometryCollisionRevibeNum,5
BulletParam_0570_00_actSPM1_HUGE_BEAM_s3,GeometryCollisionRevibeSpan,0.033
BulletParam_0570_00_actSPM1_HUGE_BEAM_s3,EnergyBullectCollisionPriority,200
BulletParam_0570_00_actSPM1_HUGE_BEAM_s3,EnergyBullectCollisionPriorityInBeam,100
BulletParam_0570_00_actSPM1_HUGE_BEAM_s3,HomingAngleLimitAtStart,0
BulletParam_0570_00_actSPM1_HUGE_BEAM_s3,bScratchCostumeEnable,true
BulletParam_0570_00_actSPM1_HUGE_BEAM_s3,ArmorBreakLevel,ブラスト
BulletParam_0570_00_actSPM1_HUGE_BEAM_s3,bImpossibleReflect,true
BulletParam_0570_00_actSPM1_HUGE_BEAM_s3,bImpossibleAbsorption,true
BulletParam_0570_00_actSPM1_HUGE_BEAM_s3,bFinishAtOwnerDamage,true
BulletParam_0570_00_actSPM1_HUGE_BEAM_s3,bAvoidHistep,true
BulletParam_0570_00_actSPM1_HUGE_BEAM_s3,bBuffAvoidable,true
BulletParam_0570_00_actSPM1_HUGE_BEAM_s3,DestructionFieldScale,4
BulletParam_0570_00_actSPM1_HUGE_BULLET_s3,Power,1900
BulletParam_0570_00_actSPM1_HUGE_BULLET_s3,Shave,475
BulletParam_0570_00_actSPM1_HUGE_BULLET_s3,BeamPower,1520
BulletParam_0570_00_actSPM1_HUGE_BULLET_s3,BeamShave,380
BulletParam_0570_00_actSPM1_HUGE_BULLET_s3,LifeSpan,0.8
BulletParam_0570_00_actSPM1_HUGE_BULLET_s3,FireLimit,1
BulletParam_0570_00_actSPM1_HUGE_BULLET_s3,CharacterCollisionSize,250
BulletParam_0570_00_actSPM1_HUGE_BULLET_s3,CollisionRevibeNum,4
BulletParam_0570_00_actSPM1_HUGE_BULLET_s3,CollisionRevibeSpan,0.083333
BulletParam_0570_00_actSPM1_HUGE_BULLET_s3,GeometryCollisionRevibeNum,5
BulletParam_0570_00_actSPM1_HUGE_BULLET_s3,GeometryCollisionRevibeSpan,0.033
BulletParam_0570_00_actSPM1_HUGE_BULLET_s3,EnergyBullectCollisionPriority,200
BulletParam_0570_00_actSPM1_HUGE_BULLET_s3,HomingAngleLimitAtStart,0
BulletParam_0570_00_actSPM1_HUGE_BULLET_s3,bScratchCostumeEnable,true
BulletParam_0570_00_actSPM1_HUGE_BULLET_s3,ArmorBreakLevel,ブラスト
BulletParam_0570_00_actSPM1_HUGE_BULLET_s3,bImpossibleReflect,true
BulletParam_0570_00_actSPM1_HUGE_BULLET_s3,bImpossibleAbsorption,true
BulletParam_0570_00_actSPM1_HUGE_BULLET_s3,bFinishAtOwnerDamage,true
BulletParam_0570_00_actSPM1_HUGE_BULLET_s3,bAvoidHistep,true
BulletParam_0570_00_actSPM1_HUGE_BULLET_s3,bBuffAvoidable,true
BulletParam_0570_00_actSPM1_HUGE_BULLET_s3,DestructionFieldScale,4
BulletParam_0570_00_actULT_B_BOM,Power,750
BulletParam_0570_00_actULT_B_BOM,Shave,188
BulletParam_0570_00_actULT_B_BOM,BeamPower,750
BulletParam_0570_00_actULT_B_BOM,BeamShave,250
BulletParam_0570_00_actULT_B_BOM,LifeSpan,0.5
BulletParam_0570_00_actULT_B_BOM,bCanLifeSpanEndInMultiHit,true
BulletParam_0570_00_actULT_B_BOM,CharacterCollisionSize,500
BulletParam_0570_00_actULT_B_BOM,CharacterFirstHitType,ESSBulletCharacterFirstHitType::PenerateMultiHit
BulletParam_0570_00_actULT_B_BOM,CharacterLastHitType,ESSBulletCharacterLastHitType::Penerate
BulletParam_0570_00_actULT_B_BOM,GeometryCollisionSize,0
BulletParam_0570_00_actULT_B_BOM,GeometryLastHitType,ESSBulletGeometryLastHitType::Penerate
BulletParam_0570_00_actULT_B_BOM,ClashCollisionSize,450
BulletParam_0570_00_actULT_B_BOM,EnergyBullectCollisionPriority,95
BulletParam_0570_00_actULT_B_BOM,HomingAngleLimitAtStart,360
BulletParam_0570_00_actULT_B_BOM,bEnableSplitHit,true
BulletParam_0570_00_actULT_B_BOM,SplitHeight,-200
BulletParam_0570_00_actULT_B_BOM,bDamageCostumeEnable,true
BulletParam_0570_00_actULT_B_BOM,bDamageCostumeLastHitOnly,true
BulletParam_0570_00_actULT_B_BOM,bDamageCostumeWreck,true
BulletParam_0570_00_actULT_B_BOM,bScratchCostumeEnable,true
BulletParam_0570_00_actULT_B_BOM,ArmorBreakLevel,ブラスト
BulletParam_0570_00_actULT_B_BOM,bImpossibleReflect,true
BulletParam_0570_00_actULT_B_BOM,bImpossibleAbsorption,true
BulletParam_0570_00_actULT_B_BOM,bEnergyBullectCollisionInvincible,true
BulletParam_0570_00_actULT_B_BOM,bAvoidHistep,true
BulletParam_0570_00_actULT_B_BOM,bBuffAvoidable,true
BulletParam_0570_00_actULT_B_BOM,DestructionFieldScale,6
BulletParam_0610_00_actSPM1_beam_ren,Power,1200
BulletParam_0610_00_actSPM1_beam_ren,Shave,300
BulletParam_0610_00_actSPM1_beam_ren,BeamPower,960
BulletParam_0610_00_actSPM1_beam_ren,BeamShave,240
BulletParam_0610_00_actSPM1_beam_ren,LifeSpan,1
BulletParam_0610_00_actSPM1_beam_ren,bCanLifeSpanEndInMultiHit,true
BulletParam_0610_00_actSPM1_beam_ren,FireLimit,10
BulletParam_0610_00_actSPM1_beam_ren,CharacterCollisionSize,80
BulletParam_0610_00_actSPM1_beam_ren,CharacterFirstHitType,ESSBulletCharacterFirstHitType::PenerateMultiHit
BulletParam_0610_00_actSPM1_beam_ren,CollisionRevibeSpan,10
BulletParam_0610_00_actSPM1_beam_ren,CharacterLastHitType,ESSBulletCharacterLastHitType::Penerate
BulletParam_0610_00_actSPM1_beam_ren,GeometryCollisionSize,25
BulletParam_0610_00_actSPM1_beam_ren,ClashCollisionSize,50
BulletParam_0610_00_actSPM1_beam_ren,EnergyBullectCollisionPriority,100
BulletParam_0610_00_actSPM1_beam_ren,HomingAngleLimitAtStart,360
BulletParam_0610_00_actSPM1_beam_ren,TargetPointDiffusionRadius,15
BulletParam_0610_00_actSPM1_beam_ren,MoveParam.HomingEndTime,1
BulletParam_0610_00_actSPM1_beam_ren,ArmorBreakLevel,ブラスト
BulletParam_0610_00_actSPM1_beam_ren,bImpossibleReflect,true
BulletParam_0610_00_actSPM1_beam_ren,bImpossibleAbsorption,true
BulletParam_0610_00_actSPM1_beam_ren,bFinishAtOwnerDamage,true
BulletParam_0610_00_actSPM1_beam_ren,bAvoidHistep,true
BulletParam_0610_00_actSPM1_beam_ren,bBuffAvoidable,true
BulletParam_0650_00_actSPM2_barrage8_sp,Power,838
BulletParam_0650_00_actSPM2_barrage8_sp,Shave,210
BulletParam_0650_00_actSPM2_barrage8_sp,BeamPower,838
BulletParam_0650_00_actSPM2_barrage8_sp,BeamShave,210
BulletParam_0650_00_actSPM2_barrage8_sp,LifeSpan,2
BulletParam_0650_00_actSPM2_barrage8_sp,FireLimit,10
BulletParam_0650_00_actSPM2_barrage8_sp,CollisionRevibeSpan,0.1
BulletParam_0650_00_actSPM2_barrage8_sp,GeometryCollisionSize,50
BulletParam_0650_00_actSPM2_barrage8_sp,EnergyBullectCollisionPriority,100
BulletParam_0650_00_actSPM2_barrage8_sp,HomingAngleLimitAtStart,360
BulletParam_0650_00_actSPM2_barrage8_sp,MoveParam.HomingEndTime,2.25
BulletParam_0650_00_actSPM2_barrage8_sp,bScratchCostumeEnable,true
BulletParam_0650_00_actSPM2_barrage8_sp,ArmorBreakLevel,ブラスト
BulletParam_0650_00_actSPM2_barrage8_sp,bImpossibleReflect,true
BulletParam_0650_00_actSPM2_barrage8_sp,bImpossibleAbsorption,true
BulletParam_0650_00_actSPM2_barrage8_sp,bAvoidHistep,true
BulletParam_0650_00_actSPM2_barrage8_sp,bBuffAvoidable,true
BulletParam_0650_00_actSPM2_barrage8_sp,DestructionFieldScale,0.4
BulletParam_0651_00_actSPM2,Power,1040
BulletParam_0651_00_actSPM2,Shave,260
BulletParam_0651_00_actSPM2,BeamPower,832
BulletParam_0651_00_actSPM2,BeamShave,208
BulletParam_0651_00_actSPM2,LifeSpan,0.5
BulletParam_0651_00_actSPM2,FireLimit,10
BulletParam_0651_00_actSPM2,CharacterCollisionSize,180
BulletParam_0651_00_actSPM2,CollisionRevibeNum,11
BulletParam_0651_00_actSPM2,CollisionRevibeSpan,0.1
BulletParam_0651_00_actSPM2,GeometryFirstHitType,ESSBulletGeometryFirstHitType::PenerateMultiHit
BulletParam_0651_00_actSPM2,GeometryCollisionRevibeNum,20
BulletParam_0651_00_actSPM2,GeometryCollisionRevibeSpan,0.033
BulletParam_0651_00_actSPM2,bLastHitAtIndestructibleGeometry,true
BulletParam_0651_00_actSPM2,EnergyBullectCollisionPriority,100
BulletParam_0651_00_actSPM2,HomingAngleLimitAtStart,360
BulletParam_0651_00_actSPM2,ArmorBreakLevel,ブラスト
BulletParam_0651_00_actSPM2,bImpossibleReflect,true
BulletParam_0651_00_actSPM2,bImpossibleAbsorption,true
BulletParam_0651_00_actSPM2,bFinishAtOwnerDamage,true
BulletParam_0651_00_actSPM2,bAvoidHistep,true
BulletParam_0651_00_actSPM2,bBuffAvoidable,true
BulletParam_0660_00_actSPM2_BULLET_barrage5,Power,1000
BulletParam_0660_00_actSPM2_BULLET_barrage5,Shave,250
BulletParam_0660_00_actSPM2_BULLET_barrage5,BeamPower,800
BulletParam_0660_00_actSPM2_BULLET_barrage5,BeamShave,200
BulletParam_0660_00_actSPM2_BULLET_barrage5,LifeSpan,2
BulletParam_0660_00_actSPM2_BULLET_barrage5,FireLimit,10
BulletParam_0660_00_actSPM2_BULLET_barrage5,CharacterCollisionSize,1.8
BulletParam_0660_00_actSPM2_BULLET_barrage5,CollisionRevibeSpan,0.1
BulletParam_0660_00_actSPM2_BULLET_barrage5,GeometryCollisionSize,0.5
BulletParam_0660_00_actSPM2_BULLET_barrage5,GeometryFirstHitType,ESSBulletGeometryFirstHitType::PenerateMultiHit
BulletParam_0660_00_actSPM2_BULLET_barrage5,GeometryCollisionRevibeNum,20
BulletParam_0660_00_actSPM2_BULLET_barrage5,GeometryCollisionRevibeSpan,0.033
BulletParam_0660_00_actSPM2_BULLET_barrage5,bLastHitAtIndestructibleGeometry,true
BulletParam_0660_00_actSPM2_BULLET_barrage5,ClashCollisionSize,0.75
BulletParam_0660_00_actSPM2_BULLET_barrage5,EnergyBullectCollisionPriority,100
BulletParam_0660_00_actSPM2_BULLET_barrage5,HomingAngleLimitAtStart,360
BulletParam_0660_00_actSPM2_BULLET_barrage5,MoveParam.SpeedRandamScale.Min,0.7
BulletParam_0660_00_actSPM2_BULLET_barrage5,MoveParam.HomingEndTime,2.25
BulletParam_0660_00_actSPM2_BULLET_barrage5,ArmorBreakLevel,ブラスト
BulletParam_0660_00_actSPM2_BULLET_barrage5,bImpossibleReflect,true
BulletParam_0660_00_actSPM2_BULLET_barrage5,bImpossibleAbsorption,true
BulletParam_0660_00_actSPM2_BULLET_barrage5,bAvoidHistep,true
BulletParam_0660_00_actSPM2_BULLET_barrage5,bBuffAvoidable,true
BulletParam_0660_00_actSPM2_BULLET_barrage5,DestructionFieldScale,0.4
BulletParam_0670_00_actSPM_BOM_rapid,Power,1400
BulletParam_0670_00_actSPM_BOM_rapid,Shave,350
BulletParam_0670_00_actSPM_BOM_rapid,BeamPower,1400
BulletParam_0670_00_actSPM_BOM_rapid,BeamShave,350
BulletParam_0670_00_actSPM_BOM_rapid,LifeSpan,2.4
BulletParam_0670_00_actSPM_BOM_rapid,FireLimit,1
BulletParam_0670_00_actSPM_BOM_rapid,CharacterCollisionSize,2600
BulletParam_0670_00_actSPM_BOM_rapid,CharacterFirstHitType,ESSBulletCharacterFirstHitType::StopMultiHit
BulletParam_0670_00_actSPM_BOM_rapid,CollisionRevibeNum,4
BulletParam_0670_00_actSPM_BOM_rapid,CollisionRevibeSpan,0.15
BulletParam_0670_00_actSPM_BOM_rapid,GeometryCollisionSize,2600
BulletParam_0670_00_actSPM_BOM_rapid,GeometryFirstHitType,ESSBulletGeometryFirstHitType::PenerateMultiHit
BulletParam_0670_00_actSPM_BOM_rapid,GeometryCollisionRevibeSpan,0.2
BulletParam_0670_00_actSPM_BOM_rapid,GeometryLastHitType,ESSBulletGeometryLastHitType::Penerate
BulletParam_0670_00_actSPM_BOM_rapid,ClashCollisionSize,2600
BulletParam_0670_00_actSPM_BOM_rapid,EnergyBullectCollisionPriority,95
BulletParam_0670_00_actSPM_BOM_rapid,HomingAngleLimitAtStart,360
BulletParam_0670_00_actSPM_BOM_rapid,bEnableSplitHit,true
BulletParam_0670_00_actSPM_BOM_rapid,SplitHeight,-150
BulletParam_0670_00_actSPM_BOM_rapid,bDamageCostumeEnable,true
BulletParam_0670_00_actSPM_BOM_rapid,bDamageCostumeLastHitOnly,true
BulletParam_0670_00_actSPM_BOM_rapid,bScratchCostumeEnable,true
BulletParam_0670_00_actSPM_BOM_rapid,ArmorBreakLevel,ブラスト
BulletParam_0670_00_actSPM_BOM_rapid,bImpossibleReflect,true
BulletParam_0670_00_actSPM_BOM_rapid,bImpossibleAbsorption,true
BulletParam_0670_00_actSPM_BOM_rapid,bFinishAtOwnerDamage,true
BulletParam_0670_00_actSPM_BOM_rapid,bEnergyBullectCollisionInvincible,true
BulletParam_0670_00_actSPM_BOM_rapid,bAvoidHistep,true
BulletParam_0670_00_actSPM_BOM_rapid,bBuffAvoidable,true
BulletParam_0670_00_actSPM_BOM_rapid,DestructionFieldScale,26
BulletParam_0680_02_actSPM_BEAM_bi,Power,1040
BulletParam_0680_02_actSPM_BEAM_bi,Shave,208
BulletParam_0680_02_actSPM_BEAM_bi,BeamPower,4160
BulletParam_0680_02_actSPM_BEAM_bi,BeamShave,832
BulletParam_0680_02_actSPM_BEAM_bi,LifeSpan,2
BulletParam_0680_02_actSPM_BEAM_bi,FireLimit,1
BulletParam_0680_02_actSPM_BEAM_bi,CharacterCollisionSize,180
BulletParam_0680_02_actSPM_BEAM_bi,CharacterFirstHitType,ESSBulletCharacterFirstHitType::TraceMultiHit
BulletParam_0680_02_actSPM_BEAM_bi,CollisionRevibeNum,4
BulletParam_0680_02_actSPM_BEAM_bi,CollisionRevibeSpan,0.083333
BulletParam_0680_02_actSPM_BEAM_bi,GeometryFirstHitType,ESSBulletGeometryFirstHitType::StopMultiHit
BulletParam_0680_02_actSPM_BEAM_bi,GeometryCollisionRevibeNum,5
BulletParam_0680_02_actSPM_BEAM_bi,GeometryCollisionRevibeSpan,0.033
BulletParam_0680_02_actSPM_BEAM_bi,EnergyBullectCollisionPriority,200
BulletParam_0680_02_actSPM_BEAM_bi,EnergyBullectCollisionPriorityInBeam,100
BulletParam_0680_02_actSPM_BEAM_bi,HomingAngleLimitAtStart,0
BulletParam_0680_02_actSPM_BEAM_bi,bRootFollowsStartPosition,true
BulletParam_0680_02_actSPM_BEAM_bi,bDamageCostumeEnable,true
BulletParam_0680_02_actSPM_BEAM_bi,bDamageCostumeLastHitOnly,true
BulletParam_0680_02_actSPM_BEAM_bi,bScratchCostumeEnable,true
BulletParam_0680_02_actSPM_BEAM_bi,ArmorBreakLevel,ブラスト
BulletParam_0680_02_actSPM_BEAM_bi,bImpossibleReflect,true
BulletParam_0680_02_actSPM_BEAM_bi,bImpossibleAbsorption,true
BulletParam_0680_02_actSPM_BEAM_bi,bFinishAtOwnerDamage,true
BulletParam_0680_02_actSPM_BEAM_bi,bAvoidHistep,true
BulletParam_0680_02_actSPM_BEAM_bi,bBuffAvoidable,true
BulletParam_0680_02_actSPM2,Power,1667
BulletParam_0680_02_actSPM2,Shave,333
BulletParam_0680_02_actSPM2,BeamPower,1667
BulletParam_0680_02_actSPM2,BeamShave,333
BulletParam_0680_02_actSPM2,LifeSpan,3
BulletParam_0680_02_actSPM2,CharacterCollisionSize,2
BulletParam_0680_02_actSPM2,CharacterFirstHitType,ESSBulletCharacterFirstHitType::TraceMultiHit
BulletParam_0680_02_actSPM2,CollisionRevibeNum,2
BulletParam_0680_02_actSPM2,CollisionRevibeSpan,0.2
BulletParam_0680_02_actSPM2,CharacterLastHitType,ESSBulletCharacterLastHitType::Penerate
BulletParam_0680_02_actSPM2,GeometryCollisionSize,1
BulletParam_0680_02_actSPM2,GeometryFirstHitType,ESSBulletGeometryFirstHitType::PenerateMultiHit
BulletParam_0680_02_actSPM2,GeometryCollisionRevibeNum,20
BulletParam_0680_02_actSPM2,GeometryCollisionRevibeSpan,0.033
BulletParam_0680_02_actSPM2,bLastHitAtIndestructibleGeometry,true
BulletParam_0680_02_actSPM2,ClashCollisionSize,1
BulletParam_0680_02_actSPM2,EnergyBullectCollisionPriority,200
BulletParam_0680_02_actSPM2,HomingAngleLimitAtStart,160
BulletParam_0680_02_actSPM2,MoveParam.HomingEndTime,7
BulletParam_0680_02_actSPM2,bScratchCostumeEnable,true
BulletParam_0680_02_actSPM2,ArmorBreakLevel,ブラスト
BulletParam_0680_02_actSPM2,bImpossibleReflect,true
BulletParam_0680_02_actSPM2,bImpossibleAbsorption,true
BulletParam_0680_02_actSPM2,bAvoidHistep,true
BulletParam_0680_02_actSPM2,bBuffAvoidable,true
BulletParam_0680_02_actSPM2,DestructionFieldScale,5
BulletParam_0700_00_actULTSI_HD_sign,Power,0
BulletParam_0700_00_actULTSI_HD_sign,Shave,2250
BulletParam_0700_00_actULTSI_HD_sign,BeamPower,0
BulletParam_0700_00_actULTSI_HD_sign,BeamShave,1500
BulletParam_0700_00_actULTSI_HD_sign,LifeSpan,1.2
BulletParam_0700_00_actULTSI_HD_sign,CharacterCollisionSize,1300
BulletParam_0700_00_actULTSI_HD_sign,CharacterFirstHitType,ESSBulletCharacterFirstHitType::StopMultiHit
BulletParam_0700_00_actULTSI_HD_sign,CollisionRevibeNum,3
BulletParam_0700_00_actULTSI_HD_sign,CollisionRevibeSpan,0.1
BulletParam_0700_00_actULTSI_HD_sign,GeometryCollisionSize,0
BulletParam_0700_00_actULTSI_HD_sign,GeometryFirstHitType,ESSBulletGeometryFirstHitType::PenerateMultiHit
BulletParam_0700_00_actULTSI_HD_sign,GeometryCollisionRevibeNum,100
BulletParam_0700_00_actULTSI_HD_sign,ClashCollisionSize,1300
BulletParam_0700_00_actULTSI_HD_sign,EnergyBullectCollisionPriority,300
BulletParam_0700_00_actULTSI_HD_sign,HomingAngleLimitAtStart,360
BulletParam_0700_00_actULTSI_HD_sign,ArmorBreakLevel,ブラスト
BulletParam_0700_00_actULTSI_HD_sign,bImpossibleReflect,true
BulletParam_0700_00_actULTSI_HD_sign,bImpossibleAbsorption,true
BulletParam_0700_00_actULTSI_HD_sign,bFinishAtOwnerDamage,true
BulletParam_0700_00_actULTSI_HD_sign,bBuffAvoidable,true
BulletParam_0700_00_actULTSI_HD_sign,DestructionFieldScale,4
BulletParam_0700_00_actULTSI_HD_sign,ReduceZSearchEffectTime,5
BulletParam_0700_01_actSPM1_HD_sign,Power,0
BulletParam_0700_01_actSPM1_HD_sign,Shave,965
BulletParam_0700_01_actSPM1_HD_sign,BeamPower,0
BulletParam_0700_01_actSPM1_HD_sign,BeamShave,770
BulletParam_0700_01_actSPM1_HD_sign,LifeSpan,1.2
BulletParam_0700_01_actSPM1_HD_sign,CharacterCollisionSize,1300
BulletParam_0700_01_actSPM1_HD_sign,CharacterFirstHitType,ESSBulletCharacterFirstHitType::StopMultiHit
BulletParam_0700_01_actSPM1_HD_sign,CollisionRevibeNum,3
BulletParam_0700_01_actSPM1_HD_sign,CollisionRevibeSpan,0.15
BulletParam_0700_01_actSPM1_HD_sign,GeometryCollisionSize,0
BulletParam_0700_01_actSPM1_HD_sign,GeometryFirstHitType,ESSBulletGeometryFirstHitType::PenerateMultiHit
BulletParam_0700_01_actSPM1_HD_sign,GeometryCollisionRevibeNum,100
BulletParam_0700_01_actSPM1_HD_sign,ClashCollisionSize,1300
BulletParam_0700_01_actSPM1_HD_sign,EnergyBullectCollisionPriority,200
BulletParam_0700_01_actSPM1_HD_sign,HomingAngleLimitAtStart,360
BulletParam_0700_01_actSPM1_HD_sign,ArmorBreakLevel,ブラスト
BulletParam_0700_01_actSPM1_HD_sign,bImpossibleReflect,true
BulletParam_0700_01_actSPM1_HD_sign,bImpossibleAbsorption,true
BulletParam_0700_01_actSPM1_HD_sign,bFinishAtOwnerDamage,true
BulletParam_0700_01_actSPM1_HD_sign,bBuffAvoidable,true
BulletParam_0700_01_actSPM1_HD_sign,DestructionFieldScale,0.4
BulletParam_0790_00_actSPM2,Power,500
BulletParam_0790_00_actSPM2,Shave,200
BulletParam_0790_00_actSPM2,BeamPower,500
BulletParam_0790_00_actSPM2,BeamShave,200
BulletParam_0790_00_actSPM2,bSoftAttack,true
BulletParam_0790_00_actSPM2,LifeSpan,0.5
BulletParam_0790_00_actSPM2,bCanLifeSpanEndInMultiHit,true
BulletParam_0790_00_actSPM2,CharacterFirstHitType,ESSBulletCharacterFirstHitType::PenerateMultiHit
BulletParam_0790_00_actSPM2,CollisionRevibeNum,2
BulletParam_0790_00_actSPM2,CollisionRevibeSpan,0.1
BulletParam_0790_00_actSPM2,bIgnoreHitBehindAttackChara,true
BulletParam_0790_00_actSPM2,GeometryCollisionSize,0
BulletParam_0790_00_actSPM2,GeometryFirstHitType,ESSBulletGeometryFirstHitType::PenerateMultiHit
BulletParam_0790_00_actSPM2,ClashCollisionSize,75
BulletParam_0790_00_actSPM2,EnergyBullectCollisionPriority,100
BulletParam_0790_00_actSPM2,HomingAngleLimitAtStart,360
BulletParam_0790_00_actSPM2,ArmorBreakLevel,ブラスト
BulletParam_0790_00_actSPM2,bImpossibleReflect,true
BulletParam_0790_00_actSPM2,bImpossibleAbsorption,true
BulletParam_0790_00_actSPM2,bFinishAtOwnerDamage,true
BulletParam_0790_00_actSPM2,bAvoidHistep,true
BulletParam_0790_00_actSPM2,bBuffAvoidable,true
BulletParam_0790_00_actSPM2,DestructionFieldScale,6
BulletParam_0790_00_actSPM2_2F,Power,750
BulletParam_0790_00_actSPM2_2F,Shave,300
BulletParam_0790_00_actSPM2_2F,BeamPower,750
BulletParam_0790_00_actSPM2_2F,BeamShave,300
BulletParam_0790_00_actSPM2_2F,LifeSpan,0.3
BulletParam_0790_00_actSPM2_2F,bCanLifeSpanEndInMultiHit,true
BulletParam_0790_00_actSPM2_2F,CharacterCollisionSize,110
BulletParam_0790_00_actSPM2_2F,CharacterFirstHitType,ESSBulletCharacterFirstHitType::PenerateMultiHit
BulletParam_0790_00_actSPM2_2F,CollisionRevibeSpan,0.15
BulletParam_0790_00_actSPM2_2F,bIgnoreHitBehindAttackChara,true
BulletParam_0790_00_actSPM2_2F,GeometryFirstHitType,ESSBulletGeometryFirstHitType::PenerateMultiHit
BulletParam_0790_00_actSPM2_2F,EnergyBullectCollisionPriority,100
BulletParam_0790_00_actSPM2_2F,HomingAngleLimitAtStart,360
BulletParam_0790_00_actSPM2_2F,bDamageCostumeEnable,true
BulletParam_0790_00_actSPM2_2F,bDamageCostumeLastHitOnly,true
BulletParam_0790_00_actSPM2_2F,bScratchCostumeEnable,true
BulletParam_0790_00_actSPM2_2F,ArmorBreakLevel,ブラスト
BulletParam_0790_00_actSPM2_2F,bImpossibleReflect,true
BulletParam_0790_00_actSPM2_2F,bImpossibleAbsorption,true
BulletParam_0790_00_actSPM2_2F,bFinishAtOwnerDamage,true
BulletParam_0790_00_actSPM2_2F,DestructionFieldScale,6
BulletParam_0790_00_actSPM2_L,Power,500
BulletParam_0790_00_actSPM2_L,Shave,200
BulletParam_0790_00_actSPM2_L,BeamPower,500
BulletParam_0790_00_actSPM2_L,BeamShave,200
BulletParam_0790_00_actSPM2_L,LifeSpan,0.6
BulletParam_0790_00_actSPM2_L,bCanLifeSpanEndInMultiHit,true
BulletParam_0790_00_actSPM2_L,CharacterFirstHitType,ESSBulletCharacterFirstHitType::PenerateMultiHit
BulletParam_0790_00_actSPM2_L,CollisionRevibeNum,2
BulletParam_0790_00_actSPM2_L,CollisionRevibeSpan,0.1
BulletParam_0790_00_actSPM2_L,bIgnoreHitBehindAttackChara,true
BulletParam_0790_00_actSPM2_L,GeometryCollisionSize,0
BulletParam_0790_00_actSPM2_L,GeometryFirstHitType,ESSBulletGeometryFirstHitType::PenerateMultiHit
BulletParam_0790_00_actSPM2_L,ClashCollisionSize,75
BulletParam_0790_00_actSPM2_L,EnergyBullectCollisionPriority,100
BulletParam_0790_00_actSPM2_L,HomingAngleLimitAtStart,360
BulletParam_0790_00_actSPM2_L,ArmorBreakLevel,ブラスト
BulletParam_0790_00_actSPM2_L,bImpossibleReflect,true
BulletParam_0790_00_actSPM2_L,bImpossibleAbsorption,true
BulletParam_0790_00_actSPM2_L,bFinishAtOwnerDamage,true
BulletParam_0790_00_actSPM2_L,DestructionFieldScale,6
BulletParam_0790_00_actSPM2_R,Power,500
BulletParam_0790_00_actSPM2_R,Shave,200
BulletParam_0790_00_actSPM2_R,BeamPower,500
BulletParam_0790_00_actSPM2_R,BeamShave,200
BulletParam_0790_00_actSPM2_R,LifeSpan,0.5
BulletParam_0790_00_actSPM2_R,bCanLifeSpanEndInMultiHit,true
BulletParam_0790_00_actSPM2_R,CharacterFirstHitType,ESSBulletCharacterFirstHitType::TraceMultiHit
BulletParam_0790_00_actSPM2_R,CollisionRevibeNum,2
BulletParam_0790_00_actSPM2_R,CollisionRevibeSpan,0.1
BulletParam_0790_00_actSPM2_R,bIgnoreHitBehindAttackChara,true
BulletParam_0790_00_actSPM2_R,GeometryCollisionSize,0
BulletParam_0790_00_actSPM2_R,GeometryFirstHitType,ESSBulletGeometryFirstHitType::PenerateMultiHit
BulletParam_0790_00_actSPM2_R,GeometryCollisionRevibeNum,100
BulletParam_0790_00_actSPM2_R,ClashCollisionSize,75
BulletParam_0790_00_actSPM2_R,EnergyBullectCollisionPriority,100
BulletParam_0790_00_actSPM2_R,HomingAngleLimitAtStart,360
BulletParam_0790_00_actSPM2_R,ArmorBreakLevel,ブラスト
BulletParam_0790_00_actSPM2_R,bImpossibleReflect,true
BulletParam_0790_00_actSPM2_R,bImpossibleAbsorption,true
BulletParam_0790_00_actSPM2_R,bFinishAtOwnerDamage,true
BulletParam_0790_00_actSPM2_R,DestructionFieldScale,6
BulletParam_0810_01_actSPM2,Power,500
BulletParam_0810_01_actSPM2,Shave,125
BulletParam_0810_01_actSPM2,BeamPower,400
BulletParam_0810_01_actSPM2,BeamShave,100
BulletParam_0810_01_actSPM2,LifeSpan,2
BulletParam_0810_01_actSPM2,FireLimit,10
BulletParam_0810_01_actSPM2,CharacterCollisionSize,50
BulletParam_0810_01_actSPM2,CollisionRevibeSpan,0.1
BulletParam_0810_01_actSPM2,GeometryCollisionSize,25
BulletParam_0810_01_actSPM2,ClashCollisionSize,35
BulletParam_0810_01_actSPM2,EnergyBullectCollisionPriority,100
BulletParam_0810_01_actSPM2,HomingAngleLimitAtStart,360
BulletParam_0810_01_actSPM2,MoveParam.HomingEndTime,2.25
BulletParam_0810_01_actSPM2,bScratchCostumeEnable,true
BulletParam_0810_01_actSPM2,ArmorBreakLevel,ブラスト
BulletParam_0810_01_actSPM2,bImpossibleReflect,true
BulletParam_0810_01_actSPM2,bImpossibleAbsorption,true
BulletParam_0810_01_actSPM2,bFinishAtOwnerDamage,true
BulletParam_0810_01_actSPM2,bAvoidHistep,true
BulletParam_0810_01_actSPM2,bBuffAvoidable,true
BulletParam_0810_01_actSPM2,DestructionFieldScale,0.4
BulletParam_1321_00_actEXA1_BREATH,Shave,10
BulletParam_1321_00_actEXA1_BREATH,BeamShave,10
BulletParam_1321_00_actEXA1_BREATH,LifeSpan,0.8
BulletParam_1321_00_actEXA1_BREATH,bCanLifeSpanEndInMultiHit,true
BulletParam_1321_00_actEXA1_BREATH,CharacterCollisionSize,50
BulletParam_1321_00_actEXA1_BREATH,CharacterFirstHitType,ESSBulletCharacterFirstHitType::PenerateMultiHit
BulletParam_1321_00_actEXA1_BREATH,CollisionRevibeNum,2
BulletParam_1321_00_actEXA1_BREATH,CollisionRevibeSpan,0.15
BulletParam_1321_00_actEXA1_BREATH,bIgnoreHitBehindAttackChara,true
BulletParam_1321_00_actEXA1_BREATH,GeometryCollisionSize,0
BulletParam_1321_00_actEXA1_BREATH,GeometryFirstHitType,ESSBulletGeometryFirstHitType::PenerateMultiHit
BulletParam_1321_00_actEXA1_BREATH,GeometryLastHitType,ESSBulletGeometryLastHitType::Penerate
BulletParam_1321_00_actEXA1_BREATH,ClashCollisionSize,50
BulletParam_1321_00_actEXA1_BREATH,EnergyBullectCollisionPriority,100
BulletParam_1321_00_actEXA1_BREATH,HomingAngleLimitAtStart,360
BulletParam_1321_00_actEXA1_BREATH,bRootFollowsStartPosition,true
BulletParam_1321_00_actEXA1_BREATH,ArmorBreakLevel,ブラスト
BulletParam_1321_00_actEXA1_BREATH,bImpossibleGuard,true
BulletParam_1321_00_actEXA1_BREATH,bImpossibleReflect,true
BulletParam_1321_00_actEXA1_BREATH,bImpossibleAbsorption,true
BulletParam_1321_00_actEXA1_BREATH,bAvoidHistep,true
BulletParam_1321_00_actEXA1_BREATH,bBuffAvoidable,true
BulletParam_1321_00_actEXA1_BREATH,DestructionFieldScale,1.8
BulletParam_3000_02_actSPM_BULLET_barrage05,Power,1000
BulletParam_3000_02_actSPM_BULLET_barrage05,Shave,200
BulletParam_3000_02_actSPM_BULLET_barrage05,BeamPower,1000
BulletParam_3000_02_actSPM_BULLET_barrage05,BeamShave,200
BulletParam_3000_02_actSPM_BULLET_barrage05,LifeSpan,2
BulletParam_3000_02_actSPM_BULLET_barrage05,FireLimit,10
BulletParam_3000_02_actSPM_BULLET_barrage05,CharacterCollisionSize,50
BulletParam_3000_02_actSPM_BULLET_barrage05,CollisionRevibeSpan,0.1
BulletParam_3000_02_actSPM_BULLET_barrage05,GeometryCollisionSize,25
BulletParam_3000_02_actSPM_BULLET_barrage05,ClashCollisionSize,45
BulletParam_3000_02_actSPM_BULLET_barrage05,EnergyBullectCollisionPriority,100
BulletParam_3000_02_actSPM_BULLET_barrage05,HomingAngleLimitAtStart,360
BulletParam_3000_02_actSPM_BULLET_barrage05,MoveParam.HomingEndTime,2.25
BulletParam_3000_02_actSPM_BULLET_barrage05,bScratchCostumeEnable,true
BulletParam_3000_02_actSPM_BULLET_barrage05,ArmorBreakLevel,ブラスト
BulletParam_3000_02_actSPM_BULLET_barrage05,bImpossibleReflect,true
BulletParam_3000_02_actSPM_BULLET_barrage05,bImpossibleAbsorption,true
BulletParam_3000_02_actSPM_BULLET_barrage05,bAvoidHistep,true
BulletParam_3000_02_actSPM_BULLET_barrage05,bBuffAvoidable,true
BulletParam_3000_02_actSPM_BULLET_barrage05,DestructionFieldScale,0.4
BulletParam_3060_03_actSPM1_BULLET,Power,5700
BulletParam_3060_03_actSPM1_BULLET,Shave,1140
BulletParam_3060_03_actSPM1_BULLET,BeamPower,5700
BulletParam_3060_03_actSPM1_BULLET,BeamShave,1140
BulletParam_3060_03_actSPM1_BULLET,LifeSpan,1.8
BulletParam_3060_03_actSPM1_BULLET,FireLimit,1
BulletParam_3060_03_actSPM1_BULLET,CharacterCollisionSize,150
BulletParam_3060_03_actSPM1_BULLET,CollisionRevibeNum,11
BulletParam_3060_03_actSPM1_BULLET,CollisionRevibeSpan,0.1
BulletParam_3060_03_actSPM1_BULLET,GeometryCollisionSize,16
BulletParam_3060_03_actSPM1_BULLET,EnergyBullectCollisionPriority,200
BulletParam_3060_03_actSPM1_BULLET,HomingAngleLimitAtStart,360
BulletParam_3060_03_actSPM1_BULLET,bDamageCostumeEnable,true
BulletParam_3060_03_actSPM1_BULLET,bDamageCostumeLastHitOnly,true
BulletParam_3060_03_actSPM1_BULLET,bScratchCostumeEnable,true
BulletParam_3060_03_actSPM1_BULLET,ArmorBreakLevel,ブラスト
BulletParam_3060_03_actSPM1_BULLET,bImpossibleReflect,true
BulletParam_3060_03_actSPM1_BULLET,bImpossibleAbsorption,true
BulletParam_3060_03_actSPM1_BULLET,bBlastImpactBulletShift,true
BulletParam_3060_03_actSPM1_BULLET,bAvoidHistep,true
BulletParam_3060_03_actSPM1_BULLET,bBuffAvoidable,true
BulletParam_3060_03_actSPM1_BULLET,bIgnoreActionTarget,true
BulletParam_3070_00_actULTSI_HD_frame,Power,0
BulletParam_3070_00_actULTSI_HD_frame,Shave,480
BulletParam_3070_00_actULTSI_HD_frame,BeamPower,0
BulletParam_3070_00_actULTSI_HD_frame,BeamShave,384
BulletParam_3070_00_actULTSI_HD_frame,LifeSpan,2
BulletParam_3070_00_actULTSI_HD_frame,bCanLifeSpanEndInMultiHit,true
BulletParam_3070_00_actULTSI_HD_frame,CharacterFirstHitType,ESSBulletCharacterFirstHitType::TraceMultiHit
BulletParam_3070_00_actULTSI_HD_frame,CollisionRevibeNum,4
BulletParam_3070_00_actULTSI_HD_frame,CollisionRevibeSpan,0.1
BulletParam_3070_00_actULTSI_HD_frame,bIgnoreHitBehindAttackChara,true
BulletParam_3070_00_actULTSI_HD_frame,GeometryCollisionSize,0
BulletParam_3070_00_actULTSI_HD_frame,GeometryFirstHitType,ESSBulletGeometryFirstHitType::PenerateMultiHit
BulletParam_3070_00_actULTSI_HD_frame,EnergyBullectCollisionPriority,300
BulletParam_3070_00_actULTSI_HD_frame,HomingAngleLimitAtStart,360
BulletParam_3070_00_actULTSI_HD_frame,bScratchCostumeEnable,true
BulletParam_3070_00_actULTSI_HD_frame,ArmorBreakLevel,ブラスト
BulletParam_3070_00_actULTSI_HD_frame,bImpossibleReflect,true
BulletParam_3070_00_actULTSI_HD_frame,bImpossibleAbsorption,true
BulletParam_3070_00_actULTSI_HD_frame,bFinishAtOwnerDamage,true
BulletParam_3070_00_actULTSI_HD_frame,bAvoidHistep,true
BulletParam_3070_00_actULTSI_HD_frame,bBuffAvoidable,true
BulletParam_3070_00_actULTSI_HD_frame,DestructionFieldScale,1.8
BulletParam_3080_00_actEXA1_BND,Power,500
BulletParam_3080_00_actEXA1_BND,Shave,20
BulletParam_3080_00_actEXA1_BND,BeamPower,400
BulletParam_3080_00_actEXA1_BND,LifeSpan,0.8
BulletParam_3080_00_actEXA1_BND,FireLimit,10
BulletParam_3080_00_actEXA1_BND,CharacterCollisionSize,60
BulletParam_3080_00_actEXA1_BND,CollisionRevibeSpan,0.1
BulletParam_3080_00_actEXA1_BND,CharacterLastHitType,ESSBulletCharacterLastHitType::Penerate
BulletParam_3080_00_actEXA1_BND,GeometryCollisionSize,0
BulletParam_3080_00_actEXA1_BND,ClashCollisionSize,50
BulletParam_3080_00_actEXA1_BND,EnergyBullectCollisionPriority,100
BulletParam_3080_00_actEXA1_BND,HomingAngleLimitAtStart,30
BulletParam_3080_00_actEXA1_BND,HomingAngleLimitAtStartYaw,25
BulletParam_3080_00_actEXA1_BND,ArmorBreakLevel,ブラスト
BulletParam_3080_00_actEXA1_BND,bImpossibleGuard,true
BulletParam_3080_00_actEXA1_BND,bImpossibleReflect,true
BulletParam_3080_00_actEXA1_BND,bImpossibleAbsorption,true
BulletParam_3080_00_actEXA1_BND,bFinishAtOwnerDamage,true
BulletParam_3080_00_actEXA1_BND,bAvoidHistep,true
BulletParam_3080_00_actEXA1_BND,bBuffAvoidable,true
BulletParam_3080_00_actEXA1_BND,DestructionFieldScale,0.4
BulletParam_3110_00_actSPM1_fal,Power,5700
BulletParam_3110_00_actSPM1_fal,Shave,250
BulletParam_3110_00_actSPM1_fal,BeamPower,800
BulletParam_3110_00_actSPM1_fal,BeamShave,200
BulletParam_3110_00_actSPM1_fal,LifeSpan,3
BulletParam_3110_00_actSPM1_fal,FireLimit,1
BulletParam_3110_00_actSPM1_fal,CharacterCollisionSize,180
BulletParam_3110_00_actSPM1_fal,CollisionRevibeNum,11
BulletParam_3110_00_actSPM1_fal,CollisionRevibeSpan,0.1
BulletParam_3110_00_actSPM1_fal,EnergyBullectCollisionPriority,100
BulletParam_3110_00_actSPM1_fal,HomingAngleLimitAtStart,360
BulletParam_3110_00_actSPM1_fal,MoveParam.HomingEndTime,0.65
BulletParam_3110_00_actSPM1_fal,MoveParam.bHomingAvoidDisable,true
BulletParam_3110_00_actSPM1_fal,bScratchCostumeEnable,true
BulletParam_3110_00_actSPM1_fal,ArmorBreakLevel,ブラスト
BulletParam_3110_00_actSPM1_fal,bImpossibleReflect,true
BulletParam_3110_00_actSPM1_fal,bImpossibleAbsorption,true
BulletParam_3110_00_actSPM1_fal,bAvoidHistep,true
BulletParam_3110_00_actSPM1_fal,bBuffAvoidable,true
BulletParam_3130_00_actEXA_BND,Power,500
BulletParam_3130_00_actEXA_BND,Shave,20
BulletParam_3130_00_actEXA_BND,BeamPower,400
BulletParam_3130_00_actEXA_BND,LifeSpan,1
BulletParam_3130_00_actEXA_BND,FireLimit,10
BulletParam_3130_00_actEXA_BND,CharacterCollisionSize,350
BulletParam_3130_00_actEXA_BND,CollisionRevibeSpan,0.1
BulletParam_3130_00_actEXA_BND,CharacterLastHitType,ESSBulletCharacterLastHitType::Penerate
BulletParam_3130_00_actEXA_BND,GeometryCollisionSize,50
BulletParam_3130_00_actEXA_BND,ClashCollisionSize,350
BulletParam_3130_00_actEXA_BND,EnergyBullectCollisionPriority,100
BulletParam_3130_00_actEXA_BND,HomingAngleLimitAtStart,360
BulletParam_3130_00_actEXA_BND,ArmorBreakLevel,ブラスト
BulletParam_3130_00_actEXA_BND,bImpossibleGuard,true
BulletParam_3130_00_actEXA_BND,bImpossibleReflect,true
BulletParam_3130_00_actEXA_BND,bImpossibleAbsorption,true
BulletParam_3130_00_actEXA_BND,bFinishAtOwnerDamage,true
BulletParam_3130_00_actEXA_BND,bAvoidHistep,true
BulletParam_3130_00_actEXA_BND,bBuffAvoidable,true
BulletParam_3130_00_actEXA_BND,DestructionFieldScale,0.4
BulletParam_3130_00_actSPM2_bomhit,Power,0
BulletParam_3130_00_actSPM2_bomhit,Shave,300
BulletParam_3130_00_actSPM2_bomhit,BeamPower,0
BulletParam_3130_00_actSPM2_bomhit,BeamShave,240
BulletParam_3130_00_actSPM2_bomhit,LifeSpan,1
BulletParam_3130_00_actSPM2_bomhit,CharacterFirstHitType,ESSBulletCharacterFirstHitType::TraceMultiHit
BulletParam_3130_00_actSPM2_bomhit,CollisionRevibeNum,3
BulletParam_3130_00_actSPM2_bomhit,CollisionRevibeSpan,0.15
BulletParam_3130_00_actSPM2_bomhit,GeometryCollisionSize,0
BulletParam_3130_00_actSPM2_bomhit,GeometryFirstHitType,ESSBulletGeometryFirstHitType::PenerateMultiHit
BulletParam_3130_00_actSPM2_bomhit,GeometryLastHitType,ESSBulletGeometryLastHitType::Penerate
BulletParam_3130_00_actSPM2_bomhit,EnergyBullectCollisionPriority,200
BulletParam_3130_00_actSPM2_bomhit,HomingAngleLimitAtStart,360
BulletParam_3130_00_actSPM2_bomhit,bRootFollowsStartPosition,true
BulletParam_3130_00_actSPM2_bomhit,bRootFollowsStartRotation,true
BulletParam_3130_00_actSPM2_bomhit,bDamageCostumeEnable,true
BulletParam_3130_00_actSPM2_bomhit,bDamageCostumeLastHitOnly,true
BulletParam_3130_00_actSPM2_bomhit,bScratchCostumeEnable,true
BulletParam_3130_00_actSPM2_bomhit,ArmorBreakLevel,ブラスト
BulletParam_3130_00_actSPM2_bomhit,bImpossibleReflect,true
BulletParam_3130_00_actSPM2_bomhit,bImpossibleAbsorption,true
BulletParam_3130_00_actSPM2_bomhit,bFinishAtOwnerDamage,true
BulletParam_3130_00_actSPM2_bomhit,bAvoidHistep,true
BulletParam_3130_00_actSPM2_bomhit,bBuffAvoidable,true
BulletParam_3130_00_actSPM2_bomhit,DestructionFieldScale,1.8
BulletParam_3130_00_actSPM2_smoke,Power,0
BulletParam_3130_00_actSPM2_smoke,Shave,0
BulletParam_3130_00_actSPM2_smoke,BeamPower,0
BulletParam_3130_00_actSPM2_smoke,BeamShave,0
BulletParam_3130_00_actSPM2_smoke,LifeSpan,1
BulletParam_3130_00_actSPM2_smoke,CharacterCollisionSize,0
BulletParam_3130_00_actSPM2_smoke,CharacterFirstHitType,ESSBulletCharacterFirstHitType::TraceMultiHit
BulletParam_3130_00_actSPM2_smoke,CollisionRevibeNum,3
BulletParam_3130_00_actSPM2_smoke,CollisionRevibeSpan,0.15
BulletParam_3130_00_actSPM2_smoke,GeometryCollisionSize,10
BulletParam_3130_00_actSPM2_smoke,GeometryFirstHitType,ESSBulletGeometryFirstHitType::PenerateMultiHit
BulletParam_3130_00_actSPM2_smoke,GeometryLastHitType,ESSBulletGeometryLastHitType::Penerate
BulletParam_3130_00_actSPM2_smoke,ClashCollisionSize,10
BulletParam_3130_00_actSPM2_smoke,EnergyBullectCollisionPriority,200
BulletParam_3130_00_actSPM2_smoke,HomingAngleLimitAtStart,360
BulletParam_3130_00_actSPM2_smoke,bRootFollowsStartPosition,true
BulletParam_3130_00_actSPM2_smoke,bRootFollowsStartRotation,true
BulletParam_3130_00_actSPM2_smoke,bDamageCostumeEnable,true
BulletParam_3130_00_actSPM2_smoke,bDamageCostumeLastHitOnly,true
BulletParam_3130_00_actSPM2_smoke,bScratchCostumeEnable,true
BulletParam_3130_00_actSPM2_smoke,ArmorBreakLevel,ブラスト
BulletParam_3130_00_actSPM2_smoke,bImpossibleReflect,true
BulletParam_3130_00_actSPM2_smoke,bImpossibleAbsorption,true
BulletParam_3130_00_actSPM2_smoke,bFinishAtOwnerDamage,true
BulletParam_3130_00_actSPM2_smoke,bAvoidHistep,true
BulletParam_3130_00_actSPM2_smoke,bBuffAvoidable,true
BulletParam_3130_00_actSPM2_smoke,DestructionFieldScale,1.8
BulletParam_3150_00_actSPM1_BULLET_HD_barrage03,Power,0
BulletParam_3150_00_actSPM1_BULLET_HD_barrage03,Shave,800
BulletParam_3150_00_actSPM1_BULLET_HD_barrage03,BeamPower,0
BulletParam_3150_00_actSPM1_BULLET_HD_barrage03,BeamShave,800
BulletParam_3150_00_actSPM1_BULLET_HD_barrage03,LifeSpan,2
BulletParam_3150_00_actSPM1_BULLET_HD_barrage03,FireLimit,10
BulletParam_3150_00_actSPM1_BULLET_HD_barrage03,CollisionRevibeSpan,0.1
BulletParam_3150_00_actSPM1_BULLET_HD_barrage03,ClashCollisionSize,80
BulletParam_3150_00_actSPM1_BULLET_HD_barrage03,EnergyBullectCollisionPriority,300
BulletParam_3150_00_actSPM1_BULLET_HD_barrage03,HomingAngleLimitAtStart,360
BulletParam_3150_00_actSPM1_BULLET_HD_barrage03,MoveParam.HomingEndTime,2.25
BulletParam_3150_00_actSPM1_BULLET_HD_barrage03,ArmorBreakLevel,ブラスト
BulletParam_3150_00_actSPM1_BULLET_HD_barrage03,bImpossibleReflect,true
BulletParam_3150_00_actSPM1_BULLET_HD_barrage03,bImpossibleAbsorption,true
BulletParam_3150_00_actSPM1_BULLET_HD_barrage03,bFinishAtOwnerDamage,true
BulletParam_3150_00_actSPM1_BULLET_HD_barrage03,bBlastImpactBulletShift,true
BulletParam_3150_00_actSPM1_BULLET_HD_barrage03,bAvoidHistep,true
BulletParam_3150_00_actSPM1_BULLET_HD_barrage03,bBuffAvoidable,true
BulletParam_3150_00_actSPM1_BULLET_HD_barrage03,DestructionFieldScale,2
BulletParam_3150_00_actSPM1_BULLET_HD_barrage03,ReduceZSearchEffectTime,5
BulletParam_3190_00_actSPM2_SBM,Power,5700
BulletParam_3190_00_actSPM2_SBM,Shave,1425
BulletParam_3190_00_actSPM2_SBM,BeamPower,4560
BulletParam_3190_00_actSPM2_SBM,BeamShave,1140
BulletParam_3190_00_actSPM2_SBM,LifeSpan,17
BulletParam_3190_00_actSPM2_SBM,GeometryCollisionSize,10
BulletParam_3190_00_actSPM2_SBM,GeometryCollisionRevibeNum,20
BulletParam_3190_00_actSPM2_SBM,GeometryCollisionRevibeSpan,0.033
BulletParam_3190_00_actSPM2_SBM,EnergyBullectCollisionPriority,200
BulletParam_3190_00_actSPM2_SBM,HomingAngleLimitAtStart,360
BulletParam_3190_00_actSPM2_SBM,MoveParam.HomingEndTime,3
BulletParam_3190_00_actSPM2_SBM,bScratchCostumeEnable,true
BulletParam_3190_00_actSPM2_SBM,ArmorBreakLevel,ブラスト
BulletParam_3190_00_actSPM2_SBM,bImpossibleReflect,true
BulletParam_3190_00_actSPM2_SBM,bImpossibleAbsorption,true
BulletParam_3190_00_actSPM2_SBM,bFinishAtOwnerDamage,true
BulletParam_3190_00_actSPM2_SBM,bBuffAvoidable,true
BulletParam_3190_00_actSPM2_SBM_2_A,Power,867
BulletParam_3190_00_actSPM2_SBM_2_A,Shave,173
BulletParam_3190_00_actSPM2_SBM_2_A,BeamPower,867
BulletParam_3190_00_actSPM2_SBM_2_A,BeamShave,173
BulletParam_3190_00_actSPM2_SBM_2_A,LifeSpan,2
BulletParam_3190_00_actSPM2_SBM_2_A,GeometryCollisionSize,50
BulletParam_3190_00_actSPM2_SBM_2_A,GeometryCollisionRevibeNum,20
BulletParam_3190_00_actSPM2_SBM_2_A,EnergyBullectCollisionPriority,200
BulletParam_3190_00_actSPM2_SBM_2_A,HomingAngleLimitAtStart,360
BulletParam_3190_00_actSPM2_SBM_2_A,TargetPointDiffusionRadius,5
BulletParam_3190_00_actSPM2_SBM_2_A,bScratchCostumeEnable,true
BulletParam_3190_00_actSPM2_SBM_2_A,ArmorBreakLevel,ブラスト
BulletParam_3190_00_actSPM2_SBM_2_A,bImpossibleReflect,true
BulletParam_3190_00_actSPM2_SBM_2_A,bImpossibleAbsorption,true
BulletParam_3190_00_actSPM2_SBM_2_A,bFinishAtOwnerDamage,true
BulletParam_3190_00_actSPM2_SBM_2_A,bAvoidHistep,true
BulletParam_3190_00_actSPM2_SBM_2_A,bBuffAvoidable,true
BulletParam_3190_00_actSPM2_SBM_2_A,DestructionFieldScale,1.5
BulletParam_3190_00_actSPM2_SBM_2_B,Power,867
BulletParam_3190_00_actSPM2_SBM_2_B,Shave,173
BulletParam_3190_00_actSPM2_SBM_2_B,BeamPower,867
BulletParam_3190_00_actSPM2_SBM_2_B,BeamShave,173
BulletParam_3190_00_actSPM2_SBM_2_B,LifeSpan,2
BulletParam_3190_00_actSPM2_SBM_2_B,GeometryCollisionSize,50
BulletParam_3190_00_actSPM2_SBM_2_B,GeometryCollisionRevibeNum,20
BulletParam_3190_00_actSPM2_SBM_2_B,EnergyBullectCollisionPriority,200
BulletParam_3190_00_actSPM2_SBM_2_B,HomingAngleLimitAtStart,360
BulletParam_3190_00_actSPM2_SBM_2_B,TargetPointDiffusionRadius,400
BulletParam_3190_00_actSPM2_SBM_2_B,MoveParam.HomingRandamScale.Min,0
BulletParam_3190_00_actSPM2_SBM_2_B,MoveParam.HomingRandamScale.Max,0
BulletParam_3190_00_actSPM2_SBM_2_B,bScratchCostumeEnable,true
BulletParam_3190_00_actSPM2_SBM_2_B,ArmorBreakLevel,ブラスト
BulletParam_3190_00_actSPM2_SBM_2_B,bImpossibleReflect,true
BulletParam_3190_00_actSPM2_SBM_2_B,bImpossibleAbsorption,true
BulletParam_3190_00_actSPM2_SBM_2_B,bFinishAtOwnerDamage,true
BulletParam_3190_00_actSPM2_SBM_2_B,bAvoidHistep,true
BulletParam_3190_00_actSPM2_SBM_2_B,bBuffAvoidable,true
BulletParam_3190_00_actSPM2_SBM_2_B,DestructionFieldScale,1.5
BulletParam_3310_00_actSPM_BULLET_hom,Power,5700
BulletParam_3310_00_actSPM_BULLET_hom,Shave,1140
BulletParam_3310_00_actSPM_BULLET_hom,BeamPower,5700
BulletParam_3310_00_actSPM_BULLET_hom,BeamShave,1140
BulletParam_3310_00_actSPM_BULLET_hom,LifeSpan,4.5
BulletParam_3310_00_actSPM_BULLET_hom,FireLimit,1
BulletParam_3310_00_actSPM_BULLET_hom,CharacterCollisionSize,120
BulletParam_3310_00_actSPM_BULLET_hom,CollisionRevibeNum,2
BulletParam_3310_00_actSPM_BULLET_hom,CollisionRevibeSpan,0.1
BulletParam_3310_00_actSPM_BULLET_hom,GeometryCollisionSize,30
BulletParam_3310_00_actSPM_BULLET_hom,ClashCollisionSize,120
BulletParam_3310_00_actSPM_BULLET_hom,EnergyBullectCollisionPriority,200
BulletParam_3310_00_actSPM_BULLET_hom,HomingAngleLimitAtStart,360
BulletParam_3310_00_actSPM_BULLET_hom,MoveParam.bHomingAvoidDisable,true
BulletParam_3310_00_actSPM_BULLET_hom,bDamageCostumeEnable,true
BulletParam_3310_00_actSPM_BULLET_hom,bDamageCostumeLastHitOnly,true
BulletParam_3310_00_actSPM_BULLET_hom,bScratchCostumeEnable,true
BulletParam_3310_00_actSPM_BULLET_hom,ArmorBreakLevel,ブラスト
BulletParam_3310_00_actSPM_BULLET_hom,bImpossibleReflect,true
BulletParam_3310_00_actSPM_BULLET_hom,bImpossibleAbsorption,true
BulletParam_3310_00_actSPM_BULLET_hom,bBlastImpactBulletShift,true
BulletParam_3310_00_actSPM_BULLET_hom,bAvoidHistep,true
BulletParam_3310_00_actSPM_BULLET_hom,bBuffAvoidable,true
BulletParam_3310_00_actSPM_BULLET_hom,bIgnoreActionTarget,true
BulletParam_3360_00_actSPM_BEAM_pen_3hit,Power,1730
BulletParam_3360_00_actSPM_BEAM_pen_3hit,Shave,346
BulletParam_3360_00_actSPM_BEAM_pen_3hit,BeamPower,4160
BulletParam_3360_00_actSPM_BEAM_pen_3hit,BeamShave,1040
BulletParam_3360_00_actSPM_BEAM_pen_3hit,LifeSpan,2.4
BulletParam_3360_00_actSPM_BEAM_pen_3hit,LifeSpanAfterPassedTarget,0.35
BulletParam_3360_00_actSPM_BEAM_pen_3hit,FireLimit,1
BulletParam_3360_00_actSPM_BEAM_pen_3hit,CharacterCollisionSize,40
BulletParam_3360_00_actSPM_BEAM_pen_3hit,CharacterFirstHitType,ESSBulletCharacterFirstHitType::PenerateMultiHit
BulletParam_3360_00_actSPM_BEAM_pen_3hit,CollisionRevibeNum,2
BulletParam_3360_00_actSPM_BEAM_pen_3hit,CollisionRevibeSpan,0.033333
BulletParam_3360_00_actSPM_BEAM_pen_3hit,CharacterLastHitType,ESSBulletCharacterLastHitType::Penerate
BulletParam_3360_00_actSPM_BEAM_pen_3hit,GeometryCollisionSize,10
BulletParam_3360_00_actSPM_BEAM_pen_3hit,ClashCollisionSize,40
BulletParam_3360_00_actSPM_BEAM_pen_3hit,EnergyBullectCollisionPriority,200
BulletParam_3360_00_actSPM_BEAM_pen_3hit,EnergyBullectCollisionPriorityInBeam,100
BulletParam_3360_00_actSPM_BEAM_pen_3hit,bOverrideBeamCollisionSize,true
BulletParam_3360_00_actSPM_BEAM_pen_3hit,BeamCollisionSize,40
BulletParam_3360_00_actSPM_BEAM_pen_3hit,HomingAngleLimitAtStart,360
BulletParam_3360_00_actSPM_BEAM_pen_3hit,bRootFollowsStartPosition,true
BulletParam_3360_00_actSPM_BEAM_pen_3hit,MoveParam.HomingEndTime,1.3
BulletParam_3360_00_actSPM_BEAM_pen_3hit,bDamageCostumeEnable,true
BulletParam_3360_00_actSPM_BEAM_pen_3hit,bDamageCostumeLastHitOnly,true
BulletParam_3360_00_actSPM_BEAM_pen_3hit,bScratchCostumeEnable,true
BulletParam_3360_00_actSPM_BEAM_pen_3hit,ArmorBreakLevel,ブラスト
BulletParam_3360_00_actSPM_BEAM_pen_3hit,bImpossibleReflect,true
BulletParam_3360_00_actSPM_BEAM_pen_3hit,bImpossibleAbsorption,true
BulletParam_3360_00_actSPM_BEAM_pen_3hit,bFinishAtOwnerDamage,true
BulletParam_3360_00_actSPM_BEAM_pen_3hit,bAvoidHistep,true
BulletParam_3360_00_actSPM_BEAM_pen_3hit,bBuffAvoidable,true
BulletParam_3360_00_actSPM_BEAM_pen_3hit,DestructionFieldScale,0.4
BulletParam_actEXA_BAR,Power,750
BulletParam_actEXA_BAR,Shave,188
BulletParam_actEXA_BAR,BeamPower,750
BulletParam_actEXA_BAR,BeamShave,250
BulletParam_actEXA_BAR,LifeSpan,0.54
BulletParam_actEXA_BAR,bCanLifeSpanEndInMultiHit,true
BulletParam_actEXA_BAR,CharacterCollisionSize,500
BulletParam_actEXA_BAR,CollisionRevibeNum,5
BulletParam_actEXA_BAR,CollisionRevibeSpan,0.2
BulletParam_actEXA_BAR,CharacterLastHitType,ESSBulletCharacterLastHitType::Penerate
BulletParam_actEXA_BAR,GeometryCollisionSize,0
BulletParam_actEXA_BAR,GeometryLastHitType,ESSBulletGeometryLastHitType::Penerate
BulletParam_actEXA_BAR,ClashCollisionSize,500
BulletParam_actEXA_BAR,EnergyBullectCollisionPriority,500
BulletParam_actEXA_BAR,HomingAngleLimitAtStart,360
BulletParam_actEXA_BAR,bEnableSplitHit,true
BulletParam_actEXA_BAR,SplitHeight,-150
BulletParam_actEXA_BAR,ArmorBreakLevel,ブラスト
BulletParam_actEXA_BAR,bImpossibleReflect,true
BulletParam_actEXA_BAR,bImpossibleAbsorption,true
BulletParam_actEXA_BAR,bEnergyBullectCollisionInvincible,true
BulletParam_actEXA_BAR,bAvoidHistep,true
BulletParam_actEXA_BAR,DestructionFieldScale,6
BulletParam_actEXA_BAR_huge,Power,750
BulletParam_actEXA_BAR_huge,Shave,188
BulletParam_actEXA_BAR_huge,BeamPower,750
BulletParam_actEXA_BAR_huge,BeamShave,250
BulletParam_actEXA_BAR_huge,LifeSpan,0.54
BulletParam_actEXA_BAR_huge,bCanLifeSpanEndInMultiHit,true
BulletParam_actEXA_BAR_huge,CharacterCollisionSize,1000
BulletParam_actEXA_BAR_huge,CollisionRevibeNum,5
BulletParam_actEXA_BAR_huge,CollisionRevibeSpan,0.2
BulletParam_actEXA_BAR_huge,CharacterLastHitType,ESSBulletCharacterLastHitType::Penerate
BulletParam_actEXA_BAR_huge,GeometryCollisionSize,0
BulletParam_actEXA_BAR_huge,GeometryLastHitType,ESSBulletGeometryLastHitType::Penerate
BulletParam_actEXA_BAR_huge,ClashCollisionSize,1000
BulletParam_actEXA_BAR_huge,EnergyBullectCollisionPriority,500
BulletParam_actEXA_BAR_huge,HomingAngleLimitAtStart,360
BulletParam_actEXA_BAR_huge,bEnableSplitHit,true
BulletParam_actEXA_BAR_huge,SplitHeight,-700
BulletParam_actEXA_BAR_huge,ArmorBreakLevel,ブラスト
BulletParam_actEXA_BAR_huge,bImpossibleReflect,true
BulletParam_actEXA_BAR_huge,bImpossibleAbsorption,true
BulletParam_actEXA_BAR_huge,bEnergyBullectCollisionInvincible,true
BulletParam_actEXA_BAR_huge,bAvoidHistep,true
BulletParam_actEXA_BAR_huge,DestructionFieldScale,6
BulletParam_actEXA_BND,Power,500
BulletParam_actEXA_BND,Shave,20
BulletParam_actEXA_BND,BeamPower,400
BulletParam_actEXA_BND,LifeSpan,0.12
BulletParam_actEXA_BND,FireLimit,10
BulletParam_actEXA_BND,CharacterCollisionSize,80
BulletParam_actEXA_BND,CollisionRevibeSpan,0.1
BulletParam_actEXA_BND,CharacterLastHitType,ESSBulletCharacterLastHitType::Penerate
BulletParam_actEXA_BND,GeometryCollisionSize,50
BulletParam_actEXA_BND,EnergyBullectCollisionPriority,100
BulletParam_actEXA_BND,HomingAngleLimitAtStart,360
BulletParam_actEXA_BND,ArmorBreakLevel,ブラスト
BulletParam_actEXA_BND,bImpossibleGuard,true
BulletParam_actEXA_BND,bImpossibleReflect,true
BulletParam_actEXA_BND,bImpossibleAbsorption,true
BulletParam_actEXA_BND,bFinishAtOwnerDamage,true
BulletParam_actEXA_BND,bAvoidHistep,true
BulletParam_actEXA_BND,bBuffAvoidable,true
BulletParam_actEXA_BND,DestructionFieldScale,0.4
BulletParam_actEXA_BOM,Power,750
BulletParam_actEXA_BOM,Shave,188
BulletParam_actEXA_BOM,BeamPower,750
BulletParam_actEXA_BOM,BeamShave,250
BulletParam_actEXA_BOM,LifeSpan,0.54
BulletParam_actEXA_BOM,bCanLifeSpanEndInMultiHit,true
BulletParam_actEXA_BOM,CharacterCollisionSize,500
BulletParam_actEXA_BOM,CollisionRevibeNum,5
BulletParam_actEXA_BOM,CollisionRevibeSpan,0.2
BulletParam_actEXA_BOM,CharacterLastHitType,ESSBulletCharacterLastHitType::Penerate
BulletParam_actEXA_BOM,GeometryCollisionSize,0
BulletParam_actEXA_BOM,GeometryLastHitType,ESSBulletGeometryLastHitType::Penerate
BulletParam_actEXA_BOM,ClashCollisionSize,500
BulletParam_actEXA_BOM,EnergyBullectCollisionPriority,95
BulletParam_actEXA_BOM,HomingAngleLimitAtStart,360
BulletParam_actEXA_BOM,bEnableSplitHit,true
BulletParam_actEXA_BOM,SplitHeight,-150
BulletParam_actEXA_BOM,ArmorBreakLevel,ブラスト
BulletParam_actEXA_BOM,bImpossibleReflect,true
BulletParam_actEXA_BOM,bImpossibleAbsorption,true
BulletParam_actEXA_BOM,bEnergyBullectCollisionInvincible,true
BulletParam_actEXA_BOM,bAvoidHistep,true
BulletParam_actEXA_BOM,DestructionFieldScale,6
BulletParam_actEXA_BOM,BuffIndex,-1
BulletParam_actEXA_BOM_huge,Power,750
BulletParam_actEXA_BOM_huge,Shave,188
BulletParam_actEXA_BOM_huge,BeamPower,750
BulletParam_actEXA_BOM_huge,BeamShave,250
BulletParam_actEXA_BOM_huge,LifeSpan,0.54
BulletParam_actEXA_BOM_huge,bCanLifeSpanEndInMultiHit,true
BulletParam_actEXA_BOM_huge,CharacterCollisionSize,1000
BulletParam_actEXA_BOM_huge,CollisionRevibeNum,5
BulletParam_actEXA_BOM_huge,CollisionRevibeSpan,0.2
BulletParam_actEXA_BOM_huge,CharacterLastHitType,ESSBulletCharacterLastHitType::Penerate
BulletParam_actEXA_BOM_huge,GeometryCollisionSize,0
BulletParam_actEXA_BOM_huge,GeometryLastHitType,ESSBulletGeometryLastHitType::Penerate
BulletParam_actEXA_BOM_huge,ClashCollisionSize,1000
BulletParam_actEXA_BOM_huge,EnergyBullectCollisionPriority,95
BulletParam_actEXA_BOM_huge,HomingAngleLimitAtStart,360
BulletParam_actEXA_BOM_huge,bEnableSplitHit,true
BulletParam_actEXA_BOM_huge,SplitHeight,-700
BulletParam_actEXA_BOM_huge,ArmorBreakLevel,ブラスト
BulletParam_actEXA_BOM_huge,bImpossibleReflect,true
BulletParam_actEXA_BOM_huge,bImpossibleAbsorption,true
BulletParam_actEXA_BOM_huge,bEnergyBullectCollisionInvincible,true
BulletParam_actEXA_BOM_huge,bAvoidHistep,true
BulletParam_actEXA_BOM_huge,DestructionFieldScale,6
BulletParam_actEXA_BREATH,Power,750
BulletParam_actEXA_BREATH,Shave,10
BulletParam_actEXA_BREATH,BeamPower,600
BulletParam_actEXA_BREATH,BeamShave,10
BulletParam_actEXA_BREATH,LifeSpan,0.54
BulletParam_actEXA_BREATH,bCanLifeSpanEndInMultiHit,true
BulletParam_actEXA_BREATH,CharacterCollisionSize,180
BulletParam_actEXA_BREATH,CollisionRevibeNum,5
BulletParam_actEXA_BREATH,CollisionRevibeSpan,0.12
BulletParam_actEXA_BREATH,bIgnoreHitBehindAttackChara,true
BulletParam_actEXA_BREATH,GeometryCollisionSize,0
BulletParam_actEXA_BREATH,GeometryFirstHitType,ESSBulletGeometryFirstHitType::PenerateMultiHit
BulletParam_actEXA_BREATH,GeometryCollisionRevibeSpan,5
BulletParam_actEXA_BREATH,GeometryLastHitType,ESSBulletGeometryLastHitType::Penerate
BulletParam_actEXA_BREATH,EnergyBullectCollisionPriority,200
BulletParam_actEXA_BREATH,HomingAngleLimitAtStart,360
BulletParam_actEXA_BREATH,bRootFollowsStartPosition,true
BulletParam_actEXA_BREATH,ArmorBreakLevel,ブラスト
BulletParam_actEXA_BREATH,bImpossibleGuard,true
BulletParam_actEXA_BREATH,bImpossibleReflect,true
BulletParam_actEXA_BREATH,bImpossibleAbsorption,true
BulletParam_actEXA_BREATH,bFinishAtOwnerDamage,true
BulletParam_actEXA_BREATH,bEnergyBullectCollisionInvincible,true
BulletParam_actEXA_BREATH,bAvoidHistep,true
BulletParam_actEXA_BREATH,bBuffAvoidable,true
BulletParam_actEXA_BREATH,DestructionFieldScale,1.8
BulletParam_actEXA_BREATH_huge,Power,750
BulletParam_actEXA_BREATH_huge,Shave,10
BulletParam_actEXA_BREATH_huge,BeamPower,600
BulletParam_actEXA_BREATH_huge,BeamShave,10
BulletParam_actEXA_BREATH_huge,LifeSpan,0.54
BulletParam_actEXA_BREATH_huge,bCanLifeSpanEndInMultiHit,true
BulletParam_actEXA_BREATH_huge,CharacterCollisionSize,50
BulletParam_actEXA_BREATH_huge,CharacterFirstHitType,ESSBulletCharacterFirstHitType::PenerateMultiHit
BulletParam_actEXA_BREATH_huge,CollisionRevibeNum,2
BulletParam_actEXA_BREATH_huge,CollisionRevibeSpan,0.15
BulletParam_actEXA_BREATH_huge,GeometryCollisionSize,0
BulletParam_actEXA_BREATH_huge,GeometryFirstHitType,ESSBulletGeometryFirstHitType::PenerateMultiHit
BulletParam_actEXA_BREATH_huge,GeometryLastHitType,ESSBulletGeometryLastHitType::Penerate
BulletParam_actEXA_BREATH_huge,ClashCollisionSize,50
BulletParam_actEXA_BREATH_huge,EnergyBullectCollisionPriority,200
BulletParam_actEXA_BREATH_huge,HomingAngleLimitAtStart,360
BulletParam_actEXA_BREATH_huge,bRootFollowsStartPosition,true
BulletParam_actEXA_BREATH_huge,ArmorBreakLevel,ブラスト
BulletParam_actEXA_BREATH_huge,bImpossibleGuard,true
BulletParam_actEXA_BREATH_huge,bImpossibleReflect,true
BulletParam_actEXA_BREATH_huge,bImpossibleAbsorption,true
BulletParam_actEXA_BREATH_huge,bFinishAtOwnerDamage,true
BulletParam_actEXA_BREATH_huge,bEnergyBullectCollisionInvincible,true
BulletParam_actEXA_BREATH_huge,bAvoidHistep,true
BulletParam_actEXA_BREATH_huge,bBuffAvoidable,true
BulletParam_actEXA_BREATH_huge,DestructionFieldScale,1.8
BulletParam_actEXA_BREATH_mid,Power,150
BulletParam_actEXA_BREATH_mid,Shave,10
BulletParam_actEXA_BREATH_mid,BeamPower,120
BulletParam_actEXA_BREATH_mid,BeamShave,10
BulletParam_actEXA_BREATH_mid,LifeSpan,0.8
BulletParam_actEXA_BREATH_mid,bCanLifeSpanEndInMultiHit,true
BulletParam_actEXA_BREATH_mid,CharacterCollisionSize,50
BulletParam_actEXA_BREATH_mid,CharacterFirstHitType,ESSBulletCharacterFirstHitType::PenerateMultiHit
BulletParam_actEXA_BREATH_mid,CollisionRevibeNum,2
BulletParam_actEXA_BREATH_mid,CollisionRevibeSpan,0.15
BulletParam_actEXA_BREATH_mid,bIgnoreHitBehindAttackChara,true
BulletParam_actEXA_BREATH_mid,GeometryCollisionSize,0
BulletParam_actEXA_BREATH_mid,GeometryFirstHitType,ESSBulletGeometryFirstHitType::PenerateMultiHit
BulletParam_actEXA_BREATH_mid,GeometryLastHitType,ESSBulletGeometryLastHitType::Penerate
BulletParam_actEXA_BREATH_mid,ClashCollisionSize,50
BulletParam_actEXA_BREATH_mid,EnergyBullectCollisionPriority,100
BulletParam_actEXA_BREATH_mid,HomingAngleLimitAtStart,360
BulletParam_actEXA_BREATH_mid,bRootFollowsStartPosition,true
BulletParam_actEXA_BREATH_mid,ArmorBreakLevel,ブラスト
BulletParam_actEXA_BREATH_mid,bImpossibleGuard,true
BulletParam_actEXA_BREATH_mid,bImpossibleReflect,true
BulletParam_actEXA_BREATH_mid,bImpossibleAbsorption,true
BulletParam_actEXA_BREATH_mid,bAvoidHistep,true
BulletParam_actEXA_BREATH_mid,bBuffAvoidable,true
BulletParam_actEXA_BREATH_mid,DestructionFieldScale,1.8
BulletParam_actSPM_BEAM_bi,Power,1140
BulletParam_actSPM_BEAM_bi,Shave,285
BulletParam_actSPM_BEAM_bi,BeamPower,4560
BulletParam_actSPM_BEAM_bi,BeamShave,1140
BulletParam_actSPM_BEAM_bi,LifeSpan,2
BulletParam_actSPM_BEAM_bi,FireLimit,1
BulletParam_actSPM_BEAM_bi,CharacterCollisionSize,180
BulletParam_actSPM_BEAM_bi,CharacterFirstHitType,ESSBulletCharacterFirstHitType::TraceMultiHit
BulletParam_actSPM_BEAM_bi,CollisionRevibeNum,4
BulletParam_actSPM_BEAM_bi,CollisionRevibeSpan,0.083333
BulletParam_actSPM_BEAM_bi,GeometryFirstHitType,ESSBulletGeometryFirstHitType::StopMultiHit
BulletParam_actSPM_BEAM_bi,GeometryCollisionRevibeNum,5
BulletParam_actSPM_BEAM_bi,GeometryCollisionRevibeSpan,0.033
BulletParam_actSPM_BEAM_bi,EnergyBullectCollisionPriority,200
BulletParam_actSPM_BEAM_bi,EnergyBullectCollisionPriorityInBeam,100
BulletParam_actSPM_BEAM_bi,HomingAngleLimitAtStart,0
BulletParam_actSPM_BEAM_bi,bRootFollowsStartPosition,true
BulletParam_actSPM_BEAM_bi,bDamageCostumeEnable,true
BulletParam_actSPM_BEAM_bi,bDamageCostumeLastHitOnly,true
BulletParam_actSPM_BEAM_bi,bScratchCostumeEnable,true
BulletParam_actSPM_BEAM_bi,ArmorBreakLevel,ブラスト
BulletParam_actSPM_BEAM_bi,bImpossibleReflect,true
BulletParam_actSPM_BEAM_bi,bImpossibleAbsorption,true
BulletParam_actSPM_BEAM_bi,bFinishAtOwnerDamage,true
BulletParam_actSPM_BEAM_bi,bAvoidHistep,true
BulletParam_actSPM_BEAM_bi,bBuffAvoidable,true
BulletParam_actSPM_BEAM_bi_no_clothing,Power,1140
BulletParam_actSPM_BEAM_bi_no_clothing,Shave,285
BulletParam_actSPM_BEAM_bi_no_clothing,BeamPower,4560
BulletParam_actSPM_BEAM_bi_no_clothing,BeamShave,1140
BulletParam_actSPM_BEAM_bi_no_clothing,LifeSpan,2
BulletParam_actSPM_BEAM_bi_no_clothing,FireLimit,1
BulletParam_actSPM_BEAM_bi_no_clothing,CharacterCollisionSize,180
BulletParam_actSPM_BEAM_bi_no_clothing,CharacterFirstHitType,ESSBulletCharacterFirstHitType::TraceMultiHit
BulletParam_actSPM_BEAM_bi_no_clothing,CollisionRevibeNum,4
BulletParam_actSPM_BEAM_bi_no_clothing,CollisionRevibeSpan,0.083333
BulletParam_actSPM_BEAM_bi_no_clothing,GeometryFirstHitType,ESSBulletGeometryFirstHitType::StopMultiHit
BulletParam_actSPM_BEAM_bi_no_clothing,GeometryCollisionRevibeNum,5
BulletParam_actSPM_BEAM_bi_no_clothing,GeometryCollisionRevibeSpan,0.033
BulletParam_actSPM_BEAM_bi_no_clothing,EnergyBullectCollisionPriority,200
BulletParam_actSPM_BEAM_bi_no_clothing,EnergyBullectCollisionPriorityInBeam,100
BulletParam_actSPM_BEAM_bi_no_clothing,HomingAngleLimitAtStart,0
BulletParam_actSPM_BEAM_bi_no_clothing,bRootFollowsStartPosition,true
BulletParam_actSPM_BEAM_bi_no_clothing,ArmorBreakLevel,ブラスト
BulletParam_actSPM_BEAM_bi_no_clothing,bImpossibleReflect,true
BulletParam_actSPM_BEAM_bi_no_clothing,bFinishAtOwnerDamage,true
BulletParam_actSPM_BEAM_bi_no_clothing,bAvoidHistep,true
BulletParam_actSPM_BEAM_bi_no_clothing,bBuffAvoidable,true
BulletParam_actSPM_BEAM_fine,Power,1140
BulletParam_actSPM_BEAM_fine,Shave,285
BulletParam_actSPM_BEAM_fine,BeamPower,4560
BulletParam_actSPM_BEAM_fine,BeamShave,1140
BulletParam_actSPM_BEAM_fine,LifeSpan,2
BulletParam_actSPM_BEAM_fine,FireLimit,1
BulletParam_actSPM_BEAM_fine,CharacterCollisionSize,70
BulletParam_actSPM_BEAM_fine,CharacterFirstHitType,ESSBulletCharacterFirstHitType::TraceMultiHit
BulletParam_actSPM_BEAM_fine,CollisionRevibeNum,4
BulletParam_actSPM_BEAM_fine,CollisionRevibeSpan,0.083333
BulletParam_actSPM_BEAM_fine,GeometryFirstHitType,ESSBulletGeometryFirstHitType::StopMultiHit
BulletParam_actSPM_BEAM_fine,GeometryCollisionRevibeNum,5
BulletParam_actSPM_BEAM_fine,GeometryCollisionRevibeSpan,0.033
BulletParam_actSPM_BEAM_fine,ClashCollisionSize,70
BulletParam_actSPM_BEAM_fine,EnergyBullectCollisionPriority,200
BulletParam_actSPM_BEAM_fine,EnergyBullectCollisionPriorityInBeam,100
BulletParam_actSPM_BEAM_fine,HomingAngleLimitAtStart,0
BulletParam_actSPM_BEAM_fine,bRootFollowsStartPosition,true
BulletParam_actSPM_BEAM_fine,bDamageCostumeEnable,true
BulletParam_actSPM_BEAM_fine,bDamageCostumeLastHitOnly,true
BulletParam_actSPM_BEAM_fine,bScratchCostumeEnable,true
BulletParam_actSPM_BEAM_fine,ArmorBreakLevel,ブラスト
BulletParam_actSPM_BEAM_fine,bImpossibleReflect,true
BulletParam_actSPM_BEAM_fine,bImpossibleAbsorption,true
BulletParam_actSPM_BEAM_fine,bFinishAtOwnerDamage,true
BulletParam_actSPM_BEAM_fine,bAvoidHistep,true
BulletParam_actSPM_BEAM_fine,bBuffAvoidable,true
BulletParam_actSPM_BEAM_pen,Power,1040
BulletParam_actSPM_BEAM_pen,Shave,208
BulletParam_actSPM_BEAM_pen,BeamPower,4160
BulletParam_actSPM_BEAM_pen,BeamShave,1040
BulletParam_actSPM_BEAM_pen,LifeSpan,2.4
BulletParam_actSPM_BEAM_pen,LifeSpanAfterPassedTarget,0.35
BulletParam_actSPM_BEAM_pen,FireLimit,1
BulletParam_actSPM_BEAM_pen,CharacterCollisionSize,40
BulletParam_actSPM_BEAM_pen,CharacterFirstHitType,ESSBulletCharacterFirstHitType::TraceMultiHit
BulletParam_actSPM_BEAM_pen,CollisionRevibeNum,4
BulletParam_actSPM_BEAM_pen,CollisionRevibeSpan,0.12
BulletParam_actSPM_BEAM_pen,CharacterLastHitType,ESSBulletCharacterLastHitType::Penerate
BulletParam_actSPM_BEAM_pen,GeometryCollisionSize,10
BulletParam_actSPM_BEAM_pen,ClashCollisionSize,40
BulletParam_actSPM_BEAM_pen,EnergyBullectCollisionPriority,200
BulletParam_actSPM_BEAM_pen,EnergyBullectCollisionPriorityInBeam,100
BulletParam_actSPM_BEAM_pen,bOverrideBeamCollisionSize,true
BulletParam_actSPM_BEAM_pen,BeamCollisionSize,40
BulletParam_actSPM_BEAM_pen,HomingAngleLimitAtStart,360
BulletParam_actSPM_BEAM_pen,bRootFollowsStartPosition,true
BulletParam_actSPM_BEAM_pen,MoveParam.HomingEndTime,1.3
BulletParam_actSPM_BEAM_pen,bDamageCostumeEnable,true
BulletParam_actSPM_BEAM_pen,bDamageCostumeLastHitOnly,true
BulletParam_actSPM_BEAM_pen,bScratchCostumeEnable,true
BulletParam_actSPM_BEAM_pen,ArmorBreakLevel,ブラスト
BulletParam_actSPM_BEAM_pen,bImpossibleReflect,true
BulletParam_actSPM_BEAM_pen,bImpossibleAbsorption,true
BulletParam_actSPM_BEAM_pen,bFinishAtOwnerDamage,true
BulletParam_actSPM_BEAM_pen,bAvoidHistep,true
BulletParam_actSPM_BEAM_pen,bBuffAvoidable,true
BulletParam_actSPM_BEAM_pen,DestructionFieldScale,0.4
BulletParam_actSPM_BEAM_pen_1hit,Power,5200
BulletParam_actSPM_BEAM_pen_1hit,Shave,1040
BulletParam_actSPM_BEAM_pen_1hit,BeamPower,4360
BulletParam_actSPM_BEAM_pen_1hit,BeamShave,1040
BulletParam_actSPM_BEAM_pen_1hit,LifeSpan,2.4
BulletParam_actSPM_BEAM_pen_1hit,LifeSpanAfterPassedTarget,0.35
BulletParam_actSPM_BEAM_pen_1hit,FireLimit,1
BulletParam_actSPM_BEAM_pen_1hit,CharacterCollisionSize,40
BulletParam_actSPM_BEAM_pen_1hit,CollisionRevibeNum,4
BulletParam_actSPM_BEAM_pen_1hit,CollisionRevibeSpan,0.12
BulletParam_actSPM_BEAM_pen_1hit,CharacterLastHitType,ESSBulletCharacterLastHitType::Penerate
BulletParam_actSPM_BEAM_pen_1hit,GeometryCollisionSize,10
BulletParam_actSPM_BEAM_pen_1hit,ClashCollisionSize,40
BulletParam_actSPM_BEAM_pen_1hit,EnergyBullectCollisionPriority,200
BulletParam_actSPM_BEAM_pen_1hit,EnergyBullectCollisionPriorityInBeam,100
BulletParam_actSPM_BEAM_pen_1hit,bOverrideBeamCollisionSize,true
BulletParam_actSPM_BEAM_pen_1hit,BeamCollisionSize,40
BulletParam_actSPM_BEAM_pen_1hit,HomingAngleLimitAtStart,360
BulletParam_actSPM_BEAM_pen_1hit,bRootFollowsStartPosition,true
BulletParam_actSPM_BEAM_pen_1hit,MoveParam.HomingEndTime,1.3
BulletParam_actSPM_BEAM_pen_1hit,bScratchCostumeEnable,true
BulletParam_actSPM_BEAM_pen_1hit,ArmorBreakLevel,ブラスト
BulletParam_actSPM_BEAM_pen_1hit,bImpossibleReflect,true
BulletParam_actSPM_BEAM_pen_1hit,bImpossibleAbsorption,true
BulletParam_actSPM_BEAM_pen_1hit,bFinishAtOwnerDamage,true
BulletParam_actSPM_BEAM_pen_1hit,bAvoidHistep,true
BulletParam_actSPM_BEAM_pen_1hit,bBuffAvoidable,true
BulletParam_actSPM_BEAM_pen_1hit,DestructionFieldScale,0.4
BulletParam_actSPM_BEAM_pen_1hit_clothing,Power,5700
BulletParam_actSPM_BEAM_pen_1hit_clothing,Shave,1140
BulletParam_actSPM_BEAM_pen_1hit_clothing,BeamPower,4560
BulletParam_actSPM_BEAM_pen_1hit_clothing,BeamShave,1140
BulletParam_actSPM_BEAM_pen_1hit_clothing,LifeSpan,2.4
BulletParam_actSPM_BEAM_pen_1hit_clothing,LifeSpanAfterPassedTarget,0.35
BulletParam_actSPM_BEAM_pen_1hit_clothing,FireLimit,1
BulletParam_actSPM_BEAM_pen_1hit_clothing,CharacterCollisionSize,40
BulletParam_actSPM_BEAM_pen_1hit_clothing,CollisionRevibeNum,4
BulletParam_actSPM_BEAM_pen_1hit_clothing,CollisionRevibeSpan,0.12
BulletParam_actSPM_BEAM_pen_1hit_clothing,CharacterLastHitType,ESSBulletCharacterLastHitType::Penerate
BulletParam_actSPM_BEAM_pen_1hit_clothing,GeometryCollisionSize,10
BulletParam_actSPM_BEAM_pen_1hit_clothing,ClashCollisionSize,40
BulletParam_actSPM_BEAM_pen_1hit_clothing,EnergyBullectCollisionPriority,200
BulletParam_actSPM_BEAM_pen_1hit_clothing,EnergyBullectCollisionPriorityInBeam,100
BulletParam_actSPM_BEAM_pen_1hit_clothing,bOverrideBeamCollisionSize,true
BulletParam_actSPM_BEAM_pen_1hit_clothing,BeamCollisionSize,40
BulletParam_actSPM_BEAM_pen_1hit_clothing,HomingAngleLimitAtStart,360
BulletParam_actSPM_BEAM_pen_1hit_clothing,bRootFollowsStartPosition,true
BulletParam_actSPM_BEAM_pen_1hit_clothing,MoveParam.HomingEndTime,1.3
BulletParam_actSPM_BEAM_pen_1hit_clothing,bDamageCostumeEnable,true
BulletParam_actSPM_BEAM_pen_1hit_clothing,bDamageCostumeLastHitOnly,true
BulletParam_actSPM_BEAM_pen_1hit_clothing,bScratchCostumeEnable,true
BulletParam_actSPM_BEAM_pen_1hit_clothing,ArmorBreakLevel,ブラスト
BulletParam_actSPM_BEAM_pen_1hit_clothing,bImpossibleReflect,true
BulletParam_actSPM_BEAM_pen_1hit_clothing,bImpossibleAbsorption,true
BulletParam_actSPM_BEAM_pen_1hit_clothing,bFinishAtOwnerDamage,true
BulletParam_actSPM_BEAM_pen_1hit_clothing,bAvoidHistep,true
BulletParam_actSPM_BEAM_pen_1hit_clothing,bBuffAvoidable,true
BulletParam_actSPM_BEAM_pen_1hit_clothing,DestructionFieldScale,0.4
BulletParam_actSPM_BEAM_pow,Power,1000
BulletParam_actSPM_BEAM_pow,Shave,200
BulletParam_actSPM_BEAM_pow,BeamPower,4000
BulletParam_actSPM_BEAM_pow,BeamShave,1000
BulletParam_actSPM_BEAM_pow,LifeSpan,2
BulletParam_actSPM_BEAM_pow,FireLimit,1
BulletParam_actSPM_BEAM_pow,CharacterCollisionSize,180
BulletParam_actSPM_BEAM_pow,CharacterFirstHitType,ESSBulletCharacterFirstHitType::TraceMultiHit
BulletParam_actSPM_BEAM_pow,CollisionRevibeNum,4
BulletParam_actSPM_BEAM_pow,CollisionRevibeSpan,0.083333
BulletParam_actSPM_BEAM_pow,GeometryFirstHitType,ESSBulletGeometryFirstHitType::StopMultiHit
BulletParam_actSPM_BEAM_pow,GeometryCollisionRevibeNum,5
BulletParam_actSPM_BEAM_pow,GeometryCollisionRevibeSpan,0.033
BulletParam_actSPM_BEAM_pow,EnergyBullectCollisionPriority,200
BulletParam_actSPM_BEAM_pow,EnergyBullectCollisionPriorityInBeam,100
BulletParam_actSPM_BEAM_pow,HomingAngleLimitAtStart,0
BulletParam_actSPM_BEAM_pow,bRootFollowsStartPosition,true
BulletParam_actSPM_BEAM_pow,bDamageCostumeEnable,true
BulletParam_actSPM_BEAM_pow,bDamageCostumeLastHitOnly,true
BulletParam_actSPM_BEAM_pow,bScratchCostumeEnable,true
BulletParam_actSPM_BEAM_pow,ArmorBreakLevel,ブラスト
BulletParam_actSPM_BEAM_pow,bImpossibleReflect,true
BulletParam_actSPM_BEAM_pow,bImpossibleAbsorption,true
BulletParam_actSPM_BEAM_pow,bFinishAtOwnerDamage,true
BulletParam_actSPM_BEAM_pow,bAvoidHistep,true
BulletParam_actSPM_BEAM_pow,bBuffAvoidable,true
BulletParam_actSPM_BEAM_rapid10,Power,500
BulletParam_actSPM_BEAM_rapid10,Shave,100
BulletParam_actSPM_BEAM_rapid10,BeamPower,500
BulletParam_actSPM_BEAM_rapid10,BeamShave,100
BulletParam_actSPM_BEAM_rapid10,LifeSpan,0.5
BulletParam_actSPM_BEAM_rapid10,FireLimit,10
BulletParam_actSPM_BEAM_rapid10,CharacterCollisionSize,45
BulletParam_actSPM_BEAM_rapid10,CharacterLastHitType,ESSBulletCharacterLastHitType::Penerate
BulletParam_actSPM_BEAM_rapid10,GeometryCollisionSize,10
BulletParam_actSPM_BEAM_rapid10,ClashCollisionSize,45
BulletParam_actSPM_BEAM_rapid10,EnergyBullectCollisionPriority,100
BulletParam_actSPM_BEAM_rapid10,HomingAngleLimitAtStart,360
BulletParam_actSPM_BEAM_rapid10,bScratchCostumeEnable,true
BulletParam_actSPM_BEAM_rapid10,ArmorBreakLevel,ブラスト
BulletParam_actSPM_BEAM_rapid10,bImpossibleReflect,true
BulletParam_actSPM_BEAM_rapid10,bImpossibleAbsorption,true
BulletParam_actSPM_BEAM_rapid10,bFinishAtOwnerDamage,true
BulletParam_actSPM_BEAM_rapid10,bAvoidHistep,true
BulletParam_actSPM_BEAM_rapid10,bBuffAvoidable,true
BulletParam_actSPM_BEAM_rapid10,DestructionFieldScale,0.4
BulletParam_actSPM_BEAM_rapid10_stone,Power,500
BulletParam_actSPM_BEAM_rapid10_stone,Shave,100
BulletParam_actSPM_BEAM_rapid10_stone,BeamPower,500
BulletParam_actSPM_BEAM_rapid10_stone,BeamShave,100
BulletParam_actSPM_BEAM_rapid10_stone,LifeSpan,0.5
BulletParam_actSPM_BEAM_rapid10_stone,FireLimit,10
BulletParam_actSPM_BEAM_rapid10_stone,CharacterCollisionSize,45
BulletParam_actSPM_BEAM_rapid10_stone,CollisionRevibeSpan,0.1
BulletParam_actSPM_BEAM_rapid10_stone,GeometryCollisionSize,20
BulletParam_actSPM_BEAM_rapid10_stone,ClashCollisionSize,45
BulletParam_actSPM_BEAM_rapid10_stone,EnergyBullectCollisionPriority,100
BulletParam_actSPM_BEAM_rapid10_stone,HomingAngleLimitAtStart,360
BulletParam_actSPM_BEAM_rapid10_stone,ArmorBreakLevel,ブラスト
BulletParam_actSPM_BEAM_rapid10_stone,bImpossibleReflect,true
BulletParam_actSPM_BEAM_rapid10_stone,bImpossibleAbsorption,true
BulletParam_actSPM_BEAM_rapid10_stone,bFinishAtOwnerDamage,true
BulletParam_actSPM_BEAM_rapid10_stone,bAvoidHistep,true
BulletParam_actSPM_BEAM_rapid10_stone,bBuffAvoidable,true
BulletParam_actSPM_BEAM_rapid10_stone,DestructionFieldScale,0.4
BulletParam_actSPM_BOM,Power,2334
BulletParam_actSPM_BOM,Shave,467
BulletParam_actSPM_BOM,BeamPower,2334
BulletParam_actSPM_BOM,BeamShave,467
BulletParam_actSPM_BOM,LifeSpan,2.4
BulletParam_actSPM_BOM,FireLimit,1
BulletParam_actSPM_BOM,CharacterCollisionSize,1820
BulletParam_actSPM_BOM,CharacterFirstHitType,ESSBulletCharacterFirstHitType::StopMultiHit
BulletParam_actSPM_BOM,CollisionRevibeNum,2
BulletParam_actSPM_BOM,CollisionRevibeSpan,0.24
BulletParam_actSPM_BOM,GeometryCollisionSize,1820
BulletParam_actSPM_BOM,GeometryFirstHitType,ESSBulletGeometryFirstHitType::PenerateMultiHit
BulletParam_actSPM_BOM,GeometryCollisionRevibeSpan,0.2
BulletParam_actSPM_BOM,GeometryLastHitType,ESSBulletGeometryLastHitType::Penerate
BulletParam_actSPM_BOM,ClashCollisionSize,1820
BulletParam_actSPM_BOM,EnergyBullectCollisionPriority,95
BulletParam_actSPM_BOM,HomingAngleLimitAtStart,360
BulletParam_actSPM_BOM,bEnableSplitHit,true
BulletParam_actSPM_BOM,SplitHeight,-100
BulletParam_actSPM_BOM,bDamageCostumeEnable,true
BulletParam_actSPM_BOM,bDamageCostumeLastHitOnly,true
BulletParam_actSPM_BOM,bScratchCostumeEnable,true
BulletParam_actSPM_BOM,ArmorBreakLevel,ブラスト
BulletParam_actSPM_BOM,bImpossibleReflect,true
BulletParam_actSPM_BOM,bImpossibleAbsorption,true
BulletParam_actSPM_BOM,bFinishAtOwnerDamage,true
BulletParam_actSPM_BOM,bEnergyBullectCollisionInvincible,true
BulletParam_actSPM_BOM,bAvoidHistep,true
BulletParam_actSPM_BOM,bBuffAvoidable,true
BulletParam_actSPM_BOM,DestructionFieldScale,26
BulletParam_actSPM_BOM_G,Power,2334
BulletParam_actSPM_BOM_G,Shave,467
BulletParam_actSPM_BOM_G,BeamPower,2334
BulletParam_actSPM_BOM_G,BeamShave,467
BulletParam_actSPM_BOM_G,LifeSpan,2.4
BulletParam_actSPM_BOM_G,FireLimit,1
BulletParam_actSPM_BOM_G,CharacterCollisionSize,2600
BulletParam_actSPM_BOM_G,CharacterFirstHitType,ESSBulletCharacterFirstHitType::StopMultiHit
BulletParam_actSPM_BOM_G,CollisionRevibeNum,2
BulletParam_actSPM_BOM_G,CollisionRevibeSpan,0.24
BulletParam_actSPM_BOM_G,GeometryCollisionSize,2600
BulletParam_actSPM_BOM_G,GeometryFirstHitType,ESSBulletGeometryFirstHitType::PenerateMultiHit
BulletParam_actSPM_BOM_G,GeometryCollisionRevibeSpan,0.2
BulletParam_actSPM_BOM_G,GeometryLastHitType,ESSBulletGeometryLastHitType::Penerate
BulletParam_actSPM_BOM_G,ClashCollisionSize,2600
BulletParam_actSPM_BOM_G,EnergyBullectCollisionPriority,95
BulletParam_actSPM_BOM_G,HomingAngleLimitAtStart,360
BulletParam_actSPM_BOM_G,bEnableSplitHit,true
BulletParam_actSPM_BOM_G,SplitHeight,-100
BulletParam_actSPM_BOM_G,bDamageCostumeEnable,true
BulletParam_actSPM_BOM_G,bDamageCostumeLastHitOnly,true
BulletParam_actSPM_BOM_G,bScratchCostumeEnable,true
BulletParam_actSPM_BOM_G,ArmorBreakLevel,ブラスト
BulletParam_actSPM_BOM_G,bImpossibleReflect,true
BulletParam_actSPM_BOM_G,bImpossibleAbsorption,true
BulletParam_actSPM_BOM_G,bFinishAtOwnerDamage,true
BulletParam_actSPM_BOM_G,bEnergyBullectCollisionInvincible,true
BulletParam_actSPM_BOM_G,bAvoidHistep,true
BulletParam_actSPM_BOM_G,bBuffAvoidable,true
BulletParam_actSPM_BOM_G,DestructionFieldScale,26
BulletParam_actSPM_BOM_rapid,Power,1400
BulletParam_actSPM_BOM_rapid,Shave,280
BulletParam_actSPM_BOM_rapid,BeamPower,1120
BulletParam_actSPM_BOM_rapid,BeamShave,224
BulletParam_actSPM_BOM_rapid,LifeSpan,2.4
BulletParam_actSPM_BOM_rapid,FireLimit,1
BulletParam_actSPM_BOM_rapid,CharacterCollisionSize,1820
BulletParam_actSPM_BOM_rapid,CharacterFirstHitType,ESSBulletCharacterFirstHitType::StopMultiHit
BulletParam_actSPM_BOM_rapid,CollisionRevibeNum,4
BulletParam_actSPM_BOM_rapid,CollisionRevibeSpan,0.15
BulletParam_actSPM_BOM_rapid,GeometryCollisionSize,1820
BulletParam_actSPM_BOM_rapid,GeometryFirstHitType,ESSBulletGeometryFirstHitType::PenerateMultiHit
BulletParam_actSPM_BOM_rapid,GeometryCollisionRevibeSpan,0.2
BulletParam_actSPM_BOM_rapid,GeometryLastHitType,ESSBulletGeometryLastHitType::Penerate
BulletParam_actSPM_BOM_rapid,ClashCollisionSize,1820
BulletParam_actSPM_BOM_rapid,EnergyBullectCollisionPriority,95
BulletParam_actSPM_BOM_rapid,HomingAngleLimitAtStart,360
BulletParam_actSPM_BOM_rapid,bEnableSplitHit,true
BulletParam_actSPM_BOM_rapid,SplitHeight,-150
BulletParam_actSPM_BOM_rapid,bDamageCostumeEnable,true
BulletParam_actSPM_BOM_rapid,bDamageCostumeLastHitOnly,true
BulletParam_actSPM_BOM_rapid,bScratchCostumeEnable,true
BulletParam_actSPM_BOM_rapid,ArmorBreakLevel,ブラスト
BulletParam_actSPM_BOM_rapid,bImpossibleReflect,true
BulletParam_actSPM_BOM_rapid,bImpossibleAbsorption,true
BulletParam_actSPM_BOM_rapid,bFinishAtOwnerDamage,true
BulletParam_actSPM_BOM_rapid,bEnergyBullectCollisionInvincible,true
BulletParam_actSPM_BOM_rapid,bAvoidHistep,true
BulletParam_actSPM_BOM_rapid,bBuffAvoidable,true
BulletParam_actSPM_BOM_rapid,DestructionFieldScale,26
BulletParam_actSPM_BOM_sign,Power,1750
BulletParam_actSPM_BOM_sign,Shave,350
BulletParam_actSPM_BOM_sign,BeamPower,1400
BulletParam_actSPM_BOM_sign,BeamShave,280
BulletParam_actSPM_BOM_sign,LifeSpan,1.2
BulletParam_actSPM_BOM_sign,CharacterCollisionSize,500
BulletParam_actSPM_BOM_sign,CharacterFirstHitType,ESSBulletCharacterFirstHitType::StopMultiHit
BulletParam_actSPM_BOM_sign,CollisionRevibeNum,3
BulletParam_actSPM_BOM_sign,CollisionRevibeSpan,0.15
BulletParam_actSPM_BOM_sign,GeometryCollisionSize,350
BulletParam_actSPM_BOM_sign,GeometryFirstHitType,ESSBulletGeometryFirstHitType::PenerateMultiHit
BulletParam_actSPM_BOM_sign,GeometryLastHitType,ESSBulletGeometryLastHitType::Penerate
BulletParam_actSPM_BOM_sign,ClashCollisionSize,350
BulletParam_actSPM_BOM_sign,EnergyBullectCollisionPriority,200
BulletParam_actSPM_BOM_sign,HomingAngleLimitAtStart,360
BulletParam_actSPM_BOM_sign,bDamageCostumeEnable,true
BulletParam_actSPM_BOM_sign,bDamageCostumeLastHitOnly,true
BulletParam_actSPM_BOM_sign,bScratchCostumeEnable,true
BulletParam_actSPM_BOM_sign,ArmorBreakLevel,ブラスト
BulletParam_actSPM_BOM_sign,bImpossibleReflect,true
BulletParam_actSPM_BOM_sign,bImpossibleAbsorption,true
BulletParam_actSPM_BOM_sign,bFinishAtOwnerDamage,true
BulletParam_actSPM_BOM_sign,bBuffAvoidable,true
BulletParam_actSPM_BOM_sign,DestructionFieldScale,2
BulletParam_actSPM_BREATH_flash,Power,1500
BulletParam_actSPM_BREATH_flash,Shave,300
BulletParam_actSPM_BREATH_flash,BeamPower,1200
BulletParam_actSPM_BREATH_flash,BeamShave,240
BulletParam_actSPM_BREATH_flash,LifeSpan,1
BulletParam_actSPM_BREATH_flash,CharacterFirstHitType,ESSBulletCharacterFirstHitType::TraceMultiHit
BulletParam_actSPM_BREATH_flash,CollisionRevibeNum,3
BulletParam_actSPM_BREATH_flash,CollisionRevibeSpan,0.15
BulletParam_actSPM_BREATH_flash,bIgnoreHitBehindAttackChara,true
BulletParam_actSPM_BREATH_flash,GeometryCollisionSize,100
BulletParam_actSPM_BREATH_flash,GeometryFirstHitType,ESSBulletGeometryFirstHitType::PenerateMultiHit
BulletParam_actSPM_BREATH_flash,GeometryLastHitType,ESSBulletGeometryLastHitType::Penerate
BulletParam_actSPM_BREATH_flash,EnergyBullectCollisionPriority,200
BulletParam_actSPM_BREATH_flash,HomingAngleLimitAtStart,360
BulletParam_actSPM_BREATH_flash,bRootFollowsStartPosition,true
BulletParam_actSPM_BREATH_flash,bRootFollowsStartRotation,true
BulletParam_actSPM_BREATH_flash,bDamageCostumeEnable,true
BulletParam_actSPM_BREATH_flash,bDamageCostumeLastHitOnly,true
BulletParam_actSPM_BREATH_flash,bScratchCostumeEnable,true
BulletParam_actSPM_BREATH_flash,ArmorBreakLevel,ブラスト
BulletParam_actSPM_BREATH_flash,bImpossibleReflect,true
BulletParam_actSPM_BREATH_flash,bImpossibleAbsorption,true
BulletParam_actSPM_BREATH_flash,bFinishAtOwnerDamage,true
BulletParam_actSPM_BREATH_flash,bAvoidHistep,true
BulletParam_actSPM_BREATH_flash,bBuffAvoidable,true
BulletParam_actSPM_BREATH_flash,DestructionFieldScale,1.8
BulletParam_actSPM_BREATH_flash_40,Power,1500
BulletParam_actSPM_BREATH_flash_40,Shave,300
BulletParam_actSPM_BREATH_flash_40,BeamPower,1200
BulletParam_actSPM_BREATH_flash_40,BeamShave,240
BulletParam_actSPM_BREATH_flash_40,LifeSpan,1
BulletParam_actSPM_BREATH_flash_40,CharacterFirstHitType,ESSBulletCharacterFirstHitType::PenerateMultiHit
BulletParam_actSPM_BREATH_flash_40,CollisionRevibeNum,3
BulletParam_actSPM_BREATH_flash_40,CollisionRevibeSpan,0.15
BulletParam_actSPM_BREATH_flash_40,bIgnoreHitBehindAttackChara,true
BulletParam_actSPM_BREATH_flash_40,GeometryCollisionSize,100
BulletParam_actSPM_BREATH_flash_40,GeometryFirstHitType,ESSBulletGeometryFirstHitType::PenerateMultiHit
BulletParam_actSPM_BREATH_flash_40,GeometryLastHitType,ESSBulletGeometryLastHitType::Penerate
BulletParam_actSPM_BREATH_flash_40,EnergyBullectCollisionPriority,200
BulletParam_actSPM_BREATH_flash_40,BeamCollisionSize,300
BulletParam_actSPM_BREATH_flash_40,HomingAngleLimitAtStart,360
BulletParam_actSPM_BREATH_flash_40,bRootFollowsStartPosition,true
BulletParam_actSPM_BREATH_flash_40,bRootFollowsStartRotation,true
BulletParam_actSPM_BREATH_flash_40,bDamageCostumeEnable,true
BulletParam_actSPM_BREATH_flash_40,bDamageCostumeLastHitOnly,true
BulletParam_actSPM_BREATH_flash_40,bScratchCostumeEnable,true
BulletParam_actSPM_BREATH_flash_40,ArmorBreakLevel,ブラスト
BulletParam_actSPM_BREATH_flash_40,bImpossibleReflect,true
BulletParam_actSPM_BREATH_flash_40,bImpossibleAbsorption,true
BulletParam_actSPM_BREATH_flash_40,bFinishAtOwnerDamage,true
BulletParam_actSPM_BREATH_flash_40,bAvoidHistep,true
BulletParam_actSPM_BREATH_flash_40,bBuffAvoidable,true
BulletParam_actSPM_BREATH_flash_40,DestructionFieldScale,1.8
BulletParam_actSPM_BREATH_frame,Power,1000
BulletParam_actSPM_BREATH_frame,Shave,300
BulletParam_actSPM_BREATH_frame,BeamPower,750
BulletParam_actSPM_BREATH_frame,BeamShave,240
BulletParam_actSPM_BREATH_frame,LifeSpan,2.5
BulletParam_actSPM_BREATH_frame,CharacterFirstHitType,ESSBulletCharacterFirstHitType::TraceMultiHit
BulletParam_actSPM_BREATH_frame,CollisionRevibeNum,5
BulletParam_actSPM_BREATH_frame,CollisionRevibeSpan,0.1
BulletParam_actSPM_BREATH_frame,bIgnoreHitBehindAttackChara,true
BulletParam_actSPM_BREATH_frame,GeometryCollisionSize,0
BulletParam_actSPM_BREATH_frame,GeometryFirstHitType,ESSBulletGeometryFirstHitType::PenerateMultiHit
BulletParam_actSPM_BREATH_frame,GeometryLastHitType,ESSBulletGeometryLastHitType::Penerate
BulletParam_actSPM_BREATH_frame,EnergyBullectCollisionPriority,200
BulletParam_actSPM_BREATH_frame,HomingAngleLimitAtStart,360
BulletParam_actSPM_BREATH_frame,bRootFollowsStartPosition,true
BulletParam_actSPM_BREATH_frame,bRootFollowsStartRotation,true
BulletParam_actSPM_BREATH_frame,bScratchCostumeEnable,true
BulletParam_actSPM_BREATH_frame,ArmorBreakLevel,ブラスト
BulletParam_actSPM_BREATH_frame,bImpossibleGuard,true
BulletParam_actSPM_BREATH_frame,bImpossibleReflect,true
BulletParam_actSPM_BREATH_frame,bImpossibleAbsorption,true
BulletParam_actSPM_BREATH_frame,bFinishAtOwnerDamage,true
BulletParam_actSPM_BREATH_frame,bAvoidHistep,true
BulletParam_actSPM_BREATH_frame,bBuffAvoidable,true
BulletParam_actSPM_BREATH_frame,DestructionFieldScale,1.8
BulletParam_actSPM_BREATH_long,Power,1500
BulletParam_actSPM_BREATH_long,Shave,300
BulletParam_actSPM_BREATH_long,BeamPower,1200
BulletParam_actSPM_BREATH_long,BeamShave,240
BulletParam_actSPM_BREATH_long,LifeSpan,1
BulletParam_actSPM_BREATH_long,CharacterCollisionSize,110
BulletParam_actSPM_BREATH_long,CharacterFirstHitType,ESSBulletCharacterFirstHitType::PenerateMultiHit
BulletParam_actSPM_BREATH_long,CollisionRevibeNum,3
BulletParam_actSPM_BREATH_long,CollisionRevibeSpan,0.15
BulletParam_actSPM_BREATH_long,bIgnoreHitBehindAttackChara,true
BulletParam_actSPM_BREATH_long,GeometryCollisionSize,100
BulletParam_actSPM_BREATH_long,GeometryFirstHitType,ESSBulletGeometryFirstHitType::PenerateMultiHit
BulletParam_actSPM_BREATH_long,GeometryLastHitType,ESSBulletGeometryLastHitType::Penerate
BulletParam_actSPM_BREATH_long,ClashCollisionSize,110
BulletParam_actSPM_BREATH_long,EnergyBullectCollisionPriority,200
BulletParam_actSPM_BREATH_long,BeamCollisionSize,300
BulletParam_actSPM_BREATH_long,HomingAngleLimitAtStart,360
BulletParam_actSPM_BREATH_long,bRootFollowsStartPosition,true
BulletParam_actSPM_BREATH_long,bRootFollowsStartRotation,true
BulletParam_actSPM_BREATH_long,bDamageCostumeEnable,true
BulletParam_actSPM_BREATH_long,bDamageCostumeLastHitOnly,true
BulletParam_actSPM_BREATH_long,bScratchCostumeEnable,true
BulletParam_actSPM_BREATH_long,ArmorBreakLevel,ブラスト
BulletParam_actSPM_BREATH_long,bImpossibleReflect,true
BulletParam_actSPM_BREATH_long,bImpossibleAbsorption,true
BulletParam_actSPM_BREATH_long,bFinishAtOwnerDamage,true
BulletParam_actSPM_BREATH_long,bAvoidHistep,true
BulletParam_actSPM_BREATH_long,bBuffAvoidable,true
BulletParam_actSPM_BREATH_long,DestructionFieldScale,1.8
BulletParam_actSPM_BULLET_1of2r,Power,2600
BulletParam_actSPM_BULLET_1of2r,Shave,520
BulletParam_actSPM_BULLET_1of2r,BeamPower,2600
BulletParam_actSPM_BULLET_1of2r,BeamShave,520
BulletParam_actSPM_BULLET_1of2r,LifeSpan,2
BulletParam_actSPM_BULLET_1of2r,FireLimit,1
BulletParam_actSPM_BULLET_1of2r,CollisionRevibeNum,11
BulletParam_actSPM_BULLET_1of2r,CollisionRevibeSpan,0.1
BulletParam_actSPM_BULLET_1of2r,EnergyBullectCollisionPriority,200
BulletParam_actSPM_BULLET_1of2r,HomingAngleLimitAtStart,360
BulletParam_actSPM_BULLET_1of2r,bScratchCostumeEnable,true
BulletParam_actSPM_BULLET_1of2r,ArmorBreakLevel,ブラスト
BulletParam_actSPM_BULLET_1of2r,bImpossibleReflect,true
BulletParam_actSPM_BULLET_1of2r,bImpossibleAbsorption,true
BulletParam_actSPM_BULLET_1of2r,bBlastImpactBulletShift,true
BulletParam_actSPM_BULLET_1of2r,bAvoidHistep,true
BulletParam_actSPM_BULLET_1of2r,bBuffAvoidable,true
BulletParam_actSPM_BULLET_2of2l,Power,2600
BulletParam_actSPM_BULLET_2of2l,Shave,520
BulletParam_actSPM_BULLET_2of2l,BeamPower,2600
BulletParam_actSPM_BULLET_2of2l,BeamShave,520
BulletParam_actSPM_BULLET_2of2l,LifeSpan,2
BulletParam_actSPM_BULLET_2of2l,FireLimit,1
BulletParam_actSPM_BULLET_2of2l,CollisionRevibeNum,11
BulletParam_actSPM_BULLET_2of2l,CollisionRevibeSpan,0.1
BulletParam_actSPM_BULLET_2of2l,EnergyBullectCollisionPriority,200
BulletParam_actSPM_BULLET_2of2l,HomingAngleLimitAtStart,360
BulletParam_actSPM_BULLET_2of2l,bScratchCostumeEnable,true
BulletParam_actSPM_BULLET_2of2l,ArmorBreakLevel,ブラスト
BulletParam_actSPM_BULLET_2of2l,bImpossibleReflect,true
BulletParam_actSPM_BULLET_2of2l,bImpossibleAbsorption,true
BulletParam_actSPM_BULLET_2of2l,bBlastImpactBulletShift,true
BulletParam_actSPM_BULLET_2of2l,bAvoidHistep,true
BulletParam_actSPM_BULLET_2of2l,bBuffAvoidable,true
BulletParam_actSPM_BULLET_barrage05,Power,1000
BulletParam_actSPM_BULLET_barrage05,Shave,200
BulletParam_actSPM_BULLET_barrage05,BeamPower,1000
BulletParam_actSPM_BULLET_barrage05,BeamShave,200
BulletParam_actSPM_BULLET_barrage05,LifeSpan,2
BulletParam_actSPM_BULLET_barrage05,FireLimit,10
BulletParam_actSPM_BULLET_barrage05,CharacterCollisionSize,50
BulletParam_actSPM_BULLET_barrage05,CollisionRevibeSpan,0.1
BulletParam_actSPM_BULLET_barrage05,GeometryCollisionSize,25
BulletParam_actSPM_BULLET_barrage05,ClashCollisionSize,45
BulletParam_actSPM_BULLET_barrage05,EnergyBullectCollisionPriority,100
BulletParam_actSPM_BULLET_barrage05,HomingAngleLimitAtStart,360
BulletParam_actSPM_BULLET_barrage05,MoveParam.HomingEndTime,2.25
BulletParam_actSPM_BULLET_barrage05,bScratchCostumeEnable,true
BulletParam_actSPM_BULLET_barrage05,ArmorBreakLevel,ブラスト
BulletParam_actSPM_BULLET_barrage05,bImpossibleReflect,true
BulletParam_actSPM_BULLET_barrage05,bImpossibleAbsorption,true
BulletParam_actSPM_BULLET_barrage05,bAvoidHistep,true
BulletParam_actSPM_BULLET_barrage05,bBuffAvoidable,true
BulletParam_actSPM_BULLET_barrage05,DestructionFieldScale,0.4
BulletParam_actSPM_BULLET_barrage06,Power,867
BulletParam_actSPM_BULLET_barrage06,Shave,173
BulletParam_actSPM_BULLET_barrage06,BeamPower,867
BulletParam_actSPM_BULLET_barrage06,BeamShave,173
BulletParam_actSPM_BULLET_barrage06,LifeSpan,2
BulletParam_actSPM_BULLET_barrage06,FireLimit,10
BulletParam_actSPM_BULLET_barrage06,CollisionRevibeSpan,0.1
BulletParam_actSPM_BULLET_barrage06,GeometryCollisionSize,50
BulletParam_actSPM_BULLET_barrage06,EnergyBullectCollisionPriority,100
BulletParam_actSPM_BULLET_barrage06,HomingAngleLimitAtStart,360
BulletParam_actSPM_BULLET_barrage06,MoveParam.HomingEndTime,2.25
BulletParam_actSPM_BULLET_barrage06,bScratchCostumeEnable,true
BulletParam_actSPM_BULLET_barrage06,ArmorBreakLevel,ブラスト
BulletParam_actSPM_BULLET_barrage06,bImpossibleReflect,true
BulletParam_actSPM_BULLET_barrage06,bImpossibleAbsorption,true
BulletParam_actSPM_BULLET_barrage06,bAvoidHistep,true
BulletParam_actSPM_BULLET_barrage06,bBuffAvoidable,true
BulletParam_actSPM_BULLET_barrage06,DestructionFieldScale,0.4
BulletParam_actSPM_BULLET_barrage08,Power,750
BulletParam_actSPM_BULLET_barrage08,Shave,125
BulletParam_actSPM_BULLET_barrage08,BeamPower,625
BulletParam_actSPM_BULLET_barrage08,BeamShave,125
BulletParam_actSPM_BULLET_barrage08,LifeSpan,2
BulletParam_actSPM_BULLET_barrage08,FireLimit,10
BulletParam_actSPM_BULLET_barrage08,CollisionRevibeSpan,0.1
BulletParam_actSPM_BULLET_barrage08,GeometryCollisionSize,20
BulletParam_actSPM_BULLET_barrage08,EnergyBullectCollisionPriority,100
BulletParam_actSPM_BULLET_barrage08,HomingAngleLimitAtStart,360
BulletParam_actSPM_BULLET_barrage08,MoveParam.HomingEndTime,2.25
BulletParam_actSPM_BULLET_barrage08,bScratchCostumeEnable,true
BulletParam_actSPM_BULLET_barrage08,ArmorBreakLevel,ブラスト
BulletParam_actSPM_BULLET_barrage08,bImpossibleReflect,true
BulletParam_actSPM_BULLET_barrage08,bImpossibleAbsorption,true
BulletParam_actSPM_BULLET_barrage08,bAvoidHistep,true
BulletParam_actSPM_BULLET_barrage08,bBuffAvoidable,true
BulletParam_actSPM_BULLET_barrage08,DestructionFieldScale,0.4
BulletParam_actSPM_BULLET_barrage10,Power,600
BulletParam_actSPM_BULLET_barrage10,Shave,100
BulletParam_actSPM_BULLET_barrage10,BeamPower,500
BulletParam_actSPM_BULLET_barrage10,BeamShave,100
BulletParam_actSPM_BULLET_barrage10,LifeSpan,2
BulletParam_actSPM_BULLET_barrage10,FireLimit,10
BulletParam_actSPM_BULLET_barrage10,CollisionRevibeSpan,0.1
BulletParam_actSPM_BULLET_barrage10,GeometryCollisionSize,20
BulletParam_actSPM_BULLET_barrage10,EnergyBullectCollisionPriority,100
BulletParam_actSPM_BULLET_barrage10,HomingAngleLimitAtStart,360
BulletParam_actSPM_BULLET_barrage10,MoveParam.HomingEndTime,2.25
BulletParam_actSPM_BULLET_barrage10,bScratchCostumeEnable,true
BulletParam_actSPM_BULLET_barrage10,ArmorBreakLevel,ブラスト
BulletParam_actSPM_BULLET_barrage10,bImpossibleReflect,true
BulletParam_actSPM_BULLET_barrage10,bImpossibleAbsorption,true
BulletParam_actSPM_BULLET_barrage10,bAvoidHistep,true
BulletParam_actSPM_BULLET_barrage10,bBuffAvoidable,true
BulletParam_actSPM_BULLET_barrage10,DestructionFieldScale,0.4
BulletParam_actSPM_BULLET_barrage12,Power,417
BulletParam_actSPM_BULLET_barrage12,Shave,104
BulletParam_actSPM_BULLET_barrage12,BeamPower,334
BulletParam_actSPM_BULLET_barrage12,BeamShave,84
BulletParam_actSPM_BULLET_barrage12,LifeSpan,2
BulletParam_actSPM_BULLET_barrage12,FireLimit,10
BulletParam_actSPM_BULLET_barrage12,CollisionRevibeSpan,0.1
BulletParam_actSPM_BULLET_barrage12,GeometryCollisionSize,20
BulletParam_actSPM_BULLET_barrage12,EnergyBullectCollisionPriority,100
BulletParam_actSPM_BULLET_barrage12,HomingAngleLimitAtStart,360
BulletParam_actSPM_BULLET_barrage12,MoveParam.HomingEndTime,2.25
BulletParam_actSPM_BULLET_barrage12,bScratchCostumeEnable,true
BulletParam_actSPM_BULLET_barrage12,ArmorBreakLevel,ブラスト
BulletParam_actSPM_BULLET_barrage12,bImpossibleReflect,true
BulletParam_actSPM_BULLET_barrage12,bImpossibleAbsorption,true
BulletParam_actSPM_BULLET_barrage12,bAvoidHistep,true
BulletParam_actSPM_BULLET_barrage12,bBuffAvoidable,true
BulletParam_actSPM_BULLET_barrage12,DestructionFieldScale,0.4
BulletParam_actSPM_BULLET_barrage20,LifeSpan,1.4
BulletParam_actSPM_BULLET_barrage20,FireLimit,10
BulletParam_actSPM_BULLET_barrage20,CollisionRevibeSpan,0.1
BulletParam_actSPM_BULLET_barrage20,GeometryCollisionSize,20
BulletParam_actSPM_BULLET_barrage20,EnergyBullectCollisionPriority,100
BulletParam_actSPM_BULLET_barrage20,HomingAngleLimitAtStart,360
BulletParam_actSPM_BULLET_barrage20,MoveParam.HomingEndTime,2.25
BulletParam_actSPM_BULLET_barrage20,bScratchCostumeEnable,true
BulletParam_actSPM_BULLET_barrage20,ArmorBreakLevel,ブラスト
BulletParam_actSPM_BULLET_barrage20,bImpossibleReflect,true
BulletParam_actSPM_BULLET_barrage20,bImpossibleAbsorption,true
BulletParam_actSPM_BULLET_barrage20,bAvoidHistep,true
BulletParam_actSPM_BULLET_barrage20,bBuffAvoidable,true
BulletParam_actSPM_BULLET_barrage20,DestructionFieldScale,0.4
BulletParam_actSPM_BULLET_barrage30,Power,167
BulletParam_actSPM_BULLET_barrage30,Shave,33
BulletParam_actSPM_BULLET_barrage30,BeamPower,167
BulletParam_actSPM_BULLET_barrage30,BeamShave,33
BulletParam_actSPM_BULLET_barrage30,LifeSpan,1.4
BulletParam_actSPM_BULLET_barrage30,FireLimit,10
BulletParam_actSPM_BULLET_barrage30,CollisionRevibeSpan,0.1
BulletParam_actSPM_BULLET_barrage30,GeometryCollisionSize,20
BulletParam_actSPM_BULLET_barrage30,EnergyBullectCollisionPriority,100
BulletParam_actSPM_BULLET_barrage30,HomingAngleLimitAtStart,360
BulletParam_actSPM_BULLET_barrage30,MoveParam.HomingEndTime,2.25
BulletParam_actSPM_BULLET_barrage30,bScratchCostumeEnable,true
BulletParam_actSPM_BULLET_barrage30,ArmorBreakLevel,ブラスト
BulletParam_actSPM_BULLET_barrage30,bImpossibleReflect,true
BulletParam_actSPM_BULLET_barrage30,bImpossibleAbsorption,true
BulletParam_actSPM_BULLET_barrage30,bAvoidHistep,true
BulletParam_actSPM_BULLET_barrage30,bBuffAvoidable,true
BulletParam_actSPM_BULLET_barrage30,DestructionFieldScale,0.4
BulletParam_actSPM_BULLET_bi,Power,5700
BulletParam_actSPM_BULLET_bi,Shave,1140
BulletParam_actSPM_BULLET_bi,BeamPower,5700
BulletParam_actSPM_BULLET_bi,BeamShave,1140
BulletParam_actSPM_BULLET_bi,LifeSpan,1.8
BulletParam_actSPM_BULLET_bi,FireLimit,1
BulletParam_actSPM_BULLET_bi,CharacterCollisionSize,75
BulletParam_actSPM_BULLET_bi,CollisionRevibeNum,11
BulletParam_actSPM_BULLET_bi,CollisionRevibeSpan,0.1
BulletParam_actSPM_BULLET_bi,ClashCollisionSize,50
BulletParam_actSPM_BULLET_bi,EnergyBullectCollisionPriority,200
BulletParam_actSPM_BULLET_bi,HomingAngleLimitAtStart,360
BulletParam_actSPM_BULLET_bi,bDamageCostumeEnable,true
BulletParam_actSPM_BULLET_bi,bDamageCostumeLastHitOnly,true
BulletParam_actSPM_BULLET_bi,bScratchCostumeEnable,true
BulletParam_actSPM_BULLET_bi,ArmorBreakLevel,ブラスト
BulletParam_actSPM_BULLET_bi,bImpossibleReflect,true
BulletParam_actSPM_BULLET_bi,bImpossibleAbsorption,true
BulletParam_actSPM_BULLET_bi,bBlastImpactBulletShift,true
BulletParam_actSPM_BULLET_bi,bAvoidHistep,true
BulletParam_actSPM_BULLET_bi,bBuffAvoidable,true
BulletParam_actSPM_BULLET_bi,bIgnoreActionTarget,true
BulletParam_actSPM_BULLET_bi_Top,Power,5700
BulletParam_actSPM_BULLET_bi_Top,Shave,1140
BulletParam_actSPM_BULLET_bi_Top,BeamPower,5700
BulletParam_actSPM_BULLET_bi_Top,BeamShave,1140
BulletParam_actSPM_BULLET_bi_Top,LifeSpan,1.8
BulletParam_actSPM_BULLET_bi_Top,FireLimit,1
BulletParam_actSPM_BULLET_bi_Top,CharacterCollisionSize,75
BulletParam_actSPM_BULLET_bi_Top,CollisionRevibeNum,11
BulletParam_actSPM_BULLET_bi_Top,CollisionRevibeSpan,0.1
BulletParam_actSPM_BULLET_bi_Top,ClashCollisionSize,50
BulletParam_actSPM_BULLET_bi_Top,EnergyBullectCollisionPriority,200
BulletParam_actSPM_BULLET_bi_Top,HomingAngleLimitAtStart,360
BulletParam_actSPM_BULLET_bi_Top,bDamageCostumeEnable,true
BulletParam_actSPM_BULLET_bi_Top,bDamageCostumeLastHitOnly,true
BulletParam_actSPM_BULLET_bi_Top,bScratchCostumeEnable,true
BulletParam_actSPM_BULLET_bi_Top,ArmorBreakLevel,ブラスト
BulletParam_actSPM_BULLET_bi_Top,bImpossibleReflect,true
BulletParam_actSPM_BULLET_bi_Top,bImpossibleAbsorption,true
BulletParam_actSPM_BULLET_bi_Top,bAvoidHistep,true
BulletParam_actSPM_BULLET_bi_Top,bBuffAvoidable,true
BulletParam_actSPM_BULLET_bi_Top,bIgnoreActionTarget,true
BulletParam_actSPM_BULLET_bi_Top_dirt,Power,5700
BulletParam_actSPM_BULLET_bi_Top_dirt,Shave,1140
BulletParam_actSPM_BULLET_bi_Top_dirt,BeamPower,5700
BulletParam_actSPM_BULLET_bi_Top_dirt,BeamShave,1140
BulletParam_actSPM_BULLET_bi_Top_dirt,LifeSpan,1.8
BulletParam_actSPM_BULLET_bi_Top_dirt,FireLimit,1
BulletParam_actSPM_BULLET_bi_Top_dirt,CharacterCollisionSize,75
BulletParam_actSPM_BULLET_bi_Top_dirt,CollisionRevibeNum,11
BulletParam_actSPM_BULLET_bi_Top_dirt,CollisionRevibeSpan,0.1
BulletParam_actSPM_BULLET_bi_Top_dirt,ClashCollisionSize,50
BulletParam_actSPM_BULLET_bi_Top_dirt,EnergyBullectCollisionPriority,200
BulletParam_actSPM_BULLET_bi_Top_dirt,HomingAngleLimitAtStart,360
BulletParam_actSPM_BULLET_bi_Top_dirt,bScratchCostumeEnable,true
BulletParam_actSPM_BULLET_bi_Top_dirt,ArmorBreakLevel,ブラスト
BulletParam_actSPM_BULLET_bi_Top_dirt,bImpossibleReflect,true
BulletParam_actSPM_BULLET_bi_Top_dirt,bImpossibleAbsorption,true
BulletParam_actSPM_BULLET_bi_Top_dirt,bAvoidHistep,true
BulletParam_actSPM_BULLET_bi_Top_dirt,bBuffAvoidable,true
BulletParam_actSPM_BULLET_bi_Top_dirt,bIgnoreActionTarget,true
BulletParam_actSPM_BULLET_bi_Top_no_clothing,Power,5700
BulletParam_actSPM_BULLET_bi_Top_no_clothing,Shave,1140
BulletParam_actSPM_BULLET_bi_Top_no_clothing,BeamPower,5700
BulletParam_actSPM_BULLET_bi_Top_no_clothing,BeamShave,1140
BulletParam_actSPM_BULLET_bi_Top_no_clothing,LifeSpan,1.8
BulletParam_actSPM_BULLET_bi_Top_no_clothing,FireLimit,1
BulletParam_actSPM_BULLET_bi_Top_no_clothing,CharacterCollisionSize,75
BulletParam_actSPM_BULLET_bi_Top_no_clothing,CollisionRevibeNum,11
BulletParam_actSPM_BULLET_bi_Top_no_clothing,CollisionRevibeSpan,0.1
BulletParam_actSPM_BULLET_bi_Top_no_clothing,ClashCollisionSize,50
BulletParam_actSPM_BULLET_bi_Top_no_clothing,EnergyBullectCollisionPriority,200
BulletParam_actSPM_BULLET_bi_Top_no_clothing,HomingAngleLimitAtStart,360
BulletParam_actSPM_BULLET_bi_Top_no_clothing,ArmorBreakLevel,ブラスト
BulletParam_actSPM_BULLET_bi_Top_no_clothing,bImpossibleReflect,true
BulletParam_actSPM_BULLET_bi_Top_no_clothing,bImpossibleAbsorption,true
BulletParam_actSPM_BULLET_bi_Top_no_clothing,bAvoidHistep,true
BulletParam_actSPM_BULLET_bi_Top_no_clothing,bBuffAvoidable,true
BulletParam_actSPM_BULLET_bi_Top_no_clothing,bIgnoreActionTarget,true
BulletParam_actSPM_BULLET_hom,Power,5700
BulletParam_actSPM_BULLET_hom,Shave,1140
BulletParam_actSPM_BULLET_hom,BeamPower,5700
BulletParam_actSPM_BULLET_hom,BeamShave,1140
BulletParam_actSPM_BULLET_hom,LifeSpan,4.5
BulletParam_actSPM_BULLET_hom,FireLimit,1
BulletParam_actSPM_BULLET_hom,CharacterCollisionSize,325
BulletParam_actSPM_BULLET_hom,CollisionRevibeNum,2
BulletParam_actSPM_BULLET_hom,CollisionRevibeSpan,0.1
BulletParam_actSPM_BULLET_hom,ClashCollisionSize,325
BulletParam_actSPM_BULLET_hom,EnergyBullectCollisionPriority,200
BulletParam_actSPM_BULLET_hom,HomingAngleLimitAtStart,360
BulletParam_actSPM_BULLET_hom,MoveParam.bHomingAvoidDisable,true
BulletParam_actSPM_BULLET_hom,bDamageCostumeEnable,true
BulletParam_actSPM_BULLET_hom,bDamageCostumeLastHitOnly,true
BulletParam_actSPM_BULLET_hom,bScratchCostumeEnable,true
BulletParam_actSPM_BULLET_hom,ArmorBreakLevel,ブラスト
BulletParam_actSPM_BULLET_hom,bImpossibleReflect,true
BulletParam_actSPM_BULLET_hom,bImpossibleAbsorption,true
BulletParam_actSPM_BULLET_hom,bBlastImpactBulletShift,true
BulletParam_actSPM_BULLET_hom,bAvoidHistep,true
BulletParam_actSPM_BULLET_hom,bBuffAvoidable,true
BulletParam_actSPM_BULLET_hom,bIgnoreActionTarget,true
BulletParam_actSPM_BULLET_litbig,Power,5700
BulletParam_actSPM_BULLET_litbig,Shave,1140
BulletParam_actSPM_BULLET_litbig,BeamPower,5700
BulletParam_actSPM_BULLET_litbig,BeamShave,1140
BulletParam_actSPM_BULLET_litbig,LifeSpan,1.8
BulletParam_actSPM_BULLET_litbig,FireLimit,1
BulletParam_actSPM_BULLET_litbig,CharacterCollisionSize,220
BulletParam_actSPM_BULLET_litbig,CollisionRevibeNum,11
BulletParam_actSPM_BULLET_litbig,CollisionRevibeSpan,0.1
BulletParam_actSPM_BULLET_litbig,GeometryCollisionSize,50
BulletParam_actSPM_BULLET_litbig,ClashCollisionSize,200
BulletParam_actSPM_BULLET_litbig,EnergyBullectCollisionPriority,200
BulletParam_actSPM_BULLET_litbig,HomingAngleLimitAtStart,360
BulletParam_actSPM_BULLET_litbig,bDamageCostumeEnable,true
BulletParam_actSPM_BULLET_litbig,bDamageCostumeLastHitOnly,true
BulletParam_actSPM_BULLET_litbig,bScratchCostumeEnable,true
BulletParam_actSPM_BULLET_litbig,ArmorBreakLevel,ブラスト
BulletParam_actSPM_BULLET_litbig,bImpossibleReflect,true
BulletParam_actSPM_BULLET_litbig,bImpossibleAbsorption,true
BulletParam_actSPM_BULLET_litbig,bAvoidHistep,true
BulletParam_actSPM_BULLET_litbig,bBuffAvoidable,true
BulletParam_actSPM_BULLET_litbig,bIgnoreActionTarget,true
BulletParam_actSPM_BULLET_physics,Power,5700
BulletParam_actSPM_BULLET_physics,Shave,1140
BulletParam_actSPM_BULLET_physics,BeamPower,5700
BulletParam_actSPM_BULLET_physics,BeamShave,1140
BulletParam_actSPM_BULLET_physics,LifeSpan,1.2
BulletParam_actSPM_BULLET_physics,FireLimit,1
BulletParam_actSPM_BULLET_physics,CharacterCollisionSize,180
BulletParam_actSPM_BULLET_physics,CollisionRevibeNum,11
BulletParam_actSPM_BULLET_physics,CollisionRevibeSpan,0.1
BulletParam_actSPM_BULLET_physics,EnergyBullectCollisionPriority,100
BulletParam_actSPM_BULLET_physics,HomingAngleLimitAtStart,360
BulletParam_actSPM_BULLET_physics,ArmorBreakLevel,ブラスト
BulletParam_actSPM_BULLET_physics,bImpossibleReflect,true
BulletParam_actSPM_BULLET_physics,bImpossibleAbsorption,true
BulletParam_actSPM_BULLET_physics,bBlastImpactBulletShift,true
BulletParam_actSPM_BULLET_physics,bAvoidHistep,true
BulletParam_actSPM_BULLET_physics,bBuffAvoidable,true
BulletParam_actSPM_BULLET_unblockable,Power,5200
BulletParam_actSPM_BULLET_unblockable,Shave,0
BulletParam_actSPM_BULLET_unblockable,BeamPower,4160
BulletParam_actSPM_BULLET_unblockable,BeamShave,0
BulletParam_actSPM_BULLET_unblockable,LifeSpan,2.4
BulletParam_actSPM_BULLET_unblockable,CharacterCollisionSize,200
BulletParam_actSPM_BULLET_unblockable,EnergyBullectCollisionPriority,200
BulletParam_actSPM_BULLET_unblockable,HomingAngleLimitAtStart,360
BulletParam_actSPM_BULLET_unblockable,bDamageCostumeEnable,true
BulletParam_actSPM_BULLET_unblockable,bDamageCostumeLastHitOnly,true
BulletParam_actSPM_BULLET_unblockable,bScratchCostumeEnable,true
BulletParam_actSPM_BULLET_unblockable,ArmorBreakLevel,ブラスト
BulletParam_actSPM_BULLET_unblockable,bImpossibleGuard,true
BulletParam_actSPM_BULLET_unblockable,bImpossibleReflect,true
BulletParam_actSPM_BULLET_unblockable,bImpossibleAbsorption,true
BulletParam_actSPM_BULLET_unblockable,bAvoidHistep,true
BulletParam_actSPM_BULLET_unblockable,bBuffAvoidable,true
BulletParam_actSPM_BULLET_unblockable,DestructionFieldScale,0.4
BulletParam_actSPM_BULLET2,Power,2600
BulletParam_actSPM_BULLET2,Shave,520
BulletParam_actSPM_BULLET2,BeamPower,2600
BulletParam_actSPM_BULLET2,BeamShave,520
BulletParam_actSPM_BULLET2,LifeSpan,2
BulletParam_actSPM_BULLET2,FireLimit,1
BulletParam_actSPM_BULLET2,CharacterCollisionSize,180
BulletParam_actSPM_BULLET2,CollisionRevibeNum,11
BulletParam_actSPM_BULLET2,CollisionRevibeSpan,0.1
BulletParam_actSPM_BULLET2,EnergyBullectCollisionPriority,200
BulletParam_actSPM_BULLET2,HomingAngleLimitAtStart,360
BulletParam_actSPM_BULLET2,bDamageCostumeEnable,true
BulletParam_actSPM_BULLET2,bDamageCostumeLastHitOnly,true
BulletParam_actSPM_BULLET2,bScratchCostumeEnable,true
BulletParam_actSPM_BULLET2,ArmorBreakLevel,ブラスト
BulletParam_actSPM_BULLET2,bImpossibleReflect,true
BulletParam_actSPM_BULLET2,bImpossibleAbsorption,true
BulletParam_actSPM_BULLET2,bBlastImpactBulletShift,true
BulletParam_actSPM_BULLET2,bAvoidHistep,true
BulletParam_actSPM_BULLET2,bBuffAvoidable,true
BulletParam_actSPM_HD_BEAM_unblockable_sh,Power,0
BulletParam_actSPM_HD_BEAM_unblockable_sh,Shave,0
BulletParam_actSPM_HD_BEAM_unblockable_sh,BeamPower,0
BulletParam_actSPM_HD_BEAM_unblockable_sh,BeamShave,0
BulletParam_actSPM_HD_BEAM_unblockable_sh,LifeSpan,0.8
BulletParam_actSPM_HD_BEAM_unblockable_sh,bIgnoreHitBehindAttackChara,true
BulletParam_actSPM_HD_BEAM_unblockable_sh,EnergyBullectCollisionPriority,200
BulletParam_actSPM_HD_BEAM_unblockable_sh,HomingAngleLimitAtStart,360
BulletParam_actSPM_HD_BEAM_unblockable_sh,bRootFollowsStartPosition,true
BulletParam_actSPM_HD_BEAM_unblockable_sh,ArmorBreakLevel,ブラスト
BulletParam_actSPM_HD_BEAM_unblockable_sh,bImpossibleGuard,true
BulletParam_actSPM_HD_BEAM_unblockable_sh,bImpossibleReflect,true
BulletParam_actSPM_HD_BEAM_unblockable_sh,bImpossibleAbsorption,true
BulletParam_actSPM_HD_BEAM_unblockable_sh,bAvoidHistep,true
BulletParam_actSPM_HD_BEAM_unblockable_sh,bBuffAvoidable,true
BulletParam_actSPM_HD_BEAM_unblockable_sh,DestructionFieldScale,0.4
BulletParam_actSPM_HD_BULLET,Power,0
BulletParam_actSPM_HD_BULLET,Shave,1140
BulletParam_actSPM_HD_BULLET,BeamPower,0
BulletParam_actSPM_HD_BULLET,BeamShave,1140
BulletParam_actSPM_HD_BULLET,LifeSpan,1.8
BulletParam_actSPM_HD_BULLET,CollisionRevibeSpan,0.1
BulletParam_actSPM_HD_BULLET,GeometryCollisionSize,25
BulletParam_actSPM_HD_BULLET,ClashCollisionSize,74
BulletParam_actSPM_HD_BULLET,EnergyBullectCollisionPriority,200
BulletParam_actSPM_HD_BULLET,HomingAngleLimitAtStart,360
BulletParam_actSPM_HD_BULLET,ArmorBreakLevel,ブラスト
BulletParam_actSPM_HD_BULLET,bImpossibleReflect,true
BulletParam_actSPM_HD_BULLET,bImpossibleAbsorption,true
BulletParam_actSPM_HD_BULLET,bAvoidHistep,true
BulletParam_actSPM_HD_BULLET,bBuffAvoidable,true
BulletParam_actSPM_HD_BULLET,bIgnoreActionTarget,true
BulletParam_actSPM_HD_BULLET,DestructionFieldScale,0.4
BulletParam_actSPM_HD_BULLET_unblockable,Power,0
BulletParam_actSPM_HD_BULLET_unblockable,Shave,0
BulletParam_actSPM_HD_BULLET_unblockable,BeamPower,0
BulletParam_actSPM_HD_BULLET_unblockable,BeamShave,0
BulletParam_actSPM_HD_BULLET_unblockable,LifeSpan,2.4
BulletParam_actSPM_HD_BULLET_unblockable,EnergyBullectCollisionPriority,200
BulletParam_actSPM_HD_BULLET_unblockable,HomingAngleLimitAtStart,360
BulletParam_actSPM_HD_BULLET_unblockable,ArmorBreakLevel,ブラスト
BulletParam_actSPM_HD_BULLET_unblockable,bImpossibleGuard,true
BulletParam_actSPM_HD_BULLET_unblockable,bImpossibleReflect,true
BulletParam_actSPM_HD_BULLET_unblockable,bImpossibleAbsorption,true
BulletParam_actSPM_HD_BULLET_unblockable,bAvoidHistep,true
BulletParam_actSPM_HD_BULLET_unblockable,bBuffAvoidable,true
BulletParam_actSPM_HD_BULLET_unblockable,DestructionFieldScale,0.4
BulletParam_actSPM_HUGE_BEAM_bi,Power,1240
BulletParam_actSPM_HUGE_BEAM_bi,Shave,248
BulletParam_actSPM_HUGE_BEAM_bi,BeamPower,4960
BulletParam_actSPM_HUGE_BEAM_bi,BeamShave,992
BulletParam_actSPM_HUGE_BEAM_bi,LifeSpan,2.4
BulletParam_actSPM_HUGE_BEAM_bi,FireLimit,1
BulletParam_actSPM_HUGE_BEAM_bi,CharacterFirstHitType,ESSBulletCharacterFirstHitType::TraceMultiHit
BulletParam_actSPM_HUGE_BEAM_bi,CollisionRevibeNum,4
BulletParam_actSPM_HUGE_BEAM_bi,CollisionRevibeSpan,0.083333
BulletParam_actSPM_HUGE_BEAM_bi,GeometryFirstHitType,ESSBulletGeometryFirstHitType::StopMultiHit
BulletParam_actSPM_HUGE_BEAM_bi,GeometryCollisionRevibeNum,5
BulletParam_actSPM_HUGE_BEAM_bi,GeometryCollisionRevibeSpan,0.033
BulletParam_actSPM_HUGE_BEAM_bi,ClashCollisionSize,75
BulletParam_actSPM_HUGE_BEAM_bi,EnergyBullectCollisionPriority,200
BulletParam_actSPM_HUGE_BEAM_bi,HomingAngleLimitAtStart,0
BulletParam_actSPM_HUGE_BEAM_bi,bRootFollowsStartPosition,true
BulletParam_actSPM_HUGE_BEAM_bi,bDamageCostumeEnable,true
BulletParam_actSPM_HUGE_BEAM_bi,bDamageCostumeLastHitOnly,true
BulletParam_actSPM_HUGE_BEAM_bi,bScratchCostumeEnable,true
BulletParam_actSPM_HUGE_BEAM_bi,ArmorBreakLevel,ブラスト
BulletParam_actSPM_HUGE_BEAM_bi,bImpossibleReflect,true
BulletParam_actSPM_HUGE_BEAM_bi,bImpossibleAbsorption,true
BulletParam_actSPM_HUGE_BEAM_bi,bFinishAtOwnerDamage,true
BulletParam_actSPM_HUGE_BEAM_bi,bAvoidHistep,true
BulletParam_actSPM_HUGE_BEAM_bi,bBuffAvoidable,true
BulletParam_actSPM_HUGE_BEAM_bi,DestructionFieldScale,4
BulletParam_actSPM_HUGE_BREATH_frame,Power,1340
BulletParam_actSPM_HUGE_BREATH_frame,Shave,335
BulletParam_actSPM_HUGE_BREATH_frame,BeamPower,1005
BulletParam_actSPM_HUGE_BREATH_frame,BeamShave,268
BulletParam_actSPM_HUGE_BREATH_frame,LifeSpan,2
BulletParam_actSPM_HUGE_BREATH_frame,CharacterFirstHitType,ESSBulletCharacterFirstHitType::TraceMultiHit
BulletParam_actSPM_HUGE_BREATH_frame,CollisionRevibeNum,3
BulletParam_actSPM_HUGE_BREATH_frame,CollisionRevibeSpan,0.1
BulletParam_actSPM_HUGE_BREATH_frame,GeometryCollisionSize,75
BulletParam_actSPM_HUGE_BREATH_frame,GeometryFirstHitType,ESSBulletGeometryFirstHitType::PenerateMultiHit
BulletParam_actSPM_HUGE_BREATH_frame,GeometryLastHitType,ESSBulletGeometryLastHitType::Penerate
BulletParam_actSPM_HUGE_BREATH_frame,EnergyBullectCollisionPriority,200
BulletParam_actSPM_HUGE_BREATH_frame,HomingAngleLimitAtStart,360
BulletParam_actSPM_HUGE_BREATH_frame,bRootFollowsStartPosition,true
BulletParam_actSPM_HUGE_BREATH_frame,bRootFollowsStartRotation,true
BulletParam_actSPM_HUGE_BREATH_frame,bScratchCostumeEnable,true
BulletParam_actSPM_HUGE_BREATH_frame,ArmorBreakLevel,ブラスト
BulletParam_actSPM_HUGE_BREATH_frame,bImpossibleGuard,true
BulletParam_actSPM_HUGE_BREATH_frame,bImpossibleReflect,true
BulletParam_actSPM_HUGE_BREATH_frame,bImpossibleAbsorption,true
BulletParam_actSPM_HUGE_BREATH_frame,bFinishAtOwnerDamage,true
BulletParam_actSPM_HUGE_BREATH_frame,bAvoidHistep,true
BulletParam_actSPM_HUGE_BREATH_frame,bBuffAvoidable,true
BulletParam_actSPM_HUGE_BREATH_frame,DestructionFieldScale,4
BulletParam_actSPM_HUGE_SECTOR2,Power,1675
BulletParam_actSPM_HUGE_SECTOR2,Shave,335
BulletParam_actSPM_HUGE_SECTOR2,BeamPower,1340
BulletParam_actSPM_HUGE_SECTOR2,BeamShave,268
BulletParam_actSPM_HUGE_SECTOR2,LifeSpan,1
BulletParam_actSPM_HUGE_SECTOR2,CharacterFirstHitType,ESSBulletCharacterFirstHitType::TraceMultiHit
BulletParam_actSPM_HUGE_SECTOR2,CollisionRevibeNum,3
BulletParam_actSPM_HUGE_SECTOR2,CollisionRevibeSpan,0.15
BulletParam_actSPM_HUGE_SECTOR2,GeometryCollisionSize,80
BulletParam_actSPM_HUGE_SECTOR2,GeometryFirstHitType,ESSBulletGeometryFirstHitType::PenerateMultiHit
BulletParam_actSPM_HUGE_SECTOR2,GeometryLastHitType,ESSBulletGeometryLastHitType::Penerate
BulletParam_actSPM_HUGE_SECTOR2,EnergyBullectCollisionPriority,200
BulletParam_actSPM_HUGE_SECTOR2,HomingAngleLimitAtStart,360
BulletParam_actSPM_HUGE_SECTOR2,bRootFollowsStartPosition,true
BulletParam_actSPM_HUGE_SECTOR2,bRootFollowsStartRotation,true
BulletParam_actSPM_HUGE_SECTOR2,bDamageCostumeEnable,true
BulletParam_actSPM_HUGE_SECTOR2,bDamageCostumeLastHitOnly,true
BulletParam_actSPM_HUGE_SECTOR2,bScratchCostumeEnable,true
BulletParam_actSPM_HUGE_SECTOR2,ArmorBreakLevel,ブラスト
BulletParam_actSPM_HUGE_SECTOR2,bImpossibleReflect,true
BulletParam_actSPM_HUGE_SECTOR2,bImpossibleAbsorption,true
BulletParam_actSPM_HUGE_SECTOR2,bFinishAtOwnerDamage,true
BulletParam_actSPM_HUGE_SECTOR2,bAvoidHistep,true
BulletParam_actSPM_HUGE_SECTOR2,bBuffAvoidable,true
BulletParam_actSPM_HUGE_SECTOR2,DestructionFieldScale,4
BulletParam_actSPM_SSG,Power,1140
BulletParam_actSPM_SSG,Shave,285
BulletParam_actSPM_SSG,BeamPower,4560
BulletParam_actSPM_SSG,BeamShave,1140
BulletParam_actSPM_SSG,LifeSpan,2
BulletParam_actSPM_SSG,FireLimit,1
BulletParam_actSPM_SSG,CharacterFirstHitType,ESSBulletCharacterFirstHitType::TraceMultiHit
BulletParam_actSPM_SSG,CollisionRevibeNum,4
BulletParam_actSPM_SSG,CollisionRevibeSpan,0.083333
BulletParam_actSPM_SSG,bIgnoreHitBehindAttackChara,true
BulletParam_actSPM_SSG,GeometryFirstHitType,ESSBulletGeometryFirstHitType::StopMultiHit
BulletParam_actSPM_SSG,GeometryCollisionRevibeNum,5
BulletParam_actSPM_SSG,GeometryCollisionRevibeSpan,0.033
BulletParam_actSPM_SSG,EnergyBullectCollisionPriority,200
BulletParam_actSPM_SSG,EnergyBullectCollisionPriorityInBeam,100
BulletParam_actSPM_SSG,HomingAngleLimitAtStart,0
BulletParam_actSPM_SSG,bRootFollowsStartPosition,true
BulletParam_actSPM_SSG,bDamageCostumeEnable,true
BulletParam_actSPM_SSG,bDamageCostumeLastHitOnly,true
BulletParam_actSPM_SSG,bScratchCostumeEnable,true
BulletParam_actSPM_SSG,ArmorBreakLevel,ブラスト
BulletParam_actSPM_SSG,bImpossibleReflect,true
BulletParam_actSPM_SSG,bImpossibleAbsorption,true
BulletParam_actSPM_SSG,bFinishAtOwnerDamage,true
BulletParam_actSPM_SSG,bAvoidHistep,true
BulletParam_actSPM_SSG,bBuffAvoidable,true
BulletParam_actSPM_ssw,Power,1300
BulletParam_actSPM_ssw,Shave,260
BulletParam_actSPM_ssw,BeamPower,1040
BulletParam_actSPM_ssw,BeamShave,208
BulletParam_actSPM_ssw,LifeSpan,1.8
BulletParam_actSPM_ssw,FireLimit,1
BulletParam_actSPM_ssw,CharacterCollisionSize,0
BulletParam_actSPM_ssw,CharacterFirstHitType,ESSBulletCharacterFirstHitType::TraceMultiHit
BulletParam_actSPM_ssw,CollisionRevibeNum,5
BulletParam_actSPM_ssw,CollisionRevibeSpan,0.1
BulletParam_actSPM_ssw,GeometryCollisionSize,0
BulletParam_actSPM_ssw,EnergyBullectCollisionPriority,200
BulletParam_actSPM_ssw,HomingAngleLimitAtStart,360
BulletParam_actSPM_ssw,bDamageCostumeEnable,true
BulletParam_actSPM_ssw,bDamageCostumeLastHitOnly,true
BulletParam_actSPM_ssw,bScratchCostumeEnable,true
BulletParam_actSPM_ssw,ArmorBreakLevel,ブラスト
BulletParam_actSPM_ssw,bImpossibleReflect,true
BulletParam_actSPM_ssw,bImpossibleAbsorption,true
BulletParam_actSPM_ssw,bFinishAtOwnerDamage,true
BulletParam_actSPM_ssw,bBuffAvoidable,true
BulletParam_actSPM_ssw,DestructionFieldScale,0.4
BulletParam_actSPM_ssw_sbm2,Power,1300
BulletParam_actSPM_ssw_sbm2,Shave,260
BulletParam_actSPM_ssw_sbm2,BeamPower,1040
BulletParam_actSPM_ssw_sbm2,BeamShave,208
BulletParam_actSPM_ssw_sbm2,LifeSpan,1
BulletParam_actSPM_ssw_sbm2,bCanLifeSpanEndInMultiHit,true
BulletParam_actSPM_ssw_sbm2,FireLimit,1
BulletParam_actSPM_ssw_sbm2,CharacterCollisionSize,500
BulletParam_actSPM_ssw_sbm2,CharacterFirstHitType,ESSBulletCharacterFirstHitType::StopMultiHit
BulletParam_actSPM_ssw_sbm2,CollisionRevibeNum,3
BulletParam_actSPM_ssw_sbm2,CollisionRevibeSpan,0.1
BulletParam_actSPM_ssw_sbm2,GeometryCollisionSize,350
BulletParam_actSPM_ssw_sbm2,GeometryLastHitType,ESSBulletGeometryLastHitType::Penerate
BulletParam_actSPM_ssw_sbm2,bGeometryCollisionTestOnlyOnce,true
BulletParam_actSPM_ssw_sbm2,ClashCollisionSize,350
BulletParam_actSPM_ssw_sbm2,EnergyBullectCollisionPriority,200
BulletParam_actSPM_ssw_sbm2,HomingAngleLimitAtStart,360
BulletParam_actSPM_ssw_sbm2,bDamageCostumeEnable,true
BulletParam_actSPM_ssw_sbm2,bDamageCostumeLastHitOnly,true
BulletParam_actSPM_ssw_sbm2,bScratchCostumeEnable,true
BulletParam_actSPM_ssw_sbm2,ArmorBreakLevel,ブラスト
BulletParam_actSPM_ssw_sbm2,bImpossibleReflect,true
BulletParam_actSPM_ssw_sbm2,bImpossibleAbsorption,true
BulletParam_actSPM_ssw_sbm2,bFinishAtOwnerDamage,true
BulletParam_actSPM_ssw_sbm2,bAvoidHistep,true
BulletParam_actSPM_ssw_sbm2,bBuffAvoidable,true
BulletParam_actSPM_ssw_sbm2,DestructionFieldScale,0.4
BulletParam_actULT_BAR,Power,1200
BulletParam_actULT_BAR,Shave,240
BulletParam_actULT_BAR,BeamPower,960
BulletParam_actULT_BAR,BeamShave,192
BulletParam_actULT_BAR,LifeSpan,2.4
BulletParam_actULT_BAR,bCanLifeSpanEndInMultiHit,true
BulletParam_actULT_BAR,FireLimit,1
BulletParam_actULT_BAR,CharacterCollisionSize,2100
BulletParam_actULT_BAR,CharacterFirstHitType,ESSBulletCharacterFirstHitType::StopMultiHit
BulletParam_actULT_BAR,CollisionRevibeNum,9
BulletParam_actULT_BAR,CollisionRevibeSpan,0.15
BulletParam_actULT_BAR,GeometryCollisionSize,2100
BulletParam_actULT_BAR,GeometryFirstHitType,ESSBulletGeometryFirstHitType::PenerateMultiHit
BulletParam_actULT_BAR,GeometryLastHitType,ESSBulletGeometryLastHitType::Penerate
BulletParam_actULT_BAR,ClashCollisionSize,2100
BulletParam_actULT_BAR,EnergyBullectCollisionPriority,500
BulletParam_actULT_BAR,HomingAngleLimitAtStart,360
BulletParam_actULT_BAR,bEnableSplitHit,true
BulletParam_actULT_BAR,SplitHeight,-100
BulletParam_actULT_BAR,bDamageCostumeEnable,true
BulletParam_actULT_BAR,bDamageCostumeLastHitOnly,true
BulletParam_actULT_BAR,bDamageCostumeWreck,true
BulletParam_actULT_BAR,bScratchCostumeEnable,true
BulletParam_actULT_BAR,ArmorBreakLevel,ブラスト
BulletParam_actULT_BAR,bImpossibleReflect,true
BulletParam_actULT_BAR,bImpossibleAbsorption,true
BulletParam_actULT_BAR,bFinishAtOwnerDamage,true
BulletParam_actULT_BAR,bEnergyBullectCollisionInvincible,true
BulletParam_actULT_BAR,bAvoidHistep,true
BulletParam_actULT_BAR,bBuffAvoidable,true
BulletParam_actULT_BAR,DestructionFieldScale,6
BulletParam_actULT_BAR,ReduceZSearchEffectTime,5
BulletParam_actULT_BEAM,Power,800
BulletParam_actULT_BEAM,Shave,160
BulletParam_actULT_BEAM,BeamPower,9600
BulletParam_actULT_BEAM,BeamShave,1920
BulletParam_actULT_BEAM,LifeSpan,2.4
BulletParam_actULT_BEAM,FireLimit,1
BulletParam_actULT_BEAM,CharacterCollisionSize,180
BulletParam_actULT_BEAM,CharacterFirstHitType,ESSBulletCharacterFirstHitType::TraceMultiHit
BulletParam_actULT_BEAM,CollisionRevibeNum,14
BulletParam_actULT_BEAM,CollisionRevibeSpan,0.05
BulletParam_actULT_BEAM,bIgnoreHitBehindAttackChara,true
BulletParam_actULT_BEAM,GeometryFirstHitType,ESSBulletGeometryFirstHitType::StopMultiHit
BulletParam_actULT_BEAM,GeometryCollisionRevibeNum,5
BulletParam_actULT_BEAM,GeometryCollisionRevibeSpan,0.033
BulletParam_actULT_BEAM,ClashCollisionSize,150
BulletParam_actULT_BEAM,EnergyBullectCollisionPriority,300
BulletParam_actULT_BEAM,EnergyBullectCollisionPriorityInBeam,150
BulletParam_actULT_BEAM,HomingAngleLimitAtStart,360
BulletParam_actULT_BEAM,bRootFollowsStartPosition,true
BulletParam_actULT_BEAM,bDamageCostumeEnable,true
BulletParam_actULT_BEAM,bDamageCostumeLastHitOnly,true
BulletParam_actULT_BEAM,bDamageCostumeWreck,true
BulletParam_actULT_BEAM,bScratchCostumeEnable,true
BulletParam_actULT_BEAM,ArmorBreakLevel,ブラスト
BulletParam_actULT_BEAM,bImpossibleReflect,true
BulletParam_actULT_BEAM,bImpossibleAbsorption,true
BulletParam_actULT_BEAM,bFinishAtOwnerDamage,true
BulletParam_actULT_BEAM,bAvoidHistep,true
BulletParam_actULT_BEAM,bBuffAvoidable,true
BulletParam_actULT_BEAM,DestructionFieldScale,10
BulletParam_actULT_BEAM,bReduceZSearchAfterHit,true
BulletParam_actULT_BEAM,ReduceZSearchEffectTime,0.9
BulletParam_actULT_BEAM_huge,Power,800
BulletParam_actULT_BEAM_huge,Shave,160
BulletParam_actULT_BEAM_huge,BeamPower,9600
BulletParam_actULT_BEAM_huge,BeamShave,1920
BulletParam_actULT_BEAM_huge,LifeSpan,2.4
BulletParam_actULT_BEAM_huge,FireLimit,1
BulletParam_actULT_BEAM_huge,CharacterCollisionSize,240
BulletParam_actULT_BEAM_huge,CharacterFirstHitType,ESSBulletCharacterFirstHitType::TraceMultiHit
BulletParam_actULT_BEAM_huge,CollisionRevibeNum,14
BulletParam_actULT_BEAM_huge,CollisionRevibeSpan,0.05
BulletParam_actULT_BEAM_huge,bIgnoreHitBehindAttackChara,true
BulletParam_actULT_BEAM_huge,GeometryCollisionSize,50
BulletParam_actULT_BEAM_huge,GeometryFirstHitType,ESSBulletGeometryFirstHitType::StopMultiHit
BulletParam_actULT_BEAM_huge,GeometryCollisionRevibeNum,5
BulletParam_actULT_BEAM_huge,GeometryCollisionRevibeSpan,0.033
BulletParam_actULT_BEAM_huge,ClashCollisionSize,240
BulletParam_actULT_BEAM_huge,EnergyBullectCollisionPriority,300
BulletParam_actULT_BEAM_huge,EnergyBullectCollisionPriorityInBeam,150
BulletParam_actULT_BEAM_huge,HomingAngleLimitAtStart,360
BulletParam_actULT_BEAM_huge,bRootFollowsStartPosition,true
BulletParam_actULT_BEAM_huge,bDamageCostumeEnable,true
BulletParam_actULT_BEAM_huge,bDamageCostumeLastHitOnly,true
BulletParam_actULT_BEAM_huge,bDamageCostumeWreck,true
BulletParam_actULT_BEAM_huge,bScratchCostumeEnable,true
BulletParam_actULT_BEAM_huge,ArmorBreakLevel,ブラスト
BulletParam_actULT_BEAM_huge,bImpossibleReflect,true
BulletParam_actULT_BEAM_huge,bImpossibleAbsorption,true
BulletParam_actULT_BEAM_huge,bFinishAtOwnerDamage,true
BulletParam_actULT_BEAM_huge,bAvoidHistep,true
BulletParam_actULT_BEAM_huge,bBuffAvoidable,true
BulletParam_actULT_BEAM_huge,DestructionFieldScale,10
BulletParam_actULT_BEAM_huge,bReduceZSearchAfterHit,true
BulletParam_actULT_BEAM_huge,ReduceZSearchEffectTime,0.9
BulletParam_actULT_BOM,Power,1200
BulletParam_actULT_BOM,Shave,240
BulletParam_actULT_BOM,BeamPower,960
BulletParam_actULT_BOM,BeamShave,192
BulletParam_actULT_BOM,LifeSpan,2.4
BulletParam_actULT_BOM,bCanLifeSpanEndInMultiHit,true
BulletParam_actULT_BOM,FireLimit,1
BulletParam_actULT_BOM,CharacterCollisionSize,2100
BulletParam_actULT_BOM,CharacterFirstHitType,ESSBulletCharacterFirstHitType::StopMultiHit
BulletParam_actULT_BOM,CollisionRevibeNum,9
BulletParam_actULT_BOM,CollisionRevibeSpan,0.15
BulletParam_actULT_BOM,GeometryCollisionSize,2100
BulletParam_actULT_BOM,GeometryFirstHitType,ESSBulletGeometryFirstHitType::PenerateMultiHit
BulletParam_actULT_BOM,GeometryCollisionRevibeSpan,0.2
BulletParam_actULT_BOM,GeometryLastHitType,ESSBulletGeometryLastHitType::Penerate
BulletParam_actULT_BOM,ClashCollisionSize,2100
BulletParam_actULT_BOM,EnergyBullectCollisionPriority,95
BulletParam_actULT_BOM,HomingAngleLimitAtStart,360
BulletParam_actULT_BOM,bEnableSplitHit,true
BulletParam_actULT_BOM,SplitHeight,-100
BulletParam_actULT_BOM,bDamageCostumeEnable,true
BulletParam_actULT_BOM,bDamageCostumeLastHitOnly,true
BulletParam_actULT_BOM,bDamageCostumeWreck,true
BulletParam_actULT_BOM,bScratchCostumeEnable,true
BulletParam_actULT_BOM,ArmorBreakLevel,ブラスト
BulletParam_actULT_BOM,bImpossibleReflect,true
BulletParam_actULT_BOM,bImpossibleAbsorption,true
BulletParam_actULT_BOM,bFinishAtOwnerDamage,true
BulletParam_actULT_BOM,bEnergyBullectCollisionInvincible,true
BulletParam_actULT_BOM,bAvoidHistep,true
BulletParam_actULT_BOM,bBuffAvoidable,true
BulletParam_actULT_BOM,DestructionFieldScale,26
BulletParam_actULT_BOM,ReduceZSearchEffectTime,5
BulletParam_actULT_bom_HD,Power,0
BulletParam_actULT_bom_HD,Shave,375
BulletParam_actULT_bom_HD,BeamPower,0
BulletParam_actULT_bom_HD,BeamShave,300
BulletParam_actULT_bom_HD,LifeSpan,3
BulletParam_actULT_bom_HD,bCanLifeSpanEndInMultiHit,true
BulletParam_actULT_bom_HD,FireLimit,1
BulletParam_actULT_bom_HD,CharacterCollisionSize,2100
BulletParam_actULT_bom_HD,CharacterFirstHitType,ESSBulletCharacterFirstHitType::StopMultiHit
BulletParam_actULT_bom_HD,CollisionRevibeNum,9
BulletParam_actULT_bom_HD,CollisionRevibeSpan,0.2
BulletParam_actULT_bom_HD,GeometryCollisionSize,2100
BulletParam_actULT_bom_HD,GeometryFirstHitType,ESSBulletGeometryFirstHitType::PenerateMultiHit
BulletParam_actULT_bom_HD,GeometryCollisionRevibeSpan,0.2
BulletParam_actULT_bom_HD,GeometryLastHitType,ESSBulletGeometryLastHitType::Penerate
BulletParam_actULT_bom_HD,ClashCollisionSize,2100
BulletParam_actULT_bom_HD,EnergyBullectCollisionPriority,95
BulletParam_actULT_bom_HD,HomingAngleLimitAtStart,360
BulletParam_actULT_bom_HD,ArmorBreakLevel,ブラスト
BulletParam_actULT_bom_HD,bImpossibleReflect,true
BulletParam_actULT_bom_HD,bImpossibleAbsorption,true
BulletParam_actULT_bom_HD,bFinishAtOwnerDamage,true
BulletParam_actULT_bom_HD,bEnergyBullectCollisionInvincible,true
BulletParam_actULT_bom_HD,bAvoidHistep,true
BulletParam_actULT_bom_HD,bBuffAvoidable,true
BulletParam_actULT_bom_HD,DestructionFieldScale,26
BulletParam_actULT_bom_HD,ReduceZSearchEffectTime,5
BulletParam_actULT_BOM_HD_L11,Power,0
BulletParam_actULT_BOM_HD_L11,Shave,375
BulletParam_actULT_BOM_HD_L11,BeamPower,0
BulletParam_actULT_BOM_HD_L11,BeamShave,300
BulletParam_actULT_BOM_HD_L11,LifeSpan,3
BulletParam_actULT_BOM_HD_L11,bCanLifeSpanEndInMultiHit,true
BulletParam_actULT_BOM_HD_L11,FireLimit,1
BulletParam_actULT_BOM_HD_L11,CharacterCollisionSize,2100
BulletParam_actULT_BOM_HD_L11,CharacterFirstHitType,ESSBulletCharacterFirstHitType::StopMultiHit
BulletParam_actULT_BOM_HD_L11,CollisionRevibeNum,9
BulletParam_actULT_BOM_HD_L11,CollisionRevibeSpan,0.1
BulletParam_actULT_BOM_HD_L11,GeometryCollisionSize,2100
BulletParam_actULT_BOM_HD_L11,GeometryFirstHitType,ESSBulletGeometryFirstHitType::PenerateMultiHit
BulletParam_actULT_BOM_HD_L11,GeometryCollisionRevibeSpan,0.2
BulletParam_actULT_BOM_HD_L11,GeometryLastHitType,ESSBulletGeometryLastHitType::Penerate
BulletParam_actULT_BOM_HD_L11,ClashCollisionSize,2100
BulletParam_actULT_BOM_HD_L11,EnergyBullectCollisionPriority,95
BulletParam_actULT_BOM_HD_L11,HomingAngleLimitAtStart,360
BulletParam_actULT_BOM_HD_L11,ArmorBreakLevel,ブラスト
BulletParam_actULT_BOM_HD_L11,bImpossibleReflect,true
BulletParam_actULT_BOM_HD_L11,bImpossibleAbsorption,true
BulletParam_actULT_BOM_HD_L11,bFinishAtOwnerDamage,true
BulletParam_actULT_BOM_HD_L11,bEnergyBullectCollisionInvincible,true
BulletParam_actULT_BOM_HD_L11,bAvoidHistep,true
BulletParam_actULT_BOM_HD_L11,bBuffAvoidable,true
BulletParam_actULT_BOM_HD_L11,DestructionFieldScale,26
BulletParam_actULT_BOM_HD_L11,ReduceZSearchEffectTime,5
BulletParam_actULT_BOM_HD_sb_0020_40,Power,0
BulletParam_actULT_BOM_HD_sb_0020_40,Shave,13000
BulletParam_actULT_BOM_HD_sb_0020_40,BeamPower,0
BulletParam_actULT_BOM_HD_sb_0020_40,BeamShave,0
BulletParam_actULT_BOM_HD_sb_0020_40,LifeSpan,3
BulletParam_actULT_BOM_HD_sb_0020_40,bCanLifeSpanEndInMultiHit,true
BulletParam_actULT_BOM_HD_sb_0020_40,FireLimit,1
BulletParam_actULT_BOM_HD_sb_0020_40,CharacterCollisionSize,2500
BulletParam_actULT_BOM_HD_sb_0020_40,CharacterFirstHitType,ESSBulletCharacterFirstHitType::StopMultiHit
BulletParam_actULT_BOM_HD_sb_0020_40,CollisionRevibeNum,9
BulletParam_actULT_BOM_HD_sb_0020_40,CollisionRevibeSpan,0.1
BulletParam_actULT_BOM_HD_sb_0020_40,GeometryCollisionSize,2500
BulletParam_actULT_BOM_HD_sb_0020_40,GeometryFirstHitType,ESSBulletGeometryFirstHitType::PenerateMultiHit
BulletParam_actULT_BOM_HD_sb_0020_40,GeometryCollisionRevibeSpan,0.2
BulletParam_actULT_BOM_HD_sb_0020_40,GeometryLastHitType,ESSBulletGeometryLastHitType::Penerate
BulletParam_actULT_BOM_HD_sb_0020_40,ClashCollisionSize,2500
BulletParam_actULT_BOM_HD_sb_0020_40,EnergyBullectCollisionPriority,95
BulletParam_actULT_BOM_HD_sb_0020_40,HomingAngleLimitAtStart,360
BulletParam_actULT_BOM_HD_sb_0020_40,ArmorBreakLevel,ブラスト
BulletParam_actULT_BOM_HD_sb_0020_40,bImpossibleReflect,true
BulletParam_actULT_BOM_HD_sb_0020_40,bImpossibleAbsorption,true
BulletParam_actULT_BOM_HD_sb_0020_40,bFinishAtOwnerDamage,true
BulletParam_actULT_BOM_HD_sb_0020_40,bEnergyBullectCollisionInvincible,true
BulletParam_actULT_BOM_HD_sb_0020_40,bAvoidHistep,true
BulletParam_actULT_BOM_HD_sb_0020_40,bBuffAvoidable,true
BulletParam_actULT_BOM_HD_sb_0020_40,DestructionFieldScale,26
BulletParam_actULT_BOM_HD_sb_0020_40,ReduceZSearchEffectTime,5
BulletParam_actULT_BOM_HD_sb_0020_40,bReceiveSelfDamage,true
BulletParam_actULT_BOM_HD_sb_0020_40,SelfDamagePower,999999
BulletParam_actULT_BULLET,Power,4000
BulletParam_actULT_BULLET,Shave,800
BulletParam_actULT_BULLET,BeamPower,3200
BulletParam_actULT_BULLET,BeamShave,640
BulletParam_actULT_BULLET,LifeSpan,2.4
BulletParam_actULT_BULLET,FireLimit,1
BulletParam_actULT_BULLET,CharacterCollisionSize,75
BulletParam_actULT_BULLET,CharacterFirstHitType,ESSBulletCharacterFirstHitType::TraceMultiHit
BulletParam_actULT_BULLET,CollisionRevibeNum,2
BulletParam_actULT_BULLET,CollisionRevibeSpan,0.1
BulletParam_actULT_BULLET,GeometryCollisionSize,25
BulletParam_actULT_BULLET,ClashCollisionSize,50
BulletParam_actULT_BULLET,EnergyBullectCollisionPriority,300
BulletParam_actULT_BULLET,HomingAngleLimitAtStart,360
BulletParam_actULT_BULLET,bDamageCostumeEnable,true
BulletParam_actULT_BULLET,bDamageCostumeLastHitOnly,true
BulletParam_actULT_BULLET,bDamageCostumeWreck,true
BulletParam_actULT_BULLET,bScratchCostumeEnable,true
BulletParam_actULT_BULLET,ArmorBreakLevel,ブラスト
BulletParam_actULT_BULLET,bImpossibleReflect,true
BulletParam_actULT_BULLET,bImpossibleAbsorption,true
BulletParam_actULT_BULLET,bFinishAtOwnerDamage,true
BulletParam_actULT_BULLET,bBlastImpactBulletShift,true
BulletParam_actULT_BULLET,bAvoidHistep,true
BulletParam_actULT_BULLET,bBuffAvoidable,true
BulletParam_actULT_BULLET,DestructionFieldScale,10
BulletParam_actULT_BULLET,bReduceZSearchAfterHit,true
BulletParam_actULT_BULLET,ReduceZSearchEffectTime,0.9
BulletParam_actULT_BULLET_barrage05,Power,2400
BulletParam_actULT_BULLET_barrage05,Shave,480
BulletParam_actULT_BULLET_barrage05,BeamPower,1920
BulletParam_actULT_BULLET_barrage05,BeamShave,384
BulletParam_actULT_BULLET_barrage05,LifeSpan,2
BulletParam_actULT_BULLET_barrage05,FireLimit,10
BulletParam_actULT_BULLET_barrage05,CollisionRevibeSpan,0.1
BulletParam_actULT_BULLET_barrage05,GeometryCollisionSize,50
BulletParam_actULT_BULLET_barrage05,EnergyBullectCollisionPriority,300
BulletParam_actULT_BULLET_barrage05,HomingAngleLimitAtStart,360
BulletParam_actULT_BULLET_barrage05,MoveParam.HomingEndTime,2.25
BulletParam_actULT_BULLET_barrage05,bDamageCostumeEnable,true
BulletParam_actULT_BULLET_barrage05,bDamageCostumeLastHitOnly,true
BulletParam_actULT_BULLET_barrage05,bDamageCostumeWreck,true
BulletParam_actULT_BULLET_barrage05,bScratchCostumeEnable,true
BulletParam_actULT_BULLET_barrage05,ArmorBreakLevel,ブラスト
BulletParam_actULT_BULLET_barrage05,bImpossibleReflect,true
BulletParam_actULT_BULLET_barrage05,bImpossibleAbsorption,true
BulletParam_actULT_BULLET_barrage05,bFinishAtOwnerDamage,true
BulletParam_actULT_BULLET_barrage05,bBlastImpactBulletShift,true
BulletParam_actULT_BULLET_barrage05,bAvoidHistep,true
BulletParam_actULT_BULLET_barrage05,bBuffAvoidable,true
BulletParam_actULT_BULLET_barrage05,DestructionFieldScale,0.4
BulletParam_actULT_BULLET_barrage05,bReduceZSearchAfterHit,true
BulletParam_actULT_BULLET_barrage05,ReduceZSearchEffectTime,0.9
BulletParam_actULT_BULLET_HD,Power,0
BulletParam_actULT_BULLET_HD,Shave,2400
BulletParam_actULT_BULLET_HD,BeamPower,0
BulletParam_actULT_BULLET_HD,BeamShave,2400
BulletParam_actULT_BULLET_HD,LifeSpan,2.4
BulletParam_actULT_BULLET_HD,FireLimit,1
BulletParam_actULT_BULLET_HD,CharacterCollisionSize,200
BulletParam_actULT_BULLET_HD,EnergyBullectCollisionPriority,300
BulletParam_actULT_BULLET_HD,HomingAngleLimitAtStart,360
BulletParam_actULT_BULLET_HD,ArmorBreakLevel,ブラスト
BulletParam_actULT_BULLET_HD,bImpossibleReflect,true
BulletParam_actULT_BULLET_HD,bImpossibleAbsorption,true
BulletParam_actULT_BULLET_HD,bFinishAtOwnerDamage,true
BulletParam_actULT_BULLET_HD,bBlastImpactBulletShift,true
BulletParam_actULT_BULLET_HD,bAvoidHistep,true
BulletParam_actULT_BULLET_HD,bBuffAvoidable,true
BulletParam_actULT_BULLET_HD,bReduceZSearchAfterHit,true
BulletParam_actULT_BULLET_HD,ReduceZSearchEffectTime,0.9
BulletParam_actULT_BULLET_HD_barrage,Power,0
BulletParam_actULT_BULLET_HD_barrage,Shave,800
BulletParam_actULT_BULLET_HD_barrage,BeamPower,0
BulletParam_actULT_BULLET_HD_barrage,BeamShave,800
BulletParam_actULT_BULLET_HD_barrage,LifeSpan,2
BulletParam_actULT_BULLET_HD_barrage,FireLimit,10
BulletParam_actULT_BULLET_HD_barrage,CollisionRevibeSpan,0.1
BulletParam_actULT_BULLET_HD_barrage,ClashCollisionSize,80
BulletParam_actULT_BULLET_HD_barrage,EnergyBullectCollisionPriority,300
BulletParam_actULT_BULLET_HD_barrage,HomingAngleLimitAtStart,360
BulletParam_actULT_BULLET_HD_barrage,MoveParam.HomingEndTime,2.25
BulletParam_actULT_BULLET_HD_barrage,ArmorBreakLevel,ブラスト
BulletParam_actULT_BULLET_HD_barrage,bImpossibleReflect,true
BulletParam_actULT_BULLET_HD_barrage,bImpossibleAbsorption,true
BulletParam_actULT_BULLET_HD_barrage,bFinishAtOwnerDamage,true
BulletParam_actULT_BULLET_HD_barrage,bBlastImpactBulletShift,true
BulletParam_actULT_BULLET_HD_barrage,bAvoidHistep,true
BulletParam_actULT_BULLET_HD_barrage,bBuffAvoidable,true
BulletParam_actULT_BULLET_HD_barrage,DestructionFieldScale,2
BulletParam_actULT_BULLET_HD_barrage,ReduceZSearchEffectTime,5
BulletParam_actULT_BULLET_HD_barrage_l,Power,0
BulletParam_actULT_BULLET_HD_barrage_l,Shave,800
BulletParam_actULT_BULLET_HD_barrage_l,BeamPower,0
BulletParam_actULT_BULLET_HD_barrage_l,BeamShave,800
BulletParam_actULT_BULLET_HD_barrage_l,LifeSpan,2
BulletParam_actULT_BULLET_HD_barrage_l,FireLimit,10
BulletParam_actULT_BULLET_HD_barrage_l,CollisionRevibeSpan,0.1
BulletParam_actULT_BULLET_HD_barrage_l,ClashCollisionSize,80
BulletParam_actULT_BULLET_HD_barrage_l,EnergyBullectCollisionPriority,300
BulletParam_actULT_BULLET_HD_barrage_l,HomingAngleLimitAtStart,360
BulletParam_actULT_BULLET_HD_barrage_l,MoveParam.HomingEndTime,2.25
BulletParam_actULT_BULLET_HD_barrage_l,ArmorBreakLevel,ブラスト
BulletParam_actULT_BULLET_HD_barrage_l,bImpossibleReflect,true
BulletParam_actULT_BULLET_HD_barrage_l,bImpossibleAbsorption,true
BulletParam_actULT_BULLET_HD_barrage_l,bFinishAtOwnerDamage,true
BulletParam_actULT_BULLET_HD_barrage_l,bBlastImpactBulletShift,true
BulletParam_actULT_BULLET_HD_barrage_l,bAvoidHistep,true
BulletParam_actULT_BULLET_HD_barrage_l,bBuffAvoidable,true
BulletParam_actULT_BULLET_HD_barrage_l,DestructionFieldScale,2
BulletParam_actULT_BULLET_HD_barrage_l,ReduceZSearchEffectTime,5
BulletParam_actULT_BULLET_HD_barrage_r,Power,0
BulletParam_actULT_BULLET_HD_barrage_r,Shave,800
BulletParam_actULT_BULLET_HD_barrage_r,BeamPower,0
BulletParam_actULT_BULLET_HD_barrage_r,BeamShave,800
BulletParam_actULT_BULLET_HD_barrage_r,LifeSpan,2
BulletParam_actULT_BULLET_HD_barrage_r,FireLimit,10
BulletParam_actULT_BULLET_HD_barrage_r,CollisionRevibeSpan,0.1
BulletParam_actULT_BULLET_HD_barrage_r,ClashCollisionSize,80
BulletParam_actULT_BULLET_HD_barrage_r,EnergyBullectCollisionPriority,300
BulletParam_actULT_BULLET_HD_barrage_r,HomingAngleLimitAtStart,360
BulletParam_actULT_BULLET_HD_barrage_r,MoveParam.HomingEndTime,2.25
BulletParam_actULT_BULLET_HD_barrage_r,ArmorBreakLevel,ブラスト
BulletParam_actULT_BULLET_HD_barrage_r,bImpossibleReflect,true
BulletParam_actULT_BULLET_HD_barrage_r,bImpossibleAbsorption,true
BulletParam_actULT_BULLET_HD_barrage_r,bFinishAtOwnerDamage,true
BulletParam_actULT_BULLET_HD_barrage_r,bBlastImpactBulletShift,true
BulletParam_actULT_BULLET_HD_barrage_r,bAvoidHistep,true
BulletParam_actULT_BULLET_HD_barrage_r,bBuffAvoidable,true
BulletParam_actULT_BULLET_HD_barrage_r,DestructionFieldScale,2
BulletParam_actULT_BULLET_HD_barrage_r,ReduceZSearchEffectTime,5
BulletParam_actULT_BULLET_HD_s,Power,0
BulletParam_actULT_BULLET_HD_s,Shave,2400
BulletParam_actULT_BULLET_HD_s,BeamPower,0
BulletParam_actULT_BULLET_HD_s,BeamShave,2400
BulletParam_actULT_BULLET_HD_s,LifeSpan,2.4
BulletParam_actULT_BULLET_HD_s,FireLimit,1
BulletParam_actULT_BULLET_HD_s,EnergyBullectCollisionPriority,300
BulletParam_actULT_BULLET_HD_s,HomingAngleLimitAtStart,360
BulletParam_actULT_BULLET_HD_s,ArmorBreakLevel,ブラスト
BulletParam_actULT_BULLET_HD_s,bImpossibleReflect,true
BulletParam_actULT_BULLET_HD_s,bImpossibleAbsorption,true
BulletParam_actULT_BULLET_HD_s,bFinishAtOwnerDamage,true
BulletParam_actULT_BULLET_HD_s,bBlastImpactBulletShift,true
BulletParam_actULT_BULLET_HD_s,BlastImpactBulletScale,2
BulletParam_actULT_BULLET_HD_s,bAvoidHistep,true
BulletParam_actULT_BULLET_HD_s,bBuffAvoidable,true
BulletParam_actULT_BULLET_HD_s,bReduceZSearchAfterHit,true
BulletParam_actULT_BULLET_HD_s,ReduceZSearchEffectTime,0.9
BulletParam_actULT_BULLET_hom,Power,4000
BulletParam_actULT_BULLET_hom,Shave,800
BulletParam_actULT_BULLET_hom,BeamPower,3200
BulletParam_actULT_BULLET_hom,BeamShave,640
BulletParam_actULT_BULLET_hom,LifeSpan,4.5
BulletParam_actULT_BULLET_hom,FireLimit,1
BulletParam_actULT_BULLET_hom,CharacterCollisionSize,325
BulletParam_actULT_BULLET_hom,CharacterFirstHitType,ESSBulletCharacterFirstHitType::TraceMultiHit
BulletParam_actULT_BULLET_hom,CollisionRevibeNum,2
BulletParam_actULT_BULLET_hom,CollisionRevibeSpan,0.1
BulletParam_actULT_BULLET_hom,ClashCollisionSize,325
BulletParam_actULT_BULLET_hom,EnergyBullectCollisionPriority,300
BulletParam_actULT_BULLET_hom,HomingAngleLimitAtStart,360
BulletParam_actULT_BULLET_hom,MoveParam.bHomingAvoidDisable,true
BulletParam_actULT_BULLET_hom,bDamageCostumeEnable,true
BulletParam_actULT_BULLET_hom,bDamageCostumeLastHitOnly,true
BulletParam_actULT_BULLET_hom,bDamageCostumeWreck,true
BulletParam_actULT_BULLET_hom,bScratchCostumeEnable,true
BulletParam_actULT_BULLET_hom,ArmorBreakLevel,ブラスト
BulletParam_actULT_BULLET_hom,bImpossibleReflect,true
BulletParam_actULT_BULLET_hom,bImpossibleAbsorption,true
BulletParam_actULT_BULLET_hom,bFinishAtOwnerDamage,true
BulletParam_actULT_BULLET_hom,bBlastImpactBulletShift,true
BulletParam_actULT_BULLET_hom,bAvoidHistep,true
BulletParam_actULT_BULLET_hom,bBuffAvoidable,true
BulletParam_actULT_BULLET_hom,bIgnoreActionTarget,true
BulletParam_actULT_BULLET_hom,DestructionFieldScale,10
BulletParam_actULT_BULLET_hom,bReduceZSearchAfterHit,true
BulletParam_actULT_BULLET_hom,ReduceZSearchEffectTime,0.9
BulletParam_actULT_BULLET_L200,Power,4000
BulletParam_actULT_BULLET_L200,Shave,800
BulletParam_actULT_BULLET_L200,BeamPower,3200
BulletParam_actULT_BULLET_L200,BeamShave,640
BulletParam_actULT_BULLET_L200,LifeSpan,2.4
BulletParam_actULT_BULLET_L200,FireLimit,1
BulletParam_actULT_BULLET_L200,CharacterCollisionSize,200
BulletParam_actULT_BULLET_L200,CharacterFirstHitType,ESSBulletCharacterFirstHitType::TraceMultiHit
BulletParam_actULT_BULLET_L200,CollisionRevibeNum,2
BulletParam_actULT_BULLET_L200,CollisionRevibeSpan,0.1
BulletParam_actULT_BULLET_L200,GeometryCollisionSize,50
BulletParam_actULT_BULLET_L200,ClashCollisionSize,150
BulletParam_actULT_BULLET_L200,EnergyBullectCollisionPriority,300
BulletParam_actULT_BULLET_L200,HomingAngleLimitAtStart,360
BulletParam_actULT_BULLET_L200,bDamageCostumeEnable,true
BulletParam_actULT_BULLET_L200,bDamageCostumeLastHitOnly,true
BulletParam_actULT_BULLET_L200,bDamageCostumeWreck,true
BulletParam_actULT_BULLET_L200,bScratchCostumeEnable,true
BulletParam_actULT_BULLET_L200,ArmorBreakLevel,ブラスト
BulletParam_actULT_BULLET_L200,bImpossibleReflect,true
BulletParam_actULT_BULLET_L200,bImpossibleAbsorption,true
BulletParam_actULT_BULLET_L200,bFinishAtOwnerDamage,true
BulletParam_actULT_BULLET_L200,bBlastImpactBulletShift,true
BulletParam_actULT_BULLET_L200,bAvoidHistep,true
BulletParam_actULT_BULLET_L200,bBuffAvoidable,true
BulletParam_actULT_BULLET_L200,DestructionFieldScale,18
BulletParam_actULT_BULLET_L200,bReduceZSearchAfterHit,true
BulletParam_actULT_BULLET_L200,ReduceZSearchEffectTime,0.9
BulletParam_actULT_BULLET_L300,Power,4000
BulletParam_actULT_BULLET_L300,Shave,800
BulletParam_actULT_BULLET_L300,BeamPower,3200
BulletParam_actULT_BULLET_L300,BeamShave,640
BulletParam_actULT_BULLET_L300,LifeSpan,2.4
BulletParam_actULT_BULLET_L300,FireLimit,1
BulletParam_actULT_BULLET_L300,CharacterCollisionSize,300
BulletParam_actULT_BULLET_L300,CharacterFirstHitType,ESSBulletCharacterFirstHitType::TraceMultiHit
BulletParam_actULT_BULLET_L300,CollisionRevibeNum,2
BulletParam_actULT_BULLET_L300,CollisionRevibeSpan,0.1
BulletParam_actULT_BULLET_L300,GeometryCollisionSize,100
BulletParam_actULT_BULLET_L300,ClashCollisionSize,240
BulletParam_actULT_BULLET_L300,EnergyBullectCollisionPriority,300
BulletParam_actULT_BULLET_L300,HomingAngleLimitAtStart,360
BulletParam_actULT_BULLET_L300,bDamageCostumeEnable,true
BulletParam_actULT_BULLET_L300,bDamageCostumeLastHitOnly,true
BulletParam_actULT_BULLET_L300,bDamageCostumeWreck,true
BulletParam_actULT_BULLET_L300,bScratchCostumeEnable,true
BulletParam_actULT_BULLET_L300,ArmorBreakLevel,ブラスト
BulletParam_actULT_BULLET_L300,bImpossibleReflect,true
BulletParam_actULT_BULLET_L300,bImpossibleAbsorption,true
BulletParam_actULT_BULLET_L300,bFinishAtOwnerDamage,true
BulletParam_actULT_BULLET_L300,bBlastImpactBulletShift,true
BulletParam_actULT_BULLET_L300,bAvoidHistep,true
BulletParam_actULT_BULLET_L300,bBuffAvoidable,true
BulletParam_actULT_BULLET_L300,DestructionFieldScale,18
BulletParam_actULT_BULLET_L300,bReduceZSearchAfterHit,true
BulletParam_actULT_BULLET_L300,ReduceZSearchEffectTime,0.9
BulletParam_actULT_BULLET_L500,Power,4000
BulletParam_actULT_BULLET_L500,Shave,800
BulletParam_actULT_BULLET_L500,BeamPower,3200
BulletParam_actULT_BULLET_L500,BeamShave,640
BulletParam_actULT_BULLET_L500,LifeSpan,2.4
BulletParam_actULT_BULLET_L500,FireLimit,1
BulletParam_actULT_BULLET_L500,CharacterCollisionSize,500
BulletParam_actULT_BULLET_L500,CharacterFirstHitType,ESSBulletCharacterFirstHitType::TraceMultiHit
BulletParam_actULT_BULLET_L500,CollisionRevibeNum,2
BulletParam_actULT_BULLET_L500,CollisionRevibeSpan,0.1
BulletParam_actULT_BULLET_L500,GeometryCollisionSize,200
BulletParam_actULT_BULLET_L500,ClashCollisionSize,440
BulletParam_actULT_BULLET_L500,EnergyBullectCollisionPriority,300
BulletParam_actULT_BULLET_L500,HomingAngleLimitAtStart,360
BulletParam_actULT_BULLET_L500,bDamageCostumeEnable,true
BulletParam_actULT_BULLET_L500,bDamageCostumeLastHitOnly,true
BulletParam_actULT_BULLET_L500,bDamageCostumeWreck,true
BulletParam_actULT_BULLET_L500,bScratchCostumeEnable,true
BulletParam_actULT_BULLET_L500,ArmorBreakLevel,ブラスト
BulletParam_actULT_BULLET_L500,bImpossibleReflect,true
BulletParam_actULT_BULLET_L500,bImpossibleAbsorption,true
BulletParam_actULT_BULLET_L500,bFinishAtOwnerDamage,true
BulletParam_actULT_BULLET_L500,bBlastImpactBulletShift,true
BulletParam_actULT_BULLET_L500,bAvoidHistep,true
BulletParam_actULT_BULLET_L500,bBuffAvoidable,true
BulletParam_actULT_BULLET_L500,DestructionFieldScale,18
BulletParam_actULT_BULLET_L500,bReduceZSearchAfterHit,true
BulletParam_actULT_BULLET_L500,ReduceZSearchEffectTime,0.9
BulletParam_actULT_BULLET_Top,Power,2600
BulletParam_actULT_BULLET_Top,Shave,520
BulletParam_actULT_BULLET_Top,BeamPower,2080
BulletParam_actULT_BULLET_Top,BeamShave,416
BulletParam_actULT_BULLET_Top,LifeSpan,2.4
BulletParam_actULT_BULLET_Top,FireLimit,1
BulletParam_actULT_BULLET_Top,CharacterCollisionSize,75
BulletParam_actULT_BULLET_Top,CharacterFirstHitType,ESSBulletCharacterFirstHitType::TraceMultiHit
BulletParam_actULT_BULLET_Top,CollisionRevibeNum,4
BulletParam_actULT_BULLET_Top,CollisionRevibeSpan,0.1
BulletParam_actULT_BULLET_Top,GeometryCollisionSize,25
BulletParam_actULT_BULLET_Top,ClashCollisionSize,50
BulletParam_actULT_BULLET_Top,EnergyBullectCollisionPriority,300
BulletParam_actULT_BULLET_Top,HomingAngleLimitAtStart,360
BulletParam_actULT_BULLET_Top,bDamageCostumeEnable,true
BulletParam_actULT_BULLET_Top,bDamageCostumeLastHitOnly,true
BulletParam_actULT_BULLET_Top,bDamageCostumeWreck,true
BulletParam_actULT_BULLET_Top,bScratchCostumeEnable,true
BulletParam_actULT_BULLET_Top,ArmorBreakLevel,ブラスト
BulletParam_actULT_BULLET_Top,bImpossibleReflect,true
BulletParam_actULT_BULLET_Top,bImpossibleAbsorption,true
BulletParam_actULT_BULLET_Top,bFinishAtOwnerDamage,true
BulletParam_actULT_BULLET_Top,bAvoidHistep,true
BulletParam_actULT_BULLET_Top,bBuffAvoidable,true
BulletParam_actULT_BULLET_Top,DestructionFieldScale,10
BulletParam_actULT_BULLET_Top,bReduceZSearchAfterHit,true
BulletParam_actULT_BULLET_Top,ReduceZSearchEffectTime,0.9
BulletParam_actULTSI_HD_BEAM,Power,0
BulletParam_actULTSI_HD_BEAM,Shave,480
BulletParam_actULTSI_HD_BEAM,BeamPower,0
BulletParam_actULTSI_HD_BEAM,BeamShave,384
BulletParam_actULTSI_HD_BEAM,LifeSpan,2.4
BulletParam_actULTSI_HD_BEAM,FireLimit,1
BulletParam_actULTSI_HD_BEAM,CharacterCollisionSize,150
BulletParam_actULTSI_HD_BEAM,CharacterFirstHitType,ESSBulletCharacterFirstHitType::TraceMultiHit
BulletParam_actULTSI_HD_BEAM,CollisionRevibeNum,4
BulletParam_actULTSI_HD_BEAM,CollisionRevibeSpan,0.1
BulletParam_actULTSI_HD_BEAM,bIgnoreHitBehindAttackChara,true
BulletParam_actULTSI_HD_BEAM,GeometryFirstHitType,ESSBulletGeometryFirstHitType::StopMultiHit
BulletParam_actULTSI_HD_BEAM,GeometryCollisionRevibeNum,5
BulletParam_actULTSI_HD_BEAM,GeometryCollisionRevibeSpan,0.033
BulletParam_actULTSI_HD_BEAM,EnergyBullectCollisionPriority,300
BulletParam_actULTSI_HD_BEAM,EnergyBullectCollisionPriorityInBeam,150
BulletParam_actULTSI_HD_BEAM,HomingAngleLimitAtStart,360
BulletParam_actULTSI_HD_BEAM,bRootFollowsStartPosition,true
BulletParam_actULTSI_HD_BEAM,ArmorBreakLevel,ブラスト
BulletParam_actULTSI_HD_BEAM,bImpossibleReflect,true
BulletParam_actULTSI_HD_BEAM,bImpossibleAbsorption,true
BulletParam_actULTSI_HD_BEAM,bFinishAtOwnerDamage,true
BulletParam_actULTSI_HD_BEAM,bAvoidHistep,true
BulletParam_actULTSI_HD_BEAM,bBuffAvoidable,true
BulletParam_actULTSI_HD_BEAM,bReduceZSearchAfterHit,true
BulletParam_actULTSI_HD_BEAM,ReduceZSearchEffectTime,0.9
BulletParam_actULTSI_HD_BEAM_SH,Power,0
BulletParam_actULTSI_HD_BEAM_SH,Shave,480
BulletParam_actULTSI_HD_BEAM_SH,BeamPower,0
BulletParam_actULTSI_HD_BEAM_SH,BeamShave,384
BulletParam_actULTSI_HD_BEAM_SH,LifeSpan,2
BulletParam_actULTSI_HD_BEAM_SH,bCanLifeSpanEndInMultiHit,true
BulletParam_actULTSI_HD_BEAM_SH,FireLimit,1
BulletParam_actULTSI_HD_BEAM_SH,CharacterFirstHitType,ESSBulletCharacterFirstHitType::TraceMultiHit
BulletParam_actULTSI_HD_BEAM_SH,CollisionRevibeNum,4
BulletParam_actULTSI_HD_BEAM_SH,CollisionRevibeSpan,0.1
BulletParam_actULTSI_HD_BEAM_SH,bIgnoreHitBehindAttackChara,true
BulletParam_actULTSI_HD_BEAM_SH,GeometryCollisionSize,0
BulletParam_actULTSI_HD_BEAM_SH,EnergyBullectCollisionPriority,300
BulletParam_actULTSI_HD_BEAM_SH,EnergyBullectCollisionPriorityInBeam,150
BulletParam_actULTSI_HD_BEAM_SH,HomingAngleLimitAtStart,360
BulletParam_actULTSI_HD_BEAM_SH,ArmorBreakLevel,ブラスト
BulletParam_actULTSI_HD_BEAM_SH,bImpossibleReflect,true
BulletParam_actULTSI_HD_BEAM_SH,bImpossibleAbsorption,true
BulletParam_actULTSI_HD_BEAM_SH,bFinishAtOwnerDamage,true
BulletParam_actULTSI_HD_BEAM_SH,bAvoidHistep,true
BulletParam_actULTSI_HD_BEAM_SH,bBuffAvoidable,true
BulletParam_actULTSI_HD_BEAM_SH,DestructionFieldScale,1.8
BulletParam_actULTSI_HD_BEAM_SH,ReduceZSearchEffectTime,5
BulletParam_actULTSI_HD_BEAM_SH_hi,Power,0
BulletParam_actULTSI_HD_BEAM_SH_hi,Shave,0
BulletParam_actULTSI_HD_BEAM_SH_hi,BeamPower,0
BulletParam_actULTSI_HD_BEAM_SH_hi,BeamShave,0
BulletParam_actULTSI_HD_BEAM_SH_hi,LifeSpan,2
BulletParam_actULTSI_HD_BEAM_SH_hi,bCanLifeSpanEndInMultiHit,true
BulletParam_actULTSI_HD_BEAM_SH_hi,FireLimit,1
BulletParam_actULTSI_HD_BEAM_SH_hi,bIgnoreHitBehindAttackChara,true
BulletParam_actULTSI_HD_BEAM_SH_hi,GeometryCollisionSize,0
BulletParam_actULTSI_HD_BEAM_SH_hi,EnergyBullectCollisionPriority,300
BulletParam_actULTSI_HD_BEAM_SH_hi,EnergyBullectCollisionPriorityInBeam,150
BulletParam_actULTSI_HD_BEAM_SH_hi,HomingAngleLimitAtStart,360
BulletParam_actULTSI_HD_BEAM_SH_hi,ArmorBreakLevel,ブラスト
BulletParam_actULTSI_HD_BEAM_SH_hi,bImpossibleGuard,true
BulletParam_actULTSI_HD_BEAM_SH_hi,bImpossibleReflect,true
BulletParam_actULTSI_HD_BEAM_SH_hi,bImpossibleAbsorption,true
BulletParam_actULTSI_HD_BEAM_SH_hi,bFinishAtOwnerDamage,true
BulletParam_actULTSI_HD_BEAM_SH_hi,bAvoidHistep,true
BulletParam_actULTSI_HD_BEAM_SH_hi,bBuffAvoidable,true
BulletParam_actULTSI_HD_BEAM_SH_hi,DestructionFieldScale,1.8
BulletParam_actULTSI_HD_BEAM_SH_hi,bReduceZSearchAfterHit,true
BulletParam_actULTSI_HD_BEAM_SH_hi,ReduceZSearchEffectTime,0.9
BulletParam_actULTSI_HD_BEAM_SH_unblockable,Power,0
BulletParam_actULTSI_HD_BEAM_SH_unblockable,Shave,0
BulletParam_actULTSI_HD_BEAM_SH_unblockable,BeamPower,0
BulletParam_actULTSI_HD_BEAM_SH_unblockable,BeamShave,0
BulletParam_actULTSI_HD_BEAM_SH_unblockable,LifeSpan,2
BulletParam_actULTSI_HD_BEAM_SH_unblockable,bCanLifeSpanEndInMultiHit,true
BulletParam_actULTSI_HD_BEAM_SH_unblockable,FireLimit,1
BulletParam_actULTSI_HD_BEAM_SH_unblockable,bIgnoreHitBehindAttackChara,true
BulletParam_actULTSI_HD_BEAM_SH_unblockable,GeometryCollisionSize,0
BulletParam_actULTSI_HD_BEAM_SH_unblockable,EnergyBullectCollisionPriority,300
BulletParam_actULTSI_HD_BEAM_SH_unblockable,EnergyBullectCollisionPriorityInBeam,150
BulletParam_actULTSI_HD_BEAM_SH_unblockable,HomingAngleLimitAtStart,360
BulletParam_actULTSI_HD_BEAM_SH_unblockable,ArmorBreakLevel,ブラスト
BulletParam_actULTSI_HD_BEAM_SH_unblockable,bImpossibleGuard,true
BulletParam_actULTSI_HD_BEAM_SH_unblockable,bImpossibleReflect,true
BulletParam_actULTSI_HD_BEAM_SH_unblockable,bImpossibleAbsorption,true
BulletParam_actULTSI_HD_BEAM_SH_unblockable,bFinishAtOwnerDamage,true
BulletParam_actULTSI_HD_BEAM_SH_unblockable,bAvoidHistep,true
BulletParam_actULTSI_HD_BEAM_SH_unblockable,bBuffAvoidable,true
BulletParam_actULTSI_HD_BEAM_SH_unblockable,DestructionFieldScale,1.8
BulletParam_actULTSI_HD_BEAM_SH_unblockable,bReduceZSearchAfterHit,true
BulletParam_actULTSI_HD_BEAM_SH_unblockable,ReduceZSearchEffectTime,0.9
BulletParam_actULTSI_HD_BEAM_unblockable,Power,0
BulletParam_actULTSI_HD_BEAM_unblockable,Shave,480
BulletParam_actULTSI_HD_BEAM_unblockable,BeamPower,0
BulletParam_actULTSI_HD_BEAM_unblockable,BeamShave,384
BulletParam_actULTSI_HD_BEAM_unblockable,LifeSpan,2.4
BulletParam_actULTSI_HD_BEAM_unblockable,FireLimit,1
BulletParam_actULTSI_HD_BEAM_unblockable,CharacterCollisionSize,150
BulletParam_actULTSI_HD_BEAM_unblockable,CharacterFirstHitType,ESSBulletCharacterFirstHitType::TraceMultiHit
BulletParam_actULTSI_HD_BEAM_unblockable,CollisionRevibeNum,4
BulletParam_actULTSI_HD_BEAM_unblockable,CollisionRevibeSpan,0.1
BulletParam_actULTSI_HD_BEAM_unblockable,bIgnoreHitBehindAttackChara,true
BulletParam_actULTSI_HD_BEAM_unblockable,GeometryFirstHitType,ESSBulletGeometryFirstHitType::StopMultiHit
BulletParam_actULTSI_HD_BEAM_unblockable,GeometryCollisionRevibeNum,5
BulletParam_actULTSI_HD_BEAM_unblockable,GeometryCollisionRevibeSpan,0.033
BulletParam_actULTSI_HD_BEAM_unblockable,EnergyBullectCollisionPriority,300
BulletParam_actULTSI_HD_BEAM_unblockable,EnergyBullectCollisionPriorityInBeam,150
BulletParam_actULTSI_HD_BEAM_unblockable,HomingAngleLimitAtStart,360
BulletParam_actULTSI_HD_BEAM_unblockable,bRootFollowsStartPosition,true
BulletParam_actULTSI_HD_BEAM_unblockable,ArmorBreakLevel,ブラスト
BulletParam_actULTSI_HD_BEAM_unblockable,bImpossibleReflect,true
BulletParam_actULTSI_HD_BEAM_unblockable,bImpossibleAbsorption,true
BulletParam_actULTSI_HD_BEAM_unblockable,bFinishAtOwnerDamage,true
BulletParam_actULTSI_HD_BEAM_unblockable,bAvoidHistep,true
BulletParam_actULTSI_HD_BEAM_unblockable,bBuffAvoidable,true
BulletParam_actULTSI_HD_BEAM_unblockable,bReduceZSearchAfterHit,true
BulletParam_actULTSI_HD_BEAM_unblockable,ReduceZSearchEffectTime,0.9
BulletParam_actULTSI_HD_BLT_L300,Power,0
BulletParam_actULTSI_HD_BLT_L300,Shave,2400
BulletParam_actULTSI_HD_BLT_L300,BeamPower,0
BulletParam_actULTSI_HD_BLT_L300,BeamShave,1920
BulletParam_actULTSI_HD_BLT_L300,LifeSpan,2.4
BulletParam_actULTSI_HD_BLT_L300,FireLimit,1
BulletParam_actULTSI_HD_BLT_L300,CharacterCollisionSize,300
BulletParam_actULTSI_HD_BLT_L300,ClashCollisionSize,240
BulletParam_actULTSI_HD_BLT_L300,EnergyBullectCollisionPriority,300
BulletParam_actULTSI_HD_BLT_L300,HomingAngleLimitAtStart,360
BulletParam_actULTSI_HD_BLT_L300,ArmorBreakLevel,ブラスト
BulletParam_actULTSI_HD_BLT_L300,bImpossibleReflect,true
BulletParam_actULTSI_HD_BLT_L300,bImpossibleAbsorption,true
BulletParam_actULTSI_HD_BLT_L300,bFinishAtOwnerDamage,true
BulletParam_actULTSI_HD_BLT_L300,bBlastImpactBulletShift,true
BulletParam_actULTSI_HD_BLT_L300,bAvoidHistep,true
BulletParam_actULTSI_HD_BLT_L300,bBuffAvoidable,true
BulletParam_actULTSI_HD_BLT_L300,DestructionFieldScale,18
BulletParam_actULTSI_HD_BLT_L300,bReduceZSearchAfterHit,true
BulletParam_actULTSI_HD_BLT_L300,ReduceZSearchEffectTime,0.9
BulletParam_actULTSI_HD_BLT_L500,Power,0
BulletParam_actULTSI_HD_BLT_L500,Shave,2400
BulletParam_actULTSI_HD_BLT_L500,BeamPower,0
BulletParam_actULTSI_HD_BLT_L500,BeamShave,1920
BulletParam_actULTSI_HD_BLT_L500,LifeSpan,2.4
BulletParam_actULTSI_HD_BLT_L500,FireLimit,1
BulletParam_actULTSI_HD_BLT_L500,CharacterCollisionSize,500
BulletParam_actULTSI_HD_BLT_L500,ClashCollisionSize,450
BulletParam_actULTSI_HD_BLT_L500,EnergyBullectCollisionPriority,300
BulletParam_actULTSI_HD_BLT_L500,HomingAngleLimitAtStart,360
BulletParam_actULTSI_HD_BLT_L500,ArmorBreakLevel,ブラスト
BulletParam_actULTSI_HD_BLT_L500,bImpossibleReflect,true
BulletParam_actULTSI_HD_BLT_L500,bImpossibleAbsorption,true
BulletParam_actULTSI_HD_BLT_L500,bFinishAtOwnerDamage,true
BulletParam_actULTSI_HD_BLT_L500,bBlastImpactBulletShift,true
BulletParam_actULTSI_HD_BLT_L500,BlastImpactBulletScale,0.7
BulletParam_actULTSI_HD_BLT_L500,bAvoidHistep,true
BulletParam_actULTSI_HD_BLT_L500,bBuffAvoidable,true
BulletParam_actULTSI_HD_BLT_L500,DestructionFieldScale,18
BulletParam_actULTSI_HD_BLT_L500,bReduceZSearchAfterHit,true
BulletParam_actULTSI_HD_BLT_L500,ReduceZSearchEffectTime,0.9
BulletParam_actULTSI_HD_BLT_L550,Power,0
BulletParam_actULTSI_HD_BLT_L550,Shave,2400
BulletParam_actULTSI_HD_BLT_L550,BeamPower,0
BulletParam_actULTSI_HD_BLT_L550,BeamShave,1920
BulletParam_actULTSI_HD_BLT_L550,LifeSpan,2.4
BulletParam_actULTSI_HD_BLT_L550,FireLimit,1
BulletParam_actULTSI_HD_BLT_L550,CharacterCollisionSize,550
BulletParam_actULTSI_HD_BLT_L550,EnergyBullectCollisionPriority,300
BulletParam_actULTSI_HD_BLT_L550,HomingAngleLimitAtStart,360
BulletParam_actULTSI_HD_BLT_L550,ArmorBreakLevel,ブラスト
BulletParam_actULTSI_HD_BLT_L550,bImpossibleReflect,true
BulletParam_actULTSI_HD_BLT_L550,bImpossibleAbsorption,true
BulletParam_actULTSI_HD_BLT_L550,bFinishAtOwnerDamage,true
BulletParam_actULTSI_HD_BLT_L550,bBlastImpactBulletShift,true
BulletParam_actULTSI_HD_BLT_L550,bAvoidHistep,true
BulletParam_actULTSI_HD_BLT_L550,bBuffAvoidable,true
BulletParam_actULTSI_HD_BLT_L550,DestructionFieldScale,18
BulletParam_actULTSI_HD_BLT_L550,bReduceZSearchAfterHit,true
BulletParam_actULTSI_HD_BLT_L550,ReduceZSearchEffectTime,0.9
BulletParam_actULTSI_HD_BLT_L550_unblockable,Power,0
BulletParam_actULTSI_HD_BLT_L550_unblockable,Shave,2400
BulletParam_actULTSI_HD_BLT_L550_unblockable,BeamPower,0
BulletParam_actULTSI_HD_BLT_L550_unblockable,BeamShave,1920
BulletParam_actULTSI_HD_BLT_L550_unblockable,LifeSpan,2.4
BulletParam_actULTSI_HD_BLT_L550_unblockable,FireLimit,1
BulletParam_actULTSI_HD_BLT_L550_unblockable,CharacterCollisionSize,550
BulletParam_actULTSI_HD_BLT_L550_unblockable,ClashCollisionSize,400
BulletParam_actULTSI_HD_BLT_L550_unblockable,EnergyBullectCollisionPriority,300
BulletParam_actULTSI_HD_BLT_L550_unblockable,bOverrideBeamCollisionSize,true
BulletParam_actULTSI_HD_BLT_L550_unblockable,HomingAngleLimitAtStart,360
BulletParam_actULTSI_HD_BLT_L550_unblockable,ArmorBreakLevel,ブラスト
BulletParam_actULTSI_HD_BLT_L550_unblockable,bImpossibleReflect,true
BulletParam_actULTSI_HD_BLT_L550_unblockable,bImpossibleAbsorption,true
BulletParam_actULTSI_HD_BLT_L550_unblockable,bFinishAtOwnerDamage,true
BulletParam_actULTSI_HD_BLT_L550_unblockable,bBlastImpactBulletShift,true
BulletParam_actULTSI_HD_BLT_L550_unblockable,bAvoidHistep,true
BulletParam_actULTSI_HD_BLT_L550_unblockable,bBuffAvoidable,true
BulletParam_actULTSI_HD_BLT_L550_unblockable,DestructionFieldScale,18
BulletParam_actULTSI_HD_BLT_L550_unblockable,bReduceZSearchAfterHit,true
BulletParam_actULTSI_HD_BLT_L550_unblockable,ReduceZSearchEffectTime,0.9
BulletParam_actULTSI_HD_BLT_L750,Power,0
BulletParam_actULTSI_HD_BLT_L750,Shave,2400
BulletParam_actULTSI_HD_BLT_L750,BeamPower,0
BulletParam_actULTSI_HD_BLT_L750,BeamShave,1920
BulletParam_actULTSI_HD_BLT_L750,LifeSpan,2.4
BulletParam_actULTSI_HD_BLT_L750,FireLimit,1
BulletParam_actULTSI_HD_BLT_L750,CharacterCollisionSize,750
BulletParam_actULTSI_HD_BLT_L750,GeometryCollisionSize,250
BulletParam_actULTSI_HD_BLT_L750,ClashCollisionSize,500
BulletParam_actULTSI_HD_BLT_L750,EnergyBullectCollisionPriority,300
BulletParam_actULTSI_HD_BLT_L750,HomingAngleLimitAtStart,360
BulletParam_actULTSI_HD_BLT_L750,ArmorBreakLevel,ブラスト
BulletParam_actULTSI_HD_BLT_L750,bImpossibleReflect,true
BulletParam_actULTSI_HD_BLT_L750,bImpossibleAbsorption,true
BulletParam_actULTSI_HD_BLT_L750,bFinishAtOwnerDamage,true
BulletParam_actULTSI_HD_BLT_L750,bBlastImpactBulletShift,true
BulletParam_actULTSI_HD_BLT_L750,BlastImpactBulletScale,0.8
BulletParam_actULTSI_HD_BLT_L750,bAvoidHistep,true
BulletParam_actULTSI_HD_BLT_L750,DestructionFieldScale,18
BulletParam_actULTSI_HD_BLT_L750,bReduceZSearchAfterHit,true
BulletParam_actULTSI_HD_BLT_L750,ReduceZSearchEffectTime,0.9
BulletParam_actULTSI_HD_BLT_L750_unblockable,Power,0
BulletParam_actULTSI_HD_BLT_L750_unblockable,Shave,2400
BulletParam_actULTSI_HD_BLT_L750_unblockable,BeamPower,0
BulletParam_actULTSI_HD_BLT_L750_unblockable,BeamShave,1920
BulletParam_actULTSI_HD_BLT_L750_unblockable,LifeSpan,2.4
BulletParam_actULTSI_HD_BLT_L750_unblockable,FireLimit,1
BulletParam_actULTSI_HD_BLT_L750_unblockable,CharacterCollisionSize,750
BulletParam_actULTSI_HD_BLT_L750_unblockable,GeometryCollisionSize,250
BulletParam_actULTSI_HD_BLT_L750_unblockable,ClashCollisionSize,500
BulletParam_actULTSI_HD_BLT_L750_unblockable,EnergyBullectCollisionPriority,300
BulletParam_actULTSI_HD_BLT_L750_unblockable,HomingAngleLimitAtStart,360
BulletParam_actULTSI_HD_BLT_L750_unblockable,ArmorBreakLevel,ブラスト
BulletParam_actULTSI_HD_BLT_L750_unblockable,bImpossibleReflect,true
BulletParam_actULTSI_HD_BLT_L750_unblockable,bImpossibleAbsorption,true
BulletParam_actULTSI_HD_BLT_L750_unblockable,bFinishAtOwnerDamage,true
BulletParam_actULTSI_HD_BLT_L750_unblockable,bBlastImpactBulletShift,true
BulletParam_actULTSI_HD_BLT_L750_unblockable,BlastImpactBulletScale,0.8
BulletParam_actULTSI_HD_BLT_L750_unblockable,bAvoidHistep,true
BulletParam_actULTSI_HD_BLT_L750_unblockable,DestructionFieldScale,18
BulletParam_actULTSI_HD_BLT_L750_unblockable,bReduceZSearchAfterHit,true
BulletParam_actULTSI_HD_BLT_L750_unblockable,ReduceZSearchEffectTime,0.9
BulletParam_actULTSI_HUGE_HD_BEAM_bi,Power,0
BulletParam_actULTSI_HUGE_HD_BEAM_bi,Shave,2400
BulletParam_actULTSI_HUGE_HD_BEAM_bi,BeamPower,0
BulletParam_actULTSI_HUGE_HD_BEAM_bi,BeamShave,1920
BulletParam_actULTSI_HUGE_HD_BEAM_bi,LifeSpan,2
BulletParam_actULTSI_HUGE_HD_BEAM_bi,FireLimit,1
BulletParam_actULTSI_HUGE_HD_BEAM_bi,CharacterCollisionSize,500
BulletParam_actULTSI_HUGE_HD_BEAM_bi,EnergyBullectCollisionPriority,300
BulletParam_actULTSI_HUGE_HD_BEAM_bi,EnergyBullectCollisionPriorityInBeam,150
BulletParam_actULTSI_HUGE_HD_BEAM_bi,HomingAngleLimitAtStart,360
BulletParam_actULTSI_HUGE_HD_BEAM_bi,ArmorBreakLevel,ブラスト
BulletParam_actULTSI_HUGE_HD_BEAM_bi,bImpossibleReflect,true
BulletParam_actULTSI_HUGE_HD_BEAM_bi,bImpossibleAbsorption,true
BulletParam_actULTSI_HUGE_HD_BEAM_bi,bFinishAtOwnerDamage,true
BulletParam_actULTSI_HUGE_HD_BEAM_bi,bAvoidHistep,true
BulletParam_actULTSI_HUGE_HD_BEAM_bi,bBuffAvoidable,true
BulletParam_actULTSI_HUGE_HD_BEAM_bi,DestructionFieldScale,4
BulletParam_actULTSI_HUGE_HD_BEAM_bi,bReduceZSearchAfterHit,true
BulletParam_actULTSI_HUGE_HD_BEAM_bi,ReduceZSearchEffectTime,0.9
BulletParam_Common_actDRSB,Power,200
BulletParam_Common_actDRSB,Shave,40
BulletParam_Common_actDRSB,BeamPower,200
BulletParam_Common_actDRSB,BeamShave,40
BulletParam_Common_actDRSB,ExpendEnergy,2000
BulletParam_Common_actDRSB,RepelSkillGaugeGain,0.05
BulletParam_Common_actDRSB,LifeSpan,1.2
BulletParam_Common_actDRSB,CharacterCollisionSize,40
BulletParam_Common_actDRSB,bIgnoreHitBehindAttackChara,true
BulletParam_Common_actDRSB,GeometryCollisionSize,15
BulletParam_Common_actDRSB,ClashCollisionSize,40
BulletParam_Common_actDRSB,EnergyBullectCollisionPriority,10
BulletParam_Common_actDRSB,HomingAngleLimitAtStart,360
BulletParam_Common_actDRSB,AutoReflectDirectionType,オートリフレクト
BulletParam_Common_actDRSB,MoveParam.HomingEndTime,1.3
BulletParam_Common_actDRSB,bIsReactiveGuardable,true
BulletParam_Common_actDRSB,ArmorBreakLevel,ラッシュ気弾
BulletParam_Common_actDRSB,bInterruptGuard,true
BulletParam_Common_actDRSB,bInterruptReflect,true
BulletParam_Common_actDRSB,bSelfishnessAvoidable,true
BulletParam_Common_actDRSB,DestructionFieldScale,0.4
BulletParam_Common_actDRSB_0020,Power,200
BulletParam_Common_actDRSB_0020,Shave,40
BulletParam_Common_actDRSB_0020,BeamPower,200
BulletParam_Common_actDRSB_0020,BeamShave,40
BulletParam_Common_actDRSB_0020,ExpendEnergy,1200
BulletParam_Common_actDRSB_0020,RepelSkillGaugeGain,0.05
BulletParam_Common_actDRSB_0020,LifeSpan,1.2
BulletParam_Common_actDRSB_0020,CharacterCollisionSize,40
BulletParam_Common_actDRSB_0020,bIgnoreHitBehindAttackChara,true
BulletParam_Common_actDRSB_0020,GeometryCollisionSize,15
BulletParam_Common_actDRSB_0020,ClashCollisionSize,40
BulletParam_Common_actDRSB_0020,EnergyBullectCollisionPriority,10
BulletParam_Common_actDRSB_0020,HomingAngleLimitAtStart,360
BulletParam_Common_actDRSB_0020,AutoReflectDirectionType,オートリフレクト
BulletParam_Common_actDRSB_0020,MoveParam.HomingEndTime,1.3
BulletParam_Common_actDRSB_0020,bIsReactiveGuardable,true
BulletParam_Common_actDRSB_0020,ArmorBreakLevel,ラッシュ気弾
BulletParam_Common_actDRSB_0020,bInterruptGuard,true
BulletParam_Common_actDRSB_0020,bInterruptReflect,true
BulletParam_Common_actDRSB_0020,bSelfishnessAvoidable,true
BulletParam_Common_actDRSB_0020,DestructionFieldScale,0.4
BulletParam_Common_actDRSB_laser,Power,200
BulletParam_Common_actDRSB_laser,Shave,40
BulletParam_Common_actDRSB_laser,BeamPower,200
BulletParam_Common_actDRSB_laser,BeamShave,40
BulletParam_Common_actDRSB_laser,ExpendEnergy,2000
BulletParam_Common_actDRSB_laser,LifeSpan,1.2
BulletParam_Common_actDRSB_laser,CharacterCollisionSize,50
BulletParam_Common_actDRSB_laser,bIgnoreHitBehindAttackChara,true
BulletParam_Common_actDRSB_laser,ClashCollisionSize,50
BulletParam_Common_actDRSB_laser,EnergyBullectCollisionPriority,10
BulletParam_Common_actDRSB_laser,HomingAngleLimitAtStart,35
BulletParam_Common_actDRSB_laser,HomingAngleLimitAtStartYaw,7.5
BulletParam_Common_actDRSB_laser,TargetPointDiffusionRadius,2.5
BulletParam_Common_actDRSB_laser,AutoReflectDirectionType,オートリフレクト
BulletParam_Common_actDRSB_laser,MoveParam.HomingEndTime,0.2
BulletParam_Common_actDRSB_laser,bIsReactiveGuardable,true
BulletParam_Common_actDRSB_laser,ArmorBreakLevel,ラッシュ気弾
BulletParam_Common_actDRSB_laser,bSelfishnessAvoidable,true
BulletParam_Common_actDRSB_laser,DestructionFieldScale,0.4
BulletParam_Common_actDRSB_laser_lit,Power,200
BulletParam_Common_actDRSB_laser_lit,Shave,40
BulletParam_Common_actDRSB_laser_lit,BeamPower,200
BulletParam_Common_actDRSB_laser_lit,BeamShave,40
BulletParam_Common_actDRSB_laser_lit,ExpendEnergy,1800
BulletParam_Common_actDRSB_laser_lit,LifeSpan,1.2
BulletParam_Common_actDRSB_laser_lit,CharacterCollisionSize,50
BulletParam_Common_actDRSB_laser_lit,bIgnoreHitBehindAttackChara,true
BulletParam_Common_actDRSB_laser_lit,ClashCollisionSize,50
BulletParam_Common_actDRSB_laser_lit,EnergyBullectCollisionPriority,10
BulletParam_Common_actDRSB_laser_lit,HomingAngleLimitAtStart,35
BulletParam_Common_actDRSB_laser_lit,HomingAngleLimitAtStartYaw,7.5
BulletParam_Common_actDRSB_laser_lit,TargetPointDiffusionRadius,2.5
BulletParam_Common_actDRSB_laser_lit,AutoReflectDirectionType,オートリフレクト
BulletParam_Common_actDRSB_laser_lit,MoveParam.HomingEndTime,0.2
BulletParam_Common_actDRSB_laser_lit,bIsReactiveGuardable,true
BulletParam_Common_actDRSB_laser_lit,ArmorBreakLevel,ラッシュ気弾
BulletParam_Common_actDRSB_laser_lit,bSelfishnessAvoidable,true
BulletParam_Common_actDRSB_laser_lit,DestructionFieldScale,0.4
BulletParam_Common_actDRSB_lit,Power,200
BulletParam_Common_actDRSB_lit,Shave,40
BulletParam_Common_actDRSB_lit,BeamPower,200
BulletParam_Common_actDRSB_lit,BeamShave,40
BulletParam_Common_actDRSB_lit,ExpendEnergy,1800
BulletParam_Common_actDRSB_lit,RepelSkillGaugeGain,0.05
BulletParam_Common_actDRSB_lit,LifeSpan,1.2
BulletParam_Common_actDRSB_lit,CharacterCollisionSize,40
BulletParam_Common_actDRSB_lit,bIgnoreHitBehindAttackChara,true
BulletParam_Common_actDRSB_lit,GeometryCollisionSize,15
BulletParam_Common_actDRSB_lit,ClashCollisionSize,40
BulletParam_Common_actDRSB_lit,EnergyBullectCollisionPriority,10
BulletParam_Common_actDRSB_lit,HomingAngleLimitAtStart,360
BulletParam_Common_actDRSB_lit,AutoReflectDirectionType,オートリフレクト
BulletParam_Common_actDRSB_lit,MoveParam.HomingEndTime,1.3
BulletParam_Common_actDRSB_lit,bIsReactiveGuardable,true
BulletParam_Common_actDRSB_lit,ArmorBreakLevel,ラッシュ気弾
BulletParam_Common_actDRSB_lit,bInterruptGuard,true
BulletParam_Common_actDRSB_lit,bInterruptReflect,true
BulletParam_Common_actDRSB_lit,bSelfishnessAvoidable,true
BulletParam_Common_actDRSB_lit,DestructionFieldScale,0.4
BulletParam_Common_actDSMBN,Power,700
BulletParam_Common_actDSMBN,Shave,140
BulletParam_Common_actDSMBN,BeamPower,700
BulletParam_Common_actDSMBN,BeamShave,140
BulletParam_Common_actDSMBN,ExpendEnergy,3000
BulletParam_Common_actDSMBN,LifeSpan,3
BulletParam_Common_actDSMBN,bIgnoreHitBehindAttackChara,true
BulletParam_Common_actDSMBN,EnergyBullectCollisionPriority,20
BulletParam_Common_actDSMBN,HomingAngleLimitAtStart,360
BulletParam_Common_actDSMBN,bHomingAtReflect,true
BulletParam_Common_actDSMBN,AutoReflectDirectionType,オートリフレクト
BulletParam_Common_actDSMBN,MoveParam.HomingEndTime,3
BulletParam_Common_actDSMBN,ArmorBreakLevel,スマッシュ気弾
BulletParam_Common_actDSMBN,DestructionFieldScale,2
BulletParam_Common_actDSMBN,ChangePerChargeLv[0].DamageRate,1.5
BulletParam_Common_actDSMBN,ChangePerChargeLv[0].FireNum,0
BulletParam_Common_actDSMBN,ChangePerChargeLv[0].ArmorBreakLevel,None
BulletParam_Common_actDSMBN,ChangePerChargeLv[0].EnergyBullectCollisionPriority,0
BulletParam_Common_actDSMBN,ChangePerChargeLv[0].SpeedScale,1
BulletParam_Common_actDSMBN,ChangePerChargeLv[0].HomingScale,1
BulletParam_Common_actDSMBN,ChangePerChargeLv[0].bIgnoreActionTarget,false
BulletParam_Common_actDSMBN,ChangePerChargeLv[0].bReduceZSearchAfterHit,false
BulletParam_Common_actDSMBN,ChangePerChargeLv[0].ReduceZSearchEffectTime,0
BulletParam_Common_actDSMBN,ChangePerChargeLv[0].bEnableBuff,false
BulletParam_Common_actDSMBN,ChangePerChargeLv[0].BuffIndex,0
BulletParam_Common_actDSMBN,ChangePerChargeLv[1].DamageRate,2
BulletParam_Common_actDSMBN,ChangePerChargeLv[1].FireNum,0
BulletParam_Common_actDSMBN,ChangePerChargeLv[1].ArmorBreakLevel,None
BulletParam_Common_actDSMBN,ChangePerChargeLv[1].EnergyBullectCollisionPriority,0
BulletParam_Common_actDSMBN,ChangePerChargeLv[1].SpeedScale,1
BulletParam_Common_actDSMBN,ChangePerChargeLv[1].HomingScale,1
BulletParam_Common_actDSMBN,ChangePerChargeLv[1].bIgnoreActionTarget,false
BulletParam_Common_actDSMBN,ChangePerChargeLv[1].bReduceZSearchAfterHit,false
BulletParam_Common_actDSMBN,ChangePerChargeLv[1].ReduceZSearchEffectTime,0
BulletParam_Common_actDSMBN,ChangePerChargeLv[1].bEnableBuff,false
BulletParam_Common_actDSMBN,ChangePerChargeLv[1].BuffIndex,0
BulletParam_Common_actDSMBN_stone,Power,300
BulletParam_Common_actDSMBN_stone,Shave,60
BulletParam_Common_actDSMBN_stone,BeamPower,300
BulletParam_Common_actDSMBN_stone,BeamShave,60
BulletParam_Common_actDSMBN_stone,ExpendEnergy,2000
BulletParam_Common_actDSMBN_stone,LifeSpan,1.5
BulletParam_Common_actDSMBN_stone,bIgnoreHitBehindAttackChara,true
BulletParam_Common_actDSMBN_stone,GeometryCollisionSize,15
BulletParam_Common_actDSMBN_stone,ClashCollisionSize,50
BulletParam_Common_actDSMBN_stone,EnergyBullectCollisionPriority,20
BulletParam_Common_actDSMBN_stone,HomingAngleLimitAtStart,360
BulletParam_Common_actDSMBN_stone,TargetPointDiffusionRadius,15
BulletParam_Common_actDSMBN_stone,AutoReflectDirectionType,オートリフレクト
BulletParam_Common_actDSMBN_stone,MoveParam.HomingEndTime,0.3
BulletParam_Common_actDSMBN_stone,ArmorBreakLevel,スマッシュ気弾
BulletParam_Common_actDSMBN_stone,bImpossibleAbsorption,true
BulletParam_Common_actDSMBN_stone,DestructionFieldScale,2
BulletParam_Common_actDSMBN_stone,ChangePerChargeLv[0].DamageRate,1.5
BulletParam_Common_actDSMBN_stone,ChangePerChargeLv[0].FireNum,0
BulletParam_Common_actDSMBN_stone,ChangePerChargeLv[0].ArmorBreakLevel,None
BulletParam_Common_actDSMBN_stone,ChangePerChargeLv[0].EnergyBullectCollisionPriority,0
BulletParam_Common_actDSMBN_stone,ChangePerChargeLv[0].SpeedScale,1
BulletParam_Common_actDSMBN_stone,ChangePerChargeLv[0].HomingScale,1
BulletParam_Common_actDSMBN_stone,ChangePerChargeLv[0].bIgnoreActionTarget,false
BulletParam_Common_actDSMBN_stone,ChangePerChargeLv[0].bReduceZSearchAfterHit,false
BulletParam_Common_actDSMBN_stone,ChangePerChargeLv[0].ReduceZSearchEffectTime,0
BulletParam_Common_actDSMBN_stone,ChangePerChargeLv[0].bEnableBuff,false
BulletParam_Common_actDSMBN_stone,ChangePerChargeLv[0].BuffIndex,0
BulletParam_Common_actDSMBN_stone,ChangePerChargeLv[1].DamageRate,2
BulletParam_Common_actDSMBN_stone,ChangePerChargeLv[1].FireNum,0
BulletParam_Common_actDSMBN_stone,ChangePerChargeLv[1].ArmorBreakLevel,None
BulletParam_Common_actDSMBN_stone,ChangePerChargeLv[1].EnergyBullectCollisionPriority,0
BulletParam_Common_actDSMBN_stone,ChangePerChargeLv[1].SpeedScale,1
BulletParam_Common_actDSMBN_stone,ChangePerChargeLv[1].HomingScale,1
BulletParam_Common_actDSMBN_stone,ChangePerChargeLv[1].bIgnoreActionTarget,false
BulletParam_Common_actDSMBN_stone,ChangePerChargeLv[1].bReduceZSearchAfterHit,false
BulletParam_Common_actDSMBN_stone,ChangePerChargeLv[1].ReduceZSearchEffectTime,0
BulletParam_Common_actDSMBN_stone,ChangePerChargeLv[1].bEnableBuff,false
BulletParam_Common_actDSMBN_stone,ChangePerChargeLv[1].BuffIndex,0
BulletParam_Common_actDSMBN1,Power,700
BulletParam_Common_actDSMBN1,Shave,140
BulletParam_Common_actDSMBN1,BeamPower,700
BulletParam_Common_actDSMBN1,BeamShave,140
BulletParam_Common_actDSMBN1,ExpendEnergy,3000
BulletParam_Common_actDSMBN1,LifeSpan,3
BulletParam_Common_actDSMBN1,bIgnoreHitBehindAttackChara,true
BulletParam_Common_actDSMBN1,EnergyBullectCollisionPriority,20
BulletParam_Common_actDSMBN1,HomingAngleLimitAtStart,360
BulletParam_Common_actDSMBN1,bHomingAtReflect,true
BulletParam_Common_actDSMBN1,AutoReflectDirectionType,オートリフレクト
BulletParam_Common_actDSMBN1,MoveParam.HomingEndTime,3
BulletParam_Common_actDSMBN1,ArmorBreakLevel,スマッシュ気弾
BulletParam_Common_actDSMBN1,DestructionFieldScale,2
BulletParam_Common_actDSMBN1,ChangePerChargeLv[0].DamageRate,1.5
BulletParam_Common_actDSMBN1,ChangePerChargeLv[0].FireNum,0
BulletParam_Common_actDSMBN1,ChangePerChargeLv[0].ArmorBreakLevel,None
BulletParam_Common_actDSMBN1,ChangePerChargeLv[0].EnergyBullectCollisionPriority,0
BulletParam_Common_actDSMBN1,ChangePerChargeLv[0].SpeedScale,1
BulletParam_Common_actDSMBN1,ChangePerChargeLv[0].HomingScale,1
BulletParam_Common_actDSMBN1,ChangePerChargeLv[0].bIgnoreActionTarget,false
BulletParam_Common_actDSMBN1,ChangePerChargeLv[0].bReduceZSearchAfterHit,false
BulletParam_Common_actDSMBN1,ChangePerChargeLv[0].ReduceZSearchEffectTime,0
BulletParam_Common_actDSMBN1,ChangePerChargeLv[0].bEnableBuff,false
BulletParam_Common_actDSMBN1,ChangePerChargeLv[0].BuffIndex,0
BulletParam_Common_actDSMBN1,ChangePerChargeLv[1].DamageRate,2
BulletParam_Common_actDSMBN1,ChangePerChargeLv[1].FireNum,0
BulletParam_Common_actDSMBN1,ChangePerChargeLv[1].ArmorBreakLevel,None
BulletParam_Common_actDSMBN1,ChangePerChargeLv[1].EnergyBullectCollisionPriority,0
BulletParam_Common_actDSMBN1,ChangePerChargeLv[1].SpeedScale,1
BulletParam_Common_actDSMBN1,ChangePerChargeLv[1].HomingScale,1
BulletParam_Common_actDSMBN1,ChangePerChargeLv[1].bIgnoreActionTarget,false
BulletParam_Common_actDSMBN1,ChangePerChargeLv[1].bReduceZSearchAfterHit,false
BulletParam_Common_actDSMBN1,ChangePerChargeLv[1].ReduceZSearchEffectTime,0
BulletParam_Common_actDSMBN1,ChangePerChargeLv[1].bEnableBuff,false
BulletParam_Common_actDSMBN1,ChangePerChargeLv[1].BuffIndex,0
BulletParam_Common_actDSMBN1_double,Power,400
BulletParam_Common_actDSMBN1_double,Shave,80
BulletParam_Common_actDSMBN1_double,BeamPower,400
BulletParam_Common_actDSMBN1_double,BeamShave,80
BulletParam_Common_actDSMBN1_double,ExpendEnergy,4000
BulletParam_Common_actDSMBN1_double,LifeSpan,3
BulletParam_Common_actDSMBN1_double,FireNum,2
BulletParam_Common_actDSMBN1_double,bIgnoreHitBehindAttackChara,true
BulletParam_Common_actDSMBN1_double,EnergyBullectCollisionPriority,20
BulletParam_Common_actDSMBN1_double,HomingAngleLimitAtStart,360
BulletParam_Common_actDSMBN1_double,TargetPointDiffusionRadius,100
BulletParam_Common_actDSMBN1_double,bHomingAtReflect,true
BulletParam_Common_actDSMBN1_double,AutoReflectDirectionType,オートリフレクト
BulletParam_Common_actDSMBN1_double,MoveParam.HomingEndTime,3
BulletParam_Common_actDSMBN1_double,ArmorBreakLevel,スマッシュ気弾
BulletParam_Common_actDSMBN1_double,DestructionFieldScale,2
BulletParam_Common_actDSMBN1_double,ChangePerChargeLv[0].DamageRate,1.5
BulletParam_Common_actDSMBN1_double,ChangePerChargeLv[0].FireNum,0
BulletParam_Common_actDSMBN1_double,ChangePerChargeLv[0].ArmorBreakLevel,None
BulletParam_Common_actDSMBN1_double,ChangePerChargeLv[0].EnergyBullectCollisionPriority,0
BulletParam_Common_actDSMBN1_double,ChangePerChargeLv[0].SpeedScale,1
BulletParam_Common_actDSMBN1_double,ChangePerChargeLv[0].HomingScale,1
BulletParam_Common_actDSMBN1_double,ChangePerChargeLv[0].bIgnoreActionTarget,false
BulletParam_Common_actDSMBN1_double,ChangePerChargeLv[0].bReduceZSearchAfterHit,false
BulletParam_Common_actDSMBN1_double,ChangePerChargeLv[0].ReduceZSearchEffectTime,0
BulletParam_Common_actDSMBN1_double,ChangePerChargeLv[0].bEnableBuff,false
BulletParam_Common_actDSMBN1_double,ChangePerChargeLv[0].BuffIndex,0
BulletParam_Common_actDSMBN1_double,ChangePerChargeLv[1].DamageRate,2
BulletParam_Common_actDSMBN1_double,ChangePerChargeLv[1].FireNum,0
BulletParam_Common_actDSMBN1_double,ChangePerChargeLv[1].ArmorBreakLevel,None
BulletParam_Common_actDSMBN1_double,ChangePerChargeLv[1].EnergyBullectCollisionPriority,0
BulletParam_Common_actDSMBN1_double,ChangePerChargeLv[1].SpeedScale,1
BulletParam_Common_actDSMBN1_double,ChangePerChargeLv[1].HomingScale,1
BulletParam_Common_actDSMBN1_double,ChangePerChargeLv[1].bIgnoreActionTarget,false
BulletParam_Common_actDSMBN1_double,ChangePerChargeLv[1].bReduceZSearchAfterHit,false
BulletParam_Common_actDSMBN1_double,ChangePerChargeLv[1].ReduceZSearchEffectTime,0
BulletParam_Common_actDSMBN1_double,ChangePerChargeLv[1].bEnableBuff,false
BulletParam_Common_actDSMBN1_double,ChangePerChargeLv[1].BuffIndex,0
BulletParam_Common_actDSMBN2,Power,400
BulletParam_Common_actDSMBN2,Shave,80
BulletParam_Common_actDSMBN2,BeamPower,400
BulletParam_Common_actDSMBN2,BeamShave,80
BulletParam_Common_actDSMBN2,ExpendEnergy,6000
BulletParam_Common_actDSMBN2,LifeSpan,3
BulletParam_Common_actDSMBN2,FireNum,3
BulletParam_Common_actDSMBN2,bIgnoreHitBehindAttackChara,true
BulletParam_Common_actDSMBN2,EnergyBullectCollisionPriority,20
BulletParam_Common_actDSMBN2,HomingAngleLimitAtStart,360
BulletParam_Common_actDSMBN2,bHomingAtReflect,true
BulletParam_Common_actDSMBN2,AutoReflectDirectionType,オートリフレクト
BulletParam_Common_actDSMBN2,MoveParam.HomingEndTime,3
BulletParam_Common_actDSMBN2,ArmorBreakLevel,スマッシュ気弾
BulletParam_Common_actDSMBN2,DestructionFieldScale,2
BulletParam_Common_actDSMBN2,ChangePerChargeLv[0].DamageRate,1.5
BulletParam_Common_actDSMBN2,ChangePerChargeLv[0].FireNum,0
BulletParam_Common_actDSMBN2,ChangePerChargeLv[0].ArmorBreakLevel,None
BulletParam_Common_actDSMBN2,ChangePerChargeLv[0].EnergyBullectCollisionPriority,0
BulletParam_Common_actDSMBN2,ChangePerChargeLv[0].SpeedScale,1
BulletParam_Common_actDSMBN2,ChangePerChargeLv[0].HomingScale,1
BulletParam_Common_actDSMBN2,ChangePerChargeLv[0].bIgnoreActionTarget,false
BulletParam_Common_actDSMBN2,ChangePerChargeLv[0].bReduceZSearchAfterHit,false
BulletParam_Common_actDSMBN2,ChangePerChargeLv[0].ReduceZSearchEffectTime,0
BulletParam_Common_actDSMBN2,ChangePerChargeLv[0].bEnableBuff,false
BulletParam_Common_actDSMBN2,ChangePerChargeLv[0].BuffIndex,0
BulletParam_Common_actDSMBN2,ChangePerChargeLv[1].DamageRate,2
BulletParam_Common_actDSMBN2,ChangePerChargeLv[1].FireNum,0
BulletParam_Common_actDSMBN2,ChangePerChargeLv[1].ArmorBreakLevel,None
BulletParam_Common_actDSMBN2,ChangePerChargeLv[1].EnergyBullectCollisionPriority,0
BulletParam_Common_actDSMBN2,ChangePerChargeLv[1].SpeedScale,1
BulletParam_Common_actDSMBN2,ChangePerChargeLv[1].HomingScale,1
BulletParam_Common_actDSMBN2,ChangePerChargeLv[1].bIgnoreActionTarget,false
BulletParam_Common_actDSMBN2,ChangePerChargeLv[1].bReduceZSearchAfterHit,false
BulletParam_Common_actDSMBN2,ChangePerChargeLv[1].ReduceZSearchEffectTime,0
BulletParam_Common_actDSMBN2,ChangePerChargeLv[1].bEnableBuff,false
BulletParam_Common_actDSMBN2,ChangePerChargeLv[1].BuffIndex,0
BulletParam_Common_actDSMBN3_Shots2,Power,300
BulletParam_Common_actDSMBN3_Shots2,Shave,60
BulletParam_Common_actDSMBN3_Shots2,BeamPower,500
BulletParam_Common_actDSMBN3_Shots2,BeamShave,100
BulletParam_Common_actDSMBN3_Shots2,ExpendEnergy,3000
BulletParam_Common_actDSMBN3_Shots2,LifeSpan,0.5
BulletParam_Common_actDSMBN3_Shots2,FireNum,2
BulletParam_Common_actDSMBN3_Shots2,CharacterCollisionSize,40
BulletParam_Common_actDSMBN3_Shots2,bIgnoreHitBehindAttackChara,true
BulletParam_Common_actDSMBN3_Shots2,GeometryCollisionSize,20
BulletParam_Common_actDSMBN3_Shots2,ClashCollisionSize,30
BulletParam_Common_actDSMBN3_Shots2,EnergyBullectCollisionPriority,20
BulletParam_Common_actDSMBN3_Shots2,HomingAngleLimitAtStart,360
BulletParam_Common_actDSMBN3_Shots2,bHomingAtReflect,true
BulletParam_Common_actDSMBN3_Shots2,AutoReflectDirectionType,オートリフレクト
BulletParam_Common_actDSMBN3_Shots2,MoveParam.HomingEndTime,0.12
BulletParam_Common_actDSMBN3_Shots2,ArmorBreakLevel,スマッシュ気弾
BulletParam_Common_actDSMBN3_Shots2,DestructionFieldScale,2
BulletParam_Common_actDSMBN3_Shots2,ChangePerChargeLv[0].DamageRate,1.2
BulletParam_Common_actDSMBN3_Shots2,ChangePerChargeLv[0].FireNum,0
BulletParam_Common_actDSMBN3_Shots2,ChangePerChargeLv[0].ArmorBreakLevel,None
BulletParam_Common_actDSMBN3_Shots2,ChangePerChargeLv[0].EnergyBullectCollisionPriority,0
BulletParam_Common_actDSMBN3_Shots2,ChangePerChargeLv[0].SpeedScale,1
BulletParam_Common_actDSMBN3_Shots2,ChangePerChargeLv[0].HomingScale,1
BulletParam_Common_actDSMBN3_Shots2,ChangePerChargeLv[0].bIgnoreActionTarget,false
BulletParam_Common_actDSMBN3_Shots2,ChangePerChargeLv[0].bReduceZSearchAfterHit,false
BulletParam_Common_actDSMBN3_Shots2,ChangePerChargeLv[0].ReduceZSearchEffectTime,0
BulletParam_Common_actDSMBN3_Shots2,ChangePerChargeLv[0].bEnableBuff,false
BulletParam_Common_actDSMBN3_Shots2,ChangePerChargeLv[0].BuffIndex,0
BulletParam_Common_actDSMBN3_Shots2,ChangePerChargeLv[1].DamageRate,1.8
BulletParam_Common_actDSMBN3_Shots2,ChangePerChargeLv[1].FireNum,0
BulletParam_Common_actDSMBN3_Shots2,ChangePerChargeLv[1].ArmorBreakLevel,None
BulletParam_Common_actDSMBN3_Shots2,ChangePerChargeLv[1].EnergyBullectCollisionPriority,0
BulletParam_Common_actDSMBN3_Shots2,ChangePerChargeLv[1].SpeedScale,1
BulletParam_Common_actDSMBN3_Shots2,ChangePerChargeLv[1].HomingScale,1
BulletParam_Common_actDSMBN3_Shots2,ChangePerChargeLv[1].bIgnoreActionTarget,false
BulletParam_Common_actDSMBN3_Shots2,ChangePerChargeLv[1].bReduceZSearchAfterHit,false
BulletParam_Common_actDSMBN3_Shots2,ChangePerChargeLv[1].ReduceZSearchEffectTime,0
BulletParam_Common_actDSMBN3_Shots2,ChangePerChargeLv[1].bEnableBuff,false
BulletParam_Common_actDSMBN3_Shots2,ChangePerChargeLv[1].BuffIndex,0
BulletParam_Common_actDSMBN3_Shots3,Power,270
BulletParam_Common_actDSMBN3_Shots3,Shave,54
BulletParam_Common_actDSMBN3_Shots3,BeamPower,500
BulletParam_Common_actDSMBN3_Shots3,BeamShave,100
BulletParam_Common_actDSMBN3_Shots3,ExpendEnergy,3000
BulletParam_Common_actDSMBN3_Shots3,LifeSpan,0.5
BulletParam_Common_actDSMBN3_Shots3,FireNum,3
BulletParam_Common_actDSMBN3_Shots3,CharacterCollisionSize,40
BulletParam_Common_actDSMBN3_Shots3,bIgnoreHitBehindAttackChara,true
BulletParam_Common_actDSMBN3_Shots3,GeometryCollisionSize,20
BulletParam_Common_actDSMBN3_Shots3,ClashCollisionSize,30
BulletParam_Common_actDSMBN3_Shots3,EnergyBullectCollisionPriority,20
BulletParam_Common_actDSMBN3_Shots3,HomingAngleLimitAtStart,360
BulletParam_Common_actDSMBN3_Shots3,bHomingAtReflect,true
BulletParam_Common_actDSMBN3_Shots3,AutoReflectDirectionType,オートリフレクト
BulletParam_Common_actDSMBN3_Shots3,MoveParam.HomingEndTime,0.12
BulletParam_Common_actDSMBN3_Shots3,ArmorBreakLevel,スマッシュ気弾
BulletParam_Common_actDSMBN3_Shots3,DestructionFieldScale,2
BulletParam_Common_actDSMBN3_Shots3,ChangePerChargeLv[0].DamageRate,1.2
BulletParam_Common_actDSMBN3_Shots3,ChangePerChargeLv[0].FireNum,0
BulletParam_Common_actDSMBN3_Shots3,ChangePerChargeLv[0].ArmorBreakLevel,None
BulletParam_Common_actDSMBN3_Shots3,ChangePerChargeLv[0].EnergyBullectCollisionPriority,0
BulletParam_Common_actDSMBN3_Shots3,ChangePerChargeLv[0].SpeedScale,1
BulletParam_Common_actDSMBN3_Shots3,ChangePerChargeLv[0].HomingScale,1
BulletParam_Common_actDSMBN3_Shots3,ChangePerChargeLv[0].bIgnoreActionTarget,false
BulletParam_Common_actDSMBN3_Shots3,ChangePerChargeLv[0].bReduceZSearchAfterHit,false
BulletParam_Common_actDSMBN3_Shots3,ChangePerChargeLv[0].ReduceZSearchEffectTime,0
BulletParam_Common_actDSMBN3_Shots3,ChangePerChargeLv[0].bEnableBuff,false
BulletParam_Common_actDSMBN3_Shots3,ChangePerChargeLv[0].BuffIndex,0
BulletParam_Common_actDSMBN3_Shots3,ChangePerChargeLv[1].DamageRate,1.8
BulletParam_Common_actDSMBN3_Shots3,ChangePerChargeLv[1].FireNum,0
BulletParam_Common_actDSMBN3_Shots3,ChangePerChargeLv[1].ArmorBreakLevel,None
BulletParam_Common_actDSMBN3_Shots3,ChangePerChargeLv[1].EnergyBullectCollisionPriority,0
BulletParam_Common_actDSMBN3_Shots3,ChangePerChargeLv[1].SpeedScale,1
BulletParam_Common_actDSMBN3_Shots3,ChangePerChargeLv[1].HomingScale,1
BulletParam_Common_actDSMBN3_Shots3,ChangePerChargeLv[1].bIgnoreActionTarget,false
BulletParam_Common_actDSMBN3_Shots3,ChangePerChargeLv[1].bReduceZSearchAfterHit,false
BulletParam_Common_actDSMBN3_Shots3,ChangePerChargeLv[1].ReduceZSearchEffectTime,0
BulletParam_Common_actDSMBN3_Shots3,ChangePerChargeLv[1].bEnableBuff,false
BulletParam_Common_actDSMBN3_Shots3,ChangePerChargeLv[1].BuffIndex,0
BulletParam_Common_actDSMBN3_Shots3_L,Power,270
BulletParam_Common_actDSMBN3_Shots3_L,Shave,54
BulletParam_Common_actDSMBN3_Shots3_L,BeamPower,500
BulletParam_Common_actDSMBN3_Shots3_L,BeamShave,100
BulletParam_Common_actDSMBN3_Shots3_L,ExpendEnergy,3000
BulletParam_Common_actDSMBN3_Shots3_L,LifeSpan,0.5
BulletParam_Common_actDSMBN3_Shots3_L,FireNum,3
BulletParam_Common_actDSMBN3_Shots3_L,CharacterCollisionSize,40
BulletParam_Common_actDSMBN3_Shots3_L,bIgnoreHitBehindAttackChara,true
BulletParam_Common_actDSMBN3_Shots3_L,GeometryCollisionSize,20
BulletParam_Common_actDSMBN3_Shots3_L,ClashCollisionSize,30
BulletParam_Common_actDSMBN3_Shots3_L,EnergyBullectCollisionPriority,20
BulletParam_Common_actDSMBN3_Shots3_L,HomingAngleLimitAtStart,35
BulletParam_Common_actDSMBN3_Shots3_L,HomingAngleLimitAtStartYaw,7.5
BulletParam_Common_actDSMBN3_Shots3_L,TargetPointDiffusionRadius,25
BulletParam_Common_actDSMBN3_Shots3_L,bHomingAtReflect,true
BulletParam_Common_actDSMBN3_Shots3_L,AutoReflectDirectionType,オートリフレクト
BulletParam_Common_actDSMBN3_Shots3_L,MoveParam.HomingEndTime,0.12
BulletParam_Common_actDSMBN3_Shots3_L,ArmorBreakLevel,スマッシュ気弾
BulletParam_Common_actDSMBN3_Shots3_L,DestructionFieldScale,2
BulletParam_Common_actDSMBN3_Shots3_L,ChangePerChargeLv[0].DamageRate,1.2
BulletParam_Common_actDSMBN3_Shots3_L,ChangePerChargeLv[0].FireNum,0
BulletParam_Common_actDSMBN3_Shots3_L,ChangePerChargeLv[0].ArmorBreakLevel,None
BulletParam_Common_actDSMBN3_Shots3_L,ChangePerChargeLv[0].EnergyBullectCollisionPriority,0
BulletParam_Common_actDSMBN3_Shots3_L,ChangePerChargeLv[0].SpeedScale,1
BulletParam_Common_actDSMBN3_Shots3_L,ChangePerChargeLv[0].HomingScale,1
BulletParam_Common_actDSMBN3_Shots3_L,ChangePerChargeLv[0].bIgnoreActionTarget,false
BulletParam_Common_actDSMBN3_Shots3_L,ChangePerChargeLv[0].bReduceZSearchAfterHit,false
BulletParam_Common_actDSMBN3_Shots3_L,ChangePerChargeLv[0].ReduceZSearchEffectTime,0
BulletParam_Common_actDSMBN3_Shots3_L,ChangePerChargeLv[0].bEnableBuff,false
BulletParam_Common_actDSMBN3_Shots3_L,ChangePerChargeLv[0].BuffIndex,0
BulletParam_Common_actDSMBN3_Shots3_L,ChangePerChargeLv[1].DamageRate,1.8
BulletParam_Common_actDSMBN3_Shots3_L,ChangePerChargeLv[1].FireNum,0
BulletParam_Common_actDSMBN3_Shots3_L,ChangePerChargeLv[1].ArmorBreakLevel,None
BulletParam_Common_actDSMBN3_Shots3_L,ChangePerChargeLv[1].EnergyBullectCollisionPriority,0
BulletParam_Common_actDSMBN3_Shots3_L,ChangePerChargeLv[1].SpeedScale,1
BulletParam_Common_actDSMBN3_Shots3_L,ChangePerChargeLv[1].HomingScale,1
BulletParam_Common_actDSMBN3_Shots3_L,ChangePerChargeLv[1].bIgnoreActionTarget,false
BulletParam_Common_actDSMBN3_Shots3_L,ChangePerChargeLv[1].bReduceZSearchAfterHit,false
BulletParam_Common_actDSMBN3_Shots3_L,ChangePerChargeLv[1].ReduceZSearchEffectTime,0
BulletParam_Common_actDSMBN3_Shots3_L,ChangePerChargeLv[1].bEnableBuff,false
BulletParam_Common_actDSMBN3_Shots3_L,ChangePerChargeLv[1].BuffIndex,0
BulletParam_Common_actDSMBN3_Shots4,Shave,40
BulletParam_Common_actDSMBN3_Shots4,BeamPower,500
BulletParam_Common_actDSMBN3_Shots4,BeamShave,100
BulletParam_Common_actDSMBN3_Shots4,ExpendEnergy,3000
BulletParam_Common_actDSMBN3_Shots4,LifeSpan,0.5
BulletParam_Common_actDSMBN3_Shots4,FireNum,4
BulletParam_Common_actDSMBN3_Shots4,CharacterCollisionSize,40
BulletParam_Common_actDSMBN3_Shots4,bIgnoreHitBehindAttackChara,true
BulletParam_Common_actDSMBN3_Shots4,GeometryCollisionSize,20
BulletParam_Common_actDSMBN3_Shots4,ClashCollisionSize,30
BulletParam_Common_actDSMBN3_Shots4,EnergyBullectCollisionPriority,20
BulletParam_Common_actDSMBN3_Shots4,HomingAngleLimitAtStart,360
BulletParam_Common_actDSMBN3_Shots4,bHomingAtReflect,true
BulletParam_Common_actDSMBN3_Shots4,AutoReflectDirectionType,オートリフレクト
BulletParam_Common_actDSMBN3_Shots4,MoveParam.HomingEndTime,0.12
BulletParam_Common_actDSMBN3_Shots4,ArmorBreakLevel,スマッシュ気弾
BulletParam_Common_actDSMBN3_Shots4,DestructionFieldScale,2
BulletParam_Common_actDSMBN3_Shots4,ChangePerChargeLv[0].DamageRate,1.2
BulletParam_Common_actDSMBN3_Shots4,ChangePerChargeLv[0].FireNum,0
BulletParam_Common_actDSMBN3_Shots4,ChangePerChargeLv[0].ArmorBreakLevel,None
BulletParam_Common_actDSMBN3_Shots4,ChangePerChargeLv[0].EnergyBullectCollisionPriority,0
BulletParam_Common_actDSMBN3_Shots4,ChangePerChargeLv[0].SpeedScale,1
BulletParam_Common_actDSMBN3_Shots4,ChangePerChargeLv[0].HomingScale,1
BulletParam_Common_actDSMBN3_Shots4,ChangePerChargeLv[0].bIgnoreActionTarget,false
BulletParam_Common_actDSMBN3_Shots4,ChangePerChargeLv[0].bReduceZSearchAfterHit,false
BulletParam_Common_actDSMBN3_Shots4,ChangePerChargeLv[0].ReduceZSearchEffectTime,0
BulletParam_Common_actDSMBN3_Shots4,ChangePerChargeLv[0].bEnableBuff,false
BulletParam_Common_actDSMBN3_Shots4,ChangePerChargeLv[0].BuffIndex,0
BulletParam_Common_actDSMBN3_Shots4,ChangePerChargeLv[1].DamageRate,1.8
BulletParam_Common_actDSMBN3_Shots4,ChangePerChargeLv[1].FireNum,0
BulletParam_Common_actDSMBN3_Shots4,ChangePerChargeLv[1].ArmorBreakLevel,None
BulletParam_Common_actDSMBN3_Shots4,ChangePerChargeLv[1].EnergyBullectCollisionPriority,0
BulletParam_Common_actDSMBN3_Shots4,ChangePerChargeLv[1].SpeedScale,1
BulletParam_Common_actDSMBN3_Shots4,ChangePerChargeLv[1].HomingScale,1
BulletParam_Common_actDSMBN3_Shots4,ChangePerChargeLv[1].bIgnoreActionTarget,false
BulletParam_Common_actDSMBN3_Shots4,ChangePerChargeLv[1].bReduceZSearchAfterHit,false
BulletParam_Common_actDSMBN3_Shots4,ChangePerChargeLv[1].ReduceZSearchEffectTime,0
BulletParam_Common_actDSMBN3_Shots4,ChangePerChargeLv[1].bEnableBuff,false
BulletParam_Common_actDSMBN3_Shots4,ChangePerChargeLv[1].BuffIndex,0
BulletParam_Common_actDSMBN3_Shots5,Power,220
BulletParam_Common_actDSMBN3_Shots5,Shave,44
BulletParam_Common_actDSMBN3_Shots5,BeamPower,350
BulletParam_Common_actDSMBN3_Shots5,BeamShave,70
BulletParam_Common_actDSMBN3_Shots5,ExpendEnergy,3000
BulletParam_Common_actDSMBN3_Shots5,LifeSpan,0.5
BulletParam_Common_actDSMBN3_Shots5,FireNum,5
BulletParam_Common_actDSMBN3_Shots5,CharacterCollisionSize,40
BulletParam_Common_actDSMBN3_Shots5,bIgnoreHitBehindAttackChara,true
BulletParam_Common_actDSMBN3_Shots5,GeometryCollisionSize,20
BulletParam_Common_actDSMBN3_Shots5,ClashCollisionSize,30
BulletParam_Common_actDSMBN3_Shots5,EnergyBullectCollisionPriority,20
BulletParam_Common_actDSMBN3_Shots5,HomingAngleLimitAtStart,360
BulletParam_Common_actDSMBN3_Shots5,bHomingAtReflect,true
BulletParam_Common_actDSMBN3_Shots5,AutoReflectDirectionType,オートリフレクト
BulletParam_Common_actDSMBN3_Shots5,MoveParam.HomingEndTime,0.12
BulletParam_Common_actDSMBN3_Shots5,ArmorBreakLevel,スマッシュ気弾
BulletParam_Common_actDSMBN3_Shots5,DestructionFieldScale,2
BulletParam_Common_actDSMBN3_Shots5,ChangePerChargeLv[0].DamageRate,1.15
BulletParam_Common_actDSMBN3_Shots5,ChangePerChargeLv[0].FireNum,0
BulletParam_Common_actDSMBN3_Shots5,ChangePerChargeLv[0].ArmorBreakLevel,None
BulletParam_Common_actDSMBN3_Shots5,ChangePerChargeLv[0].EnergyBullectCollisionPriority,0
BulletParam_Common_actDSMBN3_Shots5,ChangePerChargeLv[0].SpeedScale,1
BulletParam_Common_actDSMBN3_Shots5,ChangePerChargeLv[0].HomingScale,1
BulletParam_Common_actDSMBN3_Shots5,ChangePerChargeLv[0].bIgnoreActionTarget,false
BulletParam_Common_actDSMBN3_Shots5,ChangePerChargeLv[0].bReduceZSearchAfterHit,false
BulletParam_Common_actDSMBN3_Shots5,ChangePerChargeLv[0].ReduceZSearchEffectTime,0
BulletParam_Common_actDSMBN3_Shots5,ChangePerChargeLv[0].bEnableBuff,false
BulletParam_Common_actDSMBN3_Shots5,ChangePerChargeLv[0].BuffIndex,0
BulletParam_Common_actDSMBN3_Shots5,ChangePerChargeLv[1].DamageRate,1.75
BulletParam_Common_actDSMBN3_Shots5,ChangePerChargeLv[1].FireNum,0
BulletParam_Common_actDSMBN3_Shots5,ChangePerChargeLv[1].ArmorBreakLevel,None
BulletParam_Common_actDSMBN3_Shots5,ChangePerChargeLv[1].EnergyBullectCollisionPriority,0
BulletParam_Common_actDSMBN3_Shots5,ChangePerChargeLv[1].SpeedScale,1
BulletParam_Common_actDSMBN3_Shots5,ChangePerChargeLv[1].HomingScale,1
BulletParam_Common_actDSMBN3_Shots5,ChangePerChargeLv[1].bIgnoreActionTarget,false
BulletParam_Common_actDSMBN3_Shots5,ChangePerChargeLv[1].bReduceZSearchAfterHit,false
BulletParam_Common_actDSMBN3_Shots5,ChangePerChargeLv[1].ReduceZSearchEffectTime,0
BulletParam_Common_actDSMBN3_Shots5,ChangePerChargeLv[1].bEnableBuff,false
BulletParam_Common_actDSMBN3_Shots5,ChangePerChargeLv[1].BuffIndex,0
BulletParam_Common_actDSMBN3_Shots5_L,Power,220
BulletParam_Common_actDSMBN3_Shots5_L,Shave,44
BulletParam_Common_actDSMBN3_Shots5_L,BeamPower,350
BulletParam_Common_actDSMBN3_Shots5_L,BeamShave,70
BulletParam_Common_actDSMBN3_Shots5_L,ExpendEnergy,3000
BulletParam_Common_actDSMBN3_Shots5_L,LifeSpan,0.5
BulletParam_Common_actDSMBN3_Shots5_L,FireNum,5
BulletParam_Common_actDSMBN3_Shots5_L,CharacterCollisionSize,40
BulletParam_Common_actDSMBN3_Shots5_L,bIgnoreHitBehindAttackChara,true
BulletParam_Common_actDSMBN3_Shots5_L,GeometryCollisionSize,20
BulletParam_Common_actDSMBN3_Shots5_L,ClashCollisionSize,30
BulletParam_Common_actDSMBN3_Shots5_L,EnergyBullectCollisionPriority,20
BulletParam_Common_actDSMBN3_Shots5_L,HomingAngleLimitAtStart,35
BulletParam_Common_actDSMBN3_Shots5_L,HomingAngleLimitAtStartYaw,7.5
BulletParam_Common_actDSMBN3_Shots5_L,TargetPointDiffusionRadius,25
BulletParam_Common_actDSMBN3_Shots5_L,bHomingAtReflect,true
BulletParam_Common_actDSMBN3_Shots5_L,AutoReflectDirectionType,オートリフレクト
BulletParam_Common_actDSMBN3_Shots5_L,MoveParam.HomingEndTime,0.12
BulletParam_Common_actDSMBN3_Shots5_L,ArmorBreakLevel,スマッシュ気弾
BulletParam_Common_actDSMBN3_Shots5_L,DestructionFieldScale,2
BulletParam_Common_actDSMBN3_Shots5_L,ChangePerChargeLv[0].DamageRate,1.15
BulletParam_Common_actDSMBN3_Shots5_L,ChangePerChargeLv[0].FireNum,0
BulletParam_Common_actDSMBN3_Shots5_L,ChangePerChargeLv[0].ArmorBreakLevel,None
BulletParam_Common_actDSMBN3_Shots5_L,ChangePerChargeLv[0].EnergyBullectCollisionPriority,0
BulletParam_Common_actDSMBN3_Shots5_L,ChangePerChargeLv[0].SpeedScale,1
BulletParam_Common_actDSMBN3_Shots5_L,ChangePerChargeLv[0].HomingScale,1
BulletParam_Common_actDSMBN3_Shots5_L,ChangePerChargeLv[0].bIgnoreActionTarget,false
BulletParam_Common_actDSMBN3_Shots5_L,ChangePerChargeLv[0].bReduceZSearchAfterHit,false
BulletParam_Common_actDSMBN3_Shots5_L,ChangePerChargeLv[0].ReduceZSearchEffectTime,0
BulletParam_Common_actDSMBN3_Shots5_L,ChangePerChargeLv[0].bEnableBuff,false
BulletParam_Common_actDSMBN3_Shots5_L,ChangePerChargeLv[0].BuffIndex,0
BulletParam_Common_actDSMBN3_Shots5_L,ChangePerChargeLv[1].DamageRate,1.75
BulletParam_Common_actDSMBN3_Shots5_L,ChangePerChargeLv[1].FireNum,0
BulletParam_Common_actDSMBN3_Shots5_L,ChangePerChargeLv[1].ArmorBreakLevel,None
BulletParam_Common_actDSMBN3_Shots5_L,ChangePerChargeLv[1].EnergyBullectCollisionPriority,0
BulletParam_Common_actDSMBN3_Shots5_L,ChangePerChargeLv[1].SpeedScale,1
BulletParam_Common_actDSMBN3_Shots5_L,ChangePerChargeLv[1].HomingScale,1
BulletParam_Common_actDSMBN3_Shots5_L,ChangePerChargeLv[1].bIgnoreActionTarget,false
BulletParam_Common_actDSMBN3_Shots5_L,ChangePerChargeLv[1].bReduceZSearchAfterHit,false
BulletParam_Common_actDSMBN3_Shots5_L,ChangePerChargeLv[1].ReduceZSearchEffectTime,0
BulletParam_Common_actDSMBN3_Shots5_L,ChangePerChargeLv[1].bEnableBuff,false
BulletParam_Common_actDSMBN3_Shots5_L,ChangePerChargeLv[1].BuffIndex,0
BulletParam_Common_actDSMBN3_Shots6,Power,170
BulletParam_Common_actDSMBN3_Shots6,Shave,34
BulletParam_Common_actDSMBN3_Shots6,BeamPower,350
BulletParam_Common_actDSMBN3_Shots6,BeamShave,70
BulletParam_Common_actDSMBN3_Shots6,ExpendEnergy,3000
BulletParam_Common_actDSMBN3_Shots6,LifeSpan,0.5
BulletParam_Common_actDSMBN3_Shots6,FireNum,6
BulletParam_Common_actDSMBN3_Shots6,CharacterCollisionSize,40
BulletParam_Common_actDSMBN3_Shots6,bIgnoreHitBehindAttackChara,true
BulletParam_Common_actDSMBN3_Shots6,GeometryCollisionSize,20
BulletParam_Common_actDSMBN3_Shots6,ClashCollisionSize,30
BulletParam_Common_actDSMBN3_Shots6,EnergyBullectCollisionPriority,20
BulletParam_Common_actDSMBN3_Shots6,HomingAngleLimitAtStart,360
BulletParam_Common_actDSMBN3_Shots6,bHomingAtReflect,true
BulletParam_Common_actDSMBN3_Shots6,AutoReflectDirectionType,オートリフレクト
BulletParam_Common_actDSMBN3_Shots6,MoveParam.HomingEndTime,0.12
BulletParam_Common_actDSMBN3_Shots6,ArmorBreakLevel,スマッシュ気弾
BulletParam_Common_actDSMBN3_Shots6,DestructionFieldScale,2
BulletParam_Common_actDSMBN3_Shots6,ChangePerChargeLv[0].DamageRate,1.15
BulletParam_Common_actDSMBN3_Shots6,ChangePerChargeLv[0].FireNum,0
BulletParam_Common_actDSMBN3_Shots6,ChangePerChargeLv[0].ArmorBreakLevel,None
BulletParam_Common_actDSMBN3_Shots6,ChangePerChargeLv[0].EnergyBullectCollisionPriority,0
BulletParam_Common_actDSMBN3_Shots6,ChangePerChargeLv[0].SpeedScale,1
BulletParam_Common_actDSMBN3_Shots6,ChangePerChargeLv[0].HomingScale,1
BulletParam_Common_actDSMBN3_Shots6,ChangePerChargeLv[0].bIgnoreActionTarget,false
BulletParam_Common_actDSMBN3_Shots6,ChangePerChargeLv[0].bReduceZSearchAfterHit,false
BulletParam_Common_actDSMBN3_Shots6,ChangePerChargeLv[0].ReduceZSearchEffectTime,0
BulletParam_Common_actDSMBN3_Shots6,ChangePerChargeLv[0].bEnableBuff,false
BulletParam_Common_actDSMBN3_Shots6,ChangePerChargeLv[0].BuffIndex,0
BulletParam_Common_actDSMBN3_Shots6,ChangePerChargeLv[1].DamageRate,1.75
BulletParam_Common_actDSMBN3_Shots6,ChangePerChargeLv[1].FireNum,0
BulletParam_Common_actDSMBN3_Shots6,ChangePerChargeLv[1].ArmorBreakLevel,None
BulletParam_Common_actDSMBN3_Shots6,ChangePerChargeLv[1].EnergyBullectCollisionPriority,0
BulletParam_Common_actDSMBN3_Shots6,ChangePerChargeLv[1].SpeedScale,1
BulletParam_Common_actDSMBN3_Shots6,ChangePerChargeLv[1].HomingScale,1
BulletParam_Common_actDSMBN3_Shots6,ChangePerChargeLv[1].bIgnoreActionTarget,false
BulletParam_Common_actDSMBN3_Shots6,ChangePerChargeLv[1].bReduceZSearchAfterHit,false
BulletParam_Common_actDSMBN3_Shots6,ChangePerChargeLv[1].ReduceZSearchEffectTime,0
BulletParam_Common_actDSMBN3_Shots6,ChangePerChargeLv[1].bEnableBuff,false
BulletParam_Common_actDSMBN3_Shots6,ChangePerChargeLv[1].BuffIndex,0
BulletParam_Common_actDSMBN3_Shots6_L,Power,170
BulletParam_Common_actDSMBN3_Shots6_L,Shave,34
BulletParam_Common_actDSMBN3_Shots6_L,BeamPower,350
BulletParam_Common_actDSMBN3_Shots6_L,BeamShave,70
BulletParam_Common_actDSMBN3_Shots6_L,ExpendEnergy,3000
BulletParam_Common_actDSMBN3_Shots6_L,LifeSpan,0.5
BulletParam_Common_actDSMBN3_Shots6_L,FireNum,6
BulletParam_Common_actDSMBN3_Shots6_L,CharacterCollisionSize,40
BulletParam_Common_actDSMBN3_Shots6_L,bIgnoreHitBehindAttackChara,true
BulletParam_Common_actDSMBN3_Shots6_L,GeometryCollisionSize,20
BulletParam_Common_actDSMBN3_Shots6_L,ClashCollisionSize,30
BulletParam_Common_actDSMBN3_Shots6_L,EnergyBullectCollisionPriority,20
BulletParam_Common_actDSMBN3_Shots6_L,HomingAngleLimitAtStart,35
BulletParam_Common_actDSMBN3_Shots6_L,HomingAngleLimitAtStartYaw,7.5
BulletParam_Common_actDSMBN3_Shots6_L,TargetPointDiffusionRadius,25
BulletParam_Common_actDSMBN3_Shots6_L,bHomingAtReflect,true
BulletParam_Common_actDSMBN3_Shots6_L,AutoReflectDirectionType,オートリフレクト
BulletParam_Common_actDSMBN3_Shots6_L,MoveParam.HomingEndTime,0.12
BulletParam_Common_actDSMBN3_Shots6_L,ArmorBreakLevel,スマッシュ気弾
BulletParam_Common_actDSMBN3_Shots6_L,DestructionFieldScale,2
BulletParam_Common_actDSMBN3_Shots6_L,ChangePerChargeLv[0].DamageRate,1.15
BulletParam_Common_actDSMBN3_Shots6_L,ChangePerChargeLv[0].FireNum,0
BulletParam_Common_actDSMBN3_Shots6_L,ChangePerChargeLv[0].ArmorBreakLevel,None
BulletParam_Common_actDSMBN3_Shots6_L,ChangePerChargeLv[0].EnergyBullectCollisionPriority,0
BulletParam_Common_actDSMBN3_Shots6_L,ChangePerChargeLv[0].SpeedScale,1
BulletParam_Common_actDSMBN3_Shots6_L,ChangePerChargeLv[0].HomingScale,1
BulletParam_Common_actDSMBN3_Shots6_L,ChangePerChargeLv[0].bIgnoreActionTarget,false
BulletParam_Common_actDSMBN3_Shots6_L,ChangePerChargeLv[0].bReduceZSearchAfterHit,false
BulletParam_Common_actDSMBN3_Shots6_L,ChangePerChargeLv[0].ReduceZSearchEffectTime,0
BulletParam_Common_actDSMBN3_Shots6_L,ChangePerChargeLv[0].bEnableBuff,false
BulletParam_Common_actDSMBN3_Shots6_L,ChangePerChargeLv[0].BuffIndex,0
BulletParam_Common_actDSMBN3_Shots6_L,ChangePerChargeLv[1].DamageRate,1.75
BulletParam_Common_actDSMBN3_Shots6_L,ChangePerChargeLv[1].FireNum,0
BulletParam_Common_actDSMBN3_Shots6_L,ChangePerChargeLv[1].ArmorBreakLevel,None
BulletParam_Common_actDSMBN3_Shots6_L,ChangePerChargeLv[1].EnergyBullectCollisionPriority,0
BulletParam_Common_actDSMBN3_Shots6_L,ChangePerChargeLv[1].SpeedScale,1
BulletParam_Common_actDSMBN3_Shots6_L,ChangePerChargeLv[1].HomingScale,1
BulletParam_Common_actDSMBN3_Shots6_L,ChangePerChargeLv[1].bIgnoreActionTarget,false
BulletParam_Common_actDSMBN3_Shots6_L,ChangePerChargeLv[1].bReduceZSearchAfterHit,false
BulletParam_Common_actDSMBN3_Shots6_L,ChangePerChargeLv[1].ReduceZSearchEffectTime,0
BulletParam_Common_actDSMBN3_Shots6_L,ChangePerChargeLv[1].bEnableBuff,false
BulletParam_Common_actDSMBN3_Shots6_L,ChangePerChargeLv[1].BuffIndex,0
BulletParam_Common_actDSMBN3_Shots7,Power,155
BulletParam_Common_actDSMBN3_Shots7,Shave,33
BulletParam_Common_actDSMBN3_Shots7,BeamPower,300
BulletParam_Common_actDSMBN3_Shots7,BeamShave,60
BulletParam_Common_actDSMBN3_Shots7,ExpendEnergy,3000
BulletParam_Common_actDSMBN3_Shots7,LifeSpan,0.5
BulletParam_Common_actDSMBN3_Shots7,FireNum,7
BulletParam_Common_actDSMBN3_Shots7,CharacterCollisionSize,40
BulletParam_Common_actDSMBN3_Shots7,bIgnoreHitBehindAttackChara,true
BulletParam_Common_actDSMBN3_Shots7,GeometryCollisionSize,20
BulletParam_Common_actDSMBN3_Shots7,ClashCollisionSize,30
BulletParam_Common_actDSMBN3_Shots7,EnergyBullectCollisionPriority,20
BulletParam_Common_actDSMBN3_Shots7,HomingAngleLimitAtStart,360
BulletParam_Common_actDSMBN3_Shots7,bHomingAtReflect,true
BulletParam_Common_actDSMBN3_Shots7,AutoReflectDirectionType,オートリフレクト
BulletParam_Common_actDSMBN3_Shots7,MoveParam.HomingEndTime,0.12
BulletParam_Common_actDSMBN3_Shots7,ArmorBreakLevel,スマッシュ気弾
BulletParam_Common_actDSMBN3_Shots7,DestructionFieldScale,2
BulletParam_Common_actDSMBN3_Shots7,ChangePerChargeLv[0].DamageRate,1.15
BulletParam_Common_actDSMBN3_Shots7,ChangePerChargeLv[0].FireNum,0
BulletParam_Common_actDSMBN3_Shots7,ChangePerChargeLv[0].ArmorBreakLevel,None
BulletParam_Common_actDSMBN3_Shots7,ChangePerChargeLv[0].EnergyBullectCollisionPriority,0
BulletParam_Common_actDSMBN3_Shots7,ChangePerChargeLv[0].SpeedScale,1
BulletParam_Common_actDSMBN3_Shots7,ChangePerChargeLv[0].HomingScale,1
BulletParam_Common_actDSMBN3_Shots7,ChangePerChargeLv[0].bIgnoreActionTarget,false
BulletParam_Common_actDSMBN3_Shots7,ChangePerChargeLv[0].bReduceZSearchAfterHit,false
BulletParam_Common_actDSMBN3_Shots7,ChangePerChargeLv[0].ReduceZSearchEffectTime,0
BulletParam_Common_actDSMBN3_Shots7,ChangePerChargeLv[0].bEnableBuff,false
BulletParam_Common_actDSMBN3_Shots7,ChangePerChargeLv[0].BuffIndex,0
BulletParam_Common_actDSMBN3_Shots7,ChangePerChargeLv[1].DamageRate,1.75
BulletParam_Common_actDSMBN3_Shots7,ChangePerChargeLv[1].FireNum,0
BulletParam_Common_actDSMBN3_Shots7,ChangePerChargeLv[1].ArmorBreakLevel,None
BulletParam_Common_actDSMBN3_Shots7,ChangePerChargeLv[1].EnergyBullectCollisionPriority,0
BulletParam_Common_actDSMBN3_Shots7,ChangePerChargeLv[1].SpeedScale,1
BulletParam_Common_actDSMBN3_Shots7,ChangePerChargeLv[1].HomingScale,1
BulletParam_Common_actDSMBN3_Shots7,ChangePerChargeLv[1].bIgnoreActionTarget,false
BulletParam_Common_actDSMBN3_Shots7,ChangePerChargeLv[1].bReduceZSearchAfterHit,false
BulletParam_Common_actDSMBN3_Shots7,ChangePerChargeLv[1].ReduceZSearchEffectTime,0
BulletParam_Common_actDSMBN3_Shots7,ChangePerChargeLv[1].bEnableBuff,false
BulletParam_Common_actDSMBN3_Shots7,ChangePerChargeLv[1].BuffIndex,0
BulletParam_Common_actDSMBN3_Shots8,Power,100
BulletParam_Common_actDSMBN3_Shots8,Shave,20
BulletParam_Common_actDSMBN3_Shots8,BeamPower,300
BulletParam_Common_actDSMBN3_Shots8,BeamShave,60
BulletParam_Common_actDSMBN3_Shots8,ExpendEnergy,3000
BulletParam_Common_actDSMBN3_Shots8,LifeSpan,0.5
BulletParam_Common_actDSMBN3_Shots8,FireNum,8
BulletParam_Common_actDSMBN3_Shots8,CharacterCollisionSize,40
BulletParam_Common_actDSMBN3_Shots8,bIgnoreHitBehindAttackChara,true
BulletParam_Common_actDSMBN3_Shots8,GeometryCollisionSize,20
BulletParam_Common_actDSMBN3_Shots8,ClashCollisionSize,30
BulletParam_Common_actDSMBN3_Shots8,EnergyBullectCollisionPriority,20
BulletParam_Common_actDSMBN3_Shots8,HomingAngleLimitAtStart,360
BulletParam_Common_actDSMBN3_Shots8,bHomingAtReflect,true
BulletParam_Common_actDSMBN3_Shots8,AutoReflectDirectionType,オートリフレクト
BulletParam_Common_actDSMBN3_Shots8,MoveParam.HomingEndTime,0.12
BulletParam_Common_actDSMBN3_Shots8,ArmorBreakLevel,スマッシュ気弾
BulletParam_Common_actDSMBN3_Shots8,DestructionFieldScale,2
BulletParam_Common_actDSMBN3_Shots8,ChangePerChargeLv[0].DamageRate,1.15
BulletParam_Common_actDSMBN3_Shots8,ChangePerChargeLv[0].FireNum,0
BulletParam_Common_actDSMBN3_Shots8,ChangePerChargeLv[0].ArmorBreakLevel,None
BulletParam_Common_actDSMBN3_Shots8,ChangePerChargeLv[0].EnergyBullectCollisionPriority,0
BulletParam_Common_actDSMBN3_Shots8,ChangePerChargeLv[0].SpeedScale,1
BulletParam_Common_actDSMBN3_Shots8,ChangePerChargeLv[0].HomingScale,1
BulletParam_Common_actDSMBN3_Shots8,ChangePerChargeLv[0].bIgnoreActionTarget,false
BulletParam_Common_actDSMBN3_Shots8,ChangePerChargeLv[0].bReduceZSearchAfterHit,false
BulletParam_Common_actDSMBN3_Shots8,ChangePerChargeLv[0].ReduceZSearchEffectTime,0
BulletParam_Common_actDSMBN3_Shots8,ChangePerChargeLv[0].bEnableBuff,false
BulletParam_Common_actDSMBN3_Shots8,ChangePerChargeLv[0].BuffIndex,0
BulletParam_Common_actDSMBN3_Shots8,ChangePerChargeLv[1].DamageRate,1.75
BulletParam_Common_actDSMBN3_Shots8,ChangePerChargeLv[1].FireNum,0
BulletParam_Common_actDSMBN3_Shots8,ChangePerChargeLv[1].ArmorBreakLevel,None
BulletParam_Common_actDSMBN3_Shots8,ChangePerChargeLv[1].EnergyBullectCollisionPriority,0
BulletParam_Common_actDSMBN3_Shots8,ChangePerChargeLv[1].SpeedScale,1
BulletParam_Common_actDSMBN3_Shots8,ChangePerChargeLv[1].HomingScale,1
BulletParam_Common_actDSMBN3_Shots8,ChangePerChargeLv[1].bIgnoreActionTarget,false
BulletParam_Common_actDSMBN3_Shots8,ChangePerChargeLv[1].bReduceZSearchAfterHit,false
BulletParam_Common_actDSMBN3_Shots8,ChangePerChargeLv[1].ReduceZSearchEffectTime,0
BulletParam_Common_actDSMBN3_Shots8,ChangePerChargeLv[1].bEnableBuff,false
BulletParam_Common_actDSMBN3_Shots8,ChangePerChargeLv[1].BuffIndex,0
BulletParam_Common_actDSMBN4,Power,640
BulletParam_Common_actDSMBN4,Shave,128
BulletParam_Common_actDSMBN4,BeamPower,640
BulletParam_Common_actDSMBN4,BeamShave,128
BulletParam_Common_actDSMBN4,ExpendEnergy,10000
BulletParam_Common_actDSMBN4,LifeSpan,3
BulletParam_Common_actDSMBN4,FireNum,2
BulletParam_Common_actDSMBN4,bIgnoreHitBehindAttackChara,true
BulletParam_Common_actDSMBN4,EnergyBullectCollisionPriority,20
BulletParam_Common_actDSMBN4,HomingAngleLimitAtStart,360
BulletParam_Common_actDSMBN4,bHomingAtReflect,true
BulletParam_Common_actDSMBN4,AutoReflectDirectionType,オートリフレクト
BulletParam_Common_actDSMBN4,MoveParam.HomingEndTime,3
BulletParam_Common_actDSMBN4,ArmorBreakLevel,ラッシュ気弾
BulletParam_Common_actDSMBN4,DestructionFieldScale,2
BulletParam_Common_actDSMBN4,CategoryType,EKoratBulletCategoryType::NumbBullet
BulletParam_Common_actDSMBN4,ChangePerChargeLv[0].DamageRate,1.05
BulletParam_Common_actDSMBN4,ChangePerChargeLv[0].FireNum,0
BulletParam_Common_actDSMBN4,ChangePerChargeLv[0].ArmorBreakLevel,None
BulletParam_Common_actDSMBN4,ChangePerChargeLv[0].EnergyBullectCollisionPriority,0
BulletParam_Common_actDSMBN4,ChangePerChargeLv[0].SpeedScale,1
BulletParam_Common_actDSMBN4,ChangePerChargeLv[0].HomingScale,1
BulletParam_Common_actDSMBN4,ChangePerChargeLv[0].bIgnoreActionTarget,false
BulletParam_Common_actDSMBN4,ChangePerChargeLv[0].bReduceZSearchAfterHit,false
BulletParam_Common_actDSMBN4,ChangePerChargeLv[0].ReduceZSearchEffectTime,0
BulletParam_Common_actDSMBN4,ChangePerChargeLv[0].bEnableBuff,false
BulletParam_Common_actDSMBN4,ChangePerChargeLv[0].BuffIndex,0
BulletParam_Common_actDSMBN4,ChangePerChargeLv[1].DamageRate,1.1
BulletParam_Common_actDSMBN4,ChangePerChargeLv[1].FireNum,0
BulletParam_Common_actDSMBN4,ChangePerChargeLv[1].ArmorBreakLevel,None
BulletParam_Common_actDSMBN4,ChangePerChargeLv[1].EnergyBullectCollisionPriority,0
BulletParam_Common_actDSMBN4,ChangePerChargeLv[1].SpeedScale,1
BulletParam_Common_actDSMBN4,ChangePerChargeLv[1].HomingScale,1
BulletParam_Common_actDSMBN4,ChangePerChargeLv[1].bIgnoreActionTarget,false
BulletParam_Common_actDSMBN4,ChangePerChargeLv[1].bReduceZSearchAfterHit,false
BulletParam_Common_actDSMBN4,ChangePerChargeLv[1].ReduceZSearchEffectTime,0
BulletParam_Common_actDSMBN4,ChangePerChargeLv[1].bEnableBuff,false
BulletParam_Common_actDSMBN4,ChangePerChargeLv[1].BuffIndex,0
BulletParam_Common_actDSMBN4_Numb,Power,640
BulletParam_Common_actDSMBN4_Numb,Shave,128
BulletParam_Common_actDSMBN4_Numb,BeamPower,640
BulletParam_Common_actDSMBN4_Numb,BeamShave,128
BulletParam_Common_actDSMBN4_Numb,ExpendEnergy,10000
BulletParam_Common_actDSMBN4_Numb,LifeSpan,3
BulletParam_Common_actDSMBN4_Numb,bIgnoreHitBehindAttackChara,true
BulletParam_Common_actDSMBN4_Numb,EnergyBullectCollisionPriority,20
BulletParam_Common_actDSMBN4_Numb,HomingAngleLimitAtStart,360
BulletParam_Common_actDSMBN4_Numb,bHomingAtReflect,true
BulletParam_Common_actDSMBN4_Numb,AutoReflectDirectionType,オートリフレクト
BulletParam_Common_actDSMBN4_Numb,MoveParam.HomingEndTime,3
BulletParam_Common_actDSMBN4_Numb,ArmorBreakLevel,ラッシュ気弾
BulletParam_Common_actDSMBN4_Numb,DestructionFieldScale,2
BulletParam_Common_actDSMBN4_Numb,CategoryType,EKoratBulletCategoryType::NumbBullet
BulletParam_Common_actDSMBN4_Numb,ChangePerChargeLv[0].DamageRate,1.5
BulletParam_Common_actDSMBN4_Numb,ChangePerChargeLv[0].FireNum,0
BulletParam_Common_actDSMBN4_Numb,ChangePerChargeLv[0].ArmorBreakLevel,None
BulletParam_Common_actDSMBN4_Numb,ChangePerChargeLv[0].EnergyBullectCollisionPriority,0
BulletParam_Common_actDSMBN4_Numb,ChangePerChargeLv[0].SpeedScale,1
BulletParam_Common_actDSMBN4_Numb,ChangePerChargeLv[0].HomingScale,1
BulletParam_Common_actDSMBN4_Numb,ChangePerChargeLv[0].bIgnoreActionTarget,false
BulletParam_Common_actDSMBN4_Numb,ChangePerChargeLv[0].bReduceZSearchAfterHit,false
BulletParam_Common_actDSMBN4_Numb,ChangePerChargeLv[0].ReduceZSearchEffectTime,0
BulletParam_Common_actDSMBN4_Numb,ChangePerChargeLv[0].bEnableBuff,false
BulletParam_Common_actDSMBN4_Numb,ChangePerChargeLv[0].BuffIndex,0
BulletParam_Common_actDSMBN4_Numb,ChangePerChargeLv[1].DamageRate,2
BulletParam_Common_actDSMBN4_Numb,ChangePerChargeLv[1].FireNum,0
BulletParam_Common_actDSMBN4_Numb,ChangePerChargeLv[1].ArmorBreakLevel,None
BulletParam_Common_actDSMBN4_Numb,ChangePerChargeLv[1].EnergyBullectCollisionPriority,0
BulletParam_Common_actDSMBN4_Numb,ChangePerChargeLv[1].SpeedScale,1
BulletParam_Common_actDSMBN4_Numb,ChangePerChargeLv[1].HomingScale,1
BulletParam_Common_actDSMBN4_Numb,ChangePerChargeLv[1].bIgnoreActionTarget,false
BulletParam_Common_actDSMBN4_Numb,ChangePerChargeLv[1].bReduceZSearchAfterHit,false
BulletParam_Common_actDSMBN4_Numb,ChangePerChargeLv[1].ReduceZSearchEffectTime,0
BulletParam_Common_actDSMBN4_Numb,ChangePerChargeLv[1].bEnableBuff,false
BulletParam_Common_actDSMBN4_Numb,ChangePerChargeLv[1].BuffIndex,0
BulletParam_Common_actDSMBN5,Power,750
BulletParam_Common_actDSMBN5,Shave,150
BulletParam_Common_actDSMBN5,BeamPower,750
BulletParam_Common_actDSMBN5,BeamShave,150
BulletParam_Common_actDSMBN5,ExpendEnergy,3000
BulletParam_Common_actDSMBN5,LifeSpan,3
BulletParam_Common_actDSMBN5,bIgnoreHitBehindAttackChara,true
BulletParam_Common_actDSMBN5,EnergyBullectCollisionPriority,20
BulletParam_Common_actDSMBN5,HomingAngleLimitAtStart,360
BulletParam_Common_actDSMBN5,bHomingAtReflect,true
BulletParam_Common_actDSMBN5,AutoReflectDirectionType,オートリフレクト
BulletParam_Common_actDSMBN5,MoveParam.HomingEndTime,3
BulletParam_Common_actDSMBN5,ArmorBreakLevel,スマッシュ気弾
BulletParam_Common_actDSMBN5,DestructionFieldScale,2
BulletParam_Common_actDSMBN5,ChangePerChargeLv[0].DamageRate,1.5
BulletParam_Common_actDSMBN5,ChangePerChargeLv[0].FireNum,0
BulletParam_Common_actDSMBN5,ChangePerChargeLv[0].ArmorBreakLevel,None
BulletParam_Common_actDSMBN5,ChangePerChargeLv[0].EnergyBullectCollisionPriority,0
BulletParam_Common_actDSMBN5,ChangePerChargeLv[0].SpeedScale,1
BulletParam_Common_actDSMBN5,ChangePerChargeLv[0].HomingScale,1
BulletParam_Common_actDSMBN5,ChangePerChargeLv[0].bIgnoreActionTarget,false
BulletParam_Common_actDSMBN5,ChangePerChargeLv[0].bReduceZSearchAfterHit,false
BulletParam_Common_actDSMBN5,ChangePerChargeLv[0].ReduceZSearchEffectTime,0
BulletParam_Common_actDSMBN5,ChangePerChargeLv[0].bEnableBuff,false
BulletParam_Common_actDSMBN5,ChangePerChargeLv[0].BuffIndex,0
BulletParam_Common_actDSMBN5,ChangePerChargeLv[1].DamageRate,2
BulletParam_Common_actDSMBN5,ChangePerChargeLv[1].FireNum,0
BulletParam_Common_actDSMBN5,ChangePerChargeLv[1].ArmorBreakLevel,None
BulletParam_Common_actDSMBN5,ChangePerChargeLv[1].EnergyBullectCollisionPriority,0
BulletParam_Common_actDSMBN5,ChangePerChargeLv[1].SpeedScale,1
BulletParam_Common_actDSMBN5,ChangePerChargeLv[1].HomingScale,1
BulletParam_Common_actDSMBN5,ChangePerChargeLv[1].bIgnoreActionTarget,false
BulletParam_Common_actDSMBN5,ChangePerChargeLv[1].bReduceZSearchAfterHit,false
BulletParam_Common_actDSMBN5,ChangePerChargeLv[1].ReduceZSearchEffectTime,0
BulletParam_Common_actDSMBN5,ChangePerChargeLv[1].bEnableBuff,false
BulletParam_Common_actDSMBN5,ChangePerChargeLv[1].BuffIndex,0
BulletParam_Common_actES3,Power,125
BulletParam_Common_actES3,Shave,25
BulletParam_Common_actES3,BeamPower,125
BulletParam_Common_actES3,BeamShave,25
BulletParam_Common_actES3,LifeSpan,1
BulletParam_Common_actES3,CharacterCollisionSize,40
BulletParam_Common_actES3,GeometryCollisionSize,15
BulletParam_Common_actES3,ClashCollisionSize,40
BulletParam_Common_actES3,EnergyBullectCollisionPriority,10
BulletParam_Common_actES3,HomingAngleLimitAtStart,360
BulletParam_Common_actES3,AutoReflectDirectionType,オートリフレクト
BulletParam_Common_actES3,MoveParam.HomingEndTime,1.3
BulletParam_Common_actES3,bIsReactiveGuardable,true
BulletParam_Common_actES3,ArmorBreakLevel,ラッシュ気弾
BulletParam_Common_actES3,DestructionFieldScale,0.4
BulletParam_Common_actJRB,ExpendEnergy,1350
BulletParam_Common_actJRB,LifeSpan,2
BulletParam_Common_actJRB,CharacterCollisionSize,50
BulletParam_Common_actJRB,bIgnoreHitBehindAttackChara,true
BulletParam_Common_actJRB,GeometryCollisionSize,25
BulletParam_Common_actJRB,ClashCollisionSize,50
BulletParam_Common_actJRB,EnergyBullectCollisionPriority,10
BulletParam_Common_actJRB,AutoReflectDirectionType,オートリフレクト
BulletParam_Common_actJRB,bIsReactiveGuardable,true
BulletParam_Common_actJRB,ArmorBreakLevel,ラッシュ気弾
BulletParam_Common_actJRB,bSelfishnessAvoidable,true
BulletParam_Common_actJRB,DestructionFieldScale,1.4
BulletParam_Common_actJRB_0020,ExpendEnergy,1200
BulletParam_Common_actJRB_0020,LifeSpan,2
BulletParam_Common_actJRB_0020,CharacterCollisionSize,50
BulletParam_Common_actJRB_0020,bIgnoreHitBehindAttackChara,true
BulletParam_Common_actJRB_0020,GeometryCollisionSize,25
BulletParam_Common_actJRB_0020,ClashCollisionSize,50
BulletParam_Common_actJRB_0020,EnergyBullectCollisionPriority,10
BulletParam_Common_actJRB_0020,AutoReflectDirectionType,オートリフレクト
BulletParam_Common_actJRB_0020,bIsReactiveGuardable,true
BulletParam_Common_actJRB_0020,ArmorBreakLevel,ラッシュ気弾
BulletParam_Common_actJRB_0020,bSelfishnessAvoidable,true
BulletParam_Common_actJRB_0020,DestructionFieldScale,1.4
BulletParam_Common_actJRB_553_double,Power,125
BulletParam_Common_actJRB_553_double,Shave,25
BulletParam_Common_actJRB_553_double,BeamPower,125
BulletParam_Common_actJRB_553_double,BeamShave,25
BulletParam_Common_actJRB_553_double,ExpendEnergy,650
BulletParam_Common_actJRB_553_double,RepelSkillGaugeGain,0.05
BulletParam_Common_actJRB_553_double,LifeSpan,0.8
BulletParam_Common_actJRB_553_double,CharacterCollisionSize,50
BulletParam_Common_actJRB_553_double,bIgnoreHitBehindAttackChara,true
BulletParam_Common_actJRB_553_double,GeometryCollisionSize,25
BulletParam_Common_actJRB_553_double,ClashCollisionSize,50
BulletParam_Common_actJRB_553_double,EnergyBullectCollisionPriority,10
BulletParam_Common_actJRB_553_double,HomingAngleLimitAtStart,360
BulletParam_Common_actJRB_553_double,AutoReflectDirectionType,オートリフレクト
BulletParam_Common_actJRB_553_double,MoveParam.HomingEndTime,1.3
BulletParam_Common_actJRB_553_double,bIsReactiveGuardable,true
BulletParam_Common_actJRB_553_double,ArmorBreakLevel,ラッシュ気弾
BulletParam_Common_actJRB_553_double,bSelfishnessAvoidable,true
BulletParam_Common_actJRB_553_double,DestructionFieldScale,1.4
BulletParam_Common_actJRB_Huge,ExpendEnergy,2700
BulletParam_Common_actJRB_Huge,LifeSpan,2.2
BulletParam_Common_actJRB_Huge,bIgnoreHitBehindAttackChara,true
BulletParam_Common_actJRB_Huge,ClashCollisionSize,80
BulletParam_Common_actJRB_Huge,EnergyBullectCollisionPriority,10
BulletParam_Common_actJRB_Huge,AutoReflectDirectionType,オートリフレクト
BulletParam_Common_actJRB_Huge,bIsReactiveGuardable,true
BulletParam_Common_actJRB_Huge,ArmorBreakLevel,ラッシュ気弾
BulletParam_Common_actJRB_Huge,bSelfishnessAvoidable,true
BulletParam_Common_actJRB_Huge,DestructionFieldScale,1.4
BulletParam_Common_actJRB_laser,ExpendEnergy,1350
BulletParam_Common_actJRB_laser,LifeSpan,2
BulletParam_Common_actJRB_laser,CharacterCollisionSize,50
BulletParam_Common_actJRB_laser,bIgnoreHitBehindAttackChara,true
BulletParam_Common_actJRB_laser,GeometryCollisionSize,25
BulletParam_Common_actJRB_laser,ClashCollisionSize,50
BulletParam_Common_actJRB_laser,EnergyBullectCollisionPriority,10
BulletParam_Common_actJRB_laser,TargetPointDiffusionRadius,2.5
BulletParam_Common_actJRB_laser,AutoReflectDirectionType,オートリフレクト
BulletParam_Common_actJRB_laser,MoveParam.HomingEndTime,0.2
BulletParam_Common_actJRB_laser,bIsReactiveGuardable,true
BulletParam_Common_actJRB_laser,ArmorBreakLevel,ラッシュ気弾
BulletParam_Common_actJRB_laser,bSelfishnessAvoidable,true
BulletParam_Common_actJRB_laser,DestructionFieldScale,1.4
BulletParam_Common_actJRB_laser_lit,ExpendEnergy,1350
BulletParam_Common_actJRB_laser_lit,LifeSpan,2
BulletParam_Common_actJRB_laser_lit,CharacterCollisionSize,50
BulletParam_Common_actJRB_laser_lit,bIgnoreHitBehindAttackChara,true
BulletParam_Common_actJRB_laser_lit,GeometryCollisionSize,25
BulletParam_Common_actJRB_laser_lit,ClashCollisionSize,50
BulletParam_Common_actJRB_laser_lit,EnergyBullectCollisionPriority,10
BulletParam_Common_actJRB_laser_lit,TargetPointDiffusionRadius,2.5
BulletParam_Common_actJRB_laser_lit,AutoReflectDirectionType,オートリフレクト
BulletParam_Common_actJRB_laser_lit,MoveParam.HomingEndTime,0.2
BulletParam_Common_actJRB_laser_lit,bIsReactiveGuardable,true
BulletParam_Common_actJRB_laser_lit,ArmorBreakLevel,ラッシュ気弾
BulletParam_Common_actJRB_laser_lit,bSelfishnessAvoidable,true
BulletParam_Common_actJRB_laser_lit,DestructionFieldScale,1.4
BulletParam_Common_actJRB_lit,ExpendEnergy,1350
BulletParam_Common_actJRB_lit,LifeSpan,2
BulletParam_Common_actJRB_lit,CharacterCollisionSize,50
BulletParam_Common_actJRB_lit,bIgnoreHitBehindAttackChara,true
BulletParam_Common_actJRB_lit,GeometryCollisionSize,25
BulletParam_Common_actJRB_lit,ClashCollisionSize,50
BulletParam_Common_actJRB_lit,EnergyBullectCollisionPriority,10
BulletParam_Common_actJRB_lit,AutoReflectDirectionType,オートリフレクト
BulletParam_Common_actJRB_lit,bIsReactiveGuardable,true
BulletParam_Common_actJRB_lit,ArmorBreakLevel,ラッシュ気弾
BulletParam_Common_actJRB_lit,bSelfishnessAvoidable,true
BulletParam_Common_actJRB_lit,DestructionFieldScale,1.4
BulletParam_Common_actJRB_stone,ExpendEnergy,900
BulletParam_Common_actJRB_stone,LifeSpan,1.5
BulletParam_Common_actJRB_stone,CharacterCollisionSize,50
BulletParam_Common_actJRB_stone,bIgnoreHitBehindAttackChara,true
BulletParam_Common_actJRB_stone,GeometryCollisionSize,15
BulletParam_Common_actJRB_stone,ClashCollisionSize,40
BulletParam_Common_actJRB_stone,EnergyBullectCollisionPriority,10
BulletParam_Common_actJRB_stone,TargetPointDiffusionRadius,15
BulletParam_Common_actJRB_stone,AutoReflectDirectionType,オートリフレクト
BulletParam_Common_actJRB_stone,MoveParam.HomingRandamScale.Min,0.8
BulletParam_Common_actJRB_stone,MoveParam.HomingRandamScale.Max,1.2
BulletParam_Common_actJRB_stone,MoveParam.HomingEndTime,0.25
BulletParam_Common_actJRB_stone,bIsReactiveGuardable,true
BulletParam_Common_actJRB_stone,ArmorBreakLevel,ラッシュ気弾
BulletParam_Common_actJRB_stone,bImpossibleAbsorption,true
BulletParam_Common_actJRB_stone,bSelfishnessAvoidable,true
BulletParam_Common_actJRB_stone,DestructionFieldScale,1.4
BulletParam_Common_actJSBF,Power,700
BulletParam_Common_actJSBF,Shave,140
BulletParam_Common_actJSBF,BeamPower,700
BulletParam_Common_actJSBF,BeamShave,140
BulletParam_Common_actJSBF,ExpendEnergy,10000
BulletParam_Common_actJSBF,LifeSpan,30
BulletParam_Common_actJSBF,bIgnoreHitBehindAttackChara,true
BulletParam_Common_actJSBF,EnergyBullectCollisionPriority,20
BulletParam_Common_actJSBF,HomingAngleLimitAtStart,360
BulletParam_Common_actJSBF,MoveParam.HomingEndTime,3
BulletParam_Common_actJSBF,ArmorBreakLevel,スマッシュ気弾
BulletParam_Common_actJSBF,DestructionFieldScale,2
BulletParam_Common_actJSBF,ChangePerChargeLv[0].DamageRate,1.5
BulletParam_Common_actJSBF,ChangePerChargeLv[0].FireNum,0
BulletParam_Common_actJSBF,ChangePerChargeLv[0].ArmorBreakLevel,None
BulletParam_Common_actJSBF,ChangePerChargeLv[0].EnergyBullectCollisionPriority,0
BulletParam_Common_actJSBF,ChangePerChargeLv[0].SpeedScale,1
BulletParam_Common_actJSBF,ChangePerChargeLv[0].HomingScale,1
BulletParam_Common_actJSBF,ChangePerChargeLv[0].bIgnoreActionTarget,false
BulletParam_Common_actJSBF,ChangePerChargeLv[0].bReduceZSearchAfterHit,false
BulletParam_Common_actJSBF,ChangePerChargeLv[0].ReduceZSearchEffectTime,0
BulletParam_Common_actJSBF,ChangePerChargeLv[0].bEnableBuff,false
BulletParam_Common_actJSBF,ChangePerChargeLv[0].BuffIndex,0
BulletParam_Common_actJSBF,ChangePerChargeLv[1].DamageRate,2
BulletParam_Common_actJSBF,ChangePerChargeLv[1].FireNum,0
BulletParam_Common_actJSBF,ChangePerChargeLv[1].ArmorBreakLevel,None
BulletParam_Common_actJSBF,ChangePerChargeLv[1].EnergyBullectCollisionPriority,0
BulletParam_Common_actJSBF,ChangePerChargeLv[1].SpeedScale,1
BulletParam_Common_actJSBF,ChangePerChargeLv[1].HomingScale,1
BulletParam_Common_actJSBF,ChangePerChargeLv[1].bIgnoreActionTarget,false
BulletParam_Common_actJSBF,ChangePerChargeLv[1].bReduceZSearchAfterHit,false
BulletParam_Common_actJSBF,ChangePerChargeLv[1].ReduceZSearchEffectTime,0
BulletParam_Common_actJSBF,ChangePerChargeLv[1].bEnableBuff,false
BulletParam_Common_actJSBF,ChangePerChargeLv[1].BuffIndex,0
BulletParam_Common_actJSBN,Power,700
BulletParam_Common_actJSBN,Shave,140
BulletParam_Common_actJSBN,BeamPower,700
BulletParam_Common_actJSBN,BeamShave,140
BulletParam_Common_actJSBN,ExpendEnergy,3000
BulletParam_Common_actJSBN,LifeSpan,2
BulletParam_Common_actJSBN,CharacterCollisionSize,50
BulletParam_Common_actJSBN,bIgnoreHitBehindAttackChara,true
BulletParam_Common_actJSBN,ClashCollisionSize,50
BulletParam_Common_actJSBN,EnergyBullectCollisionPriority,20
BulletParam_Common_actJSBN,HomingAngleLimitAtStart,360
BulletParam_Common_actJSBN,AutoReflectDirectionType,オートリフレクト
BulletParam_Common_actJSBN,MoveParam.HomingEndTime,3
BulletParam_Common_actJSBN,ArmorBreakLevel,スマッシュ気弾
BulletParam_Common_actJSBN,DestructionFieldScale,2
BulletParam_Common_actJSBN,ChangePerChargeLv[0].DamageRate,1.5
BulletParam_Common_actJSBN,ChangePerChargeLv[0].FireNum,0
BulletParam_Common_actJSBN,ChangePerChargeLv[0].ArmorBreakLevel,None
BulletParam_Common_actJSBN,ChangePerChargeLv[0].EnergyBullectCollisionPriority,0
BulletParam_Common_actJSBN,ChangePerChargeLv[0].SpeedScale,1
BulletParam_Common_actJSBN,ChangePerChargeLv[0].HomingScale,1
BulletParam_Common_actJSBN,ChangePerChargeLv[0].bIgnoreActionTarget,false
BulletParam_Common_actJSBN,ChangePerChargeLv[0].bReduceZSearchAfterHit,false
BulletParam_Common_actJSBN,ChangePerChargeLv[0].ReduceZSearchEffectTime,0
BulletParam_Common_actJSBN,ChangePerChargeLv[0].bEnableBuff,false
BulletParam_Common_actJSBN,ChangePerChargeLv[0].BuffIndex,0
BulletParam_Common_actJSBN,ChangePerChargeLv[1].DamageRate,2
BulletParam_Common_actJSBN,ChangePerChargeLv[1].FireNum,0
BulletParam_Common_actJSBN,ChangePerChargeLv[1].ArmorBreakLevel,None
BulletParam_Common_actJSBN,ChangePerChargeLv[1].EnergyBullectCollisionPriority,0
BulletParam_Common_actJSBN,ChangePerChargeLv[1].SpeedScale,1
BulletParam_Common_actJSBN,ChangePerChargeLv[1].HomingScale,1
BulletParam_Common_actJSBN,ChangePerChargeLv[1].bIgnoreActionTarget,false
BulletParam_Common_actJSBN,ChangePerChargeLv[1].bReduceZSearchAfterHit,false
BulletParam_Common_actJSBN,ChangePerChargeLv[1].ReduceZSearchEffectTime,0
BulletParam_Common_actJSBN,ChangePerChargeLv[1].bEnableBuff,false
BulletParam_Common_actJSBN,ChangePerChargeLv[1].BuffIndex,0
BulletParam_Common_actJSBN_Huge,Power,1125
BulletParam_Common_actJSBN_Huge,Shave,225
BulletParam_Common_actJSBN_Huge,BeamPower,1125
BulletParam_Common_actJSBN_Huge,BeamShave,225
BulletParam_Common_actJSBN_Huge,ExpendEnergy,4500
BulletParam_Common_actJSBN_Huge,LifeSpan,3.3
BulletParam_Common_actJSBN_Huge,bIgnoreHitBehindAttackChara,true
BulletParam_Common_actJSBN_Huge,EnergyBullectCollisionPriority,30
BulletParam_Common_actJSBN_Huge,HomingAngleLimitAtStart,360
BulletParam_Common_actJSBN_Huge,bHomingAtReflect,true
BulletParam_Common_actJSBN_Huge,AutoReflectDirectionType,オートリフレクト
BulletParam_Common_actJSBN_Huge,MoveParam.HomingEndTime,3
BulletParam_Common_actJSBN_Huge,ArmorBreakLevel,スマッシュ格闘系(フルパワー)
BulletParam_Common_actJSBN_Huge,DestructionFieldScale,200
BulletParam_Common_actJSBN_Huge,ChangePerChargeLv[0].DamageRate,1.5
BulletParam_Common_actJSBN_Huge,ChangePerChargeLv[0].FireNum,0
BulletParam_Common_actJSBN_Huge,ChangePerChargeLv[0].ArmorBreakLevel,None
BulletParam_Common_actJSBN_Huge,ChangePerChargeLv[0].EnergyBullectCollisionPriority,0
BulletParam_Common_actJSBN_Huge,ChangePerChargeLv[0].SpeedScale,1
BulletParam_Common_actJSBN_Huge,ChangePerChargeLv[0].HomingScale,1
BulletParam_Common_actJSBN_Huge,ChangePerChargeLv[0].bIgnoreActionTarget,false
BulletParam_Common_actJSBN_Huge,ChangePerChargeLv[0].bReduceZSearchAfterHit,false
BulletParam_Common_actJSBN_Huge,ChangePerChargeLv[0].ReduceZSearchEffectTime,0
BulletParam_Common_actJSBN_Huge,ChangePerChargeLv[0].bEnableBuff,false
BulletParam_Common_actJSBN_Huge,ChangePerChargeLv[0].BuffIndex,0
BulletParam_Common_actJSBN_Huge,ChangePerChargeLv[1].DamageRate,2
BulletParam_Common_actJSBN_Huge,ChangePerChargeLv[1].FireNum,0
BulletParam_Common_actJSBN_Huge,ChangePerChargeLv[1].ArmorBreakLevel,None
BulletParam_Common_actJSBN_Huge,ChangePerChargeLv[1].EnergyBullectCollisionPriority,0
BulletParam_Common_actJSBN_Huge,ChangePerChargeLv[1].SpeedScale,1
BulletParam_Common_actJSBN_Huge,ChangePerChargeLv[1].HomingScale,1
BulletParam_Common_actJSBN_Huge,ChangePerChargeLv[1].bIgnoreActionTarget,false
BulletParam_Common_actJSBN_Huge,ChangePerChargeLv[1].bReduceZSearchAfterHit,false
BulletParam_Common_actJSBN_Huge,ChangePerChargeLv[1].ReduceZSearchEffectTime,0
BulletParam_Common_actJSBN_Huge,ChangePerChargeLv[1].bEnableBuff,false
BulletParam_Common_actJSBN_Huge,ChangePerChargeLv[1].BuffIndex,0
BulletParam_Common_actJSBN_stone,Power,700
BulletParam_Common_actJSBN_stone,Shave,140
BulletParam_Common_actJSBN_stone,BeamPower,700
BulletParam_Common_actJSBN_stone,BeamShave,140
BulletParam_Common_actJSBN_stone,ExpendEnergy,2000
BulletParam_Common_actJSBN_stone,LifeSpan,1.5
BulletParam_Common_actJSBN_stone,CharacterCollisionSize,50
BulletParam_Common_actJSBN_stone,bIgnoreHitBehindAttackChara,true
BulletParam_Common_actJSBN_stone,GeometryCollisionSize,15
BulletParam_Common_actJSBN_stone,ClashCollisionSize,50
BulletParam_Common_actJSBN_stone,EnergyBullectCollisionPriority,20
BulletParam_Common_actJSBN_stone,HomingAngleLimitAtStart,360
BulletParam_Common_actJSBN_stone,TargetPointDiffusionRadius,15
BulletParam_Common_actJSBN_stone,MoveParam.HomingEndTime,0.1
BulletParam_Common_actJSBN_stone,ArmorBreakLevel,スマッシュ気弾
BulletParam_Common_actJSBN_stone,bImpossibleAbsorption,true
BulletParam_Common_actJSBN_stone,DestructionFieldScale,2
BulletParam_Common_actJSBN_stone,ChangePerChargeLv[0].DamageRate,1.5
BulletParam_Common_actJSBN_stone,ChangePerChargeLv[0].FireNum,0
BulletParam_Common_actJSBN_stone,ChangePerChargeLv[0].ArmorBreakLevel,None
BulletParam_Common_actJSBN_stone,ChangePerChargeLv[0].EnergyBullectCollisionPriority,0
BulletParam_Common_actJSBN_stone,ChangePerChargeLv[0].SpeedScale,1
BulletParam_Common_actJSBN_stone,ChangePerChargeLv[0].HomingScale,1
BulletParam_Common_actJSBN_stone,ChangePerChargeLv[0].bIgnoreActionTarget,false
BulletParam_Common_actJSBN_stone,ChangePerChargeLv[0].bReduceZSearchAfterHit,false
BulletParam_Common_actJSBN_stone,ChangePerChargeLv[0].ReduceZSearchEffectTime,0
BulletParam_Common_actJSBN_stone,ChangePerChargeLv[0].bEnableBuff,false
BulletParam_Common_actJSBN_stone,ChangePerChargeLv[0].BuffIndex,0
BulletParam_Common_actJSBN_stone,ChangePerChargeLv[1].DamageRate,2
BulletParam_Common_actJSBN_stone,ChangePerChargeLv[1].FireNum,0
BulletParam_Common_actJSBN_stone,ChangePerChargeLv[1].ArmorBreakLevel,None
BulletParam_Common_actJSBN_stone,ChangePerChargeLv[1].EnergyBullectCollisionPriority,0
BulletParam_Common_actJSBN_stone,ChangePerChargeLv[1].SpeedScale,1
BulletParam_Common_actJSBN_stone,ChangePerChargeLv[1].HomingScale,1
BulletParam_Common_actJSBN_stone,ChangePerChargeLv[1].bIgnoreActionTarget,false
BulletParam_Common_actJSBN_stone,ChangePerChargeLv[1].bReduceZSearchAfterHit,false
BulletParam_Common_actJSBN_stone,ChangePerChargeLv[1].ReduceZSearchEffectTime,0
BulletParam_Common_actJSBN_stone,ChangePerChargeLv[1].bEnableBuff,false
BulletParam_Common_actJSBN_stone,ChangePerChargeLv[1].BuffIndex,0
BulletParam_Common_actJSBN1,Power,800
BulletParam_Common_actJSBN1,Shave,160
BulletParam_Common_actJSBN1,BeamPower,800
BulletParam_Common_actJSBN1,BeamShave,160
BulletParam_Common_actJSBN1,ExpendEnergy,4000
BulletParam_Common_actJSBN1,LifeSpan,4
BulletParam_Common_actJSBN1,bIgnoreHitBehindAttackChara,true
BulletParam_Common_actJSBN1,EnergyBullectCollisionPriority,20
BulletParam_Common_actJSBN1,HomingAngleLimitAtStart,360
BulletParam_Common_actJSBN1,AutoReflectDirectionType,オートリフレクト
BulletParam_Common_actJSBN1,MoveParam.HomingEndTime,4
BulletParam_Common_actJSBN1,ArmorBreakLevel,スマッシュ気弾
BulletParam_Common_actJSBN1,DestructionFieldScale,2
BulletParam_Common_actJSBN1,ChangePerChargeLv[0].DamageRate,1.5
BulletParam_Common_actJSBN1,ChangePerChargeLv[0].FireNum,0
BulletParam_Common_actJSBN1,ChangePerChargeLv[0].ArmorBreakLevel,None
BulletParam_Common_actJSBN1,ChangePerChargeLv[0].EnergyBullectCollisionPriority,0
BulletParam_Common_actJSBN1,ChangePerChargeLv[0].SpeedScale,1
BulletParam_Common_actJSBN1,ChangePerChargeLv[0].HomingScale,1
BulletParam_Common_actJSBN1,ChangePerChargeLv[0].bIgnoreActionTarget,false
BulletParam_Common_actJSBN1,ChangePerChargeLv[0].bReduceZSearchAfterHit,false
BulletParam_Common_actJSBN1,ChangePerChargeLv[0].ReduceZSearchEffectTime,0
BulletParam_Common_actJSBN1,ChangePerChargeLv[0].bEnableBuff,false
BulletParam_Common_actJSBN1,ChangePerChargeLv[0].BuffIndex,0
BulletParam_Common_actJSBN1,ChangePerChargeLv[1].DamageRate,2
BulletParam_Common_actJSBN1,ChangePerChargeLv[1].FireNum,0
BulletParam_Common_actJSBN1,ChangePerChargeLv[1].ArmorBreakLevel,None
BulletParam_Common_actJSBN1,ChangePerChargeLv[1].EnergyBullectCollisionPriority,0
BulletParam_Common_actJSBN1,ChangePerChargeLv[1].SpeedScale,1
BulletParam_Common_actJSBN1,ChangePerChargeLv[1].HomingScale,1
BulletParam_Common_actJSBN1,ChangePerChargeLv[1].bIgnoreActionTarget,false
BulletParam_Common_actJSBN1,ChangePerChargeLv[1].bReduceZSearchAfterHit,false
BulletParam_Common_actJSBN1,ChangePerChargeLv[1].ReduceZSearchEffectTime,0
BulletParam_Common_actJSBN1,ChangePerChargeLv[1].bEnableBuff,false
BulletParam_Common_actJSBN1,ChangePerChargeLv[1].BuffIndex,0
BulletParam_Common_actJSBN1_double,Power,400
BulletParam_Common_actJSBN1_double,Shave,80
BulletParam_Common_actJSBN1_double,BeamPower,400
BulletParam_Common_actJSBN1_double,BeamShave,80
BulletParam_Common_actJSBN1_double,ExpendEnergy,2000
BulletParam_Common_actJSBN1_double,LifeSpan,3
BulletParam_Common_actJSBN1_double,FireNum,2
BulletParam_Common_actJSBN1_double,bIgnoreHitBehindAttackChara,true
BulletParam_Common_actJSBN1_double,EnergyBullectCollisionPriority,20
BulletParam_Common_actJSBN1_double,HomingAngleLimitAtStart,360
BulletParam_Common_actJSBN1_double,TargetPointDiffusionRadius,100
BulletParam_Common_actJSBN1_double,AutoReflectDirectionType,オートリフレクト
BulletParam_Common_actJSBN1_double,MoveParam.HomingEndTime,3
BulletParam_Common_actJSBN1_double,ArmorBreakLevel,スマッシュ気弾
BulletParam_Common_actJSBN1_double,DestructionFieldScale,2
BulletParam_Common_actJSBN1_double,ChangePerChargeLv[0].DamageRate,1.5
BulletParam_Common_actJSBN1_double,ChangePerChargeLv[0].FireNum,0
BulletParam_Common_actJSBN1_double,ChangePerChargeLv[0].ArmorBreakLevel,None
BulletParam_Common_actJSBN1_double,ChangePerChargeLv[0].EnergyBullectCollisionPriority,0
BulletParam_Common_actJSBN1_double,ChangePerChargeLv[0].SpeedScale,1
BulletParam_Common_actJSBN1_double,ChangePerChargeLv[0].HomingScale,1
BulletParam_Common_actJSBN1_double,ChangePerChargeLv[0].bIgnoreActionTarget,false
BulletParam_Common_actJSBN1_double,ChangePerChargeLv[0].bReduceZSearchAfterHit,false
BulletParam_Common_actJSBN1_double,ChangePerChargeLv[0].ReduceZSearchEffectTime,0
BulletParam_Common_actJSBN1_double,ChangePerChargeLv[0].bEnableBuff,false
BulletParam_Common_actJSBN1_double,ChangePerChargeLv[0].BuffIndex,0
BulletParam_Common_actJSBN1_double,ChangePerChargeLv[1].DamageRate,2
BulletParam_Common_actJSBN1_double,ChangePerChargeLv[1].FireNum,0
BulletParam_Common_actJSBN1_double,ChangePerChargeLv[1].ArmorBreakLevel,None
BulletParam_Common_actJSBN1_double,ChangePerChargeLv[1].EnergyBullectCollisionPriority,0
BulletParam_Common_actJSBN1_double,ChangePerChargeLv[1].SpeedScale,1
BulletParam_Common_actJSBN1_double,ChangePerChargeLv[1].HomingScale,1
BulletParam_Common_actJSBN1_double,ChangePerChargeLv[1].bIgnoreActionTarget,false
BulletParam_Common_actJSBN1_double,ChangePerChargeLv[1].bReduceZSearchAfterHit,false
BulletParam_Common_actJSBN1_double,ChangePerChargeLv[1].ReduceZSearchEffectTime,0
BulletParam_Common_actJSBN1_double,ChangePerChargeLv[1].bEnableBuff,false
BulletParam_Common_actJSBN1_double,ChangePerChargeLv[1].BuffIndex,0
BulletParam_Common_actJSBN2,Power,400
BulletParam_Common_actJSBN2,Shave,80
BulletParam_Common_actJSBN2,BeamPower,400
BulletParam_Common_actJSBN2,BeamShave,80
BulletParam_Common_actJSBN2,ExpendEnergy,3000
BulletParam_Common_actJSBN2,LifeSpan,3
BulletParam_Common_actJSBN2,FireNum,3
BulletParam_Common_actJSBN2,bIgnoreHitBehindAttackChara,true
BulletParam_Common_actJSBN2,EnergyBullectCollisionPriority,20
BulletParam_Common_actJSBN2,HomingAngleLimitAtStart,360
BulletParam_Common_actJSBN2,AutoReflectDirectionType,オートリフレクト
BulletParam_Common_actJSBN2,MoveParam.HomingEndTime,3
BulletParam_Common_actJSBN2,ArmorBreakLevel,スマッシュ気弾
BulletParam_Common_actJSBN2,DestructionFieldScale,2
BulletParam_Common_actJSBN2,ChangePerChargeLv[0].DamageRate,1.5
BulletParam_Common_actJSBN2,ChangePerChargeLv[0].FireNum,0
BulletParam_Common_actJSBN2,ChangePerChargeLv[0].ArmorBreakLevel,None
BulletParam_Common_actJSBN2,ChangePerChargeLv[0].EnergyBullectCollisionPriority,0
BulletParam_Common_actJSBN2,ChangePerChargeLv[0].SpeedScale,1
BulletParam_Common_actJSBN2,ChangePerChargeLv[0].HomingScale,1
BulletParam_Common_actJSBN2,ChangePerChargeLv[0].bIgnoreActionTarget,false
BulletParam_Common_actJSBN2,ChangePerChargeLv[0].bReduceZSearchAfterHit,false
BulletParam_Common_actJSBN2,ChangePerChargeLv[0].ReduceZSearchEffectTime,0
BulletParam_Common_actJSBN2,ChangePerChargeLv[0].bEnableBuff,false
BulletParam_Common_actJSBN2,ChangePerChargeLv[0].BuffIndex,0
BulletParam_Common_actJSBN2,ChangePerChargeLv[1].DamageRate,2
BulletParam_Common_actJSBN2,ChangePerChargeLv[1].FireNum,0
BulletParam_Common_actJSBN2,ChangePerChargeLv[1].ArmorBreakLevel,None
BulletParam_Common_actJSBN2,ChangePerChargeLv[1].EnergyBullectCollisionPriority,0
BulletParam_Common_actJSBN2,ChangePerChargeLv[1].SpeedScale,1
BulletParam_Common_actJSBN2,ChangePerChargeLv[1].HomingScale,1
BulletParam_Common_actJSBN2,ChangePerChargeLv[1].bIgnoreActionTarget,false
BulletParam_Common_actJSBN2,ChangePerChargeLv[1].bReduceZSearchAfterHit,false
BulletParam_Common_actJSBN2,ChangePerChargeLv[1].ReduceZSearchEffectTime,0
BulletParam_Common_actJSBN2,ChangePerChargeLv[1].bEnableBuff,false
BulletParam_Common_actJSBN2,ChangePerChargeLv[1].BuffIndex,0
BulletParam_Common_actJSBN3_Shots2,Power,300
BulletParam_Common_actJSBN3_Shots2,Shave,60
BulletParam_Common_actJSBN3_Shots2,BeamPower,500
BulletParam_Common_actJSBN3_Shots2,BeamShave,100
BulletParam_Common_actJSBN3_Shots2,ExpendEnergy,3000
BulletParam_Common_actJSBN3_Shots2,LifeSpan,0.5
BulletParam_Common_actJSBN3_Shots2,FireNum,2
BulletParam_Common_actJSBN3_Shots2,CharacterCollisionSize,40
BulletParam_Common_actJSBN3_Shots2,bIgnoreHitBehindAttackChara,true
BulletParam_Common_actJSBN3_Shots2,GeometryCollisionSize,20
BulletParam_Common_actJSBN3_Shots2,ClashCollisionSize,30
BulletParam_Common_actJSBN3_Shots2,EnergyBullectCollisionPriority,20
BulletParam_Common_actJSBN3_Shots2,HomingAngleLimitAtStart,360
BulletParam_Common_actJSBN3_Shots2,bHomingAtReflect,true
BulletParam_Common_actJSBN3_Shots2,AutoReflectDirectionType,オートリフレクト
BulletParam_Common_actJSBN3_Shots2,MoveParam.HomingEndTime,0.12
BulletParam_Common_actJSBN3_Shots2,ArmorBreakLevel,スマッシュ気弾
BulletParam_Common_actJSBN3_Shots2,DestructionFieldScale,2
BulletParam_Common_actJSBN3_Shots2,ChangePerChargeLv[0].DamageRate,1.2
BulletParam_Common_actJSBN3_Shots2,ChangePerChargeLv[0].FireNum,0
BulletParam_Common_actJSBN3_Shots2,ChangePerChargeLv[0].ArmorBreakLevel,None
BulletParam_Common_actJSBN3_Shots2,ChangePerChargeLv[0].EnergyBullectCollisionPriority,0
BulletParam_Common_actJSBN3_Shots2,ChangePerChargeLv[0].SpeedScale,1
BulletParam_Common_actJSBN3_Shots2,ChangePerChargeLv[0].HomingScale,1
BulletParam_Common_actJSBN3_Shots2,ChangePerChargeLv[0].bIgnoreActionTarget,false
BulletParam_Common_actJSBN3_Shots2,ChangePerChargeLv[0].bReduceZSearchAfterHit,false
BulletParam_Common_actJSBN3_Shots2,ChangePerChargeLv[0].ReduceZSearchEffectTime,0
BulletParam_Common_actJSBN3_Shots2,ChangePerChargeLv[0].bEnableBuff,false
BulletParam_Common_actJSBN3_Shots2,ChangePerChargeLv[0].BuffIndex,0
BulletParam_Common_actJSBN3_Shots2,ChangePerChargeLv[1].DamageRate,1.8
BulletParam_Common_actJSBN3_Shots2,ChangePerChargeLv[1].FireNum,0
BulletParam_Common_actJSBN3_Shots2,ChangePerChargeLv[1].ArmorBreakLevel,None
BulletParam_Common_actJSBN3_Shots2,ChangePerChargeLv[1].EnergyBullectCollisionPriority,0
BulletParam_Common_actJSBN3_Shots2,ChangePerChargeLv[1].SpeedScale,1
BulletParam_Common_actJSBN3_Shots2,ChangePerChargeLv[1].HomingScale,1
BulletParam_Common_actJSBN3_Shots2,ChangePerChargeLv[1].bIgnoreActionTarget,false
BulletParam_Common_actJSBN3_Shots2,ChangePerChargeLv[1].bReduceZSearchAfterHit,false
BulletParam_Common_actJSBN3_Shots2,ChangePerChargeLv[1].ReduceZSearchEffectTime,0
BulletParam_Common_actJSBN3_Shots2,ChangePerChargeLv[1].bEnableBuff,false
BulletParam_Common_actJSBN3_Shots2,ChangePerChargeLv[1].BuffIndex,0
BulletParam_Common_actJSBN3_Shots2_Huge,Power,330
BulletParam_Common_actJSBN3_Shots2_Huge,Shave,66
BulletParam_Common_actJSBN3_Shots2_Huge,BeamPower,550
BulletParam_Common_actJSBN3_Shots2_Huge,BeamShave,110
BulletParam_Common_actJSBN3_Shots2_Huge,ExpendEnergy,4500
BulletParam_Common_actJSBN3_Shots2_Huge,LifeSpan,0.55
BulletParam_Common_actJSBN3_Shots2_Huge,FireNum,2
BulletParam_Common_actJSBN3_Shots2_Huge,bIgnoreHitBehindAttackChara,true
BulletParam_Common_actJSBN3_Shots2_Huge,ClashCollisionSize,80
BulletParam_Common_actJSBN3_Shots2_Huge,EnergyBullectCollisionPriority,20
BulletParam_Common_actJSBN3_Shots2_Huge,HomingAngleLimitAtStart,360
BulletParam_Common_actJSBN3_Shots2_Huge,bHomingAtReflect,true
BulletParam_Common_actJSBN3_Shots2_Huge,AutoReflectDirectionType,オートリフレクト
BulletParam_Common_actJSBN3_Shots2_Huge,MoveParam.HomingEndTime,0.12
BulletParam_Common_actJSBN3_Shots2_Huge,ArmorBreakLevel,スマッシュ気弾
BulletParam_Common_actJSBN3_Shots2_Huge,DestructionFieldScale,2
BulletParam_Common_actJSBN3_Shots2_Huge,ChangePerChargeLv[0].DamageRate,1.2
BulletParam_Common_actJSBN3_Shots2_Huge,ChangePerChargeLv[0].FireNum,0
BulletParam_Common_actJSBN3_Shots2_Huge,ChangePerChargeLv[0].ArmorBreakLevel,None
BulletParam_Common_actJSBN3_Shots2_Huge,ChangePerChargeLv[0].EnergyBullectCollisionPriority,0
BulletParam_Common_actJSBN3_Shots2_Huge,ChangePerChargeLv[0].SpeedScale,1
BulletParam_Common_actJSBN3_Shots2_Huge,ChangePerChargeLv[0].HomingScale,1
BulletParam_Common_actJSBN3_Shots2_Huge,ChangePerChargeLv[0].bIgnoreActionTarget,false
BulletParam_Common_actJSBN3_Shots2_Huge,ChangePerChargeLv[0].bReduceZSearchAfterHit,false
BulletParam_Common_actJSBN3_Shots2_Huge,ChangePerChargeLv[0].ReduceZSearchEffectTime,0
BulletParam_Common_actJSBN3_Shots2_Huge,ChangePerChargeLv[0].bEnableBuff,false
BulletParam_Common_actJSBN3_Shots2_Huge,ChangePerChargeLv[0].BuffIndex,0
BulletParam_Common_actJSBN3_Shots2_Huge,ChangePerChargeLv[1].DamageRate,1.8
BulletParam_Common_actJSBN3_Shots2_Huge,ChangePerChargeLv[1].FireNum,0
BulletParam_Common_actJSBN3_Shots2_Huge,ChangePerChargeLv[1].ArmorBreakLevel,None
BulletParam_Common_actJSBN3_Shots2_Huge,ChangePerChargeLv[1].EnergyBullectCollisionPriority,0
BulletParam_Common_actJSBN3_Shots2_Huge,ChangePerChargeLv[1].SpeedScale,1
BulletParam_Common_actJSBN3_Shots2_Huge,ChangePerChargeLv[1].HomingScale,1
BulletParam_Common_actJSBN3_Shots2_Huge,ChangePerChargeLv[1].bIgnoreActionTarget,false
BulletParam_Common_actJSBN3_Shots2_Huge,ChangePerChargeLv[1].bReduceZSearchAfterHit,false
BulletParam_Common_actJSBN3_Shots2_Huge,ChangePerChargeLv[1].ReduceZSearchEffectTime,0
BulletParam_Common_actJSBN3_Shots2_Huge,ChangePerChargeLv[1].bEnableBuff,false
BulletParam_Common_actJSBN3_Shots2_Huge,ChangePerChargeLv[1].BuffIndex,0
BulletParam_Common_actJSBN3_Shots3,Power,270
BulletParam_Common_actJSBN3_Shots3,Shave,54
BulletParam_Common_actJSBN3_Shots3,BeamPower,500
BulletParam_Common_actJSBN3_Shots3,BeamShave,100
BulletParam_Common_actJSBN3_Shots3,ExpendEnergy,3000
BulletParam_Common_actJSBN3_Shots3,LifeSpan,0.5
BulletParam_Common_actJSBN3_Shots3,FireNum,3
BulletParam_Common_actJSBN3_Shots3,CharacterCollisionSize,40
BulletParam_Common_actJSBN3_Shots3,bIgnoreHitBehindAttackChara,true
BulletParam_Common_actJSBN3_Shots3,GeometryCollisionSize,20
BulletParam_Common_actJSBN3_Shots3,ClashCollisionSize,30
BulletParam_Common_actJSBN3_Shots3,EnergyBullectCollisionPriority,20
BulletParam_Common_actJSBN3_Shots3,HomingAngleLimitAtStart,360
BulletParam_Common_actJSBN3_Shots3,bHomingAtReflect,true
BulletParam_Common_actJSBN3_Shots3,AutoReflectDirectionType,オートリフレクト
BulletParam_Common_actJSBN3_Shots3,MoveParam.HomingEndTime,0.12
BulletParam_Common_actJSBN3_Shots3,ArmorBreakLevel,スマッシュ気弾
BulletParam_Common_actJSBN3_Shots3,DestructionFieldScale,2
BulletParam_Common_actJSBN3_Shots3,ChangePerChargeLv[0].DamageRate,1.2
BulletParam_Common_actJSBN3_Shots3,ChangePerChargeLv[0].FireNum,0
BulletParam_Common_actJSBN3_Shots3,ChangePerChargeLv[0].ArmorBreakLevel,None
BulletParam_Common_actJSBN3_Shots3,ChangePerChargeLv[0].EnergyBullectCollisionPriority,0
BulletParam_Common_actJSBN3_Shots3,ChangePerChargeLv[0].SpeedScale,1
BulletParam_Common_actJSBN3_Shots3,ChangePerChargeLv[0].HomingScale,1
BulletParam_Common_actJSBN3_Shots3,ChangePerChargeLv[0].bIgnoreActionTarget,false
BulletParam_Common_actJSBN3_Shots3,ChangePerChargeLv[0].bReduceZSearchAfterHit,false
BulletParam_Common_actJSBN3_Shots3,ChangePerChargeLv[0].ReduceZSearchEffectTime,0
BulletParam_Common_actJSBN3_Shots3,ChangePerChargeLv[0].bEnableBuff,false
BulletParam_Common_actJSBN3_Shots3,ChangePerChargeLv[0].BuffIndex,0
BulletParam_Common_actJSBN3_Shots3,ChangePerChargeLv[1].DamageRate,1.8
BulletParam_Common_actJSBN3_Shots3,ChangePerChargeLv[1].FireNum,0
BulletParam_Common_actJSBN3_Shots3,ChangePerChargeLv[1].ArmorBreakLevel,None
BulletParam_Common_actJSBN3_Shots3,ChangePerChargeLv[1].EnergyBullectCollisionPriority,0
BulletParam_Common_actJSBN3_Shots3,ChangePerChargeLv[1].SpeedScale,1
BulletParam_Common_actJSBN3_Shots3,ChangePerChargeLv[1].HomingScale,1
BulletParam_Common_actJSBN3_Shots3,ChangePerChargeLv[1].bIgnoreActionTarget,false
BulletParam_Common_actJSBN3_Shots3,ChangePerChargeLv[1].bReduceZSearchAfterHit,false
BulletParam_Common_actJSBN3_Shots3,ChangePerChargeLv[1].ReduceZSearchEffectTime,0
BulletParam_Common_actJSBN3_Shots3,ChangePerChargeLv[1].bEnableBuff,false
BulletParam_Common_actJSBN3_Shots3,ChangePerChargeLv[1].BuffIndex,0
BulletParam_Common_actJSBN3_Shots5,Power,220
BulletParam_Common_actJSBN3_Shots5,Shave,44
BulletParam_Common_actJSBN3_Shots5,BeamPower,350
BulletParam_Common_actJSBN3_Shots5,BeamShave,70
BulletParam_Common_actJSBN3_Shots5,ExpendEnergy,3000
BulletParam_Common_actJSBN3_Shots5,LifeSpan,0.5
BulletParam_Common_actJSBN3_Shots5,FireNum,5
BulletParam_Common_actJSBN3_Shots5,CharacterCollisionSize,40
BulletParam_Common_actJSBN3_Shots5,bIgnoreHitBehindAttackChara,true
BulletParam_Common_actJSBN3_Shots5,GeometryCollisionSize,20
BulletParam_Common_actJSBN3_Shots5,ClashCollisionSize,30
BulletParam_Common_actJSBN3_Shots5,EnergyBullectCollisionPriority,20
BulletParam_Common_actJSBN3_Shots5,HomingAngleLimitAtStart,360
BulletParam_Common_actJSBN3_Shots5,bHomingAtReflect,true
BulletParam_Common_actJSBN3_Shots5,AutoReflectDirectionType,オートリフレクト
BulletParam_Common_actJSBN3_Shots5,MoveParam.HomingEndTime,0.12
BulletParam_Common_actJSBN3_Shots5,ArmorBreakLevel,スマッシュ気弾
BulletParam_Common_actJSBN3_Shots5,DestructionFieldScale,2
BulletParam_Common_actJSBN3_Shots5,ChangePerChargeLv[0].DamageRate,1.15
BulletParam_Common_actJSBN3_Shots5,ChangePerChargeLv[0].FireNum,0
BulletParam_Common_actJSBN3_Shots5,ChangePerChargeLv[0].ArmorBreakLevel,None
BulletParam_Common_actJSBN3_Shots5,ChangePerChargeLv[0].EnergyBullectCollisionPriority,0
BulletParam_Common_actJSBN3_Shots5,ChangePerChargeLv[0].SpeedScale,1
BulletParam_Common_actJSBN3_Shots5,ChangePerChargeLv[0].HomingScale,1
BulletParam_Common_actJSBN3_Shots5,ChangePerChargeLv[0].bIgnoreActionTarget,false
BulletParam_Common_actJSBN3_Shots5,ChangePerChargeLv[0].bReduceZSearchAfterHit,false
BulletParam_Common_actJSBN3_Shots5,ChangePerChargeLv[0].ReduceZSearchEffectTime,0
BulletParam_Common_actJSBN3_Shots5,ChangePerChargeLv[0].bEnableBuff,false
BulletParam_Common_actJSBN3_Shots5,ChangePerChargeLv[0].BuffIndex,0
BulletParam_Common_actJSBN3_Shots5,ChangePerChargeLv[1].DamageRate,1.75
BulletParam_Common_actJSBN3_Shots5,ChangePerChargeLv[1].FireNum,0
BulletParam_Common_actJSBN3_Shots5,ChangePerChargeLv[1].ArmorBreakLevel,None
BulletParam_Common_actJSBN3_Shots5,ChangePerChargeLv[1].EnergyBullectCollisionPriority,0
BulletParam_Common_actJSBN3_Shots5,ChangePerChargeLv[1].SpeedScale,1
BulletParam_Common_actJSBN3_Shots5,ChangePerChargeLv[1].HomingScale,1
BulletParam_Common_actJSBN3_Shots5,ChangePerChargeLv[1].bIgnoreActionTarget,false
BulletParam_Common_actJSBN3_Shots5,ChangePerChargeLv[1].bReduceZSearchAfterHit,false
BulletParam_Common_actJSBN3_Shots5,ChangePerChargeLv[1].ReduceZSearchEffectTime,0
BulletParam_Common_actJSBN3_Shots5,ChangePerChargeLv[1].bEnableBuff,false
BulletParam_Common_actJSBN3_Shots5,ChangePerChargeLv[1].BuffIndex,0
BulletParam_Common_actJSBN3_Shots6,Power,170
BulletParam_Common_actJSBN3_Shots6,Shave,34
BulletParam_Common_actJSBN3_Shots6,BeamPower,350
BulletParam_Common_actJSBN3_Shots6,BeamShave,70
BulletParam_Common_actJSBN3_Shots6,ExpendEnergy,3000
BulletParam_Common_actJSBN3_Shots6,LifeSpan,0.5
BulletParam_Common_actJSBN3_Shots6,FireNum,6
BulletParam_Common_actJSBN3_Shots6,CharacterCollisionSize,40
BulletParam_Common_actJSBN3_Shots6,bIgnoreHitBehindAttackChara,true
BulletParam_Common_actJSBN3_Shots6,GeometryCollisionSize,20
BulletParam_Common_actJSBN3_Shots6,ClashCollisionSize,30
BulletParam_Common_actJSBN3_Shots6,EnergyBullectCollisionPriority,20
BulletParam_Common_actJSBN3_Shots6,HomingAngleLimitAtStart,360
BulletParam_Common_actJSBN3_Shots6,bHomingAtReflect,true
BulletParam_Common_actJSBN3_Shots6,AutoReflectDirectionType,オートリフレクト
BulletParam_Common_actJSBN3_Shots6,MoveParam.HomingEndTime,0.12
BulletParam_Common_actJSBN3_Shots6,ArmorBreakLevel,スマッシュ気弾
BulletParam_Common_actJSBN3_Shots6,DestructionFieldScale,2
BulletParam_Common_actJSBN3_Shots6,ChangePerChargeLv[0].DamageRate,1.15
BulletParam_Common_actJSBN3_Shots6,ChangePerChargeLv[0].FireNum,0
BulletParam_Common_actJSBN3_Shots6,ChangePerChargeLv[0].ArmorBreakLevel,None
BulletParam_Common_actJSBN3_Shots6,ChangePerChargeLv[0].EnergyBullectCollisionPriority,0
BulletParam_Common_actJSBN3_Shots6,ChangePerChargeLv[0].SpeedScale,1
BulletParam_Common_actJSBN3_Shots6,ChangePerChargeLv[0].HomingScale,1
BulletParam_Common_actJSBN3_Shots6,ChangePerChargeLv[0].bIgnoreActionTarget,false
BulletParam_Common_actJSBN3_Shots6,ChangePerChargeLv[0].bReduceZSearchAfterHit,false
BulletParam_Common_actJSBN3_Shots6,ChangePerChargeLv[0].ReduceZSearchEffectTime,0
BulletParam_Common_actJSBN3_Shots6,ChangePerChargeLv[0].bEnableBuff,false
BulletParam_Common_actJSBN3_Shots6,ChangePerChargeLv[0].BuffIndex,0
BulletParam_Common_actJSBN3_Shots6,ChangePerChargeLv[1].DamageRate,1.75
BulletParam_Common_actJSBN3_Shots6,ChangePerChargeLv[1].FireNum,0
BulletParam_Common_actJSBN3_Shots6,ChangePerChargeLv[1].ArmorBreakLevel,None
BulletParam_Common_actJSBN3_Shots6,ChangePerChargeLv[1].EnergyBullectCollisionPriority,0
BulletParam_Common_actJSBN3_Shots6,ChangePerChargeLv[1].SpeedScale,1
BulletParam_Common_actJSBN3_Shots6,ChangePerChargeLv[1].HomingScale,1
BulletParam_Common_actJSBN3_Shots6,ChangePerChargeLv[1].bIgnoreActionTarget,false
BulletParam_Common_actJSBN3_Shots6,ChangePerChargeLv[1].bReduceZSearchAfterHit,false
BulletParam_Common_actJSBN3_Shots6,ChangePerChargeLv[1].ReduceZSearchEffectTime,0
BulletParam_Common_actJSBN3_Shots6,ChangePerChargeLv[1].bEnableBuff,false
BulletParam_Common_actJSBN3_Shots6,ChangePerChargeLv[1].BuffIndex,0
BulletParam_Common_actJSBN3_Shots7,Power,155
BulletParam_Common_actJSBN3_Shots7,Shave,33
BulletParam_Common_actJSBN3_Shots7,BeamPower,300
BulletParam_Common_actJSBN3_Shots7,BeamShave,60
BulletParam_Common_actJSBN3_Shots7,ExpendEnergy,3000
BulletParam_Common_actJSBN3_Shots7,LifeSpan,0.5
BulletParam_Common_actJSBN3_Shots7,FireNum,7
BulletParam_Common_actJSBN3_Shots7,CharacterCollisionSize,40
BulletParam_Common_actJSBN3_Shots7,bIgnoreHitBehindAttackChara,true
BulletParam_Common_actJSBN3_Shots7,GeometryCollisionSize,20
BulletParam_Common_actJSBN3_Shots7,ClashCollisionSize,30
BulletParam_Common_actJSBN3_Shots7,EnergyBullectCollisionPriority,20
BulletParam_Common_actJSBN3_Shots7,HomingAngleLimitAtStart,360
BulletParam_Common_actJSBN3_Shots7,bHomingAtReflect,true
BulletParam_Common_actJSBN3_Shots7,AutoReflectDirectionType,オートリフレクト
BulletParam_Common_actJSBN3_Shots7,MoveParam.HomingEndTime,0.12
BulletParam_Common_actJSBN3_Shots7,ArmorBreakLevel,スマッシュ気弾
BulletParam_Common_actJSBN3_Shots7,DestructionFieldScale,2
BulletParam_Common_actJSBN3_Shots7,ChangePerChargeLv[0].DamageRate,1.15
BulletParam_Common_actJSBN3_Shots7,ChangePerChargeLv[0].FireNum,0
BulletParam_Common_actJSBN3_Shots7,ChangePerChargeLv[0].ArmorBreakLevel,None
BulletParam_Common_actJSBN3_Shots7,ChangePerChargeLv[0].EnergyBullectCollisionPriority,0
BulletParam_Common_actJSBN3_Shots7,ChangePerChargeLv[0].SpeedScale,1
BulletParam_Common_actJSBN3_Shots7,ChangePerChargeLv[0].HomingScale,1
BulletParam_Common_actJSBN3_Shots7,ChangePerChargeLv[0].bIgnoreActionTarget,false
BulletParam_Common_actJSBN3_Shots7,ChangePerChargeLv[0].bReduceZSearchAfterHit,false
BulletParam_Common_actJSBN3_Shots7,ChangePerChargeLv[0].ReduceZSearchEffectTime,0
BulletParam_Common_actJSBN3_Shots7,ChangePerChargeLv[0].bEnableBuff,false
BulletParam_Common_actJSBN3_Shots7,ChangePerChargeLv[0].BuffIndex,0
BulletParam_Common_actJSBN3_Shots7,ChangePerChargeLv[1].DamageRate,1.75
BulletParam_Common_actJSBN3_Shots7,ChangePerChargeLv[1].FireNum,0
BulletParam_Common_actJSBN3_Shots7,ChangePerChargeLv[1].ArmorBreakLevel,None
BulletParam_Common_actJSBN3_Shots7,ChangePerChargeLv[1].EnergyBullectCollisionPriority,0
BulletParam_Common_actJSBN3_Shots7,ChangePerChargeLv[1].SpeedScale,1
BulletParam_Common_actJSBN3_Shots7,ChangePerChargeLv[1].HomingScale,1
BulletParam_Common_actJSBN3_Shots7,ChangePerChargeLv[1].bIgnoreActionTarget,false
BulletParam_Common_actJSBN3_Shots7,ChangePerChargeLv[1].bReduceZSearchAfterHit,false
BulletParam_Common_actJSBN3_Shots7,ChangePerChargeLv[1].ReduceZSearchEffectTime,0
BulletParam_Common_actJSBN3_Shots7,ChangePerChargeLv[1].bEnableBuff,false
BulletParam_Common_actJSBN3_Shots7,ChangePerChargeLv[1].BuffIndex,0
BulletParam_Common_actJSBN3_Shots8,Power,100
BulletParam_Common_actJSBN3_Shots8,Shave,20
BulletParam_Common_actJSBN3_Shots8,BeamPower,300
BulletParam_Common_actJSBN3_Shots8,BeamShave,60
BulletParam_Common_actJSBN3_Shots8,ExpendEnergy,3000
BulletParam_Common_actJSBN3_Shots8,LifeSpan,0.5
BulletParam_Common_actJSBN3_Shots8,FireNum,8
BulletParam_Common_actJSBN3_Shots8,CharacterCollisionSize,40
BulletParam_Common_actJSBN3_Shots8,bIgnoreHitBehindAttackChara,true
BulletParam_Common_actJSBN3_Shots8,GeometryCollisionSize,20
BulletParam_Common_actJSBN3_Shots8,ClashCollisionSize,30
BulletParam_Common_actJSBN3_Shots8,EnergyBullectCollisionPriority,20
BulletParam_Common_actJSBN3_Shots8,HomingAngleLimitAtStart,360
BulletParam_Common_actJSBN3_Shots8,bHomingAtReflect,true
BulletParam_Common_actJSBN3_Shots8,AutoReflectDirectionType,オートリフレクト
BulletParam_Common_actJSBN3_Shots8,MoveParam.HomingEndTime,0.12
BulletParam_Common_actJSBN3_Shots8,ArmorBreakLevel,スマッシュ気弾
BulletParam_Common_actJSBN3_Shots8,DestructionFieldScale,2
BulletParam_Common_actJSBN3_Shots8,ChangePerChargeLv[0].DamageRate,1.15
BulletParam_Common_actJSBN3_Shots8,ChangePerChargeLv[0].FireNum,0
BulletParam_Common_actJSBN3_Shots8,ChangePerChargeLv[0].ArmorBreakLevel,None
BulletParam_Common_actJSBN3_Shots8,ChangePerChargeLv[0].EnergyBullectCollisionPriority,0
BulletParam_Common_actJSBN3_Shots8,ChangePerChargeLv[0].SpeedScale,1
BulletParam_Common_actJSBN3_Shots8,ChangePerChargeLv[0].HomingScale,1
BulletParam_Common_actJSBN3_Shots8,ChangePerChargeLv[0].bIgnoreActionTarget,false
BulletParam_Common_actJSBN3_Shots8,ChangePerChargeLv[0].bReduceZSearchAfterHit,false
BulletParam_Common_actJSBN3_Shots8,ChangePerChargeLv[0].ReduceZSearchEffectTime,0
BulletParam_Common_actJSBN3_Shots8,ChangePerChargeLv[0].bEnableBuff,false
BulletParam_Common_actJSBN3_Shots8,ChangePerChargeLv[0].BuffIndex,0
BulletParam_Common_actJSBN3_Shots8,ChangePerChargeLv[1].DamageRate,1.75
BulletParam_Common_actJSBN3_Shots8,ChangePerChargeLv[1].FireNum,0
BulletParam_Common_actJSBN3_Shots8,ChangePerChargeLv[1].ArmorBreakLevel,None
BulletParam_Common_actJSBN3_Shots8,ChangePerChargeLv[1].EnergyBullectCollisionPriority,0
BulletParam_Common_actJSBN3_Shots8,ChangePerChargeLv[1].SpeedScale,1
BulletParam_Common_actJSBN3_Shots8,ChangePerChargeLv[1].HomingScale,1
BulletParam_Common_actJSBN3_Shots8,ChangePerChargeLv[1].bIgnoreActionTarget,false
BulletParam_Common_actJSBN3_Shots8,ChangePerChargeLv[1].bReduceZSearchAfterHit,false
BulletParam_Common_actJSBN3_Shots8,ChangePerChargeLv[1].ReduceZSearchEffectTime,0
BulletParam_Common_actJSBN3_Shots8,ChangePerChargeLv[1].bEnableBuff,false
BulletParam_Common_actJSBN3_Shots8,ChangePerChargeLv[1].BuffIndex,0
BulletParam_Common_actJSBN4,Power,640
BulletParam_Common_actJSBN4,Shave,128
BulletParam_Common_actJSBN4,BeamPower,640
BulletParam_Common_actJSBN4,BeamShave,128
BulletParam_Common_actJSBN4,ExpendEnergy,10000
BulletParam_Common_actJSBN4,LifeSpan,3
BulletParam_Common_actJSBN4,FireNum,2
BulletParam_Common_actJSBN4,bIgnoreHitBehindAttackChara,true
BulletParam_Common_actJSBN4,EnergyBullectCollisionPriority,20
BulletParam_Common_actJSBN4,HomingAngleLimitAtStart,360
BulletParam_Common_actJSBN4,AutoReflectDirectionType,オートリフレクト
BulletParam_Common_actJSBN4,MoveParam.HomingEndTime,3
BulletParam_Common_actJSBN4,ArmorBreakLevel,スマッシュ気弾
BulletParam_Common_actJSBN4,DestructionFieldScale,2
BulletParam_Common_actJSBN4,CategoryType,EKoratBulletCategoryType::NumbBullet
BulletParam_Common_actJSBN4,ChangePerChargeLv[0].DamageRate,1.05
BulletParam_Common_actJSBN4,ChangePerChargeLv[0].FireNum,0
BulletParam_Common_actJSBN4,ChangePerChargeLv[0].ArmorBreakLevel,None
BulletParam_Common_actJSBN4,ChangePerChargeLv[0].EnergyBullectCollisionPriority,0
BulletParam_Common_actJSBN4,ChangePerChargeLv[0].SpeedScale,1
BulletParam_Common_actJSBN4,ChangePerChargeLv[0].HomingScale,1
BulletParam_Common_actJSBN4,ChangePerChargeLv[0].bIgnoreActionTarget,false
BulletParam_Common_actJSBN4,ChangePerChargeLv[0].bReduceZSearchAfterHit,false
BulletParam_Common_actJSBN4,ChangePerChargeLv[0].ReduceZSearchEffectTime,0
BulletParam_Common_actJSBN4,ChangePerChargeLv[0].bEnableBuff,false
BulletParam_Common_actJSBN4,ChangePerChargeLv[0].BuffIndex,0
BulletParam_Common_actJSBN4,ChangePerChargeLv[1].DamageRate,1.1
BulletParam_Common_actJSBN4,ChangePerChargeLv[1].FireNum,0
BulletParam_Common_actJSBN4,ChangePerChargeLv[1].ArmorBreakLevel,None
BulletParam_Common_actJSBN4,ChangePerChargeLv[1].EnergyBullectCollisionPriority,0
BulletParam_Common_actJSBN4,ChangePerChargeLv[1].SpeedScale,1
BulletParam_Common_actJSBN4,ChangePerChargeLv[1].HomingScale,1
BulletParam_Common_actJSBN4,ChangePerChargeLv[1].bIgnoreActionTarget,false
BulletParam_Common_actJSBN4,ChangePerChargeLv[1].bReduceZSearchAfterHit,false
BulletParam_Common_actJSBN4,ChangePerChargeLv[1].ReduceZSearchEffectTime,0
BulletParam_Common_actJSBN4,ChangePerChargeLv[1].bEnableBuff,false
BulletParam_Common_actJSBN4,ChangePerChargeLv[1].BuffIndex,0
BulletParam_Common_actJSBN4_huge,Power,640
BulletParam_Common_actJSBN4_huge,Shave,128
BulletParam_Common_actJSBN4_huge,BeamPower,640
BulletParam_Common_actJSBN4_huge,BeamShave,128
BulletParam_Common_actJSBN4_huge,ExpendEnergy,10000
BulletParam_Common_actJSBN4_huge,LifeSpan,3
BulletParam_Common_actJSBN4_huge,FireNum,2
BulletParam_Common_actJSBN4_huge,bIgnoreHitBehindAttackChara,true
BulletParam_Common_actJSBN4_huge,EnergyBullectCollisionPriority,20
BulletParam_Common_actJSBN4_huge,HomingAngleLimitAtStart,360
BulletParam_Common_actJSBN4_huge,AutoReflectDirectionType,オートリフレクト
BulletParam_Common_actJSBN4_huge,MoveParam.SpeedRandamScale.Min,0.8
BulletParam_Common_actJSBN4_huge,MoveParam.SpeedRandamScale.Max,1.25
BulletParam_Common_actJSBN4_huge,MoveParam.HomingEndTime,3
BulletParam_Common_actJSBN4_huge,ArmorBreakLevel,スマッシュ気弾
BulletParam_Common_actJSBN4_huge,DestructionFieldScale,2
BulletParam_Common_actJSBN4_huge,CategoryType,EKoratBulletCategoryType::NumbBullet
BulletParam_Common_actJSBN4_huge,ChangePerChargeLv[0].DamageRate,1.05
BulletParam_Common_actJSBN4_huge,ChangePerChargeLv[0].FireNum,0
BulletParam_Common_actJSBN4_huge,ChangePerChargeLv[0].ArmorBreakLevel,None
BulletParam_Common_actJSBN4_huge,ChangePerChargeLv[0].EnergyBullectCollisionPriority,0
BulletParam_Common_actJSBN4_huge,ChangePerChargeLv[0].SpeedScale,1
BulletParam_Common_actJSBN4_huge,ChangePerChargeLv[0].HomingScale,1
BulletParam_Common_actJSBN4_huge,ChangePerChargeLv[0].bIgnoreActionTarget,false
BulletParam_Common_actJSBN4_huge,ChangePerChargeLv[0].bReduceZSearchAfterHit,false
BulletParam_Common_actJSBN4_huge,ChangePerChargeLv[0].ReduceZSearchEffectTime,0
BulletParam_Common_actJSBN4_huge,ChangePerChargeLv[0].bEnableBuff,false
BulletParam_Common_actJSBN4_huge,ChangePerChargeLv[0].BuffIndex,0
BulletParam_Common_actJSBN4_huge,ChangePerChargeLv[1].DamageRate,1.1
BulletParam_Common_actJSBN4_huge,ChangePerChargeLv[1].FireNum,0
BulletParam_Common_actJSBN4_huge,ChangePerChargeLv[1].ArmorBreakLevel,None
BulletParam_Common_actJSBN4_huge,ChangePerChargeLv[1].EnergyBullectCollisionPriority,0
BulletParam_Common_actJSBN4_huge,ChangePerChargeLv[1].SpeedScale,1
BulletParam_Common_actJSBN4_huge,ChangePerChargeLv[1].HomingScale,1
BulletParam_Common_actJSBN4_huge,ChangePerChargeLv[1].bIgnoreActionTarget,false
BulletParam_Common_actJSBN4_huge,ChangePerChargeLv[1].bReduceZSearchAfterHit,false
BulletParam_Common_actJSBN4_huge,ChangePerChargeLv[1].ReduceZSearchEffectTime,0
BulletParam_Common_actJSBN4_huge,ChangePerChargeLv[1].bEnableBuff,false
BulletParam_Common_actJSBN4_huge,ChangePerChargeLv[1].BuffIndex,0
BulletParam_Common_actJSBN4_Numb,Power,640
BulletParam_Common_actJSBN4_Numb,Shave,128
BulletParam_Common_actJSBN4_Numb,BeamPower,640
BulletParam_Common_actJSBN4_Numb,BeamShave,128
BulletParam_Common_actJSBN4_Numb,ExpendEnergy,10000
BulletParam_Common_actJSBN4_Numb,LifeSpan,3
BulletParam_Common_actJSBN4_Numb,bIgnoreHitBehindAttackChara,true
BulletParam_Common_actJSBN4_Numb,EnergyBullectCollisionPriority,20
BulletParam_Common_actJSBN4_Numb,HomingAngleLimitAtStart,360
BulletParam_Common_actJSBN4_Numb,AutoReflectDirectionType,オートリフレクト
BulletParam_Common_actJSBN4_Numb,MoveParam.HomingEndTime,3
BulletParam_Common_actJSBN4_Numb,ArmorBreakLevel,スマッシュ気弾
BulletParam_Common_actJSBN4_Numb,DestructionFieldScale,2
BulletParam_Common_actJSBN4_Numb,CategoryType,EKoratBulletCategoryType::NumbBullet
BulletParam_Common_actJSBN4_Numb,ChangePerChargeLv[0].DamageRate,1.1
BulletParam_Common_actJSBN4_Numb,ChangePerChargeLv[0].FireNum,0
BulletParam_Common_actJSBN4_Numb,ChangePerChargeLv[0].ArmorBreakLevel,None
BulletParam_Common_actJSBN4_Numb,ChangePerChargeLv[0].EnergyBullectCollisionPriority,0
BulletParam_Common_actJSBN4_Numb,ChangePerChargeLv[0].SpeedScale,1
BulletParam_Common_actJSBN4_Numb,ChangePerChargeLv[0].HomingScale,1
BulletParam_Common_actJSBN4_Numb,ChangePerChargeLv[0].bIgnoreActionTarget,false
BulletParam_Common_actJSBN4_Numb,ChangePerChargeLv[0].bReduceZSearchAfterHit,false
BulletParam_Common_actJSBN4_Numb,ChangePerChargeLv[0].ReduceZSearchEffectTime,0
BulletParam_Common_actJSBN4_Numb,ChangePerChargeLv[0].bEnableBuff,false
BulletParam_Common_actJSBN4_Numb,ChangePerChargeLv[0].BuffIndex,0
BulletParam_Common_actJSBN4_Numb,ChangePerChargeLv[1].DamageRate,1.2
BulletParam_Common_actJSBN4_Numb,ChangePerChargeLv[1].FireNum,0
BulletParam_Common_actJSBN4_Numb,ChangePerChargeLv[1].ArmorBreakLevel,None
BulletParam_Common_actJSBN4_Numb,ChangePerChargeLv[1].EnergyBullectCollisionPriority,0
BulletParam_Common_actJSBN4_Numb,ChangePerChargeLv[1].SpeedScale,1
BulletParam_Common_actJSBN4_Numb,ChangePerChargeLv[1].HomingScale,1
BulletParam_Common_actJSBN4_Numb,ChangePerChargeLv[1].bIgnoreActionTarget,false
BulletParam_Common_actJSBN4_Numb,ChangePerChargeLv[1].bReduceZSearchAfterHit,false
BulletParam_Common_actJSBN4_Numb,ChangePerChargeLv[1].ReduceZSearchEffectTime,0
BulletParam_Common_actJSBN4_Numb,ChangePerChargeLv[1].bEnableBuff,false
BulletParam_Common_actJSBN4_Numb,ChangePerChargeLv[1].BuffIndex,0
BulletParam_Common_actJSBN5,Power,900
BulletParam_Common_actJSBN5,Shave,250
BulletParam_Common_actJSBN5,BeamPower,900
BulletParam_Common_actJSBN5,ExpendEnergy,5000
BulletParam_Common_actJSBN5,LifeSpan,1.5
BulletParam_Common_actJSBN5,bIgnoreHitBehindAttackChara,true
BulletParam_Common_actJSBN5,EnergyBullectCollisionPriority,20
BulletParam_Common_actJSBN5,HomingAngleLimitAtStart,360
BulletParam_Common_actJSBN5,MoveParam.HomingEndTime,2
BulletParam_Common_actJSBN5,ArmorBreakLevel,ブラスト
BulletParam_Common_actJSBN5,bImpossibleGuard,true
BulletParam_Common_actJSBN5,bImpossibleReflect,true
BulletParam_Common_actJSBN5,bImpossibleAbsorption,true
BulletParam_Common_actJSBN5,bAvoidHistep,true
BulletParam_Common_actJSBN5,DestructionFieldScale,2
BulletParam_Common_actJSBN5,ChangePerChargeLv[0].DamageRate,1.2
BulletParam_Common_actJSBN5,ChangePerChargeLv[0].FireNum,0
BulletParam_Common_actJSBN5,ChangePerChargeLv[0].ArmorBreakLevel,None
BulletParam_Common_actJSBN5,ChangePerChargeLv[0].EnergyBullectCollisionPriority,0
BulletParam_Common_actJSBN5,ChangePerChargeLv[0].SpeedScale,1
BulletParam_Common_actJSBN5,ChangePerChargeLv[0].HomingScale,1
BulletParam_Common_actJSBN5,ChangePerChargeLv[0].bIgnoreActionTarget,false
BulletParam_Common_actJSBN5,ChangePerChargeLv[0].bReduceZSearchAfterHit,false
BulletParam_Common_actJSBN5,ChangePerChargeLv[0].ReduceZSearchEffectTime,0
BulletParam_Common_actJSBN5,ChangePerChargeLv[0].bEnableBuff,false
BulletParam_Common_actJSBN5,ChangePerChargeLv[0].BuffIndex,0
BulletParam_Common_actJSBN5,ChangePerChargeLv[1].DamageRate,1.4
BulletParam_Common_actJSBN5,ChangePerChargeLv[1].FireNum,0
BulletParam_Common_actJSBN5,ChangePerChargeLv[1].ArmorBreakLevel,None
BulletParam_Common_actJSBN5,ChangePerChargeLv[1].EnergyBullectCollisionPriority,0
BulletParam_Common_actJSBN5,ChangePerChargeLv[1].SpeedScale,1
BulletParam_Common_actJSBN5,ChangePerChargeLv[1].HomingScale,1
BulletParam_Common_actJSBN5,ChangePerChargeLv[1].bIgnoreActionTarget,false
BulletParam_Common_actJSBN5,ChangePerChargeLv[1].bReduceZSearchAfterHit,false
BulletParam_Common_actJSBN5,ChangePerChargeLv[1].ReduceZSearchEffectTime,0
BulletParam_Common_actJSBN5,ChangePerChargeLv[1].bEnableBuff,false
BulletParam_Common_actJSBN5,ChangePerChargeLv[1].BuffIndex,0
BulletParam_Common_actJSBN6_Slash,Power,900
BulletParam_Common_actJSBN6_Slash,Shave,250
BulletParam_Common_actJSBN6_Slash,BeamPower,900
BulletParam_Common_actJSBN6_Slash,ExpendEnergy,6000
BulletParam_Common_actJSBN6_Slash,LifeSpan,2
BulletParam_Common_actJSBN6_Slash,CharacterFirstHitType,ESSBulletCharacterFirstHitType::PenerateMultiHit
BulletParam_Common_actJSBN6_Slash,LifeSpanAfterCharacterLastHit,0.1
BulletParam_Common_actJSBN6_Slash,bIgnoreHitBehindAttackChara,true
BulletParam_Common_actJSBN6_Slash,EnergyBullectCollisionPriority,20
BulletParam_Common_actJSBN6_Slash,HomingAngleLimitAtStart,360
BulletParam_Common_actJSBN6_Slash,bHomingAtReflect,true
BulletParam_Common_actJSBN6_Slash,MoveParam.HomingEndTime,2
BulletParam_Common_actJSBN6_Slash,MoveParam.bHomingAvoidDisable,true
BulletParam_Common_actJSBN6_Slash,ArmorBreakLevel,ブラスト
BulletParam_Common_actJSBN6_Slash,bImpossibleGuard,true
BulletParam_Common_actJSBN6_Slash,bImpossibleReflect,true
BulletParam_Common_actJSBN6_Slash,bImpossibleAbsorption,true
BulletParam_Common_actJSBN6_Slash,bAvoidHistep,true
BulletParam_Common_actJSBN6_Slash,DestructionFieldScale,2
BulletParam_Common_actJSBN6_Slash,ChangePerChargeLv[0].DamageRate,1.2
BulletParam_Common_actJSBN6_Slash,ChangePerChargeLv[0].FireNum,0
BulletParam_Common_actJSBN6_Slash,ChangePerChargeLv[0].ArmorBreakLevel,None
BulletParam_Common_actJSBN6_Slash,ChangePerChargeLv[0].EnergyBullectCollisionPriority,0
BulletParam_Common_actJSBN6_Slash,ChangePerChargeLv[0].SpeedScale,1
BulletParam_Common_actJSBN6_Slash,ChangePerChargeLv[0].HomingScale,1
BulletParam_Common_actJSBN6_Slash,ChangePerChargeLv[0].bIgnoreActionTarget,false
BulletParam_Common_actJSBN6_Slash,ChangePerChargeLv[0].bReduceZSearchAfterHit,false
BulletParam_Common_actJSBN6_Slash,ChangePerChargeLv[0].ReduceZSearchEffectTime,0
BulletParam_Common_actJSBN6_Slash,ChangePerChargeLv[0].bEnableBuff,false
BulletParam_Common_actJSBN6_Slash,ChangePerChargeLv[0].BuffIndex,0
BulletParam_Common_actJSBN6_Slash,ChangePerChargeLv[1].DamageRate,1.4
BulletParam_Common_actJSBN6_Slash,ChangePerChargeLv[1].FireNum,0
BulletParam_Common_actJSBN6_Slash,ChangePerChargeLv[1].ArmorBreakLevel,None
BulletParam_Common_actJSBN6_Slash,ChangePerChargeLv[1].EnergyBullectCollisionPriority,0
BulletParam_Common_actJSBN6_Slash,ChangePerChargeLv[1].SpeedScale,1
BulletParam_Common_actJSBN6_Slash,ChangePerChargeLv[1].HomingScale,1
BulletParam_Common_actJSBN6_Slash,ChangePerChargeLv[1].bIgnoreActionTarget,false
BulletParam_Common_actJSBN6_Slash,ChangePerChargeLv[1].bReduceZSearchAfterHit,false
BulletParam_Common_actJSBN6_Slash,ChangePerChargeLv[1].ReduceZSearchEffectTime,0
BulletParam_Common_actJSBN6_Slash,ChangePerChargeLv[1].bEnableBuff,false
BulletParam_Common_actJSBN6_Slash,ChangePerChargeLv[1].BuffIndex,0
BulletParam_Common_actJSBP,Power,700
BulletParam_Common_actJSBP,Shave,140
BulletParam_Common_actJSBP,BeamPower,700
BulletParam_Common_actJSBP,BeamShave,140
BulletParam_Common_actJSBP,ExpendEnergy,10000
BulletParam_Common_actJSBP,LifeSpan,30
BulletParam_Common_actJSBP,bIgnoreHitBehindAttackChara,true
BulletParam_Common_actJSBP,EnergyBullectCollisionPriority,20
BulletParam_Common_actJSBP,HomingAngleLimitAtStart,360
BulletParam_Common_actJSBP,MoveParam.HomingEndTime,3
BulletParam_Common_actJSBP,ArmorBreakLevel,スマッシュ気弾
BulletParam_Common_actJSBP,DestructionFieldScale,2
BulletParam_Common_actJSBP,ChangePerChargeLv[0].DamageRate,1.5
BulletParam_Common_actJSBP,ChangePerChargeLv[0].FireNum,0
BulletParam_Common_actJSBP,ChangePerChargeLv[0].ArmorBreakLevel,None
BulletParam_Common_actJSBP,ChangePerChargeLv[0].EnergyBullectCollisionPriority,0
BulletParam_Common_actJSBP,ChangePerChargeLv[0].SpeedScale,1
BulletParam_Common_actJSBP,ChangePerChargeLv[0].HomingScale,1
BulletParam_Common_actJSBP,ChangePerChargeLv[0].bIgnoreActionTarget,false
BulletParam_Common_actJSBP,ChangePerChargeLv[0].bReduceZSearchAfterHit,false
BulletParam_Common_actJSBP,ChangePerChargeLv[0].ReduceZSearchEffectTime,0
BulletParam_Common_actJSBP,ChangePerChargeLv[0].bEnableBuff,false
BulletParam_Common_actJSBP,ChangePerChargeLv[0].BuffIndex,0
BulletParam_Common_actJSBP,ChangePerChargeLv[1].DamageRate,2
BulletParam_Common_actJSBP,ChangePerChargeLv[1].FireNum,0
BulletParam_Common_actJSBP,ChangePerChargeLv[1].ArmorBreakLevel,None
BulletParam_Common_actJSBP,ChangePerChargeLv[1].EnergyBullectCollisionPriority,0
BulletParam_Common_actJSBP,ChangePerChargeLv[1].SpeedScale,1
BulletParam_Common_actJSBP,ChangePerChargeLv[1].HomingScale,1
BulletParam_Common_actJSBP,ChangePerChargeLv[1].bIgnoreActionTarget,false
BulletParam_Common_actJSBP,ChangePerChargeLv[1].bReduceZSearchAfterHit,false
BulletParam_Common_actJSBP,ChangePerChargeLv[1].ReduceZSearchEffectTime,0
BulletParam_Common_actJSBP,ChangePerChargeLv[1].bEnableBuff,false
BulletParam_Common_actJSBP,ChangePerChargeLv[1].BuffIndex,0
BulletParam_Common_actMRBB,ExpendEnergy,5000
BulletParam_Common_actMRBB,LifeSpan,30
BulletParam_Common_actMRBB,EnergyBullectCollisionPriority,20
BulletParam_Common_actMRBB,bIsReactiveGuardable,true
BulletParam_Common_actMRBB,ArmorBreakLevel,ラッシュ気弾
BulletParam_Common_actMRBB,DestructionFieldScale,1.4
BulletParam_Common_actMRBF,ExpendEnergy,5000
BulletParam_Common_actMRBF,LifeSpan,30
BulletParam_Common_actMRBF,EnergyBullectCollisionPriority,20
BulletParam_Common_actMRBF,bIsReactiveGuardable,true
BulletParam_Common_actMRBF,ArmorBreakLevel,ラッシュ気弾
BulletParam_Common_actMRBF,DestructionFieldScale,1.4
BulletParam_Common_actMRBL,ExpendEnergy,5000
BulletParam_Common_actMRBL,LifeSpan,30
BulletParam_Common_actMRBL,EnergyBullectCollisionPriority,20
BulletParam_Common_actMRBL,bIsReactiveGuardable,true
BulletParam_Common_actMRBL,ArmorBreakLevel,ラッシュ気弾
BulletParam_Common_actMRBL,DestructionFieldScale,1.4
BulletParam_Common_actMRBR,ExpendEnergy,5000
BulletParam_Common_actMRBR,LifeSpan,30
BulletParam_Common_actMRBR,EnergyBullectCollisionPriority,20
BulletParam_Common_actMRBR,bIsReactiveGuardable,true
BulletParam_Common_actMRBR,ArmorBreakLevel,ラッシュ気弾
BulletParam_Common_actMRBR,DestructionFieldScale,1.4
BulletParam_Common_actMSBBF,Power,750
BulletParam_Common_actMSBBF,Shave,150
BulletParam_Common_actMSBBF,BeamPower,750
BulletParam_Common_actMSBBF,BeamShave,150
BulletParam_Common_actMSBBF,ExpendEnergy,10000
BulletParam_Common_actMSBBF,LifeSpan,30
BulletParam_Common_actMSBBF,EnergyBullectCollisionPriority,20
BulletParam_Common_actMSBBF,HomingAngleLimitAtStart,360
BulletParam_Common_actMSBBF,MoveParam.HomingEndTime,3
BulletParam_Common_actMSBBF,ArmorBreakLevel,スマッシュ気弾
BulletParam_Common_actMSBBF,DestructionFieldScale,2
BulletParam_Common_actMSBBN,Power,750
BulletParam_Common_actMSBBN,Shave,150
BulletParam_Common_actMSBBN,BeamPower,750
BulletParam_Common_actMSBBN,BeamShave,150
BulletParam_Common_actMSBBN,ExpendEnergy,10000
BulletParam_Common_actMSBBN,LifeSpan,30
BulletParam_Common_actMSBBN,EnergyBullectCollisionPriority,20
BulletParam_Common_actMSBBN,HomingAngleLimitAtStart,360
BulletParam_Common_actMSBBN,MoveParam.HomingEndTime,3
BulletParam_Common_actMSBBN,ArmorBreakLevel,スマッシュ気弾
BulletParam_Common_actMSBBN,DestructionFieldScale,2
BulletParam_Common_actMSBBP,Power,750
BulletParam_Common_actMSBBP,Shave,150
BulletParam_Common_actMSBBP,BeamPower,750
BulletParam_Common_actMSBBP,BeamShave,150
BulletParam_Common_actMSBBP,ExpendEnergy,10000
BulletParam_Common_actMSBBP,LifeSpan,30
BulletParam_Common_actMSBBP,EnergyBullectCollisionPriority,20
BulletParam_Common_actMSBBP,HomingAngleLimitAtStart,360
BulletParam_Common_actMSBBP,MoveParam.HomingEndTime,3
BulletParam_Common_actMSBBP,ArmorBreakLevel,スマッシュ気弾
BulletParam_Common_actMSBBP,DestructionFieldScale,2
BulletParam_Common_actMSBFF,Power,750
BulletParam_Common_actMSBFF,Shave,150
BulletParam_Common_actMSBFF,BeamPower,750
BulletParam_Common_actMSBFF,BeamShave,150
BulletParam_Common_actMSBFF,ExpendEnergy,10000
BulletParam_Common_actMSBFF,LifeSpan,30
BulletParam_Common_actMSBFF,EnergyBullectCollisionPriority,20
BulletParam_Common_actMSBFF,HomingAngleLimitAtStart,360
BulletParam_Common_actMSBFF,MoveParam.HomingEndTime,3
BulletParam_Common_actMSBFF,ArmorBreakLevel,スマッシュ気弾
BulletParam_Common_actMSBFF,DestructionFieldScale,2
BulletParam_Common_actMSBFN,Power,750
BulletParam_Common_actMSBFN,Shave,150
BulletParam_Common_actMSBFN,BeamPower,750
BulletParam_Common_actMSBFN,BeamShave,150
BulletParam_Common_actMSBFN,ExpendEnergy,10000
BulletParam_Common_actMSBFN,LifeSpan,30
BulletParam_Common_actMSBFN,EnergyBullectCollisionPriority,20
BulletParam_Common_actMSBFN,HomingAngleLimitAtStart,360
BulletParam_Common_actMSBFN,MoveParam.HomingEndTime,3
BulletParam_Common_actMSBFN,ArmorBreakLevel,スマッシュ気弾
BulletParam_Common_actMSBFN,DestructionFieldScale,2
BulletParam_Common_actMSBFP,Power,750
BulletParam_Common_actMSBFP,Shave,150
BulletParam_Common_actMSBFP,BeamPower,750
BulletParam_Common_actMSBFP,BeamShave,150
BulletParam_Common_actMSBFP,ExpendEnergy,10000
BulletParam_Common_actMSBFP,LifeSpan,30
BulletParam_Common_actMSBFP,EnergyBullectCollisionPriority,20
BulletParam_Common_actMSBFP,HomingAngleLimitAtStart,360
BulletParam_Common_actMSBFP,MoveParam.HomingEndTime,3
BulletParam_Common_actMSBFP,ArmorBreakLevel,スマッシュ気弾
BulletParam_Common_actMSBFP,DestructionFieldScale,2
BulletParam_Common_actMSBLF,Power,750
BulletParam_Common_actMSBLF,Shave,150
BulletParam_Common_actMSBLF,BeamPower,750
BulletParam_Common_actMSBLF,BeamShave,150
BulletParam_Common_actMSBLF,ExpendEnergy,10000
BulletParam_Common_actMSBLF,LifeSpan,30
BulletParam_Common_actMSBLF,EnergyBullectCollisionPriority,20
BulletParam_Common_actMSBLF,HomingAngleLimitAtStart,360
BulletParam_Common_actMSBLF,MoveParam.HomingEndTime,3
BulletParam_Common_actMSBLF,ArmorBreakLevel,スマッシュ気弾
BulletParam_Common_actMSBLF,DestructionFieldScale,2
BulletParam_Common_actMSBLN,Power,750
BulletParam_Common_actMSBLN,Shave,150
BulletParam_Common_actMSBLN,BeamPower,750
BulletParam_Common_actMSBLN,BeamShave,150
BulletParam_Common_actMSBLN,ExpendEnergy,10000
BulletParam_Common_actMSBLN,LifeSpan,30
BulletParam_Common_actMSBLN,EnergyBullectCollisionPriority,20
BulletParam_Common_actMSBLN,HomingAngleLimitAtStart,360
BulletParam_Common_actMSBLN,MoveParam.HomingEndTime,3
BulletParam_Common_actMSBLN,ArmorBreakLevel,スマッシュ気弾
BulletParam_Common_actMSBLN,DestructionFieldScale,2
BulletParam_Common_actMSBLP,Power,750
BulletParam_Common_actMSBLP,Shave,150
BulletParam_Common_actMSBLP,BeamPower,750
BulletParam_Common_actMSBLP,BeamShave,150
BulletParam_Common_actMSBLP,ExpendEnergy,10000
BulletParam_Common_actMSBLP,LifeSpan,30
BulletParam_Common_actMSBLP,EnergyBullectCollisionPriority,20
BulletParam_Common_actMSBLP,HomingAngleLimitAtStart,360
BulletParam_Common_actMSBLP,MoveParam.HomingEndTime,3
BulletParam_Common_actMSBLP,ArmorBreakLevel,スマッシュ気弾
BulletParam_Common_actMSBLP,DestructionFieldScale,2
BulletParam_Common_actMSBRF,Power,750
BulletParam_Common_actMSBRF,Shave,150
BulletParam_Common_actMSBRF,BeamPower,750
BulletParam_Common_actMSBRF,BeamShave,150
BulletParam_Common_actMSBRF,ExpendEnergy,10000
BulletParam_Common_actMSBRF,LifeSpan,30
BulletParam_Common_actMSBRF,EnergyBullectCollisionPriority,20
BulletParam_Common_actMSBRF,HomingAngleLimitAtStart,360
BulletParam_Common_actMSBRF,MoveParam.HomingEndTime,3
BulletParam_Common_actMSBRF,ArmorBreakLevel,スマッシュ気弾
BulletParam_Common_actMSBRF,DestructionFieldScale,2
BulletParam_Common_actMSBRN,Power,750
BulletParam_Common_actMSBRN,Shave,150
BulletParam_Common_actMSBRN,BeamPower,750
BulletParam_Common_actMSBRN,BeamShave,150
BulletParam_Common_actMSBRN,ExpendEnergy,10000
BulletParam_Common_actMSBRN,LifeSpan,30
BulletParam_Common_actMSBRN,EnergyBullectCollisionPriority,20
BulletParam_Common_actMSBRN,HomingAngleLimitAtStart,360
BulletParam_Common_actMSBRN,MoveParam.HomingEndTime,3
BulletParam_Common_actMSBRN,ArmorBreakLevel,スマッシュ気弾
BulletParam_Common_actMSBRN,DestructionFieldScale,2
BulletParam_Common_actMSBRP,Power,750
BulletParam_Common_actMSBRP,Shave,150
BulletParam_Common_actMSBRP,BeamPower,750
BulletParam_Common_actMSBRP,BeamShave,150
BulletParam_Common_actMSBRP,ExpendEnergy,10000
BulletParam_Common_actMSBRP,LifeSpan,30
BulletParam_Common_actMSBRP,EnergyBullectCollisionPriority,20
BulletParam_Common_actMSBRP,HomingAngleLimitAtStart,360
BulletParam_Common_actMSBRP,MoveParam.HomingEndTime,3
BulletParam_Common_actMSBRP,ArmorBreakLevel,スマッシュ気弾
BulletParam_Common_actMSBRP,DestructionFieldScale,2
BulletParam_Common_actRSB,Power,200
BulletParam_Common_actRSB,Shave,40
BulletParam_Common_actRSB,BeamPower,200
BulletParam_Common_actRSB,BeamShave,40
BulletParam_Common_actRSB,ExpendEnergy,2000
BulletParam_Common_actRSB,RepelSkillGaugeGain,0.05
BulletParam_Common_actRSB,LifeSpan,1.2
BulletParam_Common_actRSB,CharacterCollisionSize,40
BulletParam_Common_actRSB,bIgnoreHitBehindAttackChara,true
BulletParam_Common_actRSB,GeometryCollisionSize,15
BulletParam_Common_actRSB,ClashCollisionSize,40
BulletParam_Common_actRSB,EnergyBullectCollisionPriority,10
BulletParam_Common_actRSB,HomingAngleLimitAtStart,35
BulletParam_Common_actRSB,HomingAngleLimitAtStartYaw,7.5
BulletParam_Common_actRSB,AutoReflectDirectionType,オートリフレクト
BulletParam_Common_actRSB,MoveParam.HomingEndTime,1.3
BulletParam_Common_actRSB,bIsReactiveGuardable,true
BulletParam_Common_actRSB,ArmorBreakLevel,ラッシュ気弾
BulletParam_Common_actRSB,bInterruptGuard,true
BulletParam_Common_actRSB,bInterruptReflect,true
BulletParam_Common_actRSB,bSelfishnessAvoidable,true
BulletParam_Common_actRSB,DestructionFieldScale,0.4
BulletParam_Common_actRSB_0020,Power,200
BulletParam_Common_actRSB_0020,Shave,40
BulletParam_Common_actRSB_0020,BeamPower,200
BulletParam_Common_actRSB_0020,BeamShave,40
BulletParam_Common_actRSB_0020,ExpendEnergy,1400
BulletParam_Common_actRSB_0020,RepelSkillGaugeGain,0.05
BulletParam_Common_actRSB_0020,LifeSpan,1.2
BulletParam_Common_actRSB_0020,CharacterCollisionSize,40
BulletParam_Common_actRSB_0020,bIgnoreHitBehindAttackChara,true
BulletParam_Common_actRSB_0020,GeometryCollisionSize,15
BulletParam_Common_actRSB_0020,ClashCollisionSize,40
BulletParam_Common_actRSB_0020,EnergyBullectCollisionPriority,10
BulletParam_Common_actRSB_0020,HomingAngleLimitAtStart,35
BulletParam_Common_actRSB_0020,HomingAngleLimitAtStartYaw,7.5
BulletParam_Common_actRSB_0020,AutoReflectDirectionType,オートリフレクト
BulletParam_Common_actRSB_0020,MoveParam.HomingEndTime,1.3
BulletParam_Common_actRSB_0020,bIsReactiveGuardable,true
BulletParam_Common_actRSB_0020,ArmorBreakLevel,ラッシュ気弾
BulletParam_Common_actRSB_0020,bInterruptGuard,true
BulletParam_Common_actRSB_0020,bInterruptReflect,true
BulletParam_Common_actRSB_0020,bSelfishnessAvoidable,true
BulletParam_Common_actRSB_0020,DestructionFieldScale,0.4
BulletParam_Common_actRSB_553_double,Power,100
BulletParam_Common_actRSB_553_double,Shave,20
BulletParam_Common_actRSB_553_double,BeamPower,100
BulletParam_Common_actRSB_553_double,BeamShave,20
BulletParam_Common_actRSB_553_double,ExpendEnergy,1000
BulletParam_Common_actRSB_553_double,RepelSkillGaugeGain,0.05
BulletParam_Common_actRSB_553_double,LifeSpan,1.2
BulletParam_Common_actRSB_553_double,CharacterCollisionSize,40
BulletParam_Common_actRSB_553_double,bIgnoreHitBehindAttackChara,true
BulletParam_Common_actRSB_553_double,GeometryCollisionSize,15
BulletParam_Common_actRSB_553_double,ClashCollisionSize,40
BulletParam_Common_actRSB_553_double,EnergyBullectCollisionPriority,10
BulletParam_Common_actRSB_553_double,HomingAngleLimitAtStart,360
BulletParam_Common_actRSB_553_double,AutoReflectDirectionType,オートリフレクト
BulletParam_Common_actRSB_553_double,MoveParam.HomingEndTime,1.3
BulletParam_Common_actRSB_553_double,bIsReactiveGuardable,true
BulletParam_Common_actRSB_553_double,ArmorBreakLevel,ラッシュ気弾
BulletParam_Common_actRSB_553_double,bInterruptGuard,true
BulletParam_Common_actRSB_553_double,bInterruptReflect,true
BulletParam_Common_actRSB_553_double,bSelfishnessAvoidable,true
BulletParam_Common_actRSB_553_double,DestructionFieldScale,0.4
BulletParam_Common_actRSB_f,Power,200
BulletParam_Common_actRSB_f,Shave,40
BulletParam_Common_actRSB_f,BeamPower,200
BulletParam_Common_actRSB_f,BeamShave,40
BulletParam_Common_actRSB_f,ExpendEnergy,2000
BulletParam_Common_actRSB_f,RepelSkillGaugeGain,0.05
BulletParam_Common_actRSB_f,LifeSpan,1.2
BulletParam_Common_actRSB_f,bIgnoreHitBehindAttackChara,true
BulletParam_Common_actRSB_f,EnergyBullectCollisionPriority,10
BulletParam_Common_actRSB_f,HomingAngleLimitAtStart,360
BulletParam_Common_actRSB_f,AutoReflectDirectionType,オートリフレクト
BulletParam_Common_actRSB_f,MoveParam.HomingEndTime,1.3
BulletParam_Common_actRSB_f,bIsReactiveGuardable,true
BulletParam_Common_actRSB_f,ArmorBreakLevel,ラッシュ気弾
BulletParam_Common_actRSB_f,bInterruptGuard,true
BulletParam_Common_actRSB_f,bInterruptReflect,true
BulletParam_Common_actRSB_f,bSelfishnessAvoidable,true
BulletParam_Common_actRSB_f,DestructionFieldScale,0.4
BulletParam_Common_actRSB_Huge,Power,300
BulletParam_Common_actRSB_Huge,Shave,60
BulletParam_Common_actRSB_Huge,BeamPower,300
BulletParam_Common_actRSB_Huge,BeamShave,60
BulletParam_Common_actRSB_Huge,ExpendEnergy,3000
BulletParam_Common_actRSB_Huge,RepelSkillGaugeGain,0.05
BulletParam_Common_actRSB_Huge,LifeSpan,1.333333
BulletParam_Common_actRSB_Huge,bIgnoreHitBehindAttackChara,true
BulletParam_Common_actRSB_Huge,EnergyBullectCollisionPriority,20
BulletParam_Common_actRSB_Huge,HomingAngleLimitAtStart,360
BulletParam_Common_actRSB_Huge,AutoReflectDirectionType,オートリフレクト
BulletParam_Common_actRSB_Huge,MoveParam.HomingEndTime,1.3
BulletParam_Common_actRSB_Huge,bIsReactiveGuardable,true
BulletParam_Common_actRSB_Huge,ArmorBreakLevel,ラッシュ気弾
BulletParam_Common_actRSB_Huge,bInterruptGuard,true
BulletParam_Common_actRSB_Huge,bInterruptReflect,true
BulletParam_Common_actRSB_Huge,bSelfishnessAvoidable,true
BulletParam_Common_actRSB_Huge,DestructionFieldScale,200
BulletParam_Common_actRSB_L,Power,200
BulletParam_Common_actRSB_L,Shave,40
BulletParam_Common_actRSB_L,BeamPower,200
BulletParam_Common_actRSB_L,BeamShave,40
BulletParam_Common_actRSB_L,ExpendEnergy,2000
BulletParam_Common_actRSB_L,RepelSkillGaugeGain,0.05
BulletParam_Common_actRSB_L,LifeSpan,1.2
BulletParam_Common_actRSB_L,CharacterCollisionSize,40
BulletParam_Common_actRSB_L,bIgnoreHitBehindAttackChara,true
BulletParam_Common_actRSB_L,GeometryCollisionSize,15
BulletParam_Common_actRSB_L,ClashCollisionSize,40
BulletParam_Common_actRSB_L,EnergyBullectCollisionPriority,10
BulletParam_Common_actRSB_L,HomingAngleLimitAtStart,35
BulletParam_Common_actRSB_L,HomingAngleLimitAtStartYaw,7.5
BulletParam_Common_actRSB_L,AutoReflectDirectionType,オートリフレクト
BulletParam_Common_actRSB_L,MoveParam.HomingEndTime,1.3
BulletParam_Common_actRSB_L,bIsReactiveGuardable,true
BulletParam_Common_actRSB_L,ArmorBreakLevel,ラッシュ気弾
BulletParam_Common_actRSB_L,bInterruptGuard,true
BulletParam_Common_actRSB_L,bInterruptReflect,true
BulletParam_Common_actRSB_L,bSelfishnessAvoidable,true
BulletParam_Common_actRSB_L,DestructionFieldScale,0.4
BulletParam_Common_actRSB_Laser,Power,200
BulletParam_Common_actRSB_Laser,Shave,40
BulletParam_Common_actRSB_Laser,BeamPower,200
BulletParam_Common_actRSB_Laser,BeamShave,40
BulletParam_Common_actRSB_Laser,ExpendEnergy,2000
BulletParam_Common_actRSB_Laser,RepelSkillGaugeGain,0.05
BulletParam_Common_actRSB_Laser,LifeSpan,1.2
BulletParam_Common_actRSB_Laser,CharacterCollisionSize,40
BulletParam_Common_actRSB_Laser,bIgnoreHitBehindAttackChara,true
BulletParam_Common_actRSB_Laser,GeometryCollisionSize,15
BulletParam_Common_actRSB_Laser,ClashCollisionSize,40
BulletParam_Common_actRSB_Laser,EnergyBullectCollisionPriority,10
BulletParam_Common_actRSB_Laser,HomingAngleLimitAtStart,35
BulletParam_Common_actRSB_Laser,HomingAngleLimitAtStartYaw,7.5
BulletParam_Common_actRSB_Laser,AutoReflectDirectionType,オートリフレクト
BulletParam_Common_actRSB_Laser,MoveParam.HomingEndTime,0.2
BulletParam_Common_actRSB_Laser,bIsReactiveGuardable,true
BulletParam_Common_actRSB_Laser,ArmorBreakLevel,ラッシュ気弾
BulletParam_Common_actRSB_Laser,bInterruptGuard,true
BulletParam_Common_actRSB_Laser,bInterruptReflect,true
BulletParam_Common_actRSB_Laser,bSelfishnessAvoidable,true
BulletParam_Common_actRSB_Laser,DestructionFieldScale,0.4
BulletParam_Common_actRSB_s,Power,200
BulletParam_Common_actRSB_s,Shave,40
BulletParam_Common_actRSB_s,BeamPower,200
BulletParam_Common_actRSB_s,BeamShave,40
BulletParam_Common_actRSB_s,ExpendEnergy,2000
BulletParam_Common_actRSB_s,RepelSkillGaugeGain,0.05
BulletParam_Common_actRSB_s,LifeSpan,1.2
BulletParam_Common_actRSB_s,bIgnoreHitBehindAttackChara,true
BulletParam_Common_actRSB_s,EnergyBullectCollisionPriority,10
BulletParam_Common_actRSB_s,HomingAngleLimitAtStart,360
BulletParam_Common_actRSB_s,AutoReflectDirectionType,オートリフレクト
BulletParam_Common_actRSB_s,MoveParam.HomingEndTime,1.3
BulletParam_Common_actRSB_s,bIsReactiveGuardable,true
BulletParam_Common_actRSB_s,ArmorBreakLevel,ラッシュ気弾
BulletParam_Common_actRSB_s,bInterruptGuard,true
BulletParam_Common_actRSB_s,bInterruptReflect,true
BulletParam_Common_actRSB_s,bSelfishnessAvoidable,true
BulletParam_Common_actRSB_s,DestructionFieldScale,0.4
BulletParam_Common_actRSB_stone,Power,200
BulletParam_Common_actRSB_stone,Shave,40
BulletParam_Common_actRSB_stone,BeamPower,200
BulletParam_Common_actRSB_stone,BeamShave,40
BulletParam_Common_actRSB_stone,ExpendEnergy,1000
BulletParam_Common_actRSB_stone,RepelSkillGaugeGain,0.05
BulletParam_Common_actRSB_stone,LifeSpan,1.5
BulletParam_Common_actRSB_stone,CharacterCollisionSize,40
BulletParam_Common_actRSB_stone,bIgnoreHitBehindAttackChara,true
BulletParam_Common_actRSB_stone,GeometryCollisionSize,15
BulletParam_Common_actRSB_stone,ClashCollisionSize,40
BulletParam_Common_actRSB_stone,EnergyBullectCollisionPriority,10
BulletParam_Common_actRSB_stone,HomingAngleLimitAtStart,360
BulletParam_Common_actRSB_stone,TargetPointDiffusionRadius,15
BulletParam_Common_actRSB_stone,MoveParam.HomingRandamScale.Min,0.8
BulletParam_Common_actRSB_stone,MoveParam.HomingRandamScale.Max,1.2
BulletParam_Common_actRSB_stone,MoveParam.HomingEndTime,0.18
BulletParam_Common_actRSB_stone,bIsReactiveGuardable,true
BulletParam_Common_actRSB_stone,ArmorBreakLevel,ラッシュ気弾
BulletParam_Common_actRSB_stone,bImpossibleAbsorption,true
BulletParam_Common_actRSB_stone,bInterruptGuard,true
BulletParam_Common_actRSB_stone,bInterruptReflect,true
BulletParam_Common_actRSB_stone,bSelfishnessAvoidable,true
BulletParam_Common_actRSB_stone,DestructionFieldScale,0.4
BulletParam_Common_actSMBF,Power,700
BulletParam_Common_actSMBF,Shave,140
BulletParam_Common_actSMBF,BeamPower,700
BulletParam_Common_actSMBF,BeamShave,140
BulletParam_Common_actSMBF,ExpendEnergy,10000
BulletParam_Common_actSMBF,LifeSpan,2
BulletParam_Common_actSMBF,bIgnoreHitBehindAttackChara,true
BulletParam_Common_actSMBF,EnergyBullectCollisionPriority,20
BulletParam_Common_actSMBF,HomingAngleLimitAtStart,360
BulletParam_Common_actSMBF,AutoReflectDirectionType,オートリフレクト
BulletParam_Common_actSMBF,MoveParam.HomingEndTime,3
BulletParam_Common_actSMBF,ArmorBreakLevel,スマッシュ気弾（フルパワー）
BulletParam_Common_actSMBF,DestructionFieldScale,2
BulletParam_Common_actSMBF,ChangePerChargeLv[0].DamageRate,1.5
BulletParam_Common_actSMBF,ChangePerChargeLv[0].FireNum,0
BulletParam_Common_actSMBF,ChangePerChargeLv[0].ArmorBreakLevel,None
BulletParam_Common_actSMBF,ChangePerChargeLv[0].EnergyBullectCollisionPriority,0
BulletParam_Common_actSMBF,ChangePerChargeLv[0].SpeedScale,1
BulletParam_Common_actSMBF,ChangePerChargeLv[0].HomingScale,1
BulletParam_Common_actSMBF,ChangePerChargeLv[0].bIgnoreActionTarget,false
BulletParam_Common_actSMBF,ChangePerChargeLv[0].bReduceZSearchAfterHit,false
BulletParam_Common_actSMBF,ChangePerChargeLv[0].ReduceZSearchEffectTime,0
BulletParam_Common_actSMBF,ChangePerChargeLv[0].bEnableBuff,false
BulletParam_Common_actSMBF,ChangePerChargeLv[0].BuffIndex,0
BulletParam_Common_actSMBF,ChangePerChargeLv[1].DamageRate,2
BulletParam_Common_actSMBF,ChangePerChargeLv[1].FireNum,0
BulletParam_Common_actSMBF,ChangePerChargeLv[1].ArmorBreakLevel,None
BulletParam_Common_actSMBF,ChangePerChargeLv[1].EnergyBullectCollisionPriority,0
BulletParam_Common_actSMBF,ChangePerChargeLv[1].SpeedScale,1
BulletParam_Common_actSMBF,ChangePerChargeLv[1].HomingScale,1
BulletParam_Common_actSMBF,ChangePerChargeLv[1].bIgnoreActionTarget,false
BulletParam_Common_actSMBF,ChangePerChargeLv[1].bReduceZSearchAfterHit,false
BulletParam_Common_actSMBF,ChangePerChargeLv[1].ReduceZSearchEffectTime,0
BulletParam_Common_actSMBF,ChangePerChargeLv[1].bEnableBuff,false
BulletParam_Common_actSMBF,ChangePerChargeLv[1].BuffIndex,0
BulletParam_Common_actSMBN,Power,700
BulletParam_Common_actSMBN,Shave,140
BulletParam_Common_actSMBN,BeamPower,700
BulletParam_Common_actSMBN,BeamShave,140
BulletParam_Common_actSMBN,ExpendEnergy,3000
BulletParam_Common_actSMBN,LifeSpan,3
BulletParam_Common_actSMBN,GeometryCollisionSize,24
BulletParam_Common_actSMBN,EnergyBullectCollisionPriority,20
BulletParam_Common_actSMBN,HomingAngleLimitAtStart,360
BulletParam_Common_actSMBN,bHomingAtReflect,true
BulletParam_Common_actSMBN,AutoReflectDirectionType,オートリフレクト
BulletParam_Common_actSMBN,MoveParam.HomingEndTime,3
BulletParam_Common_actSMBN,ArmorBreakLevel,スマッシュ気弾
BulletParam_Common_actSMBN,DestructionFieldScale,2
BulletParam_Common_actSMBN,ChangePerChargeLv[0].DamageRate,1.5
BulletParam_Common_actSMBN,ChangePerChargeLv[0].FireNum,0
BulletParam_Common_actSMBN,ChangePerChargeLv[0].ArmorBreakLevel,None
BulletParam_Common_actSMBN,ChangePerChargeLv[0].EnergyBullectCollisionPriority,0
BulletParam_Common_actSMBN,ChangePerChargeLv[0].SpeedScale,1
BulletParam_Common_actSMBN,ChangePerChargeLv[0].HomingScale,1
BulletParam_Common_actSMBN,ChangePerChargeLv[0].bIgnoreActionTarget,false
BulletParam_Common_actSMBN,ChangePerChargeLv[0].bReduceZSearchAfterHit,false
BulletParam_Common_actSMBN,ChangePerChargeLv[0].ReduceZSearchEffectTime,0
BulletParam_Common_actSMBN,ChangePerChargeLv[0].bEnableBuff,false
BulletParam_Common_actSMBN,ChangePerChargeLv[0].BuffIndex,0
BulletParam_Common_actSMBN,ChangePerChargeLv[1].DamageRate,2
BulletParam_Common_actSMBN,ChangePerChargeLv[1].FireNum,0
BulletParam_Common_actSMBN,ChangePerChargeLv[1].ArmorBreakLevel,None
BulletParam_Common_actSMBN,ChangePerChargeLv[1].EnergyBullectCollisionPriority,0
BulletParam_Common_actSMBN,ChangePerChargeLv[1].SpeedScale,1
BulletParam_Common_actSMBN,ChangePerChargeLv[1].HomingScale,1
BulletParam_Common_actSMBN,ChangePerChargeLv[1].bIgnoreActionTarget,false
BulletParam_Common_actSMBN,ChangePerChargeLv[1].bReduceZSearchAfterHit,false
BulletParam_Common_actSMBN,ChangePerChargeLv[1].ReduceZSearchEffectTime,0
BulletParam_Common_actSMBN,ChangePerChargeLv[1].bEnableBuff,false
BulletParam_Common_actSMBN,ChangePerChargeLv[1].BuffIndex,0
BulletParam_Common_actSMBN_Huge,Power,1000
BulletParam_Common_actSMBN_Huge,Shave,200
BulletParam_Common_actSMBN_Huge,BeamPower,1000
BulletParam_Common_actSMBN_Huge,BeamShave,200
BulletParam_Common_actSMBN_Huge,ExpendEnergy,4500
BulletParam_Common_actSMBN_Huge,LifeSpan,3.3
BulletParam_Common_actSMBN_Huge,bIgnoreHitBehindAttackChara,true
BulletParam_Common_actSMBN_Huge,EnergyBullectCollisionPriority,30
BulletParam_Common_actSMBN_Huge,HomingAngleLimitAtStart,360
BulletParam_Common_actSMBN_Huge,bHomingAtReflect,true
BulletParam_Common_actSMBN_Huge,AutoReflectDirectionType,オートリフレクト
BulletParam_Common_actSMBN_Huge,MoveParam.HomingEndTime,3
BulletParam_Common_actSMBN_Huge,ArmorBreakLevel,スマッシュ格闘系(フルパワー)
BulletParam_Common_actSMBN_Huge,DestructionFieldScale,200
BulletParam_Common_actSMBN_Huge,ChangePerChargeLv[0].DamageRate,1.5
BulletParam_Common_actSMBN_Huge,ChangePerChargeLv[0].FireNum,0
BulletParam_Common_actSMBN_Huge,ChangePerChargeLv[0].ArmorBreakLevel,None
BulletParam_Common_actSMBN_Huge,ChangePerChargeLv[0].EnergyBullectCollisionPriority,0
BulletParam_Common_actSMBN_Huge,ChangePerChargeLv[0].SpeedScale,1
BulletParam_Common_actSMBN_Huge,ChangePerChargeLv[0].HomingScale,1
BulletParam_Common_actSMBN_Huge,ChangePerChargeLv[0].bIgnoreActionTarget,false
BulletParam_Common_actSMBN_Huge,ChangePerChargeLv[0].bReduceZSearchAfterHit,false
BulletParam_Common_actSMBN_Huge,ChangePerChargeLv[0].ReduceZSearchEffectTime,0
BulletParam_Common_actSMBN_Huge,ChangePerChargeLv[0].bEnableBuff,false
BulletParam_Common_actSMBN_Huge,ChangePerChargeLv[0].BuffIndex,0
BulletParam_Common_actSMBN_Huge,ChangePerChargeLv[1].DamageRate,2
BulletParam_Common_actSMBN_Huge,ChangePerChargeLv[1].FireNum,0
BulletParam_Common_actSMBN_Huge,ChangePerChargeLv[1].ArmorBreakLevel,None
BulletParam_Common_actSMBN_Huge,ChangePerChargeLv[1].EnergyBullectCollisionPriority,0
BulletParam_Common_actSMBN_Huge,ChangePerChargeLv[1].SpeedScale,1
BulletParam_Common_actSMBN_Huge,ChangePerChargeLv[1].HomingScale,1
BulletParam_Common_actSMBN_Huge,ChangePerChargeLv[1].bIgnoreActionTarget,false
BulletParam_Common_actSMBN_Huge,ChangePerChargeLv[1].bReduceZSearchAfterHit,false
BulletParam_Common_actSMBN_Huge,ChangePerChargeLv[1].ReduceZSearchEffectTime,0
BulletParam_Common_actSMBN_Huge,ChangePerChargeLv[1].bEnableBuff,false
BulletParam_Common_actSMBN_Huge,ChangePerChargeLv[1].BuffIndex,0
BulletParam_Common_actSMBN_stone,Power,300
BulletParam_Common_actSMBN_stone,Shave,60
BulletParam_Common_actSMBN_stone,BeamPower,300
BulletParam_Common_actSMBN_stone,BeamShave,60
BulletParam_Common_actSMBN_stone,ExpendEnergy,2000
BulletParam_Common_actSMBN_stone,LifeSpan,1.5
BulletParam_Common_actSMBN_stone,bIgnoreHitBehindAttackChara,true
BulletParam_Common_actSMBN_stone,GeometryCollisionSize,15
BulletParam_Common_actSMBN_stone,ClashCollisionSize,50
BulletParam_Common_actSMBN_stone,EnergyBullectCollisionPriority,20
BulletParam_Common_actSMBN_stone,HomingAngleLimitAtStart,360
BulletParam_Common_actSMBN_stone,TargetPointDiffusionRadius,15
BulletParam_Common_actSMBN_stone,AutoReflectDirectionType,オートリフレクト
BulletParam_Common_actSMBN_stone,MoveParam.HomingEndTime,0.3
BulletParam_Common_actSMBN_stone,ArmorBreakLevel,スマッシュ気弾
BulletParam_Common_actSMBN_stone,bImpossibleAbsorption,true
BulletParam_Common_actSMBN_stone,DestructionFieldScale,2
BulletParam_Common_actSMBN_stone,ChangePerChargeLv[0].DamageRate,1.5
BulletParam_Common_actSMBN_stone,ChangePerChargeLv[0].FireNum,0
BulletParam_Common_actSMBN_stone,ChangePerChargeLv[0].ArmorBreakLevel,None
BulletParam_Common_actSMBN_stone,ChangePerChargeLv[0].EnergyBullectCollisionPriority,0
BulletParam_Common_actSMBN_stone,ChangePerChargeLv[0].SpeedScale,1
BulletParam_Common_actSMBN_stone,ChangePerChargeLv[0].HomingScale,1
BulletParam_Common_actSMBN_stone,ChangePerChargeLv[0].bIgnoreActionTarget,false
BulletParam_Common_actSMBN_stone,ChangePerChargeLv[0].bReduceZSearchAfterHit,false
BulletParam_Common_actSMBN_stone,ChangePerChargeLv[0].ReduceZSearchEffectTime,0
BulletParam_Common_actSMBN_stone,ChangePerChargeLv[0].bEnableBuff,false
BulletParam_Common_actSMBN_stone,ChangePerChargeLv[0].BuffIndex,0
BulletParam_Common_actSMBN_stone,ChangePerChargeLv[1].DamageRate,2
BulletParam_Common_actSMBN_stone,ChangePerChargeLv[1].FireNum,0
BulletParam_Common_actSMBN_stone,ChangePerChargeLv[1].ArmorBreakLevel,None
BulletParam_Common_actSMBN_stone,ChangePerChargeLv[1].EnergyBullectCollisionPriority,0
BulletParam_Common_actSMBN_stone,ChangePerChargeLv[1].SpeedScale,1
BulletParam_Common_actSMBN_stone,ChangePerChargeLv[1].HomingScale,1
BulletParam_Common_actSMBN_stone,ChangePerChargeLv[1].bIgnoreActionTarget,false
BulletParam_Common_actSMBN_stone,ChangePerChargeLv[1].bReduceZSearchAfterHit,false
BulletParam_Common_actSMBN_stone,ChangePerChargeLv[1].ReduceZSearchEffectTime,0
BulletParam_Common_actSMBN_stone,ChangePerChargeLv[1].bEnableBuff,false
BulletParam_Common_actSMBN_stone,ChangePerChargeLv[1].BuffIndex,0
BulletParam_Common_actSMBN1,Power,800
BulletParam_Common_actSMBN1,Shave,160
BulletParam_Common_actSMBN1,BeamPower,800
BulletParam_Common_actSMBN1,BeamShave,160
BulletParam_Common_actSMBN1,ExpendEnergy,3000
BulletParam_Common_actSMBN1,LifeSpan,3
BulletParam_Common_actSMBN1,CharacterCollisionSize,50
BulletParam_Common_actSMBN1,bIgnoreHitBehindAttackChara,true
BulletParam_Common_actSMBN1,GeometryCollisionSize,24
BulletParam_Common_actSMBN1,ClashCollisionSize,50
BulletParam_Common_actSMBN1,EnergyBullectCollisionPriority,20
BulletParam_Common_actSMBN1,HomingAngleLimitAtStart,360
BulletParam_Common_actSMBN1,bHomingAtReflect,true
BulletParam_Common_actSMBN1,AutoReflectDirectionType,オートリフレクト
BulletParam_Common_actSMBN1,MoveParam.HomingEndTime,3
BulletParam_Common_actSMBN1,ArmorBreakLevel,スマッシュ気弾
BulletParam_Common_actSMBN1,DestructionFieldScale,2
BulletParam_Common_actSMBN1,ChangePerChargeLv[0].DamageRate,1.5
BulletParam_Common_actSMBN1,ChangePerChargeLv[0].FireNum,0
BulletParam_Common_actSMBN1,ChangePerChargeLv[0].ArmorBreakLevel,None
BulletParam_Common_actSMBN1,ChangePerChargeLv[0].EnergyBullectCollisionPriority,0
BulletParam_Common_actSMBN1,ChangePerChargeLv[0].SpeedScale,1
BulletParam_Common_actSMBN1,ChangePerChargeLv[0].HomingScale,1
BulletParam_Common_actSMBN1,ChangePerChargeLv[0].bIgnoreActionTarget,false
BulletParam_Common_actSMBN1,ChangePerChargeLv[0].bReduceZSearchAfterHit,false
BulletParam_Common_actSMBN1,ChangePerChargeLv[0].ReduceZSearchEffectTime,0
BulletParam_Common_actSMBN1,ChangePerChargeLv[0].bEnableBuff,false
BulletParam_Common_actSMBN1,ChangePerChargeLv[0].BuffIndex,0
BulletParam_Common_actSMBN1,ChangePerChargeLv[1].DamageRate,2
BulletParam_Common_actSMBN1,ChangePerChargeLv[1].FireNum,0
BulletParam_Common_actSMBN1,ChangePerChargeLv[1].ArmorBreakLevel,None
BulletParam_Common_actSMBN1,ChangePerChargeLv[1].EnergyBullectCollisionPriority,0
BulletParam_Common_actSMBN1,ChangePerChargeLv[1].SpeedScale,1
BulletParam_Common_actSMBN1,ChangePerChargeLv[1].HomingScale,1
BulletParam_Common_actSMBN1,ChangePerChargeLv[1].bIgnoreActionTarget,false
BulletParam_Common_actSMBN1,ChangePerChargeLv[1].bReduceZSearchAfterHit,false
BulletParam_Common_actSMBN1,ChangePerChargeLv[1].ReduceZSearchEffectTime,0
BulletParam_Common_actSMBN1,ChangePerChargeLv[1].bEnableBuff,false
BulletParam_Common_actSMBN1,ChangePerChargeLv[1].BuffIndex,0
BulletParam_Common_actSMBN1_double,Power,400
BulletParam_Common_actSMBN1_double,Shave,80
BulletParam_Common_actSMBN1_double,BeamPower,400
BulletParam_Common_actSMBN1_double,BeamShave,80
BulletParam_Common_actSMBN1_double,ExpendEnergy,4000
BulletParam_Common_actSMBN1_double,LifeSpan,3
BulletParam_Common_actSMBN1_double,FireNum,2
BulletParam_Common_actSMBN1_double,CharacterCollisionSize,50
BulletParam_Common_actSMBN1_double,bIgnoreHitBehindAttackChara,true
BulletParam_Common_actSMBN1_double,GeometryCollisionSize,24
BulletParam_Common_actSMBN1_double,ClashCollisionSize,50
BulletParam_Common_actSMBN1_double,EnergyBullectCollisionPriority,20
BulletParam_Common_actSMBN1_double,HomingAngleLimitAtStart,360
BulletParam_Common_actSMBN1_double,TargetPointDiffusionRadius,50
BulletParam_Common_actSMBN1_double,bHomingAtReflect,true
BulletParam_Common_actSMBN1_double,AutoReflectDirectionType,オートリフレクト
BulletParam_Common_actSMBN1_double,MoveParam.HomingEndTime,3
BulletParam_Common_actSMBN1_double,ArmorBreakLevel,スマッシュ気弾
BulletParam_Common_actSMBN1_double,DestructionFieldScale,2
BulletParam_Common_actSMBN1_double,ChangePerChargeLv[0].DamageRate,1.5
BulletParam_Common_actSMBN1_double,ChangePerChargeLv[0].FireNum,0
BulletParam_Common_actSMBN1_double,ChangePerChargeLv[0].ArmorBreakLevel,None
BulletParam_Common_actSMBN1_double,ChangePerChargeLv[0].EnergyBullectCollisionPriority,0
BulletParam_Common_actSMBN1_double,ChangePerChargeLv[0].SpeedScale,1
BulletParam_Common_actSMBN1_double,ChangePerChargeLv[0].HomingScale,1
BulletParam_Common_actSMBN1_double,ChangePerChargeLv[0].bIgnoreActionTarget,false
BulletParam_Common_actSMBN1_double,ChangePerChargeLv[0].bReduceZSearchAfterHit,false
BulletParam_Common_actSMBN1_double,ChangePerChargeLv[0].ReduceZSearchEffectTime,0
BulletParam_Common_actSMBN1_double,ChangePerChargeLv[0].bEnableBuff,false
BulletParam_Common_actSMBN1_double,ChangePerChargeLv[0].BuffIndex,0
BulletParam_Common_actSMBN1_double,ChangePerChargeLv[1].DamageRate,2
BulletParam_Common_actSMBN1_double,ChangePerChargeLv[1].FireNum,0
BulletParam_Common_actSMBN1_double,ChangePerChargeLv[1].ArmorBreakLevel,None
BulletParam_Common_actSMBN1_double,ChangePerChargeLv[1].EnergyBullectCollisionPriority,0
BulletParam_Common_actSMBN1_double,ChangePerChargeLv[1].SpeedScale,1
BulletParam_Common_actSMBN1_double,ChangePerChargeLv[1].HomingScale,1
BulletParam_Common_actSMBN1_double,ChangePerChargeLv[1].bIgnoreActionTarget,false
BulletParam_Common_actSMBN1_double,ChangePerChargeLv[1].bReduceZSearchAfterHit,false
BulletParam_Common_actSMBN1_double,ChangePerChargeLv[1].ReduceZSearchEffectTime,0
BulletParam_Common_actSMBN1_double,ChangePerChargeLv[1].bEnableBuff,false
BulletParam_Common_actSMBN1_double,ChangePerChargeLv[1].BuffIndex,0
BulletParam_Common_actSMBN2,Power,400
BulletParam_Common_actSMBN2,Shave,80
BulletParam_Common_actSMBN2,BeamPower,400
BulletParam_Common_actSMBN2,BeamShave,80
BulletParam_Common_actSMBN2,ExpendEnergy,6000
BulletParam_Common_actSMBN2,LifeSpan,3
BulletParam_Common_actSMBN2,FireNum,3
BulletParam_Common_actSMBN2,bIgnoreHitBehindAttackChara,true
BulletParam_Common_actSMBN2,EnergyBullectCollisionPriority,20
BulletParam_Common_actSMBN2,HomingAngleLimitAtStart,360
BulletParam_Common_actSMBN2,TargetPointDiffusionRadius,50
BulletParam_Common_actSMBN2,bHomingAtReflect,true
BulletParam_Common_actSMBN2,AutoReflectDirectionType,オートリフレクト
BulletParam_Common_actSMBN2,MoveParam.SpeedRandamScale.Min,0.7
BulletParam_Common_actSMBN2,MoveParam.HomingRandamScale.Min,0.8
BulletParam_Common_actSMBN2,MoveParam.HomingEndTime,3
BulletParam_Common_actSMBN2,ArmorBreakLevel,スマッシュ気弾
BulletParam_Common_actSMBN2,DestructionFieldScale,2
BulletParam_Common_actSMBN2,ChangePerChargeLv[0].DamageRate,1.5
BulletParam_Common_actSMBN2,ChangePerChargeLv[0].FireNum,0
BulletParam_Common_actSMBN2,ChangePerChargeLv[0].ArmorBreakLevel,None
BulletParam_Common_actSMBN2,ChangePerChargeLv[0].EnergyBullectCollisionPriority,0
BulletParam_Common_actSMBN2,ChangePerChargeLv[0].SpeedScale,1
BulletParam_Common_actSMBN2,ChangePerChargeLv[0].HomingScale,1
BulletParam_Common_actSMBN2,ChangePerChargeLv[0].bIgnoreActionTarget,false
BulletParam_Common_actSMBN2,ChangePerChargeLv[0].bReduceZSearchAfterHit,false
BulletParam_Common_actSMBN2,ChangePerChargeLv[0].ReduceZSearchEffectTime,0
BulletParam_Common_actSMBN2,ChangePerChargeLv[0].bEnableBuff,false
BulletParam_Common_actSMBN2,ChangePerChargeLv[0].BuffIndex,0
BulletParam_Common_actSMBN2,ChangePerChargeLv[1].DamageRate,2
BulletParam_Common_actSMBN2,ChangePerChargeLv[1].FireNum,0
BulletParam_Common_actSMBN2,ChangePerChargeLv[1].ArmorBreakLevel,None
BulletParam_Common_actSMBN2,ChangePerChargeLv[1].EnergyBullectCollisionPriority,0
BulletParam_Common_actSMBN2,ChangePerChargeLv[1].SpeedScale,1
BulletParam_Common_actSMBN2,ChangePerChargeLv[1].HomingScale,1
BulletParam_Common_actSMBN2,ChangePerChargeLv[1].bIgnoreActionTarget,false
BulletParam_Common_actSMBN2,ChangePerChargeLv[1].bReduceZSearchAfterHit,false
BulletParam_Common_actSMBN2,ChangePerChargeLv[1].ReduceZSearchEffectTime,0
BulletParam_Common_actSMBN2,ChangePerChargeLv[1].bEnableBuff,false
BulletParam_Common_actSMBN2,ChangePerChargeLv[1].BuffIndex,0
BulletParam_Common_actSMBN2_Homs_Huge,Power,400
BulletParam_Common_actSMBN2_Homs_Huge,Shave,80
BulletParam_Common_actSMBN2_Homs_Huge,BeamPower,400
BulletParam_Common_actSMBN2_Homs_Huge,BeamShave,80
BulletParam_Common_actSMBN2_Homs_Huge,ExpendEnergy,4500
BulletParam_Common_actSMBN2_Homs_Huge,LifeSpan,3.3
BulletParam_Common_actSMBN2_Homs_Huge,FireNum,3
BulletParam_Common_actSMBN2_Homs_Huge,bIgnoreHitBehindAttackChara,true
BulletParam_Common_actSMBN2_Homs_Huge,EnergyBullectCollisionPriority,20
BulletParam_Common_actSMBN2_Homs_Huge,HomingAngleLimitAtStart,360
BulletParam_Common_actSMBN2_Homs_Huge,TargetPointDiffusionRadius,50
BulletParam_Common_actSMBN2_Homs_Huge,bHomingAtReflect,true
BulletParam_Common_actSMBN2_Homs_Huge,AutoReflectDirectionType,オートリフレクト
BulletParam_Common_actSMBN2_Homs_Huge,MoveParam.SpeedRandamScale.Min,0.8
BulletParam_Common_actSMBN2_Homs_Huge,MoveParam.SpeedRandamScale.Max,1.2
BulletParam_Common_actSMBN2_Homs_Huge,MoveParam.HomingRandamScale.Min,0.5
BulletParam_Common_actSMBN2_Homs_Huge,MoveParam.HomingRandamScale.Max,1.5
BulletParam_Common_actSMBN2_Homs_Huge,MoveParam.HomingEndTime,2.5
BulletParam_Common_actSMBN2_Homs_Huge,ArmorBreakLevel,スマッシュ気弾
BulletParam_Common_actSMBN2_Homs_Huge,bIgnoreActionTarget,true
BulletParam_Common_actSMBN2_Homs_Huge,DestructionFieldScale,2
BulletParam_Common_actSMBN2_Homs_Huge,ChangePerChargeLv[0].DamageRate,1.5
BulletParam_Common_actSMBN2_Homs_Huge,ChangePerChargeLv[0].FireNum,0
BulletParam_Common_actSMBN2_Homs_Huge,ChangePerChargeLv[0].ArmorBreakLevel,None
BulletParam_Common_actSMBN2_Homs_Huge,ChangePerChargeLv[0].EnergyBullectCollisionPriority,0
BulletParam_Common_actSMBN2_Homs_Huge,ChangePerChargeLv[0].SpeedScale,1
BulletParam_Common_actSMBN2_Homs_Huge,ChangePerChargeLv[0].HomingScale,1
BulletParam_Common_actSMBN2_Homs_Huge,ChangePerChargeLv[0].bIgnoreActionTarget,false
BulletParam_Common_actSMBN2_Homs_Huge,ChangePerChargeLv[0].bReduceZSearchAfterHit,false
BulletParam_Common_actSMBN2_Homs_Huge,ChangePerChargeLv[0].ReduceZSearchEffectTime,0
BulletParam_Common_actSMBN2_Homs_Huge,ChangePerChargeLv[0].bEnableBuff,false
BulletParam_Common_actSMBN2_Homs_Huge,ChangePerChargeLv[0].BuffIndex,0
BulletParam_Common_actSMBN2_Homs_Huge,ChangePerChargeLv[1].DamageRate,2
BulletParam_Common_actSMBN2_Homs_Huge,ChangePerChargeLv[1].FireNum,0
BulletParam_Common_actSMBN2_Homs_Huge,ChangePerChargeLv[1].ArmorBreakLevel,None
BulletParam_Common_actSMBN2_Homs_Huge,ChangePerChargeLv[1].EnergyBullectCollisionPriority,0
BulletParam_Common_actSMBN2_Homs_Huge,ChangePerChargeLv[1].SpeedScale,1
BulletParam_Common_actSMBN2_Homs_Huge,ChangePerChargeLv[1].HomingScale,1
BulletParam_Common_actSMBN2_Homs_Huge,ChangePerChargeLv[1].bIgnoreActionTarget,false
BulletParam_Common_actSMBN2_Homs_Huge,ChangePerChargeLv[1].bReduceZSearchAfterHit,false
BulletParam_Common_actSMBN2_Homs_Huge,ChangePerChargeLv[1].ReduceZSearchEffectTime,0
BulletParam_Common_actSMBN2_Homs_Huge,ChangePerChargeLv[1].bEnableBuff,false
BulletParam_Common_actSMBN2_Homs_Huge,ChangePerChargeLv[1].BuffIndex,0
BulletParam_Common_actSMBN3_Shots2,Power,300
BulletParam_Common_actSMBN3_Shots2,Shave,60
BulletParam_Common_actSMBN3_Shots2,BeamPower,500
BulletParam_Common_actSMBN3_Shots2,BeamShave,100
BulletParam_Common_actSMBN3_Shots2,ExpendEnergy,3000
BulletParam_Common_actSMBN3_Shots2,LifeSpan,0.5
BulletParam_Common_actSMBN3_Shots2,FireNum,2
BulletParam_Common_actSMBN3_Shots2,CharacterCollisionSize,40
BulletParam_Common_actSMBN3_Shots2,bIgnoreHitBehindAttackChara,true
BulletParam_Common_actSMBN3_Shots2,GeometryCollisionSize,20
BulletParam_Common_actSMBN3_Shots2,ClashCollisionSize,30
BulletParam_Common_actSMBN3_Shots2,EnergyBullectCollisionPriority,20
BulletParam_Common_actSMBN3_Shots2,HomingAngleLimitAtStart,35
BulletParam_Common_actSMBN3_Shots2,HomingAngleLimitAtStartYaw,7.5
BulletParam_Common_actSMBN3_Shots2,bHomingAtReflect,true
BulletParam_Common_actSMBN3_Shots2,AutoReflectDirectionType,オートリフレクト
BulletParam_Common_actSMBN3_Shots2,MoveParam.HomingEndTime,0.1
BulletParam_Common_actSMBN3_Shots2,ArmorBreakLevel,スマッシュ気弾
BulletParam_Common_actSMBN3_Shots2,DestructionFieldScale,2
BulletParam_Common_actSMBN3_Shots2,ChangePerChargeLv[0].DamageRate,1.2
BulletParam_Common_actSMBN3_Shots2,ChangePerChargeLv[0].FireNum,0
BulletParam_Common_actSMBN3_Shots2,ChangePerChargeLv[0].ArmorBreakLevel,None
BulletParam_Common_actSMBN3_Shots2,ChangePerChargeLv[0].EnergyBullectCollisionPriority,0
BulletParam_Common_actSMBN3_Shots2,ChangePerChargeLv[0].SpeedScale,1
BulletParam_Common_actSMBN3_Shots2,ChangePerChargeLv[0].HomingScale,1
BulletParam_Common_actSMBN3_Shots2,ChangePerChargeLv[0].bIgnoreActionTarget,false
BulletParam_Common_actSMBN3_Shots2,ChangePerChargeLv[0].bReduceZSearchAfterHit,false
BulletParam_Common_actSMBN3_Shots2,ChangePerChargeLv[0].ReduceZSearchEffectTime,0
BulletParam_Common_actSMBN3_Shots2,ChangePerChargeLv[0].bEnableBuff,false
BulletParam_Common_actSMBN3_Shots2,ChangePerChargeLv[0].BuffIndex,0
BulletParam_Common_actSMBN3_Shots2,ChangePerChargeLv[1].DamageRate,1.8
BulletParam_Common_actSMBN3_Shots2,ChangePerChargeLv[1].FireNum,0
BulletParam_Common_actSMBN3_Shots2,ChangePerChargeLv[1].ArmorBreakLevel,None
BulletParam_Common_actSMBN3_Shots2,ChangePerChargeLv[1].EnergyBullectCollisionPriority,0
BulletParam_Common_actSMBN3_Shots2,ChangePerChargeLv[1].SpeedScale,1
BulletParam_Common_actSMBN3_Shots2,ChangePerChargeLv[1].HomingScale,1
BulletParam_Common_actSMBN3_Shots2,ChangePerChargeLv[1].bIgnoreActionTarget,false
BulletParam_Common_actSMBN3_Shots2,ChangePerChargeLv[1].bReduceZSearchAfterHit,false
BulletParam_Common_actSMBN3_Shots2,ChangePerChargeLv[1].ReduceZSearchEffectTime,0
BulletParam_Common_actSMBN3_Shots2,ChangePerChargeLv[1].bEnableBuff,false
BulletParam_Common_actSMBN3_Shots2,ChangePerChargeLv[1].BuffIndex,0
BulletParam_Common_actSMBN3_Shots3,Power,270
BulletParam_Common_actSMBN3_Shots3,Shave,54
BulletParam_Common_actSMBN3_Shots3,BeamPower,500
BulletParam_Common_actSMBN3_Shots3,BeamShave,100
BulletParam_Common_actSMBN3_Shots3,ExpendEnergy,3000
BulletParam_Common_actSMBN3_Shots3,LifeSpan,0.5
BulletParam_Common_actSMBN3_Shots3,FireNum,3
BulletParam_Common_actSMBN3_Shots3,CharacterCollisionSize,40
BulletParam_Common_actSMBN3_Shots3,bIgnoreHitBehindAttackChara,true
BulletParam_Common_actSMBN3_Shots3,GeometryCollisionSize,20
BulletParam_Common_actSMBN3_Shots3,ClashCollisionSize,30
BulletParam_Common_actSMBN3_Shots3,EnergyBullectCollisionPriority,20
BulletParam_Common_actSMBN3_Shots3,HomingAngleLimitAtStart,35
BulletParam_Common_actSMBN3_Shots3,HomingAngleLimitAtStartYaw,7.5
BulletParam_Common_actSMBN3_Shots3,bHomingAtReflect,true
BulletParam_Common_actSMBN3_Shots3,AutoReflectDirectionType,オートリフレクト
BulletParam_Common_actSMBN3_Shots3,MoveParam.HomingEndTime,0.1
BulletParam_Common_actSMBN3_Shots3,ArmorBreakLevel,スマッシュ気弾
BulletParam_Common_actSMBN3_Shots3,DestructionFieldScale,2
BulletParam_Common_actSMBN3_Shots3,ChangePerChargeLv[0].DamageRate,1.2
BulletParam_Common_actSMBN3_Shots3,ChangePerChargeLv[0].FireNum,0
BulletParam_Common_actSMBN3_Shots3,ChangePerChargeLv[0].ArmorBreakLevel,None
BulletParam_Common_actSMBN3_Shots3,ChangePerChargeLv[0].EnergyBullectCollisionPriority,0
BulletParam_Common_actSMBN3_Shots3,ChangePerChargeLv[0].SpeedScale,1
BulletParam_Common_actSMBN3_Shots3,ChangePerChargeLv[0].HomingScale,1
BulletParam_Common_actSMBN3_Shots3,ChangePerChargeLv[0].bIgnoreActionTarget,false
BulletParam_Common_actSMBN3_Shots3,ChangePerChargeLv[0].bReduceZSearchAfterHit,false
BulletParam_Common_actSMBN3_Shots3,ChangePerChargeLv[0].ReduceZSearchEffectTime,0
BulletParam_Common_actSMBN3_Shots3,ChangePerChargeLv[0].bEnableBuff,false
BulletParam_Common_actSMBN3_Shots3,ChangePerChargeLv[0].BuffIndex,0
BulletParam_Common_actSMBN3_Shots3,ChangePerChargeLv[1].DamageRate,1.8
BulletParam_Common_actSMBN3_Shots3,ChangePerChargeLv[1].FireNum,0
BulletParam_Common_actSMBN3_Shots3,ChangePerChargeLv[1].ArmorBreakLevel,None
BulletParam_Common_actSMBN3_Shots3,ChangePerChargeLv[1].EnergyBullectCollisionPriority,0
BulletParam_Common_actSMBN3_Shots3,ChangePerChargeLv[1].SpeedScale,1
BulletParam_Common_actSMBN3_Shots3,ChangePerChargeLv[1].HomingScale,1
BulletParam_Common_actSMBN3_Shots3,ChangePerChargeLv[1].bIgnoreActionTarget,false
BulletParam_Common_actSMBN3_Shots3,ChangePerChargeLv[1].bReduceZSearchAfterHit,false
BulletParam_Common_actSMBN3_Shots3,ChangePerChargeLv[1].ReduceZSearchEffectTime,0
BulletParam_Common_actSMBN3_Shots3,ChangePerChargeLv[1].bEnableBuff,false
BulletParam_Common_actSMBN3_Shots3,ChangePerChargeLv[1].BuffIndex,0
BulletParam_Common_actSMBN3_Shots3_L,Power,270
BulletParam_Common_actSMBN3_Shots3_L,Shave,54
BulletParam_Common_actSMBN3_Shots3_L,BeamPower,500
BulletParam_Common_actSMBN3_Shots3_L,BeamShave,100
BulletParam_Common_actSMBN3_Shots3_L,ExpendEnergy,3000
BulletParam_Common_actSMBN3_Shots3_L,LifeSpan,0.5
BulletParam_Common_actSMBN3_Shots3_L,FireNum,3
BulletParam_Common_actSMBN3_Shots3_L,CharacterCollisionSize,40
BulletParam_Common_actSMBN3_Shots3_L,bIgnoreHitBehindAttackChara,true
BulletParam_Common_actSMBN3_Shots3_L,GeometryCollisionSize,20
BulletParam_Common_actSMBN3_Shots3_L,ClashCollisionSize,30
BulletParam_Common_actSMBN3_Shots3_L,EnergyBullectCollisionPriority,20
BulletParam_Common_actSMBN3_Shots3_L,HomingAngleLimitAtStart,35
BulletParam_Common_actSMBN3_Shots3_L,HomingAngleLimitAtStartYaw,7.5
BulletParam_Common_actSMBN3_Shots3_L,TargetPointDiffusionRadius,25
BulletParam_Common_actSMBN3_Shots3_L,bHomingAtReflect,true
BulletParam_Common_actSMBN3_Shots3_L,AutoReflectDirectionType,オートリフレクト
BulletParam_Common_actSMBN3_Shots3_L,MoveParam.HomingEndTime,0.1
BulletParam_Common_actSMBN3_Shots3_L,ArmorBreakLevel,スマッシュ気弾
BulletParam_Common_actSMBN3_Shots3_L,DestructionFieldScale,2
BulletParam_Common_actSMBN3_Shots3_L,ChangePerChargeLv[0].DamageRate,1.2
BulletParam_Common_actSMBN3_Shots3_L,ChangePerChargeLv[0].FireNum,0
BulletParam_Common_actSMBN3_Shots3_L,ChangePerChargeLv[0].ArmorBreakLevel,None
BulletParam_Common_actSMBN3_Shots3_L,ChangePerChargeLv[0].EnergyBullectCollisionPriority,0
BulletParam_Common_actSMBN3_Shots3_L,ChangePerChargeLv[0].SpeedScale,1
BulletParam_Common_actSMBN3_Shots3_L,ChangePerChargeLv[0].HomingScale,1
BulletParam_Common_actSMBN3_Shots3_L,ChangePerChargeLv[0].bIgnoreActionTarget,false
BulletParam_Common_actSMBN3_Shots3_L,ChangePerChargeLv[0].bReduceZSearchAfterHit,false
BulletParam_Common_actSMBN3_Shots3_L,ChangePerChargeLv[0].ReduceZSearchEffectTime,0
BulletParam_Common_actSMBN3_Shots3_L,ChangePerChargeLv[0].bEnableBuff,false
BulletParam_Common_actSMBN3_Shots3_L,ChangePerChargeLv[0].BuffIndex,0
BulletParam_Common_actSMBN3_Shots3_L,ChangePerChargeLv[1].DamageRate,1.8
BulletParam_Common_actSMBN3_Shots3_L,ChangePerChargeLv[1].FireNum,0
BulletParam_Common_actSMBN3_Shots3_L,ChangePerChargeLv[1].ArmorBreakLevel,None
BulletParam_Common_actSMBN3_Shots3_L,ChangePerChargeLv[1].EnergyBullectCollisionPriority,0
BulletParam_Common_actSMBN3_Shots3_L,ChangePerChargeLv[1].SpeedScale,1
BulletParam_Common_actSMBN3_Shots3_L,ChangePerChargeLv[1].HomingScale,1
BulletParam_Common_actSMBN3_Shots3_L,ChangePerChargeLv[1].bIgnoreActionTarget,false
BulletParam_Common_actSMBN3_Shots3_L,ChangePerChargeLv[1].bReduceZSearchAfterHit,false
BulletParam_Common_actSMBN3_Shots3_L,ChangePerChargeLv[1].ReduceZSearchEffectTime,0
BulletParam_Common_actSMBN3_Shots3_L,ChangePerChargeLv[1].bEnableBuff,false
BulletParam_Common_actSMBN3_Shots3_L,ChangePerChargeLv[1].BuffIndex,0
BulletParam_Common_actSMBN3_Shots4,Shave,40
BulletParam_Common_actSMBN3_Shots4,BeamPower,350
BulletParam_Common_actSMBN3_Shots4,BeamShave,70
BulletParam_Common_actSMBN3_Shots4,ExpendEnergy,3000
BulletParam_Common_actSMBN3_Shots4,LifeSpan,0.5
BulletParam_Common_actSMBN3_Shots4,FireNum,4
BulletParam_Common_actSMBN3_Shots4,CharacterCollisionSize,40
BulletParam_Common_actSMBN3_Shots4,bIgnoreHitBehindAttackChara,true
BulletParam_Common_actSMBN3_Shots4,GeometryCollisionSize,20
BulletParam_Common_actSMBN3_Shots4,ClashCollisionSize,30
BulletParam_Common_actSMBN3_Shots4,EnergyBullectCollisionPriority,20
BulletParam_Common_actSMBN3_Shots4,HomingAngleLimitAtStart,35
BulletParam_Common_actSMBN3_Shots4,HomingAngleLimitAtStartYaw,7.5
BulletParam_Common_actSMBN3_Shots4,bHomingAtReflect,true
BulletParam_Common_actSMBN3_Shots4,AutoReflectDirectionType,オートリフレクト
BulletParam_Common_actSMBN3_Shots4,MoveParam.HomingEndTime,0.1
BulletParam_Common_actSMBN3_Shots4,ArmorBreakLevel,スマッシュ気弾
BulletParam_Common_actSMBN3_Shots4,DestructionFieldScale,2
BulletParam_Common_actSMBN3_Shots4,ChangePerChargeLv[0].DamageRate,1.15
BulletParam_Common_actSMBN3_Shots4,ChangePerChargeLv[0].FireNum,0
BulletParam_Common_actSMBN3_Shots4,ChangePerChargeLv[0].ArmorBreakLevel,None
BulletParam_Common_actSMBN3_Shots4,ChangePerChargeLv[0].EnergyBullectCollisionPriority,0
BulletParam_Common_actSMBN3_Shots4,ChangePerChargeLv[0].SpeedScale,1
BulletParam_Common_actSMBN3_Shots4,ChangePerChargeLv[0].HomingScale,1
BulletParam_Common_actSMBN3_Shots4,ChangePerChargeLv[0].bIgnoreActionTarget,false
BulletParam_Common_actSMBN3_Shots4,ChangePerChargeLv[0].bReduceZSearchAfterHit,false
BulletParam_Common_actSMBN3_Shots4,ChangePerChargeLv[0].ReduceZSearchEffectTime,0
BulletParam_Common_actSMBN3_Shots4,ChangePerChargeLv[0].bEnableBuff,false
BulletParam_Common_actSMBN3_Shots4,ChangePerChargeLv[0].BuffIndex,0
BulletParam_Common_actSMBN3_Shots4,ChangePerChargeLv[1].DamageRate,1.75
BulletParam_Common_actSMBN3_Shots4,ChangePerChargeLv[1].FireNum,0
BulletParam_Common_actSMBN3_Shots4,ChangePerChargeLv[1].ArmorBreakLevel,None
BulletParam_Common_actSMBN3_Shots4,ChangePerChargeLv[1].EnergyBullectCollisionPriority,0
BulletParam_Common_actSMBN3_Shots4,ChangePerChargeLv[1].SpeedScale,1
BulletParam_Common_actSMBN3_Shots4,ChangePerChargeLv[1].HomingScale,1
BulletParam_Common_actSMBN3_Shots4,ChangePerChargeLv[1].bIgnoreActionTarget,false
BulletParam_Common_actSMBN3_Shots4,ChangePerChargeLv[1].bReduceZSearchAfterHit,false
BulletParam_Common_actSMBN3_Shots4,ChangePerChargeLv[1].ReduceZSearchEffectTime,0
BulletParam_Common_actSMBN3_Shots4,ChangePerChargeLv[1].bEnableBuff,false
BulletParam_Common_actSMBN3_Shots4,ChangePerChargeLv[1].BuffIndex,0
BulletParam_Common_actSMBN3_Shots5,Power,220
BulletParam_Common_actSMBN3_Shots5,Shave,44
BulletParam_Common_actSMBN3_Shots5,BeamPower,350
BulletParam_Common_actSMBN3_Shots5,BeamShave,70
BulletParam_Common_actSMBN3_Shots5,ExpendEnergy,3000
BulletParam_Common_actSMBN3_Shots5,LifeSpan,0.5
BulletParam_Common_actSMBN3_Shots5,FireNum,5
BulletParam_Common_actSMBN3_Shots5,CharacterCollisionSize,40
BulletParam_Common_actSMBN3_Shots5,bIgnoreHitBehindAttackChara,true
BulletParam_Common_actSMBN3_Shots5,GeometryCollisionSize,20
BulletParam_Common_actSMBN3_Shots5,ClashCollisionSize,30
BulletParam_Common_actSMBN3_Shots5,EnergyBullectCollisionPriority,20
BulletParam_Common_actSMBN3_Shots5,HomingAngleLimitAtStart,35
BulletParam_Common_actSMBN3_Shots5,HomingAngleLimitAtStartYaw,7.5
BulletParam_Common_actSMBN3_Shots5,bHomingAtReflect,true
BulletParam_Common_actSMBN3_Shots5,AutoReflectDirectionType,オートリフレクト
BulletParam_Common_actSMBN3_Shots5,MoveParam.HomingEndTime,0.1
BulletParam_Common_actSMBN3_Shots5,ArmorBreakLevel,スマッシュ気弾
BulletParam_Common_actSMBN3_Shots5,DestructionFieldScale,2
BulletParam_Common_actSMBN3_Shots5,ChangePerChargeLv[0].DamageRate,1.15
BulletParam_Common_actSMBN3_Shots5,ChangePerChargeLv[0].FireNum,0
BulletParam_Common_actSMBN3_Shots5,ChangePerChargeLv[0].ArmorBreakLevel,None
BulletParam_Common_actSMBN3_Shots5,ChangePerChargeLv[0].EnergyBullectCollisionPriority,0
BulletParam_Common_actSMBN3_Shots5,ChangePerChargeLv[0].SpeedScale,1
BulletParam_Common_actSMBN3_Shots5,ChangePerChargeLv[0].HomingScale,1
BulletParam_Common_actSMBN3_Shots5,ChangePerChargeLv[0].bIgnoreActionTarget,false
BulletParam_Common_actSMBN3_Shots5,ChangePerChargeLv[0].bReduceZSearchAfterHit,false
BulletParam_Common_actSMBN3_Shots5,ChangePerChargeLv[0].ReduceZSearchEffectTime,0
BulletParam_Common_actSMBN3_Shots5,ChangePerChargeLv[0].bEnableBuff,false
BulletParam_Common_actSMBN3_Shots5,ChangePerChargeLv[0].BuffIndex,0
BulletParam_Common_actSMBN3_Shots5,ChangePerChargeLv[1].DamageRate,1.75
BulletParam_Common_actSMBN3_Shots5,ChangePerChargeLv[1].FireNum,0
BulletParam_Common_actSMBN3_Shots5,ChangePerChargeLv[1].ArmorBreakLevel,None
BulletParam_Common_actSMBN3_Shots5,ChangePerChargeLv[1].EnergyBullectCollisionPriority,0
BulletParam_Common_actSMBN3_Shots5,ChangePerChargeLv[1].SpeedScale,1
BulletParam_Common_actSMBN3_Shots5,ChangePerChargeLv[1].HomingScale,1
BulletParam_Common_actSMBN3_Shots5,ChangePerChargeLv[1].bIgnoreActionTarget,false
BulletParam_Common_actSMBN3_Shots5,ChangePerChargeLv[1].bReduceZSearchAfterHit,false
BulletParam_Common_actSMBN3_Shots5,ChangePerChargeLv[1].ReduceZSearchEffectTime,0
BulletParam_Common_actSMBN3_Shots5,ChangePerChargeLv[1].bEnableBuff,false
BulletParam_Common_actSMBN3_Shots5,ChangePerChargeLv[1].BuffIndex,0
BulletParam_Common_actSMBN3_Shots5_L,Power,220
BulletParam_Common_actSMBN3_Shots5_L,Shave,44
BulletParam_Common_actSMBN3_Shots5_L,BeamPower,350
BulletParam_Common_actSMBN3_Shots5_L,BeamShave,70
BulletParam_Common_actSMBN3_Shots5_L,ExpendEnergy,3000
BulletParam_Common_actSMBN3_Shots5_L,LifeSpan,0.5
BulletParam_Common_actSMBN3_Shots5_L,FireNum,5
BulletParam_Common_actSMBN3_Shots5_L,CharacterCollisionSize,40
BulletParam_Common_actSMBN3_Shots5_L,bIgnoreHitBehindAttackChara,true
BulletParam_Common_actSMBN3_Shots5_L,GeometryCollisionSize,20
BulletParam_Common_actSMBN3_Shots5_L,ClashCollisionSize,30
BulletParam_Common_actSMBN3_Shots5_L,EnergyBullectCollisionPriority,20
BulletParam_Common_actSMBN3_Shots5_L,HomingAngleLimitAtStart,35
BulletParam_Common_actSMBN3_Shots5_L,HomingAngleLimitAtStartYaw,7.5
BulletParam_Common_actSMBN3_Shots5_L,TargetPointDiffusionRadius,25
BulletParam_Common_actSMBN3_Shots5_L,bHomingAtReflect,true
BulletParam_Common_actSMBN3_Shots5_L,AutoReflectDirectionType,オートリフレクト
BulletParam_Common_actSMBN3_Shots5_L,MoveParam.HomingEndTime,0.1
BulletParam_Common_actSMBN3_Shots5_L,ArmorBreakLevel,スマッシュ気弾
BulletParam_Common_actSMBN3_Shots5_L,DestructionFieldScale,2
BulletParam_Common_actSMBN3_Shots5_L,ChangePerChargeLv[0].DamageRate,1.15
BulletParam_Common_actSMBN3_Shots5_L,ChangePerChargeLv[0].FireNum,0
BulletParam_Common_actSMBN3_Shots5_L,ChangePerChargeLv[0].ArmorBreakLevel,None
BulletParam_Common_actSMBN3_Shots5_L,ChangePerChargeLv[0].EnergyBullectCollisionPriority,0
BulletParam_Common_actSMBN3_Shots5_L,ChangePerChargeLv[0].SpeedScale,1
BulletParam_Common_actSMBN3_Shots5_L,ChangePerChargeLv[0].HomingScale,1
BulletParam_Common_actSMBN3_Shots5_L,ChangePerChargeLv[0].bIgnoreActionTarget,false
BulletParam_Common_actSMBN3_Shots5_L,ChangePerChargeLv[0].bReduceZSearchAfterHit,false
BulletParam_Common_actSMBN3_Shots5_L,ChangePerChargeLv[0].ReduceZSearchEffectTime,0
BulletParam_Common_actSMBN3_Shots5_L,ChangePerChargeLv[0].bEnableBuff,false
BulletParam_Common_actSMBN3_Shots5_L,ChangePerChargeLv[0].BuffIndex,0
BulletParam_Common_actSMBN3_Shots5_L,ChangePerChargeLv[1].DamageRate,1.75
BulletParam_Common_actSMBN3_Shots5_L,ChangePerChargeLv[1].FireNum,0
BulletParam_Common_actSMBN3_Shots5_L,ChangePerChargeLv[1].ArmorBreakLevel,None
BulletParam_Common_actSMBN3_Shots5_L,ChangePerChargeLv[1].EnergyBullectCollisionPriority,0
BulletParam_Common_actSMBN3_Shots5_L,ChangePerChargeLv[1].SpeedScale,1
BulletParam_Common_actSMBN3_Shots5_L,ChangePerChargeLv[1].HomingScale,1
BulletParam_Common_actSMBN3_Shots5_L,ChangePerChargeLv[1].bIgnoreActionTarget,false
BulletParam_Common_actSMBN3_Shots5_L,ChangePerChargeLv[1].bReduceZSearchAfterHit,false
BulletParam_Common_actSMBN3_Shots5_L,ChangePerChargeLv[1].ReduceZSearchEffectTime,0
BulletParam_Common_actSMBN3_Shots5_L,ChangePerChargeLv[1].bEnableBuff,false
BulletParam_Common_actSMBN3_Shots5_L,ChangePerChargeLv[1].BuffIndex,0
BulletParam_Common_actSMBN3_Shots6,Power,170
BulletParam_Common_actSMBN3_Shots6,Shave,34
BulletParam_Common_actSMBN3_Shots6,BeamPower,350
BulletParam_Common_actSMBN3_Shots6,BeamShave,70
BulletParam_Common_actSMBN3_Shots6,ExpendEnergy,3000
BulletParam_Common_actSMBN3_Shots6,LifeSpan,0.5
BulletParam_Common_actSMBN3_Shots6,FireNum,6
BulletParam_Common_actSMBN3_Shots6,CharacterCollisionSize,40
BulletParam_Common_actSMBN3_Shots6,bIgnoreHitBehindAttackChara,true
BulletParam_Common_actSMBN3_Shots6,GeometryCollisionSize,20
BulletParam_Common_actSMBN3_Shots6,ClashCollisionSize,30
BulletParam_Common_actSMBN3_Shots6,EnergyBullectCollisionPriority,20
BulletParam_Common_actSMBN3_Shots6,HomingAngleLimitAtStart,35
BulletParam_Common_actSMBN3_Shots6,HomingAngleLimitAtStartYaw,7.5
BulletParam_Common_actSMBN3_Shots6,bHomingAtReflect,true
BulletParam_Common_actSMBN3_Shots6,AutoReflectDirectionType,オートリフレクト
BulletParam_Common_actSMBN3_Shots6,MoveParam.HomingEndTime,0.1
BulletParam_Common_actSMBN3_Shots6,ArmorBreakLevel,スマッシュ気弾
BulletParam_Common_actSMBN3_Shots6,DestructionFieldScale,2
BulletParam_Common_actSMBN3_Shots6,ChangePerChargeLv[0].DamageRate,1.15
BulletParam_Common_actSMBN3_Shots6,ChangePerChargeLv[0].FireNum,0
BulletParam_Common_actSMBN3_Shots6,ChangePerChargeLv[0].ArmorBreakLevel,None
BulletParam_Common_actSMBN3_Shots6,ChangePerChargeLv[0].EnergyBullectCollisionPriority,0
BulletParam_Common_actSMBN3_Shots6,ChangePerChargeLv[0].SpeedScale,1
BulletParam_Common_actSMBN3_Shots6,ChangePerChargeLv[0].HomingScale,1
BulletParam_Common_actSMBN3_Shots6,ChangePerChargeLv[0].bIgnoreActionTarget,false
BulletParam_Common_actSMBN3_Shots6,ChangePerChargeLv[0].bReduceZSearchAfterHit,false
BulletParam_Common_actSMBN3_Shots6,ChangePerChargeLv[0].ReduceZSearchEffectTime,0
BulletParam_Common_actSMBN3_Shots6,ChangePerChargeLv[0].bEnableBuff,false
BulletParam_Common_actSMBN3_Shots6,ChangePerChargeLv[0].BuffIndex,0
BulletParam_Common_actSMBN3_Shots6,ChangePerChargeLv[1].DamageRate,1.75
BulletParam_Common_actSMBN3_Shots6,ChangePerChargeLv[1].FireNum,0
BulletParam_Common_actSMBN3_Shots6,ChangePerChargeLv[1].ArmorBreakLevel,None
BulletParam_Common_actSMBN3_Shots6,ChangePerChargeLv[1].EnergyBullectCollisionPriority,0
BulletParam_Common_actSMBN3_Shots6,ChangePerChargeLv[1].SpeedScale,1
BulletParam_Common_actSMBN3_Shots6,ChangePerChargeLv[1].HomingScale,1
BulletParam_Common_actSMBN3_Shots6,ChangePerChargeLv[1].bIgnoreActionTarget,false
BulletParam_Common_actSMBN3_Shots6,ChangePerChargeLv[1].bReduceZSearchAfterHit,false
BulletParam_Common_actSMBN3_Shots6,ChangePerChargeLv[1].ReduceZSearchEffectTime,0
BulletParam_Common_actSMBN3_Shots6,ChangePerChargeLv[1].bEnableBuff,false
BulletParam_Common_actSMBN3_Shots6,ChangePerChargeLv[1].BuffIndex,0
BulletParam_Common_actSMBN3_Shots6_L,Power,170
BulletParam_Common_actSMBN3_Shots6_L,Shave,34
BulletParam_Common_actSMBN3_Shots6_L,BeamPower,350
BulletParam_Common_actSMBN3_Shots6_L,BeamShave,70
BulletParam_Common_actSMBN3_Shots6_L,ExpendEnergy,3000
BulletParam_Common_actSMBN3_Shots6_L,LifeSpan,0.5
BulletParam_Common_actSMBN3_Shots6_L,FireNum,6
BulletParam_Common_actSMBN3_Shots6_L,CharacterCollisionSize,40
BulletParam_Common_actSMBN3_Shots6_L,bIgnoreHitBehindAttackChara,true
BulletParam_Common_actSMBN3_Shots6_L,GeometryCollisionSize,20
BulletParam_Common_actSMBN3_Shots6_L,ClashCollisionSize,30
BulletParam_Common_actSMBN3_Shots6_L,EnergyBullectCollisionPriority,20
BulletParam_Common_actSMBN3_Shots6_L,HomingAngleLimitAtStart,35
BulletParam_Common_actSMBN3_Shots6_L,HomingAngleLimitAtStartYaw,7.5
BulletParam_Common_actSMBN3_Shots6_L,TargetPointDiffusionRadius,25
BulletParam_Common_actSMBN3_Shots6_L,bHomingAtReflect,true
BulletParam_Common_actSMBN3_Shots6_L,AutoReflectDirectionType,オートリフレクト
BulletParam_Common_actSMBN3_Shots6_L,MoveParam.HomingEndTime,0.1
BulletParam_Common_actSMBN3_Shots6_L,ArmorBreakLevel,スマッシュ気弾
BulletParam_Common_actSMBN3_Shots6_L,DestructionFieldScale,2
BulletParam_Common_actSMBN3_Shots6_L,ChangePerChargeLv[0].DamageRate,1.15
BulletParam_Common_actSMBN3_Shots6_L,ChangePerChargeLv[0].FireNum,0
BulletParam_Common_actSMBN3_Shots6_L,ChangePerChargeLv[0].ArmorBreakLevel,None
BulletParam_Common_actSMBN3_Shots6_L,ChangePerChargeLv[0].EnergyBullectCollisionPriority,0
BulletParam_Common_actSMBN3_Shots6_L,ChangePerChargeLv[0].SpeedScale,1
BulletParam_Common_actSMBN3_Shots6_L,ChangePerChargeLv[0].HomingScale,1
BulletParam_Common_actSMBN3_Shots6_L,ChangePerChargeLv[0].bIgnoreActionTarget,false
BulletParam_Common_actSMBN3_Shots6_L,ChangePerChargeLv[0].bReduceZSearchAfterHit,false
BulletParam_Common_actSMBN3_Shots6_L,ChangePerChargeLv[0].ReduceZSearchEffectTime,0
BulletParam_Common_actSMBN3_Shots6_L,ChangePerChargeLv[0].bEnableBuff,false
BulletParam_Common_actSMBN3_Shots6_L,ChangePerChargeLv[0].BuffIndex,0
BulletParam_Common_actSMBN3_Shots6_L,ChangePerChargeLv[1].DamageRate,1.75
BulletParam_Common_actSMBN3_Shots6_L,ChangePerChargeLv[1].FireNum,0
BulletParam_Common_actSMBN3_Shots6_L,ChangePerChargeLv[1].ArmorBreakLevel,None
BulletParam_Common_actSMBN3_Shots6_L,ChangePerChargeLv[1].EnergyBullectCollisionPriority,0
BulletParam_Common_actSMBN3_Shots6_L,ChangePerChargeLv[1].SpeedScale,1
BulletParam_Common_actSMBN3_Shots6_L,ChangePerChargeLv[1].HomingScale,1
BulletParam_Common_actSMBN3_Shots6_L,ChangePerChargeLv[1].bIgnoreActionTarget,false
BulletParam_Common_actSMBN3_Shots6_L,ChangePerChargeLv[1].bReduceZSearchAfterHit,false
BulletParam_Common_actSMBN3_Shots6_L,ChangePerChargeLv[1].ReduceZSearchEffectTime,0
BulletParam_Common_actSMBN3_Shots6_L,ChangePerChargeLv[1].bEnableBuff,false
BulletParam_Common_actSMBN3_Shots6_L,ChangePerChargeLv[1].BuffIndex,0
BulletParam_Common_actSMBN3_Shots7,Power,155
BulletParam_Common_actSMBN3_Shots7,Shave,33
BulletParam_Common_actSMBN3_Shots7,BeamPower,300
BulletParam_Common_actSMBN3_Shots7,BeamShave,60
BulletParam_Common_actSMBN3_Shots7,ExpendEnergy,3000
BulletParam_Common_actSMBN3_Shots7,LifeSpan,0.5
BulletParam_Common_actSMBN3_Shots7,FireNum,7
BulletParam_Common_actSMBN3_Shots7,CharacterCollisionSize,40
BulletParam_Common_actSMBN3_Shots7,bIgnoreHitBehindAttackChara,true
BulletParam_Common_actSMBN3_Shots7,GeometryCollisionSize,20
BulletParam_Common_actSMBN3_Shots7,ClashCollisionSize,30
BulletParam_Common_actSMBN3_Shots7,EnergyBullectCollisionPriority,20
BulletParam_Common_actSMBN3_Shots7,HomingAngleLimitAtStart,35
BulletParam_Common_actSMBN3_Shots7,HomingAngleLimitAtStartYaw,7.5
BulletParam_Common_actSMBN3_Shots7,bHomingAtReflect,true
BulletParam_Common_actSMBN3_Shots7,AutoReflectDirectionType,オートリフレクト
BulletParam_Common_actSMBN3_Shots7,MoveParam.HomingEndTime,0.1
BulletParam_Common_actSMBN3_Shots7,ArmorBreakLevel,スマッシュ気弾
BulletParam_Common_actSMBN3_Shots7,DestructionFieldScale,2
BulletParam_Common_actSMBN3_Shots7,ChangePerChargeLv[0].DamageRate,1.15
BulletParam_Common_actSMBN3_Shots7,ChangePerChargeLv[0].FireNum,0
BulletParam_Common_actSMBN3_Shots7,ChangePerChargeLv[0].ArmorBreakLevel,None
BulletParam_Common_actSMBN3_Shots7,ChangePerChargeLv[0].EnergyBullectCollisionPriority,0
BulletParam_Common_actSMBN3_Shots7,ChangePerChargeLv[0].SpeedScale,1
BulletParam_Common_actSMBN3_Shots7,ChangePerChargeLv[0].HomingScale,1
BulletParam_Common_actSMBN3_Shots7,ChangePerChargeLv[0].bIgnoreActionTarget,false
BulletParam_Common_actSMBN3_Shots7,ChangePerChargeLv[0].bReduceZSearchAfterHit,false
BulletParam_Common_actSMBN3_Shots7,ChangePerChargeLv[0].ReduceZSearchEffectTime,0
BulletParam_Common_actSMBN3_Shots7,ChangePerChargeLv[0].bEnableBuff,false
BulletParam_Common_actSMBN3_Shots7,ChangePerChargeLv[0].BuffIndex,0
BulletParam_Common_actSMBN3_Shots7,ChangePerChargeLv[1].DamageRate,1.75
BulletParam_Common_actSMBN3_Shots7,ChangePerChargeLv[1].FireNum,0
BulletParam_Common_actSMBN3_Shots7,ChangePerChargeLv[1].ArmorBreakLevel,None
BulletParam_Common_actSMBN3_Shots7,ChangePerChargeLv[1].EnergyBullectCollisionPriority,0
BulletParam_Common_actSMBN3_Shots7,ChangePerChargeLv[1].SpeedScale,1
BulletParam_Common_actSMBN3_Shots7,ChangePerChargeLv[1].HomingScale,1
BulletParam_Common_actSMBN3_Shots7,ChangePerChargeLv[1].bIgnoreActionTarget,false
BulletParam_Common_actSMBN3_Shots7,ChangePerChargeLv[1].bReduceZSearchAfterHit,false
BulletParam_Common_actSMBN3_Shots7,ChangePerChargeLv[1].ReduceZSearchEffectTime,0
BulletParam_Common_actSMBN3_Shots7,ChangePerChargeLv[1].bEnableBuff,false
BulletParam_Common_actSMBN3_Shots7,ChangePerChargeLv[1].BuffIndex,0
BulletParam_Common_actSMBN3_Shots8,Power,100
BulletParam_Common_actSMBN3_Shots8,Shave,20
BulletParam_Common_actSMBN3_Shots8,BeamPower,300
BulletParam_Common_actSMBN3_Shots8,BeamShave,60
BulletParam_Common_actSMBN3_Shots8,ExpendEnergy,3000
BulletParam_Common_actSMBN3_Shots8,LifeSpan,0.5
BulletParam_Common_actSMBN3_Shots8,FireNum,8
BulletParam_Common_actSMBN3_Shots8,CharacterCollisionSize,35
BulletParam_Common_actSMBN3_Shots8,bIgnoreHitBehindAttackChara,true
BulletParam_Common_actSMBN3_Shots8,GeometryCollisionSize,20
BulletParam_Common_actSMBN3_Shots8,ClashCollisionSize,30
BulletParam_Common_actSMBN3_Shots8,EnergyBullectCollisionPriority,20
BulletParam_Common_actSMBN3_Shots8,HomingAngleLimitAtStart,35
BulletParam_Common_actSMBN3_Shots8,HomingAngleLimitAtStartYaw,7.5
BulletParam_Common_actSMBN3_Shots8,bHomingAtReflect,true
BulletParam_Common_actSMBN3_Shots8,AutoReflectDirectionType,オートリフレクト
BulletParam_Common_actSMBN3_Shots8,MoveParam.HomingEndTime,0.1
BulletParam_Common_actSMBN3_Shots8,ArmorBreakLevel,スマッシュ気弾
BulletParam_Common_actSMBN3_Shots8,DestructionFieldScale,2
BulletParam_Common_actSMBN3_Shots8,ChangePerChargeLv[0].DamageRate,1.15
BulletParam_Common_actSMBN3_Shots8,ChangePerChargeLv[0].FireNum,0
BulletParam_Common_actSMBN3_Shots8,ChangePerChargeLv[0].ArmorBreakLevel,None
BulletParam_Common_actSMBN3_Shots8,ChangePerChargeLv[0].EnergyBullectCollisionPriority,0
BulletParam_Common_actSMBN3_Shots8,ChangePerChargeLv[0].SpeedScale,1
BulletParam_Common_actSMBN3_Shots8,ChangePerChargeLv[0].HomingScale,1
BulletParam_Common_actSMBN3_Shots8,ChangePerChargeLv[0].bIgnoreActionTarget,false
BulletParam_Common_actSMBN3_Shots8,ChangePerChargeLv[0].bReduceZSearchAfterHit,false
BulletParam_Common_actSMBN3_Shots8,ChangePerChargeLv[0].ReduceZSearchEffectTime,0
BulletParam_Common_actSMBN3_Shots8,ChangePerChargeLv[0].bEnableBuff,false
BulletParam_Common_actSMBN3_Shots8,ChangePerChargeLv[0].BuffIndex,0
BulletParam_Common_actSMBN3_Shots8,ChangePerChargeLv[1].DamageRate,1.75
BulletParam_Common_actSMBN3_Shots8,ChangePerChargeLv[1].FireNum,0
BulletParam_Common_actSMBN3_Shots8,ChangePerChargeLv[1].ArmorBreakLevel,None
BulletParam_Common_actSMBN3_Shots8,ChangePerChargeLv[1].EnergyBullectCollisionPriority,0
BulletParam_Common_actSMBN3_Shots8,ChangePerChargeLv[1].SpeedScale,1
BulletParam_Common_actSMBN3_Shots8,ChangePerChargeLv[1].HomingScale,1
BulletParam_Common_actSMBN3_Shots8,ChangePerChargeLv[1].bIgnoreActionTarget,false
BulletParam_Common_actSMBN3_Shots8,ChangePerChargeLv[1].bReduceZSearchAfterHit,false
BulletParam_Common_actSMBN3_Shots8,ChangePerChargeLv[1].ReduceZSearchEffectTime,0
BulletParam_Common_actSMBN3_Shots8,ChangePerChargeLv[1].bEnableBuff,false
BulletParam_Common_actSMBN3_Shots8,ChangePerChargeLv[1].BuffIndex,0
BulletParam_Common_actSMBN4,Power,640
BulletParam_Common_actSMBN4,Shave,128
BulletParam_Common_actSMBN4,BeamPower,640
BulletParam_Common_actSMBN4,BeamShave,128
BulletParam_Common_actSMBN4,ExpendEnergy,10000
BulletParam_Common_actSMBN4,LifeSpan,3
BulletParam_Common_actSMBN4,FireNum,2
BulletParam_Common_actSMBN4,bIgnoreHitBehindAttackChara,true
BulletParam_Common_actSMBN4,EnergyBullectCollisionPriority,20
BulletParam_Common_actSMBN4,HomingAngleLimitAtStart,360
BulletParam_Common_actSMBN4,bHomingAtReflect,true
BulletParam_Common_actSMBN4,AutoReflectDirectionType,オートリフレクト
BulletParam_Common_actSMBN4,MoveParam.HomingEndTime,3
BulletParam_Common_actSMBN4,ArmorBreakLevel,ラッシュ気弾
BulletParam_Common_actSMBN4,DestructionFieldScale,2
BulletParam_Common_actSMBN4,CategoryType,EKoratBulletCategoryType::NumbBullet
BulletParam_Common_actSMBN4,ChangePerChargeLv[0].DamageRate,1.05
BulletParam_Common_actSMBN4,ChangePerChargeLv[0].FireNum,0
BulletParam_Common_actSMBN4,ChangePerChargeLv[0].ArmorBreakLevel,None
BulletParam_Common_actSMBN4,ChangePerChargeLv[0].EnergyBullectCollisionPriority,0
BulletParam_Common_actSMBN4,ChangePerChargeLv[0].SpeedScale,1
BulletParam_Common_actSMBN4,ChangePerChargeLv[0].HomingScale,1
BulletParam_Common_actSMBN4,ChangePerChargeLv[0].bIgnoreActionTarget,false
BulletParam_Common_actSMBN4,ChangePerChargeLv[0].bReduceZSearchAfterHit,false
BulletParam_Common_actSMBN4,ChangePerChargeLv[0].ReduceZSearchEffectTime,0
BulletParam_Common_actSMBN4,ChangePerChargeLv[0].bEnableBuff,false
BulletParam_Common_actSMBN4,ChangePerChargeLv[0].BuffIndex,0
BulletParam_Common_actSMBN4,ChangePerChargeLv[1].DamageRate,1.1
BulletParam_Common_actSMBN4,ChangePerChargeLv[1].FireNum,0
BulletParam_Common_actSMBN4,ChangePerChargeLv[1].ArmorBreakLevel,None
BulletParam_Common_actSMBN4,ChangePerChargeLv[1].EnergyBullectCollisionPriority,0
BulletParam_Common_actSMBN4,ChangePerChargeLv[1].SpeedScale,1
BulletParam_Common_actSMBN4,ChangePerChargeLv[1].HomingScale,1
BulletParam_Common_actSMBN4,ChangePerChargeLv[1].bIgnoreActionTarget,false
BulletParam_Common_actSMBN4,ChangePerChargeLv[1].bReduceZSearchAfterHit,false
BulletParam_Common_actSMBN4,ChangePerChargeLv[1].ReduceZSearchEffectTime,0
BulletParam_Common_actSMBN4,ChangePerChargeLv[1].bEnableBuff,false
BulletParam_Common_actSMBN4,ChangePerChargeLv[1].BuffIndex,0
BulletParam_Common_actSMBN4_Numb,Power,640
BulletParam_Common_actSMBN4_Numb,Shave,128
BulletParam_Common_actSMBN4_Numb,BeamPower,640
BulletParam_Common_actSMBN4_Numb,BeamShave,128
BulletParam_Common_actSMBN4_Numb,ExpendEnergy,10000
BulletParam_Common_actSMBN4_Numb,LifeSpan,3
BulletParam_Common_actSMBN4_Numb,bIgnoreHitBehindAttackChara,true
BulletParam_Common_actSMBN4_Numb,EnergyBullectCollisionPriority,20
BulletParam_Common_actSMBN4_Numb,HomingAngleLimitAtStart,360
BulletParam_Common_actSMBN4_Numb,bHomingAtReflect,true
BulletParam_Common_actSMBN4_Numb,AutoReflectDirectionType,オートリフレクト
BulletParam_Common_actSMBN4_Numb,MoveParam.HomingEndTime,3
BulletParam_Common_actSMBN4_Numb,ArmorBreakLevel,ラッシュ気弾
BulletParam_Common_actSMBN4_Numb,DestructionFieldScale,2
BulletParam_Common_actSMBN4_Numb,CategoryType,EKoratBulletCategoryType::NumbBullet
BulletParam_Common_actSMBN4_Numb,ChangePerChargeLv[0].DamageRate,1.5
BulletParam_Common_actSMBN4_Numb,ChangePerChargeLv[0].FireNum,0
BulletParam_Common_actSMBN4_Numb,ChangePerChargeLv[0].ArmorBreakLevel,None
BulletParam_Common_actSMBN4_Numb,ChangePerChargeLv[0].EnergyBullectCollisionPriority,0
BulletParam_Common_actSMBN4_Numb,ChangePerChargeLv[0].SpeedScale,1
BulletParam_Common_actSMBN4_Numb,ChangePerChargeLv[0].HomingScale,1
BulletParam_Common_actSMBN4_Numb,ChangePerChargeLv[0].bIgnoreActionTarget,false
BulletParam_Common_actSMBN4_Numb,ChangePerChargeLv[0].bReduceZSearchAfterHit,false
BulletParam_Common_actSMBN4_Numb,ChangePerChargeLv[0].ReduceZSearchEffectTime,0
BulletParam_Common_actSMBN4_Numb,ChangePerChargeLv[0].bEnableBuff,false
BulletParam_Common_actSMBN4_Numb,ChangePerChargeLv[0].BuffIndex,0
BulletParam_Common_actSMBN4_Numb,ChangePerChargeLv[1].DamageRate,2
BulletParam_Common_actSMBN4_Numb,ChangePerChargeLv[1].FireNum,0
BulletParam_Common_actSMBN4_Numb,ChangePerChargeLv[1].ArmorBreakLevel,None
BulletParam_Common_actSMBN4_Numb,ChangePerChargeLv[1].EnergyBullectCollisionPriority,0
BulletParam_Common_actSMBN4_Numb,ChangePerChargeLv[1].SpeedScale,1
BulletParam_Common_actSMBN4_Numb,ChangePerChargeLv[1].HomingScale,1
BulletParam_Common_actSMBN4_Numb,ChangePerChargeLv[1].bIgnoreActionTarget,false
BulletParam_Common_actSMBN4_Numb,ChangePerChargeLv[1].bReduceZSearchAfterHit,false
BulletParam_Common_actSMBN4_Numb,ChangePerChargeLv[1].ReduceZSearchEffectTime,0
BulletParam_Common_actSMBN4_Numb,ChangePerChargeLv[1].bEnableBuff,false
BulletParam_Common_actSMBN4_Numb,ChangePerChargeLv[1].BuffIndex,0
BulletParam_Common_actSMBP,Power,700
BulletParam_Common_actSMBP,Shave,140
BulletParam_Common_actSMBP,BeamPower,700
BulletParam_Common_actSMBP,BeamShave,140
BulletParam_Common_actSMBP,ExpendEnergy,10000
BulletParam_Common_actSMBP,LifeSpan,3
BulletParam_Common_actSMBP,bIgnoreHitBehindAttackChara,true
BulletParam_Common_actSMBP,EnergyBullectCollisionPriority,20
BulletParam_Common_actSMBP,HomingAngleLimitAtStart,360
BulletParam_Common_actSMBP,AutoReflectDirectionType,オートリフレクト
BulletParam_Common_actSMBP,MoveParam.HomingEndTime,3
BulletParam_Common_actSMBP,ArmorBreakLevel,スマッシュ気弾（パワー）
BulletParam_Common_actSMBP,DestructionFieldScale,2
BulletParam_Common_actSMBP,ChangePerChargeLv[0].DamageRate,1.5
BulletParam_Common_actSMBP,ChangePerChargeLv[0].FireNum,0
BulletParam_Common_actSMBP,ChangePerChargeLv[0].ArmorBreakLevel,None
BulletParam_Common_actSMBP,ChangePerChargeLv[0].EnergyBullectCollisionPriority,0
BulletParam_Common_actSMBP,ChangePerChargeLv[0].SpeedScale,1
BulletParam_Common_actSMBP,ChangePerChargeLv[0].HomingScale,1
BulletParam_Common_actSMBP,ChangePerChargeLv[0].bIgnoreActionTarget,false
BulletParam_Common_actSMBP,ChangePerChargeLv[0].bReduceZSearchAfterHit,false
BulletParam_Common_actSMBP,ChangePerChargeLv[0].ReduceZSearchEffectTime,0
BulletParam_Common_actSMBP,ChangePerChargeLv[0].bEnableBuff,false
BulletParam_Common_actSMBP,ChangePerChargeLv[0].BuffIndex,0
BulletParam_Common_actSMBP,ChangePerChargeLv[1].DamageRate,2
BulletParam_Common_actSMBP,ChangePerChargeLv[1].FireNum,0
BulletParam_Common_actSMBP,ChangePerChargeLv[1].ArmorBreakLevel,None
BulletParam_Common_actSMBP,ChangePerChargeLv[1].EnergyBullectCollisionPriority,0
BulletParam_Common_actSMBP,ChangePerChargeLv[1].SpeedScale,1
BulletParam_Common_actSMBP,ChangePerChargeLv[1].HomingScale,1
BulletParam_Common_actSMBP,ChangePerChargeLv[1].bIgnoreActionTarget,false
BulletParam_Common_actSMBP,ChangePerChargeLv[1].bReduceZSearchAfterHit,false
BulletParam_Common_actSMBP,ChangePerChargeLv[1].ReduceZSearchEffectTime,0
BulletParam_Common_actSMBP,ChangePerChargeLv[1].bEnableBuff,false
BulletParam_Common_actSMBP,ChangePerChargeLv[1].BuffIndex,0
BulletParam_Common_actSTDSMBN,Power,750
BulletParam_Common_actSTDSMBN,Shave,150
BulletParam_Common_actSTDSMBN,BeamPower,700
BulletParam_Common_actSTDSMBN,BeamShave,140
BulletParam_Common_actSTDSMBN,ExpendEnergy,3000
BulletParam_Common_actSTDSMBN,LifeSpan,3
BulletParam_Common_actSTDSMBN,CharacterCollisionSize,50
BulletParam_Common_actSTDSMBN,bIgnoreHitBehindAttackChara,true
BulletParam_Common_actSTDSMBN,ClashCollisionSize,50
BulletParam_Common_actSTDSMBN,EnergyBullectCollisionPriority,20
BulletParam_Common_actSTDSMBN,HomingAngleLimitAtStart,35
BulletParam_Common_actSTDSMBN,HomingAngleLimitAtStartYaw,7.5
BulletParam_Common_actSTDSMBN,bHomingAtReflect,true
BulletParam_Common_actSTDSMBN,AutoReflectDirectionType,オートリフレクト
BulletParam_Common_actSTDSMBN,MoveParam.HomingEndTime,3
BulletParam_Common_actSTDSMBN,ArmorBreakLevel,スマッシュ気弾
BulletParam_Common_actSTDSMBN,DestructionFieldScale,2
BulletParam_Common_actSTDSMBN,ChangePerChargeLv[0].DamageRate,1.5
BulletParam_Common_actSTDSMBN,ChangePerChargeLv[0].FireNum,0
BulletParam_Common_actSTDSMBN,ChangePerChargeLv[0].ArmorBreakLevel,None
BulletParam_Common_actSTDSMBN,ChangePerChargeLv[0].EnergyBullectCollisionPriority,0
BulletParam_Common_actSTDSMBN,ChangePerChargeLv[0].SpeedScale,1
BulletParam_Common_actSTDSMBN,ChangePerChargeLv[0].HomingScale,1
BulletParam_Common_actSTDSMBN,ChangePerChargeLv[0].bIgnoreActionTarget,false
BulletParam_Common_actSTDSMBN,ChangePerChargeLv[0].bReduceZSearchAfterHit,false
BulletParam_Common_actSTDSMBN,ChangePerChargeLv[0].ReduceZSearchEffectTime,0
BulletParam_Common_actSTDSMBN,ChangePerChargeLv[0].bEnableBuff,false
BulletParam_Common_actSTDSMBN,ChangePerChargeLv[0].BuffIndex,0
BulletParam_Common_actSTDSMBN,ChangePerChargeLv[1].DamageRate,2
BulletParam_Common_actSTDSMBN,ChangePerChargeLv[1].FireNum,0
BulletParam_Common_actSTDSMBN,ChangePerChargeLv[1].ArmorBreakLevel,None
BulletParam_Common_actSTDSMBN,ChangePerChargeLv[1].EnergyBullectCollisionPriority,0
BulletParam_Common_actSTDSMBN,ChangePerChargeLv[1].SpeedScale,1
BulletParam_Common_actSTDSMBN,ChangePerChargeLv[1].HomingScale,1
BulletParam_Common_actSTDSMBN,ChangePerChargeLv[1].bIgnoreActionTarget,false
BulletParam_Common_actSTDSMBN,ChangePerChargeLv[1].bReduceZSearchAfterHit,false
BulletParam_Common_actSTDSMBN,ChangePerChargeLv[1].ReduceZSearchEffectTime,0
BulletParam_Common_actSTDSMBN,ChangePerChargeLv[1].bEnableBuff,false
BulletParam_Common_actSTDSMBN,ChangePerChargeLv[1].BuffIndex,0
BulletParam_Common_actSTDSMBN_553,Power,750
BulletParam_Common_actSTDSMBN_553,Shave,150
BulletParam_Common_actSTDSMBN_553,BeamPower,700
BulletParam_Common_actSTDSMBN_553,BeamShave,140
BulletParam_Common_actSTDSMBN_553,ExpendEnergy,3000
BulletParam_Common_actSTDSMBN_553,LifeSpan,3
BulletParam_Common_actSTDSMBN_553,CharacterCollisionSize,50
BulletParam_Common_actSTDSMBN_553,bIgnoreHitBehindAttackChara,true
BulletParam_Common_actSTDSMBN_553,ClashCollisionSize,50
BulletParam_Common_actSTDSMBN_553,EnergyBullectCollisionPriority,20
BulletParam_Common_actSTDSMBN_553,HomingAngleLimitAtStart,360
BulletParam_Common_actSTDSMBN_553,bHomingAtReflect,true
BulletParam_Common_actSTDSMBN_553,AutoReflectDirectionType,オートリフレクト
BulletParam_Common_actSTDSMBN_553,MoveParam.HomingEndTime,3
BulletParam_Common_actSTDSMBN_553,ArmorBreakLevel,スマッシュ気弾
BulletParam_Common_actSTDSMBN_553,DestructionFieldScale,2
BulletParam_Common_actSTDSMBN_553,ChangePerChargeLv[0].DamageRate,1.5
BulletParam_Common_actSTDSMBN_553,ChangePerChargeLv[0].FireNum,0
BulletParam_Common_actSTDSMBN_553,ChangePerChargeLv[0].ArmorBreakLevel,None
BulletParam_Common_actSTDSMBN_553,ChangePerChargeLv[0].EnergyBullectCollisionPriority,0
BulletParam_Common_actSTDSMBN_553,ChangePerChargeLv[0].SpeedScale,1
BulletParam_Common_actSTDSMBN_553,ChangePerChargeLv[0].HomingScale,1
BulletParam_Common_actSTDSMBN_553,ChangePerChargeLv[0].bIgnoreActionTarget,false
BulletParam_Common_actSTDSMBN_553,ChangePerChargeLv[0].bReduceZSearchAfterHit,false
BulletParam_Common_actSTDSMBN_553,ChangePerChargeLv[0].ReduceZSearchEffectTime,0
BulletParam_Common_actSTDSMBN_553,ChangePerChargeLv[0].bEnableBuff,false
BulletParam_Common_actSTDSMBN_553,ChangePerChargeLv[0].BuffIndex,0
BulletParam_Common_actSTDSMBN_553,ChangePerChargeLv[1].DamageRate,2
BulletParam_Common_actSTDSMBN_553,ChangePerChargeLv[1].FireNum,0
BulletParam_Common_actSTDSMBN_553,ChangePerChargeLv[1].ArmorBreakLevel,None
BulletParam_Common_actSTDSMBN_553,ChangePerChargeLv[1].EnergyBullectCollisionPriority,0
BulletParam_Common_actSTDSMBN_553,ChangePerChargeLv[1].SpeedScale,1
BulletParam_Common_actSTDSMBN_553,ChangePerChargeLv[1].HomingScale,1
BulletParam_Common_actSTDSMBN_553,ChangePerChargeLv[1].bIgnoreActionTarget,false
BulletParam_Common_actSTDSMBN_553,ChangePerChargeLv[1].bReduceZSearchAfterHit,false
BulletParam_Common_actSTDSMBN_553,ChangePerChargeLv[1].ReduceZSearchEffectTime,0
BulletParam_Common_actSTDSMBN_553,ChangePerChargeLv[1].bEnableBuff,false
BulletParam_Common_actSTDSMBN_553,ChangePerChargeLv[1].BuffIndex,0
BulletParam_Common_actSTDSMBN_gre,Power,750
BulletParam_Common_actSTDSMBN_gre,Shave,150
BulletParam_Common_actSTDSMBN_gre,BeamPower,700
BulletParam_Common_actSTDSMBN_gre,BeamShave,140
BulletParam_Common_actSTDSMBN_gre,ExpendEnergy,2000
BulletParam_Common_actSTDSMBN_gre,LifeSpan,2
BulletParam_Common_actSTDSMBN_gre,CharacterCollisionSize,50
BulletParam_Common_actSTDSMBN_gre,bIgnoreHitBehindAttackChara,true
BulletParam_Common_actSTDSMBN_gre,GeometryCollisionSize,15
BulletParam_Common_actSTDSMBN_gre,ClashCollisionSize,50
BulletParam_Common_actSTDSMBN_gre,EnergyBullectCollisionPriority,20
BulletParam_Common_actSTDSMBN_gre,HomingAngleLimitAtStart,360
BulletParam_Common_actSTDSMBN_gre,AutoReflectDirectionType,オートリフレクト
BulletParam_Common_actSTDSMBN_gre,MoveParam.HomingEndTime,1
BulletParam_Common_actSTDSMBN_gre,ArmorBreakLevel,スマッシュ気弾（パワー）
BulletParam_Common_actSTDSMBN_gre,bImpossibleAbsorption,true
BulletParam_Common_actSTDSMBN_gre,DestructionFieldScale,2
BulletParam_Common_actSTDSMBN_gre,ChangePerChargeLv[0].DamageRate,1.5
BulletParam_Common_actSTDSMBN_gre,ChangePerChargeLv[0].FireNum,0
BulletParam_Common_actSTDSMBN_gre,ChangePerChargeLv[0].ArmorBreakLevel,None
BulletParam_Common_actSTDSMBN_gre,ChangePerChargeLv[0].EnergyBullectCollisionPriority,0
BulletParam_Common_actSTDSMBN_gre,ChangePerChargeLv[0].SpeedScale,1
BulletParam_Common_actSTDSMBN_gre,ChangePerChargeLv[0].HomingScale,1
BulletParam_Common_actSTDSMBN_gre,ChangePerChargeLv[0].bIgnoreActionTarget,false
BulletParam_Common_actSTDSMBN_gre,ChangePerChargeLv[0].bReduceZSearchAfterHit,false
BulletParam_Common_actSTDSMBN_gre,ChangePerChargeLv[0].ReduceZSearchEffectTime,0
BulletParam_Common_actSTDSMBN_gre,ChangePerChargeLv[0].bEnableBuff,false
BulletParam_Common_actSTDSMBN_gre,ChangePerChargeLv[0].BuffIndex,0
BulletParam_Common_actSTDSMBN_gre,ChangePerChargeLv[1].DamageRate,2
BulletParam_Common_actSTDSMBN_gre,ChangePerChargeLv[1].FireNum,0
BulletParam_Common_actSTDSMBN_gre,ChangePerChargeLv[1].ArmorBreakLevel,None
BulletParam_Common_actSTDSMBN_gre,ChangePerChargeLv[1].EnergyBullectCollisionPriority,0
BulletParam_Common_actSTDSMBN_gre,ChangePerChargeLv[1].SpeedScale,1
BulletParam_Common_actSTDSMBN_gre,ChangePerChargeLv[1].HomingScale,1
BulletParam_Common_actSTDSMBN_gre,ChangePerChargeLv[1].bIgnoreActionTarget,false
BulletParam_Common_actSTDSMBN_gre,ChangePerChargeLv[1].bReduceZSearchAfterHit,false
BulletParam_Common_actSTDSMBN_gre,ChangePerChargeLv[1].ReduceZSearchEffectTime,0
BulletParam_Common_actSTDSMBN_gre,ChangePerChargeLv[1].bEnableBuff,false
BulletParam_Common_actSTDSMBN_gre,ChangePerChargeLv[1].BuffIndex,0
BulletParam_Common_actSTDSMBN_L,Power,750
BulletParam_Common_actSTDSMBN_L,Shave,150
BulletParam_Common_actSTDSMBN_L,BeamPower,700
BulletParam_Common_actSTDSMBN_L,BeamShave,140
BulletParam_Common_actSTDSMBN_L,ExpendEnergy,3000
BulletParam_Common_actSTDSMBN_L,LifeSpan,3
BulletParam_Common_actSTDSMBN_L,CharacterCollisionSize,50
BulletParam_Common_actSTDSMBN_L,bIgnoreHitBehindAttackChara,true
BulletParam_Common_actSTDSMBN_L,ClashCollisionSize,50
BulletParam_Common_actSTDSMBN_L,EnergyBullectCollisionPriority,20
BulletParam_Common_actSTDSMBN_L,HomingAngleLimitAtStart,360
BulletParam_Common_actSTDSMBN_L,bHomingAtReflect,true
BulletParam_Common_actSTDSMBN_L,AutoReflectDirectionType,オートリフレクト
BulletParam_Common_actSTDSMBN_L,MoveParam.HomingEndTime,3
BulletParam_Common_actSTDSMBN_L,ArmorBreakLevel,スマッシュ気弾
BulletParam_Common_actSTDSMBN_L,DestructionFieldScale,2
BulletParam_Common_actSTDSMBN_L,ChangePerChargeLv[0].DamageRate,1.5
BulletParam_Common_actSTDSMBN_L,ChangePerChargeLv[0].FireNum,0
BulletParam_Common_actSTDSMBN_L,ChangePerChargeLv[0].ArmorBreakLevel,None
BulletParam_Common_actSTDSMBN_L,ChangePerChargeLv[0].EnergyBullectCollisionPriority,0
BulletParam_Common_actSTDSMBN_L,ChangePerChargeLv[0].SpeedScale,1
BulletParam_Common_actSTDSMBN_L,ChangePerChargeLv[0].HomingScale,1
BulletParam_Common_actSTDSMBN_L,ChangePerChargeLv[0].bIgnoreActionTarget,false
BulletParam_Common_actSTDSMBN_L,ChangePerChargeLv[0].bReduceZSearchAfterHit,false
BulletParam_Common_actSTDSMBN_L,ChangePerChargeLv[0].ReduceZSearchEffectTime,0
BulletParam_Common_actSTDSMBN_L,ChangePerChargeLv[0].bEnableBuff,false
BulletParam_Common_actSTDSMBN_L,ChangePerChargeLv[0].BuffIndex,0
BulletParam_Common_actSTDSMBN_L,ChangePerChargeLv[1].DamageRate,2
BulletParam_Common_actSTDSMBN_L,ChangePerChargeLv[1].FireNum,0
BulletParam_Common_actSTDSMBN_L,ChangePerChargeLv[1].ArmorBreakLevel,None
BulletParam_Common_actSTDSMBN_L,ChangePerChargeLv[1].EnergyBullectCollisionPriority,0
BulletParam_Common_actSTDSMBN_L,ChangePerChargeLv[1].SpeedScale,1
BulletParam_Common_actSTDSMBN_L,ChangePerChargeLv[1].HomingScale,1
BulletParam_Common_actSTDSMBN_L,ChangePerChargeLv[1].bIgnoreActionTarget,false
BulletParam_Common_actSTDSMBN_L,ChangePerChargeLv[1].bReduceZSearchAfterHit,false
BulletParam_Common_actSTDSMBN_L,ChangePerChargeLv[1].ReduceZSearchEffectTime,0
BulletParam_Common_actSTDSMBN_L,ChangePerChargeLv[1].bEnableBuff,false
BulletParam_Common_actSTDSMBN_L,ChangePerChargeLv[1].BuffIndex,0
BulletParam_Common_actSTDSMBN1,Power,850
BulletParam_Common_actSTDSMBN1,Shave,170
BulletParam_Common_actSTDSMBN1,BeamPower,800
BulletParam_Common_actSTDSMBN1,BeamShave,160
BulletParam_Common_actSTDSMBN1,ExpendEnergy,3000
BulletParam_Common_actSTDSMBN1,LifeSpan,2.4
BulletParam_Common_actSTDSMBN1,bIgnoreHitBehindAttackChara,true
BulletParam_Common_actSTDSMBN1,EnergyBullectCollisionPriority,20
BulletParam_Common_actSTDSMBN1,HomingAngleLimitAtStart,360
BulletParam_Common_actSTDSMBN1,bHomingAtReflect,true
BulletParam_Common_actSTDSMBN1,AutoReflectDirectionType,オートリフレクト
BulletParam_Common_actSTDSMBN1,MoveParam.HomingEndTime,3
BulletParam_Common_actSTDSMBN1,ArmorBreakLevel,スマッシュ気弾
BulletParam_Common_actSTDSMBN1,DestructionFieldScale,2
BulletParam_Common_actSTDSMBN1,ChangePerChargeLv[0].DamageRate,1.5
BulletParam_Common_actSTDSMBN1,ChangePerChargeLv[0].FireNum,0
BulletParam_Common_actSTDSMBN1,ChangePerChargeLv[0].ArmorBreakLevel,None
BulletParam_Common_actSTDSMBN1,ChangePerChargeLv[0].EnergyBullectCollisionPriority,0
BulletParam_Common_actSTDSMBN1,ChangePerChargeLv[0].SpeedScale,1
BulletParam_Common_actSTDSMBN1,ChangePerChargeLv[0].HomingScale,1
BulletParam_Common_actSTDSMBN1,ChangePerChargeLv[0].bIgnoreActionTarget,false
BulletParam_Common_actSTDSMBN1,ChangePerChargeLv[0].bReduceZSearchAfterHit,false
BulletParam_Common_actSTDSMBN1,ChangePerChargeLv[0].ReduceZSearchEffectTime,0
BulletParam_Common_actSTDSMBN1,ChangePerChargeLv[0].bEnableBuff,false
BulletParam_Common_actSTDSMBN1,ChangePerChargeLv[0].BuffIndex,0
BulletParam_Common_actSTDSMBN1,ChangePerChargeLv[1].DamageRate,2
BulletParam_Common_actSTDSMBN1,ChangePerChargeLv[1].FireNum,0
BulletParam_Common_actSTDSMBN1,ChangePerChargeLv[1].ArmorBreakLevel,None
BulletParam_Common_actSTDSMBN1,ChangePerChargeLv[1].EnergyBullectCollisionPriority,0
BulletParam_Common_actSTDSMBN1,ChangePerChargeLv[1].SpeedScale,1
BulletParam_Common_actSTDSMBN1,ChangePerChargeLv[1].HomingScale,1
BulletParam_Common_actSTDSMBN1,ChangePerChargeLv[1].bIgnoreActionTarget,false
BulletParam_Common_actSTDSMBN1,ChangePerChargeLv[1].bReduceZSearchAfterHit,false
BulletParam_Common_actSTDSMBN1,ChangePerChargeLv[1].ReduceZSearchEffectTime,0
BulletParam_Common_actSTDSMBN1,ChangePerChargeLv[1].bEnableBuff,false
BulletParam_Common_actSTDSMBN1,ChangePerChargeLv[1].BuffIndex,0
BulletParam_Common_actSTDSMBN1_double,Power,420
BulletParam_Common_actSTDSMBN1_double,Shave,84
BulletParam_Common_actSTDSMBN1_double,BeamPower,400
BulletParam_Common_actSTDSMBN1_double,BeamShave,80
BulletParam_Common_actSTDSMBN1_double,ExpendEnergy,4000
BulletParam_Common_actSTDSMBN1_double,LifeSpan,2.4
BulletParam_Common_actSTDSMBN1_double,FireNum,2
BulletParam_Common_actSTDSMBN1_double,bIgnoreHitBehindAttackChara,true
BulletParam_Common_actSTDSMBN1_double,EnergyBullectCollisionPriority,20
BulletParam_Common_actSTDSMBN1_double,HomingAngleLimitAtStart,360
BulletParam_Common_actSTDSMBN1_double,TargetPointDiffusionRadius,100
BulletParam_Common_actSTDSMBN1_double,bHomingAtReflect,true
BulletParam_Common_actSTDSMBN1_double,AutoReflectDirectionType,オートリフレクト
BulletParam_Common_actSTDSMBN1_double,MoveParam.HomingEndTime,3
BulletParam_Common_actSTDSMBN1_double,ArmorBreakLevel,スマッシュ気弾
BulletParam_Common_actSTDSMBN1_double,DestructionFieldScale,2
BulletParam_Common_actSTDSMBN1_double,ChangePerChargeLv[0].DamageRate,1.5
BulletParam_Common_actSTDSMBN1_double,ChangePerChargeLv[0].FireNum,0
BulletParam_Common_actSTDSMBN1_double,ChangePerChargeLv[0].ArmorBreakLevel,None
BulletParam_Common_actSTDSMBN1_double,ChangePerChargeLv[0].EnergyBullectCollisionPriority,0
BulletParam_Common_actSTDSMBN1_double,ChangePerChargeLv[0].SpeedScale,1
BulletParam_Common_actSTDSMBN1_double,ChangePerChargeLv[0].HomingScale,1
BulletParam_Common_actSTDSMBN1_double,ChangePerChargeLv[0].bIgnoreActionTarget,false
BulletParam_Common_actSTDSMBN1_double,ChangePerChargeLv[0].bReduceZSearchAfterHit,false
BulletParam_Common_actSTDSMBN1_double,ChangePerChargeLv[0].ReduceZSearchEffectTime,0
BulletParam_Common_actSTDSMBN1_double,ChangePerChargeLv[0].bEnableBuff,false
BulletParam_Common_actSTDSMBN1_double,ChangePerChargeLv[0].BuffIndex,0
BulletParam_Common_actSTDSMBN1_double,ChangePerChargeLv[1].DamageRate,2
BulletParam_Common_actSTDSMBN1_double,ChangePerChargeLv[1].FireNum,0
BulletParam_Common_actSTDSMBN1_double,ChangePerChargeLv[1].ArmorBreakLevel,None
BulletParam_Common_actSTDSMBN1_double,ChangePerChargeLv[1].EnergyBullectCollisionPriority,0
BulletParam_Common_actSTDSMBN1_double,ChangePerChargeLv[1].SpeedScale,1
BulletParam_Common_actSTDSMBN1_double,ChangePerChargeLv[1].HomingScale,1
BulletParam_Common_actSTDSMBN1_double,ChangePerChargeLv[1].bIgnoreActionTarget,false
BulletParam_Common_actSTDSMBN1_double,ChangePerChargeLv[1].bReduceZSearchAfterHit,false
BulletParam_Common_actSTDSMBN1_double,ChangePerChargeLv[1].ReduceZSearchEffectTime,0
BulletParam_Common_actSTDSMBN1_double,ChangePerChargeLv[1].bEnableBuff,false
BulletParam_Common_actSTDSMBN1_double,ChangePerChargeLv[1].BuffIndex,0
BulletParam_Common_actSTDSMBN2,Power,420
BulletParam_Common_actSTDSMBN2,Shave,84
BulletParam_Common_actSTDSMBN2,BeamPower,400
BulletParam_Common_actSTDSMBN2,BeamShave,80
BulletParam_Common_actSTDSMBN2,ExpendEnergy,6000
BulletParam_Common_actSTDSMBN2,LifeSpan,2.4
BulletParam_Common_actSTDSMBN2,FireNum,3
BulletParam_Common_actSTDSMBN2,bIgnoreHitBehindAttackChara,true
BulletParam_Common_actSTDSMBN2,EnergyBullectCollisionPriority,20
BulletParam_Common_actSTDSMBN2,HomingAngleLimitAtStart,360
BulletParam_Common_actSTDSMBN2,TargetPointDiffusionRadius,50
BulletParam_Common_actSTDSMBN2,bHomingAtReflect,true
BulletParam_Common_actSTDSMBN2,AutoReflectDirectionType,オートリフレクト
BulletParam_Common_actSTDSMBN2,MoveParam.SpeedRandamScale.Min,0.8
BulletParam_Common_actSTDSMBN2,MoveParam.HomingRandamScale.Min,0.8
BulletParam_Common_actSTDSMBN2,MoveParam.HomingEndTime,3
BulletParam_Common_actSTDSMBN2,ArmorBreakLevel,スマッシュ気弾
BulletParam_Common_actSTDSMBN2,DestructionFieldScale,2
BulletParam_Common_actSTDSMBN2,ChangePerChargeLv[0].DamageRate,1.5
BulletParam_Common_actSTDSMBN2,ChangePerChargeLv[0].FireNum,0
BulletParam_Common_actSTDSMBN2,ChangePerChargeLv[0].ArmorBreakLevel,None
BulletParam_Common_actSTDSMBN2,ChangePerChargeLv[0].EnergyBullectCollisionPriority,0
BulletParam_Common_actSTDSMBN2,ChangePerChargeLv[0].SpeedScale,1
BulletParam_Common_actSTDSMBN2,ChangePerChargeLv[0].HomingScale,1
BulletParam_Common_actSTDSMBN2,ChangePerChargeLv[0].bIgnoreActionTarget,false
BulletParam_Common_actSTDSMBN2,ChangePerChargeLv[0].bReduceZSearchAfterHit,false
BulletParam_Common_actSTDSMBN2,ChangePerChargeLv[0].ReduceZSearchEffectTime,0
BulletParam_Common_actSTDSMBN2,ChangePerChargeLv[0].bEnableBuff,false
BulletParam_Common_actSTDSMBN2,ChangePerChargeLv[0].BuffIndex,0
BulletParam_Common_actSTDSMBN2,ChangePerChargeLv[1].DamageRate,2
BulletParam_Common_actSTDSMBN2,ChangePerChargeLv[1].FireNum,0
BulletParam_Common_actSTDSMBN2,ChangePerChargeLv[1].ArmorBreakLevel,None
BulletParam_Common_actSTDSMBN2,ChangePerChargeLv[1].EnergyBullectCollisionPriority,0
BulletParam_Common_actSTDSMBN2,ChangePerChargeLv[1].SpeedScale,1
BulletParam_Common_actSTDSMBN2,ChangePerChargeLv[1].HomingScale,1
BulletParam_Common_actSTDSMBN2,ChangePerChargeLv[1].bIgnoreActionTarget,false
BulletParam_Common_actSTDSMBN2,ChangePerChargeLv[1].bReduceZSearchAfterHit,false
BulletParam_Common_actSTDSMBN2,ChangePerChargeLv[1].ReduceZSearchEffectTime,0
BulletParam_Common_actSTDSMBN2,ChangePerChargeLv[1].bEnableBuff,false
BulletParam_Common_actSTDSMBN2,ChangePerChargeLv[1].BuffIndex,0
BulletParam_Common_actSTDSMBN2_553,Power,470
BulletParam_Common_actSTDSMBN2_553,Shave,94
BulletParam_Common_actSTDSMBN2_553,BeamPower,450
BulletParam_Common_actSTDSMBN2_553,BeamShave,90
BulletParam_Common_actSTDSMBN2_553,ExpendEnergy,3000
BulletParam_Common_actSTDSMBN2_553,LifeSpan,2.4
BulletParam_Common_actSTDSMBN2_553,FireNum,3
BulletParam_Common_actSTDSMBN2_553,bIgnoreHitBehindAttackChara,true
BulletParam_Common_actSTDSMBN2_553,EnergyBullectCollisionPriority,20
BulletParam_Common_actSTDSMBN2_553,HomingAngleLimitAtStart,360
BulletParam_Common_actSTDSMBN2_553,TargetPointDiffusionRadius,50
BulletParam_Common_actSTDSMBN2_553,bHomingAtReflect,true
BulletParam_Common_actSTDSMBN2_553,AutoReflectDirectionType,オートリフレクト
BulletParam_Common_actSTDSMBN2_553,MoveParam.SpeedRandamScale.Min,0.8
BulletParam_Common_actSTDSMBN2_553,MoveParam.HomingRandamScale.Min,0.8
BulletParam_Common_actSTDSMBN2_553,MoveParam.HomingEndTime,3
BulletParam_Common_actSTDSMBN2_553,ArmorBreakLevel,スマッシュ気弾
BulletParam_Common_actSTDSMBN2_553,DestructionFieldScale,2
BulletParam_Common_actSTDSMBN2_553,ChangePerChargeLv[0].DamageRate,1.5
BulletParam_Common_actSTDSMBN2_553,ChangePerChargeLv[0].FireNum,0
BulletParam_Common_actSTDSMBN2_553,ChangePerChargeLv[0].ArmorBreakLevel,None
BulletParam_Common_actSTDSMBN2_553,ChangePerChargeLv[0].EnergyBullectCollisionPriority,0
BulletParam_Common_actSTDSMBN2_553,ChangePerChargeLv[0].SpeedScale,1
BulletParam_Common_actSTDSMBN2_553,ChangePerChargeLv[0].HomingScale,1
BulletParam_Common_actSTDSMBN2_553,ChangePerChargeLv[0].bIgnoreActionTarget,false
BulletParam_Common_actSTDSMBN2_553,ChangePerChargeLv[0].bReduceZSearchAfterHit,false
BulletParam_Common_actSTDSMBN2_553,ChangePerChargeLv[0].ReduceZSearchEffectTime,0
BulletParam_Common_actSTDSMBN2_553,ChangePerChargeLv[0].bEnableBuff,false
BulletParam_Common_actSTDSMBN2_553,ChangePerChargeLv[0].BuffIndex,0
BulletParam_Common_actSTDSMBN2_553,ChangePerChargeLv[1].DamageRate,2
BulletParam_Common_actSTDSMBN2_553,ChangePerChargeLv[1].FireNum,0
BulletParam_Common_actSTDSMBN2_553,ChangePerChargeLv[1].ArmorBreakLevel,None
BulletParam_Common_actSTDSMBN2_553,ChangePerChargeLv[1].EnergyBullectCollisionPriority,0
BulletParam_Common_actSTDSMBN2_553,ChangePerChargeLv[1].SpeedScale,1
BulletParam_Common_actSTDSMBN2_553,ChangePerChargeLv[1].HomingScale,1
BulletParam_Common_actSTDSMBN2_553,ChangePerChargeLv[1].bIgnoreActionTarget,false
BulletParam_Common_actSTDSMBN2_553,ChangePerChargeLv[1].bReduceZSearchAfterHit,false
BulletParam_Common_actSTDSMBN2_553,ChangePerChargeLv[1].ReduceZSearchEffectTime,0
BulletParam_Common_actSTDSMBN2_553,ChangePerChargeLv[1].bEnableBuff,false
BulletParam_Common_actSTDSMBN2_553,ChangePerChargeLv[1].BuffIndex,0
BulletParam_Common_actSTDSMBN3_Shots2,Power,280
BulletParam_Common_actSTDSMBN3_Shots2,Shave,56
BulletParam_Common_actSTDSMBN3_Shots2,BeamPower,500
BulletParam_Common_actSTDSMBN3_Shots2,BeamShave,100
BulletParam_Common_actSTDSMBN3_Shots2,ExpendEnergy,3000
BulletParam_Common_actSTDSMBN3_Shots2,LifeSpan,0.5
BulletParam_Common_actSTDSMBN3_Shots2,FireNum,2
BulletParam_Common_actSTDSMBN3_Shots2,CharacterCollisionSize,40
BulletParam_Common_actSTDSMBN3_Shots2,bIgnoreHitBehindAttackChara,true
BulletParam_Common_actSTDSMBN3_Shots2,GeometryCollisionSize,20
BulletParam_Common_actSTDSMBN3_Shots2,ClashCollisionSize,30
BulletParam_Common_actSTDSMBN3_Shots2,EnergyBullectCollisionPriority,20
BulletParam_Common_actSTDSMBN3_Shots2,HomingAngleLimitAtStart,35
BulletParam_Common_actSTDSMBN3_Shots2,HomingAngleLimitAtStartYaw,7.5
BulletParam_Common_actSTDSMBN3_Shots2,bHomingAtReflect,true
BulletParam_Common_actSTDSMBN3_Shots2,AutoReflectDirectionType,オートリフレクト
BulletParam_Common_actSTDSMBN3_Shots2,MoveParam.HomingEndTime,0.12
BulletParam_Common_actSTDSMBN3_Shots2,ArmorBreakLevel,スマッシュ気弾
BulletParam_Common_actSTDSMBN3_Shots2,DestructionFieldScale,2
BulletParam_Common_actSTDSMBN3_Shots2,ChangePerChargeLv[0].DamageRate,1.2
BulletParam_Common_actSTDSMBN3_Shots2,ChangePerChargeLv[0].FireNum,0
BulletParam_Common_actSTDSMBN3_Shots2,ChangePerChargeLv[0].ArmorBreakLevel,None
BulletParam_Common_actSTDSMBN3_Shots2,ChangePerChargeLv[0].EnergyBullectCollisionPriority,0
BulletParam_Common_actSTDSMBN3_Shots2,ChangePerChargeLv[0].SpeedScale,1
BulletParam_Common_actSTDSMBN3_Shots2,ChangePerChargeLv[0].HomingScale,1
BulletParam_Common_actSTDSMBN3_Shots2,ChangePerChargeLv[0].bIgnoreActionTarget,false
BulletParam_Common_actSTDSMBN3_Shots2,ChangePerChargeLv[0].bReduceZSearchAfterHit,false
BulletParam_Common_actSTDSMBN3_Shots2,ChangePerChargeLv[0].ReduceZSearchEffectTime,0
BulletParam_Common_actSTDSMBN3_Shots2,ChangePerChargeLv[0].bEnableBuff,false
BulletParam_Common_actSTDSMBN3_Shots2,ChangePerChargeLv[0].BuffIndex,0
BulletParam_Common_actSTDSMBN3_Shots2,ChangePerChargeLv[1].DamageRate,1.8
BulletParam_Common_actSTDSMBN3_Shots2,ChangePerChargeLv[1].FireNum,0
BulletParam_Common_actSTDSMBN3_Shots2,ChangePerChargeLv[1].ArmorBreakLevel,None
BulletParam_Common_actSTDSMBN3_Shots2,ChangePerChargeLv[1].EnergyBullectCollisionPriority,0
BulletParam_Common_actSTDSMBN3_Shots2,ChangePerChargeLv[1].SpeedScale,1
BulletParam_Common_actSTDSMBN3_Shots2,ChangePerChargeLv[1].HomingScale,1
BulletParam_Common_actSTDSMBN3_Shots2,ChangePerChargeLv[1].bIgnoreActionTarget,false
BulletParam_Common_actSTDSMBN3_Shots2,ChangePerChargeLv[1].bReduceZSearchAfterHit,false
BulletParam_Common_actSTDSMBN3_Shots2,ChangePerChargeLv[1].ReduceZSearchEffectTime,0
BulletParam_Common_actSTDSMBN3_Shots2,ChangePerChargeLv[1].bEnableBuff,false
BulletParam_Common_actSTDSMBN3_Shots2,ChangePerChargeLv[1].BuffIndex,0
BulletParam_Common_actSTDSMBN3_Shots3,BeamPower,200
BulletParam_Common_actSTDSMBN3_Shots3,BeamShave,40
BulletParam_Common_actSTDSMBN3_Shots3,ExpendEnergy,3000
BulletParam_Common_actSTDSMBN3_Shots3,LifeSpan,0.5
BulletParam_Common_actSTDSMBN3_Shots3,FireNum,3
BulletParam_Common_actSTDSMBN3_Shots3,CharacterCollisionSize,40
BulletParam_Common_actSTDSMBN3_Shots3,bIgnoreHitBehindAttackChara,true
BulletParam_Common_actSTDSMBN3_Shots3,GeometryCollisionSize,20
BulletParam_Common_actSTDSMBN3_Shots3,ClashCollisionSize,30
BulletParam_Common_actSTDSMBN3_Shots3,EnergyBullectCollisionPriority,20
BulletParam_Common_actSTDSMBN3_Shots3,HomingAngleLimitAtStart,35
BulletParam_Common_actSTDSMBN3_Shots3,HomingAngleLimitAtStartYaw,7.5
BulletParam_Common_actSTDSMBN3_Shots3,bHomingAtReflect,true
BulletParam_Common_actSTDSMBN3_Shots3,AutoReflectDirectionType,オートリフレクト
BulletParam_Common_actSTDSMBN3_Shots3,MoveParam.HomingEndTime,0.1
BulletParam_Common_actSTDSMBN3_Shots3,ArmorBreakLevel,スマッシュ気弾
BulletParam_Common_actSTDSMBN3_Shots3,DestructionFieldScale,2
BulletParam_Common_actSTDSMBN3_Shots3,ChangePerChargeLv[0].DamageRate,1.2
BulletParam_Common_actSTDSMBN3_Shots3,ChangePerChargeLv[0].FireNum,0
BulletParam_Common_actSTDSMBN3_Shots3,ChangePerChargeLv[0].ArmorBreakLevel,None
BulletParam_Common_actSTDSMBN3_Shots3,ChangePerChargeLv[0].EnergyBullectCollisionPriority,0
BulletParam_Common_actSTDSMBN3_Shots3,ChangePerChargeLv[0].SpeedScale,1
BulletParam_Common_actSTDSMBN3_Shots3,ChangePerChargeLv[0].HomingScale,1
BulletParam_Common_actSTDSMBN3_Shots3,ChangePerChargeLv[0].bIgnoreActionTarget,false
BulletParam_Common_actSTDSMBN3_Shots3,ChangePerChargeLv[0].bReduceZSearchAfterHit,false
BulletParam_Common_actSTDSMBN3_Shots3,ChangePerChargeLv[0].ReduceZSearchEffectTime,0
BulletParam_Common_actSTDSMBN3_Shots3,ChangePerChargeLv[0].bEnableBuff,false
BulletParam_Common_actSTDSMBN3_Shots3,ChangePerChargeLv[0].BuffIndex,0
BulletParam_Common_actSTDSMBN3_Shots3,ChangePerChargeLv[1].DamageRate,1.8
BulletParam_Common_actSTDSMBN3_Shots3,ChangePerChargeLv[1].FireNum,0
BulletParam_Common_actSTDSMBN3_Shots3,ChangePerChargeLv[1].ArmorBreakLevel,None
BulletParam_Common_actSTDSMBN3_Shots3,ChangePerChargeLv[1].EnergyBullectCollisionPriority,0
BulletParam_Common_actSTDSMBN3_Shots3,ChangePerChargeLv[1].SpeedScale,1
BulletParam_Common_actSTDSMBN3_Shots3,ChangePerChargeLv[1].HomingScale,1
BulletParam_Common_actSTDSMBN3_Shots3,ChangePerChargeLv[1].bIgnoreActionTarget,false
BulletParam_Common_actSTDSMBN3_Shots3,ChangePerChargeLv[1].bReduceZSearchAfterHit,false
BulletParam_Common_actSTDSMBN3_Shots3,ChangePerChargeLv[1].ReduceZSearchEffectTime,0
BulletParam_Common_actSTDSMBN3_Shots3,ChangePerChargeLv[1].bEnableBuff,false
BulletParam_Common_actSTDSMBN3_Shots3,ChangePerChargeLv[1].BuffIndex,0
BulletParam_Common_actSTDSMBN3_Shots3_L,BeamPower,300
BulletParam_Common_actSTDSMBN3_Shots3_L,BeamShave,60
BulletParam_Common_actSTDSMBN3_Shots3_L,ExpendEnergy,3000
BulletParam_Common_actSTDSMBN3_Shots3_L,LifeSpan,0.5
BulletParam_Common_actSTDSMBN3_Shots3_L,FireNum,3
BulletParam_Common_actSTDSMBN3_Shots3_L,CharacterCollisionSize,40
BulletParam_Common_actSTDSMBN3_Shots3_L,bIgnoreHitBehindAttackChara,true
BulletParam_Common_actSTDSMBN3_Shots3_L,GeometryCollisionSize,20
BulletParam_Common_actSTDSMBN3_Shots3_L,ClashCollisionSize,30
BulletParam_Common_actSTDSMBN3_Shots3_L,EnergyBullectCollisionPriority,20
BulletParam_Common_actSTDSMBN3_Shots3_L,HomingAngleLimitAtStart,35
BulletParam_Common_actSTDSMBN3_Shots3_L,HomingAngleLimitAtStartYaw,7.5
BulletParam_Common_actSTDSMBN3_Shots3_L,bHomingAtReflect,true
BulletParam_Common_actSTDSMBN3_Shots3_L,AutoReflectDirectionType,オートリフレクト
BulletParam_Common_actSTDSMBN3_Shots3_L,MoveParam.HomingEndTime,0.12
BulletParam_Common_actSTDSMBN3_Shots3_L,ArmorBreakLevel,スマッシュ気弾
BulletParam_Common_actSTDSMBN3_Shots3_L,DestructionFieldScale,2
BulletParam_Common_actSTDSMBN3_Shots3_L,ChangePerChargeLv[0].DamageRate,1.2
BulletParam_Common_actSTDSMBN3_Shots3_L,ChangePerChargeLv[0].FireNum,0
BulletParam_Common_actSTDSMBN3_Shots3_L,ChangePerChargeLv[0].ArmorBreakLevel,None
BulletParam_Common_actSTDSMBN3_Shots3_L,ChangePerChargeLv[0].EnergyBullectCollisionPriority,0
BulletParam_Common_actSTDSMBN3_Shots3_L,ChangePerChargeLv[0].SpeedScale,1
BulletParam_Common_actSTDSMBN3_Shots3_L,ChangePerChargeLv[0].HomingScale,1
BulletParam_Common_actSTDSMBN3_Shots3_L,ChangePerChargeLv[0].bIgnoreActionTarget,false
BulletParam_Common_actSTDSMBN3_Shots3_L,ChangePerChargeLv[0].bReduceZSearchAfterHit,false
BulletParam_Common_actSTDSMBN3_Shots3_L,ChangePerChargeLv[0].ReduceZSearchEffectTime,0
BulletParam_Common_actSTDSMBN3_Shots3_L,ChangePerChargeLv[0].bEnableBuff,false
BulletParam_Common_actSTDSMBN3_Shots3_L,ChangePerChargeLv[0].BuffIndex,0
BulletParam_Common_actSTDSMBN3_Shots3_L,ChangePerChargeLv[1].DamageRate,1.8
BulletParam_Common_actSTDSMBN3_Shots3_L,ChangePerChargeLv[1].FireNum,0
BulletParam_Common_actSTDSMBN3_Shots3_L,ChangePerChargeLv[1].ArmorBreakLevel,None
BulletParam_Common_actSTDSMBN3_Shots3_L,ChangePerChargeLv[1].EnergyBullectCollisionPriority,0
BulletParam_Common_actSTDSMBN3_Shots3_L,ChangePerChargeLv[1].SpeedScale,1
BulletParam_Common_actSTDSMBN3_Shots3_L,ChangePerChargeLv[1].HomingScale,1
BulletParam_Common_actSTDSMBN3_Shots3_L,ChangePerChargeLv[1].bIgnoreActionTarget,false
BulletParam_Common_actSTDSMBN3_Shots3_L,ChangePerChargeLv[1].bReduceZSearchAfterHit,false
BulletParam_Common_actSTDSMBN3_Shots3_L,ChangePerChargeLv[1].ReduceZSearchEffectTime,0
BulletParam_Common_actSTDSMBN3_Shots3_L,ChangePerChargeLv[1].bEnableBuff,false
BulletParam_Common_actSTDSMBN3_Shots3_L,ChangePerChargeLv[1].BuffIndex,0
BulletParam_Common_actSTDSMBN3_Shots4,Power,240
BulletParam_Common_actSTDSMBN3_Shots4,Shave,52
BulletParam_Common_actSTDSMBN3_Shots4,BeamPower,200
BulletParam_Common_actSTDSMBN3_Shots4,BeamShave,40
BulletParam_Common_actSTDSMBN3_Shots4,ExpendEnergy,3000
BulletParam_Common_actSTDSMBN3_Shots4,LifeSpan,0.5
BulletParam_Common_actSTDSMBN3_Shots4,FireNum,4
BulletParam_Common_actSTDSMBN3_Shots4,CharacterCollisionSize,40
BulletParam_Common_actSTDSMBN3_Shots4,bIgnoreHitBehindAttackChara,true
BulletParam_Common_actSTDSMBN3_Shots4,GeometryCollisionSize,20
BulletParam_Common_actSTDSMBN3_Shots4,ClashCollisionSize,30
BulletParam_Common_actSTDSMBN3_Shots4,EnergyBullectCollisionPriority,20
BulletParam_Common_actSTDSMBN3_Shots4,HomingAngleLimitAtStart,35
BulletParam_Common_actSTDSMBN3_Shots4,HomingAngleLimitAtStartYaw,7.5
BulletParam_Common_actSTDSMBN3_Shots4,bHomingAtReflect,true
BulletParam_Common_actSTDSMBN3_Shots4,AutoReflectDirectionType,オートリフレクト
BulletParam_Common_actSTDSMBN3_Shots4,MoveParam.HomingEndTime,0.1
BulletParam_Common_actSTDSMBN3_Shots4,ArmorBreakLevel,スマッシュ気弾
BulletParam_Common_actSTDSMBN3_Shots4,DestructionFieldScale,2
BulletParam_Common_actSTDSMBN3_Shots4,ChangePerChargeLv[0].DamageRate,1.2
BulletParam_Common_actSTDSMBN3_Shots4,ChangePerChargeLv[0].FireNum,0
BulletParam_Common_actSTDSMBN3_Shots4,ChangePerChargeLv[0].ArmorBreakLevel,None
BulletParam_Common_actSTDSMBN3_Shots4,ChangePerChargeLv[0].EnergyBullectCollisionPriority,0
BulletParam_Common_actSTDSMBN3_Shots4,ChangePerChargeLv[0].SpeedScale,1
BulletParam_Common_actSTDSMBN3_Shots4,ChangePerChargeLv[0].HomingScale,1
BulletParam_Common_actSTDSMBN3_Shots4,ChangePerChargeLv[0].bIgnoreActionTarget,false
BulletParam_Common_actSTDSMBN3_Shots4,ChangePerChargeLv[0].bReduceZSearchAfterHit,false
BulletParam_Common_actSTDSMBN3_Shots4,ChangePerChargeLv[0].ReduceZSearchEffectTime,0
BulletParam_Common_actSTDSMBN3_Shots4,ChangePerChargeLv[0].bEnableBuff,false
BulletParam_Common_actSTDSMBN3_Shots4,ChangePerChargeLv[0].BuffIndex,0
BulletParam_Common_actSTDSMBN3_Shots4,ChangePerChargeLv[1].DamageRate,1.8
BulletParam_Common_actSTDSMBN3_Shots4,ChangePerChargeLv[1].FireNum,0
BulletParam_Common_actSTDSMBN3_Shots4,ChangePerChargeLv[1].ArmorBreakLevel,None
BulletParam_Common_actSTDSMBN3_Shots4,ChangePerChargeLv[1].EnergyBullectCollisionPriority,0
BulletParam_Common_actSTDSMBN3_Shots4,ChangePerChargeLv[1].SpeedScale,1
BulletParam_Common_actSTDSMBN3_Shots4,ChangePerChargeLv[1].HomingScale,1
BulletParam_Common_actSTDSMBN3_Shots4,ChangePerChargeLv[1].bIgnoreActionTarget,false
BulletParam_Common_actSTDSMBN3_Shots4,ChangePerChargeLv[1].bReduceZSearchAfterHit,false
BulletParam_Common_actSTDSMBN3_Shots4,ChangePerChargeLv[1].ReduceZSearchEffectTime,0
BulletParam_Common_actSTDSMBN3_Shots4,ChangePerChargeLv[1].bEnableBuff,false
BulletParam_Common_actSTDSMBN3_Shots4,ChangePerChargeLv[1].BuffIndex,0
BulletParam_Common_actSTDSMBN3_Shots5,Power,210
BulletParam_Common_actSTDSMBN3_Shots5,Shave,42
BulletParam_Common_actSTDSMBN3_Shots5,BeamPower,220
BulletParam_Common_actSTDSMBN3_Shots5,BeamShave,44
BulletParam_Common_actSTDSMBN3_Shots5,ExpendEnergy,3000
BulletParam_Common_actSTDSMBN3_Shots5,LifeSpan,0.5
BulletParam_Common_actSTDSMBN3_Shots5,FireNum,5
BulletParam_Common_actSTDSMBN3_Shots5,CharacterCollisionSize,35
BulletParam_Common_actSTDSMBN3_Shots5,bIgnoreHitBehindAttackChara,true
BulletParam_Common_actSTDSMBN3_Shots5,GeometryCollisionSize,20
BulletParam_Common_actSTDSMBN3_Shots5,ClashCollisionSize,30
BulletParam_Common_actSTDSMBN3_Shots5,EnergyBullectCollisionPriority,20
BulletParam_Common_actSTDSMBN3_Shots5,HomingAngleLimitAtStart,35
BulletParam_Common_actSTDSMBN3_Shots5,HomingAngleLimitAtStartYaw,7.5
BulletParam_Common_actSTDSMBN3_Shots5,bHomingAtReflect,true
BulletParam_Common_actSTDSMBN3_Shots5,AutoReflectDirectionType,オートリフレクト
BulletParam_Common_actSTDSMBN3_Shots5,MoveParam.HomingEndTime,0.1
BulletParam_Common_actSTDSMBN3_Shots5,ArmorBreakLevel,スマッシュ気弾
BulletParam_Common_actSTDSMBN3_Shots5,DestructionFieldScale,2
BulletParam_Common_actSTDSMBN3_Shots5,ChangePerChargeLv[0].DamageRate,1.15
BulletParam_Common_actSTDSMBN3_Shots5,ChangePerChargeLv[0].FireNum,0
BulletParam_Common_actSTDSMBN3_Shots5,ChangePerChargeLv[0].ArmorBreakLevel,None
BulletParam_Common_actSTDSMBN3_Shots5,ChangePerChargeLv[0].EnergyBullectCollisionPriority,0
BulletParam_Common_actSTDSMBN3_Shots5,ChangePerChargeLv[0].SpeedScale,1
BulletParam_Common_actSTDSMBN3_Shots5,ChangePerChargeLv[0].HomingScale,1
BulletParam_Common_actSTDSMBN3_Shots5,ChangePerChargeLv[0].bIgnoreActionTarget,false
BulletParam_Common_actSTDSMBN3_Shots5,ChangePerChargeLv[0].bReduceZSearchAfterHit,false
BulletParam_Common_actSTDSMBN3_Shots5,ChangePerChargeLv[0].ReduceZSearchEffectTime,0
BulletParam_Common_actSTDSMBN3_Shots5,ChangePerChargeLv[0].bEnableBuff,false
BulletParam_Common_actSTDSMBN3_Shots5,ChangePerChargeLv[0].BuffIndex,0
BulletParam_Common_actSTDSMBN3_Shots5,ChangePerChargeLv[1].DamageRate,1.75
BulletParam_Common_actSTDSMBN3_Shots5,ChangePerChargeLv[1].FireNum,0
BulletParam_Common_actSTDSMBN3_Shots5,ChangePerChargeLv[1].ArmorBreakLevel,None
BulletParam_Common_actSTDSMBN3_Shots5,ChangePerChargeLv[1].EnergyBullectCollisionPriority,0
BulletParam_Common_actSTDSMBN3_Shots5,ChangePerChargeLv[1].SpeedScale,1
BulletParam_Common_actSTDSMBN3_Shots5,ChangePerChargeLv[1].HomingScale,1
BulletParam_Common_actSTDSMBN3_Shots5,ChangePerChargeLv[1].bIgnoreActionTarget,false
BulletParam_Common_actSTDSMBN3_Shots5,ChangePerChargeLv[1].bReduceZSearchAfterHit,false
BulletParam_Common_actSTDSMBN3_Shots5,ChangePerChargeLv[1].ReduceZSearchEffectTime,0
BulletParam_Common_actSTDSMBN3_Shots5,ChangePerChargeLv[1].bEnableBuff,false
BulletParam_Common_actSTDSMBN3_Shots5,ChangePerChargeLv[1].BuffIndex,0
BulletParam_Common_actSTDSMBN3_Shots5_553,Power,210
BulletParam_Common_actSTDSMBN3_Shots5_553,Shave,42
BulletParam_Common_actSTDSMBN3_Shots5_553,BeamPower,300
BulletParam_Common_actSTDSMBN3_Shots5_553,BeamShave,60
BulletParam_Common_actSTDSMBN3_Shots5_553,ExpendEnergy,3000
BulletParam_Common_actSTDSMBN3_Shots5_553,LifeSpan,0.5
BulletParam_Common_actSTDSMBN3_Shots5_553,FireNum,5
BulletParam_Common_actSTDSMBN3_Shots5_553,CharacterCollisionSize,35
BulletParam_Common_actSTDSMBN3_Shots5_553,bIgnoreHitBehindAttackChara,true
BulletParam_Common_actSTDSMBN3_Shots5_553,GeometryCollisionSize,20
BulletParam_Common_actSTDSMBN3_Shots5_553,ClashCollisionSize,30
BulletParam_Common_actSTDSMBN3_Shots5_553,EnergyBullectCollisionPriority,20
BulletParam_Common_actSTDSMBN3_Shots5_553,HomingAngleLimitAtStart,35
BulletParam_Common_actSTDSMBN3_Shots5_553,HomingAngleLimitAtStartYaw,7.5
BulletParam_Common_actSTDSMBN3_Shots5_553,bHomingAtReflect,true
BulletParam_Common_actSTDSMBN3_Shots5_553,AutoReflectDirectionType,オートリフレクト
BulletParam_Common_actSTDSMBN3_Shots5_553,MoveParam.HomingEndTime,0.12
BulletParam_Common_actSTDSMBN3_Shots5_553,ArmorBreakLevel,スマッシュ気弾
BulletParam_Common_actSTDSMBN3_Shots5_553,DestructionFieldScale,2
BulletParam_Common_actSTDSMBN3_Shots5_553,ChangePerChargeLv[0].DamageRate,1.15
BulletParam_Common_actSTDSMBN3_Shots5_553,ChangePerChargeLv[0].FireNum,0
BulletParam_Common_actSTDSMBN3_Shots5_553,ChangePerChargeLv[0].ArmorBreakLevel,None
BulletParam_Common_actSTDSMBN3_Shots5_553,ChangePerChargeLv[0].EnergyBullectCollisionPriority,0
BulletParam_Common_actSTDSMBN3_Shots5_553,ChangePerChargeLv[0].SpeedScale,1
BulletParam_Common_actSTDSMBN3_Shots5_553,ChangePerChargeLv[0].HomingScale,1
BulletParam_Common_actSTDSMBN3_Shots5_553,ChangePerChargeLv[0].bIgnoreActionTarget,false
BulletParam_Common_actSTDSMBN3_Shots5_553,ChangePerChargeLv[0].bReduceZSearchAfterHit,false
BulletParam_Common_actSTDSMBN3_Shots5_553,ChangePerChargeLv[0].ReduceZSearchEffectTime,0
BulletParam_Common_actSTDSMBN3_Shots5_553,ChangePerChargeLv[0].bEnableBuff,false
BulletParam_Common_actSTDSMBN3_Shots5_553,ChangePerChargeLv[0].BuffIndex,0
BulletParam_Common_actSTDSMBN3_Shots5_553,ChangePerChargeLv[1].DamageRate,1.75
BulletParam_Common_actSTDSMBN3_Shots5_553,ChangePerChargeLv[1].FireNum,0
BulletParam_Common_actSTDSMBN3_Shots5_553,ChangePerChargeLv[1].ArmorBreakLevel,None
BulletParam_Common_actSTDSMBN3_Shots5_553,ChangePerChargeLv[1].EnergyBullectCollisionPriority,0
BulletParam_Common_actSTDSMBN3_Shots5_553,ChangePerChargeLv[1].SpeedScale,1
BulletParam_Common_actSTDSMBN3_Shots5_553,ChangePerChargeLv[1].HomingScale,1
BulletParam_Common_actSTDSMBN3_Shots5_553,ChangePerChargeLv[1].bIgnoreActionTarget,false
BulletParam_Common_actSTDSMBN3_Shots5_553,ChangePerChargeLv[1].bReduceZSearchAfterHit,false
BulletParam_Common_actSTDSMBN3_Shots5_553,ChangePerChargeLv[1].ReduceZSearchEffectTime,0
BulletParam_Common_actSTDSMBN3_Shots5_553,ChangePerChargeLv[1].bEnableBuff,false
BulletParam_Common_actSTDSMBN3_Shots5_553,ChangePerChargeLv[1].BuffIndex,0
BulletParam_Common_actSTDSMBN3_Shots5_L,Power,210
BulletParam_Common_actSTDSMBN3_Shots5_L,Shave,42
BulletParam_Common_actSTDSMBN3_Shots5_L,BeamPower,300
BulletParam_Common_actSTDSMBN3_Shots5_L,BeamShave,60
BulletParam_Common_actSTDSMBN3_Shots5_L,ExpendEnergy,3000
BulletParam_Common_actSTDSMBN3_Shots5_L,LifeSpan,0.5
BulletParam_Common_actSTDSMBN3_Shots5_L,FireNum,5
BulletParam_Common_actSTDSMBN3_Shots5_L,CharacterCollisionSize,35
BulletParam_Common_actSTDSMBN3_Shots5_L,bIgnoreHitBehindAttackChara,true
BulletParam_Common_actSTDSMBN3_Shots5_L,GeometryCollisionSize,20
BulletParam_Common_actSTDSMBN3_Shots5_L,ClashCollisionSize,30
BulletParam_Common_actSTDSMBN3_Shots5_L,EnergyBullectCollisionPriority,20
BulletParam_Common_actSTDSMBN3_Shots5_L,HomingAngleLimitAtStart,35
BulletParam_Common_actSTDSMBN3_Shots5_L,HomingAngleLimitAtStartYaw,7.5
BulletParam_Common_actSTDSMBN3_Shots5_L,bHomingAtReflect,true
BulletParam_Common_actSTDSMBN3_Shots5_L,AutoReflectDirectionType,オートリフレクト
BulletParam_Common_actSTDSMBN3_Shots5_L,MoveParam.HomingEndTime,0.12
BulletParam_Common_actSTDSMBN3_Shots5_L,ArmorBreakLevel,スマッシュ気弾
BulletParam_Common_actSTDSMBN3_Shots5_L,DestructionFieldScale,2
BulletParam_Common_actSTDSMBN3_Shots5_L,ChangePerChargeLv[0].DamageRate,1.15
BulletParam_Common_actSTDSMBN3_Shots5_L,ChangePerChargeLv[0].FireNum,0
BulletParam_Common_actSTDSMBN3_Shots5_L,ChangePerChargeLv[0].ArmorBreakLevel,None
BulletParam_Common_actSTDSMBN3_Shots5_L,ChangePerChargeLv[0].EnergyBullectCollisionPriority,0
BulletParam_Common_actSTDSMBN3_Shots5_L,ChangePerChargeLv[0].SpeedScale,1
BulletParam_Common_actSTDSMBN3_Shots5_L,ChangePerChargeLv[0].HomingScale,1
BulletParam_Common_actSTDSMBN3_Shots5_L,ChangePerChargeLv[0].bIgnoreActionTarget,false
BulletParam_Common_actSTDSMBN3_Shots5_L,ChangePerChargeLv[0].bReduceZSearchAfterHit,false
BulletParam_Common_actSTDSMBN3_Shots5_L,ChangePerChargeLv[0].ReduceZSearchEffectTime,0
BulletParam_Common_actSTDSMBN3_Shots5_L,ChangePerChargeLv[0].bEnableBuff,false
BulletParam_Common_actSTDSMBN3_Shots5_L,ChangePerChargeLv[0].BuffIndex,0
BulletParam_Common_actSTDSMBN3_Shots5_L,ChangePerChargeLv[1].DamageRate,1.75
BulletParam_Common_actSTDSMBN3_Shots5_L,ChangePerChargeLv[1].FireNum,0
BulletParam_Common_actSTDSMBN3_Shots5_L,ChangePerChargeLv[1].ArmorBreakLevel,None
BulletParam_Common_actSTDSMBN3_Shots5_L,ChangePerChargeLv[1].EnergyBullectCollisionPriority,0
BulletParam_Common_actSTDSMBN3_Shots5_L,ChangePerChargeLv[1].SpeedScale,1
BulletParam_Common_actSTDSMBN3_Shots5_L,ChangePerChargeLv[1].HomingScale,1
BulletParam_Common_actSTDSMBN3_Shots5_L,ChangePerChargeLv[1].bIgnoreActionTarget,false
BulletParam_Common_actSTDSMBN3_Shots5_L,ChangePerChargeLv[1].bReduceZSearchAfterHit,false
BulletParam_Common_actSTDSMBN3_Shots5_L,ChangePerChargeLv[1].ReduceZSearchEffectTime,0
BulletParam_Common_actSTDSMBN3_Shots5_L,ChangePerChargeLv[1].bEnableBuff,false
BulletParam_Common_actSTDSMBN3_Shots5_L,ChangePerChargeLv[1].BuffIndex,0
BulletParam_Common_actSTDSMBN3_Shots6,Power,180
BulletParam_Common_actSTDSMBN3_Shots6,Shave,66
BulletParam_Common_actSTDSMBN3_Shots6,BeamPower,350
BulletParam_Common_actSTDSMBN3_Shots6,BeamShave,70
BulletParam_Common_actSTDSMBN3_Shots6,ExpendEnergy,3000
BulletParam_Common_actSTDSMBN3_Shots6,LifeSpan,0.5
BulletParam_Common_actSTDSMBN3_Shots6,FireNum,6
BulletParam_Common_actSTDSMBN3_Shots6,CharacterCollisionSize,35
BulletParam_Common_actSTDSMBN3_Shots6,bIgnoreHitBehindAttackChara,true
BulletParam_Common_actSTDSMBN3_Shots6,GeometryCollisionSize,20
BulletParam_Common_actSTDSMBN3_Shots6,ClashCollisionSize,30
BulletParam_Common_actSTDSMBN3_Shots6,EnergyBullectCollisionPriority,20
BulletParam_Common_actSTDSMBN3_Shots6,HomingAngleLimitAtStart,35
BulletParam_Common_actSTDSMBN3_Shots6,HomingAngleLimitAtStartYaw,7.5
BulletParam_Common_actSTDSMBN3_Shots6,bHomingAtReflect,true
BulletParam_Common_actSTDSMBN3_Shots6,AutoReflectDirectionType,オートリフレクト
BulletParam_Common_actSTDSMBN3_Shots6,MoveParam.HomingEndTime,0.1
BulletParam_Common_actSTDSMBN3_Shots6,ArmorBreakLevel,スマッシュ気弾
BulletParam_Common_actSTDSMBN3_Shots6,DestructionFieldScale,2
BulletParam_Common_actSTDSMBN3_Shots6,ChangePerChargeLv[0].DamageRate,1.15
BulletParam_Common_actSTDSMBN3_Shots6,ChangePerChargeLv[0].FireNum,0
BulletParam_Common_actSTDSMBN3_Shots6,ChangePerChargeLv[0].ArmorBreakLevel,None
BulletParam_Common_actSTDSMBN3_Shots6,ChangePerChargeLv[0].EnergyBullectCollisionPriority,0
BulletParam_Common_actSTDSMBN3_Shots6,ChangePerChargeLv[0].SpeedScale,1
BulletParam_Common_actSTDSMBN3_Shots6,ChangePerChargeLv[0].HomingScale,1
BulletParam_Common_actSTDSMBN3_Shots6,ChangePerChargeLv[0].bIgnoreActionTarget,false
BulletParam_Common_actSTDSMBN3_Shots6,ChangePerChargeLv[0].bReduceZSearchAfterHit,false
BulletParam_Common_actSTDSMBN3_Shots6,ChangePerChargeLv[0].ReduceZSearchEffectTime,0
BulletParam_Common_actSTDSMBN3_Shots6,ChangePerChargeLv[0].bEnableBuff,false
BulletParam_Common_actSTDSMBN3_Shots6,ChangePerChargeLv[0].BuffIndex,0
BulletParam_Common_actSTDSMBN3_Shots6,ChangePerChargeLv[1].DamageRate,1.75
BulletParam_Common_actSTDSMBN3_Shots6,ChangePerChargeLv[1].FireNum,0
BulletParam_Common_actSTDSMBN3_Shots6,ChangePerChargeLv[1].ArmorBreakLevel,None
BulletParam_Common_actSTDSMBN3_Shots6,ChangePerChargeLv[1].EnergyBullectCollisionPriority,0
BulletParam_Common_actSTDSMBN3_Shots6,ChangePerChargeLv[1].SpeedScale,1
BulletParam_Common_actSTDSMBN3_Shots6,ChangePerChargeLv[1].HomingScale,1
BulletParam_Common_actSTDSMBN3_Shots6,ChangePerChargeLv[1].bIgnoreActionTarget,false
BulletParam_Common_actSTDSMBN3_Shots6,ChangePerChargeLv[1].bReduceZSearchAfterHit,false
BulletParam_Common_actSTDSMBN3_Shots6,ChangePerChargeLv[1].ReduceZSearchEffectTime,0
BulletParam_Common_actSTDSMBN3_Shots6,ChangePerChargeLv[1].bEnableBuff,false
BulletParam_Common_actSTDSMBN3_Shots6,ChangePerChargeLv[1].BuffIndex,0
BulletParam_Common_actSTDSMBN3_Shots6_553,Power,180
BulletParam_Common_actSTDSMBN3_Shots6_553,Shave,66
BulletParam_Common_actSTDSMBN3_Shots6_553,BeamPower,300
BulletParam_Common_actSTDSMBN3_Shots6_553,BeamShave,60
BulletParam_Common_actSTDSMBN3_Shots6_553,ExpendEnergy,3000
BulletParam_Common_actSTDSMBN3_Shots6_553,LifeSpan,0.5
BulletParam_Common_actSTDSMBN3_Shots6_553,FireNum,6
BulletParam_Common_actSTDSMBN3_Shots6_553,CharacterCollisionSize,35
BulletParam_Common_actSTDSMBN3_Shots6_553,bIgnoreHitBehindAttackChara,true
BulletParam_Common_actSTDSMBN3_Shots6_553,GeometryCollisionSize,20
BulletParam_Common_actSTDSMBN3_Shots6_553,ClashCollisionSize,30
BulletParam_Common_actSTDSMBN3_Shots6_553,EnergyBullectCollisionPriority,20
BulletParam_Common_actSTDSMBN3_Shots6_553,HomingAngleLimitAtStart,35
BulletParam_Common_actSTDSMBN3_Shots6_553,HomingAngleLimitAtStartYaw,7.5
BulletParam_Common_actSTDSMBN3_Shots6_553,bHomingAtReflect,true
BulletParam_Common_actSTDSMBN3_Shots6_553,AutoReflectDirectionType,オートリフレクト
BulletParam_Common_actSTDSMBN3_Shots6_553,MoveParam.HomingEndTime,0.12
BulletParam_Common_actSTDSMBN3_Shots6_553,ArmorBreakLevel,スマッシュ気弾
BulletParam_Common_actSTDSMBN3_Shots6_553,DestructionFieldScale,2
BulletParam_Common_actSTDSMBN3_Shots6_553,ChangePerChargeLv[0].DamageRate,1.15
BulletParam_Common_actSTDSMBN3_Shots6_553,ChangePerChargeLv[0].FireNum,0
BulletParam_Common_actSTDSMBN3_Shots6_553,ChangePerChargeLv[0].ArmorBreakLevel,None
BulletParam_Common_actSTDSMBN3_Shots6_553,ChangePerChargeLv[0].EnergyBullectCollisionPriority,0
BulletParam_Common_actSTDSMBN3_Shots6_553,ChangePerChargeLv[0].SpeedScale,1
BulletParam_Common_actSTDSMBN3_Shots6_553,ChangePerChargeLv[0].HomingScale,1
BulletParam_Common_actSTDSMBN3_Shots6_553,ChangePerChargeLv[0].bIgnoreActionTarget,false
BulletParam_Common_actSTDSMBN3_Shots6_553,ChangePerChargeLv[0].bReduceZSearchAfterHit,false
BulletParam_Common_actSTDSMBN3_Shots6_553,ChangePerChargeLv[0].ReduceZSearchEffectTime,0
BulletParam_Common_actSTDSMBN3_Shots6_553,ChangePerChargeLv[0].bEnableBuff,false
BulletParam_Common_actSTDSMBN3_Shots6_553,ChangePerChargeLv[0].BuffIndex,0
BulletParam_Common_actSTDSMBN3_Shots6_553,ChangePerChargeLv[1].DamageRate,1.75
BulletParam_Common_actSTDSMBN3_Shots6_553,ChangePerChargeLv[1].FireNum,0
BulletParam_Common_actSTDSMBN3_Shots6_553,ChangePerChargeLv[1].ArmorBreakLevel,None
BulletParam_Common_actSTDSMBN3_Shots6_553,ChangePerChargeLv[1].EnergyBullectCollisionPriority,0
BulletParam_Common_actSTDSMBN3_Shots6_553,ChangePerChargeLv[1].SpeedScale,1
BulletParam_Common_actSTDSMBN3_Shots6_553,ChangePerChargeLv[1].HomingScale,1
BulletParam_Common_actSTDSMBN3_Shots6_553,ChangePerChargeLv[1].bIgnoreActionTarget,false
BulletParam_Common_actSTDSMBN3_Shots6_553,ChangePerChargeLv[1].bReduceZSearchAfterHit,false
BulletParam_Common_actSTDSMBN3_Shots6_553,ChangePerChargeLv[1].ReduceZSearchEffectTime,0
BulletParam_Common_actSTDSMBN3_Shots6_553,ChangePerChargeLv[1].bEnableBuff,false
BulletParam_Common_actSTDSMBN3_Shots6_553,ChangePerChargeLv[1].BuffIndex,0
BulletParam_Common_actSTDSMBN3_Shots6_L,Power,180
BulletParam_Common_actSTDSMBN3_Shots6_L,Shave,66
BulletParam_Common_actSTDSMBN3_Shots6_L,BeamPower,350
BulletParam_Common_actSTDSMBN3_Shots6_L,BeamShave,70
BulletParam_Common_actSTDSMBN3_Shots6_L,ExpendEnergy,3000
BulletParam_Common_actSTDSMBN3_Shots6_L,LifeSpan,0.5
BulletParam_Common_actSTDSMBN3_Shots6_L,FireNum,6
BulletParam_Common_actSTDSMBN3_Shots6_L,CharacterCollisionSize,35
BulletParam_Common_actSTDSMBN3_Shots6_L,bIgnoreHitBehindAttackChara,true
BulletParam_Common_actSTDSMBN3_Shots6_L,GeometryCollisionSize,20
BulletParam_Common_actSTDSMBN3_Shots6_L,ClashCollisionSize,30
BulletParam_Common_actSTDSMBN3_Shots6_L,EnergyBullectCollisionPriority,20
BulletParam_Common_actSTDSMBN3_Shots6_L,HomingAngleLimitAtStart,35
BulletParam_Common_actSTDSMBN3_Shots6_L,HomingAngleLimitAtStartYaw,7.5
BulletParam_Common_actSTDSMBN3_Shots6_L,TargetPointDiffusionRadius,25
BulletParam_Common_actSTDSMBN3_Shots6_L,bHomingAtReflect,true
BulletParam_Common_actSTDSMBN3_Shots6_L,AutoReflectDirectionType,オートリフレクト
BulletParam_Common_actSTDSMBN3_Shots6_L,MoveParam.HomingEndTime,0.12
BulletParam_Common_actSTDSMBN3_Shots6_L,ArmorBreakLevel,スマッシュ気弾
BulletParam_Common_actSTDSMBN3_Shots6_L,DestructionFieldScale,2
BulletParam_Common_actSTDSMBN3_Shots6_L,ChangePerChargeLv[0].DamageRate,1.15
BulletParam_Common_actSTDSMBN3_Shots6_L,ChangePerChargeLv[0].FireNum,0
BulletParam_Common_actSTDSMBN3_Shots6_L,ChangePerChargeLv[0].ArmorBreakLevel,None
BulletParam_Common_actSTDSMBN3_Shots6_L,ChangePerChargeLv[0].EnergyBullectCollisionPriority,0
BulletParam_Common_actSTDSMBN3_Shots6_L,ChangePerChargeLv[0].SpeedScale,1
BulletParam_Common_actSTDSMBN3_Shots6_L,ChangePerChargeLv[0].HomingScale,1
BulletParam_Common_actSTDSMBN3_Shots6_L,ChangePerChargeLv[0].bIgnoreActionTarget,false
BulletParam_Common_actSTDSMBN3_Shots6_L,ChangePerChargeLv[0].bReduceZSearchAfterHit,false
BulletParam_Common_actSTDSMBN3_Shots6_L,ChangePerChargeLv[0].ReduceZSearchEffectTime,0
BulletParam_Common_actSTDSMBN3_Shots6_L,ChangePerChargeLv[0].bEnableBuff,false
BulletParam_Common_actSTDSMBN3_Shots6_L,ChangePerChargeLv[0].BuffIndex,0
BulletParam_Common_actSTDSMBN3_Shots6_L,ChangePerChargeLv[1].DamageRate,1.75
BulletParam_Common_actSTDSMBN3_Shots6_L,ChangePerChargeLv[1].FireNum,0
BulletParam_Common_actSTDSMBN3_Shots6_L,ChangePerChargeLv[1].ArmorBreakLevel,None
BulletParam_Common_actSTDSMBN3_Shots6_L,ChangePerChargeLv[1].EnergyBullectCollisionPriority,0
BulletParam_Common_actSTDSMBN3_Shots6_L,ChangePerChargeLv[1].SpeedScale,1
BulletParam_Common_actSTDSMBN3_Shots6_L,ChangePerChargeLv[1].HomingScale,1
BulletParam_Common_actSTDSMBN3_Shots6_L,ChangePerChargeLv[1].bIgnoreActionTarget,false
BulletParam_Common_actSTDSMBN3_Shots6_L,ChangePerChargeLv[1].bReduceZSearchAfterHit,false
BulletParam_Common_actSTDSMBN3_Shots6_L,ChangePerChargeLv[1].ReduceZSearchEffectTime,0
BulletParam_Common_actSTDSMBN3_Shots6_L,ChangePerChargeLv[1].bEnableBuff,false
BulletParam_Common_actSTDSMBN3_Shots6_L,ChangePerChargeLv[1].BuffIndex,0
BulletParam_Common_actSTDSMBN3_Shots7,Power,145
BulletParam_Common_actSTDSMBN3_Shots7,Shave,35
BulletParam_Common_actSTDSMBN3_Shots7,BeamPower,300
BulletParam_Common_actSTDSMBN3_Shots7,BeamShave,60
BulletParam_Common_actSTDSMBN3_Shots7,ExpendEnergy,3000
BulletParam_Common_actSTDSMBN3_Shots7,LifeSpan,0.5
BulletParam_Common_actSTDSMBN3_Shots7,FireNum,7
BulletParam_Common_actSTDSMBN3_Shots7,CharacterCollisionSize,35
BulletParam_Common_actSTDSMBN3_Shots7,bIgnoreHitBehindAttackChara,true
BulletParam_Common_actSTDSMBN3_Shots7,GeometryCollisionSize,20
BulletParam_Common_actSTDSMBN3_Shots7,ClashCollisionSize,30
BulletParam_Common_actSTDSMBN3_Shots7,EnergyBullectCollisionPriority,20
BulletParam_Common_actSTDSMBN3_Shots7,HomingAngleLimitAtStart,35
BulletParam_Common_actSTDSMBN3_Shots7,HomingAngleLimitAtStartYaw,7.5
BulletParam_Common_actSTDSMBN3_Shots7,bHomingAtReflect,true
BulletParam_Common_actSTDSMBN3_Shots7,AutoReflectDirectionType,オートリフレクト
BulletParam_Common_actSTDSMBN3_Shots7,MoveParam.HomingEndTime,0.1
BulletParam_Common_actSTDSMBN3_Shots7,ArmorBreakLevel,スマッシュ気弾
BulletParam_Common_actSTDSMBN3_Shots7,DestructionFieldScale,2
BulletParam_Common_actSTDSMBN3_Shots7,ChangePerChargeLv[0].DamageRate,1.15
BulletParam_Common_actSTDSMBN3_Shots7,ChangePerChargeLv[0].FireNum,0
BulletParam_Common_actSTDSMBN3_Shots7,ChangePerChargeLv[0].ArmorBreakLevel,None
BulletParam_Common_actSTDSMBN3_Shots7,ChangePerChargeLv[0].EnergyBullectCollisionPriority,0
BulletParam_Common_actSTDSMBN3_Shots7,ChangePerChargeLv[0].SpeedScale,1
BulletParam_Common_actSTDSMBN3_Shots7,ChangePerChargeLv[0].HomingScale,1
BulletParam_Common_actSTDSMBN3_Shots7,ChangePerChargeLv[0].bIgnoreActionTarget,false
BulletParam_Common_actSTDSMBN3_Shots7,ChangePerChargeLv[0].bReduceZSearchAfterHit,false
BulletParam_Common_actSTDSMBN3_Shots7,ChangePerChargeLv[0].ReduceZSearchEffectTime,0
BulletParam_Common_actSTDSMBN3_Shots7,ChangePerChargeLv[0].bEnableBuff,false
BulletParam_Common_actSTDSMBN3_Shots7,ChangePerChargeLv[0].BuffIndex,0
BulletParam_Common_actSTDSMBN3_Shots7,ChangePerChargeLv[1].DamageRate,1.75
BulletParam_Common_actSTDSMBN3_Shots7,ChangePerChargeLv[1].FireNum,0
BulletParam_Common_actSTDSMBN3_Shots7,ChangePerChargeLv[1].ArmorBreakLevel,None
BulletParam_Common_actSTDSMBN3_Shots7,ChangePerChargeLv[1].EnergyBullectCollisionPriority,0
BulletParam_Common_actSTDSMBN3_Shots7,ChangePerChargeLv[1].SpeedScale,1
BulletParam_Common_actSTDSMBN3_Shots7,ChangePerChargeLv[1].HomingScale,1
BulletParam_Common_actSTDSMBN3_Shots7,ChangePerChargeLv[1].bIgnoreActionTarget,false
BulletParam_Common_actSTDSMBN3_Shots7,ChangePerChargeLv[1].bReduceZSearchAfterHit,false
BulletParam_Common_actSTDSMBN3_Shots7,ChangePerChargeLv[1].ReduceZSearchEffectTime,0
BulletParam_Common_actSTDSMBN3_Shots7,ChangePerChargeLv[1].bEnableBuff,false
BulletParam_Common_actSTDSMBN3_Shots7,ChangePerChargeLv[1].BuffIndex,0
BulletParam_Common_actSTDSMBN3_Shots7_553,Power,145
BulletParam_Common_actSTDSMBN3_Shots7_553,Shave,35
BulletParam_Common_actSTDSMBN3_Shots7_553,BeamPower,300
BulletParam_Common_actSTDSMBN3_Shots7_553,BeamShave,60
BulletParam_Common_actSTDSMBN3_Shots7_553,ExpendEnergy,3000
BulletParam_Common_actSTDSMBN3_Shots7_553,LifeSpan,0.5
BulletParam_Common_actSTDSMBN3_Shots7_553,FireNum,7
BulletParam_Common_actSTDSMBN3_Shots7_553,CharacterCollisionSize,35
BulletParam_Common_actSTDSMBN3_Shots7_553,bIgnoreHitBehindAttackChara,true
BulletParam_Common_actSTDSMBN3_Shots7_553,GeometryCollisionSize,20
BulletParam_Common_actSTDSMBN3_Shots7_553,ClashCollisionSize,30
BulletParam_Common_actSTDSMBN3_Shots7_553,EnergyBullectCollisionPriority,20
BulletParam_Common_actSTDSMBN3_Shots7_553,HomingAngleLimitAtStart,35
BulletParam_Common_actSTDSMBN3_Shots7_553,HomingAngleLimitAtStartYaw,7.5
BulletParam_Common_actSTDSMBN3_Shots7_553,bHomingAtReflect,true
BulletParam_Common_actSTDSMBN3_Shots7_553,AutoReflectDirectionType,オートリフレクト
BulletParam_Common_actSTDSMBN3_Shots7_553,MoveParam.HomingEndTime,0.1
BulletParam_Common_actSTDSMBN3_Shots7_553,ArmorBreakLevel,スマッシュ気弾
BulletParam_Common_actSTDSMBN3_Shots7_553,DestructionFieldScale,2
BulletParam_Common_actSTDSMBN3_Shots7_553,ChangePerChargeLv[0].DamageRate,1.15
BulletParam_Common_actSTDSMBN3_Shots7_553,ChangePerChargeLv[0].FireNum,0
BulletParam_Common_actSTDSMBN3_Shots7_553,ChangePerChargeLv[0].ArmorBreakLevel,None
BulletParam_Common_actSTDSMBN3_Shots7_553,ChangePerChargeLv[0].EnergyBullectCollisionPriority,0
BulletParam_Common_actSTDSMBN3_Shots7_553,ChangePerChargeLv[0].SpeedScale,1
BulletParam_Common_actSTDSMBN3_Shots7_553,ChangePerChargeLv[0].HomingScale,1
BulletParam_Common_actSTDSMBN3_Shots7_553,ChangePerChargeLv[0].bIgnoreActionTarget,false
BulletParam_Common_actSTDSMBN3_Shots7_553,ChangePerChargeLv[0].bReduceZSearchAfterHit,false
BulletParam_Common_actSTDSMBN3_Shots7_553,ChangePerChargeLv[0].ReduceZSearchEffectTime,0
BulletParam_Common_actSTDSMBN3_Shots7_553,ChangePerChargeLv[0].bEnableBuff,false
BulletParam_Common_actSTDSMBN3_Shots7_553,ChangePerChargeLv[0].BuffIndex,0
BulletParam_Common_actSTDSMBN3_Shots7_553,ChangePerChargeLv[1].DamageRate,1.75
BulletParam_Common_actSTDSMBN3_Shots7_553,ChangePerChargeLv[1].FireNum,0
BulletParam_Common_actSTDSMBN3_Shots7_553,ChangePerChargeLv[1].ArmorBreakLevel,None
BulletParam_Common_actSTDSMBN3_Shots7_553,ChangePerChargeLv[1].EnergyBullectCollisionPriority,0
BulletParam_Common_actSTDSMBN3_Shots7_553,ChangePerChargeLv[1].SpeedScale,1
BulletParam_Common_actSTDSMBN3_Shots7_553,ChangePerChargeLv[1].HomingScale,1
BulletParam_Common_actSTDSMBN3_Shots7_553,ChangePerChargeLv[1].bIgnoreActionTarget,false
BulletParam_Common_actSTDSMBN3_Shots7_553,ChangePerChargeLv[1].bReduceZSearchAfterHit,false
BulletParam_Common_actSTDSMBN3_Shots7_553,ChangePerChargeLv[1].ReduceZSearchEffectTime,0
BulletParam_Common_actSTDSMBN3_Shots7_553,ChangePerChargeLv[1].bEnableBuff,false
BulletParam_Common_actSTDSMBN3_Shots7_553,ChangePerChargeLv[1].BuffIndex,0
BulletParam_Common_actSTDSMBN3_Shots8,Power,110
BulletParam_Common_actSTDSMBN3_Shots8,Shave,22
BulletParam_Common_actSTDSMBN3_Shots8,BeamPower,150
BulletParam_Common_actSTDSMBN3_Shots8,BeamShave,30
BulletParam_Common_actSTDSMBN3_Shots8,ExpendEnergy,3000
BulletParam_Common_actSTDSMBN3_Shots8,LifeSpan,0.5
BulletParam_Common_actSTDSMBN3_Shots8,FireNum,8
BulletParam_Common_actSTDSMBN3_Shots8,CharacterCollisionSize,35
BulletParam_Common_actSTDSMBN3_Shots8,bIgnoreHitBehindAttackChara,true
BulletParam_Common_actSTDSMBN3_Shots8,GeometryCollisionSize,20
BulletParam_Common_actSTDSMBN3_Shots8,ClashCollisionSize,30
BulletParam_Common_actSTDSMBN3_Shots8,EnergyBullectCollisionPriority,20
BulletParam_Common_actSTDSMBN3_Shots8,HomingAngleLimitAtStart,35
BulletParam_Common_actSTDSMBN3_Shots8,HomingAngleLimitAtStartYaw,7.5
BulletParam_Common_actSTDSMBN3_Shots8,bHomingAtReflect,true
BulletParam_Common_actSTDSMBN3_Shots8,AutoReflectDirectionType,オートリフレクト
BulletParam_Common_actSTDSMBN3_Shots8,MoveParam.HomingEndTime,0.1
BulletParam_Common_actSTDSMBN3_Shots8,ArmorBreakLevel,スマッシュ気弾
BulletParam_Common_actSTDSMBN3_Shots8,DestructionFieldScale,2
BulletParam_Common_actSTDSMBN3_Shots8,ChangePerChargeLv[0].DamageRate,1.15
BulletParam_Common_actSTDSMBN3_Shots8,ChangePerChargeLv[0].FireNum,0
BulletParam_Common_actSTDSMBN3_Shots8,ChangePerChargeLv[0].ArmorBreakLevel,None
BulletParam_Common_actSTDSMBN3_Shots8,ChangePerChargeLv[0].EnergyBullectCollisionPriority,0
BulletParam_Common_actSTDSMBN3_Shots8,ChangePerChargeLv[0].SpeedScale,1
BulletParam_Common_actSTDSMBN3_Shots8,ChangePerChargeLv[0].HomingScale,1
BulletParam_Common_actSTDSMBN3_Shots8,ChangePerChargeLv[0].bIgnoreActionTarget,false
BulletParam_Common_actSTDSMBN3_Shots8,ChangePerChargeLv[0].bReduceZSearchAfterHit,false
BulletParam_Common_actSTDSMBN3_Shots8,ChangePerChargeLv[0].ReduceZSearchEffectTime,0
BulletParam_Common_actSTDSMBN3_Shots8,ChangePerChargeLv[0].bEnableBuff,false
BulletParam_Common_actSTDSMBN3_Shots8,ChangePerChargeLv[0].BuffIndex,0
BulletParam_Common_actSTDSMBN3_Shots8,ChangePerChargeLv[1].DamageRate,1.75
BulletParam_Common_actSTDSMBN3_Shots8,ChangePerChargeLv[1].FireNum,0
BulletParam_Common_actSTDSMBN3_Shots8,ChangePerChargeLv[1].ArmorBreakLevel,None
BulletParam_Common_actSTDSMBN3_Shots8,ChangePerChargeLv[1].EnergyBullectCollisionPriority,0
BulletParam_Common_actSTDSMBN3_Shots8,ChangePerChargeLv[1].SpeedScale,1
BulletParam_Common_actSTDSMBN3_Shots8,ChangePerChargeLv[1].HomingScale,1
BulletParam_Common_actSTDSMBN3_Shots8,ChangePerChargeLv[1].bIgnoreActionTarget,false
BulletParam_Common_actSTDSMBN3_Shots8,ChangePerChargeLv[1].bReduceZSearchAfterHit,false
BulletParam_Common_actSTDSMBN3_Shots8,ChangePerChargeLv[1].ReduceZSearchEffectTime,0
BulletParam_Common_actSTDSMBN3_Shots8,ChangePerChargeLv[1].bEnableBuff,false
BulletParam_Common_actSTDSMBN3_Shots8,ChangePerChargeLv[1].BuffIndex,0
BulletParam_Common_actSTDSMBN4,Power,660
BulletParam_Common_actSTDSMBN4,Shave,132
BulletParam_Common_actSTDSMBN4,BeamPower,640
BulletParam_Common_actSTDSMBN4,BeamShave,128
BulletParam_Common_actSTDSMBN4,ExpendEnergy,10000
BulletParam_Common_actSTDSMBN4,LifeSpan,3
BulletParam_Common_actSTDSMBN4,FireNum,2
BulletParam_Common_actSTDSMBN4,bIgnoreHitBehindAttackChara,true
BulletParam_Common_actSTDSMBN4,EnergyBullectCollisionPriority,20
BulletParam_Common_actSTDSMBN4,HomingAngleLimitAtStart,35
BulletParam_Common_actSTDSMBN4,HomingAngleLimitAtStartYaw,7.5
BulletParam_Common_actSTDSMBN4,bHomingAtReflect,true
BulletParam_Common_actSTDSMBN4,AutoReflectDirectionType,オートリフレクト
BulletParam_Common_actSTDSMBN4,MoveParam.HomingEndTime,3
BulletParam_Common_actSTDSMBN4,ArmorBreakLevel,ラッシュ気弾
BulletParam_Common_actSTDSMBN4,DestructionFieldScale,2
BulletParam_Common_actSTDSMBN4,CategoryType,EKoratBulletCategoryType::NumbBullet
BulletParam_Common_actSTDSMBN4,ChangePerChargeLv[0].DamageRate,1.05
BulletParam_Common_actSTDSMBN4,ChangePerChargeLv[0].FireNum,0
BulletParam_Common_actSTDSMBN4,ChangePerChargeLv[0].ArmorBreakLevel,None
BulletParam_Common_actSTDSMBN4,ChangePerChargeLv[0].EnergyBullectCollisionPriority,0
BulletParam_Common_actSTDSMBN4,ChangePerChargeLv[0].SpeedScale,1
BulletParam_Common_actSTDSMBN4,ChangePerChargeLv[0].HomingScale,1
BulletParam_Common_actSTDSMBN4,ChangePerChargeLv[0].bIgnoreActionTarget,false
BulletParam_Common_actSTDSMBN4,ChangePerChargeLv[0].bReduceZSearchAfterHit,false
BulletParam_Common_actSTDSMBN4,ChangePerChargeLv[0].ReduceZSearchEffectTime,0
BulletParam_Common_actSTDSMBN4,ChangePerChargeLv[0].bEnableBuff,false
BulletParam_Common_actSTDSMBN4,ChangePerChargeLv[0].BuffIndex,0
BulletParam_Common_actSTDSMBN4,ChangePerChargeLv[1].DamageRate,1.1
BulletParam_Common_actSTDSMBN4,ChangePerChargeLv[1].FireNum,0
BulletParam_Common_actSTDSMBN4,ChangePerChargeLv[1].ArmorBreakLevel,None
BulletParam_Common_actSTDSMBN4,ChangePerChargeLv[1].EnergyBullectCollisionPriority,0
BulletParam_Common_actSTDSMBN4,ChangePerChargeLv[1].SpeedScale,1
BulletParam_Common_actSTDSMBN4,ChangePerChargeLv[1].HomingScale,1
BulletParam_Common_actSTDSMBN4,ChangePerChargeLv[1].bIgnoreActionTarget,false
BulletParam_Common_actSTDSMBN4,ChangePerChargeLv[1].bReduceZSearchAfterHit,false
BulletParam_Common_actSTDSMBN4,ChangePerChargeLv[1].ReduceZSearchEffectTime,0
BulletParam_Common_actSTDSMBN4,ChangePerChargeLv[1].bEnableBuff,false
BulletParam_Common_actSTDSMBN4,ChangePerChargeLv[1].BuffIndex,0
BulletParam_Common_actSTDSMBN4_Numb,Power,670
BulletParam_Common_actSTDSMBN4_Numb,Shave,134
BulletParam_Common_actSTDSMBN4_Numb,BeamPower,640
BulletParam_Common_actSTDSMBN4_Numb,BeamShave,128
BulletParam_Common_actSTDSMBN4_Numb,ExpendEnergy,10000
BulletParam_Common_actSTDSMBN4_Numb,LifeSpan,3
BulletParam_Common_actSTDSMBN4_Numb,bIgnoreHitBehindAttackChara,true
BulletParam_Common_actSTDSMBN4_Numb,EnergyBullectCollisionPriority,20
BulletParam_Common_actSTDSMBN4_Numb,HomingAngleLimitAtStart,35
BulletParam_Common_actSTDSMBN4_Numb,HomingAngleLimitAtStartYaw,7.5
BulletParam_Common_actSTDSMBN4_Numb,bHomingAtReflect,true
BulletParam_Common_actSTDSMBN4_Numb,AutoReflectDirectionType,オートリフレクト
BulletParam_Common_actSTDSMBN4_Numb,MoveParam.HomingEndTime,3
BulletParam_Common_actSTDSMBN4_Numb,ArmorBreakLevel,ラッシュ気弾
BulletParam_Common_actSTDSMBN4_Numb,DestructionFieldScale,2
BulletParam_Common_actSTDSMBN4_Numb,CategoryType,EKoratBulletCategoryType::NumbBullet
BulletParam_Common_actSTDSMBN4_Numb,ChangePerChargeLv[0].DamageRate,1.5
BulletParam_Common_actSTDSMBN4_Numb,ChangePerChargeLv[0].FireNum,0
BulletParam_Common_actSTDSMBN4_Numb,ChangePerChargeLv[0].ArmorBreakLevel,None
BulletParam_Common_actSTDSMBN4_Numb,ChangePerChargeLv[0].EnergyBullectCollisionPriority,0
BulletParam_Common_actSTDSMBN4_Numb,ChangePerChargeLv[0].SpeedScale,1
BulletParam_Common_actSTDSMBN4_Numb,ChangePerChargeLv[0].HomingScale,1
BulletParam_Common_actSTDSMBN4_Numb,ChangePerChargeLv[0].bIgnoreActionTarget,false
BulletParam_Common_actSTDSMBN4_Numb,ChangePerChargeLv[0].bReduceZSearchAfterHit,false
BulletParam_Common_actSTDSMBN4_Numb,ChangePerChargeLv[0].ReduceZSearchEffectTime,0
BulletParam_Common_actSTDSMBN4_Numb,ChangePerChargeLv[0].bEnableBuff,false
BulletParam_Common_actSTDSMBN4_Numb,ChangePerChargeLv[0].BuffIndex,0
BulletParam_Common_actSTDSMBN4_Numb,ChangePerChargeLv[1].DamageRate,2
BulletParam_Common_actSTDSMBN4_Numb,ChangePerChargeLv[1].FireNum,0
BulletParam_Common_actSTDSMBN4_Numb,ChangePerChargeLv[1].ArmorBreakLevel,None
BulletParam_Common_actSTDSMBN4_Numb,ChangePerChargeLv[1].EnergyBullectCollisionPriority,0
BulletParam_Common_actSTDSMBN4_Numb,ChangePerChargeLv[1].SpeedScale,1
BulletParam_Common_actSTDSMBN4_Numb,ChangePerChargeLv[1].HomingScale,1
BulletParam_Common_actSTDSMBN4_Numb,ChangePerChargeLv[1].bIgnoreActionTarget,false
BulletParam_Common_actSTDSMBN4_Numb,ChangePerChargeLv[1].bReduceZSearchAfterHit,false
BulletParam_Common_actSTDSMBN4_Numb,ChangePerChargeLv[1].ReduceZSearchEffectTime,0
BulletParam_Common_actSTDSMBN4_Numb,ChangePerChargeLv[1].bEnableBuff,false
BulletParam_Common_actSTDSMBN4_Numb,ChangePerChargeLv[1].BuffIndex,0
BulletParam_Common_actSTDSMBN5_Rapid,Power,180
BulletParam_Common_actSTDSMBN5_Rapid,Shave,30
BulletParam_Common_actSTDSMBN5_Rapid,BeamPower,200
BulletParam_Common_actSTDSMBN5_Rapid,BeamShave,40
BulletParam_Common_actSTDSMBN5_Rapid,ExpendEnergy,800
BulletParam_Common_actSTDSMBN5_Rapid,LifeSpan,0.8
BulletParam_Common_actSTDSMBN5_Rapid,CharacterCollisionSize,50
BulletParam_Common_actSTDSMBN5_Rapid,bIgnoreHitBehindAttackChara,true
BulletParam_Common_actSTDSMBN5_Rapid,GeometryCollisionSize,24
BulletParam_Common_actSTDSMBN5_Rapid,ClashCollisionSize,50
BulletParam_Common_actSTDSMBN5_Rapid,EnergyBullectCollisionPriority,20
BulletParam_Common_actSTDSMBN5_Rapid,HomingAngleLimitAtStart,360
BulletParam_Common_actSTDSMBN5_Rapid,TargetPointDiffusionRadius,75
BulletParam_Common_actSTDSMBN5_Rapid,bHomingAtReflect,true
BulletParam_Common_actSTDSMBN5_Rapid,AutoReflectDirectionType,オートリフレクト
BulletParam_Common_actSTDSMBN5_Rapid,MoveParam.HomingRandamScale.Min,0.7
BulletParam_Common_actSTDSMBN5_Rapid,MoveParam.HomingEndTime,0.5
BulletParam_Common_actSTDSMBN5_Rapid,ArmorBreakLevel,スマッシュ気弾
BulletParam_Common_actSTDSMBN5_Rapid,DestructionFieldScale,2
BulletParam_Common_actSTDSMBN5_Rapid,ChangePerChargeLv[0].DamageRate,1.2
BulletParam_Common_actSTDSMBN5_Rapid,ChangePerChargeLv[0].FireNum,0
BulletParam_Common_actSTDSMBN5_Rapid,ChangePerChargeLv[0].ArmorBreakLevel,None
BulletParam_Common_actSTDSMBN5_Rapid,ChangePerChargeLv[0].EnergyBullectCollisionPriority,0
BulletParam_Common_actSTDSMBN5_Rapid,ChangePerChargeLv[0].SpeedScale,1
BulletParam_Common_actSTDSMBN5_Rapid,ChangePerChargeLv[0].HomingScale,1
BulletParam_Common_actSTDSMBN5_Rapid,ChangePerChargeLv[0].bIgnoreActionTarget,false
BulletParam_Common_actSTDSMBN5_Rapid,ChangePerChargeLv[0].bReduceZSearchAfterHit,false
BulletParam_Common_actSTDSMBN5_Rapid,ChangePerChargeLv[0].ReduceZSearchEffectTime,0
BulletParam_Common_actSTDSMBN5_Rapid,ChangePerChargeLv[0].bEnableBuff,false
BulletParam_Common_actSTDSMBN5_Rapid,ChangePerChargeLv[0].BuffIndex,0
BulletParam_Common_actSTDSMBN5_Rapid,ChangePerChargeLv[1].DamageRate,1.6
BulletParam_Common_actSTDSMBN5_Rapid,ChangePerChargeLv[1].FireNum,0
BulletParam_Common_actSTDSMBN5_Rapid,ChangePerChargeLv[1].ArmorBreakLevel,None
BulletParam_Common_actSTDSMBN5_Rapid,ChangePerChargeLv[1].EnergyBullectCollisionPriority,0
BulletParam_Common_actSTDSMBN5_Rapid,ChangePerChargeLv[1].SpeedScale,1
BulletParam_Common_actSTDSMBN5_Rapid,ChangePerChargeLv[1].HomingScale,1
BulletParam_Common_actSTDSMBN5_Rapid,ChangePerChargeLv[1].bIgnoreActionTarget,false
BulletParam_Common_actSTDSMBN5_Rapid,ChangePerChargeLv[1].bReduceZSearchAfterHit,false
BulletParam_Common_actSTDSMBN5_Rapid,ChangePerChargeLv[1].ReduceZSearchEffectTime,0
BulletParam_Common_actSTDSMBN5_Rapid,ChangePerChargeLv[1].bEnableBuff,false
BulletParam_Common_actSTDSMBN5_Rapid,ChangePerChargeLv[1].BuffIndex,0
BulletParam_Common_actSTDSMBN6_Slash,Power,950
BulletParam_Common_actSTDSMBN6_Slash,Shave,250
BulletParam_Common_actSTDSMBN6_Slash,BeamPower,900
BulletParam_Common_actSTDSMBN6_Slash,ExpendEnergy,6000
BulletParam_Common_actSTDSMBN6_Slash,LifeSpan,2
BulletParam_Common_actSTDSMBN6_Slash,CharacterFirstHitType,ESSBulletCharacterFirstHitType::PenerateMultiHit
BulletParam_Common_actSTDSMBN6_Slash,LifeSpanAfterCharacterLastHit,0.1
BulletParam_Common_actSTDSMBN6_Slash,bIgnoreHitBehindAttackChara,true
BulletParam_Common_actSTDSMBN6_Slash,EnergyBullectCollisionPriority,20
BulletParam_Common_actSTDSMBN6_Slash,HomingAngleLimitAtStart,360
BulletParam_Common_actSTDSMBN6_Slash,bHomingAtReflect,true
BulletParam_Common_actSTDSMBN6_Slash,AutoReflectDirectionType,オートリフレクト
BulletParam_Common_actSTDSMBN6_Slash,MoveParam.HomingEndTime,2
BulletParam_Common_actSTDSMBN6_Slash,MoveParam.bHomingAvoidDisable,true
BulletParam_Common_actSTDSMBN6_Slash,ArmorBreakLevel,ブラスト
BulletParam_Common_actSTDSMBN6_Slash,bImpossibleGuard,true
BulletParam_Common_actSTDSMBN6_Slash,bImpossibleReflect,true
BulletParam_Common_actSTDSMBN6_Slash,bImpossibleAbsorption,true
BulletParam_Common_actSTDSMBN6_Slash,bAvoidHistep,true
BulletParam_Common_actSTDSMBN6_Slash,DestructionFieldScale,2
BulletParam_Common_actSTDSMBN6_Slash,ChangePerChargeLv[0].DamageRate,1.2
BulletParam_Common_actSTDSMBN6_Slash,ChangePerChargeLv[0].FireNum,0
BulletParam_Common_actSTDSMBN6_Slash,ChangePerChargeLv[0].ArmorBreakLevel,None
BulletParam_Common_actSTDSMBN6_Slash,ChangePerChargeLv[0].EnergyBullectCollisionPriority,0
BulletParam_Common_actSTDSMBN6_Slash,ChangePerChargeLv[0].SpeedScale,1
BulletParam_Common_actSTDSMBN6_Slash,ChangePerChargeLv[0].HomingScale,1
BulletParam_Common_actSTDSMBN6_Slash,ChangePerChargeLv[0].bIgnoreActionTarget,false
BulletParam_Common_actSTDSMBN6_Slash,ChangePerChargeLv[0].bReduceZSearchAfterHit,false
BulletParam_Common_actSTDSMBN6_Slash,ChangePerChargeLv[0].ReduceZSearchEffectTime,0
BulletParam_Common_actSTDSMBN6_Slash,ChangePerChargeLv[0].bEnableBuff,false
BulletParam_Common_actSTDSMBN6_Slash,ChangePerChargeLv[0].BuffIndex,0
BulletParam_Common_actSTDSMBN6_Slash,ChangePerChargeLv[1].DamageRate,1.4
BulletParam_Common_actSTDSMBN6_Slash,ChangePerChargeLv[1].FireNum,0
BulletParam_Common_actSTDSMBN6_Slash,ChangePerChargeLv[1].ArmorBreakLevel,None
BulletParam_Common_actSTDSMBN6_Slash,ChangePerChargeLv[1].EnergyBullectCollisionPriority,0
BulletParam_Common_actSTDSMBN6_Slash,ChangePerChargeLv[1].SpeedScale,1
BulletParam_Common_actSTDSMBN6_Slash,ChangePerChargeLv[1].HomingScale,1
BulletParam_Common_actSTDSMBN6_Slash,ChangePerChargeLv[1].bIgnoreActionTarget,false
BulletParam_Common_actSTDSMBN6_Slash,ChangePerChargeLv[1].bReduceZSearchAfterHit,false
BulletParam_Common_actSTDSMBN6_Slash,ChangePerChargeLv[1].ReduceZSearchEffectTime,0
BulletParam_Common_actSTDSMBN6_Slash,ChangePerChargeLv[1].bEnableBuff,false
BulletParam_Common_actSTDSMBN6_Slash,ChangePerChargeLv[1].BuffIndex,0
BulletParam_Common_actSTDSMBN6_Slash_left,Power,950
BulletParam_Common_actSTDSMBN6_Slash_left,Shave,250
BulletParam_Common_actSTDSMBN6_Slash_left,BeamPower,900
BulletParam_Common_actSTDSMBN6_Slash_left,ExpendEnergy,6000
BulletParam_Common_actSTDSMBN6_Slash_left,LifeSpan,2
BulletParam_Common_actSTDSMBN6_Slash_left,CharacterFirstHitType,ESSBulletCharacterFirstHitType::PenerateMultiHit
BulletParam_Common_actSTDSMBN6_Slash_left,LifeSpanAfterCharacterLastHit,0.1
BulletParam_Common_actSTDSMBN6_Slash_left,bIgnoreHitBehindAttackChara,true
BulletParam_Common_actSTDSMBN6_Slash_left,EnergyBullectCollisionPriority,20
BulletParam_Common_actSTDSMBN6_Slash_left,HomingAngleLimitAtStart,360
BulletParam_Common_actSTDSMBN6_Slash_left,bHomingAtReflect,true
BulletParam_Common_actSTDSMBN6_Slash_left,AutoReflectDirectionType,オートリフレクト
BulletParam_Common_actSTDSMBN6_Slash_left,MoveParam.HomingEndTime,2
BulletParam_Common_actSTDSMBN6_Slash_left,MoveParam.bHomingAvoidDisable,true
BulletParam_Common_actSTDSMBN6_Slash_left,ArmorBreakLevel,ブラスト
BulletParam_Common_actSTDSMBN6_Slash_left,bImpossibleGuard,true
BulletParam_Common_actSTDSMBN6_Slash_left,bImpossibleReflect,true
BulletParam_Common_actSTDSMBN6_Slash_left,bImpossibleAbsorption,true
BulletParam_Common_actSTDSMBN6_Slash_left,bAvoidHistep,true
BulletParam_Common_actSTDSMBN6_Slash_left,DestructionFieldScale,2
BulletParam_Common_actSTDSMBN6_Slash_left,ChangePerChargeLv[0].DamageRate,1.2
BulletParam_Common_actSTDSMBN6_Slash_left,ChangePerChargeLv[0].FireNum,0
BulletParam_Common_actSTDSMBN6_Slash_left,ChangePerChargeLv[0].ArmorBreakLevel,None
BulletParam_Common_actSTDSMBN6_Slash_left,ChangePerChargeLv[0].EnergyBullectCollisionPriority,0
BulletParam_Common_actSTDSMBN6_Slash_left,ChangePerChargeLv[0].SpeedScale,1
BulletParam_Common_actSTDSMBN6_Slash_left,ChangePerChargeLv[0].HomingScale,1
BulletParam_Common_actSTDSMBN6_Slash_left,ChangePerChargeLv[0].bIgnoreActionTarget,false
BulletParam_Common_actSTDSMBN6_Slash_left,ChangePerChargeLv[0].bReduceZSearchAfterHit,false
BulletParam_Common_actSTDSMBN6_Slash_left,ChangePerChargeLv[0].ReduceZSearchEffectTime,0
BulletParam_Common_actSTDSMBN6_Slash_left,ChangePerChargeLv[0].bEnableBuff,false
BulletParam_Common_actSTDSMBN6_Slash_left,ChangePerChargeLv[0].BuffIndex,0
BulletParam_Common_actSTDSMBN6_Slash_left,ChangePerChargeLv[1].DamageRate,1.4
BulletParam_Common_actSTDSMBN6_Slash_left,ChangePerChargeLv[1].FireNum,0
BulletParam_Common_actSTDSMBN6_Slash_left,ChangePerChargeLv[1].ArmorBreakLevel,None
BulletParam_Common_actSTDSMBN6_Slash_left,ChangePerChargeLv[1].EnergyBullectCollisionPriority,0
BulletParam_Common_actSTDSMBN6_Slash_left,ChangePerChargeLv[1].SpeedScale,1
BulletParam_Common_actSTDSMBN6_Slash_left,ChangePerChargeLv[1].HomingScale,1
BulletParam_Common_actSTDSMBN6_Slash_left,ChangePerChargeLv[1].bIgnoreActionTarget,false
BulletParam_Common_actSTDSMBN6_Slash_left,ChangePerChargeLv[1].bReduceZSearchAfterHit,false
BulletParam_Common_actSTDSMBN6_Slash_left,ChangePerChargeLv[1].ReduceZSearchEffectTime,0
BulletParam_Common_actSTDSMBN6_Slash_left,ChangePerChargeLv[1].bEnableBuff,false
BulletParam_Common_actSTDSMBN6_Slash_left,ChangePerChargeLv[1].BuffIndex,0
BulletParam_Common_actSTDSMBN6_Slash_sickle,Power,950
BulletParam_Common_actSTDSMBN6_Slash_sickle,Shave,250
BulletParam_Common_actSTDSMBN6_Slash_sickle,BeamPower,900
BulletParam_Common_actSTDSMBN6_Slash_sickle,ExpendEnergy,6000
BulletParam_Common_actSTDSMBN6_Slash_sickle,LifeSpan,2
BulletParam_Common_actSTDSMBN6_Slash_sickle,CharacterFirstHitType,ESSBulletCharacterFirstHitType::PenerateMultiHit
BulletParam_Common_actSTDSMBN6_Slash_sickle,LifeSpanAfterCharacterLastHit,0.1
BulletParam_Common_actSTDSMBN6_Slash_sickle,bIgnoreHitBehindAttackChara,true
BulletParam_Common_actSTDSMBN6_Slash_sickle,EnergyBullectCollisionPriority,20
BulletParam_Common_actSTDSMBN6_Slash_sickle,HomingAngleLimitAtStart,360
BulletParam_Common_actSTDSMBN6_Slash_sickle,bHomingAtReflect,true
BulletParam_Common_actSTDSMBN6_Slash_sickle,AutoReflectDirectionType,オートリフレクト
BulletParam_Common_actSTDSMBN6_Slash_sickle,MoveParam.HomingEndTime,2
BulletParam_Common_actSTDSMBN6_Slash_sickle,MoveParam.bHomingAvoidDisable,true
BulletParam_Common_actSTDSMBN6_Slash_sickle,ArmorBreakLevel,ブラスト
BulletParam_Common_actSTDSMBN6_Slash_sickle,bImpossibleGuard,true
BulletParam_Common_actSTDSMBN6_Slash_sickle,bImpossibleReflect,true
BulletParam_Common_actSTDSMBN6_Slash_sickle,bImpossibleAbsorption,true
BulletParam_Common_actSTDSMBN6_Slash_sickle,bAvoidHistep,true
BulletParam_Common_actSTDSMBN6_Slash_sickle,DestructionFieldScale,2
BulletParam_Common_actSTDSMBN6_Slash_sickle,ChangePerChargeLv[0].DamageRate,1.2
BulletParam_Common_actSTDSMBN6_Slash_sickle,ChangePerChargeLv[0].FireNum,0
BulletParam_Common_actSTDSMBN6_Slash_sickle,ChangePerChargeLv[0].ArmorBreakLevel,None
BulletParam_Common_actSTDSMBN6_Slash_sickle,ChangePerChargeLv[0].EnergyBullectCollisionPriority,0
BulletParam_Common_actSTDSMBN6_Slash_sickle,ChangePerChargeLv[0].SpeedScale,1
BulletParam_Common_actSTDSMBN6_Slash_sickle,ChangePerChargeLv[0].HomingScale,1
BulletParam_Common_actSTDSMBN6_Slash_sickle,ChangePerChargeLv[0].bIgnoreActionTarget,false
BulletParam_Common_actSTDSMBN6_Slash_sickle,ChangePerChargeLv[0].bReduceZSearchAfterHit,false
BulletParam_Common_actSTDSMBN6_Slash_sickle,ChangePerChargeLv[0].ReduceZSearchEffectTime,0
BulletParam_Common_actSTDSMBN6_Slash_sickle,ChangePerChargeLv[0].bEnableBuff,false
BulletParam_Common_actSTDSMBN6_Slash_sickle,ChangePerChargeLv[0].BuffIndex,0
BulletParam_Common_actSTDSMBN6_Slash_sickle,ChangePerChargeLv[1].DamageRate,1.4
BulletParam_Common_actSTDSMBN6_Slash_sickle,ChangePerChargeLv[1].FireNum,0
BulletParam_Common_actSTDSMBN6_Slash_sickle,ChangePerChargeLv[1].ArmorBreakLevel,None
BulletParam_Common_actSTDSMBN6_Slash_sickle,ChangePerChargeLv[1].EnergyBullectCollisionPriority,0
BulletParam_Common_actSTDSMBN6_Slash_sickle,ChangePerChargeLv[1].SpeedScale,1
BulletParam_Common_actSTDSMBN6_Slash_sickle,ChangePerChargeLv[1].HomingScale,1
BulletParam_Common_actSTDSMBN6_Slash_sickle,ChangePerChargeLv[1].bIgnoreActionTarget,false
BulletParam_Common_actSTDSMBN6_Slash_sickle,ChangePerChargeLv[1].bReduceZSearchAfterHit,false
BulletParam_Common_actSTDSMBN6_Slash_sickle,ChangePerChargeLv[1].ReduceZSearchEffectTime,0
BulletParam_Common_actSTDSMBN6_Slash_sickle,ChangePerChargeLv[1].bEnableBuff,false
BulletParam_Common_actSTDSMBN6_Slash_sickle,ChangePerChargeLv[1].BuffIndex,0
BulletParam_Common_actSTDSMBN7_Fist,Power,800
BulletParam_Common_actSTDSMBN7_Fist,Shave,160
BulletParam_Common_actSTDSMBN7_Fist,BeamPower,750
BulletParam_Common_actSTDSMBN7_Fist,BeamShave,150
BulletParam_Common_actSTDSMBN7_Fist,ExpendEnergy,5000
BulletParam_Common_actSTDSMBN7_Fist,LifeSpan,3
BulletParam_Common_actSTDSMBN7_Fist,bIgnoreHitBehindAttackChara,true
BulletParam_Common_actSTDSMBN7_Fist,EnergyBullectCollisionPriority,20
BulletParam_Common_actSTDSMBN7_Fist,HomingAngleLimitAtStart,360
BulletParam_Common_actSTDSMBN7_Fist,AutoReflectDirectionType,オートリフレクト
BulletParam_Common_actSTDSMBN7_Fist,MoveParam.HomingEndTime,3
BulletParam_Common_actSTDSMBN7_Fist,ArmorBreakLevel,スマッシュ気弾
BulletParam_Common_actSTDSMBN7_Fist,bImpossibleAbsorption,true
BulletParam_Common_actSTDSMBN7_Fist,DestructionFieldScale,2
BulletParam_Common_actSTDSMBN7_Fist,ChangePerChargeLv[0].DamageRate,1.5
BulletParam_Common_actSTDSMBN7_Fist,ChangePerChargeLv[0].FireNum,0
BulletParam_Common_actSTDSMBN7_Fist,ChangePerChargeLv[0].ArmorBreakLevel,None
BulletParam_Common_actSTDSMBN7_Fist,ChangePerChargeLv[0].EnergyBullectCollisionPriority,0
BulletParam_Common_actSTDSMBN7_Fist,ChangePerChargeLv[0].SpeedScale,1
BulletParam_Common_actSTDSMBN7_Fist,ChangePerChargeLv[0].HomingScale,1
BulletParam_Common_actSTDSMBN7_Fist,ChangePerChargeLv[0].bIgnoreActionTarget,false
BulletParam_Common_actSTDSMBN7_Fist,ChangePerChargeLv[0].bReduceZSearchAfterHit,false
BulletParam_Common_actSTDSMBN7_Fist,ChangePerChargeLv[0].ReduceZSearchEffectTime,0
BulletParam_Common_actSTDSMBN7_Fist,ChangePerChargeLv[0].bEnableBuff,false
BulletParam_Common_actSTDSMBN7_Fist,ChangePerChargeLv[0].BuffIndex,0
BulletParam_Common_actSTDSMBN7_Fist,ChangePerChargeLv[1].DamageRate,2
BulletParam_Common_actSTDSMBN7_Fist,ChangePerChargeLv[1].FireNum,0
BulletParam_Common_actSTDSMBN7_Fist,ChangePerChargeLv[1].ArmorBreakLevel,None
BulletParam_Common_actSTDSMBN7_Fist,ChangePerChargeLv[1].EnergyBullectCollisionPriority,0
BulletParam_Common_actSTDSMBN7_Fist,ChangePerChargeLv[1].SpeedScale,1
BulletParam_Common_actSTDSMBN7_Fist,ChangePerChargeLv[1].HomingScale,1
BulletParam_Common_actSTDSMBN7_Fist,ChangePerChargeLv[1].bIgnoreActionTarget,false
BulletParam_Common_actSTDSMBN7_Fist,ChangePerChargeLv[1].bReduceZSearchAfterHit,false
BulletParam_Common_actSTDSMBN7_Fist,ChangePerChargeLv[1].ReduceZSearchEffectTime,0
BulletParam_Common_actSTDSMBN7_Fist,ChangePerChargeLv[1].bEnableBuff,false
BulletParam_Common_actSTDSMBN7_Fist,ChangePerChargeLv[1].BuffIndex,0
