id,asset,field,value
0000_00,Character,DestroyedPower,4
0000_00,Character,AbilityFlag.SparkingArmor,false
0000_00,Character,AbilityFlag.AutoReflect,false
0000_00,Character,AbilityFlag.bCanHighSpeedMove,false
0000_00,Character,AbilityFlag.bCanSuperHighSpeedMove,false
0000_00,Character,ActionFlag.CannonCombo,true
0000_00,Character,ActionFlag.PowerPress,true
0000_00,Character,ActionFlag.DeltaStorm,true
0000_00,Character,ChaseChangeBlastSlot,EKoratBlastSlotType::BlastSkill1
0000_00,Character,HPTriggerBuff[0].TriggerHP,10000
0000_00,Numeric,Life,40000
0000_00,Numeric,SPAutoRecoverySpeed,1750
0000_00,Numeric,SPAutoRecoverySpeedScaleUnderOneGauge,1.3
0000_00,Numeric,SPChargeSpeed,7
0000_00,Numeric,SPChargeSpeedUnderAutoRecoveryLimit,10.5
0000_00,Numeric,SparkingModeGaugeDecreaseSpeed,2800
0000_00,Numeric,BlastStock,6
0000_00,Numeric,AttackChargeSpeedsBySmashLevel[0],3
0000_00,Numeric,AttackChargeSpeedsBySmashLevel[1],5.4
0000_00,Numeric,AttackChargeSpeedsBySmashLevel[2],7.5
0000_00,Numeric,PursuitBaseLimit,2
0000_00,Numeric,PursuitLimitDragonHoming,0
0000_00,Numeric,PursuitLimitVanishingAttack,0
0000_00,Numeric,PursuitBaseLimitAddAtSparking,2
0000_00,Numeric,PursuitLimitDragonHomingAddAtSparking,0
0000_00,Numeric,PursuitLimitVanishingAttackAddAtSparking,0
0000_00,Numeric,PursuitLimitLightningAttackAddAtSparking,0
0000_00,Numeric,IdealPositionMidAirKick,68
0000_00,Numeric,ReactionSplitHighBorder,0.7
0000_00,Numeric,ReactionSplitMidBorder,0.35
0000_00,Numeric,ReactionSplitLowBorder,0.175
0000_00,Numeric,BulletNum,5
0000_00,Numeric,JumpBulletNum,5
0000_00,Numeric,JumpBulletSetNum,1
0000_00,Numeric,RushBulletLimit,5
0000_00,Numeric,SmashBulletLimit,1
0000_00,Numeric,RepelSkillGaugeGainRate,1.2
0000_00,Numeric,AttackBreakSkillGaugeGain,0.15
0000_00,Numeric,FastAvoidSkillGaugeGain,0.05
0000_00,Numeric,ThrowBreakSkillGaugeGain,0.1
0000_00,Numeric,BackAttackedSkillGaugeGain,0.03
0000_00,Numeric,LastOneHPSkillGaugeGain,1
0000_00,Numeric,ImpactStartSkillGaugeGain,1
0000_00,Numeric,RushOffsetSkillGaugeGain,0.05
0000_00,Numeric,CollisionOffsetSkillGaugeGain,0.5
0000_00,Numeric,DragonHomingChangeTrajectorySkillGaugeGain,0.1
0000_00,Numeric,BurstSmashGaugeGain,0.1
0000_00,Steps,StepShortDash.AddToSpeedScale,60000
0000_00,Steps,StepShortDash.MaxAcceleration,60000
0000_00,Steps,StepShortDash.BrakingDeceleration,30000
0000_00,Steps,StepShortDash.ElapsedTimeToOT,0.033333
0000_00,Steps,StepShortDash.Duration,0.333333
0000_00,Steps,StepShortDash.CoolTime,0.05
0000_00,Steps,StepShortDash.bIsStopClearSpeed,true
0000_00,Steps,StepShortDash.StopBrakingDeceleration,10000000
0000_00,Steps,StepShortDash.SpCost,2650
0000_00,Steps,StepCancelShortDash.AddToSpeedScale,60000
0000_00,Steps,StepCancelShortDash.MaxAcceleration,60000
0000_00,Steps,StepCancelShortDash.BrakingDeceleration,30000
0000_00,Steps,StepCancelShortDash.ElapsedTimeToOT,0.033333
0000_00,Steps,StepCancelShortDash.Duration,0.333333
0000_00,Steps,StepCancelShortDash.CoolTime,0.416667
0000_00,Steps,StepCancelShortDash.bIsStopClearSpeed,true
0000_00,Steps,StepCancelShortDash.StopBrakingDeceleration,10000000
0000_00,Steps,StepCancelShortDash.SpCost,1325
0000_00,DragonDash,SpCostIN,500
0000_00,DragonDash,SpCostLP,3920
0000_00,DragonDash,SpCostBK,5200
0000_00,DragonDash,HighSpeedSpCostLP,4900
0000_00,ZBurstDash,SpCostIN,10000
0000_00,ZBurstDash,SpCostLP,11000
0000_00,ZBurstDash,BurstSmashSpCostLP,3500
0000_00,DashUpDown,SpCostUpIN,1000
0000_00,DashUpDown,SpCostUpLP,7840
0000_00,DashUpDown,SpCostDownIN,1000
0000_00,DashUpDown,SpCostDownLP,7840
0000_00,DragonHoming,SpCostIN,250
0000_00,DragonHoming,SpCostLP,3500
0000_10,Character,AbilityFlag.SparkingArmor,false
0000_10,Character,AbilityFlag.AutoReflect,false
0000_10,Character,AbilityFlag.bCanHighSpeedMove,false
0000_10,Character,AbilityFlag.bCanSuperHighSpeedMove,false
0000_10,Character,ActionFlag.PowerPress,true
0000_10,Character,ActionFlag.DeltaStorm,true
0000_10,Character,ChaseChangeBlastSlot,EKoratBlastSlotType::BlastSkill1
0000_10,Numeric,Life,40000
0000_10,Numeric,SPAutoRecoverySpeed,1750
0000_10,Numeric,SPAutoRecoverySpeedScaleUnderOneGauge,1.3
0000_10,Numeric,SPChargeSpeed,7
0000_10,Numeric,SPChargeSpeedUnderAutoRecoveryLimit,10.5
0000_10,Numeric,SparkingModeGaugeDecreaseSpeed,2800
0000_10,Numeric,BlastStock,6
0000_10,Numeric,AttackChargeSpeedsBySmashLevel[0],3
0000_10,Numeric,AttackChargeSpeedsBySmashLevel[1],5.4
0000_10,Numeric,AttackChargeSpeedsBySmashLevel[2],7.5
0000_10,Numeric,PursuitBaseLimit,2
0000_10,Numeric,PursuitLimitDragonHoming,0
0000_10,Numeric,PursuitLimitVanishingAttack,0
0000_10,Numeric,PursuitBaseLimitAddAtSparking,2
0000_10,Numeric,PursuitLimitDragonHomingAddAtSparking,0
0000_10,Numeric,PursuitLimitVanishingAttackAddAtSparking,0
0000_10,Numeric,PursuitLimitLightningAttackAddAtSparking,0
0000_10,Numeric,IdealPositionMidAirKick,68
0000_10,Numeric,ReactionSplitHighBorder,0.7
0000_10,Numeric,ReactionSplitMidBorder,0.35
0000_10,Numeric,ReactionSplitLowBorder,0.175
0000_10,Numeric,BulletNum,6
0000_10,Numeric,JumpBulletNum,3
0000_10,Numeric,RushBulletLimit,6
0000_10,Numeric,SmashBulletLimit,1
0000_10,Numeric,RepelSkillGaugeGainRate,1.2
0000_10,Numeric,AttackBreakSkillGaugeGain,0.15
0000_10,Numeric,FastAvoidSkillGaugeGain,0.05
0000_10,Numeric,ThrowBreakSkillGaugeGain,0.1
0000_10,Numeric,BackAttackedSkillGaugeGain,0.03
0000_10,Numeric,LastOneHPSkillGaugeGain,1
0000_10,Numeric,ImpactStartSkillGaugeGain,1
0000_10,Numeric,RushOffsetSkillGaugeGain,0.05
0000_10,Numeric,CollisionOffsetSkillGaugeGain,0.5
0000_10,Numeric,DragonHomingChangeTrajectorySkillGaugeGain,0.1
0000_10,Numeric,BurstSmashGaugeGain,0.1
0000_10,Steps,StepShortDash.AddToSpeedScale,60000
0000_10,Steps,StepShortDash.MaxAcceleration,60000
0000_10,Steps,StepShortDash.BrakingDeceleration,30000
0000_10,Steps,StepShortDash.ElapsedTimeToOT,0.033333
0000_10,Steps,StepShortDash.Duration,0.333333
0000_10,Steps,StepShortDash.CoolTime,0.05
0000_10,Steps,StepShortDash.bIsStopClearSpeed,true
0000_10,Steps,StepShortDash.StopBrakingDeceleration,10000000
0000_10,Steps,StepShortDash.SpCost,2650
0000_10,Steps,StepCancelShortDash.AddToSpeedScale,60000
0000_10,Steps,StepCancelShortDash.MaxAcceleration,60000
0000_10,Steps,StepCancelShortDash.BrakingDeceleration,30000
0000_10,Steps,StepCancelShortDash.ElapsedTimeToOT,0.033333
0000_10,Steps,StepCancelShortDash.Duration,0.333333
0000_10,Steps,StepCancelShortDash.CoolTime,0.416667
0000_10,Steps,StepCancelShortDash.bIsStopClearSpeed,true
0000_10,Steps,StepCancelShortDash.StopBrakingDeceleration,10000000
0000_10,Steps,StepCancelShortDash.SpCost,1325
0000_10,DragonDash,SpCostIN,500
0000_10,DragonDash,SpCostLP,3920
0000_10,DragonDash,SpCostBK,5200
0000_10,DragonDash,HighSpeedSpCostLP,4900
0000_10,ZBurstDash,SpCostIN,10000
0000_10,ZBurstDash,SpCostLP,11000
0000_10,ZBurstDash,BurstSmashSpCostLP,3500
0000_10,DashUpDown,SpCostUpIN,1000
0000_10,DashUpDown,SpCostUpLP,7840
0000_10,DashUpDown,SpCostDownIN,1000
0000_10,DashUpDown,SpCostDownLP,7840
0000_10,DragonHoming,SpCostIN,250
0000_10,DragonHoming,SpCostLP,3500
0000_11,Character,DestroyedPower,6
0000_11,Character,AbilityFlag.SparkingArmor,false
0000_11,Character,AbilityFlag.AutoReflect,false
0000_11,Character,AbilityFlag.bCanHighSpeedMove,false
0000_11,Character,AbilityFlag.bCanSuperHighSpeedMove,false
0000_11,Character,ActionFlag.PowerPress,true
0000_11,Character,ActionFlag.DeltaStorm,true
0000_11,Character,ChaseChangeBlastSlot,EKoratBlastSlotType::BlastSkill1
0000_11,Numeric,Life,40000
0000_11,Numeric,InitialSP,30000
0000_11,Numeric,SPAutoRecoverySpeed,1500
0000_11,Numeric,SPAutoRecoverySpeedScaleUnderOneGauge,1.3
0000_11,Numeric,SPChargeSpeed,8
0000_11,Numeric,SPChargeSpeedUnderAutoRecoveryLimit,12
0000_11,Numeric,SparkingModeGaugeDecreaseSpeed,2800
0000_11,Numeric,BlastStock,6
0000_11,Numeric,AttackChargeSpeedsBySmashLevel[0],3
0000_11,Numeric,AttackChargeSpeedsBySmashLevel[1],5.4
0000_11,Numeric,AttackChargeSpeedsBySmashLevel[2],7.5
0000_11,Numeric,PursuitBaseLimit,2
0000_11,Numeric,PursuitLimitDragonHoming,0
0000_11,Numeric,PursuitLimitVanishingAttack,0
0000_11,Numeric,PursuitBaseLimitAddAtSparking,2
0000_11,Numeric,PursuitLimitDragonHomingAddAtSparking,0
0000_11,Numeric,PursuitLimitVanishingAttackAddAtSparking,0
0000_11,Numeric,PursuitLimitLightningAttackAddAtSparking,0
0000_11,Numeric,IdealPositionMidAirKick,68
0000_11,Numeric,ReactionSplitHighBorder,0.7
0000_11,Numeric,ReactionSplitMidBorder,0.35
0000_11,Numeric,ReactionSplitLowBorder,0.175
0000_11,Numeric,BulletNum,7
0000_11,Numeric,JumpBulletNum,7
0000_11,Numeric,JumpBulletSetNum,1
0000_11,Numeric,RushBulletLimit,7
0000_11,Numeric,SmashBulletLimit,1
0000_11,Numeric,RepelSkillGaugeGainRate,1.2
0000_11,Numeric,AttackBreakSkillGaugeGain,0.15
0000_11,Numeric,FastAvoidSkillGaugeGain,0.05
0000_11,Numeric,ThrowBreakSkillGaugeGain,0.1
0000_11,Numeric,BackAttackedSkillGaugeGain,0.03
0000_11,Numeric,LastOneHPSkillGaugeGain,1
0000_11,Numeric,ImpactStartSkillGaugeGain,1
0000_11,Numeric,RushOffsetSkillGaugeGain,0.05
0000_11,Numeric,CollisionOffsetSkillGaugeGain,0.5
0000_11,Numeric,DragonHomingChangeTrajectorySkillGaugeGain,0.1
0000_11,Numeric,BurstSmashGaugeGain,0.1
0000_11,Numeric,ExParam,1
0000_11,Steps,StepShortDash.AddToSpeedScale,60000
0000_11,Steps,StepShortDash.MaxAcceleration,60000
0000_11,Steps,StepShortDash.BrakingDeceleration,30000
0000_11,Steps,StepShortDash.ElapsedTimeToOT,0.033333
0000_11,Steps,StepShortDash.Duration,0.333333
0000_11,Steps,StepShortDash.CoolTime,0.05
0000_11,Steps,StepShortDash.bIsStopClearSpeed,true
0000_11,Steps,StepShortDash.StopBrakingDeceleration,10000000
0000_11,Steps,StepShortDash.SpCost,2650
0000_11,Steps,StepCancelShortDash.AddToSpeedScale,60000
0000_11,Steps,StepCancelShortDash.MaxAcceleration,60000
0000_11,Steps,StepCancelShortDash.BrakingDeceleration,30000
0000_11,Steps,StepCancelShortDash.ElapsedTimeToOT,0.033333
0000_11,Steps,StepCancelShortDash.Duration,0.333333
0000_11,Steps,StepCancelShortDash.CoolTime,0.416667
0000_11,Steps,StepCancelShortDash.bIsStopClearSpeed,true
0000_11,Steps,StepCancelShortDash.StopBrakingDeceleration,10000000
0000_11,Steps,StepCancelShortDash.SpCost,1325
0000_11,DragonDash,SpCostIN,500
0000_11,DragonDash,SpCostLP,3920
0000_11,DragonDash,SpCostBK,5200
0000_11,DragonDash,HighSpeedSpCostLP,4900
0000_11,ZBurstDash,SpCostIN,10000
0000_11,ZBurstDash,SpCostLP,11000
0000_11,ZBurstDash,BurstSmashSpCostLP,3500
0000_11,DashUpDown,SpCostUpIN,1000
0000_11,DashUpDown,SpCostUpLP,7840
0000_11,DashUpDown,SpCostDownIN,1000
0000_11,DashUpDown,SpCostDownLP,7840
0000_11,DragonHoming,SpCostIN,250
0000_11,DragonHoming,SpCostLP,3500
0000_20,Character,AbilityFlag.SparkingArmor,false
0000_20,Character,AbilityFlag.AutoReflect,false
0000_20,Character,AbilityFlag.bCanHighSpeedMove,false
0000_20,Character,AbilityFlag.bCanSuperHighSpeedMove,false
0000_20,Character,ActionFlag.HeavyCrash,true
0000_20,Character,ActionFlag.PowerPress,true
0000_20,Character,ActionFlag.TriAttack,true
0000_20,Character,ChaseChangeBlastSlot,EKoratBlastSlotType::BlastSkill1
0000_20,Numeric,Life,40000
0000_20,Numeric,SPAutoRecoverySpeed,1750
0000_20,Numeric,SPAutoRecoverySpeedScaleUnderOneGauge,1.3
0000_20,Numeric,SPChargeSpeed,7
0000_20,Numeric,SPChargeSpeedUnderAutoRecoveryLimit,10.5
0000_20,Numeric,SparkingModeGaugeDecreaseSpeed,2800
0000_20,Numeric,BlastStock,6
0000_20,Numeric,AttackChargeSpeedsBySmashLevel[0],3
0000_20,Numeric,AttackChargeSpeedsBySmashLevel[1],5.4
0000_20,Numeric,AttackChargeSpeedsBySmashLevel[2],7.5
0000_20,Numeric,PursuitBaseLimit,2
0000_20,Numeric,PursuitLimitDragonHoming,0
0000_20,Numeric,PursuitLimitVanishingAttack,0
0000_20,Numeric,PursuitBaseLimitAddAtSparking,2
0000_20,Numeric,PursuitLimitDragonHomingAddAtSparking,0
0000_20,Numeric,PursuitLimitVanishingAttackAddAtSparking,0
0000_20,Numeric,PursuitLimitLightningAttackAddAtSparking,0
0000_20,Numeric,IdealPositionMidAirKick,68
0000_20,Numeric,ReactionSplitHighBorder,0.7
0000_20,Numeric,ReactionSplitMidBorder,0.35
0000_20,Numeric,ReactionSplitLowBorder,0.175
0000_20,Numeric,BulletNum,6
0000_20,Numeric,JumpBulletNum,7
0000_20,Numeric,JumpBulletSetNum,1
0000_20,Numeric,RushBulletLimit,6
0000_20,Numeric,SmashBulletLimit,1
0000_20,Numeric,RepelSkillGaugeGainRate,1.2
0000_20,Numeric,AttackBreakSkillGaugeGain,0.15
0000_20,Numeric,FastAvoidSkillGaugeGain,0.05
0000_20,Numeric,ThrowBreakSkillGaugeGain,0.1
0000_20,Numeric,BackAttackedSkillGaugeGain,0.03
0000_20,Numeric,LastOneHPSkillGaugeGain,1
0000_20,Numeric,ImpactStartSkillGaugeGain,1
0000_20,Numeric,RushOffsetSkillGaugeGain,0.05
0000_20,Numeric,CollisionOffsetSkillGaugeGain,0.5
0000_20,Numeric,DragonHomingChangeTrajectorySkillGaugeGain,0.1
0000_20,Numeric,BurstSmashGaugeGain,0.1
0000_20,Steps,StepShortDash.AddToSpeedScale,60000
0000_20,Steps,StepShortDash.MaxAcceleration,60000
0000_20,Steps,StepShortDash.BrakingDeceleration,30000
0000_20,Steps,StepShortDash.ElapsedTimeToOT,0.033333
0000_20,Steps,StepShortDash.Duration,0.333333
0000_20,Steps,StepShortDash.CoolTime,0.05
0000_20,Steps,StepShortDash.bIsStopClearSpeed,true
0000_20,Steps,StepShortDash.StopBrakingDeceleration,10000000
0000_20,Steps,StepShortDash.SpCost,2650
0000_20,Steps,StepCancelShortDash.AddToSpeedScale,60000
0000_20,Steps,StepCancelShortDash.MaxAcceleration,60000
0000_20,Steps,StepCancelShortDash.BrakingDeceleration,30000
0000_20,Steps,StepCancelShortDash.ElapsedTimeToOT,0.033333
0000_20,Steps,StepCancelShortDash.Duration,0.333333
0000_20,Steps,StepCancelShortDash.CoolTime,0.416667
0000_20,Steps,StepCancelShortDash.bIsStopClearSpeed,true
0000_20,Steps,StepCancelShortDash.StopBrakingDeceleration,10000000
0000_20,Steps,StepCancelShortDash.SpCost,1325
0000_20,DragonDash,SpCostIN,500
0000_20,DragonDash,SpCostLP,3920
0000_20,DragonDash,SpCostBK,5200
0000_20,DragonDash,HighSpeedSpCostLP,4900
0000_20,ZBurstDash,SpCostIN,10000
0000_20,ZBurstDash,SpCostLP,11000
0000_20,ZBurstDash,BurstSmashSpCostLP,3500
0000_20,DashUpDown,SpCostUpIN,1000
0000_20,DashUpDown,SpCostUpLP,7840
0000_20,DashUpDown,SpCostDownIN,1000
0000_20,DashUpDown,SpCostDownLP,7840
0000_20,DragonHoming,SpCostIN,250
0000_20,DragonHoming,SpCostLP,3500
0000_21,Character,DestroyedPower,6
0000_21,Character,AbilityFlag.SparkingArmor,false
0000_21,Character,AbilityFlag.AutoReflect,false
0000_21,Character,AbilityFlag.bCanHighSpeedMove,false
0000_21,Character,AbilityFlag.bCanSuperHighSpeedMove,false
0000_21,Character,ActionFlag.HeavyCrash,true
0000_21,Character,ActionFlag.PowerPress,true
0000_21,Character,ActionFlag.TriAttack,true
0000_21,Character,ChaseChangeBlastSlot,EKoratBlastSlotType::BlastSkill1
0000_21,Numeric,Life,40000
0000_21,Numeric,SPAutoRecoverySpeed,1500
0000_21,Numeric,SPAutoRecoverySpeedScaleUnderOneGauge,1.3
0000_21,Numeric,SPChargeSpeed,8
0000_21,Numeric,SPChargeSpeedUnderAutoRecoveryLimit,12
0000_21,Numeric,SparkingModeGaugeDecreaseSpeed,2800
0000_21,Numeric,BlastStock,6
0000_21,Numeric,AttackChargeSpeedsBySmashLevel[0],3
0000_21,Numeric,AttackChargeSpeedsBySmashLevel[1],5.4
0000_21,Numeric,AttackChargeSpeedsBySmashLevel[2],7.5
0000_21,Numeric,PursuitBaseLimit,2
0000_21,Numeric,PursuitLimitDragonHoming,0
0000_21,Numeric,PursuitLimitVanishingAttack,0
0000_21,Numeric,PursuitBaseLimitAddAtSparking,2
0000_21,Numeric,PursuitLimitDragonHomingAddAtSparking,0
0000_21,Numeric,PursuitLimitVanishingAttackAddAtSparking,0
0000_21,Numeric,PursuitLimitLightningAttackAddAtSparking,0
0000_21,Numeric,IdealPositionMidAirKick,68
0000_21,Numeric,ReactionSplitHighBorder,0.7
0000_21,Numeric,ReactionSplitMidBorder,0.35
0000_21,Numeric,ReactionSplitLowBorder,0.175
0000_21,Numeric,BulletNum,7
0000_21,Numeric,JumpBulletNum,7
0000_21,Numeric,JumpBulletSetNum,1
0000_21,Numeric,RushBulletLimit,7
0000_21,Numeric,SmashBulletLimit,1
0000_21,Numeric,RepelSkillGaugeGainRate,1.2
0000_21,Numeric,AttackBreakSkillGaugeGain,0.15
0000_21,Numeric,FastAvoidSkillGaugeGain,0.05
0000_21,Numeric,ThrowBreakSkillGaugeGain,0.1
0000_21,Numeric,BackAttackedSkillGaugeGain,0.03
0000_21,Numeric,LastOneHPSkillGaugeGain,1
0000_21,Numeric,ImpactStartSkillGaugeGain,1
0000_21,Numeric,RushOffsetSkillGaugeGain,0.05
0000_21,Numeric,CollisionOffsetSkillGaugeGain,0.5
0000_21,Numeric,DragonHomingChangeTrajectorySkillGaugeGain,0.1
0000_21,Numeric,BurstSmashGaugeGain,0.1
0000_21,Numeric,ExParam,1
0000_21,Steps,StepShortDash.AddToSpeedScale,60000
0000_21,Steps,StepShortDash.MaxAcceleration,60000
0000_21,Steps,StepShortDash.BrakingDeceleration,30000
0000_21,Steps,StepShortDash.ElapsedTimeToOT,0.033333
0000_21,Steps,StepShortDash.Duration,0.333333
0000_21,Steps,StepShortDash.CoolTime,0.05
0000_21,Steps,StepShortDash.bIsStopClearSpeed,true
0000_21,Steps,StepShortDash.StopBrakingDeceleration,10000000
0000_21,Steps,StepShortDash.SpCost,2650
0000_21,Steps,StepCancelShortDash.AddToSpeedScale,60000
0000_21,Steps,StepCancelShortDash.MaxAcceleration,60000
0000_21,Steps,StepCancelShortDash.BrakingDeceleration,30000
0000_21,Steps,StepCancelShortDash.ElapsedTimeToOT,0.033333
0000_21,Steps,StepCancelShortDash.Duration,0.333333
0000_21,Steps,StepCancelShortDash.CoolTime,0.416667
0000_21,Steps,StepCancelShortDash.bIsStopClearSpeed,true
0000_21,Steps,StepCancelShortDash.StopBrakingDeceleration,10000000
0000_21,Steps,StepCancelShortDash.SpCost,1325
0000_21,DragonDash,SpCostIN,500
0000_21,DragonDash,SpCostLP,3920
0000_21,DragonDash,SpCostBK,5200
0000_21,DragonDash,HighSpeedSpCostLP,4900
0000_21,ZBurstDash,SpCostIN,10000
0000_21,ZBurstDash,SpCostLP,11000
0000_21,ZBurstDash,BurstSmashSpCostLP,3500
0000_21,DashUpDown,SpCostUpIN,1000
0000_21,DashUpDown,SpCostUpLP,7840
0000_21,DashUpDown,SpCostDownIN,1000
0000_21,DashUpDown,SpCostDownLP,7840
0000_21,DragonHoming,SpCostIN,250
0000_21,DragonHoming,SpCostLP,3500
0000_22,Character,DestroyedPower,6
0000_22,Character,AbilityFlag.SparkingArmor,false
0000_22,Character,AbilityFlag.AutoReflect,false
0000_22,Character,AbilityFlag.bCanHighSpeedMove,false
0000_22,Character,AbilityFlag.bCanSuperHighSpeedMove,false
0000_22,Character,ActionFlag.HeavyCrash,true
0000_22,Character,ActionFlag.PowerPress,true
0000_22,Character,ActionFlag.TriAttack,true
0000_22,Character,ChaseChangeBlastSlot,EKoratBlastSlotType::BlastSkill2
0000_22,Numeric,Life,40000
0000_22,Numeric,SPAutoRecoverySpeed,1500
0000_22,Numeric,SPAutoRecoverySpeedScaleUnderOneGauge,1.3
0000_22,Numeric,SPChargeSpeed,8
0000_22,Numeric,SPChargeSpeedUnderAutoRecoveryLimit,12
0000_22,Numeric,SparkingModeGaugeDecreaseSpeed,2800
0000_22,Numeric,BlastStock,6
0000_22,Numeric,AttackChargeSpeedsBySmashLevel[0],3
0000_22,Numeric,AttackChargeSpeedsBySmashLevel[1],5.4
0000_22,Numeric,AttackChargeSpeedsBySmashLevel[2],7.5
0000_22,Numeric,PursuitBaseLimit,3
0000_22,Numeric,PursuitLimitDragonHoming,0
0000_22,Numeric,PursuitLimitVanishingAttack,0
0000_22,Numeric,PursuitBaseLimitAddAtSparking,2
0000_22,Numeric,PursuitLimitDragonHomingAddAtSparking,0
0000_22,Numeric,PursuitLimitVanishingAttackAddAtSparking,0
0000_22,Numeric,PursuitLimitLightningAttackAddAtSparking,0
0000_22,Numeric,IdealPositionMidAirKick,68
0000_22,Numeric,ReactionSplitHighBorder,0.7
0000_22,Numeric,ReactionSplitMidBorder,0.35
0000_22,Numeric,ReactionSplitLowBorder,0.175
0000_22,Numeric,BulletNum,8
0000_22,Numeric,JumpBulletNum,7
0000_22,Numeric,JumpBulletSetNum,1
0000_22,Numeric,RushBulletLimit,8
0000_22,Numeric,SmashBulletLimit,1
0000_22,Numeric,RepelSkillGaugeGainRate,1.2
0000_22,Numeric,AttackBreakSkillGaugeGain,0.15
0000_22,Numeric,FastAvoidSkillGaugeGain,0.05
0000_22,Numeric,ThrowBreakSkillGaugeGain,0.1
0000_22,Numeric,BackAttackedSkillGaugeGain,0.03
0000_22,Numeric,LastOneHPSkillGaugeGain,1
0000_22,Numeric,ImpactStartSkillGaugeGain,1
0000_22,Numeric,RushOffsetSkillGaugeGain,0.05
0000_22,Numeric,CollisionOffsetSkillGaugeGain,0.5
0000_22,Numeric,DragonHomingChangeTrajectorySkillGaugeGain,0.1
0000_22,Numeric,BurstSmashGaugeGain,0.1
0000_22,Numeric,ExParam,1
0000_22,Steps,StepShortDash.AddToSpeedScale,60000
0000_22,Steps,StepShortDash.MaxAcceleration,60000
0000_22,Steps,StepShortDash.BrakingDeceleration,30000
0000_22,Steps,StepShortDash.ElapsedTimeToOT,0.033333
0000_22,Steps,StepShortDash.Duration,0.333333
0000_22,Steps,StepShortDash.CoolTime,0.05
0000_22,Steps,StepShortDash.bIsStopClearSpeed,true
0000_22,Steps,StepShortDash.StopBrakingDeceleration,10000000
0000_22,Steps,StepShortDash.SpCost,2650
0000_22,Steps,StepCancelShortDash.AddToSpeedScale,60000
0000_22,Steps,StepCancelShortDash.MaxAcceleration,60000
0000_22,Steps,StepCancelShortDash.BrakingDeceleration,30000
0000_22,Steps,StepCancelShortDash.ElapsedTimeToOT,0.033333
0000_22,Steps,StepCancelShortDash.Duration,0.333333
0000_22,Steps,StepCancelShortDash.CoolTime,0.416667
0000_22,Steps,StepCancelShortDash.bIsStopClearSpeed,true
0000_22,Steps,StepCancelShortDash.StopBrakingDeceleration,10000000
0000_22,Steps,StepCancelShortDash.SpCost,1325
0000_22,DragonDash,SpCostIN,500
0000_22,DragonDash,SpCostLP,3920
0000_22,DragonDash,SpCostBK,5200
0000_22,DragonDash,HighSpeedSpCostLP,4900
0000_22,ZBurstDash,SpCostIN,10000
0000_22,ZBurstDash,SpCostLP,11000
0000_22,ZBurstDash,BurstSmashSpCostLP,3500
0000_22,DashUpDown,SpCostUpIN,1000
0000_22,DashUpDown,SpCostUpLP,7840
0000_22,DashUpDown,SpCostDownIN,1000
0000_22,DashUpDown,SpCostDownLP,7840
0000_22,DragonHoming,SpCostIN,250
0000_22,DragonHoming,SpCostLP,3500
0000_23,Character,DestroyedPower,7
0000_23,Character,AbilityFlag.SparkingArmor,false
0000_23,Character,ActionFlag.HeavyCrash,true
0000_23,Character,ActionFlag.PowerPress,true
0000_23,Character,ActionFlag.TriAttack,true
0000_23,Character,ChaseChangeBlastSlot,EKoratBlastSlotType::BlastSkill2
0000_23,Numeric,Life,40000
0000_23,Numeric,InitialSP,10000
0000_23,Numeric,SPAutoRecoverySpeed,1500
0000_23,Numeric,SPAutoRecoverySpeedScaleUnderOneGauge,1.3
0000_23,Numeric,SPChargeSpeed,8
0000_23,Numeric,SPChargeSpeedUnderAutoRecoveryLimit,12
0000_23,Numeric,SparkingModeGaugeDecreaseSpeed,2800
0000_23,Numeric,AttackChargeSpeedsBySmashLevel[0],3
0000_23,Numeric,AttackChargeSpeedsBySmashLevel[1],5.4
0000_23,Numeric,AttackChargeSpeedsBySmashLevel[2],7.5
0000_23,Numeric,PursuitBaseLimit,3
0000_23,Numeric,PursuitLimitDragonHoming,0
0000_23,Numeric,PursuitLimitVanishingAttack,0
0000_23,Numeric,PursuitBaseLimitAddAtSparking,2
0000_23,Numeric,PursuitLimitDragonHomingAddAtSparking,0
0000_23,Numeric,PursuitLimitVanishingAttackAddAtSparking,0
0000_23,Numeric,PursuitLimitLightningAttackAddAtSparking,0
0000_23,Numeric,IdealPositionMidAirKick,68
0000_23,Numeric,ReactionSplitHighBorder,0.7
0000_23,Numeric,ReactionSplitMidBorder,0.35
0000_23,Numeric,ReactionSplitLowBorder,0.175
0000_23,Numeric,BulletNum,9
0000_23,Numeric,JumpBulletNum,7
0000_23,Numeric,JumpBulletSetNum,1
0000_23,Numeric,DashBulletNum,5
0000_23,Numeric,RushBulletLimit,9
0000_23,Numeric,SmashBulletLimit,1
0000_23,Numeric,RepelSkillGaugeGainRate,1.1
0000_23,Numeric,AttackBreakSkillGaugeGain,0.15
0000_23,Numeric,FastAvoidSkillGaugeGain,0.05
0000_23,Numeric,ThrowBreakSkillGaugeGain,0.1
0000_23,Numeric,BackAttackedSkillGaugeGain,0.03
0000_23,Numeric,LastOneHPSkillGaugeGain,1
0000_23,Numeric,ImpactStartSkillGaugeGain,1
0000_23,Numeric,RushOffsetSkillGaugeGain,0.05
0000_23,Numeric,CollisionOffsetSkillGaugeGain,0.5
0000_23,Numeric,DragonHomingChangeTrajectorySkillGaugeGain,0.1
0000_23,Numeric,BurstSmashGaugeGain,0.1
0000_23,Numeric,ExParam,1
0000_23,Numeric,SpecialBlastRepelParameter.bEnableSpecialBlastRepel,true
0000_23,Numeric,SpecialBlastRepelParameter.OverrideBlastRepelDirection,SpecialBlastRepel
0000_23,Steps,StepShortDash.AddToSpeedScale,60000
0000_23,Steps,StepShortDash.MaxAcceleration,60000
0000_23,Steps,StepShortDash.BrakingDeceleration,30000
0000_23,Steps,StepShortDash.ElapsedTimeToOT,0.033333
0000_23,Steps,StepShortDash.Duration,0.333333
0000_23,Steps,StepShortDash.CoolTime,0.05
0000_23,Steps,StepShortDash.bIsStopClearSpeed,true
0000_23,Steps,StepShortDash.StopBrakingDeceleration,10000000
0000_23,Steps,StepShortDash.SpCost,2650
0000_23,Steps,StepCancelShortDash.AddToSpeedScale,60000
0000_23,Steps,StepCancelShortDash.MaxAcceleration,60000
0000_23,Steps,StepCancelShortDash.BrakingDeceleration,30000
0000_23,Steps,StepCancelShortDash.ElapsedTimeToOT,0.033333
0000_23,Steps,StepCancelShortDash.Duration,0.333333
0000_23,Steps,StepCancelShortDash.CoolTime,0.416667
0000_23,Steps,StepCancelShortDash.bIsStopClearSpeed,true
0000_23,Steps,StepCancelShortDash.StopBrakingDeceleration,10000000
0000_23,Steps,StepCancelShortDash.SpCost,1325
0000_23,DragonDash,SpCostIN,500
0000_23,DragonDash,SpCostLP,3920
0000_23,DragonDash,SpCostBK,5200
0000_23,DragonDash,HighSpeedSpCostLP,4900
0000_23,ZBurstDash,SpCostIN,10000
0000_23,ZBurstDash,SpCostLP,11000
0000_23,ZBurstDash,BurstSmashSpCostLP,3500
0000_23,DashUpDown,SpCostUpIN,1000
0000_23,DashUpDown,SpCostUpLP,7840
0000_23,DashUpDown,SpCostDownIN,1000
0000_23,DashUpDown,SpCostDownLP,7840
0000_23,DragonHoming,SpCostIN,250
0000_23,DragonHoming,SpCostLP,3500
0000_33,Character,DestroyedPower,8
0000_33,Character,AbilityFlag.SparkingArmor,false
0000_33,Character,ActionFlag.CannonCombo,true
0000_33,Character,ActionFlag.PowerPress,true
0000_33,Character,ChaseChangeBlastSlot,EKoratBlastSlotType::BlastSkill1
0000_33,Numeric,Life,40000
0000_33,Numeric,InitialSP,10000
0000_33,Numeric,SPAutoRecoverySpeed,1500
0000_33,Numeric,SPAutoRecoverySpeedScaleUnderOneGauge,1.3
0000_33,Numeric,SPChargeSpeed,8
0000_33,Numeric,SPChargeSpeedUnderAutoRecoveryLimit,12
0000_33,Numeric,SparkingModeGaugeDecreaseSpeed,2800
0000_33,Numeric,AttackChargeSpeedsBySmashLevel[0],3
0000_33,Numeric,AttackChargeSpeedsBySmashLevel[1],5.4
0000_33,Numeric,AttackChargeSpeedsBySmashLevel[2],7.5
0000_33,Numeric,PursuitBaseLimit,3
0000_33,Numeric,PursuitLimitDragonHoming,0
0000_33,Numeric,PursuitLimitVanishingAttack,0
0000_33,Numeric,PursuitBaseLimitAddAtSparking,2
0000_33,Numeric,PursuitLimitDragonHomingAddAtSparking,0
0000_33,Numeric,PursuitLimitVanishingAttackAddAtSparking,0
0000_33,Numeric,PursuitLimitLightningAttackAddAtSparking,0
0000_33,Numeric,IdealPositionMidAirKick,68
0000_33,Numeric,ReactionSplitHighBorder,0.7
0000_33,Numeric,ReactionSplitMidBorder,0.35
0000_33,Numeric,ReactionSplitLowBorder,0.175
0000_33,Numeric,DashBulletNum,6
0000_33,Numeric,RushBulletLimit,10
0000_33,Numeric,SmashBulletLimit,1
0000_33,Numeric,RepelSkillGaugeGainRate,1.1
0000_33,Numeric,AttackBreakSkillGaugeGain,0.15
0000_33,Numeric,FastAvoidSkillGaugeGain,0.05
0000_33,Numeric,ThrowBreakSkillGaugeGain,0.1
0000_33,Numeric,BackAttackedSkillGaugeGain,0.03
0000_33,Numeric,LastOneHPSkillGaugeGain,1
0000_33,Numeric,ImpactStartSkillGaugeGain,1
0000_33,Numeric,RushOffsetSkillGaugeGain,0.05
0000_33,Numeric,CollisionOffsetSkillGaugeGain,0.5
0000_33,Numeric,DragonHomingChangeTrajectorySkillGaugeGain,0.1
0000_33,Numeric,BurstSmashGaugeGain,0.1
0000_33,Numeric,ExParam,1
0000_33,Steps,StepShortDash.AddToSpeedScale,60000
0000_33,Steps,StepShortDash.MaxAcceleration,60000
0000_33,Steps,StepShortDash.BrakingDeceleration,30000
0000_33,Steps,StepShortDash.ElapsedTimeToOT,0.033333
0000_33,Steps,StepShortDash.Duration,0.333333
0000_33,Steps,StepShortDash.CoolTime,0.05
0000_33,Steps,StepShortDash.bIsStopClearSpeed,true
0000_33,Steps,StepShortDash.StopBrakingDeceleration,10000000
0000_33,Steps,StepShortDash.SpCost,2650
0000_33,Steps,StepCancelShortDash.AddToSpeedScale,60000
0000_33,Steps,StepCancelShortDash.MaxAcceleration,60000
0000_33,Steps,StepCancelShortDash.BrakingDeceleration,30000
0000_33,Steps,StepCancelShortDash.ElapsedTimeToOT,0.033333
0000_33,Steps,StepCancelShortDash.Duration,0.333333
0000_33,Steps,StepCancelShortDash.CoolTime,0.416667
0000_33,Steps,StepCancelShortDash.bIsStopClearSpeed,true
0000_33,Steps,StepCancelShortDash.StopBrakingDeceleration,10000000
0000_33,Steps,StepCancelShortDash.SpCost,1325
0000_33,DragonDash,SpCostIN,500
0000_33,DragonDash,SpCostLP,3920
0000_33,DragonDash,SpCostBK,5200
0000_33,DragonDash,HighSpeedSpCostLP,4900
0000_33,ZBurstDash,SpCostIN,10000
0000_33,ZBurstDash,SpCostLP,11000
0000_33,ZBurstDash,BurstSmashSpCostLP,3500
0000_33,DashUpDown,SpCostUpIN,1000
0000_33,DashUpDown,SpCostUpLP,7840
0000_33,DashUpDown,SpCostDownIN,1000
0000_33,DashUpDown,SpCostDownLP,7840
0000_33,DragonHoming,SpCostIN,250
0000_33,DragonHoming,SpCostLP,3500
0000_40,Character,AbilityFlag.SparkingArmor,false
0000_40,Character,AbilityFlag.AutoReflect,false
0000_40,Character,AbilityFlag.bCanHighSpeedMove,false
0000_40,Character,AbilityFlag.bCanSuperHighSpeedMove,false
0000_40,Character,ActionFlag.PowerPress,true
0000_40,Character,ChaseChangeBlastSlot,EKoratBlastSlotType::BlastSkill1
0000_40,Numeric,Life,40000
0000_40,Numeric,SPAutoRecoverySpeed,1750
0000_40,Numeric,SPAutoRecoverySpeedScaleUnderOneGauge,1.3
0000_40,Numeric,SPChargeSpeed,7
0000_40,Numeric,SPChargeSpeedUnderAutoRecoveryLimit,10.5
0000_40,Numeric,SparkingModeGaugeDecreaseSpeed,2800
0000_40,Numeric,BlastStock,6
0000_40,Numeric,AttackChargeSpeedsBySmashLevel[0],3
0000_40,Numeric,AttackChargeSpeedsBySmashLevel[1],5.4
0000_40,Numeric,AttackChargeSpeedsBySmashLevel[2],7.5
0000_40,Numeric,PursuitBaseLimit,2
0000_40,Numeric,PursuitLimitDragonHoming,0
0000_40,Numeric,PursuitLimitVanishingAttack,0
0000_40,Numeric,PursuitBaseLimitAddAtSparking,2
0000_40,Numeric,PursuitLimitDragonHomingAddAtSparking,0
0000_40,Numeric,PursuitLimitVanishingAttackAddAtSparking,0
0000_40,Numeric,PursuitLimitLightningAttackAddAtSparking,0
0000_40,Numeric,IdealPositionMidAirKick,68
0000_40,Numeric,ReactionSplitHighBorder,0.7
0000_40,Numeric,ReactionSplitMidBorder,0.35
0000_40,Numeric,ReactionSplitLowBorder,0.175
0000_40,Numeric,BulletNum,6
0000_40,Numeric,JumpBulletNum,7
0000_40,Numeric,JumpBulletSetNum,1
0000_40,Numeric,RushBulletLimit,6
0000_40,Numeric,SmashBulletLimit,1
0000_40,Numeric,RepelSkillGaugeGainRate,1.2
0000_40,Numeric,AttackBreakSkillGaugeGain,0.15
0000_40,Numeric,FastAvoidSkillGaugeGain,0.05
0000_40,Numeric,ThrowBreakSkillGaugeGain,0.1
0000_40,Numeric,BackAttackedSkillGaugeGain,0.03
0000_40,Numeric,LastOneHPSkillGaugeGain,1
0000_40,Numeric,ImpactStartSkillGaugeGain,1
0000_40,Numeric,RushOffsetSkillGaugeGain,0.05
0000_40,Numeric,CollisionOffsetSkillGaugeGain,0.5
0000_40,Numeric,DragonHomingChangeTrajectorySkillGaugeGain,0.1
0000_40,Numeric,BurstSmashGaugeGain,0.1
0000_40,Steps,StepShortDash.AddToSpeedScale,60000
0000_40,Steps,StepShortDash.MaxAcceleration,60000
0000_40,Steps,StepShortDash.BrakingDeceleration,30000
0000_40,Steps,StepShortDash.ElapsedTimeToOT,0.033333
0000_40,Steps,StepShortDash.Duration,0.333333
0000_40,Steps,StepShortDash.CoolTime,0.05
0000_40,Steps,StepShortDash.bIsStopClearSpeed,true
0000_40,Steps,StepShortDash.StopBrakingDeceleration,10000000
0000_40,Steps,StepShortDash.SpCost,2650
0000_40,Steps,StepCancelShortDash.AddToSpeedScale,60000
0000_40,Steps,StepCancelShortDash.MaxAcceleration,60000
0000_40,Steps,StepCancelShortDash.BrakingDeceleration,30000
0000_40,Steps,StepCancelShortDash.ElapsedTimeToOT,0.033333
0000_40,Steps,StepCancelShortDash.Duration,0.333333
0000_40,Steps,StepCancelShortDash.CoolTime,0.416667
0000_40,Steps,StepCancelShortDash.bIsStopClearSpeed,true
0000_40,Steps,StepCancelShortDash.StopBrakingDeceleration,10000000
0000_40,Steps,StepCancelShortDash.SpCost,1325
0000_40,DragonDash,SpCostIN,500
0000_40,DragonDash,SpCostLP,3920
0000_40,DragonDash,SpCostBK,5200
0000_40,DragonDash,HighSpeedSpCostLP,4900
0000_40,ZBurstDash,SpCostIN,10000
0000_40,ZBurstDash,SpCostLP,11000
0000_40,ZBurstDash,BurstSmashSpCostLP,3500
0000_40,DashUpDown,SpCostUpIN,1000
0000_40,DashUpDown,SpCostUpLP,7840
0000_40,DashUpDown,SpCostDownIN,1000
0000_40,DashUpDown,SpCostDownLP,7840
0000_40,DragonHoming,SpCostIN,250
0000_40,DragonHoming,SpCostLP,3500
0000_41,Character,DestroyedPower,6
0000_41,Character,AbilityFlag.SparkingArmor,false
0000_41,Character,AbilityFlag.AutoReflect,false
0000_41,Character,AbilityFlag.bCanHighSpeedMove,false
0000_41,Character,AbilityFlag.bCanSuperHighSpeedMove,false
0000_41,Character,ActionFlag.PowerPress,true
0000_41,Character,ChaseChangeBlastSlot,EKoratBlastSlotType::BlastSkill1
0000_41,Numeric,Life,40000
0000_41,Numeric,SPAutoRecoverySpeed,1500
0000_41,Numeric,SPAutoRecoverySpeedScaleUnderOneGauge,1.3
0000_41,Numeric,SPChargeSpeed,8
0000_41,Numeric,SPChargeSpeedUnderAutoRecoveryLimit,12
0000_41,Numeric,SparkingModeGaugeDecreaseSpeed,2800
0000_41,Numeric,BlastStock,6
0000_41,Numeric,AttackChargeSpeedsBySmashLevel[0],3
0000_41,Numeric,AttackChargeSpeedsBySmashLevel[1],5.4
0000_41,Numeric,AttackChargeSpeedsBySmashLevel[2],7.5
0000_41,Numeric,PursuitBaseLimit,2
0000_41,Numeric,PursuitLimitDragonHoming,0
0000_41,Numeric,PursuitLimitVanishingAttack,0
0000_41,Numeric,PursuitBaseLimitAddAtSparking,2
0000_41,Numeric,PursuitLimitDragonHomingAddAtSparking,0
0000_41,Numeric,PursuitLimitVanishingAttackAddAtSparking,0
0000_41,Numeric,PursuitLimitLightningAttackAddAtSparking,0
0000_41,Numeric,IdealPositionMidAirKick,68
0000_41,Numeric,ReactionSplitHighBorder,0.7
0000_41,Numeric,ReactionSplitMidBorder,0.35
0000_41,Numeric,ReactionSplitLowBorder,0.175
0000_41,Numeric,BulletNum,7
0000_41,Numeric,JumpBulletNum,7
0000_41,Numeric,JumpBulletSetNum,1
0000_41,Numeric,RushBulletLimit,7
0000_41,Numeric,SmashBulletLimit,1
0000_41,Numeric,RepelSkillGaugeGainRate,1.2
0000_41,Numeric,AttackBreakSkillGaugeGain,0.15
0000_41,Numeric,FastAvoidSkillGaugeGain,0.05
0000_41,Numeric,ThrowBreakSkillGaugeGain,0.1
0000_41,Numeric,BackAttackedSkillGaugeGain,0.03
0000_41,Numeric,LastOneHPSkillGaugeGain,1
0000_41,Numeric,ImpactStartSkillGaugeGain,1
0000_41,Numeric,RushOffsetSkillGaugeGain,0.05
0000_41,Numeric,CollisionOffsetSkillGaugeGain,0.5
0000_41,Numeric,DragonHomingChangeTrajectorySkillGaugeGain,0.1
0000_41,Numeric,BurstSmashGaugeGain,0.1
0000_41,Numeric,ExParam,1
0000_41,Steps,StepShortDash.AddToSpeedScale,60000
0000_41,Steps,StepShortDash.MaxAcceleration,60000
0000_41,Steps,StepShortDash.BrakingDeceleration,30000
0000_41,Steps,StepShortDash.ElapsedTimeToOT,0.033333
0000_41,Steps,StepShortDash.Duration,0.333333
0000_41,Steps,StepShortDash.CoolTime,0.05
0000_41,Steps,StepShortDash.bIsStopClearSpeed,true
0000_41,Steps,StepShortDash.StopBrakingDeceleration,10000000
0000_41,Steps,StepShortDash.SpCost,2650
0000_41,Steps,StepCancelShortDash.AddToSpeedScale,60000
0000_41,Steps,StepCancelShortDash.MaxAcceleration,60000
0000_41,Steps,StepCancelShortDash.BrakingDeceleration,30000
0000_41,Steps,StepCancelShortDash.ElapsedTimeToOT,0.033333
0000_41,Steps,StepCancelShortDash.Duration,0.333333
0000_41,Steps,StepCancelShortDash.CoolTime,0.416667
0000_41,Steps,StepCancelShortDash.bIsStopClearSpeed,true
0000_41,Steps,StepCancelShortDash.StopBrakingDeceleration,10000000
0000_41,Steps,StepCancelShortDash.SpCost,1325
0000_41,DragonDash,SpCostIN,500
0000_41,DragonDash,SpCostLP,3920
0000_41,DragonDash,SpCostBK,5200
0000_41,DragonDash,HighSpeedSpCostLP,4900
0000_41,ZBurstDash,SpCostIN,10000
0000_41,ZBurstDash,SpCostLP,11000
0000_41,ZBurstDash,BurstSmashSpCostLP,3500
0000_41,DashUpDown,SpCostUpIN,1000
0000_41,DashUpDown,SpCostUpLP,7840
0000_41,DashUpDown,SpCostDownIN,1000
0000_41,DashUpDown,SpCostDownLP,7840
0000_41,DragonHoming,SpCostIN,250
0000_41,DragonHoming,SpCostLP,3500
0000_43,Character,DestroyedPower,8
0000_43,Character,AbilityFlag.SparkingArmor,false
0000_43,Character,ActionFlag.PowerPress,true
0000_43,Character,ChaseChangeBlastSlot,EKoratBlastSlotType::BlastSkill1
0000_43,Numeric,Life,40000
0000_43,Numeric,DamageRate,0.98
0000_43,Numeric,SPAutoRecoverySpeed,1500
0000_43,Numeric,SPAutoRecoverySpeedScaleUnderOneGauge,1.3
0000_43,Numeric,SPChargeSpeed,8
0000_43,Numeric,SPChargeSpeedUnderAutoRecoveryLimit,12
0000_43,Numeric,SparkingModeGaugeDecreaseSpeed,2800
0000_43,Numeric,BlastStock,6
0000_43,Numeric,AttackChargeSpeedsBySmashLevel[0],3
0000_43,Numeric,AttackChargeSpeedsBySmashLevel[1],5.4
0000_43,Numeric,AttackChargeSpeedsBySmashLevel[2],7.5
0000_43,Numeric,PursuitBaseLimit,3
0000_43,Numeric,PursuitLimitDragonHoming,0
0000_43,Numeric,PursuitLimitVanishingAttack,0
0000_43,Numeric,PursuitBaseLimitAddAtSparking,2
0000_43,Numeric,PursuitLimitDragonHomingAddAtSparking,0
0000_43,Numeric,PursuitLimitVanishingAttackAddAtSparking,0
0000_43,Numeric,PursuitLimitLightningAttackAddAtSparking,0
0000_43,Numeric,IdealPositionMidAirKick,68
0000_43,Numeric,ReactionSplitHighBorder,0.7
0000_43,Numeric,ReactionSplitMidBorder,0.35
0000_43,Numeric,ReactionSplitLowBorder,0.175
0000_43,Numeric,DashBulletNum,6
0000_43,Numeric,RushBulletLimit,10
0000_43,Numeric,SmashBulletLimit,1
0000_43,Numeric,RepelSkillGaugeGainRate,1.2
0000_43,Numeric,AttackBreakSkillGaugeGain,0.15
0000_43,Numeric,FastAvoidSkillGaugeGain,0.05
0000_43,Numeric,ThrowBreakSkillGaugeGain,0.1
0000_43,Numeric,BackAttackedSkillGaugeGain,0.03
0000_43,Numeric,LastOneHPSkillGaugeGain,1
0000_43,Numeric,ImpactStartSkillGaugeGain,1
0000_43,Numeric,RushOffsetSkillGaugeGain,0.05
0000_43,Numeric,CollisionOffsetSkillGaugeGain,0.5
0000_43,Numeric,DragonHomingChangeTrajectorySkillGaugeGain,0.1
0000_43,Numeric,BurstSmashGaugeGain,0.1
0000_43,Numeric,ExParam,1
0000_43,Numeric,AuraType,EKoratBattleAuraType::God
0000_43,Steps,StepShortDash.AddToSpeedScale,60000
0000_43,Steps,StepShortDash.MaxAcceleration,60000
0000_43,Steps,StepShortDash.BrakingDeceleration,30000
0000_43,Steps,StepShortDash.ElapsedTimeToOT,0.033333
0000_43,Steps,StepShortDash.Duration,0.333333
0000_43,Steps,StepShortDash.CoolTime,0.05
0000_43,Steps,StepShortDash.bIsStopClearSpeed,true
0000_43,Steps,StepShortDash.StopBrakingDeceleration,10000000
0000_43,Steps,StepShortDash.SpCost,2650
0000_43,Steps,StepCancelShortDash.AddToSpeedScale,60000
0000_43,Steps,StepCancelShortDash.MaxAcceleration,60000
0000_43,Steps,StepCancelShortDash.BrakingDeceleration,30000
0000_43,Steps,StepCancelShortDash.ElapsedTimeToOT,0.033333
0000_43,Steps,StepCancelShortDash.Duration,0.333333
0000_43,Steps,StepCancelShortDash.CoolTime,0.416667
0000_43,Steps,StepCancelShortDash.bIsStopClearSpeed,true
0000_43,Steps,StepCancelShortDash.StopBrakingDeceleration,10000000
0000_43,Steps,StepCancelShortDash.SpCost,1325
0000_43,DragonDash,SpCostIN,500
0000_43,DragonDash,SpCostLP,3920
0000_43,DragonDash,SpCostBK,5200
0000_43,DragonDash,HighSpeedSpCostLP,4900
0000_43,ZBurstDash,SpCostIN,10000
0000_43,ZBurstDash,SpCostLP,11000
0000_43,ZBurstDash,BurstSmashSpCostLP,3500
0000_43,DashUpDown,SpCostUpIN,1000
0000_43,DashUpDown,SpCostUpLP,7840
0000_43,DashUpDown,SpCostDownIN,1000
0000_43,DashUpDown,SpCostDownLP,7840
0000_43,DragonHoming,SpCostIN,250
0000_43,DragonHoming,SpCostLP,3500
0000_50,Character,DestroyedPower,8
0000_50,Character,AbilityFlag.SparkingArmor,false
0000_50,Character,AbilityFlag.bCanSelfishness,true
0000_50,Character,ActionFlag.ThrowEscape,true
0000_50,Character,ActionFlag.PowerPress,true
0000_50,Character,ChaseChangeBlastSlot,EKoratBlastSlotType::BlastSkill1
0000_50,Numeric,Life,40000
0000_50,Numeric,DamageRate,0.97
0000_50,Numeric,InitialSP,10000
0000_50,Numeric,SPAutoRecoverySpeed,1750
0000_50,Numeric,SPAutoRecoverySpeedScaleUnderOneGauge,1.3
0000_50,Numeric,SPChargeSpeed,7
0000_50,Numeric,SPChargeSpeedUnderAutoRecoveryLimit,10.5
0000_50,Numeric,SparkingModeGaugeDecreaseSpeed,2800
0000_50,Numeric,SelfishnessSPCost,2450
0000_50,Numeric,BlastStock,6
0000_50,Numeric,AttackChargeSpeedsBySmashLevel[0],3
0000_50,Numeric,AttackChargeSpeedsBySmashLevel[1],5.4
0000_50,Numeric,AttackChargeSpeedsBySmashLevel[2],7.5
0000_50,Numeric,PursuitBaseLimit,3
0000_50,Numeric,PursuitLimitDragonHoming,0
0000_50,Numeric,PursuitLimitVanishingAttack,0
0000_50,Numeric,PursuitBaseLimitAddAtSparking,2
0000_50,Numeric,PursuitLimitDragonHomingAddAtSparking,0
0000_50,Numeric,PursuitLimitVanishingAttackAddAtSparking,0
0000_50,Numeric,PursuitLimitLightningAttackAddAtSparking,0
0000_50,Numeric,IdealPositionMidAirKick,72
0000_50,Numeric,ReactionSplitHighBorder,0.7
0000_50,Numeric,ReactionSplitMidBorder,0.35
0000_50,Numeric,ReactionSplitLowBorder,0.175
0000_50,Numeric,BulletNum,15
0000_50,Numeric,DashBulletNum,6
0000_50,Numeric,RushBulletLimit,15
0000_50,Numeric,SmashBulletLimit,1
0000_50,Numeric,RepelSkillGaugeGainRate,1.2
0000_50,Numeric,AttackBreakSkillGaugeGain,0.15
0000_50,Numeric,FastAvoidSkillGaugeGain,0.05
0000_50,Numeric,ThrowBreakSkillGaugeGain,0.1
0000_50,Numeric,BackAttackedSkillGaugeGain,0.03
0000_50,Numeric,LastOneHPSkillGaugeGain,1
0000_50,Numeric,ImpactStartSkillGaugeGain,1
0000_50,Numeric,RushOffsetSkillGaugeGain,0.05
0000_50,Numeric,CollisionOffsetSkillGaugeGain,0.5
0000_50,Numeric,DragonHomingChangeTrajectorySkillGaugeGain,0.1
0000_50,Numeric,BurstSmashGaugeGain,0.1
0000_50,Numeric,AuraType,EKoratBattleAuraType::God
0000_50,Steps,StepShortDash.AddToSpeedScale,60000
0000_50,Steps,StepShortDash.MaxAcceleration,60000
0000_50,Steps,StepShortDash.BrakingDeceleration,30000
0000_50,Steps,StepShortDash.ElapsedTimeToOT,0.033333
0000_50,Steps,StepShortDash.Duration,0.333333
0000_50,Steps,StepShortDash.CoolTime,0.05
0000_50,Steps,StepShortDash.bIsStopClearSpeed,true
0000_50,Steps,StepShortDash.StopBrakingDeceleration,10000000
0000_50,Steps,StepShortDash.SpCost,2650
0000_50,Steps,StepCancelShortDash.AddToSpeedScale,60000
0000_50,Steps,StepCancelShortDash.MaxAcceleration,60000
0000_50,Steps,StepCancelShortDash.BrakingDeceleration,30000
0000_50,Steps,StepCancelShortDash.ElapsedTimeToOT,0.033333
0000_50,Steps,StepCancelShortDash.Duration,0.333333
0000_50,Steps,StepCancelShortDash.CoolTime,0.416667
0000_50,Steps,StepCancelShortDash.bIsStopClearSpeed,true
0000_50,Steps,StepCancelShortDash.StopBrakingDeceleration,10000000
0000_50,Steps,StepCancelShortDash.SpCost,1325
0000_50,DragonDash,SpCostIN,500
0000_50,DragonDash,SpCostLP,3920
0000_50,DragonDash,SpCostBK,5200
0000_50,DragonDash,HighSpeedSpCostLP,4900
0000_50,ZBurstDash,SpCostIN,10000
0000_50,ZBurstDash,SpCostLP,11000
0000_50,ZBurstDash,BurstSmashSpCostLP,3500
0000_50,DashUpDown,SpCostUpIN,1000
0000_50,DashUpDown,SpCostUpLP,7840
0000_50,DashUpDown,SpCostDownIN,1000
0000_50,DashUpDown,SpCostDownLP,7840
0000_50,DragonHoming,SpCostIN,250
0000_50,DragonHoming,SpCostLP,3500
0000_51,Character,DestroyedPower,9
0000_51,Character,AbilityFlag.SparkingArmor,false
0000_51,Character,AbilityFlag.bCanSelfishness,true
0000_51,Character,ActionFlag.ThrowEscape,true
0000_51,Character,ActionFlag.PowerPress,true
0000_51,Character,ChaseChangeBlastSlot,EKoratBlastSlotType::BlastSkill2
0000_51,Numeric,DamageRate,0.97
0000_51,Numeric,InitialSP,10000
0000_51,Numeric,SPAutoRecoverySpeed,2000
0000_51,Numeric,SPAutoRecoverySpeedScaleUnderOneGauge,1.3
0000_51,Numeric,SPChargeSpeed,6
0000_51,Numeric,SPChargeSpeedUnderAutoRecoveryLimit,9
0000_51,Numeric,SparkingModeGaugeDecreaseSpeed,2800
0000_51,Numeric,SelfishnessSPCost,1225
0000_51,Numeric,SelfishnessSPCostByEnergyBullet,1250
0000_51,Numeric,BlastStock,6
0000_51,Numeric,AttackChargeSpeedsBySmashLevel[0],3
0000_51,Numeric,AttackChargeSpeedsBySmashLevel[1],5.4
0000_51,Numeric,AttackChargeSpeedsBySmashLevel[2],7.5
0000_51,Numeric,PursuitBaseLimit,4
0000_51,Numeric,PursuitLimitDragonHoming,0
0000_51,Numeric,PursuitLimitVanishingAttack,0
0000_51,Numeric,PursuitBaseLimitAddAtSparking,2
0000_51,Numeric,PursuitLimitDragonHomingAddAtSparking,0
0000_51,Numeric,PursuitLimitVanishingAttackAddAtSparking,0
0000_51,Numeric,PursuitLimitLightningAttackAddAtSparking,0
0000_51,Numeric,IdealPositionMidAirKick,72
0000_51,Numeric,ReactionSplitHighBorder,0.7
0000_51,Numeric,ReactionSplitMidBorder,0.35
0000_51,Numeric,ReactionSplitLowBorder,0.175
0000_51,Numeric,BulletNum,18
0000_51,Numeric,DashBulletNum,6
0000_51,Numeric,RushBulletLimit,18
0000_51,Numeric,SmashBulletLimit,1
0000_51,Numeric,RepelSkillGaugeGainRate,1.2
0000_51,Numeric,AttackBreakSkillGaugeGain,0.15
0000_51,Numeric,FastAvoidSkillGaugeGain,0.05
0000_51,Numeric,ThrowBreakSkillGaugeGain,0.1
0000_51,Numeric,BackAttackedSkillGaugeGain,0.03
0000_51,Numeric,LastOneHPSkillGaugeGain,1
0000_51,Numeric,ImpactStartSkillGaugeGain,1
0000_51,Numeric,RushOffsetSkillGaugeGain,0.05
0000_51,Numeric,CollisionOffsetSkillGaugeGain,0.5
0000_51,Numeric,DragonHomingChangeTrajectorySkillGaugeGain,0.1
0000_51,Numeric,BurstSmashGaugeGain,0.1
0000_51,Numeric,AuraType,EKoratBattleAuraType::God
0000_51,Steps,StepShortDash.AddToSpeedScale,60000
0000_51,Steps,StepShortDash.MaxAcceleration,60000
0000_51,Steps,StepShortDash.BrakingDeceleration,30000
0000_51,Steps,StepShortDash.ElapsedTimeToOT,0.033333
0000_51,Steps,StepShortDash.Duration,0.333333
0000_51,Steps,StepShortDash.CoolTime,0.05
0000_51,Steps,StepShortDash.bIsStopClearSpeed,true
0000_51,Steps,StepShortDash.StopBrakingDeceleration,10000000
0000_51,Steps,StepShortDash.SpCost,2650
0000_51,Steps,StepCancelShortDash.AddToSpeedScale,60000
0000_51,Steps,StepCancelShortDash.MaxAcceleration,60000
0000_51,Steps,StepCancelShortDash.BrakingDeceleration,30000
0000_51,Steps,StepCancelShortDash.ElapsedTimeToOT,0.033333
0000_51,Steps,StepCancelShortDash.Duration,0.333333
0000_51,Steps,StepCancelShortDash.CoolTime,0.416667
0000_51,Steps,StepCancelShortDash.bIsStopClearSpeed,true
0000_51,Steps,StepCancelShortDash.StopBrakingDeceleration,10000000
0000_51,Steps,StepCancelShortDash.SpCost,1325
0000_51,DragonDash,SpCostIN,500
0000_51,DragonDash,SpCostLP,3920
0000_51,DragonDash,SpCostBK,5200
0000_51,DragonDash,HighSpeedSpCostLP,4900
0000_51,ZBurstDash,SpCostIN,10000
0000_51,ZBurstDash,SpCostLP,11000
0000_51,ZBurstDash,BurstSmashSpCostLP,3500
0000_51,DashUpDown,SpCostUpIN,1000
0000_51,DashUpDown,SpCostUpLP,7840
0000_51,DashUpDown,SpCostDownIN,1000
0000_51,DashUpDown,SpCostDownLP,7840
0000_51,DragonHoming,SpCostIN,250
0000_51,DragonHoming,SpCostLP,3500
0001_42,Character,DestroyedPower,7
0001_42,Character,AbilityFlag.SparkingArmor,false
0001_42,Character,ActionFlag.PowerPress,true
0001_42,Character,ChaseChangeBlastSlot,EKoratBlastSlotType::BlastSkill1
0001_42,Numeric,Life,40000
0001_42,Numeric,DamageRate,0.98
0001_42,Numeric,SPAutoRecoverySpeed,1500
0001_42,Numeric,SPAutoRecoverySpeedScaleUnderOneGauge,1.3
0001_42,Numeric,SPChargeSpeed,8
0001_42,Numeric,SPChargeSpeedUnderAutoRecoveryLimit,12
0001_42,Numeric,SparkingModeGaugeDecreaseSpeed,2800
0001_42,Numeric,BlastStock,6
0001_42,Numeric,AttackChargeSpeedsBySmashLevel[0],3
0001_42,Numeric,AttackChargeSpeedsBySmashLevel[1],5.4
0001_42,Numeric,AttackChargeSpeedsBySmashLevel[2],7.5
0001_42,Numeric,PursuitBaseLimit,3
0001_42,Numeric,PursuitLimitDragonHoming,0
0001_42,Numeric,PursuitLimitVanishingAttack,0
0001_42,Numeric,PursuitBaseLimitAddAtSparking,2
0001_42,Numeric,PursuitLimitDragonHomingAddAtSparking,0
0001_42,Numeric,PursuitLimitVanishingAttackAddAtSparking,0
0001_42,Numeric,PursuitLimitLightningAttackAddAtSparking,0
0001_42,Numeric,IdealPositionMidAirKick,68
0001_42,Numeric,ReactionSplitHighBorder,0.7
0001_42,Numeric,ReactionSplitMidBorder,0.35
0001_42,Numeric,ReactionSplitLowBorder,0.175
0001_42,Numeric,BulletNum,8
0001_42,Numeric,DashBulletNum,6
0001_42,Numeric,RushBulletLimit,8
0001_42,Numeric,SmashBulletLimit,1
0001_42,Numeric,RepelSkillGaugeGainRate,1.2
0001_42,Numeric,AttackBreakSkillGaugeGain,0.15
0001_42,Numeric,FastAvoidSkillGaugeGain,0.05
0001_42,Numeric,ThrowBreakSkillGaugeGain,0.1
0001_42,Numeric,BackAttackedSkillGaugeGain,0.03
0001_42,Numeric,LastOneHPSkillGaugeGain,1
0001_42,Numeric,ImpactStartSkillGaugeGain,1
0001_42,Numeric,RushOffsetSkillGaugeGain,0.05
0001_42,Numeric,CollisionOffsetSkillGaugeGain,0.5
0001_42,Numeric,DragonHomingChangeTrajectorySkillGaugeGain,0.1
0001_42,Numeric,BurstSmashGaugeGain,0.1
0001_42,Numeric,ExParam,1
0001_42,Numeric,AuraType,EKoratBattleAuraType::God
0001_42,Steps,StepShortDash.AddToSpeedScale,60000
0001_42,Steps,StepShortDash.MaxAcceleration,60000
0001_42,Steps,StepShortDash.BrakingDeceleration,30000
0001_42,Steps,StepShortDash.ElapsedTimeToOT,0.033333
0001_42,Steps,StepShortDash.Duration,0.333333
0001_42,Steps,StepShortDash.CoolTime,0.05
0001_42,Steps,StepShortDash.bIsStopClearSpeed,true
0001_42,Steps,StepShortDash.StopBrakingDeceleration,10000000
0001_42,Steps,StepShortDash.SpCost,2650
0001_42,Steps,StepCancelShortDash.AddToSpeedScale,60000
0001_42,Steps,StepCancelShortDash.MaxAcceleration,60000
0001_42,Steps,StepCancelShortDash.BrakingDeceleration,30000
0001_42,Steps,StepCancelShortDash.ElapsedTimeToOT,0.033333
0001_42,Steps,StepCancelShortDash.Duration,0.333333
0001_42,Steps,StepCancelShortDash.CoolTime,0.416667
0001_42,Steps,StepCancelShortDash.bIsStopClearSpeed,true
0001_42,Steps,StepCancelShortDash.StopBrakingDeceleration,10000000
0001_42,Steps,StepCancelShortDash.SpCost,1325
0001_42,DragonDash,SpCostIN,500
0001_42,DragonDash,SpCostLP,3920
0001_42,DragonDash,SpCostBK,5200
0001_42,DragonDash,HighSpeedSpCostLP,4900
0001_42,ZBurstDash,SpCostIN,10000
0001_42,ZBurstDash,SpCostLP,11000
0001_42,ZBurstDash,BurstSmashSpCostLP,3500
0001_42,DashUpDown,SpCostUpIN,1000
0001_42,DashUpDown,SpCostUpLP,7840
0001_42,DashUpDown,SpCostDownIN,1000
0001_42,DashUpDown,SpCostDownLP,7840
0001_42,DragonHoming,SpCostIN,250
0001_42,DragonHoming,SpCostLP,3500
0002_30,Character,AbilityFlag.SparkingArmor,false
0002_30,Character,AbilityFlag.AutoReflect,false
0002_30,Character,AbilityFlag.bCanHighSpeedMove,false
0002_30,Character,AbilityFlag.bCanSuperHighSpeedMove,false
0002_30,Character,ActionFlag.DragonTornado,true
0002_30,Character,ActionFlag.HeavyCrash,true
0002_30,Character,ActionFlag.DawnThrow,true
0002_30,Character,ActionFlag.CannonCombo,true
0002_30,Character,ActionFlag.PowerPress,true
0002_30,Character,ActionFlag.TriAttack,true
0002_30,Character,ChaseChangeBlastSlot,EKoratBlastSlotType::BlastSkill1
0002_30,Numeric,Life,40000
0002_30,Numeric,DamageRate,1.1
0002_30,Numeric,SPAutoRecoverySpeed,1750
0002_30,Numeric,SPAutoRecoverySpeedScaleUnderOneGauge,1.3
0002_30,Numeric,SPChargeSpeed,7
0002_30,Numeric,SPChargeSpeedUnderAutoRecoveryLimit,10.5
0002_30,Numeric,SparkingModeGaugeDecreaseSpeed,2800
0002_30,Numeric,BlastStock,6
0002_30,Numeric,AttackChargeSpeedsBySmashLevel[0],3
0002_30,Numeric,AttackChargeSpeedsBySmashLevel[1],5.4
0002_30,Numeric,AttackChargeSpeedsBySmashLevel[2],7.5
0002_30,Numeric,PursuitBaseLimit,2
0002_30,Numeric,PursuitLimitDragonHoming,0
0002_30,Numeric,PursuitLimitVanishingAttack,0
0002_30,Numeric,PursuitBaseLimitAddAtSparking,2
0002_30,Numeric,PursuitLimitDragonHomingAddAtSparking,0
0002_30,Numeric,PursuitLimitVanishingAttackAddAtSparking,0
0002_30,Numeric,PursuitLimitLightningAttackAddAtSparking,0
0002_30,Numeric,IdealPositionMidAirKick,45
0002_30,Numeric,ReactionSplitHighBorder,0.6
0002_30,Numeric,ReactionSplitMidBorder,0.4
0002_30,Numeric,ReactionSplitLowBorder,0.2
0002_30,Numeric,BulletNum,6
0002_30,Numeric,JumpBulletNum,3
0002_30,Numeric,RushBulletLimit,6
0002_30,Numeric,SmashBulletLimit,1
0002_30,Numeric,RepelSkillGaugeGainRate,1.2
0002_30,Numeric,AttackBreakSkillGaugeGain,0.15
0002_30,Numeric,FastAvoidSkillGaugeGain,0.05
0002_30,Numeric,ThrowBreakSkillGaugeGain,0.1
0002_30,Numeric,BackAttackedSkillGaugeGain,0.03
0002_30,Numeric,LastOneHPSkillGaugeGain,1
0002_30,Numeric,ImpactStartSkillGaugeGain,1
0002_30,Numeric,RushOffsetSkillGaugeGain,0.05
0002_30,Numeric,CollisionOffsetSkillGaugeGain,0.5
0002_30,Numeric,DragonHomingChangeTrajectorySkillGaugeGain,0.1
0002_30,Numeric,BurstSmashGaugeGain,0.1
0002_30,Steps,StepShortDash.AddToSpeedScale,60000
0002_30,Steps,StepShortDash.MaxAcceleration,60000
0002_30,Steps,StepShortDash.BrakingDeceleration,30000
0002_30,Steps,StepShortDash.ElapsedTimeToOT,0.033333
0002_30,Steps,StepShortDash.Duration,0.333333
0002_30,Steps,StepShortDash.CoolTime,0.05
0002_30,Steps,StepShortDash.bIsStopClearSpeed,true
0002_30,Steps,StepShortDash.StopBrakingDeceleration,10000000
0002_30,Steps,StepShortDash.SpCost,2650
0002_30,Steps,StepCancelShortDash.AddToSpeedScale,60000
0002_30,Steps,StepCancelShortDash.MaxAcceleration,60000
0002_30,Steps,StepCancelShortDash.BrakingDeceleration,30000
0002_30,Steps,StepCancelShortDash.ElapsedTimeToOT,0.033333
0002_30,Steps,StepCancelShortDash.Duration,0.333333
0002_30,Steps,StepCancelShortDash.CoolTime,0.416667
0002_30,Steps,StepCancelShortDash.bIsStopClearSpeed,true
0002_30,Steps,StepCancelShortDash.StopBrakingDeceleration,10000000
0002_30,Steps,StepCancelShortDash.SpCost,1325
0002_30,DragonDash,SpCostIN,500
0002_30,DragonDash,SpCostLP,3920
0002_30,DragonDash,SpCostBK,5200
0002_30,DragonDash,HighSpeedSpCostLP,4900
0002_30,ZBurstDash,SpCostIN,10000
0002_30,ZBurstDash,SpCostLP,11000
0002_30,ZBurstDash,BurstSmashSpCostLP,3500
0002_30,DashUpDown,SpCostUpIN,1000
0002_30,DashUpDown,SpCostUpLP,7840
0002_30,DashUpDown,SpCostDownIN,1000
0002_30,DashUpDown,SpCostDownLP,7840
0002_30,DragonHoming,SpCostIN,250
0002_30,DragonHoming,SpCostLP,3500
0002_31,Character,DestroyedPower,6
0002_31,Character,AbilityFlag.SparkingArmor,false
0002_31,Character,AbilityFlag.AutoReflect,false
0002_31,Character,AbilityFlag.bCanHighSpeedMove,false
0002_31,Character,AbilityFlag.bCanSuperHighSpeedMove,false
0002_31,Character,ActionFlag.DragonTornado,true
0002_31,Character,ActionFlag.HeavyCrash,true
0002_31,Character,ActionFlag.DawnThrow,true
0002_31,Character,ActionFlag.CannonCombo,true
0002_31,Character,ActionFlag.PowerPress,true
0002_31,Character,ActionFlag.TriAttack,true
0002_31,Character,ChaseChangeBlastSlot,EKoratBlastSlotType::BlastSkill1
0002_31,Numeric,Life,40000
0002_31,Numeric,DamageRate,1.1
0002_31,Numeric,SPAutoRecoverySpeed,1500
0002_31,Numeric,SPAutoRecoverySpeedScaleUnderOneGauge,1.3
0002_31,Numeric,SPChargeSpeed,8
0002_31,Numeric,SPChargeSpeedUnderAutoRecoveryLimit,12
0002_31,Numeric,SparkingModeGaugeDecreaseSpeed,2800
0002_31,Numeric,BlastStock,6
0002_31,Numeric,AttackChargeSpeedsBySmashLevel[0],3
0002_31,Numeric,AttackChargeSpeedsBySmashLevel[1],5.4
0002_31,Numeric,AttackChargeSpeedsBySmashLevel[2],7.5
0002_31,Numeric,PursuitBaseLimit,2
0002_31,Numeric,PursuitLimitDragonHoming,0
0002_31,Numeric,PursuitLimitVanishingAttack,0
0002_31,Numeric,PursuitBaseLimitAddAtSparking,2
0002_31,Numeric,PursuitLimitDragonHomingAddAtSparking,0
0002_31,Numeric,PursuitLimitVanishingAttackAddAtSparking,0
0002_31,Numeric,PursuitLimitLightningAttackAddAtSparking,0
0002_31,Numeric,IdealPositionMidAirKick,45
0002_31,Numeric,ReactionSplitHighBorder,0.6
0002_31,Numeric,ReactionSplitMidBorder,0.4
0002_31,Numeric,ReactionSplitLowBorder,0.2
0002_31,Numeric,BulletNum,7
0002_31,Numeric,JumpBulletNum,7
0002_31,Numeric,JumpBulletSetNum,1
0002_31,Numeric,RushBulletLimit,7
0002_31,Numeric,SmashBulletLimit,1
0002_31,Numeric,RepelSkillGaugeGainRate,1.2
0002_31,Numeric,AttackBreakSkillGaugeGain,0.15
0002_31,Numeric,FastAvoidSkillGaugeGain,0.05
0002_31,Numeric,ThrowBreakSkillGaugeGain,0.1
0002_31,Numeric,BackAttackedSkillGaugeGain,0.03
0002_31,Numeric,LastOneHPSkillGaugeGain,1
0002_31,Numeric,ImpactStartSkillGaugeGain,1
0002_31,Numeric,RushOffsetSkillGaugeGain,0.05
0002_31,Numeric,CollisionOffsetSkillGaugeGain,0.5
0002_31,Numeric,DragonHomingChangeTrajectorySkillGaugeGain,0.1
0002_31,Numeric,BurstSmashGaugeGain,0.1
0002_31,Numeric,ExParam,1
0002_31,Steps,StepShortDash.AddToSpeedScale,60000
0002_31,Steps,StepShortDash.MaxAcceleration,60000
0002_31,Steps,StepShortDash.BrakingDeceleration,30000
0002_31,Steps,StepShortDash.ElapsedTimeToOT,0.033333
0002_31,Steps,StepShortDash.Duration,0.333333
0002_31,Steps,StepShortDash.CoolTime,0.05
0002_31,Steps,StepShortDash.bIsStopClearSpeed,true
0002_31,Steps,StepShortDash.StopBrakingDeceleration,10000000
0002_31,Steps,StepShortDash.SpCost,2650
0002_31,Steps,StepCancelShortDash.AddToSpeedScale,60000
0002_31,Steps,StepCancelShortDash.MaxAcceleration,60000
0002_31,Steps,StepCancelShortDash.BrakingDeceleration,30000
0002_31,Steps,StepCancelShortDash.ElapsedTimeToOT,0.033333
0002_31,Steps,StepCancelShortDash.Duration,0.333333
0002_31,Steps,StepCancelShortDash.CoolTime,0.416667
0002_31,Steps,StepCancelShortDash.bIsStopClearSpeed,true
0002_31,Steps,StepCancelShortDash.StopBrakingDeceleration,10000000
0002_31,Steps,StepCancelShortDash.SpCost,1325
0002_31,DragonDash,SpCostIN,500
0002_31,DragonDash,SpCostLP,3920
0002_31,DragonDash,SpCostBK,5200
0002_31,DragonDash,HighSpeedSpCostLP,4900
0002_31,ZBurstDash,SpCostIN,10000
0002_31,ZBurstDash,SpCostLP,11000
0002_31,ZBurstDash,BurstSmashSpCostLP,3500
0002_31,DashUpDown,SpCostUpIN,1000
0002_31,DashUpDown,SpCostUpLP,7840
0002_31,DashUpDown,SpCostDownIN,1000
0002_31,DashUpDown,SpCostDownLP,7840
0002_31,DragonHoming,SpCostIN,250
0002_31,DragonHoming,SpCostLP,3500
0002_32,Character,DestroyedPower,7
0002_32,Character,AbilityFlag.SparkingArmor,false
0002_32,Character,AbilityFlag.bCanHighSpeedMove,false
0002_32,Character,AbilityFlag.bCanSuperHighSpeedMove,false
0002_32,Character,ActionFlag.DragonTornado,true
0002_32,Character,ActionFlag.HeavyCrash,true
0002_32,Character,ActionFlag.CannonCombo,true
0002_32,Character,ActionFlag.PowerPress,true
0002_32,Character,ActionFlag.TriAttack,true
0002_32,Character,ChaseChangeBlastSlot,EKoratBlastSlotType::BlastSkill1
0002_32,Numeric,Life,40000
0002_32,Numeric,DamageRate,1.1
0002_32,Numeric,InitialSP,10000
0002_32,Numeric,SPAutoRecoverySpeed,1500
0002_32,Numeric,SPAutoRecoverySpeedScaleUnderOneGauge,1.3
0002_32,Numeric,SPChargeSpeed,8
0002_32,Numeric,SPChargeSpeedUnderAutoRecoveryLimit,12
0002_32,Numeric,SparkingModeGaugeDecreaseSpeed,2800
0002_32,Numeric,BlastStock,6
0002_32,Numeric,AttackChargeSpeedsBySmashLevel[0],3
0002_32,Numeric,AttackChargeSpeedsBySmashLevel[1],5.4
0002_32,Numeric,AttackChargeSpeedsBySmashLevel[2],7.5
0002_32,Numeric,PursuitBaseLimit,2
0002_32,Numeric,PursuitLimitDragonHoming,0
0002_32,Numeric,PursuitLimitVanishingAttack,0
0002_32,Numeric,PursuitBaseLimitAddAtSparking,2
0002_32,Numeric,PursuitLimitDragonHomingAddAtSparking,0
0002_32,Numeric,PursuitLimitVanishingAttackAddAtSparking,0
0002_32,Numeric,PursuitLimitLightningAttackAddAtSparking,0
0002_32,Numeric,IdealPositionMidAirKick,45
0002_32,Numeric,ReactionSplitHighBorder,0.6
0002_32,Numeric,ReactionSplitMidBorder,0.4
0002_32,Numeric,ReactionSplitLowBorder,0.2
0002_32,Numeric,BulletNum,8
0002_32,Numeric,JumpBulletNum,7
0002_32,Numeric,JumpBulletSetNum,1
0002_32,Numeric,DashBulletNum,5
0002_32,Numeric,RushBulletLimit,8
0002_32,Numeric,SmashBulletLimit,1
0002_32,Numeric,RepelSkillGaugeGainRate,1.2
0002_32,Numeric,AttackBreakSkillGaugeGain,0.15
0002_32,Numeric,FastAvoidSkillGaugeGain,0.05
0002_32,Numeric,ThrowBreakSkillGaugeGain,0.1
0002_32,Numeric,BackAttackedSkillGaugeGain,0.03
0002_32,Numeric,LastOneHPSkillGaugeGain,1
0002_32,Numeric,ImpactStartSkillGaugeGain,1
0002_32,Numeric,RushOffsetSkillGaugeGain,0.05
0002_32,Numeric,CollisionOffsetSkillGaugeGain,0.5
0002_32,Numeric,DragonHomingChangeTrajectorySkillGaugeGain,0.1
0002_32,Numeric,BurstSmashGaugeGain,0.1
0002_32,Numeric,ExParam,1
0002_32,Steps,StepShortDash.AddToSpeedScale,60000
0002_32,Steps,StepShortDash.MaxAcceleration,60000
0002_32,Steps,StepShortDash.BrakingDeceleration,30000
0002_32,Steps,StepShortDash.ElapsedTimeToOT,0.033333
0002_32,Steps,StepShortDash.Duration,0.333333
0002_32,Steps,StepShortDash.CoolTime,0.05
0002_32,Steps,StepShortDash.bIsStopClearSpeed,true
0002_32,Steps,StepShortDash.StopBrakingDeceleration,10000000
0002_32,Steps,StepShortDash.SpCost,2650
0002_32,Steps,StepCancelShortDash.AddToSpeedScale,60000
0002_32,Steps,StepCancelShortDash.MaxAcceleration,60000
0002_32,Steps,StepCancelShortDash.BrakingDeceleration,30000
0002_32,Steps,StepCancelShortDash.ElapsedTimeToOT,0.033333
0002_32,Steps,StepCancelShortDash.Duration,0.333333
0002_32,Steps,StepCancelShortDash.CoolTime,0.416667
0002_32,Steps,StepCancelShortDash.bIsStopClearSpeed,true
0002_32,Steps,StepCancelShortDash.StopBrakingDeceleration,10000000
0002_32,Steps,StepCancelShortDash.SpCost,1325
0002_32,DragonDash,SpCostIN,500
0002_32,DragonDash,SpCostLP,3920
0002_32,DragonDash,SpCostBK,5200
0002_32,DragonDash,HighSpeedSpCostLP,4900
0002_32,ZBurstDash,SpCostIN,10000
0002_32,ZBurstDash,SpCostLP,11000
0002_32,ZBurstDash,BurstSmashSpCostLP,3500
0002_32,DashUpDown,SpCostUpIN,1000
0002_32,DashUpDown,SpCostUpLP,7840
0002_32,DashUpDown,SpCostDownIN,1000
0002_32,DashUpDown,SpCostDownLP,7840
0002_32,DragonHoming,SpCostIN,250
0002_32,DragonHoming,SpCostLP,3500
0002_50,Character,DestroyedPower,3
0002_50,Character,AbilityFlag.SparkingArmor,false
0002_50,Character,AbilityFlag.AutoReflect,false
0002_50,Character,AbilityFlag.bCanFly,false
0002_50,Character,AbilityFlag.bCanHighSpeedMove,false
0002_50,Character,AbilityFlag.bCanSuperHighSpeedMove,false
0002_50,Character,ActionFlag.DragonTornado,true
0002_50,Character,ActionFlag.DawnThrow,true
0002_50,Character,ActionFlag.CannonCombo,true
0002_50,Character,ActionFlag.PowerPress,true
0002_50,Character,ActionFlag.TriAttack,true
0002_50,Character,ActionFlag.DeltaStorm,true
0002_50,Character,ChaseChangeBlastSlot,EKoratBlastSlotType::BlastSkill1
0002_50,Character,HPTriggerBuff[0].TriggerHP,10000
0002_50,Numeric,Life,35000
0002_50,Numeric,DamageRate,1.1
0002_50,Numeric,InitialSP,10000
0002_50,Numeric,SPAutoRecoverySpeed,1750
0002_50,Numeric,SPAutoRecoverySpeedScaleUnderOneGauge,1.3
0002_50,Numeric,SPChargeSpeed,7
0002_50,Numeric,SPChargeSpeedUnderAutoRecoveryLimit,10.5
0002_50,Numeric,SparkingModeGaugeDecreaseSpeed,2800
0002_50,Numeric,StunReactionRecoverySpeedScale,1.3
0002_50,Numeric,StunReactionInputRecoverySpeedScale,1.3
0002_50,Numeric,LimitBoostRecoverySpeedScale,1.3
0002_50,Numeric,LimitBoostInputRecoverySpeedScale,1.3
0002_50,Numeric,BlastStock,4
0002_50,Numeric,InitialBlastStock,2
0002_50,Numeric,AttackChargeSpeedsBySmashLevel[0],3
0002_50,Numeric,AttackChargeSpeedsBySmashLevel[1],5.4
0002_50,Numeric,AttackChargeSpeedsBySmashLevel[2],7.5
0002_50,Numeric,PursuitBaseLimit,2
0002_50,Numeric,PursuitLimitDragonHoming,0
0002_50,Numeric,PursuitLimitVanishingAttack,0
0002_50,Numeric,PursuitBaseLimitAddAtSparking,2
0002_50,Numeric,PursuitLimitDragonHomingAddAtSparking,0
0002_50,Numeric,PursuitLimitVanishingAttackAddAtSparking,0
0002_50,Numeric,PursuitLimitLightningAttackAddAtSparking,0
0002_50,Numeric,IdealPositionMidAirKick,45
0002_50,Numeric,ReactionSplitHighBorder,0.6
0002_50,Numeric,ReactionSplitMidBorder,0.4
0002_50,Numeric,ReactionSplitLowBorder,0.2
0002_50,Numeric,BulletNum,4
0002_50,Numeric,JumpBulletSetNum,1
0002_50,Numeric,DashBulletNum,3
0002_50,Numeric,RushBulletLimit,4
0002_50,Numeric,SmashBulletLimit,1
0002_50,Numeric,RepelSkillGaugeGainRate,1.6
0002_50,Numeric,AttackBreakSkillGaugeGain,0.15
0002_50,Numeric,FastAvoidSkillGaugeGain,0.05
0002_50,Numeric,ThrowBreakSkillGaugeGain,0.1
0002_50,Numeric,BackAttackedSkillGaugeGain,0.03
0002_50,Numeric,LastOneHPSkillGaugeGain,1
0002_50,Numeric,ImpactStartSkillGaugeGain,1
0002_50,Numeric,RushOffsetSkillGaugeGain,0.05
0002_50,Numeric,CollisionOffsetSkillGaugeGain,0.5
0002_50,Numeric,DragonHomingChangeTrajectorySkillGaugeGain,0.1
0002_50,Numeric,BurstSmashGaugeGain,0.1
0002_50,Steps,StepShortDash.AddToSpeedScale,60000
0002_50,Steps,StepShortDash.MaxAcceleration,60000
0002_50,Steps,StepShortDash.BrakingDeceleration,30000
0002_50,Steps,StepShortDash.ElapsedTimeToOT,0.033333
0002_50,Steps,StepShortDash.Duration,0.333333
0002_50,Steps,StepShortDash.CoolTime,0.05
0002_50,Steps,StepShortDash.bIsStopClearSpeed,true
0002_50,Steps,StepShortDash.StopBrakingDeceleration,10000000
0002_50,Steps,StepShortDash.SpCost,2650
0002_50,Steps,StepCancelShortDash.AddToSpeedScale,60000
0002_50,Steps,StepCancelShortDash.MaxAcceleration,60000
0002_50,Steps,StepCancelShortDash.BrakingDeceleration,30000
0002_50,Steps,StepCancelShortDash.ElapsedTimeToOT,0.033333
0002_50,Steps,StepCancelShortDash.Duration,0.333333
0002_50,Steps,StepCancelShortDash.CoolTime,0.416667
0002_50,Steps,StepCancelShortDash.bIsStopClearSpeed,true
0002_50,Steps,StepCancelShortDash.StopBrakingDeceleration,10000000
0002_50,Steps,StepCancelShortDash.SpCost,1325
0002_50,DragonDash,SpCostIN,500
0002_50,DragonDash,SpCostLP,3920
0002_50,DragonDash,SpCostBK,4400
0002_50,DragonDash,HighSpeedSpCostLP,4200
0002_50,ZBurstDash,SpCostIN,10000
0002_50,ZBurstDash,SpCostLP,11000
0002_50,ZBurstDash,BurstSmashSpCostLP,3500
0002_50,DashUpDown,SpCostUpIN,1000
0002_50,DashUpDown,SpCostUpLP,7840
0002_50,DashUpDown,SpCostDownIN,1000
0002_50,DashUpDown,SpCostDownLP,7840
0002_50,DragonHoming,SpCostIN,250
0002_50,DragonHoming,SpCostLP,3500
0020_00,Character,DestroyedPower,4
0020_00,Character,AbilityFlag.SparkingArmor,false
0020_00,Character,AbilityFlag.AutoReflect,false
0020_00,Character,AbilityFlag.bCanHighSpeedMove,false
0020_00,Character,AbilityFlag.bCanSuperHighSpeedMove,false
0020_00,Character,ActionFlag.CannonCombo,true
0020_00,Character,ActionFlag.PowerPress,true
0020_00,Character,ActionFlag.TriAttack,true
0020_00,Character,ActionFlag.AirRush,true
0020_00,Character,ActionFlag.DeltaStorm,true
0020_00,Character,ChaseChangeBlastSlot,EKoratBlastSlotType::BlastSkill1
0020_00,Numeric,Life,40000
0020_00,Numeric,SPAutoRecoverySpeed,1750
0020_00,Numeric,SPAutoRecoverySpeedScaleUnderOneGauge,1.3
0020_00,Numeric,SPChargeSpeed,7
0020_00,Numeric,SPChargeSpeedUnderAutoRecoveryLimit,10.5
0020_00,Numeric,SparkingModeGaugeDecreaseSpeed,2800
0020_00,Numeric,AttackChargeSpeedsBySmashLevel[0],3
0020_00,Numeric,AttackChargeSpeedsBySmashLevel[1],5.4
0020_00,Numeric,AttackChargeSpeedsBySmashLevel[2],7.5
0020_00,Numeric,PursuitBaseLimit,2
0020_00,Numeric,PursuitLimitDragonHoming,0
0020_00,Numeric,PursuitLimitVanishingAttack,0
0020_00,Numeric,PursuitBaseLimitAddAtSparking,2
0020_00,Numeric,PursuitLimitDragonHomingAddAtSparking,0
0020_00,Numeric,PursuitLimitVanishingAttackAddAtSparking,0
0020_00,Numeric,PursuitLimitLightningAttackAddAtSparking,0
0020_00,Numeric,IdealPositionMidAirKick,66
0020_00,Numeric,ReactionSplitHighBorder,0.6
0020_00,Numeric,ReactionSplitMidBorder,0.4
0020_00,Numeric,ReactionSplitLowBorder,0.2
0020_00,Numeric,BulletNum,999
0020_00,Numeric,JumpBulletNum,5
0020_00,Numeric,DashBulletNum,8
0020_00,Numeric,SmashBulletLimit,1
0020_00,Numeric,RepelSkillGaugeGainRate,1.1
0020_00,Numeric,AttackBreakSkillGaugeGain,0.15
0020_00,Numeric,FastAvoidSkillGaugeGain,0.05
0020_00,Numeric,ThrowBreakSkillGaugeGain,0.1
0020_00,Numeric,BackAttackedSkillGaugeGain,0.03
0020_00,Numeric,LastOneHPSkillGaugeGain,1
0020_00,Numeric,ImpactStartSkillGaugeGain,1
0020_00,Numeric,RushOffsetSkillGaugeGain,0.05
0020_00,Numeric,CollisionOffsetSkillGaugeGain,0.5
0020_00,Numeric,DragonHomingChangeTrajectorySkillGaugeGain,0.1
0020_00,Numeric,BurstSmashGaugeGain,0.1
0020_00,Numeric,ExParam,12
0020_00,Steps,StepShortDash.AddToSpeedScale,60000
0020_00,Steps,StepShortDash.MaxAcceleration,60000
0020_00,Steps,StepShortDash.BrakingDeceleration,30000
0020_00,Steps,StepShortDash.ElapsedTimeToOT,0.033333
0020_00,Steps,StepShortDash.Duration,0.333333
0020_00,Steps,StepShortDash.CoolTime,0.05
0020_00,Steps,StepShortDash.bIsStopClearSpeed,true
0020_00,Steps,StepShortDash.StopBrakingDeceleration,10000000
0020_00,Steps,StepShortDash.SpCost,2650
0020_00,Steps,StepCancelShortDash.AddToSpeedScale,60000
0020_00,Steps,StepCancelShortDash.MaxAcceleration,60000
0020_00,Steps,StepCancelShortDash.BrakingDeceleration,30000
0020_00,Steps,StepCancelShortDash.ElapsedTimeToOT,0.033333
0020_00,Steps,StepCancelShortDash.Duration,0.333333
0020_00,Steps,StepCancelShortDash.CoolTime,0.416667
0020_00,Steps,StepCancelShortDash.bIsStopClearSpeed,true
0020_00,Steps,StepCancelShortDash.StopBrakingDeceleration,10000000
0020_00,Steps,StepCancelShortDash.SpCost,1325
0020_00,DragonDash,SpCostIN,500
0020_00,DragonDash,SpCostLP,3920
0020_00,DragonDash,SpCostBK,5200
0020_00,DragonDash,HighSpeedSpCostLP,4900
0020_00,ZBurstDash,SpCostIN,10000
0020_00,ZBurstDash,SpCostLP,11000
0020_00,ZBurstDash,BurstSmashSpCostLP,3500
0020_00,DashUpDown,SpCostUpIN,1000
0020_00,DashUpDown,SpCostUpLP,7840
0020_00,DashUpDown,SpCostDownIN,1000
0020_00,DashUpDown,SpCostDownLP,7840
0020_00,DragonHoming,SpCostIN,250
0020_00,DragonHoming,SpCostLP,3500
0020_10,Character,AbilityFlag.SparkingArmor,false
0020_10,Character,AbilityFlag.AutoReflect,false
0020_10,Character,AbilityFlag.bCanHighSpeedMove,false
0020_10,Character,AbilityFlag.bCanSuperHighSpeedMove,false
0020_10,Character,ActionFlag.HeavyCrash,true
0020_10,Character,ActionFlag.PowerPress,true
0020_10,Character,ActionFlag.TriAttack,true
0020_10,Character,ActionFlag.AirRush,true
0020_10,Character,ChaseChangeBlastSlot,EKoratBlastSlotType::BlastSkill2
0020_10,Numeric,Life,40000
0020_10,Numeric,SPAutoRecoverySpeed,1750
0020_10,Numeric,SPAutoRecoverySpeedScaleUnderOneGauge,1.3
0020_10,Numeric,SPChargeSpeed,7
0020_10,Numeric,SPChargeSpeedUnderAutoRecoveryLimit,10.5
0020_10,Numeric,SparkingModeGaugeDecreaseSpeed,2800
0020_10,Numeric,BlastStock,4
0020_10,Numeric,AttackChargeSpeedsBySmashLevel[0],3
0020_10,Numeric,AttackChargeSpeedsBySmashLevel[1],5.4
0020_10,Numeric,AttackChargeSpeedsBySmashLevel[2],7.5
0020_10,Numeric,PursuitBaseLimit,2
0020_10,Numeric,PursuitLimitDragonHoming,0
0020_10,Numeric,PursuitLimitVanishingAttack,0
0020_10,Numeric,PursuitBaseLimitAddAtSparking,2
0020_10,Numeric,PursuitLimitDragonHomingAddAtSparking,0
0020_10,Numeric,PursuitLimitVanishingAttackAddAtSparking,0
0020_10,Numeric,PursuitLimitLightningAttackAddAtSparking,0
0020_10,Numeric,IdealPositionMidAirKick,66
0020_10,Numeric,ReactionSplitHighBorder,0.6
0020_10,Numeric,ReactionSplitMidBorder,0.4
0020_10,Numeric,ReactionSplitLowBorder,0.2
0020_10,Numeric,BulletNum,999
0020_10,Numeric,JumpBulletNum,5
0020_10,Numeric,DashBulletNum,8
0020_10,Numeric,SmashBulletLimit,1
0020_10,Numeric,AttackBreakSkillGaugeGain,0.15
0020_10,Numeric,FastAvoidSkillGaugeGain,0.05
0020_10,Numeric,ThrowBreakSkillGaugeGain,0.1
0020_10,Numeric,BackAttackedSkillGaugeGain,0.03
0020_10,Numeric,LastOneHPSkillGaugeGain,1
0020_10,Numeric,ImpactStartSkillGaugeGain,1
0020_10,Numeric,RushOffsetSkillGaugeGain,0.05
0020_10,Numeric,CollisionOffsetSkillGaugeGain,0.5
0020_10,Numeric,DragonHomingChangeTrajectorySkillGaugeGain,0.1
0020_10,Numeric,BurstSmashGaugeGain,0.1
0020_10,Numeric,ExParam,8
0020_10,Steps,StepShortDash.AddToSpeedScale,60000
0020_10,Steps,StepShortDash.MaxAcceleration,60000
0020_10,Steps,StepShortDash.BrakingDeceleration,30000
0020_10,Steps,StepShortDash.ElapsedTimeToOT,0.033333
0020_10,Steps,StepShortDash.Duration,0.333333
0020_10,Steps,StepShortDash.CoolTime,0.05
0020_10,Steps,StepShortDash.bIsStopClearSpeed,true
0020_10,Steps,StepShortDash.StopBrakingDeceleration,10000000
0020_10,Steps,StepShortDash.SpCost,2650
0020_10,Steps,StepCancelShortDash.AddToSpeedScale,60000
0020_10,Steps,StepCancelShortDash.MaxAcceleration,60000
0020_10,Steps,StepCancelShortDash.BrakingDeceleration,30000
0020_10,Steps,StepCancelShortDash.ElapsedTimeToOT,0.033333
0020_10,Steps,StepCancelShortDash.Duration,0.333333
0020_10,Steps,StepCancelShortDash.CoolTime,0.416667
0020_10,Steps,StepCancelShortDash.bIsStopClearSpeed,true
0020_10,Steps,StepCancelShortDash.StopBrakingDeceleration,10000000
0020_10,Steps,StepCancelShortDash.SpCost,1325
0020_10,DragonDash,SpCostIN,500
0020_10,DragonDash,SpCostLP,3920
0020_10,DragonDash,SpCostBK,5200
0020_10,DragonDash,HighSpeedSpCostLP,4900
0020_10,ZBurstDash,SpCostIN,10000
0020_10,ZBurstDash,SpCostLP,11000
0020_10,ZBurstDash,BurstSmashSpCostLP,3500
0020_10,DashUpDown,SpCostUpIN,1000
0020_10,DashUpDown,SpCostUpLP,7840
0020_10,DashUpDown,SpCostDownIN,1000
0020_10,DashUpDown,SpCostDownLP,7840
0020_10,DragonHoming,SpCostIN,250
0020_10,DragonHoming,SpCostLP,3500
0020_11,Character,DestroyedPower,6
0020_11,Character,AbilityFlag.SparkingArmor,false
0020_11,Character,AbilityFlag.AutoReflect,false
0020_11,Character,AbilityFlag.bCanHighSpeedMove,false
0020_11,Character,AbilityFlag.bCanSuperHighSpeedMove,false
0020_11,Character,ActionFlag.HeavyCrash,true
0020_11,Character,ActionFlag.PowerPress,true
0020_11,Character,ActionFlag.TriAttack,true
0020_11,Character,ActionFlag.AirRush,true
0020_11,Character,ChaseChangeBlastSlot,EKoratBlastSlotType::BlastSkill1
0020_11,Numeric,Life,40000
0020_11,Numeric,SPAutoRecoverySpeed,1500
0020_11,Numeric,SPAutoRecoverySpeedScaleUnderOneGauge,1.3
0020_11,Numeric,SPChargeSpeed,8
0020_11,Numeric,SPChargeSpeedUnderAutoRecoveryLimit,12
0020_11,Numeric,SparkingModeGaugeDecreaseSpeed,2800
0020_11,Numeric,BlastStock,4
0020_11,Numeric,AttackChargeSpeedsBySmashLevel[0],3
0020_11,Numeric,AttackChargeSpeedsBySmashLevel[1],5.4
0020_11,Numeric,AttackChargeSpeedsBySmashLevel[2],7.5
0020_11,Numeric,PursuitBaseLimit,2
0020_11,Numeric,PursuitLimitDragonHoming,0
0020_11,Numeric,PursuitLimitVanishingAttack,0
0020_11,Numeric,PursuitBaseLimitAddAtSparking,2
0020_11,Numeric,PursuitLimitDragonHomingAddAtSparking,0
0020_11,Numeric,PursuitLimitVanishingAttackAddAtSparking,0
0020_11,Numeric,PursuitLimitLightningAttackAddAtSparking,0
0020_11,Numeric,IdealPositionMidAirKick,66
0020_11,Numeric,ReactionSplitHighBorder,0.6
0020_11,Numeric,ReactionSplitMidBorder,0.4
0020_11,Numeric,ReactionSplitLowBorder,0.2
0020_11,Numeric,BulletNum,999
0020_11,Numeric,JumpBulletNum,5
0020_11,Numeric,DashBulletNum,8
0020_11,Numeric,SmashBulletLimit,1
0020_11,Numeric,AttackBreakSkillGaugeGain,0.15
0020_11,Numeric,FastAvoidSkillGaugeGain,0.05
0020_11,Numeric,ThrowBreakSkillGaugeGain,0.1
0020_11,Numeric,BackAttackedSkillGaugeGain,0.03
0020_11,Numeric,LastOneHPSkillGaugeGain,1
0020_11,Numeric,ImpactStartSkillGaugeGain,1
0020_11,Numeric,RushOffsetSkillGaugeGain,0.05
0020_11,Numeric,CollisionOffsetSkillGaugeGain,0.5
0020_11,Numeric,DragonHomingChangeTrajectorySkillGaugeGain,0.1
0020_11,Numeric,BurstSmashGaugeGain,0.1
0020_11,Numeric,ExParam,10
0020_11,Steps,StepShortDash.AddToSpeedScale,60000
0020_11,Steps,StepShortDash.MaxAcceleration,60000
0020_11,Steps,StepShortDash.BrakingDeceleration,30000
0020_11,Steps,StepShortDash.ElapsedTimeToOT,0.033333
0020_11,Steps,StepShortDash.Duration,0.333333
0020_11,Steps,StepShortDash.CoolTime,0.05
0020_11,Steps,StepShortDash.bIsStopClearSpeed,true
0020_11,Steps,StepShortDash.StopBrakingDeceleration,10000000
0020_11,Steps,StepShortDash.SpCost,2650
0020_11,Steps,StepCancelShortDash.AddToSpeedScale,60000
0020_11,Steps,StepCancelShortDash.MaxAcceleration,60000
0020_11,Steps,StepCancelShortDash.BrakingDeceleration,30000
0020_11,Steps,StepCancelShortDash.ElapsedTimeToOT,0.033333
0020_11,Steps,StepCancelShortDash.Duration,0.333333
0020_11,Steps,StepCancelShortDash.CoolTime,0.416667
0020_11,Steps,StepCancelShortDash.bIsStopClearSpeed,true
0020_11,Steps,StepCancelShortDash.StopBrakingDeceleration,10000000
0020_11,Steps,StepCancelShortDash.SpCost,1325
0020_11,DragonDash,SpCostIN,500
0020_11,DragonDash,SpCostLP,3920
0020_11,DragonDash,SpCostBK,5200
0020_11,DragonDash,HighSpeedSpCostLP,4900
0020_11,ZBurstDash,SpCostIN,10000
0020_11,ZBurstDash,SpCostLP,11000
0020_11,ZBurstDash,BurstSmashSpCostLP,3500
0020_11,DashUpDown,SpCostUpIN,1000
0020_11,DashUpDown,SpCostUpLP,7840
0020_11,DashUpDown,SpCostDownIN,1000
0020_11,DashUpDown,SpCostDownLP,7840
0020_11,DragonHoming,SpCostIN,250
0020_11,DragonHoming,SpCostLP,3500
0020_30,Character,AbilityFlag.SparkingArmor,false
0020_30,Character,AbilityFlag.AutoReflect,false
0020_30,Character,AbilityFlag.bCanHighSpeedMove,false
0020_30,Character,AbilityFlag.bCanSuperHighSpeedMove,false
0020_30,Character,ActionFlag.HeavyCrash,true
0020_30,Character,ActionFlag.PowerPress,true
0020_30,Character,ActionFlag.TriAttack,true
0020_30,Character,ActionFlag.AirRush,true
0020_30,Character,ChaseChangeBlastSlot,EKoratBlastSlotType::BlastSkill2
0020_30,Numeric,Life,40000
0020_30,Numeric,SPAutoRecoverySpeed,1750
0020_30,Numeric,SPAutoRecoverySpeedScaleUnderOneGauge,1.3
0020_30,Numeric,SPChargeSpeed,7
0020_30,Numeric,SPChargeSpeedUnderAutoRecoveryLimit,10.5
0020_30,Numeric,SparkingModeGaugeDecreaseSpeed,2800
0020_30,Numeric,AttackChargeSpeedsBySmashLevel[0],3
0020_30,Numeric,AttackChargeSpeedsBySmashLevel[1],5.4
0020_30,Numeric,AttackChargeSpeedsBySmashLevel[2],7.5
0020_30,Numeric,PursuitBaseLimit,2
0020_30,Numeric,PursuitLimitDragonHoming,0
0020_30,Numeric,PursuitLimitVanishingAttack,0
0020_30,Numeric,PursuitBaseLimitAddAtSparking,2
0020_30,Numeric,PursuitLimitDragonHomingAddAtSparking,0
0020_30,Numeric,PursuitLimitVanishingAttackAddAtSparking,0
0020_30,Numeric,PursuitLimitLightningAttackAddAtSparking,0
0020_30,Numeric,IdealPositionMidAirKick,66
0020_30,Numeric,ReactionSplitHighBorder,0.6
0020_30,Numeric,ReactionSplitMidBorder,0.4
0020_30,Numeric,ReactionSplitLowBorder,0.2
0020_30,Numeric,BulletNum,999
0020_30,Numeric,JumpBulletNum,5
0020_30,Numeric,DashBulletNum,8
0020_30,Numeric,SmashBulletLimit,1
0020_30,Numeric,RepelSkillGaugeGainRate,1.1
0020_30,Numeric,AttackBreakSkillGaugeGain,0.15
0020_30,Numeric,FastAvoidSkillGaugeGain,0.05
0020_30,Numeric,ThrowBreakSkillGaugeGain,0.1
0020_30,Numeric,BackAttackedSkillGaugeGain,0.03
0020_30,Numeric,LastOneHPSkillGaugeGain,1
0020_30,Numeric,ImpactStartSkillGaugeGain,1
0020_30,Numeric,RushOffsetSkillGaugeGain,0.05
0020_30,Numeric,CollisionOffsetSkillGaugeGain,0.5
0020_30,Numeric,DragonHomingChangeTrajectorySkillGaugeGain,0.1
0020_30,Numeric,BurstSmashGaugeGain,0.1
0020_30,Numeric,ExParam,6
0020_30,Steps,StepShortDash.AddToSpeedScale,60000
0020_30,Steps,StepShortDash.MaxAcceleration,60000
0020_30,Steps,StepShortDash.BrakingDeceleration,30000
0020_30,Steps,StepShortDash.ElapsedTimeToOT,0.033333
0020_30,Steps,StepShortDash.Duration,0.333333
0020_30,Steps,StepShortDash.CoolTime,0.05
0020_30,Steps,StepShortDash.bIsStopClearSpeed,true
0020_30,Steps,StepShortDash.StopBrakingDeceleration,10000000
0020_30,Steps,StepShortDash.SpCost,2650
0020_30,Steps,StepCancelShortDash.AddToSpeedScale,60000
0020_30,Steps,StepCancelShortDash.MaxAcceleration,60000
0020_30,Steps,StepCancelShortDash.BrakingDeceleration,30000
0020_30,Steps,StepCancelShortDash.ElapsedTimeToOT,0.033333
0020_30,Steps,StepCancelShortDash.Duration,0.333333
0020_30,Steps,StepCancelShortDash.CoolTime,0.416667
0020_30,Steps,StepCancelShortDash.bIsStopClearSpeed,true
0020_30,Steps,StepCancelShortDash.StopBrakingDeceleration,10000000
0020_30,Steps,StepCancelShortDash.SpCost,1325
0020_30,DragonDash,SpCostIN,500
0020_30,DragonDash,SpCostLP,3920
0020_30,DragonDash,SpCostBK,5200
0020_30,DragonDash,HighSpeedSpCostLP,4900
0020_30,ZBurstDash,SpCostIN,10000
0020_30,ZBurstDash,SpCostLP,11000
0020_30,ZBurstDash,BurstSmashSpCostLP,3500
0020_30,DashUpDown,SpCostUpIN,1000
0020_30,DashUpDown,SpCostUpLP,7840
0020_30,DashUpDown,SpCostDownIN,1000
0020_30,DashUpDown,SpCostDownLP,7840
0020_30,DragonHoming,SpCostIN,250
0020_30,DragonHoming,SpCostLP,3500
0020_31,Character,DestroyedPower,6
0020_31,Character,AbilityFlag.SparkingArmor,false
0020_31,Character,AbilityFlag.AutoReflect,false
0020_31,Character,AbilityFlag.bCanHighSpeedMove,false
0020_31,Character,AbilityFlag.bCanSuperHighSpeedMove,false
0020_31,Character,ActionFlag.HeavyCrash,true
0020_31,Character,ActionFlag.PowerPress,true
0020_31,Character,ActionFlag.TriAttack,true
0020_31,Character,ActionFlag.AirRush,true
0020_31,Character,ChaseChangeBlastSlot,EKoratBlastSlotType::BlastSkill2
0020_31,Numeric,Life,40000
0020_31,Numeric,SPAutoRecoverySpeed,1500
0020_31,Numeric,SPAutoRecoverySpeedScaleUnderOneGauge,1.3
0020_31,Numeric,SPChargeSpeed,8
0020_31,Numeric,SPChargeSpeedUnderAutoRecoveryLimit,12
0020_31,Numeric,SparkingModeGaugeDecreaseSpeed,2800
0020_31,Numeric,AttackChargeSpeedsBySmashLevel[0],3
0020_31,Numeric,AttackChargeSpeedsBySmashLevel[1],5.4
0020_31,Numeric,AttackChargeSpeedsBySmashLevel[2],7.5
0020_31,Numeric,PursuitBaseLimit,2
0020_31,Numeric,PursuitLimitDragonHoming,0
0020_31,Numeric,PursuitLimitVanishingAttack,0
0020_31,Numeric,PursuitBaseLimitAddAtSparking,2
0020_31,Numeric,PursuitLimitDragonHomingAddAtSparking,0
0020_31,Numeric,PursuitLimitVanishingAttackAddAtSparking,0
0020_31,Numeric,PursuitLimitLightningAttackAddAtSparking,0
0020_31,Numeric,IdealPositionMidAirKick,66
0020_31,Numeric,ReactionSplitHighBorder,0.6
0020_31,Numeric,ReactionSplitMidBorder,0.4
0020_31,Numeric,ReactionSplitLowBorder,0.2
0020_31,Numeric,BulletNum,999
0020_31,Numeric,JumpBulletNum,5
0020_31,Numeric,DashBulletNum,8
0020_31,Numeric,SmashBulletLimit,1
0020_31,Numeric,RepelSkillGaugeGainRate,1.1
0020_31,Numeric,AttackBreakSkillGaugeGain,0.15
0020_31,Numeric,FastAvoidSkillGaugeGain,0.05
0020_31,Numeric,ThrowBreakSkillGaugeGain,0.1
0020_31,Numeric,BackAttackedSkillGaugeGain,0.03
0020_31,Numeric,LastOneHPSkillGaugeGain,1
0020_31,Numeric,ImpactStartSkillGaugeGain,1
0020_31,Numeric,RushOffsetSkillGaugeGain,0.05
0020_31,Numeric,CollisionOffsetSkillGaugeGain,0.5
0020_31,Numeric,DragonHomingChangeTrajectorySkillGaugeGain,0.1
0020_31,Numeric,BurstSmashGaugeGain,0.1
0020_31,Numeric,ExParam,8
0020_31,Steps,StepShortDash.AddToSpeedScale,60000
0020_31,Steps,StepShortDash.MaxAcceleration,60000
0020_31,Steps,StepShortDash.BrakingDeceleration,30000
0020_31,Steps,StepShortDash.ElapsedTimeToOT,0.033333
0020_31,Steps,StepShortDash.Duration,0.333333
0020_31,Steps,StepShortDash.CoolTime,0.05
0020_31,Steps,StepShortDash.bIsStopClearSpeed,true
0020_31,Steps,StepShortDash.StopBrakingDeceleration,10000000
0020_31,Steps,StepShortDash.SpCost,2650
0020_31,Steps,StepCancelShortDash.AddToSpeedScale,60000
0020_31,Steps,StepCancelShortDash.MaxAcceleration,60000
0020_31,Steps,StepCancelShortDash.BrakingDeceleration,30000
0020_31,Steps,StepCancelShortDash.ElapsedTimeToOT,0.033333
0020_31,Steps,StepCancelShortDash.Duration,0.333333
0020_31,Steps,StepCancelShortDash.CoolTime,0.416667
0020_31,Steps,StepCancelShortDash.bIsStopClearSpeed,true
0020_31,Steps,StepCancelShortDash.StopBrakingDeceleration,10000000
0020_31,Steps,StepCancelShortDash.SpCost,1325
0020_31,DragonDash,SpCostIN,500
0020_31,DragonDash,SpCostLP,3920
0020_31,DragonDash,SpCostBK,5200
0020_31,DragonDash,HighSpeedSpCostLP,4900
0020_31,ZBurstDash,SpCostIN,10000
0020_31,ZBurstDash,SpCostLP,11000
0020_31,ZBurstDash,BurstSmashSpCostLP,3500
0020_31,DashUpDown,SpCostUpIN,1000
0020_31,DashUpDown,SpCostUpLP,7840
0020_31,DashUpDown,SpCostDownIN,1000
0020_31,DashUpDown,SpCostDownLP,7840
0020_31,DragonHoming,SpCostIN,250
0020_31,DragonHoming,SpCostLP,3500
0020_32,Character,DestroyedPower,6
0020_32,Character,AbilityFlag.SparkingArmor,false
0020_32,Character,AbilityFlag.AutoReflect,false
0020_32,Character,AbilityFlag.bCanHighSpeedMove,false
0020_32,Character,AbilityFlag.bCanSuperHighSpeedMove,false
0020_32,Character,ActionFlag.CannonCombo,true
0020_32,Character,ActionFlag.PowerPress,true
0020_32,Character,ActionFlag.TriAttack,true
0020_32,Character,ActionFlag.AirRush,true
0020_32,Character,ActionFlag.DeltaStorm,true
0020_32,Character,ChaseChangeBlastSlot,EKoratBlastSlotType::BlastSkill1
0020_32,Numeric,Life,40000
0020_32,Numeric,SPAutoRecoverySpeed,1500
0020_32,Numeric,SPAutoRecoverySpeedScaleUnderOneGauge,1.3
0020_32,Numeric,SPChargeSpeed,8
0020_32,Numeric,SPChargeSpeedUnderAutoRecoveryLimit,12
0020_32,Numeric,SparkingModeGaugeDecreaseSpeed,2800
0020_32,Numeric,AttackChargeSpeedsBySmashLevel[0],3
0020_32,Numeric,AttackChargeSpeedsBySmashLevel[1],5.4
0020_32,Numeric,AttackChargeSpeedsBySmashLevel[2],7.5
0020_32,Numeric,PursuitBaseLimit,2
0020_32,Numeric,PursuitLimitDragonHoming,0
0020_32,Numeric,PursuitLimitVanishingAttack,0
0020_32,Numeric,PursuitBaseLimitAddAtSparking,3
0020_32,Numeric,PursuitLimitDragonHomingAddAtSparking,0
0020_32,Numeric,PursuitLimitVanishingAttackAddAtSparking,0
0020_32,Numeric,PursuitLimitLightningAttackAddAtSparking,0
0020_32,Numeric,IdealPositionMidAirKick,66
0020_32,Numeric,ReactionSplitHighBorder,0.6
0020_32,Numeric,ReactionSplitMidBorder,0.4
0020_32,Numeric,ReactionSplitLowBorder,0.2
0020_32,Numeric,BulletNum,999
0020_32,Numeric,JumpBulletNum,5
0020_32,Numeric,DashBulletNum,8
0020_32,Numeric,SmashBulletLimit,1
0020_32,Numeric,RepelSkillGaugeGainRate,1.1
0020_32,Numeric,AttackBreakSkillGaugeGain,0.15
0020_32,Numeric,FastAvoidSkillGaugeGain,0.05
0020_32,Numeric,ThrowBreakSkillGaugeGain,0.1
0020_32,Numeric,BackAttackedSkillGaugeGain,0.03
0020_32,Numeric,LastOneHPSkillGaugeGain,1
0020_32,Numeric,ImpactStartSkillGaugeGain,1
0020_32,Numeric,RushOffsetSkillGaugeGain,0.05
0020_32,Numeric,CollisionOffsetSkillGaugeGain,0.5
0020_32,Numeric,DragonHomingChangeTrajectorySkillGaugeGain,0.1
0020_32,Numeric,BurstSmashGaugeGain,0.1
0020_32,Numeric,ExParam,8
0020_32,Steps,StepShortDash.AddToSpeedScale,60000
0020_32,Steps,StepShortDash.MaxAcceleration,60000
0020_32,Steps,StepShortDash.BrakingDeceleration,30000
0020_32,Steps,StepShortDash.ElapsedTimeToOT,0.033333
0020_32,Steps,StepShortDash.Duration,0.333333
0020_32,Steps,StepShortDash.CoolTime,0.05
0020_32,Steps,StepShortDash.bIsStopClearSpeed,true
0020_32,Steps,StepShortDash.StopBrakingDeceleration,10000000
0020_32,Steps,StepShortDash.SpCost,2650
0020_32,Steps,StepCancelShortDash.AddToSpeedScale,60000
0020_32,Steps,StepCancelShortDash.MaxAcceleration,60000
0020_32,Steps,StepCancelShortDash.BrakingDeceleration,30000
0020_32,Steps,StepCancelShortDash.ElapsedTimeToOT,0.033333
0020_32,Steps,StepCancelShortDash.Duration,0.333333
0020_32,Steps,StepCancelShortDash.CoolTime,0.416667
0020_32,Steps,StepCancelShortDash.bIsStopClearSpeed,true
0020_32,Steps,StepCancelShortDash.StopBrakingDeceleration,10000000
0020_32,Steps,StepCancelShortDash.SpCost,1325
0020_32,DragonDash,SpCostIN,500
0020_32,DragonDash,SpCostLP,3920
0020_32,DragonDash,SpCostBK,5200
0020_32,DragonDash,HighSpeedSpCostLP,4900
0020_32,ZBurstDash,SpCostIN,10000
0020_32,ZBurstDash,SpCostLP,11000
0020_32,ZBurstDash,BurstSmashSpCostLP,3500
0020_32,DashUpDown,SpCostUpIN,1000
0020_32,DashUpDown,SpCostUpLP,7840
0020_32,DashUpDown,SpCostDownIN,1000
0020_32,DashUpDown,SpCostDownLP,7840
0020_32,DragonHoming,SpCostIN,250
0020_32,DragonHoming,SpCostLP,3500
0020_40,Character,DestroyedPower,7
0020_40,Character,AbilityFlag.bCanHighSpeedMove,false
0020_40,Character,AbilityFlag.bCanSuperHighSpeedMove,false
0020_40,Character,ActionFlag.PowerPress,true
0020_40,Character,ActionFlag.TriAttack,true
0020_40,Character,ActionFlag.AirRush,true
0020_40,Character,ActionFlag.DeltaStorm,true
0020_40,Character,ChaseChangeBlastSlot,EKoratBlastSlotType::BlastSkill2
0020_40,Character,HPTriggerBuff[0].TriggerHP,10000
0020_40,Numeric,Life,40000
0020_40,Numeric,InitialSP,50000
0020_40,Numeric,SPAutoRecoverySpeed,1500
0020_40,Numeric,SPAutoRecoverySpeedScaleUnderOneGauge,1.3
0020_40,Numeric,SPChargeSpeed,8
0020_40,Numeric,SPChargeSpeedUnderAutoRecoveryLimit,12
0020_40,Numeric,SparkingModeGaugeDecreaseSpeed,2800
0020_40,Numeric,StunReactionRecoverySpeedScale,1.3
0020_40,Numeric,StunReactionInputRecoverySpeedScale,1.3
0020_40,Numeric,LimitBoostRecoverySpeedScale,1.3
0020_40,Numeric,LimitBoostInputRecoverySpeedScale,1.3
0020_40,Numeric,BlastStock,6
0020_40,Numeric,AttackChargeSpeedsBySmashLevel[0],3
0020_40,Numeric,AttackChargeSpeedsBySmashLevel[1],5.4
0020_40,Numeric,AttackChargeSpeedsBySmashLevel[2],7.5
0020_40,Numeric,PursuitBaseLimit,3
0020_40,Numeric,PursuitLimitDragonHoming,0
0020_40,Numeric,PursuitLimitVanishingAttack,0
0020_40,Numeric,PursuitBaseLimitAddAtSparking,2
0020_40,Numeric,PursuitLimitDragonHomingAddAtSparking,0
0020_40,Numeric,PursuitLimitVanishingAttackAddAtSparking,0
0020_40,Numeric,PursuitLimitLightningAttackAddAtSparking,0
0020_40,Numeric,IdealPositionMidAirKick,66
0020_40,Numeric,ReactionSplitHighBorder,0.6
0020_40,Numeric,ReactionSplitMidBorder,0.4
0020_40,Numeric,ReactionSplitLowBorder,0.2
0020_40,Numeric,BulletNum,999
0020_40,Numeric,JumpBulletNum,5
0020_40,Numeric,DashBulletNum,8
0020_40,Numeric,SmashBulletLimit,1
0020_40,Numeric,RepelSkillGaugeGainRate,1.2
0020_40,Numeric,AttackBreakSkillGaugeGain,0.15
0020_40,Numeric,FastAvoidSkillGaugeGain,0.05
0020_40,Numeric,ThrowBreakSkillGaugeGain,0.1
0020_40,Numeric,BackAttackedSkillGaugeGain,0.03
0020_40,Numeric,LastOneHPSkillGaugeGain,1
0020_40,Numeric,ImpactStartSkillGaugeGain,1
0020_40,Numeric,RushOffsetSkillGaugeGain,0.05
0020_40,Numeric,CollisionOffsetSkillGaugeGain,0.5
0020_40,Numeric,DragonHomingChangeTrajectorySkillGaugeGain,0.1
0020_40,Numeric,BurstSmashGaugeGain,0.1
0020_40,Numeric,ExParam,12
0020_40,Steps,StepShortDash.AddToSpeedScale,60000
0020_40,Steps,StepShortDash.MaxAcceleration,60000
0020_40,Steps,StepShortDash.BrakingDeceleration,30000
0020_40,Steps,StepShortDash.ElapsedTimeToOT,0.033333
0020_40,Steps,StepShortDash.Duration,0.333333
0020_40,Steps,StepShortDash.CoolTime,0.05
0020_40,Steps,StepShortDash.bIsStopClearSpeed,true
0020_40,Steps,StepShortDash.StopBrakingDeceleration,10000000
0020_40,Steps,StepShortDash.SpCost,2650
0020_40,Steps,StepCancelShortDash.AddToSpeedScale,60000
0020_40,Steps,StepCancelShortDash.MaxAcceleration,60000
0020_40,Steps,StepCancelShortDash.BrakingDeceleration,30000
0020_40,Steps,StepCancelShortDash.ElapsedTimeToOT,0.033333
0020_40,Steps,StepCancelShortDash.Duration,0.333333
0020_40,Steps,StepCancelShortDash.CoolTime,0.416667
0020_40,Steps,StepCancelShortDash.bIsStopClearSpeed,true
0020_40,Steps,StepCancelShortDash.StopBrakingDeceleration,10000000
0020_40,Steps,StepCancelShortDash.SpCost,1325
0020_40,DragonDash,SpCostIN,500
0020_40,DragonDash,SpCostLP,3920
0020_40,DragonDash,SpCostBK,5200
0020_40,DragonDash,HighSpeedSpCostLP,4900
0020_40,ZBurstDash,SpCostIN,10000
0020_40,ZBurstDash,SpCostLP,11000
0020_40,ZBurstDash,BurstSmashSpCostLP,3500
0020_40,DashUpDown,SpCostUpIN,1000
0020_40,DashUpDown,SpCostUpLP,7840
0020_40,DashUpDown,SpCostDownIN,1000
0020_40,DashUpDown,SpCostDownLP,7840
0020_40,DragonHoming,SpCostIN,250
0020_40,DragonHoming,SpCostLP,3500
0020_50,Character,DestroyedPower,8
0020_50,Character,AbilityFlag.SparkingArmor,false
0020_50,Character,ActionFlag.HeavyCrash,true
0020_50,Character,ActionFlag.PowerPress,true
0020_50,Character,ActionFlag.TriAttack,true
0020_50,Character,ActionFlag.AirRush,true
0020_50,Character,ChaseChangeBlastSlot,EKoratBlastSlotType::BlastSkill1
0020_50,Numeric,Life,40000
0020_50,Numeric,SPAutoRecoverySpeed,1500
0020_50,Numeric,SPAutoRecoverySpeedScaleUnderOneGauge,1.3
0020_50,Numeric,SPChargeSpeed,8
0020_50,Numeric,SPChargeSpeedUnderAutoRecoveryLimit,12
0020_50,Numeric,SparkingModeGaugeDecreaseSpeed,2800
0020_50,Numeric,BlastStock,6
0020_50,Numeric,AttackChargeSpeedsBySmashLevel[0],3
0020_50,Numeric,AttackChargeSpeedsBySmashLevel[1],5.4
0020_50,Numeric,AttackChargeSpeedsBySmashLevel[2],7.5
0020_50,Numeric,PursuitBaseLimit,3
0020_50,Numeric,PursuitLimitDragonHoming,0
0020_50,Numeric,PursuitLimitVanishingAttack,0
0020_50,Numeric,PursuitBaseLimitAddAtSparking,2
0020_50,Numeric,PursuitLimitDragonHomingAddAtSparking,0
0020_50,Numeric,PursuitLimitVanishingAttackAddAtSparking,0
0020_50,Numeric,PursuitLimitLightningAttackAddAtSparking,0
0020_50,Numeric,IdealPositionMidAirKick,66
0020_50,Numeric,ReactionSplitHighBorder,0.6
0020_50,Numeric,ReactionSplitMidBorder,0.4
0020_50,Numeric,ReactionSplitLowBorder,0.2
0020_50,Numeric,BulletNum,999
0020_50,Numeric,JumpBulletNum,5
0020_50,Numeric,DashBulletNum,8
0020_50,Numeric,SmashBulletLimit,1
0020_50,Numeric,RepelSkillGaugeGainRate,1.2
0020_50,Numeric,AttackBreakSkillGaugeGain,0.15
0020_50,Numeric,FastAvoidSkillGaugeGain,0.05
0020_50,Numeric,ThrowBreakSkillGaugeGain,0.1
0020_50,Numeric,BackAttackedSkillGaugeGain,0.03
0020_50,Numeric,LastOneHPSkillGaugeGain,1
0020_50,Numeric,ImpactStartSkillGaugeGain,1
0020_50,Numeric,RushOffsetSkillGaugeGain,0.05
0020_50,Numeric,CollisionOffsetSkillGaugeGain,0.5
0020_50,Numeric,DragonHomingChangeTrajectorySkillGaugeGain,0.1
0020_50,Numeric,BurstSmashGaugeGain,0.1
0020_50,Numeric,ExParam,6
0020_50,Steps,StepShortDash.AddToSpeedScale,60000
0020_50,Steps,StepShortDash.MaxAcceleration,60000
0020_50,Steps,StepShortDash.BrakingDeceleration,30000
0020_50,Steps,StepShortDash.ElapsedTimeToOT,0.033333
0020_50,Steps,StepShortDash.Duration,0.333333
0020_50,Steps,StepShortDash.CoolTime,0.05
0020_50,Steps,StepShortDash.bIsStopClearSpeed,true
0020_50,Steps,StepShortDash.StopBrakingDeceleration,10000000
0020_50,Steps,StepShortDash.SpCost,2650
0020_50,Steps,StepCancelShortDash.AddToSpeedScale,60000
0020_50,Steps,StepCancelShortDash.MaxAcceleration,60000
0020_50,Steps,StepCancelShortDash.BrakingDeceleration,30000
0020_50,Steps,StepCancelShortDash.ElapsedTimeToOT,0.033333
0020_50,Steps,StepCancelShortDash.Duration,0.333333
0020_50,Steps,StepCancelShortDash.CoolTime,0.416667
0020_50,Steps,StepCancelShortDash.bIsStopClearSpeed,true
0020_50,Steps,StepCancelShortDash.StopBrakingDeceleration,10000000
0020_50,Steps,StepCancelShortDash.SpCost,1325
0020_50,DragonDash,SpCostIN,500
0020_50,DragonDash,SpCostLP,3920
0020_50,DragonDash,SpCostBK,5200
0020_50,DragonDash,HighSpeedSpCostLP,4900
0020_50,ZBurstDash,SpCostIN,10000
0020_50,ZBurstDash,SpCostLP,11000
0020_50,ZBurstDash,BurstSmashSpCostLP,3500
0020_50,DashUpDown,SpCostUpIN,1000
0020_50,DashUpDown,SpCostUpLP,7840
0020_50,DashUpDown,SpCostDownIN,1000
0020_50,DashUpDown,SpCostDownLP,7840
0020_50,DragonHoming,SpCostIN,250
0020_50,DragonHoming,SpCostLP,3500
0020_60,Character,AbilityFlag.SparkingArmor,false
0020_60,Character,AbilityFlag.AutoReflect,false
0020_60,Character,AbilityFlag.bCanHighSpeedMove,false
0020_60,Character,AbilityFlag.bCanSuperHighSpeedMove,false
0020_60,Character,ActionFlag.PowerPress,true
0020_60,Character,ActionFlag.TriAttack,true
0020_60,Character,ActionFlag.AirRush,true
0020_60,Character,ChaseChangeBlastSlot,EKoratBlastSlotType::BlastSkill1
0020_60,Numeric,Life,40000
0020_60,Numeric,SPAutoRecoverySpeed,1750
0020_60,Numeric,SPAutoRecoverySpeedScaleUnderOneGauge,1.3
0020_60,Numeric,SPChargeSpeed,7
0020_60,Numeric,SPChargeSpeedUnderAutoRecoveryLimit,10.5
0020_60,Numeric,SparkingModeGaugeDecreaseSpeed,2800
0020_60,Numeric,AttackChargeSpeedsBySmashLevel[0],3
0020_60,Numeric,AttackChargeSpeedsBySmashLevel[1],5.4
0020_60,Numeric,AttackChargeSpeedsBySmashLevel[2],7.5
0020_60,Numeric,PursuitBaseLimit,2
0020_60,Numeric,PursuitLimitDragonHoming,0
0020_60,Numeric,PursuitLimitVanishingAttack,0
0020_60,Numeric,PursuitBaseLimitAddAtSparking,2
0020_60,Numeric,PursuitLimitDragonHomingAddAtSparking,0
0020_60,Numeric,PursuitLimitVanishingAttackAddAtSparking,0
0020_60,Numeric,PursuitLimitLightningAttackAddAtSparking,0
0020_60,Numeric,IdealPositionMidAirKick,66
0020_60,Numeric,ReactionSplitHighBorder,0.6
0020_60,Numeric,ReactionSplitMidBorder,0.4
0020_60,Numeric,ReactionSplitLowBorder,0.2
0020_60,Numeric,BulletNum,999
0020_60,Numeric,JumpBulletNum,5
0020_60,Numeric,DashBulletNum,8
0020_60,Numeric,SmashBulletLimit,1
0020_60,Numeric,RepelSkillGaugeGainRate,1.1
0020_60,Numeric,AttackBreakSkillGaugeGain,0.15
0020_60,Numeric,FastAvoidSkillGaugeGain,0.05
0020_60,Numeric,ThrowBreakSkillGaugeGain,0.1
0020_60,Numeric,BackAttackedSkillGaugeGain,0.03
0020_60,Numeric,LastOneHPSkillGaugeGain,1
0020_60,Numeric,ImpactStartSkillGaugeGain,1
0020_60,Numeric,RushOffsetSkillGaugeGain,0.05
0020_60,Numeric,CollisionOffsetSkillGaugeGain,0.5
0020_60,Numeric,DragonHomingChangeTrajectorySkillGaugeGain,0.1
0020_60,Numeric,BurstSmashGaugeGain,0.1
0020_60,Numeric,ExParam,4
0020_60,Steps,StepShortDash.AddToSpeedScale,60000
0020_60,Steps,StepShortDash.MaxAcceleration,60000
0020_60,Steps,StepShortDash.BrakingDeceleration,30000
0020_60,Steps,StepShortDash.ElapsedTimeToOT,0.033333
0020_60,Steps,StepShortDash.Duration,0.333333
0020_60,Steps,StepShortDash.CoolTime,0.05
0020_60,Steps,StepShortDash.bIsStopClearSpeed,true
0020_60,Steps,StepShortDash.StopBrakingDeceleration,10000000
0020_60,Steps,StepShortDash.SpCost,2650
0020_60,Steps,StepCancelShortDash.AddToSpeedScale,60000
0020_60,Steps,StepCancelShortDash.MaxAcceleration,60000
0020_60,Steps,StepCancelShortDash.BrakingDeceleration,30000
0020_60,Steps,StepCancelShortDash.ElapsedTimeToOT,0.033333
0020_60,Steps,StepCancelShortDash.Duration,0.333333
0020_60,Steps,StepCancelShortDash.CoolTime,0.416667
0020_60,Steps,StepCancelShortDash.bIsStopClearSpeed,true
0020_60,Steps,StepCancelShortDash.StopBrakingDeceleration,10000000
0020_60,Steps,StepCancelShortDash.SpCost,1325
0020_60,DragonDash,SpCostIN,500
0020_60,DragonDash,SpCostLP,3920
0020_60,DragonDash,SpCostBK,5200
0020_60,DragonDash,HighSpeedSpCostLP,4900
0020_60,ZBurstDash,SpCostIN,10000
0020_60,ZBurstDash,SpCostLP,11000
0020_60,ZBurstDash,BurstSmashSpCostLP,3500
0020_60,DashUpDown,SpCostUpIN,1000
0020_60,DashUpDown,SpCostUpLP,7840
0020_60,DashUpDown,SpCostDownIN,1000
0020_60,DashUpDown,SpCostDownLP,7840
0020_60,DragonHoming,SpCostIN,250
0020_60,DragonHoming,SpCostLP,3500
0020_61,Character,DestroyedPower,6
0020_61,Character,AbilityFlag.SparkingArmor,false
0020_61,Character,AbilityFlag.AutoReflect,false
0020_61,Character,AbilityFlag.bCanHighSpeedMove,false
0020_61,Character,AbilityFlag.bCanSuperHighSpeedMove,false
0020_61,Character,ActionFlag.PowerPress,true
0020_61,Character,ActionFlag.TriAttack,true
0020_61,Character,ActionFlag.AirRush,true
0020_61,Character,ChaseChangeBlastSlot,EKoratBlastSlotType::BlastSkill1
0020_61,Numeric,Life,40000
0020_61,Numeric,SPAutoRecoverySpeed,1500
0020_61,Numeric,SPAutoRecoverySpeedScaleUnderOneGauge,1.3
0020_61,Numeric,SPChargeSpeed,8
0020_61,Numeric,SPChargeSpeedUnderAutoRecoveryLimit,12
0020_61,Numeric,SparkingModeGaugeDecreaseSpeed,2800
0020_61,Numeric,AttackChargeSpeedsBySmashLevel[0],3
0020_61,Numeric,AttackChargeSpeedsBySmashLevel[1],5.4
0020_61,Numeric,AttackChargeSpeedsBySmashLevel[2],7.5
0020_61,Numeric,PursuitBaseLimit,2
0020_61,Numeric,PursuitLimitDragonHoming,0
0020_61,Numeric,PursuitLimitVanishingAttack,0
0020_61,Numeric,PursuitBaseLimitAddAtSparking,2
0020_61,Numeric,PursuitLimitDragonHomingAddAtSparking,0
0020_61,Numeric,PursuitLimitVanishingAttackAddAtSparking,0
0020_61,Numeric,PursuitLimitLightningAttackAddAtSparking,0
0020_61,Numeric,IdealPositionMidAirKick,66
0020_61,Numeric,ReactionSplitHighBorder,0.6
0020_61,Numeric,ReactionSplitMidBorder,0.4
0020_61,Numeric,ReactionSplitLowBorder,0.2
0020_61,Numeric,BulletNum,999
0020_61,Numeric,JumpBulletNum,5
0020_61,Numeric,DashBulletNum,8
0020_61,Numeric,SmashBulletLimit,1
0020_61,Numeric,RepelSkillGaugeGainRate,1.1
0020_61,Numeric,AttackBreakSkillGaugeGain,0.15
0020_61,Numeric,FastAvoidSkillGaugeGain,0.05
0020_61,Numeric,ThrowBreakSkillGaugeGain,0.1
0020_61,Numeric,BackAttackedSkillGaugeGain,0.03
0020_61,Numeric,LastOneHPSkillGaugeGain,1
0020_61,Numeric,ImpactStartSkillGaugeGain,1
0020_61,Numeric,RushOffsetSkillGaugeGain,0.05
0020_61,Numeric,CollisionOffsetSkillGaugeGain,0.5
0020_61,Numeric,DragonHomingChangeTrajectorySkillGaugeGain,0.1
0020_61,Numeric,BurstSmashGaugeGain,0.1
0020_61,Numeric,ExParam,6
0020_61,Steps,StepShortDash.AddToSpeedScale,60000
0020_61,Steps,StepShortDash.MaxAcceleration,60000
0020_61,Steps,StepShortDash.BrakingDeceleration,30000
0020_61,Steps,StepShortDash.ElapsedTimeToOT,0.033333
0020_61,Steps,StepShortDash.Duration,0.333333
0020_61,Steps,StepShortDash.CoolTime,0.05
0020_61,Steps,StepShortDash.bIsStopClearSpeed,true
0020_61,Steps,StepShortDash.StopBrakingDeceleration,10000000
0020_61,Steps,StepShortDash.SpCost,2650
0020_61,Steps,StepCancelShortDash.AddToSpeedScale,60000
0020_61,Steps,StepCancelShortDash.MaxAcceleration,60000
0020_61,Steps,StepCancelShortDash.BrakingDeceleration,30000
0020_61,Steps,StepCancelShortDash.ElapsedTimeToOT,0.033333
0020_61,Steps,StepCancelShortDash.Duration,0.333333
0020_61,Steps,StepCancelShortDash.CoolTime,0.416667
0020_61,Steps,StepCancelShortDash.bIsStopClearSpeed,true
0020_61,Steps,StepCancelShortDash.StopBrakingDeceleration,10000000
0020_61,Steps,StepCancelShortDash.SpCost,1325
0020_61,DragonDash,SpCostIN,500
0020_61,DragonDash,SpCostLP,3920
0020_61,DragonDash,SpCostBK,5200
0020_61,DragonDash,HighSpeedSpCostLP,4900
0020_61,ZBurstDash,SpCostIN,10000
0020_61,ZBurstDash,SpCostLP,11000
0020_61,ZBurstDash,BurstSmashSpCostLP,3500
0020_61,DashUpDown,SpCostUpIN,1000
0020_61,DashUpDown,SpCostUpLP,7840
0020_61,DashUpDown,SpCostDownIN,1000
0020_61,DashUpDown,SpCostDownLP,7840
0020_61,DragonHoming,SpCostIN,250
0020_61,DragonHoming,SpCostLP,3500
0020_63,Character,DestroyedPower,8
0020_63,Character,AbilityFlag.SparkingArmor,false
0020_63,Character,ActionFlag.PowerPress,true
0020_63,Character,ActionFlag.TriAttack,true
0020_63,Character,ActionFlag.AirRush,true
0020_63,Character,ChaseChangeBlastSlot,EKoratBlastSlotType::BlastSkill2
0020_63,Numeric,Life,40000
0020_63,Numeric,DamageRate,0.98
0020_63,Numeric,SPAutoRecoverySpeed,1500
0020_63,Numeric,SPAutoRecoverySpeedScaleUnderOneGauge,1.3
0020_63,Numeric,SPChargeSpeed,8
0020_63,Numeric,SPChargeSpeedUnderAutoRecoveryLimit,12
0020_63,Numeric,SparkingModeGaugeDecreaseSpeed,2800
0020_63,Numeric,AttackChargeSpeedsBySmashLevel[0],3
0020_63,Numeric,AttackChargeSpeedsBySmashLevel[1],5.4
0020_63,Numeric,AttackChargeSpeedsBySmashLevel[2],7.5
0020_63,Numeric,PursuitBaseLimit,3
0020_63,Numeric,PursuitLimitDragonHoming,0
0020_63,Numeric,PursuitLimitVanishingAttack,0
0020_63,Numeric,PursuitBaseLimitAddAtSparking,2
0020_63,Numeric,PursuitLimitDragonHomingAddAtSparking,0
0020_63,Numeric,PursuitLimitVanishingAttackAddAtSparking,0
0020_63,Numeric,PursuitLimitLightningAttackAddAtSparking,0
0020_63,Numeric,IdealPositionMidAirKick,66
0020_63,Numeric,ReactionSplitHighBorder,0.6
0020_63,Numeric,ReactionSplitMidBorder,0.4
0020_63,Numeric,ReactionSplitLowBorder,0.2
0020_63,Numeric,BulletNum,999
0020_63,Numeric,JumpBulletNum,5
0020_63,Numeric,DashBulletNum,8
0020_63,Numeric,SmashBulletLimit,1
0020_63,Numeric,RepelSkillGaugeGainRate,1.1
0020_63,Numeric,AttackBreakSkillGaugeGain,0.15
0020_63,Numeric,FastAvoidSkillGaugeGain,0.05
0020_63,Numeric,ThrowBreakSkillGaugeGain,0.1
0020_63,Numeric,BackAttackedSkillGaugeGain,0.03
0020_63,Numeric,LastOneHPSkillGaugeGain,1
0020_63,Numeric,ImpactStartSkillGaugeGain,1
0020_63,Numeric,RushOffsetSkillGaugeGain,0.05
0020_63,Numeric,CollisionOffsetSkillGaugeGain,0.5
0020_63,Numeric,DragonHomingChangeTrajectorySkillGaugeGain,0.1
0020_63,Numeric,BurstSmashGaugeGain,0.1
0020_63,Numeric,ExParam,1
0020_63,Numeric,AuraType,EKoratBattleAuraType::God
0020_63,Steps,StepShortDash.AddToSpeedScale,60000
0020_63,Steps,StepShortDash.MaxAcceleration,60000
0020_63,Steps,StepShortDash.BrakingDeceleration,30000
0020_63,Steps,StepShortDash.ElapsedTimeToOT,0.033333
0020_63,Steps,StepShortDash.Duration,0.333333
0020_63,Steps,StepShortDash.CoolTime,0.05
0020_63,Steps,StepShortDash.bIsStopClearSpeed,true
0020_63,Steps,StepShortDash.StopBrakingDeceleration,10000000
0020_63,Steps,StepShortDash.SpCost,2650
0020_63,Steps,StepCancelShortDash.AddToSpeedScale,60000
0020_63,Steps,StepCancelShortDash.MaxAcceleration,60000
0020_63,Steps,StepCancelShortDash.BrakingDeceleration,30000
0020_63,Steps,StepCancelShortDash.ElapsedTimeToOT,0.033333
0020_63,Steps,StepCancelShortDash.Duration,0.333333
0020_63,Steps,StepCancelShortDash.CoolTime,0.416667
0020_63,Steps,StepCancelShortDash.bIsStopClearSpeed,true
0020_63,Steps,StepCancelShortDash.StopBrakingDeceleration,10000000
0020_63,Steps,StepCancelShortDash.SpCost,1325
0020_63,DragonDash,SpCostIN,500
0020_63,DragonDash,SpCostLP,3920
0020_63,DragonDash,SpCostBK,5200
0020_63,DragonDash,HighSpeedSpCostLP,4900
0020_63,ZBurstDash,SpCostIN,10000
0020_63,ZBurstDash,SpCostLP,11000
0020_63,ZBurstDash,BurstSmashSpCostLP,3500
0020_63,DashUpDown,SpCostUpIN,1000
0020_63,DashUpDown,SpCostUpLP,7840
0020_63,DashUpDown,SpCostDownIN,1000
0020_63,DashUpDown,SpCostDownLP,7840
0020_63,DragonHoming,SpCostIN,250
0020_63,DragonHoming,SpCostLP,3500
0021_20,Character,DestroyedPower,6
0021_20,Character,AbilityFlag.AutoReflect,false
0021_20,Character,AbilityFlag.bCanHighSpeedMove,false
0021_20,Character,AbilityFlag.bCanSuperHighSpeedMove,false
0021_20,Character,ActionFlag.CannonCombo,true
0021_20,Character,ActionFlag.SpiralSlash,true
0021_20,Character,ActionFlag.RollingHurricane,true
0021_20,Character,ActionFlag.TriAttack,true
0021_20,Character,ActionFlag.AirRush,true
0021_20,Character,ActionFlag.DeltaStorm,true
0021_20,Character,ChaseChangeBlastSlot,EKoratBlastSlotType::BlastSkill1
0021_20,Numeric,Life,40000
0021_20,Numeric,DamageRate,0.97
0021_20,Numeric,InitialSP,30000
0021_20,Numeric,SPAutoRecoverySpeed,1500
0021_20,Numeric,SPAutoRecoverySpeedScaleUnderOneGauge,1.3
0021_20,Numeric,SPChargeSpeed,8
0021_20,Numeric,SPChargeSpeedUnderAutoRecoveryLimit,12
0021_20,Numeric,SparkingModeGaugeDecreaseSpeed,2800
0021_20,Numeric,AttackChargeSpeedsBySmashLevel[0],3
0021_20,Numeric,AttackChargeSpeedsBySmashLevel[1],5.4
0021_20,Numeric,AttackChargeSpeedsBySmashLevel[2],7.5
0021_20,Numeric,PursuitBaseLimit,2
0021_20,Numeric,PursuitLimitDragonHoming,0
0021_20,Numeric,PursuitLimitVanishingAttack,0
0021_20,Numeric,PursuitBaseLimitAddAtSparking,2
0021_20,Numeric,PursuitLimitDragonHomingAddAtSparking,0
0021_20,Numeric,PursuitLimitVanishingAttackAddAtSparking,0
0021_20,Numeric,PursuitLimitLightningAttackAddAtSparking,0
0021_20,Numeric,IdealPositionMidAirKick,66
0021_20,Numeric,ReactionSplitHighBorder,0.6
0021_20,Numeric,ReactionSplitMidBorder,0.4
0021_20,Numeric,ReactionSplitLowBorder,0.2
0021_20,Numeric,BulletNum,999
0021_20,Numeric,JumpBulletNum,5
0021_20,Numeric,DashBulletNum,8
0021_20,Numeric,SmashBulletLimit,1
0021_20,Numeric,RepelSkillGaugeGainRate,1.1
0021_20,Numeric,AttackBreakSkillGaugeGain,0.15
0021_20,Numeric,FastAvoidSkillGaugeGain,0.05
0021_20,Numeric,ThrowBreakSkillGaugeGain,0.1
0021_20,Numeric,BackAttackedSkillGaugeGain,0.03
0021_20,Numeric,LastOneHPSkillGaugeGain,1
0021_20,Numeric,ImpactStartSkillGaugeGain,1
0021_20,Numeric,RushOffsetSkillGaugeGain,0.05
0021_20,Numeric,CollisionOffsetSkillGaugeGain,0.5
0021_20,Numeric,DragonHomingChangeTrajectorySkillGaugeGain,0.1
0021_20,Numeric,BurstSmashGaugeGain,0.1
0021_20,Numeric,ExParam,10
0021_20,Steps,StepShortDash.AddToSpeedScale,60000
0021_20,Steps,StepShortDash.MaxAcceleration,50000
0021_20,Steps,StepShortDash.BrakingDeceleration,20000
0021_20,Steps,StepShortDash.ElapsedTimeToOT,0.033333
0021_20,Steps,StepShortDash.Duration,0.333333
0021_20,Steps,StepShortDash.CoolTime,0.05
0021_20,Steps,StepShortDash.bIsStopClearSpeed,true
0021_20,Steps,StepShortDash.StopBrakingDeceleration,10000000
0021_20,Steps,StepShortDash.SpCost,3850
0021_20,Steps,StepCancelShortDash.AddToSpeedScale,60000
0021_20,Steps,StepCancelShortDash.MaxAcceleration,50000
0021_20,Steps,StepCancelShortDash.BrakingDeceleration,20000
0021_20,Steps,StepCancelShortDash.ElapsedTimeToOT,0.033333
0021_20,Steps,StepCancelShortDash.Duration,0.333333
0021_20,Steps,StepCancelShortDash.CoolTime,0.416667
0021_20,Steps,StepCancelShortDash.bIsStopClearSpeed,true
0021_20,Steps,StepCancelShortDash.StopBrakingDeceleration,10000000
0021_20,Steps,StepCancelShortDash.SpCost,1925
0021_20,DragonDash,SpCostIN,500
0021_20,DragonDash,SpCostLP,3920
0021_20,DragonDash,SpCostBK,5200
0021_20,DragonDash,HighSpeedSpCostLP,4900
0021_20,ZBurstDash,SpCostIN,10000
0021_20,ZBurstDash,SpCostLP,11000
0021_20,ZBurstDash,BurstSmashSpCostLP,3500
0021_20,DashUpDown,SpCostUpIN,1000
0021_20,DashUpDown,SpCostUpLP,7840
0021_20,DashUpDown,SpCostDownIN,1000
0021_20,DashUpDown,SpCostDownLP,7840
0021_20,DragonHoming,SpCostIN,250
0021_20,DragonHoming,SpCostLP,3500
0022_62,Character,DestroyedPower,7
0022_62,Character,AbilityFlag.SparkingArmor,false
0022_62,Character,ActionFlag.PowerPress,true
0022_62,Character,ActionFlag.TriAttack,true
0022_62,Character,ActionFlag.AirRush,true
0022_62,Character,ChaseChangeBlastSlot,EKoratBlastSlotType::BlastSkill1
0022_62,Numeric,Life,40000
0022_62,Numeric,DamageRate,0.98
0022_62,Numeric,SPAutoRecoverySpeed,1500
0022_62,Numeric,SPAutoRecoverySpeedScaleUnderOneGauge,1.3
0022_62,Numeric,SPChargeSpeed,8
0022_62,Numeric,SPChargeSpeedUnderAutoRecoveryLimit,12
0022_62,Numeric,SparkingModeGaugeDecreaseSpeed,2800
0022_62,Numeric,AttackChargeSpeedsBySmashLevel[0],3
0022_62,Numeric,AttackChargeSpeedsBySmashLevel[1],5.4
0022_62,Numeric,AttackChargeSpeedsBySmashLevel[2],7.5
0022_62,Numeric,PursuitBaseLimit,3
0022_62,Numeric,PursuitLimitDragonHoming,0
0022_62,Numeric,PursuitLimitVanishingAttack,0
0022_62,Numeric,PursuitBaseLimitAddAtSparking,2
0022_62,Numeric,PursuitLimitDragonHomingAddAtSparking,0
0022_62,Numeric,PursuitLimitVanishingAttackAddAtSparking,0
0022_62,Numeric,PursuitLimitLightningAttackAddAtSparking,0
0022_62,Numeric,IdealPositionMidAirKick,66
0022_62,Numeric,ReactionSplitHighBorder,0.6
0022_62,Numeric,ReactionSplitMidBorder,0.4
0022_62,Numeric,ReactionSplitLowBorder,0.2
0022_62,Numeric,BulletNum,999
0022_62,Numeric,JumpBulletNum,5
0022_62,Numeric,DashBulletNum,8
0022_62,Numeric,SmashBulletLimit,1
0022_62,Numeric,RepelSkillGaugeGainRate,1.1
0022_62,Numeric,AttackBreakSkillGaugeGain,0.15
0022_62,Numeric,FastAvoidSkillGaugeGain,0.05
0022_62,Numeric,ThrowBreakSkillGaugeGain,0.1
0022_62,Numeric,BackAttackedSkillGaugeGain,0.03
0022_62,Numeric,LastOneHPSkillGaugeGain,1
0022_62,Numeric,ImpactStartSkillGaugeGain,1
0022_62,Numeric,RushOffsetSkillGaugeGain,0.05
0022_62,Numeric,CollisionOffsetSkillGaugeGain,0.5
0022_62,Numeric,DragonHomingChangeTrajectorySkillGaugeGain,0.1
0022_62,Numeric,BurstSmashGaugeGain,0.1
0022_62,Numeric,ExParam,1
0022_62,Numeric,AuraType,EKoratBattleAuraType::God
0022_62,Steps,StepShortDash.AddToSpeedScale,60000
0022_62,Steps,StepShortDash.MaxAcceleration,60000
0022_62,Steps,StepShortDash.BrakingDeceleration,30000
0022_62,Steps,StepShortDash.ElapsedTimeToOT,0.033333
0022_62,Steps,StepShortDash.Duration,0.333333
0022_62,Steps,StepShortDash.CoolTime,0.05
0022_62,Steps,StepShortDash.bIsStopClearSpeed,true
0022_62,Steps,StepShortDash.StopBrakingDeceleration,10000000
0022_62,Steps,StepShortDash.SpCost,2650
0022_62,Steps,StepCancelShortDash.AddToSpeedScale,60000
0022_62,Steps,StepCancelShortDash.MaxAcceleration,60000
0022_62,Steps,StepCancelShortDash.BrakingDeceleration,30000
0022_62,Steps,StepCancelShortDash.ElapsedTimeToOT,0.033333
0022_62,Steps,StepCancelShortDash.Duration,0.333333
0022_62,Steps,StepCancelShortDash.CoolTime,0.416667
0022_62,Steps,StepCancelShortDash.bIsStopClearSpeed,true
0022_62,Steps,StepCancelShortDash.StopBrakingDeceleration,10000000
0022_62,Steps,StepCancelShortDash.SpCost,1325
0022_62,DragonDash,SpCostIN,500
0022_62,DragonDash,SpCostLP,3920
0022_62,DragonDash,SpCostBK,5200
0022_62,DragonDash,HighSpeedSpCostLP,4900
0022_62,ZBurstDash,SpCostIN,10000
0022_62,ZBurstDash,SpCostLP,11000
0022_62,ZBurstDash,BurstSmashSpCostLP,3500
0022_62,DashUpDown,SpCostUpIN,1000
0022_62,DashUpDown,SpCostUpLP,7840
0022_62,DashUpDown,SpCostDownIN,1000
0022_62,DashUpDown,SpCostDownLP,7840
0022_62,DragonHoming,SpCostIN,250
0022_62,DragonHoming,SpCostLP,3500
0023_00,Character,AbilityFlag.HyperArmor,true
0023_00,Character,AbilityFlag.AutoReflect,false
0023_00,Character,AbilityFlag.bCannotCrashImpact,true
0023_00,Character,AbilityFlag.bCanHighSpeedMove,false
0023_00,Character,AbilityFlag.bCanSuperHighSpeedMove,false
0023_00,Character,ActionFlag.DragonTornado,true
0023_00,Character,ActionFlag.CannonCombo,true
0023_00,Character,ActionFlag.SpiralSlash,true
0023_00,Character,ActionFlag.RollingHurricane,true
0023_00,Character,ActionFlag.TriAttack,true
0023_00,Character,ActionFlag.AirRush,true
0023_00,Character,ActionFlag.DeltaStorm,true
0023_00,Character,ActionFlag.SparkingRush,true
0023_00,Character,ActionFlag.SuperZCounter,true
0023_00,Character,ChaseChangeBlastSlot,EKoratBlastSlotType::BlastSkill1
0023_00,Numeric,Life,45000
0023_00,Numeric,SPAutoRecoverySpeed,1500
0023_00,Numeric,SPAutoRecoverySpeedScaleUnderOneGauge,1.3
0023_00,Numeric,SPChargeSpeed,8
0023_00,Numeric,SPChargeSpeedUnderAutoRecoveryLimit,12
0023_00,Numeric,SparkingModeGaugeDecreaseSpeed,2800
0023_00,Numeric,GuardCrashedByCombativesBlastSpDamageRate,0
0023_00,Numeric,BlastStock,4
0023_00,Numeric,AttackChargeSpeedsBySmashLevel[0],3
0023_00,Numeric,AttackChargeSpeedsBySmashLevel[1],5.4
0023_00,Numeric,AttackChargeSpeedsBySmashLevel[2],7.5
0023_00,Numeric,PursuitBaseLimit,1
0023_00,Numeric,PursuitLimitDragonHoming,0
0023_00,Numeric,PursuitLimitVanishingAttack,0
0023_00,Numeric,PursuitLimitLightningAttack,0
0023_00,Numeric,PursuitBaseLimitAddAtSparking,2
0023_00,Numeric,PursuitLimitDragonHomingAddAtSparking,0
0023_00,Numeric,PursuitLimitVanishingAttackAddAtSparking,0
0023_00,Numeric,PursuitLimitLightningAttackAddAtSparking,0
0023_00,Numeric,ReactionSplitHighBorder,0.6
0023_00,Numeric,ReactionSplitMidBorder,0.4
0023_00,Numeric,ReactionSplitLowBorder,0.2
0023_00,Numeric,BulletNum,5
0023_00,Numeric,JumpBulletNum,5
0023_00,Numeric,JumpBulletSetNum,1
0023_00,Numeric,RushBulletLimit,5
0023_00,Numeric,SmashBulletLimit,1
0023_00,Numeric,AttackBreakSkillGaugeGain,0.15
0023_00,Numeric,FastAvoidSkillGaugeGain,0.05
0023_00,Numeric,ThrowBreakSkillGaugeGain,0.1
0023_00,Numeric,BackAttackedSkillGaugeGain,0.03
0023_00,Numeric,LastOneHPSkillGaugeGain,1
0023_00,Numeric,ImpactStartSkillGaugeGain,1
0023_00,Numeric,RushOffsetSkillGaugeGain,0.05
0023_00,Numeric,CollisionOffsetSkillGaugeGain,0.5
0023_00,Numeric,DragonHomingChangeTrajectorySkillGaugeGain,0.1
0023_00,Numeric,BurstSmashGaugeGain,0.1
0023_00,Numeric,ExParam,12
0023_00,Steps,StepShortDash.AddToSpeedScale,60000
0023_00,Steps,StepShortDash.MaxAcceleration,60000
0023_00,Steps,StepShortDash.BrakingDeceleration,30000
0023_00,Steps,StepShortDash.ElapsedTimeToOT,0.033333
0023_00,Steps,StepShortDash.Duration,0.333333
0023_00,Steps,StepShortDash.CoolTime,0.05
0023_00,Steps,StepShortDash.bIsStopClearSpeed,true
0023_00,Steps,StepShortDash.StopBrakingDeceleration,10000000
0023_00,Steps,StepShortDash.SpCost,5150
0023_00,Steps,StepCancelShortDash.AddToSpeedScale,60000
0023_00,Steps,StepCancelShortDash.MaxAcceleration,60000
0023_00,Steps,StepCancelShortDash.BrakingDeceleration,30000
0023_00,Steps,StepCancelShortDash.ElapsedTimeToOT,0.033333
0023_00,Steps,StepCancelShortDash.Duration,0.333333
0023_00,Steps,StepCancelShortDash.CoolTime,0.416667
0023_00,Steps,StepCancelShortDash.bIsStopClearSpeed,true
0023_00,Steps,StepCancelShortDash.StopBrakingDeceleration,10000000
0023_00,Steps,StepCancelShortDash.SpCost,2575
0023_00,DragonDash,SpCostIN,500
0023_00,DragonDash,SpCostLP,3920
0023_00,DragonDash,SpCostBK,5200
0023_00,DragonDash,HighSpeedSpCostLP,4900
0023_00,ZBurstDash,SpCostIN,20000
0023_00,ZBurstDash,BurstSmashSpCostLP,3500
0023_00,DashUpDown,SpCostUpIN,1000
0023_00,DashUpDown,SpCostUpLP,7840
0023_00,DashUpDown,SpCostDownIN,1000
0023_00,DashUpDown,SpCostDownLP,7840
0023_00,DragonHoming,SpCostIN,250
0023_00,DragonHoming,SpCostLP,3500
0030_00,Character,DestroyedPower,3
0030_00,Character,AbilityFlag.SparkingArmor,false
0030_00,Character,AbilityFlag.AutoReflect,false
0030_00,Character,AbilityFlag.bCanHighSpeedMove,false
0030_00,Character,AbilityFlag.bCanSuperHighSpeedMove,false
0030_00,Character,ActionFlag.DragonTornado,true
0030_00,Character,ActionFlag.HeavyCrash,true
0030_00,Character,ActionFlag.DawnThrow,true
0030_00,Character,ActionFlag.PowerPress,true
0030_00,Character,ActionFlag.TriAttack,true
0030_00,Character,ChaseChangeBlastSlot,EKoratBlastSlotType::BlastSkill1
0030_00,Numeric,Life,30000
0030_00,Numeric,DamageRate,1.1
0030_00,Numeric,InitialSP,10000
0030_00,Numeric,SPAutoRecoverySpeed,1750
0030_00,Numeric,SPAutoRecoverySpeedScaleUnderOneGauge,1.3
0030_00,Numeric,SPChargeSpeed,7
0030_00,Numeric,SPChargeSpeedUnderAutoRecoveryLimit,10.5
0030_00,Numeric,SparkingModeGaugeDecreaseSpeed,2800
0030_00,Numeric,BlastStock,4
0030_00,Numeric,InitialBlastStock,1
0030_00,Numeric,AttackChargeSpeedsBySmashLevel[0],3
0030_00,Numeric,AttackChargeSpeedsBySmashLevel[1],5.4
0030_00,Numeric,AttackChargeSpeedsBySmashLevel[2],7.5
0030_00,Numeric,PursuitBaseLimit,1
0030_00,Numeric,PursuitLimitDragonHoming,0
0030_00,Numeric,PursuitLimitVanishingAttack,0
0030_00,Numeric,PursuitBaseLimitAddAtSparking,4
0030_00,Numeric,PursuitLimitDragonHomingAddAtSparking,0
0030_00,Numeric,PursuitLimitVanishingAttackAddAtSparking,0
0030_00,Numeric,PursuitLimitLightningAttackAddAtSparking,0
0030_00,Numeric,IdealPositionMidAirKick,50
0030_00,Numeric,ReactionSplitHighBorder,0.6
0030_00,Numeric,ReactionSplitMidBorder,0.4
0030_00,Numeric,ReactionSplitLowBorder,0.2
0030_00,Numeric,BulletNum,5
0030_00,Numeric,JumpBulletNum,5
0030_00,Numeric,JumpBulletSetNum,1
0030_00,Numeric,RushBulletLimit,5
0030_00,Numeric,SmashBulletLimit,1
0030_00,Numeric,AttackBreakSkillGaugeGain,0.15
0030_00,Numeric,FastAvoidSkillGaugeGain,0.05
0030_00,Numeric,ThrowBreakSkillGaugeGain,0.1
0030_00,Numeric,BackAttackedSkillGaugeGain,0.03
0030_00,Numeric,LastOneHPSkillGaugeGain,1
0030_00,Numeric,ImpactStartSkillGaugeGain,1
0030_00,Numeric,RushOffsetSkillGaugeGain,0.05
0030_00,Numeric,CollisionOffsetSkillGaugeGain,0.5
0030_00,Numeric,DragonHomingChangeTrajectorySkillGaugeGain,0.1
0030_00,Numeric,BurstSmashGaugeGain,0.1
0030_00,Numeric,ExParam,1
0030_00,Steps,StepShortDash.AddToSpeedScale,60000
0030_00,Steps,StepShortDash.MaxAcceleration,60000
0030_00,Steps,StepShortDash.BrakingDeceleration,30000
0030_00,Steps,StepShortDash.ElapsedTimeToOT,0.033333
0030_00,Steps,StepShortDash.Duration,0.333333
0030_00,Steps,StepShortDash.CoolTime,0.05
0030_00,Steps,StepShortDash.bIsStopClearSpeed,true
0030_00,Steps,StepShortDash.StopBrakingDeceleration,10000000
0030_00,Steps,StepShortDash.SpCost,2650
0030_00,Steps,StepCancelShortDash.AddToSpeedScale,60000
0030_00,Steps,StepCancelShortDash.MaxAcceleration,60000
0030_00,Steps,StepCancelShortDash.BrakingDeceleration,30000
0030_00,Steps,StepCancelShortDash.ElapsedTimeToOT,0.033333
0030_00,Steps,StepCancelShortDash.Duration,0.333333
0030_00,Steps,StepCancelShortDash.CoolTime,0.416667
0030_00,Steps,StepCancelShortDash.bIsStopClearSpeed,true
0030_00,Steps,StepCancelShortDash.StopBrakingDeceleration,10000000
0030_00,Steps,StepCancelShortDash.SpCost,1325
0030_00,DragonDash,SpCostIN,500
0030_00,DragonDash,SpCostLP,3920
0030_00,DragonDash,SpCostBK,5200
0030_00,DragonDash,HighSpeedSpCostLP,4900
0030_00,ZBurstDash,SpCostIN,10000
0030_00,ZBurstDash,SpCostLP,11000
0030_00,ZBurstDash,BurstSmashSpCostLP,3500
0030_00,DashUpDown,SpCostUpIN,1000
0030_00,DashUpDown,SpCostUpLP,7840
0030_00,DashUpDown,SpCostDownIN,1000
0030_00,DashUpDown,SpCostDownLP,7840
0030_00,DragonHoming,SpCostIN,250
0030_00,DragonHoming,SpCostLP,3500
0031_00,Character,DestroyedPower,4
0031_00,Character,AbilityFlag.SparkingArmor,false
0031_00,Character,AbilityFlag.AutoReflect,false
0031_00,Character,AbilityFlag.bCanHighSpeedMove,false
0031_00,Character,AbilityFlag.bCanSuperHighSpeedMove,false
0031_00,Character,ActionFlag.DragonTornado,true
0031_00,Character,ActionFlag.HeavyCrash,true
0031_00,Character,ActionFlag.DawnThrow,true
0031_00,Character,ActionFlag.PowerPress,true
0031_00,Character,ActionFlag.TriAttack,true
0031_00,Character,ChaseChangeBlastSlot,EKoratBlastSlotType::BlastSkill1
0031_00,Numeric,Life,40000
0031_00,Numeric,DamageRate,1.1
0031_00,Numeric,SPAutoRecoverySpeed,1750
0031_00,Numeric,SPAutoRecoverySpeedScaleUnderOneGauge,1.3
0031_00,Numeric,SPChargeSpeed,7
0031_00,Numeric,SPChargeSpeedUnderAutoRecoveryLimit,10.5
0031_00,Numeric,SparkingModeGaugeDecreaseSpeed,2800
0031_00,Numeric,AttackChargeSpeedsBySmashLevel[0],3
0031_00,Numeric,AttackChargeSpeedsBySmashLevel[1],5.4
0031_00,Numeric,AttackChargeSpeedsBySmashLevel[2],7.5
0031_00,Numeric,PursuitBaseLimit,2
0031_00,Numeric,PursuitLimitDragonHoming,0
0031_00,Numeric,PursuitLimitVanishingAttack,0
0031_00,Numeric,PursuitBaseLimitAddAtSparking,2
0031_00,Numeric,PursuitLimitDragonHomingAddAtSparking,0
0031_00,Numeric,PursuitLimitVanishingAttackAddAtSparking,0
0031_00,Numeric,PursuitLimitLightningAttackAddAtSparking,0
0031_00,Numeric,IdealPositionMidAirKick,55
0031_00,Numeric,ReactionSplitHighBorder,0.6
0031_00,Numeric,ReactionSplitMidBorder,0.4
0031_00,Numeric,ReactionSplitLowBorder,0.2
0031_00,Numeric,BulletNum,6
0031_00,Numeric,JumpBulletNum,3
0031_00,Numeric,RushBulletLimit,6
0031_00,Numeric,SmashBulletLimit,1
0031_00,Numeric,RepelSkillGaugeGainRate,1.1
0031_00,Numeric,AttackBreakSkillGaugeGain,0.15
0031_00,Numeric,FastAvoidSkillGaugeGain,0.05
0031_00,Numeric,ThrowBreakSkillGaugeGain,0.1
0031_00,Numeric,BackAttackedSkillGaugeGain,0.03
0031_00,Numeric,LastOneHPSkillGaugeGain,1
0031_00,Numeric,ImpactStartSkillGaugeGain,1
0031_00,Numeric,RushOffsetSkillGaugeGain,0.05
0031_00,Numeric,CollisionOffsetSkillGaugeGain,0.5
0031_00,Numeric,DragonHomingChangeTrajectorySkillGaugeGain,0.1
0031_00,Numeric,BurstSmashGaugeGain,0.1
0031_00,Numeric,ExParam,2
0031_00,Steps,StepShortDash.AddToSpeedScale,60000
0031_00,Steps,StepShortDash.MaxAcceleration,60000
0031_00,Steps,StepShortDash.BrakingDeceleration,30000
0031_00,Steps,StepShortDash.ElapsedTimeToOT,0.033333
0031_00,Steps,StepShortDash.Duration,0.333333
0031_00,Steps,StepShortDash.CoolTime,0.05
0031_00,Steps,StepShortDash.bIsStopClearSpeed,true
0031_00,Steps,StepShortDash.StopBrakingDeceleration,10000000
0031_00,Steps,StepShortDash.SpCost,2650
0031_00,Steps,StepCancelShortDash.AddToSpeedScale,60000
0031_00,Steps,StepCancelShortDash.MaxAcceleration,60000
0031_00,Steps,StepCancelShortDash.BrakingDeceleration,30000
0031_00,Steps,StepCancelShortDash.ElapsedTimeToOT,0.033333
0031_00,Steps,StepCancelShortDash.Duration,0.333333
0031_00,Steps,StepCancelShortDash.CoolTime,0.416667
0031_00,Steps,StepCancelShortDash.bIsStopClearSpeed,true
0031_00,Steps,StepCancelShortDash.StopBrakingDeceleration,10000000
0031_00,Steps,StepCancelShortDash.SpCost,1325
0031_00,DragonDash,SpCostIN,500
0031_00,DragonDash,SpCostLP,3920
0031_00,DragonDash,SpCostBK,5200
0031_00,DragonDash,HighSpeedSpCostLP,4900
0031_00,ZBurstDash,SpCostIN,10000
0031_00,ZBurstDash,SpCostLP,11000
0031_00,ZBurstDash,BurstSmashSpCostLP,3500
0031_00,DashUpDown,SpCostUpIN,1000
0031_00,DashUpDown,SpCostUpLP,7840
0031_00,DashUpDown,SpCostDownIN,1000
0031_00,DashUpDown,SpCostDownLP,7840
0031_00,DragonHoming,SpCostIN,250
0031_00,DragonHoming,SpCostLP,3500
0031_01,Character,DestroyedPower,6
0031_01,Character,AbilityFlag.SparkingArmor,false
0031_01,Character,AbilityFlag.AutoReflect,false
0031_01,Character,AbilityFlag.bCanHighSpeedMove,false
0031_01,Character,AbilityFlag.bCanSuperHighSpeedMove,false
0031_01,Character,ActionFlag.DragonTornado,true
0031_01,Character,ActionFlag.HeavyCrash,true
0031_01,Character,ActionFlag.DawnThrow,true
0031_01,Character,ActionFlag.PowerPress,true
0031_01,Character,ActionFlag.TriAttack,true
0031_01,Character,ChaseChangeBlastSlot,EKoratBlastSlotType::BlastSkill1
0031_01,Numeric,Life,40000
0031_01,Numeric,DamageRate,1.1
0031_01,Numeric,SPAutoRecoverySpeed,1500
0031_01,Numeric,SPAutoRecoverySpeedScaleUnderOneGauge,1.3
0031_01,Numeric,SPChargeSpeed,8
0031_01,Numeric,SPChargeSpeedUnderAutoRecoveryLimit,12
0031_01,Numeric,SparkingModeGaugeDecreaseSpeed,2800
0031_01,Numeric,AttackChargeSpeedsBySmashLevel[0],3
0031_01,Numeric,AttackChargeSpeedsBySmashLevel[1],5.4
0031_01,Numeric,AttackChargeSpeedsBySmashLevel[2],7.5
0031_01,Numeric,PursuitBaseLimit,2
0031_01,Numeric,PursuitLimitDragonHoming,0
0031_01,Numeric,PursuitLimitVanishingAttack,0
0031_01,Numeric,PursuitBaseLimitAddAtSparking,2
0031_01,Numeric,PursuitLimitDragonHomingAddAtSparking,0
0031_01,Numeric,PursuitLimitVanishingAttackAddAtSparking,0
0031_01,Numeric,PursuitLimitLightningAttackAddAtSparking,0
0031_01,Numeric,IdealPositionMidAirKick,55
0031_01,Numeric,ReactionSplitHighBorder,0.6
0031_01,Numeric,ReactionSplitMidBorder,0.4
0031_01,Numeric,ReactionSplitLowBorder,0.2
0031_01,Numeric,BulletNum,7
0031_01,Numeric,JumpBulletNum,7
0031_01,Numeric,JumpBulletSetNum,1
0031_01,Numeric,RushBulletLimit,7
0031_01,Numeric,SmashBulletLimit,1
0031_01,Numeric,RepelSkillGaugeGainRate,1.1
0031_01,Numeric,AttackBreakSkillGaugeGain,0.15
0031_01,Numeric,FastAvoidSkillGaugeGain,0.05
0031_01,Numeric,ThrowBreakSkillGaugeGain,0.1
0031_01,Numeric,BackAttackedSkillGaugeGain,0.03
0031_01,Numeric,LastOneHPSkillGaugeGain,1
0031_01,Numeric,ImpactStartSkillGaugeGain,1
0031_01,Numeric,RushOffsetSkillGaugeGain,0.05
0031_01,Numeric,CollisionOffsetSkillGaugeGain,0.5
0031_01,Numeric,DragonHomingChangeTrajectorySkillGaugeGain,0.1
0031_01,Numeric,BurstSmashGaugeGain,0.1
0031_01,Numeric,ExParam,2
0031_01,Steps,StepShortDash.AddToSpeedScale,60000
0031_01,Steps,StepShortDash.MaxAcceleration,60000
0031_01,Steps,StepShortDash.BrakingDeceleration,30000
0031_01,Steps,StepShortDash.ElapsedTimeToOT,0.033333
0031_01,Steps,StepShortDash.Duration,0.333333
0031_01,Steps,StepShortDash.CoolTime,0.05
0031_01,Steps,StepShortDash.bIsStopClearSpeed,true
0031_01,Steps,StepShortDash.StopBrakingDeceleration,10000000
0031_01,Steps,StepShortDash.SpCost,2650
0031_01,Steps,StepCancelShortDash.AddToSpeedScale,60000
0031_01,Steps,StepCancelShortDash.MaxAcceleration,60000
0031_01,Steps,StepCancelShortDash.BrakingDeceleration,30000
0031_01,Steps,StepCancelShortDash.ElapsedTimeToOT,0.033333
0031_01,Steps,StepCancelShortDash.Duration,0.333333
0031_01,Steps,StepCancelShortDash.CoolTime,0.416667
0031_01,Steps,StepCancelShortDash.bIsStopClearSpeed,true
0031_01,Steps,StepCancelShortDash.StopBrakingDeceleration,10000000
0031_01,Steps,StepCancelShortDash.SpCost,1325
0031_01,DragonDash,SpCostIN,500
0031_01,DragonDash,SpCostLP,3920
0031_01,DragonDash,SpCostBK,5200
0031_01,DragonDash,HighSpeedSpCostLP,4900
0031_01,ZBurstDash,SpCostIN,10000
0031_01,ZBurstDash,SpCostLP,11000
0031_01,ZBurstDash,BurstSmashSpCostLP,3500
0031_01,DashUpDown,SpCostUpIN,1000
0031_01,DashUpDown,SpCostUpLP,7840
0031_01,DashUpDown,SpCostDownIN,1000
0031_01,DashUpDown,SpCostDownLP,7840
0031_01,DragonHoming,SpCostIN,250
0031_01,DragonHoming,SpCostLP,3500
0031_02,Character,DestroyedPower,7
0031_02,Character,ActionFlag.DragonTornado,true
0031_02,Character,ActionFlag.PowerPress,true
0031_02,Character,ActionFlag.TriAttack,true
0031_02,Character,ChaseChangeBlastSlot,EKoratBlastSlotType::BlastSkill1
0031_02,Numeric,Life,40000
0031_02,Numeric,DamageRate,1.1
0031_02,Numeric,SPAutoRecoverySpeed,1500
0031_02,Numeric,SPAutoRecoverySpeedScaleUnderOneGauge,1.3
0031_02,Numeric,SPChargeSpeed,8
0031_02,Numeric,SPChargeSpeedUnderAutoRecoveryLimit,12
0031_02,Numeric,SparkingModeGaugeDecreaseSpeed,2800
0031_02,Numeric,AttackChargeSpeedsBySmashLevel[0],3
0031_02,Numeric,AttackChargeSpeedsBySmashLevel[1],5.4
0031_02,Numeric,AttackChargeSpeedsBySmashLevel[2],7.5
0031_02,Numeric,PursuitBaseLimit,3
0031_02,Numeric,PursuitLimitDragonHoming,0
0031_02,Numeric,PursuitLimitVanishingAttack,0
0031_02,Numeric,PursuitBaseLimitAddAtSparking,3
0031_02,Numeric,PursuitLimitDragonHomingAddAtSparking,0
0031_02,Numeric,PursuitLimitVanishingAttackAddAtSparking,0
0031_02,Numeric,PursuitLimitLightningAttackAddAtSparking,0
0031_02,Numeric,IdealPositionMidAirKick,55
0031_02,Numeric,ReactionSplitHighBorder,0.6
0031_02,Numeric,ReactionSplitMidBorder,0.4
0031_02,Numeric,ReactionSplitLowBorder,0.2
0031_02,Numeric,BulletNum,8
0031_02,Numeric,JumpBulletNum,7
0031_02,Numeric,JumpBulletSetNum,1
0031_02,Numeric,DashBulletNum,5
0031_02,Numeric,RushBulletLimit,8
0031_02,Numeric,SmashBulletLimit,1
0031_02,Numeric,RepelSkillGaugeGainRate,1.1
0031_02,Numeric,AttackBreakSkillGaugeGain,0.15
0031_02,Numeric,FastAvoidSkillGaugeGain,0.05
0031_02,Numeric,ThrowBreakSkillGaugeGain,0.1
0031_02,Numeric,BackAttackedSkillGaugeGain,0.03
0031_02,Numeric,LastOneHPSkillGaugeGain,1
0031_02,Numeric,ImpactStartSkillGaugeGain,1
0031_02,Numeric,RushOffsetSkillGaugeGain,0.05
0031_02,Numeric,CollisionOffsetSkillGaugeGain,0.5
0031_02,Numeric,DragonHomingChangeTrajectorySkillGaugeGain,0.1
0031_02,Numeric,BurstSmashGaugeGain,0.1
0031_02,Numeric,ExParam,4
0031_02,Steps,StepShortDash.AddToSpeedScale,60000
0031_02,Steps,StepShortDash.MaxAcceleration,60000
0031_02,Steps,StepShortDash.BrakingDeceleration,30000
0031_02,Steps,StepShortDash.ElapsedTimeToOT,0.033333
0031_02,Steps,StepShortDash.Duration,0.333333
0031_02,Steps,StepShortDash.CoolTime,0.05
0031_02,Steps,StepShortDash.bIsStopClearSpeed,true
0031_02,Steps,StepShortDash.StopBrakingDeceleration,10000000
0031_02,Steps,StepShortDash.SpCost,2650
0031_02,Steps,StepCancelShortDash.AddToSpeedScale,60000
0031_02,Steps,StepCancelShortDash.MaxAcceleration,60000
0031_02,Steps,StepCancelShortDash.BrakingDeceleration,30000
0031_02,Steps,StepCancelShortDash.ElapsedTimeToOT,0.033333
0031_02,Steps,StepCancelShortDash.Duration,0.333333
0031_02,Steps,StepCancelShortDash.CoolTime,0.416667
0031_02,Steps,StepCancelShortDash.bIsStopClearSpeed,true
0031_02,Steps,StepCancelShortDash.StopBrakingDeceleration,10000000
0031_02,Steps,StepCancelShortDash.SpCost,1325
0031_02,DragonDash,SpCostIN,500
0031_02,DragonDash,SpCostLP,3920
0031_02,DragonDash,SpCostBK,5200
0031_02,DragonDash,HighSpeedSpCostLP,4900
0031_02,ZBurstDash,SpCostIN,10000
0031_02,ZBurstDash,SpCostLP,11000
0031_02,ZBurstDash,BurstSmashSpCostLP,3500
0031_02,DashUpDown,SpCostUpIN,1000
0031_02,DashUpDown,SpCostUpLP,7840
0031_02,DashUpDown,SpCostDownIN,1000
0031_02,DashUpDown,SpCostDownLP,7840
0031_02,DragonHoming,SpCostIN,250
0031_02,DragonHoming,SpCostLP,3500
0032_00,Character,DestroyedPower,4
0032_00,Character,AbilityFlag.SparkingArmor,false
0032_00,Character,AbilityFlag.AutoReflect,false
0032_00,Character,ActionFlag.PowerPress,true
0032_00,Character,ActionFlag.TriAttack,true
0032_00,Character,ActionFlag.AirRush,true
0032_00,Character,ActionFlag.DeltaStorm,true
0032_00,Character,ChaseChangeBlastSlot,EKoratBlastSlotType::BlastSkill1
0032_00,Numeric,Life,40000
0032_00,Numeric,SPAutoRecoverySpeed,1750
0032_00,Numeric,SPAutoRecoverySpeedScaleUnderOneGauge,1.3
0032_00,Numeric,SPChargeSpeed,7
0032_00,Numeric,SPChargeSpeedUnderAutoRecoveryLimit,10.5
0032_00,Numeric,SparkingModeGaugeDecreaseSpeed,2800
0032_00,Numeric,AttackChargeSpeedsBySmashLevel[0],3
0032_00,Numeric,AttackChargeSpeedsBySmashLevel[1],5.4
0032_00,Numeric,AttackChargeSpeedsBySmashLevel[2],7.5
0032_00,Numeric,PursuitBaseLimit,2
0032_00,Numeric,PursuitLimitDragonHoming,0
0032_00,Numeric,PursuitLimitVanishingAttack,0
0032_00,Numeric,PursuitBaseLimitAddAtSparking,2
0032_00,Numeric,PursuitLimitDragonHomingAddAtSparking,0
0032_00,Numeric,PursuitLimitVanishingAttackAddAtSparking,0
0032_00,Numeric,PursuitLimitLightningAttackAddAtSparking,0
0032_00,Numeric,IdealPositionMidAirKick,74
0032_00,Numeric,ReactionSplitHighBorder,0.7
0032_00,Numeric,ReactionSplitMidBorder,0.35
0032_00,Numeric,ReactionSplitLowBorder,0.175
0032_00,Numeric,BulletNum,5
0032_00,Numeric,JumpBulletNum,5
0032_00,Numeric,JumpBulletSetNum,1
0032_00,Numeric,RushBulletLimit,5
0032_00,Numeric,SmashBulletLimit,1
0032_00,Numeric,RepelSkillGaugeGainRate,1.1
0032_00,Numeric,AttackBreakSkillGaugeGain,0.15
0032_00,Numeric,FastAvoidSkillGaugeGain,0.05
0032_00,Numeric,ThrowBreakSkillGaugeGain,0.1
0032_00,Numeric,BackAttackedSkillGaugeGain,0.03
0032_00,Numeric,LastOneHPSkillGaugeGain,1
0032_00,Numeric,ImpactStartSkillGaugeGain,1
0032_00,Numeric,RushOffsetSkillGaugeGain,0.05
0032_00,Numeric,CollisionOffsetSkillGaugeGain,0.5
0032_00,Numeric,DragonHomingChangeTrajectorySkillGaugeGain,0.1
0032_00,Numeric,BurstSmashGaugeGain,0.1
0032_00,Numeric,ExParam,3
0032_00,Steps,StepShortDash.AddToSpeedScale,60000
0032_00,Steps,StepShortDash.MaxAcceleration,60000
0032_00,Steps,StepShortDash.BrakingDeceleration,30000
0032_00,Steps,StepShortDash.ElapsedTimeToOT,0.033333
0032_00,Steps,StepShortDash.Duration,0.333333
0032_00,Steps,StepShortDash.CoolTime,0.05
0032_00,Steps,StepShortDash.bIsStopClearSpeed,true
0032_00,Steps,StepShortDash.StopBrakingDeceleration,10000000
0032_00,Steps,StepShortDash.SpCost,2650
0032_00,Steps,StepCancelShortDash.AddToSpeedScale,60000
0032_00,Steps,StepCancelShortDash.MaxAcceleration,60000
0032_00,Steps,StepCancelShortDash.BrakingDeceleration,30000
0032_00,Steps,StepCancelShortDash.ElapsedTimeToOT,0.033333
0032_00,Steps,StepCancelShortDash.Duration,0.333333
0032_00,Steps,StepCancelShortDash.CoolTime,0.416667
0032_00,Steps,StepCancelShortDash.bIsStopClearSpeed,true
0032_00,Steps,StepCancelShortDash.StopBrakingDeceleration,10000000
0032_00,Steps,StepCancelShortDash.SpCost,1325
0032_00,DragonDash,SpCostIN,500
0032_00,DragonDash,SpCostLP,3920
0032_00,DragonDash,SpCostBK,5200
0032_00,DragonDash,HighSpeedSpCostLP,4900
0032_00,ZBurstDash,SpCostIN,10000
0032_00,ZBurstDash,SpCostLP,11000
0032_00,ZBurstDash,BurstSmashSpCostLP,3500
0032_00,DashUpDown,SpCostUpIN,1000
0032_00,DashUpDown,SpCostUpLP,7840
0032_00,DashUpDown,SpCostDownIN,1000
0032_00,DashUpDown,SpCostDownLP,7840
0032_00,DragonHoming,SpCostIN,250
0032_00,DragonHoming,SpCostLP,3500
0032_01,Character,DestroyedPower,6
0032_01,Character,AbilityFlag.SparkingArmor,false
0032_01,Character,AbilityFlag.AutoReflect,false
0032_01,Character,ActionFlag.PowerPress,true
0032_01,Character,ActionFlag.TriAttack,true
0032_01,Character,ActionFlag.AirRush,true
0032_01,Character,ActionFlag.DeltaStorm,true
0032_01,Character,ChaseChangeBlastSlot,EKoratBlastSlotType::BlastSkill1
0032_01,Numeric,Life,40000
0032_01,Numeric,SPAutoRecoverySpeed,1500
0032_01,Numeric,SPAutoRecoverySpeedScaleUnderOneGauge,1.3
0032_01,Numeric,SPChargeSpeed,8
0032_01,Numeric,SPChargeSpeedUnderAutoRecoveryLimit,12
0032_01,Numeric,SparkingModeGaugeDecreaseSpeed,2800
0032_01,Numeric,BlastStock,4
0032_01,Numeric,AttackChargeSpeedsBySmashLevel[0],3
0032_01,Numeric,AttackChargeSpeedsBySmashLevel[1],5.4
0032_01,Numeric,AttackChargeSpeedsBySmashLevel[2],7.5
0032_01,Numeric,PursuitBaseLimit,2
0032_01,Numeric,PursuitLimitDragonHoming,0
0032_01,Numeric,PursuitLimitVanishingAttack,0
0032_01,Numeric,PursuitBaseLimitAddAtSparking,2
0032_01,Numeric,PursuitLimitDragonHomingAddAtSparking,0
0032_01,Numeric,PursuitLimitVanishingAttackAddAtSparking,0
0032_01,Numeric,PursuitLimitLightningAttackAddAtSparking,0
0032_01,Numeric,IdealPositionMidAirKick,74
0032_01,Numeric,ReactionSplitHighBorder,0.7
0032_01,Numeric,ReactionSplitMidBorder,0.35
0032_01,Numeric,ReactionSplitLowBorder,0.175
0032_01,Numeric,BulletNum,6
0032_01,Numeric,JumpBulletNum,3
0032_01,Numeric,RushBulletLimit,6
0032_01,Numeric,SmashBulletLimit,1
0032_01,Numeric,AttackBreakSkillGaugeGain,0.15
0032_01,Numeric,FastAvoidSkillGaugeGain,0.05
0032_01,Numeric,ThrowBreakSkillGaugeGain,0.1
0032_01,Numeric,BackAttackedSkillGaugeGain,0.03
0032_01,Numeric,LastOneHPSkillGaugeGain,1
0032_01,Numeric,ImpactStartSkillGaugeGain,1
0032_01,Numeric,RushOffsetSkillGaugeGain,0.05
0032_01,Numeric,CollisionOffsetSkillGaugeGain,0.5
0032_01,Numeric,DragonHomingChangeTrajectorySkillGaugeGain,0.1
0032_01,Numeric,BurstSmashGaugeGain,0.1
0032_01,Numeric,ExParam,4
0032_01,Steps,StepShortDash.AddToSpeedScale,60000
0032_01,Steps,StepShortDash.MaxAcceleration,60000
0032_01,Steps,StepShortDash.BrakingDeceleration,30000
0032_01,Steps,StepShortDash.ElapsedTimeToOT,0.033333
0032_01,Steps,StepShortDash.Duration,0.333333
0032_01,Steps,StepShortDash.CoolTime,0.05
0032_01,Steps,StepShortDash.bIsStopClearSpeed,true
0032_01,Steps,StepShortDash.StopBrakingDeceleration,10000000
0032_01,Steps,StepShortDash.SpCost,2650
0032_01,Steps,StepCancelShortDash.AddToSpeedScale,60000
0032_01,Steps,StepCancelShortDash.MaxAcceleration,60000
0032_01,Steps,StepCancelShortDash.BrakingDeceleration,30000
0032_01,Steps,StepCancelShortDash.ElapsedTimeToOT,0.033333
0032_01,Steps,StepCancelShortDash.Duration,0.333333
0032_01,Steps,StepCancelShortDash.CoolTime,0.416667
0032_01,Steps,StepCancelShortDash.bIsStopClearSpeed,true
0032_01,Steps,StepCancelShortDash.StopBrakingDeceleration,10000000
0032_01,Steps,StepCancelShortDash.SpCost,1325
0032_01,DragonDash,SpCostIN,500
0032_01,DragonDash,SpCostLP,3920
0032_01,DragonDash,SpCostBK,5200
0032_01,DragonDash,HighSpeedSpCostLP,4900
0032_01,ZBurstDash,SpCostIN,10000
0032_01,ZBurstDash,SpCostLP,11000
0032_01,ZBurstDash,BurstSmashSpCostLP,3500
0032_01,DashUpDown,SpCostUpIN,1000
0032_01,DashUpDown,SpCostUpLP,7840
0032_01,DashUpDown,SpCostDownIN,1000
0032_01,DashUpDown,SpCostDownLP,7840
0032_01,DragonHoming,SpCostIN,250
0032_01,DragonHoming,SpCostLP,3500
0032_02,Character,DestroyedPower,7
0032_02,Character,AbilityFlag.SparkingArmor,false
0032_02,Character,ActionFlag.PowerPress,true
0032_02,Character,ActionFlag.TriAttack,true
0032_02,Character,ActionFlag.AirRush,true
0032_02,Character,ActionFlag.DeltaStorm,true
0032_02,Character,ChaseChangeBlastSlot,EKoratBlastSlotType::BlastSkill1
0032_02,Numeric,Life,40000
0032_02,Numeric,SPAutoRecoverySpeed,1500
0032_02,Numeric,SPAutoRecoverySpeedScaleUnderOneGauge,1.3
0032_02,Numeric,SPChargeSpeed,8
0032_02,Numeric,SPChargeSpeedUnderAutoRecoveryLimit,12
0032_02,Numeric,SparkingModeGaugeDecreaseSpeed,2800
0032_02,Numeric,BlastStock,4
0032_02,Numeric,AttackChargeSpeedsBySmashLevel[0],3
0032_02,Numeric,AttackChargeSpeedsBySmashLevel[1],5.4
0032_02,Numeric,AttackChargeSpeedsBySmashLevel[2],7.5
0032_02,Numeric,PursuitBaseLimit,2
0032_02,Numeric,PursuitLimitDragonHoming,0
0032_02,Numeric,PursuitLimitVanishingAttack,0
0032_02,Numeric,PursuitBaseLimitAddAtSparking,2
0032_02,Numeric,PursuitLimitDragonHomingAddAtSparking,0
0032_02,Numeric,PursuitLimitVanishingAttackAddAtSparking,0
0032_02,Numeric,PursuitLimitLightningAttackAddAtSparking,0
0032_02,Numeric,IdealPositionMidAirKick,74
0032_02,Numeric,ReactionSplitHighBorder,0.7
0032_02,Numeric,ReactionSplitMidBorder,0.35
0032_02,Numeric,ReactionSplitLowBorder,0.175
0032_02,Numeric,BulletNum,7
0032_02,Numeric,JumpBulletNum,7
0032_02,Numeric,JumpBulletSetNum,1
0032_02,Numeric,RushBulletLimit,7
0032_02,Numeric,SmashBulletLimit,1
0032_02,Numeric,AttackBreakSkillGaugeGain,0.15
0032_02,Numeric,FastAvoidSkillGaugeGain,0.05
0032_02,Numeric,ThrowBreakSkillGaugeGain,0.1
0032_02,Numeric,BackAttackedSkillGaugeGain,0.03
0032_02,Numeric,LastOneHPSkillGaugeGain,1
0032_02,Numeric,ImpactStartSkillGaugeGain,1
0032_02,Numeric,RushOffsetSkillGaugeGain,0.05
0032_02,Numeric,CollisionOffsetSkillGaugeGain,0.5
0032_02,Numeric,DragonHomingChangeTrajectorySkillGaugeGain,0.1
0032_02,Numeric,BurstSmashGaugeGain,0.1
0032_02,Numeric,ExParam,4
0032_02,Steps,StepShortDash.AddToSpeedScale,60000
0032_02,Steps,StepShortDash.MaxAcceleration,60000
0032_02,Steps,StepShortDash.BrakingDeceleration,30000
0032_02,Steps,StepShortDash.ElapsedTimeToOT,0.033333
0032_02,Steps,StepShortDash.Duration,0.333333
0032_02,Steps,StepShortDash.CoolTime,0.05
0032_02,Steps,StepShortDash.bIsStopClearSpeed,true
0032_02,Steps,StepShortDash.StopBrakingDeceleration,10000000
0032_02,Steps,StepShortDash.SpCost,2650
0032_02,Steps,StepCancelShortDash.AddToSpeedScale,60000
0032_02,Steps,StepCancelShortDash.MaxAcceleration,60000
0032_02,Steps,StepCancelShortDash.BrakingDeceleration,30000
0032_02,Steps,StepCancelShortDash.ElapsedTimeToOT,0.033333
0032_02,Steps,StepCancelShortDash.Duration,0.333333
0032_02,Steps,StepCancelShortDash.CoolTime,0.416667
0032_02,Steps,StepCancelShortDash.bIsStopClearSpeed,true
0032_02,Steps,StepCancelShortDash.StopBrakingDeceleration,10000000
0032_02,Steps,StepCancelShortDash.SpCost,1325
0032_02,DragonDash,SpCostIN,500
0032_02,DragonDash,SpCostLP,3920
0032_02,DragonDash,SpCostBK,5200
0032_02,DragonDash,HighSpeedSpCostLP,4900
0032_02,ZBurstDash,SpCostIN,10000
0032_02,ZBurstDash,SpCostLP,11000
0032_02,ZBurstDash,BurstSmashSpCostLP,3500
0032_02,DashUpDown,SpCostUpIN,1000
0032_02,DashUpDown,SpCostUpLP,7840
0032_02,DashUpDown,SpCostDownIN,1000
0032_02,DashUpDown,SpCostDownLP,7840
0032_02,DragonHoming,SpCostIN,250
0032_02,DragonHoming,SpCostLP,3500
0032_10,Character,DestroyedPower,4
0032_10,Character,AbilityFlag.SparkingArmor,false
0032_10,Character,AbilityFlag.AutoReflect,false
0032_10,Character,AbilityFlag.bSunglasses,true
0032_10,Character,ActionFlag.HeavyCrash,true
0032_10,Character,ActionFlag.PowerPress,true
0032_10,Character,ActionFlag.TriAttack,true
0032_10,Character,ActionFlag.AirRush,true
0032_10,Character,ChaseChangeBlastSlot,EKoratBlastSlotType::BlastSkill1
0032_10,Numeric,Life,40000
0032_10,Numeric,SPAutoRecoverySpeed,1750
0032_10,Numeric,SPAutoRecoverySpeedScaleUnderOneGauge,1.3
0032_10,Numeric,SPChargeSpeed,7
0032_10,Numeric,SPChargeSpeedUnderAutoRecoveryLimit,10.5
0032_10,Numeric,SparkingModeGaugeDecreaseSpeed,2800
0032_10,Numeric,AttackChargeSpeedsBySmashLevel[0],3
0032_10,Numeric,AttackChargeSpeedsBySmashLevel[1],5.4
0032_10,Numeric,AttackChargeSpeedsBySmashLevel[2],7.5
0032_10,Numeric,PursuitBaseLimit,2
0032_10,Numeric,PursuitLimitDragonHoming,0
0032_10,Numeric,PursuitLimitVanishingAttack,0
0032_10,Numeric,PursuitBaseLimitAddAtSparking,2
0032_10,Numeric,PursuitLimitDragonHomingAddAtSparking,0
0032_10,Numeric,PursuitLimitVanishingAttackAddAtSparking,0
0032_10,Numeric,PursuitLimitLightningAttackAddAtSparking,0
0032_10,Numeric,IdealPositionMidAirKick,74
0032_10,Numeric,ReactionSplitHighBorder,0.7
0032_10,Numeric,ReactionSplitMidBorder,0.35
0032_10,Numeric,ReactionSplitLowBorder,0.175
0032_10,Numeric,BulletNum,5
0032_10,Numeric,JumpBulletNum,5
0032_10,Numeric,JumpBulletSetNum,1
0032_10,Numeric,RushBulletLimit,5
0032_10,Numeric,SmashBulletLimit,1
0032_10,Numeric,RepelSkillGaugeGainRate,1.1
0032_10,Numeric,AttackBreakSkillGaugeGain,0.15
0032_10,Numeric,FastAvoidSkillGaugeGain,0.05
0032_10,Numeric,ThrowBreakSkillGaugeGain,0.1
0032_10,Numeric,BackAttackedSkillGaugeGain,0.03
0032_10,Numeric,LastOneHPSkillGaugeGain,1
0032_10,Numeric,ImpactStartSkillGaugeGain,1
0032_10,Numeric,RushOffsetSkillGaugeGain,0.05
0032_10,Numeric,CollisionOffsetSkillGaugeGain,0.5
0032_10,Numeric,DragonHomingChangeTrajectorySkillGaugeGain,0.1
0032_10,Numeric,BurstSmashGaugeGain,0.1
0032_10,Numeric,ExParam,2
0032_10,Steps,StepShortDash.AddToSpeedScale,60000
0032_10,Steps,StepShortDash.MaxAcceleration,60000
0032_10,Steps,StepShortDash.BrakingDeceleration,30000
0032_10,Steps,StepShortDash.ElapsedTimeToOT,0.033333
0032_10,Steps,StepShortDash.Duration,0.333333
0032_10,Steps,StepShortDash.CoolTime,0.05
0032_10,Steps,StepShortDash.bIsStopClearSpeed,true
0032_10,Steps,StepShortDash.StopBrakingDeceleration,10000000
0032_10,Steps,StepShortDash.SpCost,2650
0032_10,Steps,StepCancelShortDash.AddToSpeedScale,60000
0032_10,Steps,StepCancelShortDash.MaxAcceleration,60000
0032_10,Steps,StepCancelShortDash.BrakingDeceleration,30000
0032_10,Steps,StepCancelShortDash.ElapsedTimeToOT,0.033333
0032_10,Steps,StepCancelShortDash.Duration,0.333333
0032_10,Steps,StepCancelShortDash.CoolTime,0.416667
0032_10,Steps,StepCancelShortDash.bIsStopClearSpeed,true
0032_10,Steps,StepCancelShortDash.StopBrakingDeceleration,10000000
0032_10,Steps,StepCancelShortDash.SpCost,1325
0032_10,DragonDash,SpCostIN,500
0032_10,DragonDash,SpCostLP,3920
0032_10,DragonDash,SpCostBK,5200
0032_10,DragonDash,HighSpeedSpCostLP,4900
0032_10,ZBurstDash,SpCostIN,10000
0032_10,ZBurstDash,SpCostLP,11000
0032_10,ZBurstDash,BurstSmashSpCostLP,3500
0032_10,DashUpDown,SpCostUpIN,1000
0032_10,DashUpDown,SpCostUpLP,7840
0032_10,DashUpDown,SpCostDownIN,1000
0032_10,DashUpDown,SpCostDownLP,7840
0032_10,DragonHoming,SpCostIN,250
0032_10,DragonHoming,SpCostLP,3500
0032_20,Character,DestroyedPower,7
0032_20,Character,AbilityFlag.SparkingArmor,false
0032_20,Character,ActionFlag.PowerPress,true
0032_20,Character,ActionFlag.TriAttack,true
0032_20,Character,ActionFlag.AirRush,true
0032_20,Character,ActionFlag.DeltaStorm,true
0032_20,Character,ChaseChangeBlastSlot,EKoratBlastSlotType::BlastSkill2
0032_20,Numeric,Life,40000
0032_20,Numeric,InitialSP,30000
0032_20,Numeric,SPAutoRecoverySpeed,1750
0032_20,Numeric,SPAutoRecoverySpeedScaleUnderOneGauge,1.3
0032_20,Numeric,SPChargeSpeed,7
0032_20,Numeric,SPChargeSpeedUnderAutoRecoveryLimit,10.5
0032_20,Numeric,SparkingModeGaugeDecreaseSpeed,2800
0032_20,Numeric,AttackChargeSpeedsBySmashLevel[0],3
0032_20,Numeric,AttackChargeSpeedsBySmashLevel[1],5.4
0032_20,Numeric,AttackChargeSpeedsBySmashLevel[2],7.5
0032_20,Numeric,PursuitBaseLimit,3
0032_20,Numeric,PursuitLimitDragonHoming,0
0032_20,Numeric,PursuitLimitVanishingAttack,0
0032_20,Numeric,PursuitBaseLimitAddAtSparking,2
0032_20,Numeric,PursuitLimitDragonHomingAddAtSparking,0
0032_20,Numeric,PursuitLimitVanishingAttackAddAtSparking,0
0032_20,Numeric,PursuitLimitLightningAttackAddAtSparking,0
0032_20,Numeric,IdealPositionMidAirKick,74
0032_20,Numeric,ReactionSplitHighBorder,0.7
0032_20,Numeric,ReactionSplitMidBorder,0.35
0032_20,Numeric,ReactionSplitLowBorder,0.175
0032_20,Numeric,BulletNum,9
0032_20,Numeric,DashBulletNum,6
0032_20,Numeric,RushBulletLimit,9
0032_20,Numeric,SmashBulletLimit,1
0032_20,Numeric,RepelSkillGaugeGainRate,1.1
0032_20,Numeric,AttackBreakSkillGaugeGain,0.15
0032_20,Numeric,FastAvoidSkillGaugeGain,0.05
0032_20,Numeric,ThrowBreakSkillGaugeGain,0.1
0032_20,Numeric,BackAttackedSkillGaugeGain,0.03
0032_20,Numeric,LastOneHPSkillGaugeGain,1
0032_20,Numeric,ImpactStartSkillGaugeGain,1
0032_20,Numeric,RushOffsetSkillGaugeGain,0.05
0032_20,Numeric,CollisionOffsetSkillGaugeGain,0.5
0032_20,Numeric,DragonHomingChangeTrajectorySkillGaugeGain,0.1
0032_20,Numeric,BurstSmashGaugeGain,0.1
0032_20,Numeric,ExParam,5
0032_20,Steps,StepShortDash.AddToSpeedScale,60000
0032_20,Steps,StepShortDash.MaxAcceleration,60000
0032_20,Steps,StepShortDash.BrakingDeceleration,30000
0032_20,Steps,StepShortDash.ElapsedTimeToOT,0.033333
0032_20,Steps,StepShortDash.Duration,0.333333
0032_20,Steps,StepShortDash.CoolTime,0.05
0032_20,Steps,StepShortDash.bIsStopClearSpeed,true
0032_20,Steps,StepShortDash.StopBrakingDeceleration,10000000
0032_20,Steps,StepShortDash.SpCost,2650
0032_20,Steps,StepCancelShortDash.AddToSpeedScale,60000
0032_20,Steps,StepCancelShortDash.MaxAcceleration,60000
0032_20,Steps,StepCancelShortDash.BrakingDeceleration,30000
0032_20,Steps,StepCancelShortDash.ElapsedTimeToOT,0.033333
0032_20,Steps,StepCancelShortDash.Duration,0.333333
0032_20,Steps,StepCancelShortDash.CoolTime,0.416667
0032_20,Steps,StepCancelShortDash.bIsStopClearSpeed,true
0032_20,Steps,StepCancelShortDash.StopBrakingDeceleration,10000000
0032_20,Steps,StepCancelShortDash.SpCost,1325
0032_20,DragonDash,SpCostIN,500
0032_20,DragonDash,SpCostLP,3920
0032_20,DragonDash,SpCostBK,5200
0032_20,DragonDash,HighSpeedSpCostLP,4900
0032_20,ZBurstDash,SpCostIN,10000
0032_20,ZBurstDash,SpCostLP,11000
0032_20,ZBurstDash,BurstSmashSpCostLP,3500
0032_20,DashUpDown,SpCostUpIN,1000
0032_20,DashUpDown,SpCostUpLP,7840
0032_20,DashUpDown,SpCostDownIN,1000
0032_20,DashUpDown,SpCostDownLP,7840
0032_20,DragonHoming,SpCostIN,250
0032_20,DragonHoming,SpCostLP,3500
0032_30,Character,AbilityFlag.SparkingArmor,false
0032_30,Character,AbilityFlag.AutoReflect,false
0032_30,Character,AbilityFlag.bCannotPowerImpact,true
0032_30,Character,AbilityFlag.bCanHighSpeedMove,false
0032_30,Character,AbilityFlag.bCanSuperHighSpeedMove,false
0032_30,Character,ActionFlag.CannonCombo,true
0032_30,Character,ActionFlag.PowerPress,true
0032_30,Character,ActionFlag.AirRush,true
0032_30,Character,ActionFlag.DeltaStorm,true
0032_30,Character,ChaseChangeBlastSlot,EKoratBlastSlotType::BlastSkill2
0032_30,Character,HPTriggerBuff[0].TriggerHP,5000
0032_30,Numeric,Life,40000
0032_30,Numeric,SPAutoRecoverySpeed,1750
0032_30,Numeric,SPAutoRecoverySpeedScaleUnderOneGauge,1.3
0032_30,Numeric,SPChargeSpeed,7
0032_30,Numeric,SPChargeSpeedUnderAutoRecoveryLimit,10.5
0032_30,Numeric,SparkingModeGaugeDecreaseSpeed,2800
0032_30,Numeric,StunReactionRecoverySpeedScale,1.3
0032_30,Numeric,StunReactionInputRecoverySpeedScale,1.3
0032_30,Numeric,LimitBoostRecoverySpeedScale,1.3
0032_30,Numeric,LimitBoostInputRecoverySpeedScale,1.3
0032_30,Numeric,AttackChargeSpeedsBySmashLevel[0],3
0032_30,Numeric,AttackChargeSpeedsBySmashLevel[1],5.4
0032_30,Numeric,AttackChargeSpeedsBySmashLevel[2],7.5
0032_30,Numeric,PursuitBaseLimit,2
0032_30,Numeric,PursuitLimitDragonHoming,0
0032_30,Numeric,PursuitLimitVanishingAttack,0
0032_30,Numeric,PursuitBaseLimitAddAtSparking,2
0032_30,Numeric,PursuitLimitDragonHomingAddAtSparking,0
0032_30,Numeric,PursuitLimitVanishingAttackAddAtSparking,0
0032_30,Numeric,PursuitLimitLightningAttackAddAtSparking,0
0032_30,Numeric,IdealPositionMidAirKick,74
0032_30,Numeric,ReactionSplitHighBorder,0.7
0032_30,Numeric,ReactionSplitMidBorder,0.35
0032_30,Numeric,ReactionSplitLowBorder,0.175
0032_30,Numeric,BulletNum,6
0032_30,Numeric,JumpBulletNum,3
0032_30,Numeric,RushBulletLimit,6
0032_30,Numeric,SmashBulletLimit,1
0032_30,Numeric,RepelSkillGaugeGainRate,1.1
0032_30,Numeric,AttackBreakSkillGaugeGain,0.15
0032_30,Numeric,FastAvoidSkillGaugeGain,0.05
0032_30,Numeric,ThrowBreakSkillGaugeGain,0.1
0032_30,Numeric,BackAttackedSkillGaugeGain,0.03
0032_30,Numeric,LastOneHPSkillGaugeGain,1
0032_30,Numeric,ImpactStartSkillGaugeGain,1
0032_30,Numeric,RushOffsetSkillGaugeGain,0.05
0032_30,Numeric,CollisionOffsetSkillGaugeGain,0.5
0032_30,Numeric,DragonHomingChangeTrajectorySkillGaugeGain,0.1
0032_30,Numeric,BurstSmashGaugeGain,0.1
0032_30,Numeric,ExParam,4
0032_30,Steps,StepShortDash.AddToSpeedScale,60000
0032_30,Steps,StepShortDash.MaxAcceleration,60000
0032_30,Steps,StepShortDash.BrakingDeceleration,30000
0032_30,Steps,StepShortDash.ElapsedTimeToOT,0.033333
0032_30,Steps,StepShortDash.Duration,0.333333
0032_30,Steps,StepShortDash.CoolTime,0.05
0032_30,Steps,StepShortDash.bIsStopClearSpeed,true
0032_30,Steps,StepShortDash.StopBrakingDeceleration,10000000
0032_30,Steps,StepShortDash.SpCost,2650
0032_30,Steps,StepCancelShortDash.AddToSpeedScale,60000
0032_30,Steps,StepCancelShortDash.MaxAcceleration,60000
0032_30,Steps,StepCancelShortDash.BrakingDeceleration,30000
0032_30,Steps,StepCancelShortDash.ElapsedTimeToOT,0.033333
0032_30,Steps,StepCancelShortDash.Duration,0.333333
0032_30,Steps,StepCancelShortDash.CoolTime,0.416667
0032_30,Steps,StepCancelShortDash.bIsStopClearSpeed,true
0032_30,Steps,StepCancelShortDash.StopBrakingDeceleration,10000000
0032_30,Steps,StepCancelShortDash.SpCost,1325
0032_30,DragonDash,SpCostIN,500
0032_30,DragonDash,SpCostLP,3920
0032_30,DragonDash,SpCostBK,5200
0032_30,DragonDash,HighSpeedSpCostLP,4900
0032_30,ZBurstDash,SpCostIN,10000
0032_30,ZBurstDash,SpCostLP,11000
0032_30,ZBurstDash,BurstSmashSpCostLP,3500
0032_30,DashUpDown,SpCostUpIN,1000
0032_30,DashUpDown,SpCostUpLP,7840
0032_30,DashUpDown,SpCostDownIN,1000
0032_30,DashUpDown,SpCostDownLP,7840
0032_30,DragonHoming,SpCostIN,250
0032_30,DragonHoming,SpCostLP,3500
0032_31,Character,DestroyedPower,6
0032_31,Character,AbilityFlag.SparkingArmor,false
0032_31,Character,AbilityFlag.AutoReflect,false
0032_31,Character,AbilityFlag.bCannotPowerImpact,true
0032_31,Character,AbilityFlag.bCanHighSpeedMove,false
0032_31,Character,AbilityFlag.bCanSuperHighSpeedMove,false
0032_31,Character,ActionFlag.CannonCombo,true
0032_31,Character,ActionFlag.PowerPress,true
0032_31,Character,ActionFlag.AirRush,true
0032_31,Character,ChaseChangeBlastSlot,EKoratBlastSlotType::BlastSkill1
0032_31,Character,HPTriggerBuff[0].TriggerHP,5000
0032_31,Numeric,Life,40000
0032_31,Numeric,SPAutoRecoverySpeed,1500
0032_31,Numeric,SPAutoRecoverySpeedScaleUnderOneGauge,1.3
0032_31,Numeric,SPChargeSpeed,8
0032_31,Numeric,SPChargeSpeedUnderAutoRecoveryLimit,12
0032_31,Numeric,SparkingModeGaugeDecreaseSpeed,2800
0032_31,Numeric,StunReactionRecoverySpeedScale,1.3
0032_31,Numeric,StunReactionInputRecoverySpeedScale,1.3
0032_31,Numeric,LimitBoostRecoverySpeedScale,1.3
0032_31,Numeric,LimitBoostInputRecoverySpeedScale,1.3
0032_31,Numeric,BlastStock,6
0032_31,Numeric,AttackChargeSpeedsBySmashLevel[0],3
0032_31,Numeric,AttackChargeSpeedsBySmashLevel[1],5.4
0032_31,Numeric,AttackChargeSpeedsBySmashLevel[2],7.5
0032_31,Numeric,PursuitBaseLimit,2
0032_31,Numeric,PursuitLimitDragonHoming,0
0032_31,Numeric,PursuitLimitVanishingAttack,0
0032_31,Numeric,PursuitBaseLimitAddAtSparking,3
0032_31,Numeric,PursuitLimitDragonHomingAddAtSparking,0
0032_31,Numeric,PursuitLimitVanishingAttackAddAtSparking,0
0032_31,Numeric,PursuitLimitLightningAttackAddAtSparking,0
0032_31,Numeric,IdealPositionMidAirKick,74
0032_31,Numeric,ReactionSplitHighBorder,0.7
0032_31,Numeric,ReactionSplitMidBorder,0.35
0032_31,Numeric,ReactionSplitLowBorder,0.175
0032_31,Numeric,BulletNum,7
0032_31,Numeric,JumpBulletNum,7
0032_31,Numeric,JumpBulletSetNum,1
0032_31,Numeric,RushBulletLimit,7
0032_31,Numeric,SmashBulletLimit,1
0032_31,Numeric,RepelSkillGaugeGainRate,1.2
0032_31,Numeric,AttackBreakSkillGaugeGain,0.15
0032_31,Numeric,FastAvoidSkillGaugeGain,0.05
0032_31,Numeric,ThrowBreakSkillGaugeGain,0.1
0032_31,Numeric,BackAttackedSkillGaugeGain,0.03
0032_31,Numeric,LastOneHPSkillGaugeGain,1
0032_31,Numeric,ImpactStartSkillGaugeGain,1
0032_31,Numeric,RushOffsetSkillGaugeGain,0.05
0032_31,Numeric,CollisionOffsetSkillGaugeGain,0.5
0032_31,Numeric,DragonHomingChangeTrajectorySkillGaugeGain,0.1
0032_31,Numeric,BurstSmashGaugeGain,0.1
0032_31,Numeric,ExParam,5
0032_31,Steps,StepShortDash.AddToSpeedScale,60000
0032_31,Steps,StepShortDash.MaxAcceleration,60000
0032_31,Steps,StepShortDash.BrakingDeceleration,30000
0032_31,Steps,StepShortDash.ElapsedTimeToOT,0.033333
0032_31,Steps,StepShortDash.Duration,0.333333
0032_31,Steps,StepShortDash.CoolTime,0.05
0032_31,Steps,StepShortDash.bIsStopClearSpeed,true
0032_31,Steps,StepShortDash.StopBrakingDeceleration,10000000
0032_31,Steps,StepShortDash.SpCost,2650
0032_31,Steps,StepCancelShortDash.AddToSpeedScale,60000
0032_31,Steps,StepCancelShortDash.MaxAcceleration,60000
0032_31,Steps,StepCancelShortDash.BrakingDeceleration,30000
0032_31,Steps,StepCancelShortDash.ElapsedTimeToOT,0.033333
0032_31,Steps,StepCancelShortDash.Duration,0.333333
0032_31,Steps,StepCancelShortDash.CoolTime,0.416667
0032_31,Steps,StepCancelShortDash.bIsStopClearSpeed,true
0032_31,Steps,StepCancelShortDash.StopBrakingDeceleration,10000000
0032_31,Steps,StepCancelShortDash.SpCost,1325
0032_31,DragonDash,SpCostIN,500
0032_31,DragonDash,SpCostLP,3920
0032_31,DragonDash,SpCostBK,5200
0032_31,DragonDash,HighSpeedSpCostLP,4900
0032_31,ZBurstDash,SpCostIN,10000
0032_31,ZBurstDash,SpCostLP,11000
0032_31,ZBurstDash,BurstSmashSpCostLP,3500
0032_31,DashUpDown,SpCostUpIN,1000
0032_31,DashUpDown,SpCostUpLP,7840
0032_31,DashUpDown,SpCostDownIN,1000
0032_31,DashUpDown,SpCostDownLP,7840
0032_31,DragonHoming,SpCostIN,250
0032_31,DragonHoming,SpCostLP,3500
0040_00,Character,DestroyedPower,4
0040_00,Character,AbilityFlag.SparkingArmor,false
0040_00,Character,AbilityFlag.AutoReflect,false
0040_00,Character,AbilityFlag.bCanHighSpeedMove,false
0040_00,Character,AbilityFlag.bCanSuperHighSpeedMove,false
0040_00,Character,ActionFlag.PowerPress,true
0040_00,Character,ActionFlag.TriAttack,true
0040_00,Character,ActionFlag.DeltaStorm,true
0040_00,Character,ChaseChangeBlastSlot,EKoratBlastSlotType::BlastSkill1
0040_00,Numeric,Life,40000
0040_00,Numeric,SPAutoRecoverySpeed,1750
0040_00,Numeric,SPAutoRecoverySpeedScaleUnderOneGauge,1.3
0040_00,Numeric,SPChargeSpeed,7
0040_00,Numeric,SPChargeSpeedUnderAutoRecoveryLimit,10.5
0040_00,Numeric,SparkingModeGaugeDecreaseSpeed,2800
0040_00,Numeric,AttackChargeSpeedsBySmashLevel[0],3
0040_00,Numeric,AttackChargeSpeedsBySmashLevel[1],5.4
0040_00,Numeric,AttackChargeSpeedsBySmashLevel[2],7.5
0040_00,Numeric,PursuitBaseLimit,2
0040_00,Numeric,PursuitLimitDragonHoming,0
0040_00,Numeric,PursuitLimitVanishingAttack,0
0040_00,Numeric,PursuitBaseLimitAddAtSparking,2
0040_00,Numeric,PursuitLimitDragonHomingAddAtSparking,0
0040_00,Numeric,PursuitLimitVanishingAttackAddAtSparking,0
0040_00,Numeric,PursuitLimitLightningAttackAddAtSparking,0
0040_00,Numeric,IdealPositionMidAirKick,86
0040_00,Numeric,ReactionSplitHighBorder,0.6
0040_00,Numeric,ReactionSplitMidBorder,0.4
0040_00,Numeric,ReactionSplitLowBorder,0.2
0040_00,Numeric,BulletNum,6
0040_00,Numeric,JumpBulletNum,3
0040_00,Numeric,RushBulletLimit,6
0040_00,Numeric,SmashBulletLimit,1
0040_00,Numeric,RepelSkillGaugeGainRate,1.1
0040_00,Numeric,AttackBreakSkillGaugeGain,0.15
0040_00,Numeric,FastAvoidSkillGaugeGain,0.05
0040_00,Numeric,ThrowBreakSkillGaugeGain,0.1
0040_00,Numeric,BackAttackedSkillGaugeGain,0.03
0040_00,Numeric,LastOneHPSkillGaugeGain,1
0040_00,Numeric,ImpactStartSkillGaugeGain,1
0040_00,Numeric,RushOffsetSkillGaugeGain,0.05
0040_00,Numeric,CollisionOffsetSkillGaugeGain,0.5
0040_00,Numeric,DragonHomingChangeTrajectorySkillGaugeGain,0.1
0040_00,Numeric,BurstSmashGaugeGain,0.1
0040_00,Numeric,ExParam,8
0040_00,Steps,StepShortDash.AddToSpeedScale,60000
0040_00,Steps,StepShortDash.MaxAcceleration,60000
0040_00,Steps,StepShortDash.BrakingDeceleration,30000
0040_00,Steps,StepShortDash.ElapsedTimeToOT,0.033333
0040_00,Steps,StepShortDash.Duration,0.333333
0040_00,Steps,StepShortDash.CoolTime,0.05
0040_00,Steps,StepShortDash.bIsStopClearSpeed,true
0040_00,Steps,StepShortDash.StopBrakingDeceleration,10000000
0040_00,Steps,StepShortDash.SpCost,2650
0040_00,Steps,StepCancelShortDash.AddToSpeedScale,60000
0040_00,Steps,StepCancelShortDash.MaxAcceleration,60000
0040_00,Steps,StepCancelShortDash.BrakingDeceleration,30000
0040_00,Steps,StepCancelShortDash.ElapsedTimeToOT,0.033333
0040_00,Steps,StepCancelShortDash.Duration,0.333333
0040_00,Steps,StepCancelShortDash.CoolTime,0.416667
0040_00,Steps,StepCancelShortDash.bIsStopClearSpeed,true
0040_00,Steps,StepCancelShortDash.StopBrakingDeceleration,10000000
0040_00,Steps,StepCancelShortDash.SpCost,1325
0040_00,DragonDash,SpCostIN,500
0040_00,DragonDash,SpCostLP,3920
0040_00,DragonDash,SpCostBK,5200
0040_00,DragonDash,HighSpeedSpCostLP,4900
0040_00,ZBurstDash,SpCostIN,10000
0040_00,ZBurstDash,SpCostLP,11000
0040_00,ZBurstDash,BurstSmashSpCostLP,3500
0040_00,DashUpDown,SpCostUpIN,1000
0040_00,DashUpDown,SpCostUpLP,7840
0040_00,DashUpDown,SpCostDownIN,1000
0040_00,DashUpDown,SpCostDownLP,7840
0040_00,DragonHoming,SpCostIN,250
0040_00,DragonHoming,SpCostLP,3500
0040_10,Character,AbilityFlag.SparkingArmor,false
0040_10,Character,AbilityFlag.AutoReflect,false
0040_10,Character,ActionFlag.HeavyCrash,true
0040_10,Character,ActionFlag.PowerPress,true
0040_10,Character,ActionFlag.TriAttack,true
0040_10,Character,ChaseChangeBlastSlot,EKoratBlastSlotType::BlastSkill2
0040_10,Numeric,Life,40000
0040_10,Numeric,InitialSP,30000
0040_10,Numeric,SPAutoRecoverySpeed,1750
0040_10,Numeric,SPAutoRecoverySpeedScaleUnderOneGauge,1.3
0040_10,Numeric,SPChargeSpeed,7
0040_10,Numeric,SPChargeSpeedUnderAutoRecoveryLimit,10.5
0040_10,Numeric,SparkingModeGaugeDecreaseSpeed,2800
0040_10,Numeric,BlastStock,6
0040_10,Numeric,AttackChargeSpeedsBySmashLevel[0],3
0040_10,Numeric,AttackChargeSpeedsBySmashLevel[1],5.4
0040_10,Numeric,AttackChargeSpeedsBySmashLevel[2],7.5
0040_10,Numeric,PursuitBaseLimit,2
0040_10,Numeric,PursuitLimitDragonHoming,0
0040_10,Numeric,PursuitLimitVanishingAttack,0
0040_10,Numeric,PursuitBaseLimitAddAtSparking,2
0040_10,Numeric,PursuitLimitDragonHomingAddAtSparking,0
0040_10,Numeric,PursuitLimitVanishingAttackAddAtSparking,0
0040_10,Numeric,PursuitLimitLightningAttackAddAtSparking,0
0040_10,Numeric,IdealPositionMidAirKick,86
0040_10,Numeric,ReactionSplitHighBorder,0.6
0040_10,Numeric,ReactionSplitMidBorder,0.4
0040_10,Numeric,ReactionSplitLowBorder,0.2
0040_10,Numeric,BulletNum,7
0040_10,Numeric,JumpBulletNum,7
0040_10,Numeric,JumpBulletSetNum,1
0040_10,Numeric,RushBulletLimit,7
0040_10,Numeric,SmashBulletLimit,1
0040_10,Numeric,RepelSkillGaugeGainRate,1.2
0040_10,Numeric,AttackBreakSkillGaugeGain,0.15
0040_10,Numeric,FastAvoidSkillGaugeGain,0.05
0040_10,Numeric,ThrowBreakSkillGaugeGain,0.1
0040_10,Numeric,BackAttackedSkillGaugeGain,0.03
0040_10,Numeric,LastOneHPSkillGaugeGain,1
0040_10,Numeric,ImpactStartSkillGaugeGain,1
0040_10,Numeric,RushOffsetSkillGaugeGain,0.05
0040_10,Numeric,CollisionOffsetSkillGaugeGain,0.5
0040_10,Numeric,DragonHomingChangeTrajectorySkillGaugeGain,0.1
0040_10,Numeric,BurstSmashGaugeGain,0.1
0040_10,Numeric,ExParam,4
0040_10,Steps,StepShortDash.AddToSpeedScale,60000
0040_10,Steps,StepShortDash.MaxAcceleration,60000
0040_10,Steps,StepShortDash.BrakingDeceleration,30000
0040_10,Steps,StepShortDash.ElapsedTimeToOT,0.033333
0040_10,Steps,StepShortDash.Duration,0.333333
0040_10,Steps,StepShortDash.CoolTime,0.05
0040_10,Steps,StepShortDash.bIsStopClearSpeed,true
0040_10,Steps,StepShortDash.StopBrakingDeceleration,10000000
0040_10,Steps,StepShortDash.SpCost,2650
0040_10,Steps,StepCancelShortDash.AddToSpeedScale,60000
0040_10,Steps,StepCancelShortDash.MaxAcceleration,60000
0040_10,Steps,StepCancelShortDash.BrakingDeceleration,30000
0040_10,Steps,StepCancelShortDash.ElapsedTimeToOT,0.033333
0040_10,Steps,StepCancelShortDash.Duration,0.333333
0040_10,Steps,StepCancelShortDash.CoolTime,0.416667
0040_10,Steps,StepCancelShortDash.bIsStopClearSpeed,true
0040_10,Steps,StepCancelShortDash.StopBrakingDeceleration,10000000
0040_10,Steps,StepCancelShortDash.SpCost,1325
0040_10,DragonDash,SpCostIN,500
0040_10,DragonDash,SpCostLP,3920
0040_10,DragonDash,SpCostBK,5200
0040_10,DragonDash,HighSpeedSpCostLP,4900
0040_10,ZBurstDash,SpCostIN,10000
0040_10,ZBurstDash,SpCostLP,11000
0040_10,ZBurstDash,BurstSmashSpCostLP,3500
0040_10,DashUpDown,SpCostUpIN,1000
0040_10,DashUpDown,SpCostUpLP,7840
0040_10,DashUpDown,SpCostDownIN,1000
0040_10,DashUpDown,SpCostDownLP,7840
0040_10,DragonHoming,SpCostIN,250
0040_10,DragonHoming,SpCostLP,3500
0040_20,Character,DestroyedPower,4
0040_20,Character,AbilityFlag.SparkingArmor,false
0040_20,Character,AbilityFlag.AutoReflect,false
0040_20,Character,AbilityFlag.bCanHighSpeedMove,false
0040_20,Character,AbilityFlag.bCanSuperHighSpeedMove,false
0040_20,Character,ActionFlag.PowerPress,true
0040_20,Character,ActionFlag.TriAttack,true
0040_20,Character,ActionFlag.DeltaStorm,true
0040_20,Character,ChaseChangeBlastSlot,EKoratBlastSlotType::BlastSkill2
0040_20,Numeric,Life,40000
0040_20,Numeric,SPAutoRecoverySpeed,1750
0040_20,Numeric,SPAutoRecoverySpeedScaleUnderOneGauge,1.3
0040_20,Numeric,SPChargeSpeed,7
0040_20,Numeric,SPChargeSpeedUnderAutoRecoveryLimit,10.5
0040_20,Numeric,SparkingModeGaugeDecreaseSpeed,2800
0040_20,Numeric,AttackChargeSpeedsBySmashLevel[0],3
0040_20,Numeric,AttackChargeSpeedsBySmashLevel[1],5.4
0040_20,Numeric,AttackChargeSpeedsBySmashLevel[2],7.5
0040_20,Numeric,PursuitBaseLimit,2
0040_20,Numeric,PursuitLimitDragonHoming,0
0040_20,Numeric,PursuitLimitVanishingAttack,0
0040_20,Numeric,PursuitBaseLimitAddAtSparking,2
0040_20,Numeric,PursuitLimitDragonHomingAddAtSparking,0
0040_20,Numeric,PursuitLimitVanishingAttackAddAtSparking,0
0040_20,Numeric,PursuitLimitLightningAttackAddAtSparking,0
0040_20,Numeric,IdealPositionMidAirKick,86
0040_20,Numeric,ReactionSplitHighBorder,0.6
0040_20,Numeric,ReactionSplitMidBorder,0.4
0040_20,Numeric,ReactionSplitLowBorder,0.2
0040_20,Numeric,BulletNum,5
0040_20,Numeric,JumpBulletNum,5
0040_20,Numeric,JumpBulletSetNum,1
0040_20,Numeric,RushBulletLimit,5
0040_20,Numeric,SmashBulletLimit,1
0040_20,Numeric,RepelSkillGaugeGainRate,1.1
0040_20,Numeric,AttackBreakSkillGaugeGain,0.15
0040_20,Numeric,FastAvoidSkillGaugeGain,0.05
0040_20,Numeric,ThrowBreakSkillGaugeGain,0.1
0040_20,Numeric,BackAttackedSkillGaugeGain,0.03
0040_20,Numeric,LastOneHPSkillGaugeGain,1
0040_20,Numeric,ImpactStartSkillGaugeGain,1
0040_20,Numeric,RushOffsetSkillGaugeGain,0.05
0040_20,Numeric,CollisionOffsetSkillGaugeGain,0.5
0040_20,Numeric,DragonHomingChangeTrajectorySkillGaugeGain,0.1
0040_20,Numeric,BurstSmashGaugeGain,0.1
0040_20,Numeric,ExParam,2
0040_20,Steps,StepShortDash.AddToSpeedScale,60000
0040_20,Steps,StepShortDash.MaxAcceleration,60000
0040_20,Steps,StepShortDash.BrakingDeceleration,30000
0040_20,Steps,StepShortDash.ElapsedTimeToOT,0.033333
0040_20,Steps,StepShortDash.Duration,0.333333
0040_20,Steps,StepShortDash.CoolTime,0.05
0040_20,Steps,StepShortDash.bIsStopClearSpeed,true
0040_20,Steps,StepShortDash.StopBrakingDeceleration,10000000
0040_20,Steps,StepShortDash.SpCost,2650
0040_20,Steps,StepCancelShortDash.AddToSpeedScale,60000
0040_20,Steps,StepCancelShortDash.MaxAcceleration,60000
0040_20,Steps,StepCancelShortDash.BrakingDeceleration,30000
0040_20,Steps,StepCancelShortDash.ElapsedTimeToOT,0.033333
0040_20,Steps,StepCancelShortDash.Duration,0.333333
0040_20,Steps,StepCancelShortDash.CoolTime,0.416667
0040_20,Steps,StepCancelShortDash.bIsStopClearSpeed,true
0040_20,Steps,StepCancelShortDash.StopBrakingDeceleration,10000000
0040_20,Steps,StepCancelShortDash.SpCost,1325
0040_20,DragonDash,SpCostIN,500
0040_20,DragonDash,SpCostLP,3920
0040_20,DragonDash,SpCostBK,5200
0040_20,DragonDash,HighSpeedSpCostLP,4900
0040_20,ZBurstDash,SpCostIN,10000
0040_20,ZBurstDash,SpCostLP,11000
0040_20,ZBurstDash,BurstSmashSpCostLP,3500
0040_20,DashUpDown,SpCostUpIN,1000
0040_20,DashUpDown,SpCostUpLP,7840
0040_20,DashUpDown,SpCostDownIN,1000
0040_20,DashUpDown,SpCostDownLP,7840
0040_20,DragonHoming,SpCostIN,250
0040_20,DragonHoming,SpCostLP,3500
0050_00,Character,DestroyedPower,3
0050_00,Character,AbilityFlag.SparkingArmor,false
0050_00,Character,AbilityFlag.AutoReflect,false
0050_00,Character,AbilityFlag.bCanHighSpeedMove,false
0050_00,Character,AbilityFlag.bCanSuperHighSpeedMove,false
0050_00,Character,ActionFlag.DragonTornado,true
0050_00,Character,ActionFlag.HeavyCrash,true
0050_00,Character,ActionFlag.DawnThrow,true
0050_00,Character,ActionFlag.PowerPress,true
0050_00,Character,ActionFlag.TriAttack,true
0050_00,Character,ChaseChangeBlastSlot,EKoratBlastSlotType::BlastSkill1
0050_00,Numeric,Life,35000
0050_00,Numeric,DamageRate,1.1
0050_00,Numeric,InitialSP,10000
0050_00,Numeric,SPAutoRecoverySpeed,1750
0050_00,Numeric,SPAutoRecoverySpeedScaleUnderOneGauge,1.3
0050_00,Numeric,SPChargeSpeed,7
0050_00,Numeric,SPChargeSpeedUnderAutoRecoveryLimit,10.5
0050_00,Numeric,SparkingModeGaugeDecreaseSpeed,2800
0050_00,Numeric,BlastStock,4
0050_00,Numeric,AttackChargeSpeedsBySmashLevel[0],3
0050_00,Numeric,AttackChargeSpeedsBySmashLevel[1],5.4
0050_00,Numeric,AttackChargeSpeedsBySmashLevel[2],7.5
0050_00,Numeric,PursuitBaseLimit,2
0050_00,Numeric,PursuitLimitDragonHoming,0
0050_00,Numeric,PursuitLimitVanishingAttack,0
0050_00,Numeric,PursuitBaseLimitAddAtSparking,1
0050_00,Numeric,PursuitLimitDragonHomingAddAtSparking,0
0050_00,Numeric,PursuitLimitVanishingAttackAddAtSparking,0
0050_00,Numeric,PursuitLimitLightningAttackAddAtSparking,0
0050_00,Numeric,IdealPositionMidAirKick,60
0050_00,Numeric,ReactionSplitHighBorder,0.6
0050_00,Numeric,ReactionSplitMidBorder,0.4
0050_00,Numeric,ReactionSplitLowBorder,0.2
0050_00,Numeric,BulletNum,5
0050_00,Numeric,JumpBulletNum,5
0050_00,Numeric,JumpBulletSetNum,1
0050_00,Numeric,RushBulletLimit,5
0050_00,Numeric,SmashBulletLimit,1
0050_00,Numeric,AttackBreakSkillGaugeGain,0.15
0050_00,Numeric,FastAvoidSkillGaugeGain,0.05
0050_00,Numeric,ThrowBreakSkillGaugeGain,0.1
0050_00,Numeric,BackAttackedSkillGaugeGain,0.03
0050_00,Numeric,LastOneHPSkillGaugeGain,1
0050_00,Numeric,ImpactStartSkillGaugeGain,1
0050_00,Numeric,RushOffsetSkillGaugeGain,0.05
0050_00,Numeric,CollisionOffsetSkillGaugeGain,0.5
0050_00,Numeric,DragonHomingChangeTrajectorySkillGaugeGain,0.1
0050_00,Numeric,BurstSmashGaugeGain,0.1
0050_00,Numeric,ExParam,4
0050_00,Steps,StepShortDash.AddToSpeedScale,60000
0050_00,Steps,StepShortDash.MaxAcceleration,60000
0050_00,Steps,StepShortDash.BrakingDeceleration,30000
0050_00,Steps,StepShortDash.ElapsedTimeToOT,0.033333
0050_00,Steps,StepShortDash.Duration,0.333333
0050_00,Steps,StepShortDash.CoolTime,0.05
0050_00,Steps,StepShortDash.bIsStopClearSpeed,true
0050_00,Steps,StepShortDash.StopBrakingDeceleration,10000000
0050_00,Steps,StepShortDash.SpCost,2650
0050_00,Steps,StepCancelShortDash.AddToSpeedScale,60000
0050_00,Steps,StepCancelShortDash.MaxAcceleration,60000
0050_00,Steps,StepCancelShortDash.BrakingDeceleration,30000
0050_00,Steps,StepCancelShortDash.ElapsedTimeToOT,0.033333
0050_00,Steps,StepCancelShortDash.Duration,0.333333
0050_00,Steps,StepCancelShortDash.CoolTime,0.416667
0050_00,Steps,StepCancelShortDash.bIsStopClearSpeed,true
0050_00,Steps,StepCancelShortDash.StopBrakingDeceleration,10000000
0050_00,Steps,StepCancelShortDash.SpCost,1325
0050_00,DragonDash,SpCostIN,500
0050_00,DragonDash,SpCostLP,3920
0050_00,DragonDash,SpCostBK,5200
0050_00,DragonDash,HighSpeedSpCostLP,4900
0050_00,ZBurstDash,SpCostIN,10000
0050_00,ZBurstDash,SpCostLP,11000
0050_00,ZBurstDash,BurstSmashSpCostLP,3500
0050_00,DashUpDown,SpCostUpIN,1000
0050_00,DashUpDown,SpCostUpLP,7840
0050_00,DashUpDown,SpCostDownIN,1000
0050_00,DashUpDown,SpCostDownLP,7840
0050_00,DragonHoming,SpCostIN,250
0050_00,DragonHoming,SpCostLP,3500
0060_00,Character,DestroyedPower,3
0060_00,Character,AbilityFlag.SparkingArmor,false
0060_00,Character,AbilityFlag.AutoReflect,false
0060_00,Character,AbilityFlag.bCanHighSpeedMove,false
0060_00,Character,AbilityFlag.bCanSuperHighSpeedMove,false
0060_00,Character,ActionFlag.HeavyCrash,true
0060_00,Character,ActionFlag.DawnThrow,true
0060_00,Character,ActionFlag.SpiralSlash,true
0060_00,Character,ActionFlag.PowerPress,true
0060_00,Character,ActionFlag.TriAttack,true
0060_00,Character,ActionFlag.AirRush,true
0060_00,Character,ChaseChangeBlastSlot,EKoratBlastSlotType::BlastSkill1
0060_00,Numeric,Life,35000
0060_00,Numeric,InitialSP,10000
0060_00,Numeric,SPAutoRecoverySpeed,1500
0060_00,Numeric,SPAutoRecoverySpeedScaleUnderOneGauge,1.3
0060_00,Numeric,SPChargeSpeed,8
0060_00,Numeric,SPChargeSpeedUnderAutoRecoveryLimit,12
0060_00,Numeric,SparkingModeGaugeDecreaseSpeed,2800
0060_00,Numeric,BlastStock,4
0060_00,Numeric,AttackChargeSpeedsBySmashLevel[0],3
0060_00,Numeric,AttackChargeSpeedsBySmashLevel[1],5.4
0060_00,Numeric,AttackChargeSpeedsBySmashLevel[2],7.5
0060_00,Numeric,PursuitBaseLimit,2
0060_00,Numeric,PursuitLimitDragonHoming,0
0060_00,Numeric,PursuitLimitVanishingAttack,0
0060_00,Numeric,PursuitBaseLimitAddAtSparking,1
0060_00,Numeric,PursuitLimitDragonHomingAddAtSparking,0
0060_00,Numeric,PursuitLimitVanishingAttackAddAtSparking,0
0060_00,Numeric,PursuitLimitLightningAttackAddAtSparking,0
0060_00,Numeric,IdealPositionMidAirKick,70
0060_00,Numeric,ReactionSplitHighBorder,0.7
0060_00,Numeric,ReactionSplitMidBorder,0.35
0060_00,Numeric,ReactionSplitLowBorder,0.175
0060_00,Numeric,BulletNum,5
0060_00,Numeric,JumpBulletNum,5
0060_00,Numeric,JumpBulletSetNum,1
0060_00,Numeric,RushBulletLimit,5
0060_00,Numeric,SmashBulletLimit,1
0060_00,Numeric,AttackBreakSkillGaugeGain,0.15
0060_00,Numeric,FastAvoidSkillGaugeGain,0.05
0060_00,Numeric,ThrowBreakSkillGaugeGain,0.1
0060_00,Numeric,BackAttackedSkillGaugeGain,0.03
0060_00,Numeric,LastOneHPSkillGaugeGain,1
0060_00,Numeric,ImpactStartSkillGaugeGain,1
0060_00,Numeric,RushOffsetSkillGaugeGain,0.05
0060_00,Numeric,CollisionOffsetSkillGaugeGain,0.5
0060_00,Numeric,DragonHomingChangeTrajectorySkillGaugeGain,0.1
0060_00,Numeric,BurstSmashGaugeGain,0.1
0060_00,Numeric,ExParam,5
0060_00,Steps,StepShortDash.AddToSpeedScale,60000
0060_00,Steps,StepShortDash.MaxAcceleration,60000
0060_00,Steps,StepShortDash.BrakingDeceleration,30000
0060_00,Steps,StepShortDash.ElapsedTimeToOT,0.033333
0060_00,Steps,StepShortDash.Duration,0.333333
0060_00,Steps,StepShortDash.CoolTime,0.05
0060_00,Steps,StepShortDash.bIsStopClearSpeed,true
0060_00,Steps,StepShortDash.StopBrakingDeceleration,10000000
0060_00,Steps,StepShortDash.SpCost,2650
0060_00,Steps,StepCancelShortDash.AddToSpeedScale,60000
0060_00,Steps,StepCancelShortDash.MaxAcceleration,60000
0060_00,Steps,StepCancelShortDash.BrakingDeceleration,30000
0060_00,Steps,StepCancelShortDash.ElapsedTimeToOT,0.033333
0060_00,Steps,StepCancelShortDash.Duration,0.333333
0060_00,Steps,StepCancelShortDash.CoolTime,0.416667
0060_00,Steps,StepCancelShortDash.bIsStopClearSpeed,true
0060_00,Steps,StepCancelShortDash.StopBrakingDeceleration,10000000
0060_00,Steps,StepCancelShortDash.SpCost,1325
0060_00,DragonDash,SpCostIN,500
0060_00,DragonDash,SpCostLP,3920
0060_00,DragonDash,SpCostBK,5200
0060_00,DragonDash,HighSpeedSpCostLP,4900
0060_00,ZBurstDash,SpCostIN,10000
0060_00,ZBurstDash,SpCostLP,11000
0060_00,ZBurstDash,BurstSmashSpCostLP,3500
0060_00,DashUpDown,SpCostUpIN,1000
0060_00,DashUpDown,SpCostUpLP,7840
0060_00,DashUpDown,SpCostDownIN,1000
0060_00,DashUpDown,SpCostDownLP,7840
0060_00,DragonHoming,SpCostIN,250
0060_00,DragonHoming,SpCostLP,3500
0070_00,Character,DestroyedPower,4
0070_00,Character,AbilityFlag.SparkingArmor,false
0070_00,Character,AbilityFlag.AutoReflect,false
0070_00,Character,AbilityFlag.bCanHighSpeedMove,false
0070_00,Character,AbilityFlag.bCanSuperHighSpeedMove,false
0070_00,Character,ActionFlag.PowerPress,true
0070_00,Character,ActionFlag.TriAttack,true
0070_00,Character,ActionFlag.AirRush,true
0070_00,Character,ActionFlag.DeltaStorm,true
0070_00,Character,ChaseChangeBlastSlot,EKoratBlastSlotType::BlastSkill1
0070_00,Numeric,Life,40000
0070_00,Numeric,SPAutoRecoverySpeed,1750
0070_00,Numeric,SPAutoRecoverySpeedScaleUnderOneGauge,1.3
0070_00,Numeric,SPChargeSpeed,7
0070_00,Numeric,SPChargeSpeedUnderAutoRecoveryLimit,10.5
0070_00,Numeric,SparkingModeGaugeDecreaseSpeed,2800
0070_00,Numeric,BlastStock,4
0070_00,Numeric,AttackChargeSpeedsBySmashLevel[0],3
0070_00,Numeric,AttackChargeSpeedsBySmashLevel[1],5.4
0070_00,Numeric,AttackChargeSpeedsBySmashLevel[2],7.5
0070_00,Numeric,PursuitBaseLimit,2
0070_00,Numeric,PursuitLimitDragonHoming,0
0070_00,Numeric,PursuitLimitVanishingAttack,0
0070_00,Numeric,PursuitBaseLimitAddAtSparking,2
0070_00,Numeric,PursuitLimitDragonHomingAddAtSparking,0
0070_00,Numeric,PursuitLimitVanishingAttackAddAtSparking,0
0070_00,Numeric,PursuitLimitLightningAttackAddAtSparking,0
0070_00,Numeric,IdealPositionMidAirKick,72
0070_00,Numeric,ReactionSplitHighBorder,0.7
0070_00,Numeric,ReactionSplitMidBorder,0.35
0070_00,Numeric,ReactionSplitLowBorder,0.175
0070_00,Numeric,BulletNum,5
0070_00,Numeric,JumpBulletNum,5
0070_00,Numeric,JumpBulletSetNum,1
0070_00,Numeric,RushBulletLimit,5
0070_00,Numeric,SmashBulletLimit,1
0070_00,Numeric,AttackBreakSkillGaugeGain,0.15
0070_00,Numeric,FastAvoidSkillGaugeGain,0.05
0070_00,Numeric,ThrowBreakSkillGaugeGain,0.1
0070_00,Numeric,BackAttackedSkillGaugeGain,0.03
0070_00,Numeric,LastOneHPSkillGaugeGain,1
0070_00,Numeric,ImpactStartSkillGaugeGain,1
0070_00,Numeric,RushOffsetSkillGaugeGain,0.05
0070_00,Numeric,CollisionOffsetSkillGaugeGain,0.5
0070_00,Numeric,DragonHomingChangeTrajectorySkillGaugeGain,0.1
0070_00,Numeric,BurstSmashGaugeGain,0.1
0070_00,Numeric,ExParam,4
0070_00,Numeric,ForceBlastEraseBlastGroups[0],GR0000_00B1
0070_00,Steps,StepShortDash.AddToSpeedScale,60000
0070_00,Steps,StepShortDash.MaxAcceleration,60000
0070_00,Steps,StepShortDash.BrakingDeceleration,30000
0070_00,Steps,StepShortDash.ElapsedTimeToOT,0.033333
0070_00,Steps,StepShortDash.Duration,0.333333
0070_00,Steps,StepShortDash.CoolTime,0.05
0070_00,Steps,StepShortDash.bIsStopClearSpeed,true
0070_00,Steps,StepShortDash.StopBrakingDeceleration,10000000
0070_00,Steps,StepShortDash.SpCost,2650
0070_00,Steps,StepCancelShortDash.AddToSpeedScale,60000
0070_00,Steps,StepCancelShortDash.MaxAcceleration,60000
0070_00,Steps,StepCancelShortDash.BrakingDeceleration,30000
0070_00,Steps,StepCancelShortDash.ElapsedTimeToOT,0.033333
0070_00,Steps,StepCancelShortDash.Duration,0.333333
0070_00,Steps,StepCancelShortDash.CoolTime,0.416667
0070_00,Steps,StepCancelShortDash.bIsStopClearSpeed,true
0070_00,Steps,StepCancelShortDash.StopBrakingDeceleration,10000000
0070_00,Steps,StepCancelShortDash.SpCost,1325
0070_00,DragonDash,SpCostIN,500
0070_00,DragonDash,SpCostLP,3920
0070_00,DragonDash,SpCostBK,5200
0070_00,DragonDash,HighSpeedSpCostLP,4900
0070_00,ZBurstDash,SpCostIN,10000
0070_00,ZBurstDash,SpCostLP,11000
0070_00,ZBurstDash,BurstSmashSpCostLP,3500
0070_00,DashUpDown,SpCostUpIN,1000
0070_00,DashUpDown,SpCostUpLP,7840
0070_00,DashUpDown,SpCostDownIN,1000
0070_00,DashUpDown,SpCostDownLP,7840
0070_00,DragonHoming,SpCostIN,250
0070_00,DragonHoming,SpCostLP,3500
0080_00,Character,DestroyedPower,4
0080_00,Character,AbilityFlag.SparkingArmor,false
0080_00,Character,AbilityFlag.AutoReflect,false
0080_00,Character,AbilityFlag.bCanHighSpeedMove,false
0080_00,Character,AbilityFlag.bCanSuperHighSpeedMove,false
0080_00,Character,ActionFlag.HeavyCrash,true
0080_00,Character,ActionFlag.DawnThrow,true
0080_00,Character,ActionFlag.CannonCombo,true
0080_00,Character,ActionFlag.SpiralSlash,true
0080_00,Character,ActionFlag.PowerPress,true
0080_00,Character,ActionFlag.AirRush,true
0080_00,Character,ChaseChangeBlastSlot,EKoratBlastSlotType::BlastSkill2
0080_00,Numeric,Life,40000
0080_00,Numeric,SPAutoRecoverySpeed,1750
0080_00,Numeric,SPAutoRecoverySpeedScaleUnderOneGauge,1.3
0080_00,Numeric,SPChargeSpeed,7
0080_00,Numeric,SPChargeSpeedUnderAutoRecoveryLimit,10.5
0080_00,Numeric,SparkingModeGaugeDecreaseSpeed,2800
0080_00,Numeric,BlastStock,4
0080_00,Numeric,AttackChargeSpeedsBySmashLevel[0],3
0080_00,Numeric,AttackChargeSpeedsBySmashLevel[1],5.4
0080_00,Numeric,AttackChargeSpeedsBySmashLevel[2],7.5
0080_00,Numeric,PursuitBaseLimit,2
0080_00,Numeric,PursuitLimitDragonHoming,0
0080_00,Numeric,PursuitLimitVanishingAttack,0
0080_00,Numeric,PursuitBaseLimitAddAtSparking,2
0080_00,Numeric,PursuitLimitDragonHomingAddAtSparking,0
0080_00,Numeric,PursuitLimitVanishingAttackAddAtSparking,0
0080_00,Numeric,PursuitLimitLightningAttackAddAtSparking,0
0080_00,Numeric,IdealPositionMidAirKick,72
0080_00,Numeric,ReactionSplitHighBorder,0.7
0080_00,Numeric,ReactionSplitMidBorder,0.35
0080_00,Numeric,ReactionSplitLowBorder,0.175
0080_00,Numeric,BulletNum,7
0080_00,Numeric,JumpBulletNum,7
0080_00,Numeric,JumpBulletSetNum,1
0080_00,Numeric,RushBulletLimit,7
0080_00,Numeric,SmashBulletLimit,1
0080_00,Numeric,AttackBreakSkillGaugeGain,0.15
0080_00,Numeric,FastAvoidSkillGaugeGain,0.05
0080_00,Numeric,ThrowBreakSkillGaugeGain,0.1
0080_00,Numeric,BackAttackedSkillGaugeGain,0.03
0080_00,Numeric,LastOneHPSkillGaugeGain,1
0080_00,Numeric,ImpactStartSkillGaugeGain,1
0080_00,Numeric,RushOffsetSkillGaugeGain,0.05
0080_00,Numeric,CollisionOffsetSkillGaugeGain,0.5
0080_00,Numeric,DragonHomingChangeTrajectorySkillGaugeGain,0.1
0080_00,Numeric,BurstSmashGaugeGain,0.1
0080_00,Numeric,ExParam,3
0080_00,Steps,StepShortDash.AddToSpeedScale,60000
0080_00,Steps,StepShortDash.MaxAcceleration,60000
0080_00,Steps,StepShortDash.BrakingDeceleration,30000
0080_00,Steps,StepShortDash.ElapsedTimeToOT,0.033333
0080_00,Steps,StepShortDash.Duration,0.333333
0080_00,Steps,StepShortDash.CoolTime,0.05
0080_00,Steps,StepShortDash.bIsStopClearSpeed,true
0080_00,Steps,StepShortDash.StopBrakingDeceleration,10000000
0080_00,Steps,StepShortDash.SpCost,2650
0080_00,Steps,StepCancelShortDash.AddToSpeedScale,60000
0080_00,Steps,StepCancelShortDash.MaxAcceleration,60000
0080_00,Steps,StepCancelShortDash.BrakingDeceleration,30000
0080_00,Steps,StepCancelShortDash.ElapsedTimeToOT,0.033333
0080_00,Steps,StepCancelShortDash.Duration,0.333333
0080_00,Steps,StepCancelShortDash.CoolTime,0.416667
0080_00,Steps,StepCancelShortDash.bIsStopClearSpeed,true
0080_00,Steps,StepCancelShortDash.StopBrakingDeceleration,10000000
0080_00,Steps,StepCancelShortDash.SpCost,1325
0080_00,DragonDash,SpCostIN,500
0080_00,DragonDash,SpCostLP,3920
0080_00,DragonDash,SpCostBK,5200
0080_00,DragonDash,HighSpeedSpCostLP,4900
0080_00,ZBurstDash,SpCostIN,10000
0080_00,ZBurstDash,SpCostLP,11000
0080_00,ZBurstDash,BurstSmashSpCostLP,3500
0080_00,DashUpDown,SpCostUpIN,1000
0080_00,DashUpDown,SpCostUpLP,7840
0080_00,DashUpDown,SpCostDownIN,1000
0080_00,DashUpDown,SpCostDownLP,7840
0080_00,DragonHoming,SpCostIN,250
0080_00,DragonHoming,SpCostLP,3500
0080_01,Character,DestroyedPower,6
0080_01,Character,AbilityFlag.SparkingArmor,false
0080_01,Character,AbilityFlag.AutoReflect,false
0080_01,Character,AbilityFlag.bCanHighSpeedMove,false
0080_01,Character,AbilityFlag.bCanSuperHighSpeedMove,false
0080_01,Character,ActionFlag.HeavyCrash,true
0080_01,Character,ActionFlag.CannonCombo,true
0080_01,Character,ActionFlag.SpiralSlash,true
0080_01,Character,ActionFlag.PowerPress,true
0080_01,Character,ActionFlag.AirRush,true
0080_01,Character,ChaseChangeBlastSlot,EKoratBlastSlotType::BlastSkill1
0080_01,Numeric,Life,40000
0080_01,Numeric,SPAutoRecoverySpeed,1500
0080_01,Numeric,SPAutoRecoverySpeedScaleUnderOneGauge,1.3
0080_01,Numeric,SPChargeSpeed,8
0080_01,Numeric,SPChargeSpeedUnderAutoRecoveryLimit,12
0080_01,Numeric,SparkingModeGaugeDecreaseSpeed,2800
0080_01,Numeric,BlastStock,4
0080_01,Numeric,AttackChargeSpeedsBySmashLevel[0],3
0080_01,Numeric,AttackChargeSpeedsBySmashLevel[1],5.4
0080_01,Numeric,AttackChargeSpeedsBySmashLevel[2],7.5
0080_01,Numeric,PursuitBaseLimit,2
0080_01,Numeric,PursuitLimitDragonHoming,0
0080_01,Numeric,PursuitLimitVanishingAttack,0
0080_01,Numeric,PursuitBaseLimitAddAtSparking,2
0080_01,Numeric,PursuitLimitDragonHomingAddAtSparking,0
0080_01,Numeric,PursuitLimitVanishingAttackAddAtSparking,0
0080_01,Numeric,PursuitLimitLightningAttackAddAtSparking,0
0080_01,Numeric,IdealPositionMidAirKick,72
0080_01,Numeric,ReactionSplitHighBorder,0.7
0080_01,Numeric,ReactionSplitMidBorder,0.35
0080_01,Numeric,ReactionSplitLowBorder,0.175
0080_01,Numeric,BulletNum,8
0080_01,Numeric,DashBulletNum,6
0080_01,Numeric,RushBulletLimit,8
0080_01,Numeric,SmashBulletLimit,1
0080_01,Numeric,AttackBreakSkillGaugeGain,0.15
0080_01,Numeric,FastAvoidSkillGaugeGain,0.05
0080_01,Numeric,ThrowBreakSkillGaugeGain,0.1
0080_01,Numeric,BackAttackedSkillGaugeGain,0.03
0080_01,Numeric,LastOneHPSkillGaugeGain,1
0080_01,Numeric,ImpactStartSkillGaugeGain,1
0080_01,Numeric,RushOffsetSkillGaugeGain,0.05
0080_01,Numeric,CollisionOffsetSkillGaugeGain,0.5
0080_01,Numeric,DragonHomingChangeTrajectorySkillGaugeGain,0.1
0080_01,Numeric,BurstSmashGaugeGain,0.1
0080_01,Numeric,ExParam,4
0080_01,Steps,StepShortDash.AddToSpeedScale,60000
0080_01,Steps,StepShortDash.MaxAcceleration,60000
0080_01,Steps,StepShortDash.BrakingDeceleration,30000
0080_01,Steps,StepShortDash.ElapsedTimeToOT,0.033333
0080_01,Steps,StepShortDash.Duration,0.333333
0080_01,Steps,StepShortDash.CoolTime,0.05
0080_01,Steps,StepShortDash.bIsStopClearSpeed,true
0080_01,Steps,StepShortDash.StopBrakingDeceleration,10000000
0080_01,Steps,StepShortDash.SpCost,2650
0080_01,Steps,StepCancelShortDash.AddToSpeedScale,60000
0080_01,Steps,StepCancelShortDash.MaxAcceleration,60000
0080_01,Steps,StepCancelShortDash.BrakingDeceleration,30000
0080_01,Steps,StepCancelShortDash.ElapsedTimeToOT,0.033333
0080_01,Steps,StepCancelShortDash.Duration,0.333333
0080_01,Steps,StepCancelShortDash.CoolTime,0.416667
0080_01,Steps,StepCancelShortDash.bIsStopClearSpeed,true
0080_01,Steps,StepCancelShortDash.StopBrakingDeceleration,10000000
0080_01,Steps,StepCancelShortDash.SpCost,1325
0080_01,DragonDash,SpCostIN,500
0080_01,DragonDash,SpCostLP,3920
0080_01,DragonDash,SpCostBK,5200
0080_01,DragonDash,HighSpeedSpCostLP,4900
0080_01,ZBurstDash,SpCostIN,10000
0080_01,ZBurstDash,SpCostLP,11000
0080_01,ZBurstDash,BurstSmashSpCostLP,3500
0080_01,DashUpDown,SpCostUpIN,1000
0080_01,DashUpDown,SpCostUpLP,7840
0080_01,DashUpDown,SpCostDownIN,1000
0080_01,DashUpDown,SpCostDownLP,7840
0080_01,DragonHoming,SpCostIN,250
0080_01,DragonHoming,SpCostLP,3500
0080_10,Character,AbilityFlag.SparkingArmor,false
0080_10,Character,AbilityFlag.AutoReflect,false
0080_10,Character,AbilityFlag.bCanHighSpeedMove,false
0080_10,Character,AbilityFlag.bCanSuperHighSpeedMove,false
0080_10,Character,ActionFlag.HeavyCrash,true
0080_10,Character,ActionFlag.CannonCombo,true
0080_10,Character,ActionFlag.PowerPress,true
0080_10,Character,ActionFlag.TriAttack,true
0080_10,Character,ChaseChangeBlastSlot,EKoratBlastSlotType::BlastSkill1
0080_10,Numeric,Life,40000
0080_10,Numeric,SPAutoRecoverySpeed,1750
0080_10,Numeric,SPAutoRecoverySpeedScaleUnderOneGauge,1.3
0080_10,Numeric,SPChargeSpeed,7
0080_10,Numeric,SPChargeSpeedUnderAutoRecoveryLimit,10.5
0080_10,Numeric,SparkingModeGaugeDecreaseSpeed,2800
0080_10,Numeric,AttackChargeSpeedsBySmashLevel[0],3
0080_10,Numeric,AttackChargeSpeedsBySmashLevel[1],5.4
0080_10,Numeric,AttackChargeSpeedsBySmashLevel[2],7.5
0080_10,Numeric,PursuitBaseLimit,2
0080_10,Numeric,PursuitLimitDragonHoming,0
0080_10,Numeric,PursuitLimitVanishingAttack,0
0080_10,Numeric,PursuitBaseLimitAddAtSparking,2
0080_10,Numeric,PursuitLimitDragonHomingAddAtSparking,0
0080_10,Numeric,PursuitLimitVanishingAttackAddAtSparking,0
0080_10,Numeric,PursuitLimitLightningAttackAddAtSparking,0
0080_10,Numeric,IdealPositionMidAirKick,72
0080_10,Numeric,ReactionSplitHighBorder,0.7
0080_10,Numeric,ReactionSplitMidBorder,0.35
0080_10,Numeric,ReactionSplitLowBorder,0.175
0080_10,Numeric,BulletNum,4
0080_10,Numeric,JumpBulletSetNum,1
0080_10,Numeric,DashBulletNum,3
0080_10,Numeric,RushBulletLimit,4
0080_10,Numeric,SmashBulletLimit,1
0080_10,Numeric,RepelSkillGaugeGainRate,1.1
0080_10,Numeric,AttackBreakSkillGaugeGain,0.15
0080_10,Numeric,FastAvoidSkillGaugeGain,0.05
0080_10,Numeric,ThrowBreakSkillGaugeGain,0.1
0080_10,Numeric,BackAttackedSkillGaugeGain,0.03
0080_10,Numeric,LastOneHPSkillGaugeGain,1
0080_10,Numeric,ImpactStartSkillGaugeGain,1
0080_10,Numeric,RushOffsetSkillGaugeGain,0.05
0080_10,Numeric,CollisionOffsetSkillGaugeGain,0.5
0080_10,Numeric,DragonHomingChangeTrajectorySkillGaugeGain,0.1
0080_10,Numeric,BurstSmashGaugeGain,0.1
0080_10,Numeric,ExParam,3
0080_10,Steps,StepShortDash.AddToSpeedScale,60000
0080_10,Steps,StepShortDash.MaxAcceleration,60000
0080_10,Steps,StepShortDash.BrakingDeceleration,30000
0080_10,Steps,StepShortDash.ElapsedTimeToOT,0.033333
0080_10,Steps,StepShortDash.Duration,0.333333
0080_10,Steps,StepShortDash.CoolTime,0.05
0080_10,Steps,StepShortDash.bIsStopClearSpeed,true
0080_10,Steps,StepShortDash.StopBrakingDeceleration,10000000
0080_10,Steps,StepShortDash.SpCost,2650
0080_10,Steps,StepCancelShortDash.AddToSpeedScale,60000
0080_10,Steps,StepCancelShortDash.MaxAcceleration,60000
0080_10,Steps,StepCancelShortDash.BrakingDeceleration,30000
0080_10,Steps,StepCancelShortDash.ElapsedTimeToOT,0.033333
0080_10,Steps,StepCancelShortDash.Duration,0.333333
0080_10,Steps,StepCancelShortDash.CoolTime,0.416667
0080_10,Steps,StepCancelShortDash.bIsStopClearSpeed,true
0080_10,Steps,StepCancelShortDash.StopBrakingDeceleration,10000000
0080_10,Steps,StepCancelShortDash.SpCost,1325
0080_10,DragonDash,SpCostIN,500
0080_10,DragonDash,SpCostLP,3920
0080_10,DragonDash,SpCostBK,5200
0080_10,DragonDash,HighSpeedSpCostLP,4900
0080_10,ZBurstDash,SpCostIN,10000
0080_10,ZBurstDash,SpCostLP,11000
0080_10,ZBurstDash,BurstSmashSpCostLP,3500
0080_10,DashUpDown,SpCostUpIN,1000
0080_10,DashUpDown,SpCostUpLP,7840
0080_10,DashUpDown,SpCostDownIN,1000
0080_10,DashUpDown,SpCostDownLP,7840
0080_10,DragonHoming,SpCostIN,250
0080_10,DragonHoming,SpCostLP,3500
0080_11,Character,DestroyedPower,6
0080_11,Character,AbilityFlag.SparkingArmor,false
0080_11,Character,AbilityFlag.AutoReflect,false
0080_11,Character,AbilityFlag.bCanHighSpeedMove,false
0080_11,Character,AbilityFlag.bCanSuperHighSpeedMove,false
0080_11,Character,ActionFlag.HeavyCrash,true
0080_11,Character,ActionFlag.CannonCombo,true
0080_11,Character,ActionFlag.PowerPress,true
0080_11,Character,ActionFlag.TriAttack,true
0080_11,Character,ChaseChangeBlastSlot,EKoratBlastSlotType::BlastSkill2
0080_11,Numeric,Life,40000
0080_11,Numeric,DamageRate,0.94
0080_11,Numeric,SPAutoRecoverySpeed,1500
0080_11,Numeric,SPAutoRecoverySpeedScaleUnderOneGauge,1.3
0080_11,Numeric,SPChargeSpeed,8
0080_11,Numeric,SPChargeSpeedUnderAutoRecoveryLimit,12
0080_11,Numeric,SparkingModeGaugeDecreaseSpeed,2800
0080_11,Numeric,AttackChargeSpeedsBySmashLevel[0],3
0080_11,Numeric,AttackChargeSpeedsBySmashLevel[1],5.4
0080_11,Numeric,AttackChargeSpeedsBySmashLevel[2],7.5
0080_11,Numeric,PursuitBaseLimit,2
0080_11,Numeric,PursuitLimitDragonHoming,0
0080_11,Numeric,PursuitLimitVanishingAttack,0
0080_11,Numeric,PursuitBaseLimitAddAtSparking,2
0080_11,Numeric,PursuitLimitDragonHomingAddAtSparking,0
0080_11,Numeric,PursuitLimitVanishingAttackAddAtSparking,0
0080_11,Numeric,PursuitLimitLightningAttackAddAtSparking,0
0080_11,Numeric,IdealPositionMidAirKick,72
0080_11,Numeric,ReactionSplitHighBorder,0.7
0080_11,Numeric,ReactionSplitMidBorder,0.35
0080_11,Numeric,ReactionSplitLowBorder,0.175
0080_11,Numeric,BulletNum,4
0080_11,Numeric,JumpBulletSetNum,1
0080_11,Numeric,DashBulletNum,3
0080_11,Numeric,RushBulletLimit,4
0080_11,Numeric,SmashBulletLimit,1
0080_11,Numeric,RepelSkillGaugeGainRate,1.1
0080_11,Numeric,AttackBreakSkillGaugeGain,0.15
0080_11,Numeric,FastAvoidSkillGaugeGain,0.05
0080_11,Numeric,ThrowBreakSkillGaugeGain,0.1
0080_11,Numeric,BackAttackedSkillGaugeGain,0.03
0080_11,Numeric,LastOneHPSkillGaugeGain,1
0080_11,Numeric,ImpactStartSkillGaugeGain,1
0080_11,Numeric,RushOffsetSkillGaugeGain,0.05
0080_11,Numeric,CollisionOffsetSkillGaugeGain,0.5
0080_11,Numeric,DragonHomingChangeTrajectorySkillGaugeGain,0.1
0080_11,Numeric,BurstSmashGaugeGain,0.1
0080_11,Numeric,ExParam,4
0080_11,Steps,StepShortDash.AddToSpeedScale,60000
0080_11,Steps,StepShortDash.MaxAcceleration,60000
0080_11,Steps,StepShortDash.BrakingDeceleration,30000
0080_11,Steps,StepShortDash.ElapsedTimeToOT,0.033333
0080_11,Steps,StepShortDash.Duration,0.333333
0080_11,Steps,StepShortDash.CoolTime,0.05
0080_11,Steps,StepShortDash.bIsStopClearSpeed,true
0080_11,Steps,StepShortDash.StopBrakingDeceleration,10000000
0080_11,Steps,StepShortDash.SpCost,2650
0080_11,Steps,StepCancelShortDash.AddToSpeedScale,60000
0080_11,Steps,StepCancelShortDash.MaxAcceleration,60000
0080_11,Steps,StepCancelShortDash.BrakingDeceleration,30000
0080_11,Steps,StepCancelShortDash.ElapsedTimeToOT,0.033333
0080_11,Steps,StepCancelShortDash.Duration,0.333333
0080_11,Steps,StepCancelShortDash.CoolTime,0.416667
0080_11,Steps,StepCancelShortDash.bIsStopClearSpeed,true
0080_11,Steps,StepCancelShortDash.StopBrakingDeceleration,10000000
0080_11,Steps,StepCancelShortDash.SpCost,1325
0080_11,DragonDash,SpCostIN,500
0080_11,DragonDash,SpCostLP,3920
0080_11,DragonDash,SpCostBK,5200
0080_11,DragonDash,HighSpeedSpCostLP,4900
0080_11,ZBurstDash,SpCostIN,10000
0080_11,ZBurstDash,SpCostLP,11000
0080_11,ZBurstDash,BurstSmashSpCostLP,3500
0080_11,DashUpDown,SpCostUpIN,1000
0080_11,DashUpDown,SpCostUpLP,7840
0080_11,DashUpDown,SpCostDownIN,1000
0080_11,DashUpDown,SpCostDownLP,7840
0080_11,DragonHoming,SpCostIN,250
0080_11,DragonHoming,SpCostLP,3500
0080_30,Character,AbilityFlag.SparkingArmor,false
0080_30,Character,AbilityFlag.AutoReflect,false
0080_30,Character,AbilityFlag.bCanHighSpeedMove,false
0080_30,Character,AbilityFlag.bCanSuperHighSpeedMove,false
0080_30,Character,ActionFlag.HeavyCrash,true
0080_30,Character,ActionFlag.DawnThrow,true
0080_30,Character,ActionFlag.CannonCombo,true
0080_30,Character,ActionFlag.PowerPress,true
0080_30,Character,ActionFlag.AirRush,true
0080_30,Character,ChaseChangeBlastSlot,EKoratBlastSlotType::BlastSkill1
0080_30,Character,HPTriggerBuff[0].TriggerHP,10000
0080_30,Numeric,Life,40000
0080_30,Numeric,SPAutoRecoverySpeed,1750
0080_30,Numeric,SPAutoRecoverySpeedScaleUnderOneGauge,1.3
0080_30,Numeric,SPChargeSpeed,7
0080_30,Numeric,SPChargeSpeedUnderAutoRecoveryLimit,10.5
0080_30,Numeric,SparkingModeGaugeDecreaseSpeed,2800
0080_30,Numeric,BlastStock,4
0080_30,Numeric,AttackChargeSpeedsBySmashLevel[0],3
0080_30,Numeric,AttackChargeSpeedsBySmashLevel[1],5.4
0080_30,Numeric,AttackChargeSpeedsBySmashLevel[2],7.5
0080_30,Numeric,PursuitBaseLimit,2
0080_30,Numeric,PursuitLimitDragonHoming,0
0080_30,Numeric,PursuitLimitVanishingAttack,0
0080_30,Numeric,PursuitBaseLimitAddAtSparking,2
0080_30,Numeric,PursuitLimitDragonHomingAddAtSparking,0
0080_30,Numeric,PursuitLimitVanishingAttackAddAtSparking,0
0080_30,Numeric,PursuitLimitLightningAttackAddAtSparking,0
0080_30,Numeric,IdealPositionMidAirKick,72
0080_30,Numeric,ReactionSplitHighBorder,0.7
0080_30,Numeric,ReactionSplitMidBorder,0.35
0080_30,Numeric,ReactionSplitLowBorder,0.175
0080_30,Numeric,BulletNum,7
0080_30,Numeric,JumpBulletNum,7
0080_30,Numeric,JumpBulletSetNum,1
0080_30,Numeric,RushBulletLimit,7
0080_30,Numeric,SmashBulletLimit,1
0080_30,Numeric,AttackBreakSkillGaugeGain,0.15
0080_30,Numeric,FastAvoidSkillGaugeGain,0.05
0080_30,Numeric,ThrowBreakSkillGaugeGain,0.1
0080_30,Numeric,BackAttackedSkillGaugeGain,0.03
0080_30,Numeric,LastOneHPSkillGaugeGain,1
0080_30,Numeric,ImpactStartSkillGaugeGain,1
0080_30,Numeric,RushOffsetSkillGaugeGain,0.05
0080_30,Numeric,CollisionOffsetSkillGaugeGain,0.5
0080_30,Numeric,DragonHomingChangeTrajectorySkillGaugeGain,0.1
0080_30,Numeric,BurstSmashGaugeGain,0.1
0080_30,Numeric,ExParam,4
0080_30,Steps,StepShortDash.AddToSpeedScale,60000
0080_30,Steps,StepShortDash.MaxAcceleration,60000
0080_30,Steps,StepShortDash.BrakingDeceleration,30000
0080_30,Steps,StepShortDash.ElapsedTimeToOT,0.033333
0080_30,Steps,StepShortDash.Duration,0.333333
0080_30,Steps,StepShortDash.CoolTime,0.05
0080_30,Steps,StepShortDash.bIsStopClearSpeed,true
0080_30,Steps,StepShortDash.StopBrakingDeceleration,10000000
0080_30,Steps,StepShortDash.SpCost,2650
0080_30,Steps,StepCancelShortDash.AddToSpeedScale,60000
0080_30,Steps,StepCancelShortDash.MaxAcceleration,60000
0080_30,Steps,StepCancelShortDash.BrakingDeceleration,30000
0080_30,Steps,StepCancelShortDash.ElapsedTimeToOT,0.033333
0080_30,Steps,StepCancelShortDash.Duration,0.333333
0080_30,Steps,StepCancelShortDash.CoolTime,0.416667
0080_30,Steps,StepCancelShortDash.bIsStopClearSpeed,true
0080_30,Steps,StepCancelShortDash.StopBrakingDeceleration,10000000
0080_30,Steps,StepCancelShortDash.SpCost,1325
0080_30,DragonDash,SpCostIN,500
0080_30,DragonDash,SpCostLP,3920
0080_30,DragonDash,SpCostBK,5200
0080_30,DragonDash,HighSpeedSpCostLP,4900
0080_30,ZBurstDash,SpCostIN,10000
0080_30,ZBurstDash,SpCostLP,11000
0080_30,ZBurstDash,BurstSmashSpCostLP,3500
0080_30,DashUpDown,SpCostUpIN,1000
0080_30,DashUpDown,SpCostUpLP,7840
0080_30,DashUpDown,SpCostDownIN,1000
0080_30,DashUpDown,SpCostDownLP,7840
0080_30,DragonHoming,SpCostIN,250
0080_30,DragonHoming,SpCostLP,3500
0080_31,Character,DestroyedPower,6
0080_31,Character,AbilityFlag.SparkingArmor,false
0080_31,Character,AbilityFlag.AutoReflect,false
0080_31,Character,ActionFlag.HeavyCrash,true
0080_31,Character,ActionFlag.CannonCombo,true
0080_31,Character,ActionFlag.PowerPress,true
0080_31,Character,ActionFlag.AirRush,true
0080_31,Character,ChaseChangeBlastSlot,EKoratBlastSlotType::BlastSkill1
0080_31,Character,HPTriggerBuff[0].TriggerHP,10000
0080_31,Numeric,Life,40000
0080_31,Numeric,SPAutoRecoverySpeed,1500
0080_31,Numeric,SPAutoRecoverySpeedScaleUnderOneGauge,1.3
0080_31,Numeric,SPChargeSpeed,8
0080_31,Numeric,SPChargeSpeedUnderAutoRecoveryLimit,12
0080_31,Numeric,SparkingModeGaugeDecreaseSpeed,2800
0080_31,Numeric,BlastStock,4
0080_31,Numeric,AttackChargeSpeedsBySmashLevel[0],3
0080_31,Numeric,AttackChargeSpeedsBySmashLevel[1],5.4
0080_31,Numeric,AttackChargeSpeedsBySmashLevel[2],7.5
0080_31,Numeric,PursuitBaseLimit,2
0080_31,Numeric,PursuitLimitDragonHoming,0
0080_31,Numeric,PursuitLimitVanishingAttack,0
0080_31,Numeric,PursuitBaseLimitAddAtSparking,2
0080_31,Numeric,PursuitLimitDragonHomingAddAtSparking,0
0080_31,Numeric,PursuitLimitVanishingAttackAddAtSparking,0
0080_31,Numeric,PursuitLimitLightningAttackAddAtSparking,0
0080_31,Numeric,IdealPositionMidAirKick,72
0080_31,Numeric,ReactionSplitHighBorder,0.7
0080_31,Numeric,ReactionSplitMidBorder,0.35
0080_31,Numeric,ReactionSplitLowBorder,0.175
0080_31,Numeric,BulletNum,8
0080_31,Numeric,DashBulletNum,6
0080_31,Numeric,RushBulletLimit,8
0080_31,Numeric,SmashBulletLimit,1
0080_31,Numeric,AttackBreakSkillGaugeGain,0.15
0080_31,Numeric,FastAvoidSkillGaugeGain,0.05
0080_31,Numeric,ThrowBreakSkillGaugeGain,0.1
0080_31,Numeric,BackAttackedSkillGaugeGain,0.03
0080_31,Numeric,LastOneHPSkillGaugeGain,1
0080_31,Numeric,ImpactStartSkillGaugeGain,1
0080_31,Numeric,RushOffsetSkillGaugeGain,0.05
0080_31,Numeric,CollisionOffsetSkillGaugeGain,0.5
0080_31,Numeric,DragonHomingChangeTrajectorySkillGaugeGain,0.1
0080_31,Numeric,BurstSmashGaugeGain,0.1
0080_31,Numeric,ExParam,5
0080_31,Steps,StepShortDash.AddToSpeedScale,60000
0080_31,Steps,StepShortDash.MaxAcceleration,60000
0080_31,Steps,StepShortDash.BrakingDeceleration,30000
0080_31,Steps,StepShortDash.ElapsedTimeToOT,0.033333
0080_31,Steps,StepShortDash.Duration,0.333333
0080_31,Steps,StepShortDash.CoolTime,0.05
0080_31,Steps,StepShortDash.bIsStopClearSpeed,true
0080_31,Steps,StepShortDash.StopBrakingDeceleration,10000000
0080_31,Steps,StepShortDash.SpCost,2650
0080_31,Steps,StepCancelShortDash.AddToSpeedScale,60000
0080_31,Steps,StepCancelShortDash.MaxAcceleration,60000
0080_31,Steps,StepCancelShortDash.BrakingDeceleration,30000
0080_31,Steps,StepCancelShortDash.ElapsedTimeToOT,0.033333
0080_31,Steps,StepCancelShortDash.Duration,0.333333
0080_31,Steps,StepCancelShortDash.CoolTime,0.416667
0080_31,Steps,StepCancelShortDash.bIsStopClearSpeed,true
0080_31,Steps,StepCancelShortDash.StopBrakingDeceleration,10000000
0080_31,Steps,StepCancelShortDash.SpCost,1325
0080_31,DragonDash,SpCostIN,500
0080_31,DragonDash,SpCostLP,3920
0080_31,DragonDash,SpCostBK,5200
0080_31,DragonDash,HighSpeedSpCostLP,4900
0080_31,ZBurstDash,SpCostIN,10000
0080_31,ZBurstDash,SpCostLP,11000
0080_31,ZBurstDash,BurstSmashSpCostLP,3500
0080_31,DashUpDown,SpCostUpIN,1000
0080_31,DashUpDown,SpCostUpLP,7840
0080_31,DashUpDown,SpCostDownIN,1000
0080_31,DashUpDown,SpCostDownLP,7840
0080_31,DragonHoming,SpCostIN,250
0080_31,DragonHoming,SpCostLP,3500
0081_20,Character,DestroyedPower,6
0081_20,Character,AbilityFlag.AutoReflect,false
0081_20,Character,AbilityFlag.bCanHighSpeedMove,false
0081_20,Character,AbilityFlag.bCanSuperHighSpeedMove,false
0081_20,Character,ActionFlag.CannonCombo,true
0081_20,Character,ActionFlag.SpiralSlash,true
0081_20,Character,ActionFlag.RollingHurricane,true
0081_20,Character,ActionFlag.TriAttack,true
0081_20,Character,ActionFlag.AirRush,true
0081_20,Character,ActionFlag.DeltaStorm,true
0081_20,Character,ActionFlag.DashRising,true
0081_20,Character,ActionFlag.DashBlow,true
0081_20,Character,ChaseChangeBlastSlot,EKoratBlastSlotType::BlastSkill2
0081_20,Numeric,Life,40000
0081_20,Numeric,InitialSP,30000
0081_20,Numeric,SPAutoRecoverySpeed,1500
0081_20,Numeric,SPAutoRecoverySpeedScaleUnderOneGauge,1.3
0081_20,Numeric,SPChargeSpeed,8
0081_20,Numeric,SPChargeSpeedUnderAutoRecoveryLimit,12
0081_20,Numeric,SparkingModeGaugeDecreaseSpeed,2800
0081_20,Numeric,StunReactionRecoverySpeedScale,1.3
0081_20,Numeric,StunReactionInputRecoverySpeedScale,1.3
0081_20,Numeric,LimitBoostRecoverySpeedScale,1.3
0081_20,Numeric,LimitBoostInputRecoverySpeedScale,1.3
0081_20,Numeric,AttackChargeSpeedsBySmashLevel[0],3
0081_20,Numeric,AttackChargeSpeedsBySmashLevel[1],5.4
0081_20,Numeric,AttackChargeSpeedsBySmashLevel[2],7.5
0081_20,Numeric,PursuitBaseLimit,1
0081_20,Numeric,PursuitLimitDragonHoming,0
0081_20,Numeric,PursuitLimitVanishingAttack,0
0081_20,Numeric,PursuitBaseLimitAddAtSparking,2
0081_20,Numeric,PursuitLimitDragonHomingAddAtSparking,0
0081_20,Numeric,PursuitLimitVanishingAttackAddAtSparking,0
0081_20,Numeric,PursuitLimitLightningAttackAddAtSparking,0
0081_20,Numeric,IdealPositionMidAirKick,72
0081_20,Numeric,ReactionSplitHighBorder,0.7
0081_20,Numeric,ReactionSplitMidBorder,0.35
0081_20,Numeric,ReactionSplitLowBorder,0.175
0081_20,Numeric,BulletNum,4
0081_20,Numeric,JumpBulletSetNum,1
0081_20,Numeric,DashBulletNum,3
0081_20,Numeric,RushBulletLimit,4
0081_20,Numeric,SmashBulletLimit,1
0081_20,Numeric,RepelSkillGaugeGainRate,1.1
0081_20,Numeric,AttackBreakSkillGaugeGain,0.15
0081_20,Numeric,FastAvoidSkillGaugeGain,0.05
0081_20,Numeric,ThrowBreakSkillGaugeGain,0.1
0081_20,Numeric,BackAttackedSkillGaugeGain,0.03
0081_20,Numeric,LastOneHPSkillGaugeGain,1
0081_20,Numeric,ImpactStartSkillGaugeGain,1
0081_20,Numeric,RushOffsetSkillGaugeGain,0.05
0081_20,Numeric,CollisionOffsetSkillGaugeGain,0.5
0081_20,Numeric,DragonHomingChangeTrajectorySkillGaugeGain,0.1
0081_20,Numeric,BurstSmashGaugeGain,0.1
0081_20,Numeric,ExParam,4
0081_20,Steps,StepShortDash.AddToSpeedScale,60000
0081_20,Steps,StepShortDash.MaxAcceleration,50000
0081_20,Steps,StepShortDash.BrakingDeceleration,20000
0081_20,Steps,StepShortDash.ElapsedTimeToOT,0.033333
0081_20,Steps,StepShortDash.Duration,0.333333
0081_20,Steps,StepShortDash.CoolTime,0.05
0081_20,Steps,StepShortDash.bIsStopClearSpeed,true
0081_20,Steps,StepShortDash.StopBrakingDeceleration,10000000
0081_20,Steps,StepShortDash.SpCost,3850
0081_20,Steps,StepCancelShortDash.AddToSpeedScale,60000
0081_20,Steps,StepCancelShortDash.MaxAcceleration,50000
0081_20,Steps,StepCancelShortDash.BrakingDeceleration,20000
0081_20,Steps,StepCancelShortDash.ElapsedTimeToOT,0.033333
0081_20,Steps,StepCancelShortDash.Duration,0.333333
0081_20,Steps,StepCancelShortDash.CoolTime,0.416667
0081_20,Steps,StepCancelShortDash.bIsStopClearSpeed,true
0081_20,Steps,StepCancelShortDash.StopBrakingDeceleration,10000000
0081_20,Steps,StepCancelShortDash.SpCost,1925
0081_20,DragonDash,SpCostIN,500
0081_20,DragonDash,SpCostLP,3920
0081_20,DragonDash,SpCostBK,5200
0081_20,DragonDash,HighSpeedSpCostLP,4900
0081_20,ZBurstDash,SpCostIN,10000
0081_20,ZBurstDash,SpCostLP,11000
0081_20,ZBurstDash,BurstSmashSpCostLP,3500
0081_20,DashUpDown,SpCostUpIN,1000
0081_20,DashUpDown,SpCostUpLP,7840
0081_20,DashUpDown,SpCostDownIN,1000
0081_20,DashUpDown,SpCostDownLP,7840
0081_20,DragonHoming,SpCostIN,250
0081_20,DragonHoming,SpCostLP,3500
0082_00,Character,DestroyedPower,4
0082_00,Character,AbilityFlag.SparkingArmor,false
0082_00,Character,AbilityFlag.AutoReflect,false
0082_00,Character,AbilityFlag.bCanHighSpeedMove,false
0082_00,Character,AbilityFlag.bCanSuperHighSpeedMove,false
0082_00,Character,ActionFlag.HeavyCrash,true
0082_00,Character,ActionFlag.PowerPress,true
0082_00,Character,ActionFlag.TriAttack,true
0082_00,Character,ActionFlag.AirRush,true
0082_00,Character,ChaseChangeBlastSlot,EKoratBlastSlotType::BlastSkill1
0082_00,Numeric,Life,35000
0082_00,Numeric,InitialSP,10000
0082_00,Numeric,SPAutoRecoverySpeed,1750
0082_00,Numeric,SPAutoRecoverySpeedScaleUnderOneGauge,1.3
0082_00,Numeric,SPChargeSpeed,7
0082_00,Numeric,SPChargeSpeedUnderAutoRecoveryLimit,10.5
0082_00,Numeric,SparkingModeGaugeDecreaseSpeed,2800
0082_00,Numeric,BlastStock,6
0082_00,Numeric,AttackChargeSpeedsBySmashLevel[0],3
0082_00,Numeric,AttackChargeSpeedsBySmashLevel[1],5.4
0082_00,Numeric,AttackChargeSpeedsBySmashLevel[2],7.5
0082_00,Numeric,PursuitBaseLimit,2
0082_00,Numeric,PursuitLimitDragonHoming,0
0082_00,Numeric,PursuitLimitVanishingAttack,0
0082_00,Numeric,PursuitBaseLimitAddAtSparking,1
0082_00,Numeric,PursuitLimitDragonHomingAddAtSparking,0
0082_00,Numeric,PursuitLimitVanishingAttackAddAtSparking,0
0082_00,Numeric,PursuitLimitLightningAttackAddAtSparking,0
0082_00,Numeric,IdealPositionMidAirKick,50
0082_00,Numeric,ReactionSplitHighBorder,0.6
0082_00,Numeric,ReactionSplitMidBorder,0.4
0082_00,Numeric,ReactionSplitLowBorder,0.2
0082_00,Numeric,BulletNum,4
0082_00,Numeric,JumpBulletSetNum,1
0082_00,Numeric,DashBulletNum,3
0082_00,Numeric,RushBulletLimit,4
0082_00,Numeric,SmashBulletLimit,1
0082_00,Numeric,RepelSkillGaugeGainRate,1.2
0082_00,Numeric,AttackBreakSkillGaugeGain,0.15
0082_00,Numeric,FastAvoidSkillGaugeGain,0.05
0082_00,Numeric,ThrowBreakSkillGaugeGain,0.1
0082_00,Numeric,BackAttackedSkillGaugeGain,0.03
0082_00,Numeric,LastOneHPSkillGaugeGain,1
0082_00,Numeric,ImpactStartSkillGaugeGain,1
0082_00,Numeric,RushOffsetSkillGaugeGain,0.05
0082_00,Numeric,CollisionOffsetSkillGaugeGain,0.5
0082_00,Numeric,DragonHomingChangeTrajectorySkillGaugeGain,0.1
0082_00,Numeric,BurstSmashGaugeGain,0.1
0082_00,Numeric,ExParam,2
0082_00,Steps,StepShortDash.AddToSpeedScale,60000
0082_00,Steps,StepShortDash.MaxAcceleration,60000
0082_00,Steps,StepShortDash.BrakingDeceleration,30000
0082_00,Steps,StepShortDash.ElapsedTimeToOT,0.033333
0082_00,Steps,StepShortDash.Duration,0.333333
0082_00,Steps,StepShortDash.CoolTime,0.05
0082_00,Steps,StepShortDash.bIsStopClearSpeed,true
0082_00,Steps,StepShortDash.StopBrakingDeceleration,10000000
0082_00,Steps,StepShortDash.SpCost,2650
0082_00,Steps,StepCancelShortDash.AddToSpeedScale,60000
0082_00,Steps,StepCancelShortDash.MaxAcceleration,60000
0082_00,Steps,StepCancelShortDash.BrakingDeceleration,30000
0082_00,Steps,StepCancelShortDash.ElapsedTimeToOT,0.033333
0082_00,Steps,StepCancelShortDash.Duration,0.333333
0082_00,Steps,StepCancelShortDash.CoolTime,0.416667
0082_00,Steps,StepCancelShortDash.bIsStopClearSpeed,true
0082_00,Steps,StepCancelShortDash.StopBrakingDeceleration,10000000
0082_00,Steps,StepCancelShortDash.SpCost,1325
0082_00,DragonDash,SpCostIN,500
0082_00,DragonDash,SpCostLP,3920
0082_00,DragonDash,SpCostBK,5200
0082_00,DragonDash,HighSpeedSpCostLP,4900
0082_00,ZBurstDash,SpCostIN,10000
0082_00,ZBurstDash,SpCostLP,11000
0082_00,ZBurstDash,BurstSmashSpCostLP,3500
0082_00,DashUpDown,SpCostUpIN,1000
0082_00,DashUpDown,SpCostUpLP,7840
0082_00,DashUpDown,SpCostDownIN,1000
0082_00,DashUpDown,SpCostDownLP,7840
0082_00,DragonHoming,SpCostIN,250
0082_00,DragonHoming,SpCostLP,3500
0082_01,Character,AbilityFlag.SparkingArmor,false
0082_01,Character,AbilityFlag.AutoReflect,false
0082_01,Character,ActionFlag.HeavyCrash,true
0082_01,Character,ActionFlag.PowerPress,true
0082_01,Character,ActionFlag.TriAttack,true
0082_01,Character,ActionFlag.AirRush,true
0082_01,Character,ChaseChangeBlastSlot,EKoratBlastSlotType::BlastSkill1
0082_01,Numeric,Life,35000
0082_01,Numeric,SPAutoRecoverySpeed,1500
0082_01,Numeric,SPAutoRecoverySpeedScaleUnderOneGauge,1.3
0082_01,Numeric,SPChargeSpeed,8
0082_01,Numeric,SPChargeSpeedUnderAutoRecoveryLimit,12
0082_01,Numeric,SparkingModeGaugeDecreaseSpeed,2800
0082_01,Numeric,BlastStock,6
0082_01,Numeric,AttackChargeSpeedsBySmashLevel[0],3
0082_01,Numeric,AttackChargeSpeedsBySmashLevel[1],5.4
0082_01,Numeric,AttackChargeSpeedsBySmashLevel[2],7.5
0082_01,Numeric,PursuitBaseLimit,2
0082_01,Numeric,PursuitLimitDragonHoming,0
0082_01,Numeric,PursuitLimitVanishingAttack,0
0082_01,Numeric,PursuitBaseLimitAddAtSparking,2
0082_01,Numeric,PursuitLimitDragonHomingAddAtSparking,0
0082_01,Numeric,PursuitLimitVanishingAttackAddAtSparking,0
0082_01,Numeric,PursuitLimitLightningAttackAddAtSparking,0
0082_01,Numeric,IdealPositionMidAirKick,50
0082_01,Numeric,ReactionSplitHighBorder,0.6
0082_01,Numeric,ReactionSplitMidBorder,0.4
0082_01,Numeric,ReactionSplitLowBorder,0.2
0082_01,Numeric,BulletNum,6
0082_01,Numeric,JumpBulletNum,3
0082_01,Numeric,RushBulletLimit,6
0082_01,Numeric,SmashBulletLimit,1
0082_01,Numeric,RepelSkillGaugeGainRate,1.2
0082_01,Numeric,AttackBreakSkillGaugeGain,0.15
0082_01,Numeric,FastAvoidSkillGaugeGain,0.05
0082_01,Numeric,ThrowBreakSkillGaugeGain,0.1
0082_01,Numeric,BackAttackedSkillGaugeGain,0.03
0082_01,Numeric,LastOneHPSkillGaugeGain,1
0082_01,Numeric,ImpactStartSkillGaugeGain,1
0082_01,Numeric,RushOffsetSkillGaugeGain,0.05
0082_01,Numeric,CollisionOffsetSkillGaugeGain,0.5
0082_01,Numeric,DragonHomingChangeTrajectorySkillGaugeGain,0.1
0082_01,Numeric,BurstSmashGaugeGain,0.1
0082_01,Numeric,ExParam,3
0082_01,Steps,StepShortDash.AddToSpeedScale,60000
0082_01,Steps,StepShortDash.MaxAcceleration,60000
0082_01,Steps,StepShortDash.BrakingDeceleration,30000
0082_01,Steps,StepShortDash.ElapsedTimeToOT,0.033333
0082_01,Steps,StepShortDash.Duration,0.333333
0082_01,Steps,StepShortDash.CoolTime,0.05
0082_01,Steps,StepShortDash.bIsStopClearSpeed,true
0082_01,Steps,StepShortDash.StopBrakingDeceleration,10000000
0082_01,Steps,StepShortDash.SpCost,2650
0082_01,Steps,StepCancelShortDash.AddToSpeedScale,60000
0082_01,Steps,StepCancelShortDash.MaxAcceleration,60000
0082_01,Steps,StepCancelShortDash.BrakingDeceleration,30000
0082_01,Steps,StepCancelShortDash.ElapsedTimeToOT,0.033333
0082_01,Steps,StepCancelShortDash.Duration,0.333333
0082_01,Steps,StepCancelShortDash.CoolTime,0.416667
0082_01,Steps,StepCancelShortDash.bIsStopClearSpeed,true
0082_01,Steps,StepCancelShortDash.StopBrakingDeceleration,10000000
0082_01,Steps,StepCancelShortDash.SpCost,1325
0082_01,DragonDash,SpCostIN,500
0082_01,DragonDash,SpCostLP,3920
0082_01,DragonDash,SpCostBK,5200
0082_01,DragonDash,HighSpeedSpCostLP,4900
0082_01,ZBurstDash,SpCostIN,10000
0082_01,ZBurstDash,SpCostLP,11000
0082_01,ZBurstDash,BurstSmashSpCostLP,3500
0082_01,DashUpDown,SpCostUpIN,1000
0082_01,DashUpDown,SpCostUpLP,7840
0082_01,DashUpDown,SpCostDownIN,1000
0082_01,DashUpDown,SpCostDownLP,7840
0082_01,DragonHoming,SpCostIN,250
0082_01,DragonHoming,SpCostLP,3500
0090_00,Character,DestroyedPower,4
0090_00,Character,AbilityFlag.SparkingArmor,false
0090_00,Character,AbilityFlag.AutoReflect,false
0090_00,Character,AbilityFlag.bCanHighSpeedMove,false
0090_00,Character,AbilityFlag.bCanSuperHighSpeedMove,false
0090_00,Character,ActionFlag.DragonTornado,true
0090_00,Character,ActionFlag.HeavyCrash,true
0090_00,Character,ActionFlag.CannonCombo,true
0090_00,Character,ActionFlag.PowerPress,true
0090_00,Character,ChaseChangeBlastSlot,EKoratBlastSlotType::BlastSkill1
0090_00,Numeric,Life,35000
0090_00,Numeric,DamageRate,1.1
0090_00,Numeric,InitialSP,10000
0090_00,Numeric,SPAutoRecoverySpeed,1750
0090_00,Numeric,SPAutoRecoverySpeedScaleUnderOneGauge,1.3
0090_00,Numeric,SPChargeSpeed,7
0090_00,Numeric,SPChargeSpeedUnderAutoRecoveryLimit,10.5
0090_00,Numeric,SparkingModeGaugeDecreaseSpeed,2800
0090_00,Numeric,BlastStock,6
0090_00,Numeric,AttackChargeSpeedsBySmashLevel[0],3
0090_00,Numeric,AttackChargeSpeedsBySmashLevel[1],5.4
0090_00,Numeric,AttackChargeSpeedsBySmashLevel[2],7.5
0090_00,Numeric,PursuitBaseLimit,2
0090_00,Numeric,PursuitLimitDragonHoming,0
0090_00,Numeric,PursuitLimitVanishingAttack,0
0090_00,Numeric,PursuitBaseLimitAddAtSparking,1
0090_00,Numeric,PursuitLimitDragonHomingAddAtSparking,0
0090_00,Numeric,PursuitLimitVanishingAttackAddAtSparking,0
0090_00,Numeric,PursuitLimitLightningAttackAddAtSparking,0
0090_00,Numeric,IdealPositionMidAirKick,50
0090_00,Numeric,ReactionSplitHighBorder,0.6
0090_00,Numeric,ReactionSplitMidBorder,0.4
0090_00,Numeric,ReactionSplitLowBorder,0.2
0090_00,Numeric,BulletNum,3
0090_00,Numeric,JumpBulletNum,3
0090_00,Numeric,JumpBulletSetNum,1
0090_00,Numeric,DashBulletNum,3
0090_00,Numeric,RushBulletLimit,3
0090_00,Numeric,SmashBulletLimit,1
0090_00,Numeric,RepelSkillGaugeGainRate,1.2
0090_00,Numeric,AttackBreakSkillGaugeGain,0.15
0090_00,Numeric,FastAvoidSkillGaugeGain,0.05
0090_00,Numeric,ThrowBreakSkillGaugeGain,0.1
0090_00,Numeric,BackAttackedSkillGaugeGain,0.03
0090_00,Numeric,LastOneHPSkillGaugeGain,1
0090_00,Numeric,ImpactStartSkillGaugeGain,1
0090_00,Numeric,RushOffsetSkillGaugeGain,0.05
0090_00,Numeric,CollisionOffsetSkillGaugeGain,0.5
0090_00,Numeric,DragonHomingChangeTrajectorySkillGaugeGain,0.1
0090_00,Numeric,BurstSmashGaugeGain,0.1
0090_00,Steps,StepShortDash.AddToSpeedScale,60000
0090_00,Steps,StepShortDash.MaxAcceleration,60000
0090_00,Steps,StepShortDash.BrakingDeceleration,30000
0090_00,Steps,StepShortDash.ElapsedTimeToOT,0.033333
0090_00,Steps,StepShortDash.Duration,0.333333
0090_00,Steps,StepShortDash.CoolTime,0.05
0090_00,Steps,StepShortDash.bIsStopClearSpeed,true
0090_00,Steps,StepShortDash.StopBrakingDeceleration,10000000
0090_00,Steps,StepShortDash.SpCost,2650
0090_00,Steps,StepCancelShortDash.AddToSpeedScale,60000
0090_00,Steps,StepCancelShortDash.MaxAcceleration,60000
0090_00,Steps,StepCancelShortDash.BrakingDeceleration,30000
0090_00,Steps,StepCancelShortDash.ElapsedTimeToOT,0.033333
0090_00,Steps,StepCancelShortDash.Duration,0.333333
0090_00,Steps,StepCancelShortDash.CoolTime,0.416667
0090_00,Steps,StepCancelShortDash.bIsStopClearSpeed,true
0090_00,Steps,StepCancelShortDash.StopBrakingDeceleration,10000000
0090_00,Steps,StepCancelShortDash.SpCost,1325
0090_00,DragonDash,SpCostIN,500
0090_00,DragonDash,SpCostLP,3920
0090_00,DragonDash,SpCostBK,5200
0090_00,DragonDash,HighSpeedSpCostLP,4900
0090_00,ZBurstDash,SpCostIN,10000
0090_00,ZBurstDash,SpCostLP,11000
0090_00,ZBurstDash,BurstSmashSpCostLP,3500
0090_00,DashUpDown,SpCostUpIN,1000
0090_00,DashUpDown,SpCostUpLP,7840
0090_00,DashUpDown,SpCostDownIN,1000
0090_00,DashUpDown,SpCostDownLP,7840
0090_00,DragonHoming,SpCostIN,250
0090_00,DragonHoming,SpCostLP,3500
0090_01,Character,AbilityFlag.SparkingArmor,false
0090_01,Character,AbilityFlag.AutoReflect,false
0090_01,Character,ActionFlag.DragonTornado,true
0090_01,Character,ActionFlag.HeavyCrash,true
0090_01,Character,ActionFlag.CannonCombo,true
0090_01,Character,ActionFlag.PowerPress,true
0090_01,Character,ChaseChangeBlastSlot,EKoratBlastSlotType::BlastSkill1
0090_01,Numeric,Life,35000
0090_01,Numeric,DamageRate,1.1
0090_01,Numeric,SPAutoRecoverySpeed,1500
0090_01,Numeric,SPAutoRecoverySpeedScaleUnderOneGauge,1.3
0090_01,Numeric,SPChargeSpeed,8
0090_01,Numeric,SPChargeSpeedUnderAutoRecoveryLimit,12
0090_01,Numeric,SparkingModeGaugeDecreaseSpeed,2800
0090_01,Numeric,BlastStock,6
0090_01,Numeric,AttackChargeSpeedsBySmashLevel[0],3
0090_01,Numeric,AttackChargeSpeedsBySmashLevel[1],5.4
0090_01,Numeric,AttackChargeSpeedsBySmashLevel[2],7.5
0090_01,Numeric,PursuitBaseLimit,2
0090_01,Numeric,PursuitLimitDragonHoming,0
0090_01,Numeric,PursuitLimitVanishingAttack,0
0090_01,Numeric,PursuitBaseLimitAddAtSparking,2
0090_01,Numeric,PursuitLimitDragonHomingAddAtSparking,0
0090_01,Numeric,PursuitLimitVanishingAttackAddAtSparking,0
0090_01,Numeric,PursuitLimitLightningAttackAddAtSparking,0
0090_01,Numeric,IdealPositionMidAirKick,50
0090_01,Numeric,ReactionSplitHighBorder,0.6
0090_01,Numeric,ReactionSplitMidBorder,0.4
0090_01,Numeric,ReactionSplitLowBorder,0.2
0090_01,Numeric,BulletNum,5
0090_01,Numeric,JumpBulletNum,5
0090_01,Numeric,JumpBulletSetNum,1
0090_01,Numeric,RushBulletLimit,5
0090_01,Numeric,SmashBulletLimit,1
0090_01,Numeric,RepelSkillGaugeGainRate,1.2
0090_01,Numeric,AttackBreakSkillGaugeGain,0.15
0090_01,Numeric,FastAvoidSkillGaugeGain,0.05
0090_01,Numeric,ThrowBreakSkillGaugeGain,0.1
0090_01,Numeric,BackAttackedSkillGaugeGain,0.03
0090_01,Numeric,LastOneHPSkillGaugeGain,1
0090_01,Numeric,ImpactStartSkillGaugeGain,1
0090_01,Numeric,RushOffsetSkillGaugeGain,0.05
0090_01,Numeric,CollisionOffsetSkillGaugeGain,0.5
0090_01,Numeric,DragonHomingChangeTrajectorySkillGaugeGain,0.1
0090_01,Numeric,BurstSmashGaugeGain,0.1
0090_01,Numeric,ExParam,1
0090_01,Steps,StepShortDash.AddToSpeedScale,60000
0090_01,Steps,StepShortDash.MaxAcceleration,60000
0090_01,Steps,StepShortDash.BrakingDeceleration,30000
0090_01,Steps,StepShortDash.ElapsedTimeToOT,0.033333
0090_01,Steps,StepShortDash.Duration,0.333333
0090_01,Steps,StepShortDash.CoolTime,0.05
0090_01,Steps,StepShortDash.bIsStopClearSpeed,true
0090_01,Steps,StepShortDash.StopBrakingDeceleration,10000000
0090_01,Steps,StepShortDash.SpCost,2650
0090_01,Steps,StepCancelShortDash.AddToSpeedScale,60000
0090_01,Steps,StepCancelShortDash.MaxAcceleration,60000
0090_01,Steps,StepCancelShortDash.BrakingDeceleration,30000
0090_01,Steps,StepCancelShortDash.ElapsedTimeToOT,0.033333
0090_01,Steps,StepCancelShortDash.Duration,0.333333
0090_01,Steps,StepCancelShortDash.CoolTime,0.416667
0090_01,Steps,StepCancelShortDash.bIsStopClearSpeed,true
0090_01,Steps,StepCancelShortDash.StopBrakingDeceleration,10000000
0090_01,Steps,StepCancelShortDash.SpCost,1325
0090_01,DragonDash,SpCostIN,500
0090_01,DragonDash,SpCostLP,3920
0090_01,DragonDash,SpCostBK,5200
0090_01,DragonDash,HighSpeedSpCostLP,4900
0090_01,ZBurstDash,SpCostIN,10000
0090_01,ZBurstDash,SpCostLP,11000
0090_01,ZBurstDash,BurstSmashSpCostLP,3500
0090_01,DashUpDown,SpCostUpIN,1000
0090_01,DashUpDown,SpCostUpLP,7840
0090_01,DashUpDown,SpCostDownIN,1000
0090_01,DashUpDown,SpCostDownLP,7840
0090_01,DragonHoming,SpCostIN,250
0090_01,DragonHoming,SpCostLP,3500
0100_00,Character,DestroyedPower,7
0100_00,Character,AbilityFlag.SparkingArmor,false
0100_00,Character,ActionFlag.HeavyCrash,true
0100_00,Character,ActionFlag.PowerPress,true
0100_00,Character,ActionFlag.TriAttack,true
0100_00,Character,ActionFlag.AirRush,true
0100_00,Character,ChaseChangeBlastSlot,EKoratBlastSlotType::BlastSkill1
0100_00,Numeric,SPAutoRecoverySpeed,1750
0100_00,Numeric,SPAutoRecoverySpeedScaleUnderOneGauge,1.3
0100_00,Numeric,SPChargeSpeed,7
0100_00,Numeric,SPChargeSpeedUnderAutoRecoveryLimit,10.5
0100_00,Numeric,SparkingModeGaugeDecreaseSpeed,2800
0100_00,Numeric,AttackChargeSpeedsBySmashLevel[0],3
0100_00,Numeric,AttackChargeSpeedsBySmashLevel[1],5.4
0100_00,Numeric,AttackChargeSpeedsBySmashLevel[2],7.5
0100_00,Numeric,PursuitBaseLimit,2
0100_00,Numeric,PursuitLimitDragonHoming,0
0100_00,Numeric,PursuitLimitVanishingAttack,0
0100_00,Numeric,PursuitBaseLimitAddAtSparking,3
0100_00,Numeric,PursuitLimitDragonHomingAddAtSparking,0
0100_00,Numeric,PursuitLimitVanishingAttackAddAtSparking,0
0100_00,Numeric,PursuitLimitLightningAttackAddAtSparking,0
0100_00,Numeric,IdealPositionMidAirKick,76
0100_00,Numeric,ReactionSplitHighBorder,0.7
0100_00,Numeric,ReactionSplitMidBorder,0.35
0100_00,Numeric,ReactionSplitLowBorder,0.175
0100_00,Numeric,DashBulletNum,6
0100_00,Numeric,RushBulletLimit,10
0100_00,Numeric,SmashBulletLimit,1
0100_00,Numeric,RepelSkillGaugeGainRate,1.1
0100_00,Numeric,AttackBreakSkillGaugeGain,0.15
0100_00,Numeric,FastAvoidSkillGaugeGain,0.05
0100_00,Numeric,ThrowBreakSkillGaugeGain,0.1
0100_00,Numeric,BackAttackedSkillGaugeGain,0.03
0100_00,Numeric,LastOneHPSkillGaugeGain,1
0100_00,Numeric,ImpactStartSkillGaugeGain,1
0100_00,Numeric,RushOffsetSkillGaugeGain,0.05
0100_00,Numeric,CollisionOffsetSkillGaugeGain,0.5
0100_00,Numeric,DragonHomingChangeTrajectorySkillGaugeGain,0.1
0100_00,Numeric,BurstSmashGaugeGain,0.1
0100_00,Numeric,ExParam,4
0100_00,Steps,StepShortDash.AddToSpeedScale,60000
0100_00,Steps,StepShortDash.MaxAcceleration,60000
0100_00,Steps,StepShortDash.BrakingDeceleration,30000
0100_00,Steps,StepShortDash.ElapsedTimeToOT,0.033333
0100_00,Steps,StepShortDash.Duration,0.333333
0100_00,Steps,StepShortDash.CoolTime,0.05
0100_00,Steps,StepShortDash.bIsStopClearSpeed,true
0100_00,Steps,StepShortDash.StopBrakingDeceleration,10000000
0100_00,Steps,StepShortDash.SpCost,2650
0100_00,Steps,StepCancelShortDash.AddToSpeedScale,60000
0100_00,Steps,StepCancelShortDash.MaxAcceleration,60000
0100_00,Steps,StepCancelShortDash.BrakingDeceleration,30000
0100_00,Steps,StepCancelShortDash.ElapsedTimeToOT,0.033333
0100_00,Steps,StepCancelShortDash.Duration,0.333333
0100_00,Steps,StepCancelShortDash.CoolTime,0.416667
0100_00,Steps,StepCancelShortDash.bIsStopClearSpeed,true
0100_00,Steps,StepCancelShortDash.StopBrakingDeceleration,10000000
0100_00,Steps,StepCancelShortDash.SpCost,1325
0100_00,DragonDash,SpCostIN,500
0100_00,DragonDash,SpCostLP,3920
0100_00,DragonDash,SpCostBK,5200
0100_00,DragonDash,HighSpeedSpCostLP,4900
0100_00,ZBurstDash,SpCostIN,10000
0100_00,ZBurstDash,SpCostLP,11000
0100_00,ZBurstDash,BurstSmashSpCostLP,3500
0100_00,DashUpDown,SpCostUpIN,1000
0100_00,DashUpDown,SpCostUpLP,7840
0100_00,DashUpDown,SpCostDownIN,1000
0100_00,DashUpDown,SpCostDownLP,7840
0100_00,DragonHoming,SpCostIN,250
0100_00,DragonHoming,SpCostLP,3500
0100_01,Character,DestroyedPower,8
0100_01,Character,AbilityFlag.SparkingArmor,false
0100_01,Character,ActionFlag.PowerPress,true
0100_01,Character,ActionFlag.AirRush,true
0100_01,Character,ChaseChangeBlastSlot,EKoratBlastSlotType::BlastSkill1
0100_01,Numeric,SPAutoRecoverySpeed,1500
0100_01,Numeric,SPAutoRecoverySpeedScaleUnderOneGauge,1.3
0100_01,Numeric,SPChargeSpeed,8
0100_01,Numeric,SPChargeSpeedUnderAutoRecoveryLimit,12
0100_01,Numeric,SparkingModeGaugeDecreaseSpeed,2800
0100_01,Numeric,BlastStock,6
0100_01,Numeric,AttackChargeSpeedsBySmashLevel[0],3
0100_01,Numeric,AttackChargeSpeedsBySmashLevel[1],5.4
0100_01,Numeric,AttackChargeSpeedsBySmashLevel[2],7.5
0100_01,Numeric,PursuitBaseLimit,2
0100_01,Numeric,PursuitLimitDragonHoming,0
0100_01,Numeric,PursuitLimitVanishingAttack,0
0100_01,Numeric,PursuitBaseLimitAddAtSparking,3
0100_01,Numeric,PursuitLimitDragonHomingAddAtSparking,0
0100_01,Numeric,PursuitLimitVanishingAttackAddAtSparking,0
0100_01,Numeric,PursuitLimitLightningAttackAddAtSparking,0
0100_01,Numeric,IdealPositionMidAirKick,76
0100_01,Numeric,ReactionSplitHighBorder,0.7
0100_01,Numeric,ReactionSplitMidBorder,0.35
0100_01,Numeric,ReactionSplitLowBorder,0.175
0100_01,Numeric,BulletNum,15
0100_01,Numeric,JumpBulletNum,3
0100_01,Numeric,JumpBulletSetNum,3
0100_01,Numeric,DashBulletNum,7
0100_01,Numeric,RushBulletLimit,15
0100_01,Numeric,SmashBulletLimit,1
0100_01,Numeric,RepelSkillGaugeGainRate,1.2
0100_01,Numeric,AttackBreakSkillGaugeGain,0.15
0100_01,Numeric,FastAvoidSkillGaugeGain,0.05
0100_01,Numeric,ThrowBreakSkillGaugeGain,0.1
0100_01,Numeric,BackAttackedSkillGaugeGain,0.03
0100_01,Numeric,LastOneHPSkillGaugeGain,1
0100_01,Numeric,ImpactStartSkillGaugeGain,1
0100_01,Numeric,RushOffsetSkillGaugeGain,0.05
0100_01,Numeric,CollisionOffsetSkillGaugeGain,0.5
0100_01,Numeric,DragonHomingChangeTrajectorySkillGaugeGain,0.1
0100_01,Numeric,BurstSmashGaugeGain,0.1
0100_01,Numeric,ExParam,6
0100_01,Steps,StepShortDash.AddToSpeedScale,60000
0100_01,Steps,StepShortDash.MaxAcceleration,60000
0100_01,Steps,StepShortDash.BrakingDeceleration,30000
0100_01,Steps,StepShortDash.ElapsedTimeToOT,0.033333
0100_01,Steps,StepShortDash.Duration,0.333333
0100_01,Steps,StepShortDash.CoolTime,0.05
0100_01,Steps,StepShortDash.bIsStopClearSpeed,true
0100_01,Steps,StepShortDash.StopBrakingDeceleration,10000000
0100_01,Steps,StepShortDash.SpCost,2650
0100_01,Steps,StepCancelShortDash.AddToSpeedScale,60000
0100_01,Steps,StepCancelShortDash.MaxAcceleration,60000
0100_01,Steps,StepCancelShortDash.BrakingDeceleration,30000
0100_01,Steps,StepCancelShortDash.ElapsedTimeToOT,0.033333
0100_01,Steps,StepCancelShortDash.Duration,0.333333
0100_01,Steps,StepCancelShortDash.CoolTime,0.416667
0100_01,Steps,StepCancelShortDash.bIsStopClearSpeed,true
0100_01,Steps,StepCancelShortDash.StopBrakingDeceleration,10000000
0100_01,Steps,StepCancelShortDash.SpCost,1325
0100_01,DragonDash,SpCostIN,500
0100_01,DragonDash,SpCostLP,3920
0100_01,DragonDash,SpCostBK,5200
0100_01,DragonDash,HighSpeedSpCostLP,4900
0100_01,ZBurstDash,SpCostIN,10000
0100_01,ZBurstDash,SpCostLP,11000
0100_01,ZBurstDash,BurstSmashSpCostLP,3500
0100_01,DashUpDown,SpCostUpIN,1000
0100_01,DashUpDown,SpCostUpLP,7840
0100_01,DashUpDown,SpCostDownIN,1000
0100_01,DashUpDown,SpCostDownLP,7840
0100_01,DragonHoming,SpCostIN,250
0100_01,DragonHoming,SpCostLP,3500
0100_02,Character,DestroyedPower,10
0100_02,Character,ActionFlag.PowerPress,true
0100_02,Character,ActionFlag.AirRush,true
0100_02,Character,ChaseChangeBlastSlot,EKoratBlastSlotType::BlastSkill2
0100_02,Numeric,DamageRate,0.98
0100_02,Numeric,SPAutoRecoverySpeed,1500
0100_02,Numeric,SPAutoRecoverySpeedScaleUnderOneGauge,1.3
0100_02,Numeric,SPChargeSpeed,8
0100_02,Numeric,SPChargeSpeedUnderAutoRecoveryLimit,12
0100_02,Numeric,SparkingModeGaugeDecreaseSpeed,2800
0100_02,Numeric,BlastStock,6
0100_02,Numeric,AttackChargeSpeedsBySmashLevel[0],3
0100_02,Numeric,AttackChargeSpeedsBySmashLevel[1],5.4
0100_02,Numeric,AttackChargeSpeedsBySmashLevel[2],7.5
0100_02,Numeric,PursuitBaseLimit,4
0100_02,Numeric,PursuitLimitDragonHoming,0
0100_02,Numeric,PursuitLimitVanishingAttack,0
0100_02,Numeric,PursuitBaseLimitAddAtSparking,2
0100_02,Numeric,PursuitLimitDragonHomingAddAtSparking,0
0100_02,Numeric,PursuitLimitVanishingAttackAddAtSparking,0
0100_02,Numeric,PursuitLimitLightningAttackAddAtSparking,0
0100_02,Numeric,IdealPositionMidAirKick,76
0100_02,Numeric,ReactionSplitHighBorder,0.7
0100_02,Numeric,ReactionSplitMidBorder,0.35
0100_02,Numeric,ReactionSplitLowBorder,0.175
0100_02,Numeric,BulletNum,18
0100_02,Numeric,JumpBulletNum,5
0100_02,Numeric,DashBulletNum,8
0100_02,Numeric,RushBulletLimit,18
0100_02,Numeric,SmashBulletLimit,1
0100_02,Numeric,RepelSkillGaugeGainRate,1.2
0100_02,Numeric,AttackBreakSkillGaugeGain,0.15
0100_02,Numeric,FastAvoidSkillGaugeGain,0.05
0100_02,Numeric,ThrowBreakSkillGaugeGain,0.1
0100_02,Numeric,BackAttackedSkillGaugeGain,0.03
0100_02,Numeric,LastOneHPSkillGaugeGain,1
0100_02,Numeric,ImpactStartSkillGaugeGain,1
0100_02,Numeric,RushOffsetSkillGaugeGain,0.05
0100_02,Numeric,CollisionOffsetSkillGaugeGain,0.5
0100_02,Numeric,DragonHomingChangeTrajectorySkillGaugeGain,0.1
0100_02,Numeric,BurstSmashGaugeGain,0.1
0100_02,Numeric,ExParam,2
0100_02,Numeric,AuraType,EKoratBattleAuraType::God
0100_02,Steps,StepShortDash.AddToSpeedScale,60000
0100_02,Steps,StepShortDash.MaxAcceleration,60000
0100_02,Steps,StepShortDash.BrakingDeceleration,30000
0100_02,Steps,StepShortDash.ElapsedTimeToOT,0.033333
0100_02,Steps,StepShortDash.Duration,0.333333
0100_02,Steps,StepShortDash.CoolTime,0.05
0100_02,Steps,StepShortDash.bIsStopClearSpeed,true
0100_02,Steps,StepShortDash.StopBrakingDeceleration,10000000
0100_02,Steps,StepShortDash.SpCost,2650
0100_02,Steps,StepCancelShortDash.AddToSpeedScale,60000
0100_02,Steps,StepCancelShortDash.MaxAcceleration,60000
0100_02,Steps,StepCancelShortDash.BrakingDeceleration,30000
0100_02,Steps,StepCancelShortDash.ElapsedTimeToOT,0.033333
0100_02,Steps,StepCancelShortDash.Duration,0.333333
0100_02,Steps,StepCancelShortDash.CoolTime,0.416667
0100_02,Steps,StepCancelShortDash.bIsStopClearSpeed,true
0100_02,Steps,StepCancelShortDash.StopBrakingDeceleration,10000000
0100_02,Steps,StepCancelShortDash.SpCost,1325
0100_02,DragonDash,SpCostIN,500
0100_02,DragonDash,SpCostLP,3920
0100_02,DragonDash,SpCostBK,5200
0100_02,DragonDash,HighSpeedSpCostLP,4900
0100_02,ZBurstDash,SpCostIN,10000
0100_02,ZBurstDash,SpCostLP,11000
0100_02,ZBurstDash,BurstSmashSpCostLP,3500
0100_02,DashUpDown,SpCostUpIN,1000
0100_02,DashUpDown,SpCostUpLP,7840
0100_02,DashUpDown,SpCostDownIN,1000
0100_02,DashUpDown,SpCostDownLP,7840
0100_02,DragonHoming,SpCostIN,250
0100_02,DragonHoming,SpCostLP,3500
0110_00,Character,DestroyedPower,7
0110_00,Character,AbilityFlag.SparkingArmor,false
0110_00,Character,ActionFlag.HeavyCrash,true
0110_00,Character,ActionFlag.CannonCombo,true
0110_00,Character,ActionFlag.PowerPress,true
0110_00,Character,ChaseChangeBlastSlot,EKoratBlastSlotType::BlastSkill1
0110_00,Numeric,SPAutoRecoverySpeed,1750
0110_00,Numeric,SPAutoRecoverySpeedScaleUnderOneGauge,1.3
0110_00,Numeric,SPChargeSpeed,7
0110_00,Numeric,SPChargeSpeedUnderAutoRecoveryLimit,10.5
0110_00,Numeric,SparkingModeGaugeDecreaseSpeed,2800
0110_00,Numeric,AttackChargeSpeedsBySmashLevel[0],3
0110_00,Numeric,AttackChargeSpeedsBySmashLevel[1],5.4
0110_00,Numeric,AttackChargeSpeedsBySmashLevel[2],7.5
0110_00,Numeric,PursuitBaseLimit,2
0110_00,Numeric,PursuitLimitDragonHoming,0
0110_00,Numeric,PursuitLimitVanishingAttack,0
0110_00,Numeric,PursuitBaseLimitAddAtSparking,2
0110_00,Numeric,PursuitLimitDragonHomingAddAtSparking,0
0110_00,Numeric,PursuitLimitVanishingAttackAddAtSparking,0
0110_00,Numeric,PursuitLimitLightningAttackAddAtSparking,0
0110_00,Numeric,IdealPositionMidAirKick,80
0110_00,Numeric,ReactionSplitHighBorder,0.7
0110_00,Numeric,ReactionSplitMidBorder,0.35
0110_00,Numeric,ReactionSplitLowBorder,0.175
0110_00,Numeric,DashBulletNum,6
0110_00,Numeric,RushBulletLimit,10
0110_00,Numeric,SmashBulletLimit,1
0110_00,Numeric,RepelSkillGaugeGainRate,1.1
0110_00,Numeric,AttackBreakSkillGaugeGain,0.15
0110_00,Numeric,FastAvoidSkillGaugeGain,0.05
0110_00,Numeric,ThrowBreakSkillGaugeGain,0.1
0110_00,Numeric,BackAttackedSkillGaugeGain,0.03
0110_00,Numeric,LastOneHPSkillGaugeGain,1
0110_00,Numeric,ImpactStartSkillGaugeGain,1
0110_00,Numeric,RushOffsetSkillGaugeGain,0.05
0110_00,Numeric,CollisionOffsetSkillGaugeGain,0.5
0110_00,Numeric,DragonHomingChangeTrajectorySkillGaugeGain,0.1
0110_00,Numeric,BurstSmashGaugeGain,0.1
0110_00,Numeric,ExParam,4
0110_00,Steps,StepShortDash.AddToSpeedScale,60000
0110_00,Steps,StepShortDash.MaxAcceleration,60000
0110_00,Steps,StepShortDash.BrakingDeceleration,30000
0110_00,Steps,StepShortDash.ElapsedTimeToOT,0.033333
0110_00,Steps,StepShortDash.Duration,0.333333
0110_00,Steps,StepShortDash.CoolTime,0.05
0110_00,Steps,StepShortDash.bIsStopClearSpeed,true
0110_00,Steps,StepShortDash.StopBrakingDeceleration,10000000
0110_00,Steps,StepShortDash.SpCost,2650
0110_00,Steps,StepCancelShortDash.AddToSpeedScale,60000
0110_00,Steps,StepCancelShortDash.MaxAcceleration,60000
0110_00,Steps,StepCancelShortDash.BrakingDeceleration,30000
0110_00,Steps,StepCancelShortDash.ElapsedTimeToOT,0.033333
0110_00,Steps,StepCancelShortDash.Duration,0.333333
0110_00,Steps,StepCancelShortDash.CoolTime,0.416667
0110_00,Steps,StepCancelShortDash.bIsStopClearSpeed,true
0110_00,Steps,StepCancelShortDash.StopBrakingDeceleration,10000000
0110_00,Steps,StepCancelShortDash.SpCost,1325
0110_00,DragonDash,SpCostIN,500
0110_00,DragonDash,SpCostLP,3920
0110_00,DragonDash,SpCostBK,5200
0110_00,DragonDash,HighSpeedSpCostLP,4900
0110_00,ZBurstDash,SpCostIN,10000
0110_00,ZBurstDash,SpCostLP,11000
0110_00,ZBurstDash,BurstSmashSpCostLP,3500
0110_00,DashUpDown,SpCostUpIN,1000
0110_00,DashUpDown,SpCostUpLP,7840
0110_00,DashUpDown,SpCostDownIN,1000
0110_00,DashUpDown,SpCostDownLP,7840
0110_00,DragonHoming,SpCostIN,250
0110_00,DragonHoming,SpCostLP,3500
0110_01,Character,DestroyedPower,8
0110_01,Character,AbilityFlag.SparkingArmor,false
0110_01,Character,ActionFlag.CannonCombo,true
0110_01,Character,ActionFlag.PowerPress,true
0110_01,Character,ActionFlag.TriAttack,true
0110_01,Character,ChaseChangeBlastSlot,EKoratBlastSlotType::BlastSkill1
0110_01,Numeric,SPAutoRecoverySpeed,1500
0110_01,Numeric,SPAutoRecoverySpeedScaleUnderOneGauge,1.3
0110_01,Numeric,SPChargeSpeed,8
0110_01,Numeric,SPChargeSpeedUnderAutoRecoveryLimit,12
0110_01,Numeric,SparkingModeGaugeDecreaseSpeed,2800
0110_01,Numeric,AttackChargeSpeedsBySmashLevel[0],3
0110_01,Numeric,AttackChargeSpeedsBySmashLevel[1],5.4
0110_01,Numeric,AttackChargeSpeedsBySmashLevel[2],7.5
0110_01,Numeric,PursuitBaseLimit,3
0110_01,Numeric,PursuitLimitDragonHoming,0
0110_01,Numeric,PursuitLimitVanishingAttack,0
0110_01,Numeric,PursuitBaseLimitAddAtSparking,2
0110_01,Numeric,PursuitLimitDragonHomingAddAtSparking,0
0110_01,Numeric,PursuitLimitVanishingAttackAddAtSparking,0
0110_01,Numeric,PursuitLimitLightningAttackAddAtSparking,0
0110_01,Numeric,IdealPositionMidAirKick,80
0110_01,Numeric,ReactionSplitHighBorder,0.7
0110_01,Numeric,ReactionSplitMidBorder,0.35
0110_01,Numeric,ReactionSplitLowBorder,0.175
0110_01,Numeric,BulletNum,15
0110_01,Numeric,JumpBulletNum,3
0110_01,Numeric,JumpBulletSetNum,3
0110_01,Numeric,DashBulletNum,7
0110_01,Numeric,RushBulletLimit,15
0110_01,Numeric,SmashBulletLimit,1
0110_01,Numeric,RepelSkillGaugeGainRate,1.1
0110_01,Numeric,AttackBreakSkillGaugeGain,0.15
0110_01,Numeric,FastAvoidSkillGaugeGain,0.05
0110_01,Numeric,ThrowBreakSkillGaugeGain,0.1
0110_01,Numeric,BackAttackedSkillGaugeGain,0.03
0110_01,Numeric,LastOneHPSkillGaugeGain,1
0110_01,Numeric,ImpactStartSkillGaugeGain,1
0110_01,Numeric,RushOffsetSkillGaugeGain,0.05
0110_01,Numeric,CollisionOffsetSkillGaugeGain,0.5
0110_01,Numeric,DragonHomingChangeTrajectorySkillGaugeGain,0.1
0110_01,Numeric,BurstSmashGaugeGain,0.1
0110_01,Numeric,ExParam,5
0110_01,Steps,StepShortDash.AddToSpeedScale,60000
0110_01,Steps,StepShortDash.MaxAcceleration,60000
0110_01,Steps,StepShortDash.BrakingDeceleration,30000
0110_01,Steps,StepShortDash.ElapsedTimeToOT,0.033333
0110_01,Steps,StepShortDash.Duration,0.333333
0110_01,Steps,StepShortDash.CoolTime,0.05
0110_01,Steps,StepShortDash.bIsStopClearSpeed,true
0110_01,Steps,StepShortDash.StopBrakingDeceleration,10000000
0110_01,Steps,StepShortDash.SpCost,2650
0110_01,Steps,StepCancelShortDash.AddToSpeedScale,60000
0110_01,Steps,StepCancelShortDash.MaxAcceleration,60000
0110_01,Steps,StepCancelShortDash.BrakingDeceleration,30000
0110_01,Steps,StepCancelShortDash.ElapsedTimeToOT,0.033333
0110_01,Steps,StepCancelShortDash.Duration,0.333333
0110_01,Steps,StepCancelShortDash.CoolTime,0.416667
0110_01,Steps,StepCancelShortDash.bIsStopClearSpeed,true
0110_01,Steps,StepCancelShortDash.StopBrakingDeceleration,10000000
0110_01,Steps,StepCancelShortDash.SpCost,1325
0110_01,DragonDash,SpCostIN,500
0110_01,DragonDash,SpCostLP,3920
0110_01,DragonDash,SpCostBK,5200
0110_01,DragonDash,HighSpeedSpCostLP,4900
0110_01,ZBurstDash,SpCostIN,10000
0110_01,ZBurstDash,SpCostLP,11000
0110_01,ZBurstDash,BurstSmashSpCostLP,3500
0110_01,DashUpDown,SpCostUpIN,1000
0110_01,DashUpDown,SpCostUpLP,7840
0110_01,DashUpDown,SpCostDownIN,1000
0110_01,DashUpDown,SpCostDownLP,7840
0110_01,DragonHoming,SpCostIN,250
0110_01,DragonHoming,SpCostLP,3500
0110_02,Character,DestroyedPower,10
0110_02,Character,AbilityFlag.SparkingArmor,false
0110_02,Character,ActionFlag.CannonCombo,true
0110_02,Character,ActionFlag.PowerPress,true
0110_02,Character,ChaseChangeBlastSlot,EKoratBlastSlotType::BlastSkill2
0110_02,Numeric,SPAutoRecoverySpeed,1500
0110_02,Numeric,SPAutoRecoverySpeedScaleUnderOneGauge,1.3
0110_02,Numeric,SPChargeSpeed,8
0110_02,Numeric,SPChargeSpeedUnderAutoRecoveryLimit,12
0110_02,Numeric,SparkingModeGaugeDecreaseSpeed,2800
0110_02,Numeric,BlastStock,6
0110_02,Numeric,AttackChargeSpeedsBySmashLevel[0],3
0110_02,Numeric,AttackChargeSpeedsBySmashLevel[1],5.4
0110_02,Numeric,AttackChargeSpeedsBySmashLevel[2],7.5
0110_02,Numeric,PursuitBaseLimit,3
0110_02,Numeric,PursuitLimitDragonHoming,0
0110_02,Numeric,PursuitLimitVanishingAttack,0
0110_02,Numeric,PursuitBaseLimitAddAtSparking,2
0110_02,Numeric,PursuitLimitDragonHomingAddAtSparking,0
0110_02,Numeric,PursuitLimitVanishingAttackAddAtSparking,0
0110_02,Numeric,PursuitLimitLightningAttackAddAtSparking,0
0110_02,Numeric,IdealPositionMidAirKick,72
0110_02,Numeric,ReactionSplitHighBorder,0.7
0110_02,Numeric,ReactionSplitMidBorder,0.35
0110_02,Numeric,ReactionSplitLowBorder,0.175
0110_02,Numeric,BulletNum,15
0110_02,Numeric,JumpBulletNum,5
0110_02,Numeric,DashBulletNum,8
0110_02,Numeric,RushBulletLimit,15
0110_02,Numeric,SmashBulletLimit,1
0110_02,Numeric,RepelSkillGaugeGainRate,1.2
0110_02,Numeric,AttackBreakSkillGaugeGain,0.15
0110_02,Numeric,FastAvoidSkillGaugeGain,0.05
0110_02,Numeric,ThrowBreakSkillGaugeGain,0.1
0110_02,Numeric,BackAttackedSkillGaugeGain,0.03
0110_02,Numeric,LastOneHPSkillGaugeGain,1
0110_02,Numeric,ImpactStartSkillGaugeGain,1
0110_02,Numeric,RushOffsetSkillGaugeGain,0.05
0110_02,Numeric,CollisionOffsetSkillGaugeGain,0.5
0110_02,Numeric,DragonHomingChangeTrajectorySkillGaugeGain,0.1
0110_02,Numeric,BurstSmashGaugeGain,0.1
0110_02,Numeric,ExParam,6
0110_02,Steps,StepShortDash.AddToSpeedScale,60000
0110_02,Steps,StepShortDash.MaxAcceleration,60000
0110_02,Steps,StepShortDash.BrakingDeceleration,30000
0110_02,Steps,StepShortDash.ElapsedTimeToOT,0.033333
0110_02,Steps,StepShortDash.Duration,0.333333
0110_02,Steps,StepShortDash.CoolTime,0.05
0110_02,Steps,StepShortDash.bIsStopClearSpeed,true
0110_02,Steps,StepShortDash.StopBrakingDeceleration,10000000
0110_02,Steps,StepShortDash.SpCost,2650
0110_02,Steps,StepCancelShortDash.AddToSpeedScale,60000
0110_02,Steps,StepCancelShortDash.MaxAcceleration,60000
0110_02,Steps,StepCancelShortDash.BrakingDeceleration,30000
0110_02,Steps,StepCancelShortDash.ElapsedTimeToOT,0.033333
0110_02,Steps,StepCancelShortDash.Duration,0.333333
0110_02,Steps,StepCancelShortDash.CoolTime,0.416667
0110_02,Steps,StepCancelShortDash.bIsStopClearSpeed,true
0110_02,Steps,StepCancelShortDash.StopBrakingDeceleration,10000000
0110_02,Steps,StepCancelShortDash.SpCost,1325
0110_02,DragonDash,SpCostIN,500
0110_02,DragonDash,SpCostLP,3920
0110_02,DragonDash,SpCostBK,5200
0110_02,DragonDash,HighSpeedSpCostLP,4900
0110_02,ZBurstDash,SpCostIN,10000
0110_02,ZBurstDash,SpCostLP,11000
0110_02,ZBurstDash,BurstSmashSpCostLP,3500
0110_02,DashUpDown,SpCostUpIN,1000
0110_02,DashUpDown,SpCostUpLP,7840
0110_02,DashUpDown,SpCostDownIN,1000
0110_02,DashUpDown,SpCostDownLP,7840
0110_02,DragonHoming,SpCostIN,250
0110_02,DragonHoming,SpCostLP,3500
0110_03,Character,DestroyedPower,10
0110_03,Character,ActionFlag.CannonCombo,true
0110_03,Character,ActionFlag.PowerPress,true
0110_03,Character,ChaseChangeBlastSlot,EKoratBlastSlotType::BlastSkill2
0110_03,Numeric,DamageRate,0.98
0110_03,Numeric,SPAutoRecoverySpeed,1500
0110_03,Numeric,SPAutoRecoverySpeedScaleUnderOneGauge,1.3
0110_03,Numeric,SPChargeSpeed,8
0110_03,Numeric,SPChargeSpeedUnderAutoRecoveryLimit,12
0110_03,Numeric,SparkingModeGaugeDecreaseSpeed,2800
0110_03,Numeric,BlastStock,6
0110_03,Numeric,AttackChargeSpeedsBySmashLevel[0],3
0110_03,Numeric,AttackChargeSpeedsBySmashLevel[1],5.4
0110_03,Numeric,AttackChargeSpeedsBySmashLevel[2],7.5
0110_03,Numeric,PursuitBaseLimit,4
0110_03,Numeric,PursuitLimitDragonHoming,0
0110_03,Numeric,PursuitLimitVanishingAttack,0
0110_03,Numeric,PursuitBaseLimitAddAtSparking,2
0110_03,Numeric,PursuitLimitDragonHomingAddAtSparking,0
0110_03,Numeric,PursuitLimitVanishingAttackAddAtSparking,0
0110_03,Numeric,PursuitLimitLightningAttackAddAtSparking,0
0110_03,Numeric,IdealPositionMidAirKick,80
0110_03,Numeric,ReactionSplitHighBorder,0.7
0110_03,Numeric,ReactionSplitMidBorder,0.35
0110_03,Numeric,ReactionSplitLowBorder,0.175
0110_03,Numeric,BulletNum,19
0110_03,Numeric,JumpBulletNum,5
0110_03,Numeric,DashBulletNum,8
0110_03,Numeric,RushBulletLimit,19
0110_03,Numeric,SmashBulletLimit,1
0110_03,Numeric,RepelSkillGaugeGainRate,1.2
0110_03,Numeric,AttackBreakSkillGaugeGain,0.15
0110_03,Numeric,FastAvoidSkillGaugeGain,0.05
0110_03,Numeric,ThrowBreakSkillGaugeGain,0.1
0110_03,Numeric,BackAttackedSkillGaugeGain,0.03
0110_03,Numeric,LastOneHPSkillGaugeGain,1
0110_03,Numeric,ImpactStartSkillGaugeGain,1
0110_03,Numeric,RushOffsetSkillGaugeGain,0.05
0110_03,Numeric,CollisionOffsetSkillGaugeGain,0.5
0110_03,Numeric,DragonHomingChangeTrajectorySkillGaugeGain,0.1
0110_03,Numeric,BurstSmashGaugeGain,0.1
0110_03,Numeric,ExParam,2
0110_03,Numeric,AuraType,EKoratBattleAuraType::God
0110_03,Steps,StepShortDash.AddToSpeedScale,60000
0110_03,Steps,StepShortDash.MaxAcceleration,60000
0110_03,Steps,StepShortDash.BrakingDeceleration,30000
0110_03,Steps,StepShortDash.ElapsedTimeToOT,0.033333
0110_03,Steps,StepShortDash.Duration,0.333333
0110_03,Steps,StepShortDash.CoolTime,0.05
0110_03,Steps,StepShortDash.bIsStopClearSpeed,true
0110_03,Steps,StepShortDash.StopBrakingDeceleration,10000000
0110_03,Steps,StepShortDash.SpCost,2650
0110_03,Steps,StepCancelShortDash.AddToSpeedScale,60000
0110_03,Steps,StepCancelShortDash.MaxAcceleration,60000
0110_03,Steps,StepCancelShortDash.BrakingDeceleration,30000
0110_03,Steps,StepCancelShortDash.ElapsedTimeToOT,0.033333
0110_03,Steps,StepCancelShortDash.Duration,0.333333
0110_03,Steps,StepCancelShortDash.CoolTime,0.416667
0110_03,Steps,StepCancelShortDash.bIsStopClearSpeed,true
0110_03,Steps,StepCancelShortDash.StopBrakingDeceleration,10000000
0110_03,Steps,StepCancelShortDash.SpCost,1325
0110_03,DragonDash,SpCostIN,500
0110_03,DragonDash,SpCostLP,3920
0110_03,DragonDash,SpCostBK,5200
0110_03,DragonDash,HighSpeedSpCostLP,4900
0110_03,ZBurstDash,SpCostIN,10000
0110_03,ZBurstDash,SpCostLP,11000
0110_03,ZBurstDash,BurstSmashSpCostLP,3500
0110_03,DashUpDown,SpCostUpIN,1000
0110_03,DashUpDown,SpCostUpLP,7840
0110_03,DashUpDown,SpCostDownIN,1000
0110_03,DashUpDown,SpCostDownLP,7840
0110_03,DragonHoming,SpCostIN,250
0110_03,DragonHoming,SpCostLP,3500
0110_04,Character,DestroyedPower,8
0110_04,Character,ActionFlag.CannonCombo,true
0110_04,Character,ActionFlag.PowerPress,true
0110_04,Character,ChaseChangeBlastSlot,EKoratBlastSlotType::BlastSkill1
0110_04,Numeric,SPAutoRecoverySpeed,1500
0110_04,Numeric,SPAutoRecoverySpeedScaleUnderOneGauge,1.3
0110_04,Numeric,SPChargeSpeed,8
0110_04,Numeric,SPChargeSpeedUnderAutoRecoveryLimit,12
0110_04,Numeric,SparkingModeGaugeDecreaseSpeed,2800
0110_04,Numeric,BlastStock,6
0110_04,Numeric,AttackChargeSpeedsBySmashLevel[0],3
0110_04,Numeric,AttackChargeSpeedsBySmashLevel[1],5.4
0110_04,Numeric,AttackChargeSpeedsBySmashLevel[2],7.5
0110_04,Numeric,PursuitBaseLimit,4
0110_04,Numeric,PursuitLimitDragonHoming,0
0110_04,Numeric,PursuitLimitVanishingAttack,0
0110_04,Numeric,PursuitBaseLimitAddAtSparking,2
0110_04,Numeric,PursuitLimitDragonHomingAddAtSparking,0
0110_04,Numeric,PursuitLimitVanishingAttackAddAtSparking,0
0110_04,Numeric,PursuitLimitLightningAttackAddAtSparking,0
0110_04,Numeric,IdealPositionMidAirKick,80
0110_04,Numeric,ReactionSplitHighBorder,0.7
0110_04,Numeric,ReactionSplitMidBorder,0.35
0110_04,Numeric,ReactionSplitLowBorder,0.175
0110_04,Numeric,BulletNum,20
0110_04,Numeric,JumpBulletNum,3
0110_04,Numeric,JumpBulletSetNum,3
0110_04,Numeric,DashBulletNum,7
0110_04,Numeric,RushBulletLimit,20
0110_04,Numeric,SmashBulletLimit,1
0110_04,Numeric,RepelSkillGaugeGainRate,1.1
0110_04,Numeric,AttackBreakSkillGaugeGain,0.15
0110_04,Numeric,FastAvoidSkillGaugeGain,0.05
0110_04,Numeric,ThrowBreakSkillGaugeGain,0.1
0110_04,Numeric,BackAttackedSkillGaugeGain,0.03
0110_04,Numeric,LastOneHPSkillGaugeGain,1
0110_04,Numeric,ImpactStartSkillGaugeGain,1
0110_04,Numeric,RushOffsetSkillGaugeGain,0.05
0110_04,Numeric,CollisionOffsetSkillGaugeGain,0.5
0110_04,Numeric,DragonHomingChangeTrajectorySkillGaugeGain,0.1
0110_04,Numeric,BurstSmashGaugeGain,0.1
0110_04,Numeric,ExParam,5
0110_04,Steps,StepShortDash.AddToSpeedScale,60000
0110_04,Steps,StepShortDash.MaxAcceleration,60000
0110_04,Steps,StepShortDash.BrakingDeceleration,30000
0110_04,Steps,StepShortDash.ElapsedTimeToOT,0.033333
0110_04,Steps,StepShortDash.Duration,0.333333
0110_04,Steps,StepShortDash.CoolTime,0.05
0110_04,Steps,StepShortDash.bIsStopClearSpeed,true
0110_04,Steps,StepShortDash.StopBrakingDeceleration,10000000
0110_04,Steps,StepShortDash.SpCost,2650
0110_04,Steps,StepCancelShortDash.AddToSpeedScale,60000
0110_04,Steps,StepCancelShortDash.MaxAcceleration,60000
0110_04,Steps,StepCancelShortDash.BrakingDeceleration,30000
0110_04,Steps,StepCancelShortDash.ElapsedTimeToOT,0.033333
0110_04,Steps,StepCancelShortDash.Duration,0.333333
0110_04,Steps,StepCancelShortDash.CoolTime,0.416667
0110_04,Steps,StepCancelShortDash.bIsStopClearSpeed,true
0110_04,Steps,StepCancelShortDash.StopBrakingDeceleration,10000000
0110_04,Steps,StepCancelShortDash.SpCost,1325
0110_04,DragonDash,SpCostIN,500
0110_04,DragonDash,SpCostLP,3920
0110_04,DragonDash,SpCostBK,5200
0110_04,DragonDash,HighSpeedSpCostLP,4900
0110_04,ZBurstDash,SpCostIN,10000
0110_04,ZBurstDash,SpCostLP,11000
0110_04,ZBurstDash,BurstSmashSpCostLP,3500
0110_04,DashUpDown,SpCostUpIN,1000
0110_04,DashUpDown,SpCostUpLP,7840
0110_04,DashUpDown,SpCostDownIN,1000
0110_04,DashUpDown,SpCostDownLP,7840
0110_04,DragonHoming,SpCostIN,250
0110_04,DragonHoming,SpCostLP,3500
0120_00,Character,DestroyedPower,6
0120_00,Character,AbilityFlag.SparkingArmor,false
0120_00,Character,AbilityFlag.AutoReflect,false
0120_00,Character,ActionFlag.DragonTornado,true
0120_00,Character,ActionFlag.HeavyCrash,true
0120_00,Character,ActionFlag.CannonCombo,true
0120_00,Character,ActionFlag.PowerPress,true
0120_00,Character,ChaseChangeBlastSlot,EKoratBlastSlotType::BlastSkill1
0120_00,Numeric,Life,45000
0120_00,Numeric,SPAutoRecoverySpeed,1750
0120_00,Numeric,SPAutoRecoverySpeedScaleUnderOneGauge,1.3
0120_00,Numeric,SPChargeSpeed,7
0120_00,Numeric,SPChargeSpeedUnderAutoRecoveryLimit,10.5
0120_00,Numeric,SparkingModeGaugeDecreaseSpeed,2800
0120_00,Numeric,AttackChargeSpeedsBySmashLevel[0],3
0120_00,Numeric,AttackChargeSpeedsBySmashLevel[1],5.4
0120_00,Numeric,AttackChargeSpeedsBySmashLevel[2],7.5
0120_00,Numeric,PursuitBaseLimit,2
0120_00,Numeric,PursuitLimitDragonHoming,0
0120_00,Numeric,PursuitLimitVanishingAttack,0
0120_00,Numeric,PursuitBaseLimitAddAtSparking,2
0120_00,Numeric,PursuitLimitDragonHomingAddAtSparking,0
0120_00,Numeric,PursuitLimitVanishingAttackAddAtSparking,0
0120_00,Numeric,PursuitLimitLightningAttackAddAtSparking,0
0120_00,Numeric,IdealPositionMidAirKick,55
0120_00,Numeric,ReactionSplitHighBorder,0.6
0120_00,Numeric,ReactionSplitMidBorder,0.4
0120_00,Numeric,ReactionSplitLowBorder,0.2
0120_00,Numeric,BulletNum,7
0120_00,Numeric,JumpBulletNum,7
0120_00,Numeric,JumpBulletSetNum,1
0120_00,Numeric,DashBulletNum,5
0120_00,Numeric,RushBulletLimit,7
0120_00,Numeric,SmashBulletLimit,1
0120_00,Numeric,RepelSkillGaugeGainRate,1.1
0120_00,Numeric,AttackBreakSkillGaugeGain,0.15
0120_00,Numeric,FastAvoidSkillGaugeGain,0.05
0120_00,Numeric,ThrowBreakSkillGaugeGain,0.1
0120_00,Numeric,BackAttackedSkillGaugeGain,0.03
0120_00,Numeric,LastOneHPSkillGaugeGain,1
0120_00,Numeric,ImpactStartSkillGaugeGain,1
0120_00,Numeric,RushOffsetSkillGaugeGain,0.05
0120_00,Numeric,CollisionOffsetSkillGaugeGain,0.5
0120_00,Numeric,DragonHomingChangeTrajectorySkillGaugeGain,0.1
0120_00,Numeric,BurstSmashGaugeGain,0.1
0120_00,Numeric,ExParam,4
0120_00,Steps,StepShortDash.AddToSpeedScale,60000
0120_00,Steps,StepShortDash.MaxAcceleration,60000
0120_00,Steps,StepShortDash.BrakingDeceleration,30000
0120_00,Steps,StepShortDash.ElapsedTimeToOT,0.033333
0120_00,Steps,StepShortDash.Duration,0.333333
0120_00,Steps,StepShortDash.CoolTime,0.05
0120_00,Steps,StepShortDash.bIsStopClearSpeed,true
0120_00,Steps,StepShortDash.StopBrakingDeceleration,10000000
0120_00,Steps,StepShortDash.SpCost,2650
0120_00,Steps,StepCancelShortDash.AddToSpeedScale,60000
0120_00,Steps,StepCancelShortDash.MaxAcceleration,60000
0120_00,Steps,StepCancelShortDash.BrakingDeceleration,30000
0120_00,Steps,StepCancelShortDash.ElapsedTimeToOT,0.033333
0120_00,Steps,StepCancelShortDash.Duration,0.333333
0120_00,Steps,StepCancelShortDash.CoolTime,0.416667
0120_00,Steps,StepCancelShortDash.bIsStopClearSpeed,true
0120_00,Steps,StepCancelShortDash.StopBrakingDeceleration,10000000
0120_00,Steps,StepCancelShortDash.SpCost,1325
0120_00,DragonDash,SpCostIN,500
0120_00,DragonDash,SpCostLP,3920
0120_00,DragonDash,SpCostBK,5200
0120_00,DragonDash,HighSpeedSpCostLP,4900
0120_00,ZBurstDash,SpCostIN,10000
0120_00,ZBurstDash,SpCostLP,11000
0120_00,ZBurstDash,BurstSmashSpCostLP,3500
0120_00,DashUpDown,SpCostUpIN,1000
0120_00,DashUpDown,SpCostUpLP,7840
0120_00,DashUpDown,SpCostDownIN,1000
0120_00,DashUpDown,SpCostDownLP,7840
0120_00,DragonHoming,SpCostIN,250
0120_00,DragonHoming,SpCostLP,3500
0120_01,Character,DestroyedPower,7
0120_01,Character,AbilityFlag.SparkingArmor,false
0120_01,Character,ActionFlag.DragonTornado,true
0120_01,Character,ActionFlag.HeavyCrash,true
0120_01,Character,ActionFlag.CannonCombo,true
0120_01,Character,ActionFlag.PowerPress,true
0120_01,Character,ChaseChangeBlastSlot,EKoratBlastSlotType::BlastSkill1
0120_01,Numeric,Life,45000
0120_01,Numeric,SPAutoRecoverySpeed,1500
0120_01,Numeric,SPAutoRecoverySpeedScaleUnderOneGauge,1.3
0120_01,Numeric,SPChargeSpeed,8
0120_01,Numeric,SPChargeSpeedUnderAutoRecoveryLimit,12
0120_01,Numeric,SparkingModeGaugeDecreaseSpeed,2800
0120_01,Numeric,BlastStock,4
0120_01,Numeric,AttackChargeSpeedsBySmashLevel[0],3
0120_01,Numeric,AttackChargeSpeedsBySmashLevel[1],5.4
0120_01,Numeric,AttackChargeSpeedsBySmashLevel[2],7.5
0120_01,Numeric,PursuitBaseLimit,2
0120_01,Numeric,PursuitLimitDragonHoming,0
0120_01,Numeric,PursuitLimitVanishingAttack,0
0120_01,Numeric,PursuitBaseLimitAddAtSparking,3
0120_01,Numeric,PursuitLimitDragonHomingAddAtSparking,0
0120_01,Numeric,PursuitLimitVanishingAttackAddAtSparking,0
0120_01,Numeric,PursuitLimitLightningAttackAddAtSparking,0
0120_01,Numeric,IdealPositionMidAirKick,55
0120_01,Numeric,ReactionSplitHighBorder,0.6
0120_01,Numeric,ReactionSplitMidBorder,0.4
0120_01,Numeric,ReactionSplitLowBorder,0.2
0120_01,Numeric,DashBulletNum,6
0120_01,Numeric,RushBulletLimit,10
0120_01,Numeric,SmashBulletLimit,1
0120_01,Numeric,AttackBreakSkillGaugeGain,0.15
0120_01,Numeric,FastAvoidSkillGaugeGain,0.05
0120_01,Numeric,ThrowBreakSkillGaugeGain,0.1
0120_01,Numeric,BackAttackedSkillGaugeGain,0.03
0120_01,Numeric,LastOneHPSkillGaugeGain,1
0120_01,Numeric,ImpactStartSkillGaugeGain,1
0120_01,Numeric,RushOffsetSkillGaugeGain,0.05
0120_01,Numeric,CollisionOffsetSkillGaugeGain,0.5
0120_01,Numeric,DragonHomingChangeTrajectorySkillGaugeGain,0.1
0120_01,Numeric,BurstSmashGaugeGain,0.1
0120_01,Numeric,ExParam,6
0120_01,Steps,StepShortDash.AddToSpeedScale,60000
0120_01,Steps,StepShortDash.MaxAcceleration,60000
0120_01,Steps,StepShortDash.BrakingDeceleration,30000
0120_01,Steps,StepShortDash.ElapsedTimeToOT,0.033333
0120_01,Steps,StepShortDash.Duration,0.333333
0120_01,Steps,StepShortDash.CoolTime,0.05
0120_01,Steps,StepShortDash.bIsStopClearSpeed,true
0120_01,Steps,StepShortDash.StopBrakingDeceleration,10000000
0120_01,Steps,StepShortDash.SpCost,2650
0120_01,Steps,StepCancelShortDash.AddToSpeedScale,60000
0120_01,Steps,StepCancelShortDash.MaxAcceleration,60000
0120_01,Steps,StepCancelShortDash.BrakingDeceleration,30000
0120_01,Steps,StepCancelShortDash.ElapsedTimeToOT,0.033333
0120_01,Steps,StepCancelShortDash.Duration,0.333333
0120_01,Steps,StepCancelShortDash.CoolTime,0.416667
0120_01,Steps,StepCancelShortDash.bIsStopClearSpeed,true
0120_01,Steps,StepCancelShortDash.StopBrakingDeceleration,10000000
0120_01,Steps,StepCancelShortDash.SpCost,1325
0120_01,DragonDash,SpCostIN,500
0120_01,DragonDash,SpCostLP,3920
0120_01,DragonDash,SpCostBK,5200
0120_01,DragonDash,HighSpeedSpCostLP,4900
0120_01,ZBurstDash,SpCostIN,10000
0120_01,ZBurstDash,SpCostLP,11000
0120_01,ZBurstDash,BurstSmashSpCostLP,3500
0120_01,DashUpDown,SpCostUpIN,1000
0120_01,DashUpDown,SpCostUpLP,7840
0120_01,DashUpDown,SpCostDownIN,1000
0120_01,DashUpDown,SpCostDownLP,7840
0120_01,DragonHoming,SpCostIN,250
0120_01,DragonHoming,SpCostLP,3500
0120_02,Character,DestroyedPower,8
0120_02,Character,AbilityFlag.SparkingArmor,false
0120_02,Character,ActionFlag.DragonTornado,true
0120_02,Character,ActionFlag.HeavyCrash,true
0120_02,Character,ActionFlag.CannonCombo,true
0120_02,Character,ActionFlag.PowerPress,true
0120_02,Character,ChaseChangeBlastSlot,EKoratBlastSlotType::BlastSkill2
0120_02,Numeric,Life,45000
0120_02,Numeric,InitialSP,10000
0120_02,Numeric,SPAutoRecoverySpeed,1500
0120_02,Numeric,SPAutoRecoverySpeedScaleUnderOneGauge,1.3
0120_02,Numeric,SPChargeSpeed,8
0120_02,Numeric,SPChargeSpeedUnderAutoRecoveryLimit,12
0120_02,Numeric,SparkingModeGaugeDecreaseSpeed,2800
0120_02,Numeric,BlastStock,4
0120_02,Numeric,AttackChargeSpeedsBySmashLevel[0],3
0120_02,Numeric,AttackChargeSpeedsBySmashLevel[1],5.4
0120_02,Numeric,AttackChargeSpeedsBySmashLevel[2],7.5
0120_02,Numeric,PursuitBaseLimit,3
0120_02,Numeric,PursuitLimitDragonHoming,0
0120_02,Numeric,PursuitLimitVanishingAttack,0
0120_02,Numeric,PursuitBaseLimitAddAtSparking,2
0120_02,Numeric,PursuitLimitDragonHomingAddAtSparking,0
0120_02,Numeric,PursuitLimitVanishingAttackAddAtSparking,0
0120_02,Numeric,PursuitLimitLightningAttackAddAtSparking,0
0120_02,Numeric,IdealPositionMidAirKick,55
0120_02,Numeric,ReactionSplitHighBorder,0.6
0120_02,Numeric,ReactionSplitMidBorder,0.4
0120_02,Numeric,ReactionSplitLowBorder,0.2
0120_02,Numeric,BulletNum,15
0120_02,Numeric,JumpBulletNum,3
0120_02,Numeric,JumpBulletSetNum,3
0120_02,Numeric,DashBulletNum,7
0120_02,Numeric,RushBulletLimit,15
0120_02,Numeric,SmashBulletLimit,1
0120_02,Numeric,AttackBreakSkillGaugeGain,0.15
0120_02,Numeric,FastAvoidSkillGaugeGain,0.05
0120_02,Numeric,ThrowBreakSkillGaugeGain,0.1
0120_02,Numeric,BackAttackedSkillGaugeGain,0.03
0120_02,Numeric,LastOneHPSkillGaugeGain,1
0120_02,Numeric,ImpactStartSkillGaugeGain,1
0120_02,Numeric,RushOffsetSkillGaugeGain,0.05
0120_02,Numeric,CollisionOffsetSkillGaugeGain,0.5
0120_02,Numeric,DragonHomingChangeTrajectorySkillGaugeGain,0.1
0120_02,Numeric,BurstSmashGaugeGain,0.1
0120_02,Numeric,ExParam,6
0120_02,Steps,StepShortDash.AddToSpeedScale,60000
0120_02,Steps,StepShortDash.MaxAcceleration,60000
0120_02,Steps,StepShortDash.BrakingDeceleration,30000
0120_02,Steps,StepShortDash.ElapsedTimeToOT,0.033333
0120_02,Steps,StepShortDash.Duration,0.333333
0120_02,Steps,StepShortDash.CoolTime,0.05
0120_02,Steps,StepShortDash.bIsStopClearSpeed,true
0120_02,Steps,StepShortDash.StopBrakingDeceleration,10000000
0120_02,Steps,StepShortDash.SpCost,2650
0120_02,Steps,StepCancelShortDash.AddToSpeedScale,60000
0120_02,Steps,StepCancelShortDash.MaxAcceleration,60000
0120_02,Steps,StepCancelShortDash.BrakingDeceleration,30000
0120_02,Steps,StepCancelShortDash.ElapsedTimeToOT,0.033333
0120_02,Steps,StepCancelShortDash.Duration,0.333333
0120_02,Steps,StepCancelShortDash.CoolTime,0.416667
0120_02,Steps,StepCancelShortDash.bIsStopClearSpeed,true
0120_02,Steps,StepCancelShortDash.StopBrakingDeceleration,10000000
0120_02,Steps,StepCancelShortDash.SpCost,1325
0120_02,DragonDash,SpCostIN,500
0120_02,DragonDash,SpCostLP,3920
0120_02,DragonDash,SpCostBK,5200
0120_02,DragonDash,HighSpeedSpCostLP,4900
0120_02,ZBurstDash,SpCostIN,10000
0120_02,ZBurstDash,SpCostLP,11000
0120_02,ZBurstDash,BurstSmashSpCostLP,3500
0120_02,DashUpDown,SpCostUpIN,1000
0120_02,DashUpDown,SpCostUpLP,7840
0120_02,DashUpDown,SpCostDownIN,1000
0120_02,DashUpDown,SpCostDownLP,7840
0120_02,DragonHoming,SpCostIN,250
0120_02,DragonHoming,SpCostLP,3500
0121_00,Character,DestroyedPower,3
0121_00,Character,AbilityFlag.SparkingArmor,false
0121_00,Character,AbilityFlag.AutoReflect,false
0121_00,Character,AbilityFlag.bCanHighSpeedMove,false
0121_00,Character,AbilityFlag.bCanSuperHighSpeedMove,false
0121_00,Character,ActionFlag.HeavyCrash,true
0121_00,Character,ActionFlag.DawnThrow,true
0121_00,Character,ActionFlag.CannonCombo,true
0121_00,Character,ActionFlag.SpiralSlash,true
0121_00,Character,ActionFlag.PowerPress,true
0121_00,Character,ActionFlag.AirRush,true
0121_00,Character,ChaseChangeBlastSlot,EKoratBlastSlotType::BlastSkill1
0121_00,Numeric,Life,40000
0121_00,Numeric,InitialSP,10000
0121_00,Numeric,SPAutoRecoverySpeed,1750
0121_00,Numeric,SPAutoRecoverySpeedScaleUnderOneGauge,1.3
0121_00,Numeric,SPChargeSpeed,7
0121_00,Numeric,SPChargeSpeedUnderAutoRecoveryLimit,10.5
0121_00,Numeric,SparkingModeGaugeDecreaseSpeed,2800
0121_00,Numeric,BlastStock,6
0121_00,Numeric,InitialBlastStock,2
0121_00,Numeric,AttackChargeSpeedsBySmashLevel[0],3
0121_00,Numeric,AttackChargeSpeedsBySmashLevel[1],5.4
0121_00,Numeric,AttackChargeSpeedsBySmashLevel[2],7.5
0121_00,Numeric,PursuitBaseLimit,2
0121_00,Numeric,PursuitLimitDragonHoming,0
0121_00,Numeric,PursuitLimitVanishingAttack,0
0121_00,Numeric,PursuitBaseLimitAddAtSparking,2
0121_00,Numeric,PursuitLimitDragonHomingAddAtSparking,0
0121_00,Numeric,PursuitLimitVanishingAttackAddAtSparking,0
0121_00,Numeric,PursuitLimitLightningAttackAddAtSparking,0
0121_00,Numeric,IdealPositionMidAirKick,52
0121_00,Numeric,ReactionSplitHighBorder,0.7
0121_00,Numeric,ReactionSplitMidBorder,0.35
0121_00,Numeric,ReactionSplitLowBorder,0.175
0121_00,Numeric,BulletNum,4
0121_00,Numeric,JumpBulletSetNum,1
0121_00,Numeric,DashBulletNum,3
0121_00,Numeric,RushBulletLimit,4
0121_00,Numeric,SmashBulletLimit,1
0121_00,Numeric,RepelSkillGaugeGainRate,1.2
0121_00,Numeric,AttackBreakSkillGaugeGain,0.15
0121_00,Numeric,FastAvoidSkillGaugeGain,0.05
0121_00,Numeric,ThrowBreakSkillGaugeGain,0.1
0121_00,Numeric,BackAttackedSkillGaugeGain,0.03
0121_00,Numeric,LastOneHPSkillGaugeGain,1
0121_00,Numeric,ImpactStartSkillGaugeGain,1
0121_00,Numeric,RushOffsetSkillGaugeGain,0.05
0121_00,Numeric,CollisionOffsetSkillGaugeGain,0.5
0121_00,Numeric,DragonHomingChangeTrajectorySkillGaugeGain,0.1
0121_00,Numeric,BurstSmashGaugeGain,0.1
0121_00,Numeric,ExParam,2
0121_00,Steps,StepShortDash.AddToSpeedScale,60000
0121_00,Steps,StepShortDash.MaxAcceleration,60000
0121_00,Steps,StepShortDash.BrakingDeceleration,30000
0121_00,Steps,StepShortDash.ElapsedTimeToOT,0.033333
0121_00,Steps,StepShortDash.Duration,0.333333
0121_00,Steps,StepShortDash.CoolTime,0.05
0121_00,Steps,StepShortDash.bIsStopClearSpeed,true
0121_00,Steps,StepShortDash.StopBrakingDeceleration,10000000
0121_00,Steps,StepShortDash.SpCost,2650
0121_00,Steps,StepCancelShortDash.AddToSpeedScale,60000
0121_00,Steps,StepCancelShortDash.MaxAcceleration,60000
0121_00,Steps,StepCancelShortDash.BrakingDeceleration,30000
0121_00,Steps,StepCancelShortDash.ElapsedTimeToOT,0.033333
0121_00,Steps,StepCancelShortDash.Duration,0.333333
0121_00,Steps,StepCancelShortDash.CoolTime,0.416667
0121_00,Steps,StepCancelShortDash.bIsStopClearSpeed,true
0121_00,Steps,StepCancelShortDash.StopBrakingDeceleration,10000000
0121_00,Steps,StepCancelShortDash.SpCost,1325
0121_00,DragonDash,SpCostIN,500
0121_00,DragonDash,SpCostLP,3920
0121_00,DragonDash,SpCostBK,5200
0121_00,DragonDash,HighSpeedSpCostLP,4900
0121_00,ZBurstDash,SpCostIN,10000
0121_00,ZBurstDash,SpCostLP,11000
0121_00,ZBurstDash,BurstSmashSpCostLP,3500
0121_00,DashUpDown,SpCostUpIN,1000
0121_00,DashUpDown,SpCostUpLP,7840
0121_00,DashUpDown,SpCostDownIN,1000
0121_00,DashUpDown,SpCostDownLP,7840
0121_00,DragonHoming,SpCostIN,250
0121_00,DragonHoming,SpCostLP,3500
0130_00,Character,DestroyedPower,2
0130_00,Character,AbilityFlag.SparkingArmor,false
0130_00,Character,AbilityFlag.AutoReflect,false
0130_00,Character,AbilityFlag.bCanHighSpeedMove,false
0130_00,Character,AbilityFlag.bCanSuperHighSpeedMove,false
0130_00,Character,ActionFlag.RushHighSpeedMovement,true
0130_00,Character,ActionFlag.VanishingAttack,true
0130_00,Character,ActionFlag.LightningAttack,true
0130_00,Character,ActionFlag.BurstMeteor,true
0130_00,Character,ActionFlag.BurstSmash,true
0130_00,Character,ActionFlag.DragonTornado,true
0130_00,Character,ActionFlag.HeavyCrash,true
0130_00,Character,ActionFlag.DawnThrow,true
0130_00,Character,ActionFlag.CannonCombo,true
0130_00,Character,ActionFlag.PowerPress,true
0130_00,Character,ActionFlag.TriAttack,true
0130_00,Character,ActionFlag.DeltaStorm,true
0130_00,Character,ActionFlag.DashRising,true
0130_00,Character,ActionFlag.DashBlow,true
0130_00,Character,ActionFlag.SuperZCounter,true
0130_00,Character,ChaseChangeBlastSlot,EKoratBlastSlotType::BlastSkill1
0130_00,Numeric,Life,30000
0130_00,Numeric,DamageRate,1.1
0130_00,Numeric,InitialSP,40000
0130_00,Numeric,SPAutoRecoverySpeed,2000
0130_00,Numeric,SPAutoRecoverySpeedScaleUnderOneGauge,1.3
0130_00,Numeric,SPChargeSpeed,6
0130_00,Numeric,SPChargeSpeedUnderAutoRecoveryLimit,9
0130_00,Numeric,SparkingModeGaugeDecreaseSpeed,2800
0130_00,Numeric,BlastStock,4
0130_00,Numeric,InitialBlastStock,1
0130_00,Numeric,AttackChargeSpeedsBySmashLevel[0],3
0130_00,Numeric,AttackChargeSpeedsBySmashLevel[1],5.4
0130_00,Numeric,AttackChargeSpeedsBySmashLevel[2],7.5
0130_00,Numeric,PursuitLimitDragonHoming,2
0130_00,Numeric,PursuitLimitVanishingAttack,0
0130_00,Numeric,PursuitLimitLightningAttack,0
0130_00,Numeric,PursuitLimitVanishingAttackAddAtSparking,0
0130_00,Numeric,PursuitLimitLightningAttackAddAtSparking,0
0130_00,Numeric,IdealPositionMidAirKick,50
0130_00,Numeric,ReactionSplitHighBorder,0.7
0130_00,Numeric,ReactionSplitMidBorder,0.35
0130_00,Numeric,ReactionSplitLowBorder,0.175
0130_00,Numeric,BulletNum,3
0130_00,Numeric,JumpBulletNum,2
0130_00,Numeric,JumpBulletSetNum,1
0130_00,Numeric,DashBulletNum,2
0130_00,Numeric,RushBulletLimit,3
0130_00,Numeric,SmashBulletLimit,1
0130_00,Numeric,RepelSkillGaugeGainRate,1.6
0130_00,Numeric,AttackBreakSkillGaugeGain,0.15
0130_00,Numeric,FastAvoidSkillGaugeGain,0.05
0130_00,Numeric,ThrowBreakSkillGaugeGain,0.1
0130_00,Numeric,BackAttackedSkillGaugeGain,0.03
0130_00,Numeric,LastOneHPSkillGaugeGain,1
0130_00,Numeric,ImpactStartSkillGaugeGain,1
0130_00,Numeric,RushOffsetSkillGaugeGain,0.05
0130_00,Numeric,CollisionOffsetSkillGaugeGain,0.5
0130_00,Numeric,DragonHomingChangeTrajectorySkillGaugeGain,0.1
0130_00,Numeric,BurstSmashGaugeGain,0.1
0130_00,Numeric,ExParam,3
0130_00,Steps,StepShortDash.AddToSpeedScale,60000
0130_00,Steps,StepShortDash.MaxAcceleration,60000
0130_00,Steps,StepShortDash.BrakingDeceleration,30000
0130_00,Steps,StepShortDash.ElapsedTimeToOT,0.033333
0130_00,Steps,StepShortDash.Duration,0.333333
0130_00,Steps,StepShortDash.CoolTime,0.05
0130_00,Steps,StepShortDash.bIsStopClearSpeed,true
0130_00,Steps,StepShortDash.StopBrakingDeceleration,10000000
0130_00,Steps,StepShortDash.SpCost,2650
0130_00,Steps,StepCancelShortDash.AddToSpeedScale,60000
0130_00,Steps,StepCancelShortDash.MaxAcceleration,60000
0130_00,Steps,StepCancelShortDash.BrakingDeceleration,30000
0130_00,Steps,StepCancelShortDash.ElapsedTimeToOT,0.033333
0130_00,Steps,StepCancelShortDash.Duration,0.333333
0130_00,Steps,StepCancelShortDash.CoolTime,0.416667
0130_00,Steps,StepCancelShortDash.bIsStopClearSpeed,true
0130_00,Steps,StepCancelShortDash.StopBrakingDeceleration,10000000
0130_00,Steps,StepCancelShortDash.SpCost,1325
0130_00,DragonDash,SpCostIN,500
0130_00,DragonDash,SpCostLP,3920
0130_00,DragonDash,SpCostBK,5200
0130_00,DragonDash,HighSpeedSpCostLP,4900
0130_00,ZBurstDash,SpCostIN,10000
0130_00,ZBurstDash,SpCostLP,11000
0130_00,ZBurstDash,BurstSmashSpCostLP,3500
0130_00,DashUpDown,SpCostUpIN,1000
0130_00,DashUpDown,SpCostUpLP,7840
0130_00,DashUpDown,SpCostDownIN,1000
0130_00,DashUpDown,SpCostDownLP,7840
0130_00,DragonHoming,SpCostIN,250
0130_00,DragonHoming,SpCostLP,3500
0140_00,Character,DestroyedPower,2
0140_00,Character,AbilityFlag.SparkingArmor,false
0140_00,Character,AbilityFlag.AutoReflect,false
0140_00,Character,AbilityFlag.bCanFly,false
0140_00,Character,AbilityFlag.bCanHighSpeedMove,false
0140_00,Character,AbilityFlag.bCanSuperHighSpeedMove,false
0140_00,Character,ActionFlag.DragonTornado,true
0140_00,Character,ActionFlag.HeavyCrash,true
0140_00,Character,ActionFlag.PowerPress,true
0140_00,Character,ActionFlag.TriAttack,true
0140_00,Character,ChaseChangeBlastSlot,EKoratBlastSlotType::BlastSkill1
0140_00,Numeric,Life,30000
0140_00,Numeric,SPAutoRecoverySpeed,1750
0140_00,Numeric,SPAutoRecoverySpeedScaleUnderOneGauge,1.3
0140_00,Numeric,SPChargeSpeed,7
0140_00,Numeric,SPChargeSpeedUnderAutoRecoveryLimit,10.5
0140_00,Numeric,SparkingModeGaugeDecreaseSpeed,2800
0140_00,Numeric,BlastStock,4
0140_00,Numeric,InitialBlastStock,2
0140_00,Numeric,AttackChargeSpeedsBySmashLevel[0],3
0140_00,Numeric,AttackChargeSpeedsBySmashLevel[1],5.4
0140_00,Numeric,AttackChargeSpeedsBySmashLevel[2],7.5
0140_00,Numeric,PursuitBaseLimit,2
0140_00,Numeric,PursuitLimitDragonHoming,0
0140_00,Numeric,PursuitLimitVanishingAttack,0
0140_00,Numeric,PursuitBaseLimitAddAtSparking,1
0140_00,Numeric,PursuitLimitDragonHomingAddAtSparking,0
0140_00,Numeric,PursuitLimitVanishingAttackAddAtSparking,0
0140_00,Numeric,PursuitLimitLightningAttackAddAtSparking,0
0140_00,Numeric,IdealPositionMidAirKick,64
0140_00,Numeric,ReactionSplitHighBorder,0.6
0140_00,Numeric,ReactionSplitMidBorder,0.4
0140_00,Numeric,ReactionSplitLowBorder,0.2
0140_00,Numeric,BulletNum,3
0140_00,Numeric,JumpBulletNum,3
0140_00,Numeric,JumpBulletSetNum,1
0140_00,Numeric,DashBulletNum,2
0140_00,Numeric,RushBulletLimit,3
0140_00,Numeric,SmashBulletLimit,1
0140_00,Numeric,RepelSkillGaugeGainRate,1.6
0140_00,Numeric,AttackBreakSkillGaugeGain,0.15
0140_00,Numeric,FastAvoidSkillGaugeGain,0.05
0140_00,Numeric,ThrowBreakSkillGaugeGain,0.1
0140_00,Numeric,BackAttackedSkillGaugeGain,0.03
0140_00,Numeric,LastOneHPSkillGaugeGain,1
0140_00,Numeric,ImpactStartSkillGaugeGain,1
0140_00,Numeric,RushOffsetSkillGaugeGain,0.05
0140_00,Numeric,CollisionOffsetSkillGaugeGain,0.5
0140_00,Numeric,DragonHomingChangeTrajectorySkillGaugeGain,0.1
0140_00,Numeric,BurstSmashGaugeGain,0.1
0140_00,Numeric,ExParam,5
0140_00,Steps,StepShortDash.AddToSpeedScale,60000
0140_00,Steps,StepShortDash.MaxAcceleration,60000
0140_00,Steps,StepShortDash.BrakingDeceleration,30000
0140_00,Steps,StepShortDash.ElapsedTimeToOT,0.033333
0140_00,Steps,StepShortDash.Duration,0.333333
0140_00,Steps,StepShortDash.CoolTime,0.05
0140_00,Steps,StepShortDash.bIsStopClearSpeed,true
0140_00,Steps,StepShortDash.StopBrakingDeceleration,10000000
0140_00,Steps,StepShortDash.SpCost,2650
0140_00,Steps,StepCancelShortDash.AddToSpeedScale,60000
0140_00,Steps,StepCancelShortDash.MaxAcceleration,60000
0140_00,Steps,StepCancelShortDash.BrakingDeceleration,30000
0140_00,Steps,StepCancelShortDash.ElapsedTimeToOT,0.033333
0140_00,Steps,StepCancelShortDash.Duration,0.333333
0140_00,Steps,StepCancelShortDash.CoolTime,0.416667
0140_00,Steps,StepCancelShortDash.bIsStopClearSpeed,true
0140_00,Steps,StepCancelShortDash.StopBrakingDeceleration,10000000
0140_00,Steps,StepCancelShortDash.SpCost,1325
0140_00,DragonDash,SpCostIN,500
0140_00,DragonDash,SpCostLP,3920
0140_00,DragonDash,SpCostBK,5200
0140_00,DragonDash,HighSpeedSpCostLP,4900
0140_00,ZBurstDash,SpCostIN,10000
0140_00,ZBurstDash,SpCostLP,11000
0140_00,ZBurstDash,BurstSmashSpCostLP,3500
0140_00,DashUpDown,SpCostUpIN,1000
0140_00,DashUpDown,SpCostUpLP,7840
0140_00,DashUpDown,SpCostDownIN,1000
0140_00,DashUpDown,SpCostDownLP,7840
0140_00,DragonHoming,SpCostIN,250
0140_00,DragonHoming,SpCostLP,3500
0141_00,Character,DestroyedPower,2
0141_00,Character,AbilityFlag.AutoReflect,false
0141_00,Character,AbilityFlag.bCanFly,false
0141_00,Character,AbilityFlag.bCanHighSpeedMove,false
0141_00,Character,AbilityFlag.bCanSuperHighSpeedMove,false
0141_00,Character,ActionFlag.CannonCombo,true
0141_00,Character,ActionFlag.RollingHurricane,true
0141_00,Character,ActionFlag.TriAttack,true
0141_00,Character,ActionFlag.AirRush,true
0141_00,Character,ActionFlag.DeltaStorm,true
0141_00,Character,ActionFlag.SparkingRush,true
0141_00,Character,ActionFlag.DashRising,true
0141_00,Character,ActionFlag.DashBlow,true
0141_00,Character,ChaseChangeBlastSlot,EKoratBlastSlotType::BlastSkill1
0141_00,Numeric,Life,40000
0141_00,Numeric,DamageRate,0.98
0141_00,Numeric,InitialSP,30000
0141_00,Numeric,SPAutoRecoverySpeed,1500
0141_00,Numeric,SPAutoRecoverySpeedScaleUnderOneGauge,1.3
0141_00,Numeric,SPChargeSpeed,8
0141_00,Numeric,SPChargeSpeedUnderAutoRecoveryLimit,12
0141_00,Numeric,SparkingModeGaugeDecreaseSpeed,2800
0141_00,Numeric,StunReactionRecoverySpeedScale,1.3
0141_00,Numeric,StunReactionInputRecoverySpeedScale,1.3
0141_00,Numeric,LimitBoostRecoverySpeedScale,1.3
0141_00,Numeric,LimitBoostInputRecoverySpeedScale,1.3
0141_00,Numeric,BlastStock,4
0141_00,Numeric,InitialBlastStock,2
0141_00,Numeric,AttackChargeSpeedsBySmashLevel[0],3
0141_00,Numeric,AttackChargeSpeedsBySmashLevel[1],5.4
0141_00,Numeric,AttackChargeSpeedsBySmashLevel[2],7.5
0141_00,Numeric,PursuitBaseLimit,1
0141_00,Numeric,PursuitLimitDragonHoming,0
0141_00,Numeric,PursuitLimitVanishingAttack,0
0141_00,Numeric,PursuitBaseLimitAddAtSparking,3
0141_00,Numeric,PursuitLimitDragonHomingAddAtSparking,0
0141_00,Numeric,PursuitLimitVanishingAttackAddAtSparking,0
0141_00,Numeric,PursuitLimitLightningAttackAddAtSparking,0
0141_00,Numeric,IdealPositionMidAirKick,68
0141_00,Numeric,ReactionSplitHighBorder,0.6
0141_00,Numeric,ReactionSplitMidBorder,0.4
0141_00,Numeric,ReactionSplitLowBorder,0.2
0141_00,Numeric,BulletNum,3
0141_00,Numeric,JumpBulletNum,2
0141_00,Numeric,JumpBulletSetNum,1
0141_00,Numeric,DashBulletNum,2
0141_00,Numeric,RushBulletLimit,3
0141_00,Numeric,SmashBulletLimit,1
0141_00,Numeric,RepelSkillGaugeGainRate,1.6
0141_00,Numeric,AttackBreakSkillGaugeGain,0.15
0141_00,Numeric,FastAvoidSkillGaugeGain,0.05
0141_00,Numeric,ThrowBreakSkillGaugeGain,0.1
0141_00,Numeric,BackAttackedSkillGaugeGain,0.03
0141_00,Numeric,LastOneHPSkillGaugeGain,1
0141_00,Numeric,ImpactStartSkillGaugeGain,1
0141_00,Numeric,RushOffsetSkillGaugeGain,0.05
0141_00,Numeric,CollisionOffsetSkillGaugeGain,0.5
0141_00,Numeric,DragonHomingChangeTrajectorySkillGaugeGain,0.1
0141_00,Numeric,BurstSmashGaugeGain,0.1
0141_00,Numeric,ExParam,5
0141_00,Steps,StepShortDash.AddToSpeedScale,60000
0141_00,Steps,StepShortDash.MaxAcceleration,50000
0141_00,Steps,StepShortDash.BrakingDeceleration,20000
0141_00,Steps,StepShortDash.ElapsedTimeToOT,0.033333
0141_00,Steps,StepShortDash.Duration,0.333333
0141_00,Steps,StepShortDash.CoolTime,0.05
0141_00,Steps,StepShortDash.bIsStopClearSpeed,true
0141_00,Steps,StepShortDash.StopBrakingDeceleration,10000000
0141_00,Steps,StepShortDash.SpCost,3850
0141_00,Steps,StepCancelShortDash.AddToSpeedScale,60000
0141_00,Steps,StepCancelShortDash.MaxAcceleration,50000
0141_00,Steps,StepCancelShortDash.BrakingDeceleration,20000
0141_00,Steps,StepCancelShortDash.ElapsedTimeToOT,0.033333
0141_00,Steps,StepCancelShortDash.Duration,0.333333
0141_00,Steps,StepCancelShortDash.CoolTime,0.416667
0141_00,Steps,StepCancelShortDash.bIsStopClearSpeed,true
0141_00,Steps,StepCancelShortDash.StopBrakingDeceleration,10000000
0141_00,Steps,StepCancelShortDash.SpCost,1925
0141_00,DragonDash,SpCostIN,500
0141_00,DragonDash,SpCostLP,3920
0141_00,DragonDash,SpCostBK,5200
0141_00,DragonDash,HighSpeedSpCostLP,4900
0141_00,ZBurstDash,SpCostIN,10000
0141_00,ZBurstDash,SpCostLP,11000
0141_00,ZBurstDash,BurstSmashSpCostLP,3500
0141_00,DashUpDown,SpCostUpIN,1000
0141_00,DashUpDown,SpCostUpLP,7840
0141_00,DashUpDown,SpCostDownIN,1000
0141_00,DashUpDown,SpCostDownLP,7840
0141_00,DragonHoming,SpCostIN,250
0141_00,DragonHoming,SpCostLP,3500
0150_00,Character,AbilityFlag.SparkingArmor,false
0150_00,Character,AbilityFlag.AutoReflect,false
0150_00,Character,AbilityFlag.bCanHighSpeedMove,false
0150_00,Character,AbilityFlag.bCanSuperHighSpeedMove,false
0150_00,Character,ActionFlag.HeavyCrash,true
0150_00,Character,ActionFlag.CannonCombo,true
0150_00,Character,ActionFlag.PowerPress,true
0150_00,Character,ActionFlag.AirRush,true
0150_00,Character,ChaseChangeBlastSlot,EKoratBlastSlotType::BlastSkill1
0150_00,Numeric,Life,40000
0150_00,Numeric,InitialSP,10000
0150_00,Numeric,SPAutoRecoverySpeed,1750
0150_00,Numeric,SPAutoRecoverySpeedScaleUnderOneGauge,1.3
0150_00,Numeric,SPChargeSpeed,7
0150_00,Numeric,SPChargeSpeedUnderAutoRecoveryLimit,10.5
0150_00,Numeric,SparkingModeGaugeDecreaseSpeed,2800
0150_00,Numeric,BlastStock,6
0150_00,Numeric,AttackChargeSpeedsBySmashLevel[0],3
0150_00,Numeric,AttackChargeSpeedsBySmashLevel[1],5.4
0150_00,Numeric,AttackChargeSpeedsBySmashLevel[2],7.5
0150_00,Numeric,PursuitBaseLimit,2
0150_00,Numeric,PursuitLimitDragonHoming,0
0150_00,Numeric,PursuitLimitVanishingAttack,0
0150_00,Numeric,PursuitBaseLimitAddAtSparking,2
0150_00,Numeric,PursuitLimitDragonHomingAddAtSparking,0
0150_00,Numeric,PursuitLimitVanishingAttackAddAtSparking,0
0150_00,Numeric,PursuitLimitLightningAttackAddAtSparking,0
0150_00,Numeric,IdealPositionMidAirKick,62
0150_00,Numeric,ReactionSplitHighBorder,0.6
0150_00,Numeric,ReactionSplitMidBorder,0.4
0150_00,Numeric,ReactionSplitLowBorder,0.2
0150_00,Numeric,BulletNum,4
0150_00,Numeric,JumpBulletSetNum,1
0150_00,Numeric,RushBulletLimit,4
0150_00,Numeric,SmashBulletLimit,1
0150_00,Numeric,RepelSkillGaugeGainRate,1.2
0150_00,Numeric,AttackBreakSkillGaugeGain,0.15
0150_00,Numeric,FastAvoidSkillGaugeGain,0.05
0150_00,Numeric,ThrowBreakSkillGaugeGain,0.1
0150_00,Numeric,BackAttackedSkillGaugeGain,0.03
0150_00,Numeric,LastOneHPSkillGaugeGain,1
0150_00,Numeric,ImpactStartSkillGaugeGain,1
0150_00,Numeric,RushOffsetSkillGaugeGain,0.05
0150_00,Numeric,CollisionOffsetSkillGaugeGain,0.5
0150_00,Numeric,DragonHomingChangeTrajectorySkillGaugeGain,0.1
0150_00,Numeric,BurstSmashGaugeGain,0.1
0150_00,Numeric,ExParam,16
0150_00,Steps,StepShortDash.AddToSpeedScale,60000
0150_00,Steps,StepShortDash.MaxAcceleration,60000
0150_00,Steps,StepShortDash.BrakingDeceleration,30000
0150_00,Steps,StepShortDash.ElapsedTimeToOT,0.033333
0150_00,Steps,StepShortDash.Duration,0.333333
0150_00,Steps,StepShortDash.CoolTime,0.05
0150_00,Steps,StepShortDash.bIsStopClearSpeed,true
0150_00,Steps,StepShortDash.StopBrakingDeceleration,10000000
0150_00,Steps,StepShortDash.SpCost,2650
0150_00,Steps,StepCancelShortDash.AddToSpeedScale,60000
0150_00,Steps,StepCancelShortDash.MaxAcceleration,60000
0150_00,Steps,StepCancelShortDash.BrakingDeceleration,30000
0150_00,Steps,StepCancelShortDash.ElapsedTimeToOT,0.033333
0150_00,Steps,StepCancelShortDash.Duration,0.333333
0150_00,Steps,StepCancelShortDash.CoolTime,0.416667
0150_00,Steps,StepCancelShortDash.bIsStopClearSpeed,true
0150_00,Steps,StepCancelShortDash.StopBrakingDeceleration,10000000
0150_00,Steps,StepCancelShortDash.SpCost,1325
0150_00,DragonDash,SpCostIN,500
0150_00,DragonDash,SpCostLP,3920
0150_00,DragonDash,SpCostBK,5200
0150_00,DragonDash,HighSpeedSpCostLP,4900
0150_00,ZBurstDash,SpCostIN,10000
0150_00,ZBurstDash,SpCostLP,11000
0150_00,ZBurstDash,BurstSmashSpCostLP,3500
0150_00,DashUpDown,SpCostUpIN,1000
0150_00,DashUpDown,SpCostUpLP,7840
0150_00,DashUpDown,SpCostDownIN,1000
0150_00,DashUpDown,SpCostDownLP,7840
0150_00,DragonHoming,SpCostIN,250
0150_00,DragonHoming,SpCostLP,3500
0151_00,Character,AbilityFlag.AutoReflect,false
0151_00,Character,AbilityFlag.bCanHighSpeedMove,false
0151_00,Character,AbilityFlag.bCanSuperHighSpeedMove,false
0151_00,Character,ActionFlag.ThrowEscape,true
0151_00,Character,ActionFlag.CannonCombo,true
0151_00,Character,ActionFlag.SpiralSlash,true
0151_00,Character,ActionFlag.PowerPress,true
0151_00,Character,ActionFlag.TriAttack,true
0151_00,Character,ActionFlag.AirRush,true
0151_00,Character,ActionFlag.DeltaStorm,true
0151_00,Character,ActionFlag.SparkingRush,true
0151_00,Character,ChaseChangeBlastSlot,EKoratBlastSlotType::BlastSkill1
0151_00,Numeric,Life,40000
0151_00,Numeric,SPAutoRecoverySpeed,1500
0151_00,Numeric,SPAutoRecoverySpeedScaleUnderOneGauge,1.3
0151_00,Numeric,SPChargeSpeed,8
0151_00,Numeric,SPChargeSpeedUnderAutoRecoveryLimit,12
0151_00,Numeric,SparkingModeGaugeDecreaseSpeed,2800
0151_00,Numeric,GuardCrashedByCombativesBlastSpDamageRate,0.75
0151_00,Numeric,StunReactionRecoverySpeedScale,1.3
0151_00,Numeric,StunReactionInputRecoverySpeedScale,1.3
0151_00,Numeric,LimitBoostRecoverySpeedScale,1.3
0151_00,Numeric,LimitBoostInputRecoverySpeedScale,1.3
0151_00,Numeric,BlastStock,6
0151_00,Numeric,AttackChargeSpeedsBySmashLevel[0],3
0151_00,Numeric,AttackChargeSpeedsBySmashLevel[1],5.4
0151_00,Numeric,AttackChargeSpeedsBySmashLevel[2],7.5
0151_00,Numeric,PursuitBaseLimit,2
0151_00,Numeric,PursuitLimitDragonHoming,0
0151_00,Numeric,PursuitLimitVanishingAttack,0
0151_00,Numeric,PursuitBaseLimitAddAtSparking,2
0151_00,Numeric,PursuitLimitDragonHomingAddAtSparking,0
0151_00,Numeric,PursuitLimitVanishingAttackAddAtSparking,0
0151_00,Numeric,PursuitLimitLightningAttackAddAtSparking,0
0151_00,Numeric,IdealPositionMidAirKick,76
0151_00,Numeric,ReactionSplitHighBorder,0.6
0151_00,Numeric,ReactionSplitMidBorder,0.4
0151_00,Numeric,ReactionSplitLowBorder,0.2
0151_00,Numeric,BulletNum,5
0151_00,Numeric,JumpBulletNum,5
0151_00,Numeric,JumpBulletSetNum,1
0151_00,Numeric,RushBulletLimit,5
0151_00,Numeric,SmashBulletLimit,1
0151_00,Numeric,RepelSkillGaugeGainRate,1.2
0151_00,Numeric,AttackBreakSkillGaugeGain,0.15
0151_00,Numeric,FastAvoidSkillGaugeGain,0.05
0151_00,Numeric,ThrowBreakSkillGaugeGain,0.1
0151_00,Numeric,BackAttackedSkillGaugeGain,0.03
0151_00,Numeric,LastOneHPSkillGaugeGain,1
0151_00,Numeric,ImpactStartSkillGaugeGain,1
0151_00,Numeric,RushOffsetSkillGaugeGain,0.05
0151_00,Numeric,CollisionOffsetSkillGaugeGain,0.5
0151_00,Numeric,DragonHomingChangeTrajectorySkillGaugeGain,0.1
0151_00,Numeric,BurstSmashGaugeGain,0.1
0151_00,Numeric,ExParam,16
0151_00,Steps,StepShortDash.AddToSpeedScale,60000
0151_00,Steps,StepShortDash.MaxAcceleration,50000
0151_00,Steps,StepShortDash.BrakingDeceleration,20000
0151_00,Steps,StepShortDash.ElapsedTimeToOT,0.033333
0151_00,Steps,StepShortDash.Duration,0.333333
0151_00,Steps,StepShortDash.CoolTime,0.05
0151_00,Steps,StepShortDash.bIsStopClearSpeed,true
0151_00,Steps,StepShortDash.StopBrakingDeceleration,10000000
0151_00,Steps,StepShortDash.SpCost,3850
0151_00,Steps,StepCancelShortDash.AddToSpeedScale,60000
0151_00,Steps,StepCancelShortDash.MaxAcceleration,50000
0151_00,Steps,StepCancelShortDash.BrakingDeceleration,20000
0151_00,Steps,StepCancelShortDash.ElapsedTimeToOT,0.033333
0151_00,Steps,StepCancelShortDash.Duration,0.333333
0151_00,Steps,StepCancelShortDash.CoolTime,0.416667
0151_00,Steps,StepCancelShortDash.bIsStopClearSpeed,true
0151_00,Steps,StepCancelShortDash.StopBrakingDeceleration,10000000
0151_00,Steps,StepCancelShortDash.SpCost,1925
0151_00,DragonDash,SpCostIN,500
0151_00,DragonDash,SpCostLP,3920
0151_00,DragonDash,SpCostBK,5200
0151_00,DragonDash,HighSpeedSpCostLP,4900
0151_00,ZBurstDash,SpCostIN,10000
0151_00,ZBurstDash,SpCostLP,11000
0151_00,ZBurstDash,BurstSmashSpCostLP,3500
0151_00,DashUpDown,SpCostUpIN,1000
0151_00,DashUpDown,SpCostUpLP,7840
0151_00,DashUpDown,SpCostDownIN,1000
0151_00,DashUpDown,SpCostDownLP,7840
0151_00,DragonHoming,SpCostIN,250
0151_00,DragonHoming,SpCostLP,3500
0152_00,Character,AbilityFlag.SparkingArmor,false
0152_00,Character,AbilityFlag.AutoReflect,false
0152_00,Character,AbilityFlag.bCanHighSpeedMove,false
0152_00,Character,AbilityFlag.bCanSuperHighSpeedMove,false
0152_00,Character,ActionFlag.HeavyCrash,true
0152_00,Character,ActionFlag.CannonCombo,true
0152_00,Character,ActionFlag.PowerPress,true
0152_00,Character,ChaseChangeBlastSlot,EKoratBlastSlotType::BlastSkill1
0152_00,Numeric,Life,40000
0152_00,Numeric,DamageRate,0.98
0152_00,Numeric,SPAutoRecoverySpeed,1500
0152_00,Numeric,SPAutoRecoverySpeedScaleUnderOneGauge,1.3
0152_00,Numeric,SPChargeSpeed,8
0152_00,Numeric,SPChargeSpeedUnderAutoRecoveryLimit,12
0152_00,Numeric,SparkingModeGaugeDecreaseSpeed,2800
0152_00,Numeric,BlastStock,6
0152_00,Numeric,AttackChargeSpeedsBySmashLevel[0],3
0152_00,Numeric,AttackChargeSpeedsBySmashLevel[1],5.4
0152_00,Numeric,AttackChargeSpeedsBySmashLevel[2],7.5
0152_00,Numeric,PursuitBaseLimit,3
0152_00,Numeric,PursuitLimitDragonHoming,0
0152_00,Numeric,PursuitLimitVanishingAttack,0
0152_00,Numeric,PursuitBaseLimitAddAtSparking,3
0152_00,Numeric,PursuitLimitDragonHomingAddAtSparking,0
0152_00,Numeric,PursuitLimitVanishingAttackAddAtSparking,0
0152_00,Numeric,PursuitLimitLightningAttackAddAtSparking,0
0152_00,Numeric,IdealPositionMidAirKick,86
0152_00,Numeric,ReactionSplitHighBorder,0.6
0152_00,Numeric,ReactionSplitMidBorder,0.4
0152_00,Numeric,ReactionSplitLowBorder,0.2
0152_00,Numeric,BulletNum,8
0152_00,Numeric,JumpBulletNum,3
0152_00,Numeric,JumpBulletSetNum,3
0152_00,Numeric,DashBulletNum,7
0152_00,Numeric,RushBulletLimit,8
0152_00,Numeric,SmashBulletLimit,1
0152_00,Numeric,RepelSkillGaugeGainRate,1.2
0152_00,Numeric,AttackBreakSkillGaugeGain,0.15
0152_00,Numeric,FastAvoidSkillGaugeGain,0.05
0152_00,Numeric,ThrowBreakSkillGaugeGain,0.1
0152_00,Numeric,BackAttackedSkillGaugeGain,0.03
0152_00,Numeric,LastOneHPSkillGaugeGain,1
0152_00,Numeric,ImpactStartSkillGaugeGain,1
0152_00,Numeric,RushOffsetSkillGaugeGain,0.05
0152_00,Numeric,CollisionOffsetSkillGaugeGain,0.5
0152_00,Numeric,DragonHomingChangeTrajectorySkillGaugeGain,0.1
0152_00,Numeric,BurstSmashGaugeGain,0.1
0152_00,Numeric,ExParam,16
0152_00,Steps,StepShortDash.AddToSpeedScale,60000
0152_00,Steps,StepShortDash.MaxAcceleration,60000
0152_00,Steps,StepShortDash.BrakingDeceleration,30000
0152_00,Steps,StepShortDash.ElapsedTimeToOT,0.033333
0152_00,Steps,StepShortDash.Duration,0.333333
0152_00,Steps,StepShortDash.CoolTime,0.05
0152_00,Steps,StepShortDash.bIsStopClearSpeed,true
0152_00,Steps,StepShortDash.StopBrakingDeceleration,10000000
0152_00,Steps,StepShortDash.SpCost,2650
0152_00,Steps,StepCancelShortDash.AddToSpeedScale,60000
0152_00,Steps,StepCancelShortDash.MaxAcceleration,60000
0152_00,Steps,StepCancelShortDash.BrakingDeceleration,30000
0152_00,Steps,StepCancelShortDash.ElapsedTimeToOT,0.033333
0152_00,Steps,StepCancelShortDash.Duration,0.333333
0152_00,Steps,StepCancelShortDash.CoolTime,0.416667
0152_00,Steps,StepCancelShortDash.bIsStopClearSpeed,true
0152_00,Steps,StepCancelShortDash.StopBrakingDeceleration,10000000
0152_00,Steps,StepCancelShortDash.SpCost,1325
0152_00,DragonDash,SpCostIN,500
0152_00,DragonDash,SpCostLP,3920
0152_00,DragonDash,SpCostBK,5200
0152_00,DragonDash,HighSpeedSpCostLP,4900
0152_00,ZBurstDash,SpCostIN,10000
0152_00,ZBurstDash,SpCostLP,11000
0152_00,ZBurstDash,BurstSmashSpCostLP,3500
0152_00,DashUpDown,SpCostUpIN,1000
0152_00,DashUpDown,SpCostUpLP,7840
0152_00,DashUpDown,SpCostDownIN,1000
0152_00,DashUpDown,SpCostDownLP,7840
0152_00,DragonHoming,SpCostIN,250
0152_00,DragonHoming,SpCostLP,3500
0153_00,Character,DestroyedPower,6
0153_00,Character,AbilityFlag.SparkingArmor,false
0153_00,Character,AbilityFlag.AutoReflect,false
0153_00,Character,AbilityFlag.bCanHighSpeedMove,false
0153_00,Character,AbilityFlag.bCanSuperHighSpeedMove,false
0153_00,Character,ActionFlag.CannonCombo,true
0153_00,Character,ActionFlag.PowerPress,true
0153_00,Character,ChaseChangeBlastSlot,EKoratBlastSlotType::BlastSkill1
0153_00,Numeric,Life,40000
0153_00,Numeric,SPAutoRecoverySpeed,1750
0153_00,Numeric,SPAutoRecoverySpeedScaleUnderOneGauge,1.3
0153_00,Numeric,SPChargeSpeed,7
0153_00,Numeric,SPChargeSpeedUnderAutoRecoveryLimit,10.5
0153_00,Numeric,SparkingModeGaugeDecreaseSpeed,2800
0153_00,Numeric,BlastStock,6
0153_00,Numeric,AttackChargeSpeedsBySmashLevel[0],3
0153_00,Numeric,AttackChargeSpeedsBySmashLevel[1],5.4
0153_00,Numeric,AttackChargeSpeedsBySmashLevel[2],7.5
0153_00,Numeric,PursuitBaseLimit,2
0153_00,Numeric,PursuitLimitDragonHoming,0
0153_00,Numeric,PursuitLimitVanishingAttack,0
0153_00,Numeric,PursuitBaseLimitAddAtSparking,2
0153_00,Numeric,PursuitLimitDragonHomingAddAtSparking,0
0153_00,Numeric,PursuitLimitVanishingAttackAddAtSparking,0
0153_00,Numeric,PursuitLimitLightningAttackAddAtSparking,0
0153_00,Numeric,IdealPositionMidAirKick,72
0153_00,Numeric,ReactionSplitHighBorder,0.7
0153_00,Numeric,ReactionSplitMidBorder,0.35
0153_00,Numeric,ReactionSplitLowBorder,0.175
0153_00,Numeric,BulletNum,9
0153_00,Numeric,JumpBulletNum,7
0153_00,Numeric,JumpBulletSetNum,1
0153_00,Numeric,DashBulletNum,5
0153_00,Numeric,RushBulletLimit,9
0153_00,Numeric,SmashBulletLimit,1
0153_00,Numeric,RepelSkillGaugeGainRate,1.2
0153_00,Numeric,AttackBreakSkillGaugeGain,0.15
0153_00,Numeric,FastAvoidSkillGaugeGain,0.05
0153_00,Numeric,ThrowBreakSkillGaugeGain,0.1
0153_00,Numeric,BackAttackedSkillGaugeGain,0.03
0153_00,Numeric,LastOneHPSkillGaugeGain,1
0153_00,Numeric,ImpactStartSkillGaugeGain,1
0153_00,Numeric,RushOffsetSkillGaugeGain,0.05
0153_00,Numeric,CollisionOffsetSkillGaugeGain,0.5
0153_00,Numeric,DragonHomingChangeTrajectorySkillGaugeGain,0.1
0153_00,Numeric,BurstSmashGaugeGain,0.1
0153_00,Numeric,ExParam,16
0153_00,Steps,StepShortDash.AddToSpeedScale,60000
0153_00,Steps,StepShortDash.MaxAcceleration,60000
0153_00,Steps,StepShortDash.BrakingDeceleration,30000
0153_00,Steps,StepShortDash.ElapsedTimeToOT,0.033333
0153_00,Steps,StepShortDash.Duration,0.333333
0153_00,Steps,StepShortDash.CoolTime,0.05
0153_00,Steps,StepShortDash.bIsStopClearSpeed,true
0153_00,Steps,StepShortDash.StopBrakingDeceleration,10000000
0153_00,Steps,StepShortDash.SpCost,2650
0153_00,Steps,StepCancelShortDash.AddToSpeedScale,60000
0153_00,Steps,StepCancelShortDash.MaxAcceleration,60000
0153_00,Steps,StepCancelShortDash.BrakingDeceleration,30000
0153_00,Steps,StepCancelShortDash.ElapsedTimeToOT,0.033333
0153_00,Steps,StepCancelShortDash.Duration,0.333333
0153_00,Steps,StepCancelShortDash.CoolTime,0.416667
0153_00,Steps,StepCancelShortDash.bIsStopClearSpeed,true
0153_00,Steps,StepCancelShortDash.StopBrakingDeceleration,10000000
0153_00,Steps,StepCancelShortDash.SpCost,1325
0153_00,DragonDash,SpCostIN,500
0153_00,DragonDash,SpCostLP,3920
0153_00,DragonDash,SpCostBK,5200
0153_00,DragonDash,HighSpeedSpCostLP,4900
0153_00,ZBurstDash,SpCostIN,10000
0153_00,ZBurstDash,SpCostLP,11000
0153_00,ZBurstDash,BurstSmashSpCostLP,3500
0153_00,DashUpDown,SpCostUpIN,1000
0153_00,DashUpDown,SpCostUpLP,7840
0153_00,DashUpDown,SpCostDownIN,1000
0153_00,DashUpDown,SpCostDownLP,7840
0153_00,DragonHoming,SpCostIN,250
0153_00,DragonHoming,SpCostLP,3500
0153_10,Character,DestroyedPower,6
0153_10,Character,AbilityFlag.SparkingArmor,false
0153_10,Character,AbilityFlag.AutoReflect,false
0153_10,Character,ActionFlag.DragonTornado,true
0153_10,Character,ActionFlag.CannonCombo,true
0153_10,Character,ActionFlag.PowerPress,true
0153_10,Character,ActionFlag.TriAttack,true
0153_10,Character,ActionFlag.DeltaStorm,true
0153_10,Character,ChaseChangeBlastSlot,EKoratBlastSlotType::BlastSkill2
0153_10,Numeric,Life,40000
0153_10,Numeric,SPAutoRecoverySpeed,1750
0153_10,Numeric,SPAutoRecoverySpeedScaleUnderOneGauge,1.3
0153_10,Numeric,SPChargeSpeed,7
0153_10,Numeric,SPChargeSpeedUnderAutoRecoveryLimit,10.5
0153_10,Numeric,SparkingModeGaugeDecreaseSpeed,2800
0153_10,Numeric,BlastStock,4
0153_10,Numeric,AttackChargeSpeedsBySmashLevel[0],3
0153_10,Numeric,AttackChargeSpeedsBySmashLevel[1],5.4
0153_10,Numeric,AttackChargeSpeedsBySmashLevel[2],7.5
0153_10,Numeric,PursuitBaseLimit,2
0153_10,Numeric,PursuitLimitDragonHoming,0
0153_10,Numeric,PursuitLimitVanishingAttack,0
0153_10,Numeric,PursuitBaseLimitAddAtSparking,2
0153_10,Numeric,PursuitLimitDragonHomingAddAtSparking,0
0153_10,Numeric,PursuitLimitVanishingAttackAddAtSparking,0
0153_10,Numeric,PursuitLimitLightningAttackAddAtSparking,0
0153_10,Numeric,IdealPositionMidAirKick,72
0153_10,Numeric,ReactionSplitHighBorder,0.7
0153_10,Numeric,ReactionSplitMidBorder,0.35
0153_10,Numeric,ReactionSplitLowBorder,0.175
0153_10,Numeric,JumpBulletNum,3
0153_10,Numeric,DashBulletNum,5
0153_10,Numeric,RushBulletLimit,10
0153_10,Numeric,SmashBulletLimit,1
0153_10,Numeric,AttackBreakSkillGaugeGain,0.15
0153_10,Numeric,FastAvoidSkillGaugeGain,0.05
0153_10,Numeric,ThrowBreakSkillGaugeGain,0.1
0153_10,Numeric,BackAttackedSkillGaugeGain,0.03
0153_10,Numeric,LastOneHPSkillGaugeGain,1
0153_10,Numeric,ImpactStartSkillGaugeGain,1
0153_10,Numeric,RushOffsetSkillGaugeGain,0.05
0153_10,Numeric,CollisionOffsetSkillGaugeGain,0.5
0153_10,Numeric,DragonHomingChangeTrajectorySkillGaugeGain,0.1
0153_10,Numeric,BurstSmashGaugeGain,0.1
0153_10,Numeric,ExParam,17
0153_10,Steps,StepShortDash.AddToSpeedScale,60000
0153_10,Steps,StepShortDash.MaxAcceleration,60000
0153_10,Steps,StepShortDash.BrakingDeceleration,30000
0153_10,Steps,StepShortDash.ElapsedTimeToOT,0.033333
0153_10,Steps,StepShortDash.Duration,0.333333
0153_10,Steps,StepShortDash.CoolTime,0.05
0153_10,Steps,StepShortDash.bIsStopClearSpeed,true
0153_10,Steps,StepShortDash.StopBrakingDeceleration,10000000
0153_10,Steps,StepShortDash.SpCost,2650
0153_10,Steps,StepCancelShortDash.AddToSpeedScale,60000
0153_10,Steps,StepCancelShortDash.MaxAcceleration,60000
0153_10,Steps,StepCancelShortDash.BrakingDeceleration,30000
0153_10,Steps,StepCancelShortDash.ElapsedTimeToOT,0.033333
0153_10,Steps,StepCancelShortDash.Duration,0.333333
0153_10,Steps,StepCancelShortDash.CoolTime,0.416667
0153_10,Steps,StepCancelShortDash.bIsStopClearSpeed,true
0153_10,Steps,StepCancelShortDash.StopBrakingDeceleration,10000000
0153_10,Steps,StepCancelShortDash.SpCost,1325
0153_10,DragonDash,SpCostIN,500
0153_10,DragonDash,SpCostLP,3920
0153_10,DragonDash,SpCostBK,5200
0153_10,DragonDash,HighSpeedSpCostLP,4900
0153_10,ZBurstDash,SpCostIN,10000
0153_10,ZBurstDash,SpCostLP,11000
0153_10,ZBurstDash,BurstSmashSpCostLP,3500
0153_10,DashUpDown,SpCostUpIN,1000
0153_10,DashUpDown,SpCostUpLP,7840
0153_10,DashUpDown,SpCostDownIN,1000
0153_10,DashUpDown,SpCostDownLP,7840
0153_10,DragonHoming,SpCostIN,250
0153_10,DragonHoming,SpCostLP,3500
0153_20,Character,DestroyedPower,6
0153_20,Character,AbilityFlag.SparkingArmor,false
0153_20,Character,AbilityFlag.AutoReflect,false
0153_20,Character,AbilityFlag.bCanSuperHighSpeedMove,false
0153_20,Character,ActionFlag.CannonCombo,true
0153_20,Character,ActionFlag.PowerPress,true
0153_20,Character,ChaseChangeBlastSlot,EKoratBlastSlotType::BlastSkill1
0153_20,Numeric,Life,40000
0153_20,Numeric,SPAutoRecoverySpeed,1750
0153_20,Numeric,SPAutoRecoverySpeedScaleUnderOneGauge,1.3
0153_20,Numeric,SPChargeSpeed,7
0153_20,Numeric,SPChargeSpeedUnderAutoRecoveryLimit,10.5
0153_20,Numeric,SparkingModeGaugeDecreaseSpeed,2800
0153_20,Numeric,BlastStock,6
0153_20,Numeric,AttackChargeSpeedsBySmashLevel[0],3
0153_20,Numeric,AttackChargeSpeedsBySmashLevel[1],5.4
0153_20,Numeric,AttackChargeSpeedsBySmashLevel[2],7.5
0153_20,Numeric,PursuitBaseLimit,2
0153_20,Numeric,PursuitLimitDragonHoming,0
0153_20,Numeric,PursuitLimitVanishingAttack,0
0153_20,Numeric,PursuitBaseLimitAddAtSparking,2
0153_20,Numeric,PursuitLimitDragonHomingAddAtSparking,0
0153_20,Numeric,PursuitLimitVanishingAttackAddAtSparking,0
0153_20,Numeric,PursuitLimitLightningAttackAddAtSparking,0
0153_20,Numeric,IdealPositionMidAirKick,72
0153_20,Numeric,ReactionSplitHighBorder,0.7
0153_20,Numeric,ReactionSplitMidBorder,0.35
0153_20,Numeric,ReactionSplitLowBorder,0.175
0153_20,Numeric,JumpBulletNum,7
0153_20,Numeric,JumpBulletSetNum,1
0153_20,Numeric,RushBulletLimit,10
0153_20,Numeric,SmashBulletLimit,1
0153_20,Numeric,RepelSkillGaugeGainRate,1.2
0153_20,Numeric,AttackBreakSkillGaugeGain,0.15
0153_20,Numeric,FastAvoidSkillGaugeGain,0.05
0153_20,Numeric,ThrowBreakSkillGaugeGain,0.1
0153_20,Numeric,BackAttackedSkillGaugeGain,0.03
0153_20,Numeric,LastOneHPSkillGaugeGain,1
0153_20,Numeric,ImpactStartSkillGaugeGain,1
0153_20,Numeric,RushOffsetSkillGaugeGain,0.05
0153_20,Numeric,CollisionOffsetSkillGaugeGain,0.5
0153_20,Numeric,DragonHomingChangeTrajectorySkillGaugeGain,0.1
0153_20,Numeric,BurstSmashGaugeGain,0.1
0153_20,Numeric,ExParam,16
0153_20,Steps,StepShortDash.AddToSpeedScale,60000
0153_20,Steps,StepShortDash.MaxAcceleration,60000
0153_20,Steps,StepShortDash.BrakingDeceleration,30000
0153_20,Steps,StepShortDash.ElapsedTimeToOT,0.033333
0153_20,Steps,StepShortDash.Duration,0.333333
0153_20,Steps,StepShortDash.CoolTime,0.05
0153_20,Steps,StepShortDash.bIsStopClearSpeed,true
0153_20,Steps,StepShortDash.StopBrakingDeceleration,10000000
0153_20,Steps,StepShortDash.SpCost,2650
0153_20,Steps,StepCancelShortDash.AddToSpeedScale,60000
0153_20,Steps,StepCancelShortDash.MaxAcceleration,60000
0153_20,Steps,StepCancelShortDash.BrakingDeceleration,30000
0153_20,Steps,StepCancelShortDash.ElapsedTimeToOT,0.033333
0153_20,Steps,StepCancelShortDash.Duration,0.333333
0153_20,Steps,StepCancelShortDash.CoolTime,0.416667
0153_20,Steps,StepCancelShortDash.bIsStopClearSpeed,true
0153_20,Steps,StepCancelShortDash.StopBrakingDeceleration,10000000
0153_20,Steps,StepCancelShortDash.SpCost,1325
0153_20,DragonDash,SpCostIN,500
0153_20,DragonDash,SpCostLP,3920
0153_20,DragonDash,SpCostBK,5200
0153_20,DragonDash,HighSpeedSpCostLP,4900
0153_20,ZBurstDash,SpCostIN,10000
0153_20,ZBurstDash,SpCostLP,11000
0153_20,ZBurstDash,BurstSmashSpCostLP,3500
0153_20,DashUpDown,SpCostUpIN,1000
0153_20,DashUpDown,SpCostUpLP,7840
0153_20,DashUpDown,SpCostDownIN,1000
0153_20,DashUpDown,SpCostDownLP,7840
0153_20,DragonHoming,SpCostIN,250
0153_20,DragonHoming,SpCostLP,3500
0154_00,Character,DestroyedPower,7
0154_00,Character,AbilityFlag.bCanHighSpeedMove,false
0154_00,Character,AbilityFlag.bCanSuperHighSpeedMove,false
0154_00,Character,ActionFlag.CannonCombo,true
0154_00,Character,ActionFlag.RollingHurricane,true
0154_00,Character,ActionFlag.TriAttack,true
0154_00,Character,ActionFlag.AirRush,true
0154_00,Character,ActionFlag.SparkingRush,true
0154_00,Character,ChaseChangeBlastSlot,EKoratBlastSlotType::BlastSkill2
0154_00,Numeric,Life,40000
0154_00,Numeric,DamageRate,0.95
0154_00,Numeric,InitialSP,30000
0154_00,Numeric,SPAutoRecoverySpeed,1500
0154_00,Numeric,SPAutoRecoverySpeedScaleUnderOneGauge,1.3
0154_00,Numeric,SPChargeSpeed,8
0154_00,Numeric,SPChargeSpeedUnderAutoRecoveryLimit,12
0154_00,Numeric,SparkingModeGaugeDecreaseSpeed,2800
0154_00,Numeric,StunReactionRecoverySpeedScale,1.3
0154_00,Numeric,StunReactionInputRecoverySpeedScale,1.3
0154_00,Numeric,LimitBoostRecoverySpeedScale,1.3
0154_00,Numeric,LimitBoostInputRecoverySpeedScale,1.3
0154_00,Numeric,BlastStock,6
0154_00,Numeric,AttackChargeSpeedsBySmashLevel[0],3
0154_00,Numeric,AttackChargeSpeedsBySmashLevel[1],5.4
0154_00,Numeric,AttackChargeSpeedsBySmashLevel[2],7.5
0154_00,Numeric,PursuitBaseLimit,2
0154_00,Numeric,PursuitLimitDragonHoming,0
0154_00,Numeric,PursuitLimitVanishingAttack,0
0154_00,Numeric,PursuitBaseLimitAddAtSparking,2
0154_00,Numeric,PursuitLimitDragonHomingAddAtSparking,0
0154_00,Numeric,PursuitLimitVanishingAttackAddAtSparking,0
0154_00,Numeric,PursuitLimitLightningAttackAddAtSparking,0
0154_00,Numeric,IdealPositionMidAirKick,72
0154_00,Numeric,ReactionSplitHighBorder,0.7
0154_00,Numeric,ReactionSplitMidBorder,0.35
0154_00,Numeric,ReactionSplitLowBorder,0.175
0154_00,Numeric,JumpBulletNum,3
0154_00,Numeric,RushBulletLimit,10
0154_00,Numeric,SmashBulletLimit,1
0154_00,Numeric,RepelSkillGaugeGainRate,1.2
0154_00,Numeric,AttackBreakSkillGaugeGain,0.15
0154_00,Numeric,FastAvoidSkillGaugeGain,0.05
0154_00,Numeric,ThrowBreakSkillGaugeGain,0.1
0154_00,Numeric,BackAttackedSkillGaugeGain,0.03
0154_00,Numeric,LastOneHPSkillGaugeGain,1
0154_00,Numeric,ImpactStartSkillGaugeGain,1
0154_00,Numeric,RushOffsetSkillGaugeGain,0.05
0154_00,Numeric,CollisionOffsetSkillGaugeGain,0.5
0154_00,Numeric,DragonHomingChangeTrajectorySkillGaugeGain,0.1
0154_00,Numeric,BurstSmashGaugeGain,0.1
0154_00,Numeric,ExParam,16
0154_00,Steps,StepShortDash.AddToSpeedScale,60000
0154_00,Steps,StepShortDash.MaxAcceleration,50000
0154_00,Steps,StepShortDash.BrakingDeceleration,20000
0154_00,Steps,StepShortDash.ElapsedTimeToOT,0.033333
0154_00,Steps,StepShortDash.Duration,0.333333
0154_00,Steps,StepShortDash.CoolTime,0.05
0154_00,Steps,StepShortDash.bIsStopClearSpeed,true
0154_00,Steps,StepShortDash.StopBrakingDeceleration,10000000
0154_00,Steps,StepShortDash.SpCost,3850
0154_00,Steps,StepCancelShortDash.AddToSpeedScale,60000
0154_00,Steps,StepCancelShortDash.MaxAcceleration,50000
0154_00,Steps,StepCancelShortDash.BrakingDeceleration,20000
0154_00,Steps,StepCancelShortDash.ElapsedTimeToOT,0.033333
0154_00,Steps,StepCancelShortDash.Duration,0.333333
0154_00,Steps,StepCancelShortDash.CoolTime,0.416667
0154_00,Steps,StepCancelShortDash.bIsStopClearSpeed,true
0154_00,Steps,StepCancelShortDash.StopBrakingDeceleration,10000000
0154_00,Steps,StepCancelShortDash.SpCost,1925
0154_00,DragonDash,SpCostIN,500
0154_00,DragonDash,SpCostLP,3920
0154_00,DragonDash,SpCostBK,5200
0154_00,DragonDash,HighSpeedSpCostLP,4900
0154_00,ZBurstDash,SpCostIN,10000
0154_00,ZBurstDash,SpCostLP,11000
0154_00,ZBurstDash,BurstSmashSpCostLP,3500
0154_00,DashUpDown,SpCostUpIN,1000
0154_00,DashUpDown,SpCostUpLP,7840
0154_00,DashUpDown,SpCostDownIN,1000
0154_00,DashUpDown,SpCostDownLP,7840
0154_00,DragonHoming,SpCostIN,250
0154_00,DragonHoming,SpCostLP,3500
0155_00,Character,DestroyedPower,8
0155_00,Character,AbilityFlag.SparkingArmor,false
0155_00,Character,ActionFlag.CannonCombo,true
0155_00,Character,ActionFlag.PowerPress,true
0155_00,Character,ActionFlag.TriAttack,true
0155_00,Character,ChaseChangeBlastSlot,EKoratBlastSlotType::BlastSkill1
0155_00,Numeric,Life,40000
0155_00,Numeric,DamageRate,0.98
0155_00,Numeric,InitialSP,30000
0155_00,Numeric,SPAutoRecoverySpeed,1500
0155_00,Numeric,SPAutoRecoverySpeedScaleUnderOneGauge,1.3
0155_00,Numeric,SPChargeSpeed,8
0155_00,Numeric,SPChargeSpeedUnderAutoRecoveryLimit,12
0155_00,Numeric,SparkingModeGaugeDecreaseSpeed,2800
0155_00,Numeric,BlastStock,6
0155_00,Numeric,AttackChargeSpeedsBySmashLevel[0],3
0155_00,Numeric,AttackChargeSpeedsBySmashLevel[1],5.4
0155_00,Numeric,AttackChargeSpeedsBySmashLevel[2],7.5
0155_00,Numeric,PursuitBaseLimit,3
0155_00,Numeric,PursuitLimitDragonHoming,0
0155_00,Numeric,PursuitLimitVanishingAttack,0
0155_00,Numeric,PursuitBaseLimitAddAtSparking,2
0155_00,Numeric,PursuitLimitDragonHomingAddAtSparking,0
0155_00,Numeric,PursuitLimitVanishingAttackAddAtSparking,0
0155_00,Numeric,PursuitLimitLightningAttackAddAtSparking,0
0155_00,Numeric,IdealPositionMidAirKick,72
0155_00,Numeric,ReactionSplitHighBorder,0.7
0155_00,Numeric,ReactionSplitMidBorder,0.35
0155_00,Numeric,ReactionSplitLowBorder,0.175
0155_00,Numeric,BulletNum,16
0155_00,Numeric,DashBulletNum,6
0155_00,Numeric,RushBulletLimit,16
0155_00,Numeric,SmashBulletLimit,1
0155_00,Numeric,RepelSkillGaugeGainRate,1.2
0155_00,Numeric,AttackBreakSkillGaugeGain,0.15
0155_00,Numeric,FastAvoidSkillGaugeGain,0.05
0155_00,Numeric,ThrowBreakSkillGaugeGain,0.1
0155_00,Numeric,BackAttackedSkillGaugeGain,0.03
0155_00,Numeric,LastOneHPSkillGaugeGain,1
0155_00,Numeric,ImpactStartSkillGaugeGain,1
0155_00,Numeric,RushOffsetSkillGaugeGain,0.05
0155_00,Numeric,CollisionOffsetSkillGaugeGain,0.5
0155_00,Numeric,DragonHomingChangeTrajectorySkillGaugeGain,0.1
0155_00,Numeric,BurstSmashGaugeGain,0.1
0155_00,Numeric,ExParam,17
0155_00,Steps,StepShortDash.AddToSpeedScale,60000
0155_00,Steps,StepShortDash.MaxAcceleration,60000
0155_00,Steps,StepShortDash.BrakingDeceleration,30000
0155_00,Steps,StepShortDash.ElapsedTimeToOT,0.033333
0155_00,Steps,StepShortDash.Duration,0.333333
0155_00,Steps,StepShortDash.CoolTime,0.05
0155_00,Steps,StepShortDash.bIsStopClearSpeed,true
0155_00,Steps,StepShortDash.StopBrakingDeceleration,10000000
0155_00,Steps,StepShortDash.SpCost,2650
0155_00,Steps,StepCancelShortDash.AddToSpeedScale,60000
0155_00,Steps,StepCancelShortDash.MaxAcceleration,60000
0155_00,Steps,StepCancelShortDash.BrakingDeceleration,30000
0155_00,Steps,StepCancelShortDash.ElapsedTimeToOT,0.033333
0155_00,Steps,StepCancelShortDash.Duration,0.333333
0155_00,Steps,StepCancelShortDash.CoolTime,0.416667
0155_00,Steps,StepCancelShortDash.bIsStopClearSpeed,true
0155_00,Steps,StepCancelShortDash.StopBrakingDeceleration,10000000
0155_00,Steps,StepCancelShortDash.SpCost,1325
0155_00,DragonDash,SpCostIN,500
0155_00,DragonDash,SpCostLP,3920
0155_00,DragonDash,SpCostBK,5200
0155_00,DragonDash,HighSpeedSpCostLP,4900
0155_00,ZBurstDash,SpCostIN,10000
0155_00,ZBurstDash,SpCostLP,11000
0155_00,ZBurstDash,BurstSmashSpCostLP,3500
0155_00,DashUpDown,SpCostUpIN,1000
0155_00,DashUpDown,SpCostUpLP,7840
0155_00,DashUpDown,SpCostDownIN,1000
0155_00,DashUpDown,SpCostDownLP,7840
0155_00,DragonHoming,SpCostIN,250
0155_00,DragonHoming,SpCostLP,3500
0160_00,Character,AbilityFlag.SparkingArmor,false
0160_00,Character,AbilityFlag.AutoReflect,false
0160_00,Character,AbilityFlag.bCanHighSpeedMove,false
0160_00,Character,AbilityFlag.bCanSuperHighSpeedMove,false
0160_00,Character,ActionFlag.HeavyCrash,true
0160_00,Character,ActionFlag.CannonCombo,true
0160_00,Character,ActionFlag.PowerPress,true
0160_00,Character,ActionFlag.TriAttack,true
0160_00,Character,ActionFlag.AirRush,true
0160_00,Character,ChaseChangeBlastSlot,EKoratBlastSlotType::BlastSkill1
0160_00,Numeric,Life,40000
0160_00,Numeric,InitialSP,10000
0160_00,Numeric,SPAutoRecoverySpeed,1500
0160_00,Numeric,SPAutoRecoverySpeedScaleUnderOneGauge,1.3
0160_00,Numeric,SPChargeSpeed,8
0160_00,Numeric,SPChargeSpeedUnderAutoRecoveryLimit,12
0160_00,Numeric,SparkingModeGaugeDecreaseSpeed,2800
0160_00,Numeric,BlastStock,4
0160_00,Numeric,AttackChargeSpeedsBySmashLevel[0],3
0160_00,Numeric,AttackChargeSpeedsBySmashLevel[1],5.4
0160_00,Numeric,AttackChargeSpeedsBySmashLevel[2],7.5
0160_00,Numeric,PursuitBaseLimit,2
0160_00,Numeric,PursuitLimitDragonHoming,0
0160_00,Numeric,PursuitLimitVanishingAttack,0
0160_00,Numeric,PursuitBaseLimitAddAtSparking,2
0160_00,Numeric,PursuitLimitDragonHomingAddAtSparking,0
0160_00,Numeric,PursuitLimitVanishingAttackAddAtSparking,0
0160_00,Numeric,PursuitLimitLightningAttackAddAtSparking,0
0160_00,Numeric,IdealPositionMidAirKick,74
0160_00,Numeric,ReactionSplitHighBorder,0.6
0160_00,Numeric,ReactionSplitMidBorder,0.4
0160_00,Numeric,ReactionSplitLowBorder,0.2
0160_00,Numeric,BulletNum,5
0160_00,Numeric,JumpBulletNum,5
0160_00,Numeric,JumpBulletSetNum,1
0160_00,Numeric,RushBulletLimit,5
0160_00,Numeric,SmashBulletLimit,1
0160_00,Numeric,AttackBreakSkillGaugeGain,0.15
0160_00,Numeric,FastAvoidSkillGaugeGain,0.05
0160_00,Numeric,ThrowBreakSkillGaugeGain,0.1
0160_00,Numeric,BackAttackedSkillGaugeGain,0.03
0160_00,Numeric,LastOneHPSkillGaugeGain,1
0160_00,Numeric,ImpactStartSkillGaugeGain,1
0160_00,Numeric,RushOffsetSkillGaugeGain,0.05
0160_00,Numeric,CollisionOffsetSkillGaugeGain,0.5
0160_00,Numeric,DragonHomingChangeTrajectorySkillGaugeGain,0.1
0160_00,Numeric,BurstSmashGaugeGain,0.1
0160_00,Numeric,ExParam,16
0160_00,Steps,StepShortDash.AddToSpeedScale,60000
0160_00,Steps,StepShortDash.MaxAcceleration,60000
0160_00,Steps,StepShortDash.BrakingDeceleration,30000
0160_00,Steps,StepShortDash.ElapsedTimeToOT,0.033333
0160_00,Steps,StepShortDash.Duration,0.333333
0160_00,Steps,StepShortDash.CoolTime,0.05
0160_00,Steps,StepShortDash.bIsStopClearSpeed,true
0160_00,Steps,StepShortDash.StopBrakingDeceleration,10000000
0160_00,Steps,StepShortDash.SpCost,2650
0160_00,Steps,StepCancelShortDash.AddToSpeedScale,60000
0160_00,Steps,StepCancelShortDash.MaxAcceleration,60000
0160_00,Steps,StepCancelShortDash.BrakingDeceleration,30000
0160_00,Steps,StepCancelShortDash.ElapsedTimeToOT,0.033333
0160_00,Steps,StepCancelShortDash.Duration,0.333333
0160_00,Steps,StepCancelShortDash.CoolTime,0.416667
0160_00,Steps,StepCancelShortDash.bIsStopClearSpeed,true
0160_00,Steps,StepCancelShortDash.StopBrakingDeceleration,10000000
0160_00,Steps,StepCancelShortDash.SpCost,1325
0160_00,DragonDash,SpCostIN,500
0160_00,DragonDash,SpCostLP,3920
0160_00,DragonDash,SpCostBK,5200
0160_00,DragonDash,HighSpeedSpCostLP,4900
0160_00,ZBurstDash,SpCostIN,10000
0160_00,ZBurstDash,SpCostLP,11000
0160_00,ZBurstDash,BurstSmashSpCostLP,3500
0160_00,DashUpDown,SpCostUpIN,1000
0160_00,DashUpDown,SpCostUpLP,7840
0160_00,DashUpDown,SpCostDownIN,1000
0160_00,DashUpDown,SpCostDownLP,7840
0160_00,DragonHoming,SpCostIN,250
0160_00,DragonHoming,SpCostLP,3500
0161_00,Character,AbilityFlag.AutoReflect,false
0161_00,Character,AbilityFlag.bCanHighSpeedMove,false
0161_00,Character,AbilityFlag.bCanSuperHighSpeedMove,false
0161_00,Character,ActionFlag.CannonCombo,true
0161_00,Character,ActionFlag.SpiralSlash,true
0161_00,Character,ActionFlag.PowerPress,true
0161_00,Character,ActionFlag.TriAttack,true
0161_00,Character,ActionFlag.AirRush,true
0161_00,Character,ActionFlag.DeltaStorm,true
0161_00,Character,ActionFlag.SparkingRush,true
0161_00,Character,ChaseChangeBlastSlot,EKoratBlastSlotType::BlastSkill1
0161_00,Numeric,Life,40000
0161_00,Numeric,DamageRate,0.97
0161_00,Numeric,SPAutoRecoverySpeed,1750
0161_00,Numeric,SPAutoRecoverySpeedScaleUnderOneGauge,1.3
0161_00,Numeric,SPChargeSpeed,7
0161_00,Numeric,SPChargeSpeedUnderAutoRecoveryLimit,10.5
0161_00,Numeric,SparkingModeGaugeDecreaseSpeed,2800
0161_00,Numeric,AttackChargeSpeedsBySmashLevel[0],3
0161_00,Numeric,AttackChargeSpeedsBySmashLevel[1],5.4
0161_00,Numeric,AttackChargeSpeedsBySmashLevel[2],7.5
0161_00,Numeric,PursuitBaseLimit,2
0161_00,Numeric,PursuitLimitDragonHoming,0
0161_00,Numeric,PursuitLimitVanishingAttack,0
0161_00,Numeric,PursuitBaseLimitAddAtSparking,2
0161_00,Numeric,PursuitLimitDragonHomingAddAtSparking,0
0161_00,Numeric,PursuitLimitVanishingAttackAddAtSparking,0
0161_00,Numeric,PursuitLimitLightningAttackAddAtSparking,0
0161_00,Numeric,IdealPositionMidAirKick,84
0161_00,Numeric,ReactionSplitHighBorder,0.6
0161_00,Numeric,ReactionSplitMidBorder,0.4
0161_00,Numeric,ReactionSplitLowBorder,0.2
0161_00,Numeric,BulletNum,6
0161_00,Numeric,JumpBulletNum,3
0161_00,Numeric,RushBulletLimit,6
0161_00,Numeric,SmashBulletLimit,1
0161_00,Numeric,RepelSkillGaugeGainRate,1.1
0161_00,Numeric,AttackBreakSkillGaugeGain,0.15
0161_00,Numeric,FastAvoidSkillGaugeGain,0.05
0161_00,Numeric,ThrowBreakSkillGaugeGain,0.1
0161_00,Numeric,BackAttackedSkillGaugeGain,0.03
0161_00,Numeric,LastOneHPSkillGaugeGain,1
0161_00,Numeric,ImpactStartSkillGaugeGain,1
0161_00,Numeric,RushOffsetSkillGaugeGain,0.05
0161_00,Numeric,CollisionOffsetSkillGaugeGain,0.5
0161_00,Numeric,DragonHomingChangeTrajectorySkillGaugeGain,0.1
0161_00,Numeric,BurstSmashGaugeGain,0.1
0161_00,Numeric,ExParam,16
0161_00,Steps,StepShortDash.AddToSpeedScale,60000
0161_00,Steps,StepShortDash.MaxAcceleration,60000
0161_00,Steps,StepShortDash.BrakingDeceleration,30000
0161_00,Steps,StepShortDash.ElapsedTimeToOT,0.033333
0161_00,Steps,StepShortDash.Duration,0.333333
0161_00,Steps,StepShortDash.CoolTime,0.05
0161_00,Steps,StepShortDash.bIsStopClearSpeed,true
0161_00,Steps,StepShortDash.StopBrakingDeceleration,10000000
0161_00,Steps,StepShortDash.SpCost,2650
0161_00,Steps,StepCancelShortDash.AddToSpeedScale,60000
0161_00,Steps,StepCancelShortDash.MaxAcceleration,60000
0161_00,Steps,StepCancelShortDash.BrakingDeceleration,30000
0161_00,Steps,StepCancelShortDash.ElapsedTimeToOT,0.033333
0161_00,Steps,StepCancelShortDash.Duration,0.333333
0161_00,Steps,StepCancelShortDash.CoolTime,0.416667
0161_00,Steps,StepCancelShortDash.bIsStopClearSpeed,true
0161_00,Steps,StepCancelShortDash.StopBrakingDeceleration,10000000
0161_00,Steps,StepCancelShortDash.SpCost,1325
0161_00,DragonDash,SpCostIN,500
0161_00,DragonDash,SpCostLP,3920
0161_00,DragonDash,SpCostBK,5200
0161_00,DragonDash,HighSpeedSpCostLP,4900
0161_00,ZBurstDash,SpCostIN,10000
0161_00,ZBurstDash,SpCostLP,11000
0161_00,ZBurstDash,BurstSmashSpCostLP,3500
0161_00,DashUpDown,SpCostUpIN,1000
0161_00,DashUpDown,SpCostUpLP,7840
0161_00,DashUpDown,SpCostDownIN,1000
0161_00,DashUpDown,SpCostDownLP,7840
0161_00,DragonHoming,SpCostIN,250
0161_00,DragonHoming,SpCostLP,3500
0162_00,Character,DestroyedPower,6
0162_00,Character,AbilityFlag.SparkingArmor,false
0162_00,Character,AbilityFlag.AutoReflect,false
0162_00,Character,ActionFlag.PowerPress,true
0162_00,Character,ActionFlag.TriAttack,true
0162_00,Character,ChaseChangeBlastSlot,EKoratBlastSlotType::BlastSkill1
0162_00,Numeric,Life,40000
0162_00,Numeric,SPAutoRecoverySpeed,2000
0162_00,Numeric,SPAutoRecoverySpeedScaleUnderOneGauge,1.3
0162_00,Numeric,SPChargeSpeed,6
0162_00,Numeric,SPChargeSpeedUnderAutoRecoveryLimit,9
0162_00,Numeric,SparkingModeGaugeDecreaseSpeed,2800
0162_00,Numeric,AttackChargeSpeedsBySmashLevel[0],3
0162_00,Numeric,AttackChargeSpeedsBySmashLevel[1],5.4
0162_00,Numeric,AttackChargeSpeedsBySmashLevel[2],7.5
0162_00,Numeric,PursuitBaseLimit,2
0162_00,Numeric,PursuitLimitDragonHoming,0
0162_00,Numeric,PursuitLimitVanishingAttack,0
0162_00,Numeric,PursuitBaseLimitAddAtSparking,2
0162_00,Numeric,PursuitLimitDragonHomingAddAtSparking,0
0162_00,Numeric,PursuitLimitVanishingAttackAddAtSparking,0
0162_00,Numeric,PursuitLimitLightningAttackAddAtSparking,0
0162_00,Numeric,IdealPositionMidAirKick,70
0162_00,Numeric,ReactionSplitHighBorder,0.6
0162_00,Numeric,ReactionSplitMidBorder,0.4
0162_00,Numeric,ReactionSplitLowBorder,0.2
0162_00,Numeric,BulletNum,8
0162_00,Numeric,JumpBulletNum,7
0162_00,Numeric,JumpBulletSetNum,1
0162_00,Numeric,RushBulletLimit,8
0162_00,Numeric,SmashBulletLimit,1
0162_00,Numeric,RepelSkillGaugeGainRate,1.1
0162_00,Numeric,AttackBreakSkillGaugeGain,0.15
0162_00,Numeric,FastAvoidSkillGaugeGain,0.05
0162_00,Numeric,ThrowBreakSkillGaugeGain,0.1
0162_00,Numeric,BackAttackedSkillGaugeGain,0.03
0162_00,Numeric,LastOneHPSkillGaugeGain,1
0162_00,Numeric,ImpactStartSkillGaugeGain,1
0162_00,Numeric,RushOffsetSkillGaugeGain,0.05
0162_00,Numeric,CollisionOffsetSkillGaugeGain,0.5
0162_00,Numeric,DragonHomingChangeTrajectorySkillGaugeGain,0.1
0162_00,Numeric,BurstSmashGaugeGain,0.1
0162_00,Numeric,ExParam,16
0162_00,Steps,StepShortDash.AddToSpeedScale,60000
0162_00,Steps,StepShortDash.MaxAcceleration,60000
0162_00,Steps,StepShortDash.BrakingDeceleration,30000
0162_00,Steps,StepShortDash.ElapsedTimeToOT,0.033333
0162_00,Steps,StepShortDash.Duration,0.333333
0162_00,Steps,StepShortDash.CoolTime,0.05
0162_00,Steps,StepShortDash.bIsStopClearSpeed,true
0162_00,Steps,StepShortDash.StopBrakingDeceleration,10000000
0162_00,Steps,StepShortDash.SpCost,2650
0162_00,Steps,StepCancelShortDash.AddToSpeedScale,60000
0162_00,Steps,StepCancelShortDash.MaxAcceleration,60000
0162_00,Steps,StepCancelShortDash.BrakingDeceleration,30000
0162_00,Steps,StepCancelShortDash.ElapsedTimeToOT,0.033333
0162_00,Steps,StepCancelShortDash.Duration,0.333333
0162_00,Steps,StepCancelShortDash.CoolTime,0.416667
0162_00,Steps,StepCancelShortDash.bIsStopClearSpeed,true
0162_00,Steps,StepCancelShortDash.StopBrakingDeceleration,10000000
0162_00,Steps,StepCancelShortDash.SpCost,1325
0162_00,DragonDash,SpCostIN,500
0162_00,DragonDash,SpCostLP,3920
0162_00,DragonDash,SpCostBK,5200
0162_00,DragonDash,HighSpeedSpCostLP,4900
0162_00,ZBurstDash,SpCostIN,10000
0162_00,ZBurstDash,SpCostLP,11000
0162_00,ZBurstDash,BurstSmashSpCostLP,3500
0162_00,DashUpDown,SpCostUpIN,1000
0162_00,DashUpDown,SpCostUpLP,7840
0162_00,DashUpDown,SpCostDownIN,1000
0162_00,DashUpDown,SpCostDownLP,7840
0162_00,DragonHoming,SpCostIN,250
0162_00,DragonHoming,SpCostLP,3500
0162_01,Character,DestroyedPower,7
0162_01,Character,AbilityFlag.SparkingArmor,false
0162_01,Character,ActionFlag.PowerPress,true
0162_01,Character,ActionFlag.TriAttack,true
0162_01,Character,ChaseChangeBlastSlot,EKoratBlastSlotType::BlastSkill1
0162_01,Numeric,Life,40000
0162_01,Numeric,InitialSP,30000
0162_01,Numeric,SPAutoRecoverySpeed,2000
0162_01,Numeric,SPAutoRecoverySpeedScaleUnderOneGauge,1.3
0162_01,Numeric,SPChargeSpeed,6
0162_01,Numeric,SPChargeSpeedUnderAutoRecoveryLimit,9
0162_01,Numeric,SparkingModeGaugeDecreaseSpeed,2800
0162_01,Numeric,BlastStock,6
0162_01,Numeric,AttackChargeSpeedsBySmashLevel[0],3
0162_01,Numeric,AttackChargeSpeedsBySmashLevel[1],5.4
0162_01,Numeric,AttackChargeSpeedsBySmashLevel[2],7.5
0162_01,Numeric,PursuitBaseLimit,3
0162_01,Numeric,PursuitLimitDragonHoming,0
0162_01,Numeric,PursuitLimitVanishingAttack,0
0162_01,Numeric,PursuitBaseLimitAddAtSparking,2
0162_01,Numeric,PursuitLimitDragonHomingAddAtSparking,0
0162_01,Numeric,PursuitLimitVanishingAttackAddAtSparking,0
0162_01,Numeric,PursuitLimitLightningAttackAddAtSparking,0
0162_01,Numeric,IdealPositionMidAirKick,70
0162_01,Numeric,ReactionSplitHighBorder,0.6
0162_01,Numeric,ReactionSplitMidBorder,0.4
0162_01,Numeric,ReactionSplitLowBorder,0.2
0162_01,Numeric,DashBulletNum,6
0162_01,Numeric,RushBulletLimit,10
0162_01,Numeric,SmashBulletLimit,1
0162_01,Numeric,RepelSkillGaugeGainRate,1.2
0162_01,Numeric,AttackBreakSkillGaugeGain,0.15
0162_01,Numeric,FastAvoidSkillGaugeGain,0.05
0162_01,Numeric,ThrowBreakSkillGaugeGain,0.1
0162_01,Numeric,BackAttackedSkillGaugeGain,0.03
0162_01,Numeric,LastOneHPSkillGaugeGain,1
0162_01,Numeric,ImpactStartSkillGaugeGain,1
0162_01,Numeric,RushOffsetSkillGaugeGain,0.05
0162_01,Numeric,CollisionOffsetSkillGaugeGain,0.5
0162_01,Numeric,DragonHomingChangeTrajectorySkillGaugeGain,0.1
0162_01,Numeric,BurstSmashGaugeGain,0.1
0162_01,Numeric,ExParam,16
0162_01,Steps,StepShortDash.AddToSpeedScale,60000
0162_01,Steps,StepShortDash.MaxAcceleration,60000
0162_01,Steps,StepShortDash.BrakingDeceleration,30000
0162_01,Steps,StepShortDash.ElapsedTimeToOT,0.033333
0162_01,Steps,StepShortDash.Duration,0.333333
0162_01,Steps,StepShortDash.CoolTime,0.05
0162_01,Steps,StepShortDash.bIsStopClearSpeed,true
0162_01,Steps,StepShortDash.StopBrakingDeceleration,10000000
0162_01,Steps,StepShortDash.SpCost,2650
0162_01,Steps,StepCancelShortDash.AddToSpeedScale,60000
0162_01,Steps,StepCancelShortDash.MaxAcceleration,60000
0162_01,Steps,StepCancelShortDash.BrakingDeceleration,30000
0162_01,Steps,StepCancelShortDash.ElapsedTimeToOT,0.033333
0162_01,Steps,StepCancelShortDash.Duration,0.333333
0162_01,Steps,StepCancelShortDash.CoolTime,0.416667
0162_01,Steps,StepCancelShortDash.bIsStopClearSpeed,true
0162_01,Steps,StepCancelShortDash.StopBrakingDeceleration,10000000
0162_01,Steps,StepCancelShortDash.SpCost,1325
0162_01,DragonDash,SpCostIN,500
0162_01,DragonDash,SpCostLP,3920
0162_01,DragonDash,SpCostBK,5200
0162_01,DragonDash,HighSpeedSpCostLP,4900
0162_01,ZBurstDash,SpCostIN,10000
0162_01,ZBurstDash,SpCostLP,11000
0162_01,ZBurstDash,BurstSmashSpCostLP,3500
0162_01,DashUpDown,SpCostUpIN,1000
0162_01,DashUpDown,SpCostUpLP,7840
0162_01,DashUpDown,SpCostDownIN,1000
0162_01,DashUpDown,SpCostDownLP,7840
0162_01,DragonHoming,SpCostIN,250
0162_01,DragonHoming,SpCostLP,3500
0163_00,Character,DestroyedPower,3
0163_00,Character,AbilityFlag.SparkingArmor,false
0163_00,Character,AbilityFlag.AutoReflect,false
0163_00,Character,ActionFlag.DragonTornado,true
0163_00,Character,ActionFlag.HeavyCrash,true
0163_00,Character,ActionFlag.PowerPress,true
0163_00,Character,ActionFlag.TriAttack,true
0163_00,Character,ChaseChangeBlastSlot,EKoratBlastSlotType::BlastSkill1
0163_00,Numeric,Life,35000
0163_00,Numeric,InitialSP,10000
0163_00,Numeric,SPAutoRecoverySpeed,1500
0163_00,Numeric,SPAutoRecoverySpeedScaleUnderOneGauge,1.3
0163_00,Numeric,SPChargeSpeed,8
0163_00,Numeric,SPChargeSpeedUnderAutoRecoveryLimit,12
0163_00,Numeric,SparkingModeGaugeDecreaseSpeed,2800
0163_00,Numeric,BlastStock,4
0163_00,Numeric,InitialBlastStock,1
0163_00,Numeric,AttackChargeSpeedsBySmashLevel[0],3
0163_00,Numeric,AttackChargeSpeedsBySmashLevel[1],5.4
0163_00,Numeric,AttackChargeSpeedsBySmashLevel[2],7.5
0163_00,Numeric,PursuitBaseLimit,2
0163_00,Numeric,PursuitLimitDragonHoming,0
0163_00,Numeric,PursuitLimitVanishingAttack,0
0163_00,Numeric,PursuitBaseLimitAddAtSparking,2
0163_00,Numeric,PursuitLimitDragonHomingAddAtSparking,0
0163_00,Numeric,PursuitLimitVanishingAttackAddAtSparking,0
0163_00,Numeric,PursuitLimitLightningAttackAddAtSparking,0
0163_00,Numeric,IdealPositionMidAirKick,58
0163_00,Numeric,ReactionSplitHighBorder,0.6
0163_00,Numeric,ReactionSplitMidBorder,0.4
0163_00,Numeric,ReactionSplitLowBorder,0.2
0163_00,Numeric,BulletNum,4
0163_00,Numeric,JumpBulletSetNum,1
0163_00,Numeric,DashBulletNum,3
0163_00,Numeric,RushBulletLimit,4
0163_00,Numeric,SmashBulletLimit,1
0163_00,Numeric,AttackBreakSkillGaugeGain,0.15
0163_00,Numeric,FastAvoidSkillGaugeGain,0.05
0163_00,Numeric,ThrowBreakSkillGaugeGain,0.1
0163_00,Numeric,BackAttackedSkillGaugeGain,0.03
0163_00,Numeric,LastOneHPSkillGaugeGain,1
0163_00,Numeric,ImpactStartSkillGaugeGain,1
0163_00,Numeric,RushOffsetSkillGaugeGain,0.05
0163_00,Numeric,CollisionOffsetSkillGaugeGain,0.5
0163_00,Numeric,DragonHomingChangeTrajectorySkillGaugeGain,0.1
0163_00,Numeric,BurstSmashGaugeGain,0.1
0163_00,Numeric,ExParam,16
0163_00,Steps,StepShortDash.AddToSpeedScale,60000
0163_00,Steps,StepShortDash.MaxAcceleration,60000
0163_00,Steps,StepShortDash.BrakingDeceleration,30000
0163_00,Steps,StepShortDash.ElapsedTimeToOT,0.033333
0163_00,Steps,StepShortDash.Duration,0.333333
0163_00,Steps,StepShortDash.CoolTime,0.05
0163_00,Steps,StepShortDash.bIsStopClearSpeed,true
0163_00,Steps,StepShortDash.StopBrakingDeceleration,10000000
0163_00,Steps,StepShortDash.SpCost,2650
0163_00,Steps,StepCancelShortDash.AddToSpeedScale,60000
0163_00,Steps,StepCancelShortDash.MaxAcceleration,60000
0163_00,Steps,StepCancelShortDash.BrakingDeceleration,30000
0163_00,Steps,StepCancelShortDash.ElapsedTimeToOT,0.033333
0163_00,Steps,StepCancelShortDash.Duration,0.333333
0163_00,Steps,StepCancelShortDash.CoolTime,0.416667
0163_00,Steps,StepCancelShortDash.bIsStopClearSpeed,true
0163_00,Steps,StepCancelShortDash.StopBrakingDeceleration,10000000
0163_00,Steps,StepCancelShortDash.SpCost,1325
0163_00,DragonDash,SpCostIN,500
0163_00,DragonDash,SpCostLP,3920
0163_00,DragonDash,SpCostBK,5200
0163_00,DragonDash,HighSpeedSpCostLP,4900
0163_00,ZBurstDash,SpCostIN,10000
0163_00,ZBurstDash,SpCostLP,11000
0163_00,ZBurstDash,BurstSmashSpCostLP,3500
0163_00,DashUpDown,SpCostUpIN,1000
0163_00,DashUpDown,SpCostUpLP,7840
0163_00,DashUpDown,SpCostDownIN,1000
0163_00,DashUpDown,SpCostDownLP,7840
0163_00,DragonHoming,SpCostIN,250
0163_00,DragonHoming,SpCostLP,3500
0170_00,Character,DestroyedPower,6
0170_00,Character,AbilityFlag.AutoReflect,false
0170_00,Character,AbilityFlag.bCanHighSpeedMove,false
0170_00,Character,AbilityFlag.bCanSuperHighSpeedMove,false
0170_00,Character,ActionFlag.ThrowEscape,true
0170_00,Character,ActionFlag.CannonCombo,true
0170_00,Character,ActionFlag.SpiralSlash,true
0170_00,Character,ActionFlag.RollingHurricane,true
0170_00,Character,ActionFlag.AirRush,true
0170_00,Character,ActionFlag.DeltaStorm,true
0170_00,Character,ActionFlag.SparkingRush,true
0170_00,Character,ChaseChangeBlastSlot,EKoratBlastSlotType::BlastSkill2
0170_00,Numeric,Life,40000
0170_00,Numeric,DamageRate,0.96
0170_00,Numeric,SPAutoRecoverySpeed,1750
0170_00,Numeric,SPAutoRecoverySpeedScaleUnderOneGauge,1.3
0170_00,Numeric,SPChargeSpeed,7
0170_00,Numeric,SPChargeSpeedUnderAutoRecoveryLimit,10.5
0170_00,Numeric,SparkingModeGaugeDecreaseSpeed,2800
0170_00,Numeric,StunReactionRecoverySpeedScale,1.3
0170_00,Numeric,StunReactionInputRecoverySpeedScale,1.3
0170_00,Numeric,LimitBoostRecoverySpeedScale,1.3
0170_00,Numeric,LimitBoostInputRecoverySpeedScale,1.3
0170_00,Numeric,BlastStock,4
0170_00,Numeric,AttackChargeSpeedsBySmashLevel[0],3
0170_00,Numeric,AttackChargeSpeedsBySmashLevel[1],5.4
0170_00,Numeric,AttackChargeSpeedsBySmashLevel[2],7.5
0170_00,Numeric,PursuitBaseLimit,2
0170_00,Numeric,PursuitLimitDragonHoming,0
0170_00,Numeric,PursuitLimitVanishingAttack,0
0170_00,Numeric,PursuitBaseLimitAddAtSparking,2
0170_00,Numeric,PursuitLimitDragonHomingAddAtSparking,0
0170_00,Numeric,PursuitLimitVanishingAttackAddAtSparking,0
0170_00,Numeric,PursuitLimitLightningAttackAddAtSparking,0
0170_00,Numeric,IdealPositionMidAirKick,70
0170_00,Numeric,ReactionSplitHighBorder,0.6
0170_00,Numeric,ReactionSplitMidBorder,0.4
0170_00,Numeric,ReactionSplitLowBorder,0.2
0170_00,Numeric,BulletNum,5
0170_00,Numeric,JumpBulletNum,5
0170_00,Numeric,JumpBulletSetNum,1
0170_00,Numeric,RushBulletLimit,5
0170_00,Numeric,SmashBulletLimit,1
0170_00,Numeric,AttackBreakSkillGaugeGain,0.15
0170_00,Numeric,FastAvoidSkillGaugeGain,0.05
0170_00,Numeric,ThrowBreakSkillGaugeGain,0.1
0170_00,Numeric,BackAttackedSkillGaugeGain,0.03
0170_00,Numeric,LastOneHPSkillGaugeGain,1
0170_00,Numeric,ImpactStartSkillGaugeGain,1
0170_00,Numeric,RushOffsetSkillGaugeGain,0.05
0170_00,Numeric,CollisionOffsetSkillGaugeGain,0.5
0170_00,Numeric,DragonHomingChangeTrajectorySkillGaugeGain,0.1
0170_00,Numeric,BurstSmashGaugeGain,0.1
0170_00,Numeric,ExParam,8
0170_00,Steps,StepShortDash.AddToSpeedScale,60000
0170_00,Steps,StepShortDash.MaxAcceleration,50000
0170_00,Steps,StepShortDash.BrakingDeceleration,20000
0170_00,Steps,StepShortDash.ElapsedTimeToOT,0.033333
0170_00,Steps,StepShortDash.Duration,0.333333
0170_00,Steps,StepShortDash.CoolTime,0.05
0170_00,Steps,StepShortDash.bIsStopClearSpeed,true
0170_00,Steps,StepShortDash.StopBrakingDeceleration,10000000
0170_00,Steps,StepShortDash.SpCost,3850
0170_00,Steps,StepCancelShortDash.AddToSpeedScale,60000
0170_00,Steps,StepCancelShortDash.MaxAcceleration,50000
0170_00,Steps,StepCancelShortDash.BrakingDeceleration,20000
0170_00,Steps,StepCancelShortDash.ElapsedTimeToOT,0.033333
0170_00,Steps,StepCancelShortDash.Duration,0.333333
0170_00,Steps,StepCancelShortDash.CoolTime,0.416667
0170_00,Steps,StepCancelShortDash.bIsStopClearSpeed,true
0170_00,Steps,StepCancelShortDash.StopBrakingDeceleration,10000000
0170_00,Steps,StepCancelShortDash.SpCost,1925
0170_00,DragonDash,SpCostIN,500
0170_00,DragonDash,SpCostLP,3920
0170_00,DragonDash,SpCostBK,5200
0170_00,DragonDash,HighSpeedSpCostLP,4900
0170_00,ZBurstDash,SpCostIN,10000
0170_00,ZBurstDash,SpCostLP,11000
0170_00,ZBurstDash,BurstSmashSpCostLP,3500
0170_00,DashUpDown,SpCostUpIN,1000
0170_00,DashUpDown,SpCostUpLP,7840
0170_00,DashUpDown,SpCostDownIN,1000
0170_00,DashUpDown,SpCostDownLP,7840
0170_00,DragonHoming,SpCostIN,250
0170_00,DragonHoming,SpCostLP,3500
0171_00,Character,DestroyedPower,6
0171_00,Character,AbilityFlag.SparkingArmor,false
0171_00,Character,AbilityFlag.AutoReflect,false
0171_00,Character,AbilityFlag.bCanHighSpeedMove,false
0171_00,Character,AbilityFlag.bCanSuperHighSpeedMove,false
0171_00,Character,ActionFlag.PowerPress,true
0171_00,Character,ActionFlag.TriAttack,true
0171_00,Character,ActionFlag.DeltaStorm,true
0171_00,Character,ChaseChangeBlastSlot,EKoratBlastSlotType::BlastSkill2
0171_00,Numeric,Life,40000
0171_00,Numeric,SPAutoRecoverySpeed,1750
0171_00,Numeric,SPAutoRecoverySpeedScaleUnderOneGauge,1.3
0171_00,Numeric,SPChargeSpeed,7
0171_00,Numeric,SPChargeSpeedUnderAutoRecoveryLimit,10.5
0171_00,Numeric,SparkingModeGaugeDecreaseSpeed,2800
0171_00,Numeric,BlastStock,4
0171_00,Numeric,AttackChargeSpeedsBySmashLevel[0],3
0171_00,Numeric,AttackChargeSpeedsBySmashLevel[1],5.4
0171_00,Numeric,AttackChargeSpeedsBySmashLevel[2],7.5
0171_00,Numeric,PursuitBaseLimit,3
0171_00,Numeric,PursuitLimitDragonHoming,0
0171_00,Numeric,PursuitLimitVanishingAttack,0
0171_00,Numeric,PursuitBaseLimitAddAtSparking,2
0171_00,Numeric,PursuitLimitDragonHomingAddAtSparking,0
0171_00,Numeric,PursuitLimitVanishingAttackAddAtSparking,0
0171_00,Numeric,PursuitLimitLightningAttackAddAtSparking,0
0171_00,Numeric,IdealPositionMidAirKick,80
0171_00,Numeric,ReactionSplitHighBorder,0.6
0171_00,Numeric,ReactionSplitMidBorder,0.4
0171_00,Numeric,ReactionSplitLowBorder,0.2
0171_00,Numeric,BulletNum,4
0171_00,Numeric,JumpBulletSetNum,1
0171_00,Numeric,DashBulletNum,3
0171_00,Numeric,RushBulletLimit,4
0171_00,Numeric,SmashBulletLimit,1
0171_00,Numeric,AttackBreakSkillGaugeGain,0.15
0171_00,Numeric,FastAvoidSkillGaugeGain,0.05
0171_00,Numeric,ThrowBreakSkillGaugeGain,0.1
0171_00,Numeric,BackAttackedSkillGaugeGain,0.03
0171_00,Numeric,LastOneHPSkillGaugeGain,1
0171_00,Numeric,ImpactStartSkillGaugeGain,1
0171_00,Numeric,RushOffsetSkillGaugeGain,0.05
0171_00,Numeric,CollisionOffsetSkillGaugeGain,0.5
0171_00,Numeric,DragonHomingChangeTrajectorySkillGaugeGain,0.1
0171_00,Numeric,BurstSmashGaugeGain,0.1
0171_00,Numeric,ExParam,20
0171_00,Steps,StepShortDash.AddToSpeedScale,60000
0171_00,Steps,StepShortDash.MaxAcceleration,50000
0171_00,Steps,StepShortDash.BrakingDeceleration,20000
0171_00,Steps,StepShortDash.ElapsedTimeToOT,0.033333
0171_00,Steps,StepShortDash.Duration,0.333333
0171_00,Steps,StepShortDash.CoolTime,0.05
0171_00,Steps,StepShortDash.bIsStopClearSpeed,true
0171_00,Steps,StepShortDash.StopBrakingDeceleration,10000000
0171_00,Steps,StepShortDash.SpCost,1250
0171_00,Steps,StepCancelShortDash.AddToSpeedScale,60000
0171_00,Steps,StepCancelShortDash.MaxAcceleration,50000
0171_00,Steps,StepCancelShortDash.BrakingDeceleration,20000
0171_00,Steps,StepCancelShortDash.ElapsedTimeToOT,0.033333
0171_00,Steps,StepCancelShortDash.Duration,0.333333
0171_00,Steps,StepCancelShortDash.CoolTime,0.416667
0171_00,Steps,StepCancelShortDash.bIsStopClearSpeed,true
0171_00,Steps,StepCancelShortDash.StopBrakingDeceleration,10000000
0171_00,Steps,StepCancelShortDash.SpCost,625
0171_00,DragonDash,SpCostIN,425
0171_00,DragonDash,SpCostLP,3332
0171_00,DragonDash,SpCostBK,4420
0171_00,DragonDash,HighSpeedSpCostLP,4410
0171_00,ZBurstDash,SpCostIN,8500
0171_00,ZBurstDash,SpCostLP,9350
0171_00,ZBurstDash,BurstSmashSpCostLP,2975
0171_00,DashUpDown,SpCostUpIN,850
0171_00,DashUpDown,SpCostUpLP,6664
0171_00,DashUpDown,SpCostDownIN,850
0171_00,DashUpDown,SpCostDownLP,6664
0171_00,DragonHoming,SpCostIN,212.5
0171_00,DragonHoming,SpCostLP,2975
0172_00,Character,DestroyedPower,6
0172_00,Character,AbilityFlag.SparkingArmor,false
0172_00,Character,AbilityFlag.AutoReflect,false
0172_00,Character,AbilityFlag.bCanHighSpeedMove,false
0172_00,Character,AbilityFlag.bCanSuperHighSpeedMove,false
0172_00,Character,ActionFlag.PowerPress,true
0172_00,Character,ActionFlag.TriAttack,true
0172_00,Character,ActionFlag.AirRush,true
0172_00,Character,ActionFlag.DeltaStorm,true
0172_00,Character,ChaseChangeBlastSlot,EKoratBlastSlotType::BlastSkill1
0172_00,Numeric,Life,40000
0172_00,Numeric,InitialSP,30000
0172_00,Numeric,SPAutoRecoverySpeed,1750
0172_00,Numeric,SPAutoRecoverySpeedScaleUnderOneGauge,1.3
0172_00,Numeric,SPChargeSpeed,7
0172_00,Numeric,SPChargeSpeedUnderAutoRecoveryLimit,10.5
0172_00,Numeric,SparkingModeGaugeDecreaseSpeed,2800
0172_00,Numeric,AttackChargeSpeedsBySmashLevel[0],3
0172_00,Numeric,AttackChargeSpeedsBySmashLevel[1],5.4
0172_00,Numeric,AttackChargeSpeedsBySmashLevel[2],7.5
0172_00,Numeric,PursuitBaseLimit,2
0172_00,Numeric,PursuitLimitDragonHoming,0
0172_00,Numeric,PursuitLimitVanishingAttack,0
0172_00,Numeric,PursuitBaseLimitAddAtSparking,3
0172_00,Numeric,PursuitLimitDragonHomingAddAtSparking,0
0172_00,Numeric,PursuitLimitVanishingAttackAddAtSparking,0
0172_00,Numeric,PursuitLimitLightningAttackAddAtSparking,0
0172_00,Numeric,IdealPositionMidAirKick,80
0172_00,Numeric,ReactionSplitHighBorder,0.6
0172_00,Numeric,ReactionSplitMidBorder,0.4
0172_00,Numeric,ReactionSplitLowBorder,0.2
0172_00,Numeric,BulletNum,6
0172_00,Numeric,JumpBulletNum,3
0172_00,Numeric,DashBulletNum,5
0172_00,Numeric,RushBulletLimit,6
0172_00,Numeric,SmashBulletLimit,1
0172_00,Numeric,RepelSkillGaugeGainRate,1.1
0172_00,Numeric,AttackBreakSkillGaugeGain,0.15
0172_00,Numeric,FastAvoidSkillGaugeGain,0.05
0172_00,Numeric,ThrowBreakSkillGaugeGain,0.1
0172_00,Numeric,BackAttackedSkillGaugeGain,0.03
0172_00,Numeric,LastOneHPSkillGaugeGain,1
0172_00,Numeric,ImpactStartSkillGaugeGain,1
0172_00,Numeric,RushOffsetSkillGaugeGain,0.05
0172_00,Numeric,CollisionOffsetSkillGaugeGain,0.5
0172_00,Numeric,DragonHomingChangeTrajectorySkillGaugeGain,0.1
0172_00,Numeric,BurstSmashGaugeGain,0.1
0172_00,Numeric,ExParam,16
0172_00,Steps,StepShortDash.AddToSpeedScale,60000
0172_00,Steps,StepShortDash.MaxAcceleration,60000
0172_00,Steps,StepShortDash.BrakingDeceleration,30000
0172_00,Steps,StepShortDash.ElapsedTimeToOT,0.033333
0172_00,Steps,StepShortDash.Duration,0.333333
0172_00,Steps,StepShortDash.CoolTime,0.05
0172_00,Steps,StepShortDash.bIsStopClearSpeed,true
0172_00,Steps,StepShortDash.StopBrakingDeceleration,10000000
0172_00,Steps,StepShortDash.SpCost,2650
0172_00,Steps,StepCancelShortDash.AddToSpeedScale,60000
0172_00,Steps,StepCancelShortDash.MaxAcceleration,60000
0172_00,Steps,StepCancelShortDash.BrakingDeceleration,30000
0172_00,Steps,StepCancelShortDash.ElapsedTimeToOT,0.033333
0172_00,Steps,StepCancelShortDash.Duration,0.333333
0172_00,Steps,StepCancelShortDash.CoolTime,0.416667
0172_00,Steps,StepCancelShortDash.bIsStopClearSpeed,true
0172_00,Steps,StepCancelShortDash.StopBrakingDeceleration,10000000
0172_00,Steps,StepCancelShortDash.SpCost,1325
0172_00,DragonDash,SpCostIN,500
0172_00,DragonDash,SpCostLP,3920
0172_00,DragonDash,SpCostBK,5200
0172_00,DragonDash,HighSpeedSpCostLP,4900
0172_00,ZBurstDash,SpCostIN,10000
0172_00,ZBurstDash,SpCostLP,11000
0172_00,ZBurstDash,BurstSmashSpCostLP,3500
0172_00,DashUpDown,SpCostUpIN,1000
0172_00,DashUpDown,SpCostUpLP,7840
0172_00,DashUpDown,SpCostDownIN,1000
0172_00,DashUpDown,SpCostDownLP,7840
0172_00,DragonHoming,SpCostIN,250
0172_00,DragonHoming,SpCostLP,3500
0172_10,Character,DestroyedPower,7
0172_10,Character,AbilityFlag.SparkingArmor,false
0172_10,Character,AbilityFlag.bCanHighSpeedMove,false
0172_10,Character,AbilityFlag.bCanSuperHighSpeedMove,false
0172_10,Character,ActionFlag.PowerPress,true
0172_10,Character,ActionFlag.TriAttack,true
0172_10,Character,ActionFlag.AirRush,true
0172_10,Character,ActionFlag.DeltaStorm,true
0172_10,Character,ChaseChangeBlastSlot,EKoratBlastSlotType::BlastSkill2
0172_10,Numeric,Life,40000
0172_10,Numeric,InitialSP,30000
0172_10,Numeric,SPAutoRecoverySpeed,1750
0172_10,Numeric,SPAutoRecoverySpeedScaleUnderOneGauge,1.3
0172_10,Numeric,SPChargeSpeed,7
0172_10,Numeric,SPChargeSpeedUnderAutoRecoveryLimit,10.5
0172_10,Numeric,SparkingModeGaugeDecreaseSpeed,2800
0172_10,Numeric,BlastStock,6
0172_10,Numeric,AttackChargeSpeedsBySmashLevel[0],3
0172_10,Numeric,AttackChargeSpeedsBySmashLevel[1],5.4
0172_10,Numeric,AttackChargeSpeedsBySmashLevel[2],7.5
0172_10,Numeric,PursuitBaseLimit,3
0172_10,Numeric,PursuitLimitDragonHoming,0
0172_10,Numeric,PursuitLimitVanishingAttack,0
0172_10,Numeric,PursuitBaseLimitAddAtSparking,2
0172_10,Numeric,PursuitLimitDragonHomingAddAtSparking,0
0172_10,Numeric,PursuitLimitVanishingAttackAddAtSparking,0
0172_10,Numeric,PursuitLimitLightningAttackAddAtSparking,0
0172_10,Numeric,IdealPositionMidAirKick,80
0172_10,Numeric,ReactionSplitHighBorder,0.6
0172_10,Numeric,ReactionSplitMidBorder,0.4
0172_10,Numeric,ReactionSplitLowBorder,0.2
0172_10,Numeric,BulletNum,8
0172_10,Numeric,JumpBulletNum,3
0172_10,Numeric,RushBulletLimit,8
0172_10,Numeric,SmashBulletLimit,1
0172_10,Numeric,RepelSkillGaugeGainRate,1.2
0172_10,Numeric,AttackBreakSkillGaugeGain,0.15
0172_10,Numeric,FastAvoidSkillGaugeGain,0.05
0172_10,Numeric,ThrowBreakSkillGaugeGain,0.1
0172_10,Numeric,BackAttackedSkillGaugeGain,0.03
0172_10,Numeric,LastOneHPSkillGaugeGain,1
0172_10,Numeric,ImpactStartSkillGaugeGain,1
0172_10,Numeric,RushOffsetSkillGaugeGain,0.05
0172_10,Numeric,CollisionOffsetSkillGaugeGain,0.5
0172_10,Numeric,DragonHomingChangeTrajectorySkillGaugeGain,0.1
0172_10,Numeric,BurstSmashGaugeGain,0.1
0172_10,Numeric,ExParam,16
0172_10,Steps,StepShortDash.AddToSpeedScale,60000
0172_10,Steps,StepShortDash.MaxAcceleration,60000
0172_10,Steps,StepShortDash.BrakingDeceleration,30000
0172_10,Steps,StepShortDash.ElapsedTimeToOT,0.033333
0172_10,Steps,StepShortDash.Duration,0.333333
0172_10,Steps,StepShortDash.CoolTime,0.05
0172_10,Steps,StepShortDash.bIsStopClearSpeed,true
0172_10,Steps,StepShortDash.StopBrakingDeceleration,10000000
0172_10,Steps,StepShortDash.SpCost,2650
0172_10,Steps,StepCancelShortDash.AddToSpeedScale,60000
0172_10,Steps,StepCancelShortDash.MaxAcceleration,60000
0172_10,Steps,StepCancelShortDash.BrakingDeceleration,30000
0172_10,Steps,StepCancelShortDash.ElapsedTimeToOT,0.033333
0172_10,Steps,StepCancelShortDash.Duration,0.333333
0172_10,Steps,StepCancelShortDash.CoolTime,0.416667
0172_10,Steps,StepCancelShortDash.bIsStopClearSpeed,true
0172_10,Steps,StepCancelShortDash.StopBrakingDeceleration,10000000
0172_10,Steps,StepCancelShortDash.SpCost,1325
0172_10,DragonDash,SpCostIN,500
0172_10,DragonDash,SpCostLP,3920
0172_10,DragonDash,SpCostBK,5200
0172_10,DragonDash,HighSpeedSpCostLP,4900
0172_10,ZBurstDash,SpCostIN,10000
0172_10,ZBurstDash,SpCostLP,11000
0172_10,ZBurstDash,BurstSmashSpCostLP,3500
0172_10,DashUpDown,SpCostUpIN,1000
0172_10,DashUpDown,SpCostUpLP,7840
0172_10,DashUpDown,SpCostDownIN,1000
0172_10,DashUpDown,SpCostDownLP,7840
0172_10,DragonHoming,SpCostIN,250
0172_10,DragonHoming,SpCostLP,3500
0172_11,Character,DestroyedPower,7
0172_11,Character,AbilityFlag.SparkingArmor,false
0172_11,Character,ActionFlag.CannonCombo,true
0172_11,Character,ActionFlag.PowerPress,true
0172_11,Character,ActionFlag.TriAttack,true
0172_11,Character,ActionFlag.AirRush,true
0172_11,Character,ActionFlag.DeltaStorm,true
0172_11,Character,ChaseChangeBlastSlot,EKoratBlastSlotType::BlastSkill2
0172_11,Numeric,Life,40000
0172_11,Numeric,InitialSP,30000
0172_11,Numeric,SPAutoRecoverySpeed,1750
0172_11,Numeric,SPAutoRecoverySpeedScaleUnderOneGauge,1.3
0172_11,Numeric,SPChargeSpeed,7
0172_11,Numeric,SPChargeSpeedUnderAutoRecoveryLimit,10.5
0172_11,Numeric,SparkingModeGaugeDecreaseSpeed,2800
0172_11,Numeric,BlastStock,6
0172_11,Numeric,AttackChargeSpeedsBySmashLevel[0],3
0172_11,Numeric,AttackChargeSpeedsBySmashLevel[1],5.4
0172_11,Numeric,AttackChargeSpeedsBySmashLevel[2],7.5
0172_11,Numeric,PursuitBaseLimit,3
0172_11,Numeric,PursuitLimitDragonHoming,0
0172_11,Numeric,PursuitLimitVanishingAttack,0
0172_11,Numeric,PursuitBaseLimitAddAtSparking,2
0172_11,Numeric,PursuitLimitDragonHomingAddAtSparking,0
0172_11,Numeric,PursuitLimitVanishingAttackAddAtSparking,0
0172_11,Numeric,PursuitLimitLightningAttackAddAtSparking,0
0172_11,Numeric,IdealPositionMidAirKick,80
0172_11,Numeric,ReactionSplitHighBorder,0.6
0172_11,Numeric,ReactionSplitMidBorder,0.4
0172_11,Numeric,ReactionSplitLowBorder,0.2
0172_11,Numeric,JumpBulletNum,7
0172_11,Numeric,JumpBulletSetNum,1
0172_11,Numeric,DashBulletNum,5
0172_11,Numeric,RushBulletLimit,10
0172_11,Numeric,SmashBulletLimit,1
0172_11,Numeric,RepelSkillGaugeGainRate,1.2
0172_11,Numeric,AttackBreakSkillGaugeGain,0.15
0172_11,Numeric,FastAvoidSkillGaugeGain,0.05
0172_11,Numeric,ThrowBreakSkillGaugeGain,0.1
0172_11,Numeric,BackAttackedSkillGaugeGain,0.03
0172_11,Numeric,LastOneHPSkillGaugeGain,1
0172_11,Numeric,ImpactStartSkillGaugeGain,1
0172_11,Numeric,RushOffsetSkillGaugeGain,0.05
0172_11,Numeric,CollisionOffsetSkillGaugeGain,0.5
0172_11,Numeric,DragonHomingChangeTrajectorySkillGaugeGain,0.1
0172_11,Numeric,BurstSmashGaugeGain,0.1
0172_11,Numeric,ExParam,16
0172_11,Steps,StepShortDash.AddToSpeedScale,60000
0172_11,Steps,StepShortDash.MaxAcceleration,60000
0172_11,Steps,StepShortDash.BrakingDeceleration,30000
0172_11,Steps,StepShortDash.ElapsedTimeToOT,0.033333
0172_11,Steps,StepShortDash.Duration,0.333333
0172_11,Steps,StepShortDash.CoolTime,0.05
0172_11,Steps,StepShortDash.bIsStopClearSpeed,true
0172_11,Steps,StepShortDash.StopBrakingDeceleration,10000000
0172_11,Steps,StepShortDash.SpCost,2650
0172_11,Steps,StepCancelShortDash.AddToSpeedScale,60000
0172_11,Steps,StepCancelShortDash.MaxAcceleration,60000
0172_11,Steps,StepCancelShortDash.BrakingDeceleration,30000
0172_11,Steps,StepCancelShortDash.ElapsedTimeToOT,0.033333
0172_11,Steps,StepCancelShortDash.Duration,0.333333
0172_11,Steps,StepCancelShortDash.CoolTime,0.416667
0172_11,Steps,StepCancelShortDash.bIsStopClearSpeed,true
0172_11,Steps,StepCancelShortDash.StopBrakingDeceleration,10000000
0172_11,Steps,StepCancelShortDash.SpCost,1325
0172_11,DragonDash,SpCostIN,500
0172_11,DragonDash,SpCostLP,3920
0172_11,DragonDash,SpCostBK,5200
0172_11,DragonDash,HighSpeedSpCostLP,4900
0172_11,ZBurstDash,SpCostIN,10000
0172_11,ZBurstDash,SpCostLP,11000
0172_11,ZBurstDash,BurstSmashSpCostLP,3500
0172_11,DashUpDown,SpCostUpIN,1000
0172_11,DashUpDown,SpCostUpLP,7840
0172_11,DashUpDown,SpCostDownIN,1000
0172_11,DashUpDown,SpCostDownLP,7840
0172_11,DragonHoming,SpCostIN,250
0172_11,DragonHoming,SpCostLP,3500
0173_00,Character,DestroyedPower,7
0173_00,Character,AbilityFlag.SparkingArmor,false
0173_00,Character,ActionFlag.DragonTornado,true
0173_00,Character,ActionFlag.CannonCombo,true
0173_00,Character,ActionFlag.PowerPress,true
0173_00,Character,ChaseChangeBlastSlot,EKoratBlastSlotType::BlastSkill2
0173_00,Numeric,Life,40000
0173_00,Numeric,InitialSP,30000
0173_00,Numeric,SPAutoRecoverySpeed,2000
0173_00,Numeric,SPAutoRecoverySpeedScaleUnderOneGauge,1.3
0173_00,Numeric,SPChargeSpeed,6
0173_00,Numeric,SPChargeSpeedUnderAutoRecoveryLimit,9
0173_00,Numeric,SparkingModeGaugeDecreaseSpeed,2800
0173_00,Numeric,AttackChargeSpeedsBySmashLevel[0],3
0173_00,Numeric,AttackChargeSpeedsBySmashLevel[1],5.4
0173_00,Numeric,AttackChargeSpeedsBySmashLevel[2],7.5
0173_00,Numeric,PursuitBaseLimit,4
0173_00,Numeric,PursuitLimitDragonHoming,0
0173_00,Numeric,PursuitLimitVanishingAttack,0
0173_00,Numeric,PursuitBaseLimitAddAtSparking,2
0173_00,Numeric,PursuitLimitDragonHomingAddAtSparking,0
0173_00,Numeric,PursuitLimitVanishingAttackAddAtSparking,0
0173_00,Numeric,PursuitLimitLightningAttackAddAtSparking,0
0173_00,Numeric,IdealPositionMidAirKick,68
0173_00,Numeric,ReactionSplitHighBorder,0.6
0173_00,Numeric,ReactionSplitMidBorder,0.4
0173_00,Numeric,ReactionSplitLowBorder,0.2
0173_00,Numeric,JumpBulletNum,3
0173_00,Numeric,RushBulletLimit,10
0173_00,Numeric,SmashBulletLimit,1
0173_00,Numeric,RepelSkillGaugeGainRate,1.1
0173_00,Numeric,AttackBreakSkillGaugeGain,0.15
0173_00,Numeric,FastAvoidSkillGaugeGain,0.05
0173_00,Numeric,ThrowBreakSkillGaugeGain,0.1
0173_00,Numeric,BackAttackedSkillGaugeGain,0.03
0173_00,Numeric,LastOneHPSkillGaugeGain,1
0173_00,Numeric,ImpactStartSkillGaugeGain,1
0173_00,Numeric,RushOffsetSkillGaugeGain,0.05
0173_00,Numeric,CollisionOffsetSkillGaugeGain,0.5
0173_00,Numeric,DragonHomingChangeTrajectorySkillGaugeGain,0.1
0173_00,Numeric,BurstSmashGaugeGain,0.1
0173_00,Numeric,ExParam,16
0173_00,Steps,StepShortDash.AddToSpeedScale,60000
0173_00,Steps,StepShortDash.MaxAcceleration,60000
0173_00,Steps,StepShortDash.BrakingDeceleration,30000
0173_00,Steps,StepShortDash.ElapsedTimeToOT,0.033333
0173_00,Steps,StepShortDash.Duration,0.333333
0173_00,Steps,StepShortDash.CoolTime,0.05
0173_00,Steps,StepShortDash.bIsStopClearSpeed,true
0173_00,Steps,StepShortDash.StopBrakingDeceleration,10000000
0173_00,Steps,StepShortDash.SpCost,2650
0173_00,Steps,StepCancelShortDash.AddToSpeedScale,60000
0173_00,Steps,StepCancelShortDash.MaxAcceleration,60000
0173_00,Steps,StepCancelShortDash.BrakingDeceleration,30000
0173_00,Steps,StepCancelShortDash.ElapsedTimeToOT,0.033333
0173_00,Steps,StepCancelShortDash.Duration,0.333333
0173_00,Steps,StepCancelShortDash.CoolTime,0.416667
0173_00,Steps,StepCancelShortDash.bIsStopClearSpeed,true
0173_00,Steps,StepCancelShortDash.StopBrakingDeceleration,10000000
0173_00,Steps,StepCancelShortDash.SpCost,1325
0173_00,DragonDash,SpCostIN,500
0173_00,DragonDash,SpCostLP,3920
0173_00,DragonDash,SpCostBK,5200
0173_00,DragonDash,HighSpeedSpCostLP,4900
0173_00,ZBurstDash,SpCostIN,10000
0173_00,ZBurstDash,SpCostLP,11000
0173_00,ZBurstDash,BurstSmashSpCostLP,3500
0173_00,DashUpDown,SpCostUpIN,1000
0173_00,DashUpDown,SpCostUpLP,7840
0173_00,DashUpDown,SpCostDownIN,1000
0173_00,DashUpDown,SpCostDownLP,7840
0173_00,DragonHoming,SpCostIN,250
0173_00,DragonHoming,SpCostLP,3500
0180_00,Character,DestroyedPower,1
0180_00,Character,AbilityFlag.SparkingArmor,false
0180_00,Character,AbilityFlag.AutoReflect,false
0180_00,Character,AbilityFlag.CannotShootReplaceAction,actHFN
0180_00,Character,AbilityFlag.NoMoveKidanFire,true
0180_00,Character,AbilityFlag.StoneKidan,true
0180_00,Character,AbilityFlag.bCannotPowerImpact,true
0180_00,Character,AbilityFlag.bCannotCrashImpact,true
0180_00,Character,AbilityFlag.bCanFly,false
0180_00,Character,AbilityFlag.bCanHighSpeedMove,false
0180_00,Character,AbilityFlag.bCanSuperHighSpeedMove,false
0180_00,Character,ActionFlag.RushHighSpeedMovement,true
0180_00,Character,ActionFlag.VanishingAttack,true
0180_00,Character,ActionFlag.LightningAttack,true
0180_00,Character,ActionFlag.BurstMeteor,true
0180_00,Character,ActionFlag.BurstSmash,true
0180_00,Character,ActionFlag.DragonTornado,true
0180_00,Character,ActionFlag.HeavyCrash,true
0180_00,Character,ActionFlag.DawnThrow,true
0180_00,Character,ActionFlag.CannonCombo,true
0180_00,Character,ActionFlag.PowerPress,true
0180_00,Character,ActionFlag.TriAttack,true
0180_00,Character,ActionFlag.AirRush,true
0180_00,Character,ActionFlag.DeltaStorm,true
0180_00,Character,ActionFlag.SparkingRush,true
0180_00,Character,ActionFlag.DashRising,true
0180_00,Character,ActionFlag.DashBlow,true
0180_00,Character,ActionFlag.SuperZCounter,true
0180_00,Character,ChaseChangeBlastSlot,EKoratBlastSlotType::BlastSkill1
0180_00,Numeric,Life,30000
0180_00,Numeric,DamageRate,1.17
0180_00,Numeric,InitialSP,50000
0180_00,Numeric,SPAutoRecoverySpeed,1750
0180_00,Numeric,SPAutoRecoverySpeedScaleUnderOneGauge,1.3
0180_00,Numeric,SPChargeSpeed,7
0180_00,Numeric,SPChargeSpeedUnderAutoRecoveryLimit,10.5
0180_00,Numeric,SparkingModeGaugeDecreaseSpeed,2800
0180_00,Numeric,StunReactionRecoverySpeedScale,1.3
0180_00,Numeric,StunReactionInputRecoverySpeedScale,1.3
0180_00,Numeric,LimitBoostRecoverySpeedScale,1.3
0180_00,Numeric,LimitBoostInputRecoverySpeedScale,1.3
0180_00,Numeric,BlastStock,4
0180_00,Numeric,InitialBlastStock,3
0180_00,Numeric,AttackChargeSpeedsBySmashLevel[0],3
0180_00,Numeric,AttackChargeSpeedsBySmashLevel[1],5.4
0180_00,Numeric,AttackChargeSpeedsBySmashLevel[2],7.5
0180_00,Numeric,PursuitLimitDragonHoming,0
0180_00,Numeric,PursuitLimitVanishingAttack,0
0180_00,Numeric,PursuitLimitLightningAttack,0
0180_00,Numeric,PursuitLimitDragonHomingAddAtSparking,0
0180_00,Numeric,PursuitLimitVanishingAttackAddAtSparking,0
0180_00,Numeric,PursuitLimitLightningAttackAddAtSparking,0
0180_00,Numeric,IdealPositionMidAirKick,86
0180_00,Numeric,ReactionSplitHighBorder,0.7
0180_00,Numeric,ReactionSplitMidBorder,0.35
0180_00,Numeric,ReactionSplitLowBorder,0.175
0180_00,Numeric,BulletNum,1
0180_00,Numeric,JumpBulletNum,1
0180_00,Numeric,JumpBulletSetNum,1
0180_00,Numeric,DashBulletNum,0
0180_00,Numeric,RushBulletLimit,1
0180_00,Numeric,SmashBulletLimit,1
0180_00,Numeric,RepelSkillGaugeGainRate,1.6
0180_00,Numeric,AttackBreakSkillGaugeGain,0.15
0180_00,Numeric,FastAvoidSkillGaugeGain,0.05
0180_00,Numeric,ThrowBreakSkillGaugeGain,0.1
0180_00,Numeric,BackAttackedSkillGaugeGain,0.03
0180_00,Numeric,LastOneHPSkillGaugeGain,1
0180_00,Numeric,ImpactStartSkillGaugeGain,1
0180_00,Numeric,RushOffsetSkillGaugeGain,0.05
0180_00,Numeric,CollisionOffsetSkillGaugeGain,0.5
0180_00,Numeric,DragonHomingChangeTrajectorySkillGaugeGain,0.1
0180_00,Numeric,BurstSmashGaugeGain,0.1
0180_00,Numeric,ExParam,5
0180_00,Steps,StepShortDash.AddToSpeedScale,60000
0180_00,Steps,StepShortDash.MaxAcceleration,60000
0180_00,Steps,StepShortDash.BrakingDeceleration,30000
0180_00,Steps,StepShortDash.ElapsedTimeToOT,0.033333
0180_00,Steps,StepShortDash.Duration,0.333333
0180_00,Steps,StepShortDash.CoolTime,0.05
0180_00,Steps,StepShortDash.bIsStopClearSpeed,true
0180_00,Steps,StepShortDash.StopBrakingDeceleration,10000000
0180_00,Steps,StepShortDash.SpCost,1590
0180_00,Steps,StepCancelShortDash.AddToSpeedScale,60000
0180_00,Steps,StepCancelShortDash.MaxAcceleration,60000
0180_00,Steps,StepCancelShortDash.BrakingDeceleration,30000
0180_00,Steps,StepCancelShortDash.ElapsedTimeToOT,0.033333
0180_00,Steps,StepCancelShortDash.Duration,0.333333
0180_00,Steps,StepCancelShortDash.CoolTime,0.416667
0180_00,Steps,StepCancelShortDash.bIsStopClearSpeed,true
0180_00,Steps,StepCancelShortDash.StopBrakingDeceleration,10000000
0180_00,Steps,StepCancelShortDash.SpCost,795
0180_00,DragonDash,SpCostIN,500
0180_00,DragonDash,SpCostLP,3920
0180_00,DragonDash,SpCostBK,5200
0180_00,DragonDash,HighSpeedSpCostLP,4900
0180_00,ZBurstDash,SpCostIN,10000
0180_00,ZBurstDash,SpCostLP,11000
0180_00,ZBurstDash,BurstSmashSpCostLP,3500
0180_00,DashUpDown,SpCostUpIN,1000
0180_00,DashUpDown,SpCostUpLP,7840
0180_00,DashUpDown,SpCostDownIN,1000
0180_00,DashUpDown,SpCostDownLP,7840
0180_00,DragonHoming,SpCostIN,250
0180_00,DragonHoming,SpCostLP,3500
0190_00,Character,DestroyedPower,2
0190_00,Character,AbilityFlag.SparkingArmor,false
0190_00,Character,AbilityFlag.AutoReflect,false
0190_00,Character,AbilityFlag.bCanSuperHighSpeedMove,false
0190_00,Character,ActionFlag.DragonTornado,true
0190_00,Character,ActionFlag.HeavyCrash,true
0190_00,Character,ActionFlag.DawnThrow,true
0190_00,Character,ActionFlag.CannonCombo,true
0190_00,Character,ActionFlag.PowerPress,true
0190_00,Character,ActionFlag.TriAttack,true
0190_00,Character,ActionFlag.SparkingRush,true
0190_00,Character,ChaseChangeBlastSlot,EKoratBlastSlotType::BlastSkill2
0190_00,Numeric,Life,30000
0190_00,Numeric,DamageRate,1.15
0190_00,Numeric,InitialSP,10000
0190_00,Numeric,SPAutoRecoverySpeed,1750
0190_00,Numeric,SPAutoRecoverySpeedScaleUnderOneGauge,1.3
0190_00,Numeric,SPChargeSpeed,7
0190_00,Numeric,SPChargeSpeedUnderAutoRecoveryLimit,10.5
0190_00,Numeric,SparkingModeGaugeDecreaseSpeed,2800
0190_00,Numeric,BlastStock,4
0190_00,Numeric,InitialBlastStock,2
0190_00,Numeric,AttackChargeSpeedsBySmashLevel[0],3
0190_00,Numeric,AttackChargeSpeedsBySmashLevel[1],5.4
0190_00,Numeric,AttackChargeSpeedsBySmashLevel[2],7.5
0190_00,Numeric,PursuitBaseLimit,1
0190_00,Numeric,PursuitLimitDragonHoming,0
0190_00,Numeric,PursuitLimitVanishingAttack,0
0190_00,Numeric,PursuitBaseLimitAddAtSparking,2
0190_00,Numeric,PursuitLimitDragonHomingAddAtSparking,0
0190_00,Numeric,PursuitLimitVanishingAttackAddAtSparking,0
0190_00,Numeric,PursuitLimitLightningAttackAddAtSparking,0
0190_00,Numeric,IdealPositionMidAirKick,60
0190_00,Numeric,ReactionSplitHighBorder,0.6
0190_00,Numeric,ReactionSplitMidBorder,0.4
0190_00,Numeric,ReactionSplitLowBorder,0.2
0190_00,Numeric,BulletNum,6
0190_00,Numeric,JumpBulletNum,3
0190_00,Numeric,DashBulletNum,5
0190_00,Numeric,RushBulletLimit,6
0190_00,Numeric,SmashBulletLimit,1
0190_00,Numeric,AttackBreakSkillGaugeGain,0.15
0190_00,Numeric,FastAvoidSkillGaugeGain,0.05
0190_00,Numeric,ThrowBreakSkillGaugeGain,0.1
0190_00,Numeric,BackAttackedSkillGaugeGain,0.03
0190_00,Numeric,LastOneHPSkillGaugeGain,1
0190_00,Numeric,ImpactStartSkillGaugeGain,1
0190_00,Numeric,RushOffsetSkillGaugeGain,0.05
0190_00,Numeric,CollisionOffsetSkillGaugeGain,0.5
0190_00,Numeric,DragonHomingChangeTrajectorySkillGaugeGain,0.1
0190_00,Numeric,BurstSmashGaugeGain,0.1
0190_00,Numeric,ExParam,4
0190_00,Steps,StepShortDash.AddToSpeedScale,60000
0190_00,Steps,StepShortDash.MaxAcceleration,60000
0190_00,Steps,StepShortDash.BrakingDeceleration,30000
0190_00,Steps,StepShortDash.ElapsedTimeToOT,0.033333
0190_00,Steps,StepShortDash.Duration,0.333333
0190_00,Steps,StepShortDash.CoolTime,0.05
0190_00,Steps,StepShortDash.bIsStopClearSpeed,true
0190_00,Steps,StepShortDash.StopBrakingDeceleration,10000000
0190_00,Steps,StepShortDash.SpCost,2650
0190_00,Steps,StepCancelShortDash.AddToSpeedScale,60000
0190_00,Steps,StepCancelShortDash.MaxAcceleration,60000
0190_00,Steps,StepCancelShortDash.BrakingDeceleration,30000
0190_00,Steps,StepCancelShortDash.ElapsedTimeToOT,0.033333
0190_00,Steps,StepCancelShortDash.Duration,0.333333
0190_00,Steps,StepCancelShortDash.CoolTime,0.416667
0190_00,Steps,StepCancelShortDash.bIsStopClearSpeed,true
0190_00,Steps,StepCancelShortDash.StopBrakingDeceleration,10000000
0190_00,Steps,StepCancelShortDash.SpCost,1325
0190_00,DragonDash,SpCostIN,500
0190_00,DragonDash,SpCostLP,3920
0190_00,DragonDash,SpCostBK,5200
0190_00,DragonDash,HighSpeedSpCostLP,4900
0190_00,ZBurstDash,SpCostIN,10000
0190_00,ZBurstDash,SpCostLP,11000
0190_00,ZBurstDash,BurstSmashSpCostLP,3500
0190_00,DashUpDown,SpCostUpIN,1000
0190_00,DashUpDown,SpCostUpLP,7840
0190_00,DashUpDown,SpCostDownIN,1000
0190_00,DashUpDown,SpCostDownLP,7840
0190_00,DragonHoming,SpCostIN,250
0190_00,DragonHoming,SpCostLP,3500
0210_00,Character,DestroyedPower,2
0210_00,Character,AbilityFlag.AutoReflect,false
0210_00,Character,AbilityFlag.CannotShootReplaceAction,actHFN
0210_00,Character,AbilityFlag.NoMoveKidanFire,true
0210_00,Character,AbilityFlag.StoneKidan,true
0210_00,Character,AbilityFlag.bCanFly,false
0210_00,Character,AbilityFlag.bCanHighSpeedMove,false
0210_00,Character,AbilityFlag.bCanSuperHighSpeedMove,false
0210_00,Character,ActionFlag.DragonTornado,true
0210_00,Character,ActionFlag.DawnThrow,true
0210_00,Character,ActionFlag.CannonCombo,true
0210_00,Character,ActionFlag.SpiralSlash,true
0210_00,Character,ActionFlag.PowerPress,true
0210_00,Character,ActionFlag.TriAttack,true
0210_00,Character,ActionFlag.AirRush,true
0210_00,Character,ActionFlag.DeltaStorm,true
0210_00,Character,ActionFlag.SparkingRush,true
0210_00,Character,ActionFlag.DashRising,true
0210_00,Character,ActionFlag.DashBlow,true
0210_00,Character,ChaseChangeBlastSlot,EKoratBlastSlotType::BlastSkill1
0210_00,Numeric,Life,35000
0210_00,Numeric,InitialSP,10000
0210_00,Numeric,SPAutoRecoverySpeed,1750
0210_00,Numeric,SPAutoRecoverySpeedScaleUnderOneGauge,1.3
0210_00,Numeric,SPChargeSpeed,7
0210_00,Numeric,SPChargeSpeedUnderAutoRecoveryLimit,10.5
0210_00,Numeric,SparkingModeGaugeDecreaseSpeed,2800
0210_00,Numeric,BlastStock,6
0210_00,Numeric,AttackChargeSpeedsBySmashLevel[0],3
0210_00,Numeric,AttackChargeSpeedsBySmashLevel[1],5.4
0210_00,Numeric,AttackChargeSpeedsBySmashLevel[2],7.5
0210_00,Numeric,PursuitBaseLimit,1
0210_00,Numeric,PursuitLimitDragonHoming,0
0210_00,Numeric,PursuitLimitVanishingAttack,0
0210_00,Numeric,PursuitBaseLimitAddAtSparking,2
0210_00,Numeric,PursuitLimitDragonHomingAddAtSparking,0
0210_00,Numeric,PursuitLimitVanishingAttackAddAtSparking,0
0210_00,Numeric,PursuitLimitLightningAttackAddAtSparking,0
0210_00,Numeric,IdealPositionMidAirKick,56
0210_00,Numeric,ReactionSplitHighBorder,0.7
0210_00,Numeric,ReactionSplitMidBorder,0.35
0210_00,Numeric,ReactionSplitLowBorder,0.175
0210_00,Numeric,BulletNum,1
0210_00,Numeric,JumpBulletNum,1
0210_00,Numeric,JumpBulletSetNum,1
0210_00,Numeric,DashBulletNum,0
0210_00,Numeric,RushBulletLimit,1
0210_00,Numeric,SmashBulletLimit,1
0210_00,Numeric,RepelSkillGaugeGainRate,1.1
0210_00,Numeric,AttackBreakSkillGaugeGain,0.15
0210_00,Numeric,FastAvoidSkillGaugeGain,0.05
0210_00,Numeric,ThrowBreakSkillGaugeGain,0.1
0210_00,Numeric,BackAttackedSkillGaugeGain,0.03
0210_00,Numeric,LastOneHPSkillGaugeGain,1
0210_00,Numeric,ImpactStartSkillGaugeGain,1
0210_00,Numeric,RushOffsetSkillGaugeGain,0.05
0210_00,Numeric,CollisionOffsetSkillGaugeGain,0.5
0210_00,Numeric,DragonHomingChangeTrajectorySkillGaugeGain,0.1
0210_00,Numeric,BurstSmashGaugeGain,0.1
0210_00,Numeric,ExParam,5
0210_00,Steps,StepShortDash.AddToSpeedScale,60000
0210_00,Steps,StepShortDash.MaxAcceleration,60000
0210_00,Steps,StepShortDash.BrakingDeceleration,30000
0210_00,Steps,StepShortDash.ElapsedTimeToOT,0.033333
0210_00,Steps,StepShortDash.Duration,0.333333
0210_00,Steps,StepShortDash.CoolTime,0.05
0210_00,Steps,StepShortDash.bIsStopClearSpeed,true
0210_00,Steps,StepShortDash.StopBrakingDeceleration,10000000
0210_00,Steps,StepShortDash.SpCost,1590
0210_00,Steps,StepCancelShortDash.AddToSpeedScale,60000
0210_00,Steps,StepCancelShortDash.MaxAcceleration,60000
0210_00,Steps,StepCancelShortDash.BrakingDeceleration,30000
0210_00,Steps,StepCancelShortDash.ElapsedTimeToOT,0.033333
0210_00,Steps,StepCancelShortDash.Duration,0.333333
0210_00,Steps,StepCancelShortDash.CoolTime,0.416667
0210_00,Steps,StepCancelShortDash.bIsStopClearSpeed,true
0210_00,Steps,StepCancelShortDash.StopBrakingDeceleration,10000000
0210_00,Steps,StepCancelShortDash.SpCost,795
0210_00,DragonDash,SpCostIN,500
0210_00,DragonDash,SpCostLP,3920
0210_00,DragonDash,SpCostBK,5200
0210_00,DragonDash,HighSpeedSpCostLP,4900
0210_00,ZBurstDash,SpCostIN,10000
0210_00,ZBurstDash,SpCostLP,11000
0210_00,ZBurstDash,BurstSmashSpCostLP,3500
0210_00,DashUpDown,SpCostUpIN,1000
0210_00,DashUpDown,SpCostUpLP,7840
0210_00,DashUpDown,SpCostDownIN,1000
0210_00,DashUpDown,SpCostDownLP,7840
0210_00,DragonHoming,SpCostIN,250
0210_00,DragonHoming,SpCostLP,3500
0220_00,Character,DestroyedPower,6
0220_00,Character,AbilityFlag.SparkingArmor,false
0220_00,Character,AbilityFlag.AutoReflect,false
0220_00,Character,ActionFlag.HeavyCrash,true
0220_00,Character,ActionFlag.PowerPress,true
0220_00,Character,ActionFlag.TriAttack,true
0220_00,Character,ChaseChangeBlastSlot,EKoratBlastSlotType::BlastSkill1
0220_00,Numeric,Life,40000
0220_00,Numeric,SPAutoRecoverySpeed,1750
0220_00,Numeric,SPAutoRecoverySpeedScaleUnderOneGauge,1.3
0220_00,Numeric,SPChargeSpeed,7
0220_00,Numeric,SPChargeSpeedUnderAutoRecoveryLimit,10.5
0220_00,Numeric,SparkingModeGaugeDecreaseSpeed,2800
0220_00,Numeric,AttackChargeSpeedsBySmashLevel[0],3
0220_00,Numeric,AttackChargeSpeedsBySmashLevel[1],5.4
0220_00,Numeric,AttackChargeSpeedsBySmashLevel[2],7.5
0220_00,Numeric,PursuitBaseLimit,2
0220_00,Numeric,PursuitLimitDragonHoming,0
0220_00,Numeric,PursuitLimitVanishingAttack,0
0220_00,Numeric,PursuitBaseLimitAddAtSparking,3
0220_00,Numeric,PursuitLimitDragonHomingAddAtSparking,0
0220_00,Numeric,PursuitLimitVanishingAttackAddAtSparking,0
0220_00,Numeric,PursuitLimitLightningAttackAddAtSparking,0
0220_00,Numeric,IdealPositionMidAirKick,78
0220_00,Numeric,ReactionSplitHighBorder,0.7
0220_00,Numeric,ReactionSplitMidBorder,0.35
0220_00,Numeric,ReactionSplitLowBorder,0.175
0220_00,Numeric,BulletNum,6
0220_00,Numeric,JumpBulletNum,3
0220_00,Numeric,RushBulletLimit,6
0220_00,Numeric,SmashBulletLimit,1
0220_00,Numeric,RepelSkillGaugeGainRate,1.1
0220_00,Numeric,AttackBreakSkillGaugeGain,0.15
0220_00,Numeric,FastAvoidSkillGaugeGain,0.05
0220_00,Numeric,ThrowBreakSkillGaugeGain,0.1
0220_00,Numeric,BackAttackedSkillGaugeGain,0.03
0220_00,Numeric,LastOneHPSkillGaugeGain,1
0220_00,Numeric,ImpactStartSkillGaugeGain,1
0220_00,Numeric,RushOffsetSkillGaugeGain,0.05
0220_00,Numeric,CollisionOffsetSkillGaugeGain,0.5
0220_00,Numeric,DragonHomingChangeTrajectorySkillGaugeGain,0.1
0220_00,Numeric,BurstSmashGaugeGain,0.1
0220_00,Numeric,ExParam,4
0220_00,Steps,StepShortDash.AddToSpeedScale,60000
0220_00,Steps,StepShortDash.MaxAcceleration,60000
0220_00,Steps,StepShortDash.BrakingDeceleration,30000
0220_00,Steps,StepShortDash.ElapsedTimeToOT,0.033333
0220_00,Steps,StepShortDash.Duration,0.333333
0220_00,Steps,StepShortDash.CoolTime,0.05
0220_00,Steps,StepShortDash.bIsStopClearSpeed,true
0220_00,Steps,StepShortDash.StopBrakingDeceleration,10000000
0220_00,Steps,StepShortDash.SpCost,2650
0220_00,Steps,StepCancelShortDash.AddToSpeedScale,60000
0220_00,Steps,StepCancelShortDash.MaxAcceleration,60000
0220_00,Steps,StepCancelShortDash.BrakingDeceleration,30000
0220_00,Steps,StepCancelShortDash.ElapsedTimeToOT,0.033333
0220_00,Steps,StepCancelShortDash.Duration,0.333333
0220_00,Steps,StepCancelShortDash.CoolTime,0.416667
0220_00,Steps,StepCancelShortDash.bIsStopClearSpeed,true
0220_00,Steps,StepCancelShortDash.StopBrakingDeceleration,10000000
0220_00,Steps,StepCancelShortDash.SpCost,1325
0220_00,DragonDash,SpCostIN,500
0220_00,DragonDash,SpCostLP,3920
0220_00,DragonDash,SpCostBK,5200
0220_00,DragonDash,HighSpeedSpCostLP,4900
0220_00,ZBurstDash,SpCostIN,10000
0220_00,ZBurstDash,SpCostLP,11000
0220_00,ZBurstDash,BurstSmashSpCostLP,3500
0220_00,DashUpDown,SpCostUpIN,1000
0220_00,DashUpDown,SpCostUpLP,7840
0220_00,DashUpDown,SpCostDownIN,1000
0220_00,DashUpDown,SpCostDownLP,7840
0220_00,DragonHoming,SpCostIN,250
0220_00,DragonHoming,SpCostLP,3500
0230_00,Character,DestroyedPower,3
0230_00,Character,AbilityFlag.SparkingArmor,false
0230_00,Character,AbilityFlag.AutoReflect,false
0230_00,Character,ActionFlag.DragonTornado,true
0230_00,Character,ActionFlag.HeavyCrash,true
0230_00,Character,ActionFlag.DawnThrow,true
0230_00,Character,ActionFlag.CannonCombo,true
0230_00,Character,ActionFlag.PowerPress,true
0230_00,Character,ActionFlag.TriAttack,true
0230_00,Character,ChaseChangeBlastSlot,EKoratBlastSlotType::BlastSkill1
0230_00,Numeric,Life,35000
0230_00,Numeric,DamageRate,1.12
0230_00,Numeric,InitialSP,30000
0230_00,Numeric,SPAutoRecoverySpeed,1750
0230_00,Numeric,SPAutoRecoverySpeedScaleUnderOneGauge,1.3
0230_00,Numeric,SPChargeSpeed,7
0230_00,Numeric,SPChargeSpeedUnderAutoRecoveryLimit,10.5
0230_00,Numeric,SparkingModeGaugeDecreaseSpeed,2800
0230_00,Numeric,BlastStock,4
0230_00,Numeric,InitialBlastStock,2
0230_00,Numeric,AttackChargeSpeedsBySmashLevel[0],3
0230_00,Numeric,AttackChargeSpeedsBySmashLevel[1],5.4
0230_00,Numeric,AttackChargeSpeedsBySmashLevel[2],7.5
0230_00,Numeric,PursuitBaseLimit,1
0230_00,Numeric,PursuitLimitDragonHoming,0
0230_00,Numeric,PursuitLimitVanishingAttack,0
0230_00,Numeric,PursuitBaseLimitAddAtSparking,2
0230_00,Numeric,PursuitLimitDragonHomingAddAtSparking,0
0230_00,Numeric,PursuitLimitVanishingAttackAddAtSparking,0
0230_00,Numeric,PursuitLimitLightningAttackAddAtSparking,0
0230_00,Numeric,IdealPositionMidAirKick,60
0230_00,Numeric,ReactionSplitHighBorder,0.6
0230_00,Numeric,ReactionSplitMidBorder,0.4
0230_00,Numeric,ReactionSplitLowBorder,0.2
0230_00,Numeric,BulletNum,5
0230_00,Numeric,JumpBulletNum,5
0230_00,Numeric,JumpBulletSetNum,1
0230_00,Numeric,RushBulletLimit,5
0230_00,Numeric,SmashBulletLimit,1
0230_00,Numeric,AttackBreakSkillGaugeGain,0.15
0230_00,Numeric,FastAvoidSkillGaugeGain,0.05
0230_00,Numeric,ThrowBreakSkillGaugeGain,0.1
0230_00,Numeric,BackAttackedSkillGaugeGain,0.03
0230_00,Numeric,LastOneHPSkillGaugeGain,1
0230_00,Numeric,ImpactStartSkillGaugeGain,1
0230_00,Numeric,RushOffsetSkillGaugeGain,0.05
0230_00,Numeric,CollisionOffsetSkillGaugeGain,0.5
0230_00,Numeric,DragonHomingChangeTrajectorySkillGaugeGain,0.1
0230_00,Numeric,BurstSmashGaugeGain,0.1
0230_00,Numeric,ExParam,2
0230_00,Steps,StepShortDash.AddToSpeedScale,60000
0230_00,Steps,StepShortDash.MaxAcceleration,60000
0230_00,Steps,StepShortDash.BrakingDeceleration,30000
0230_00,Steps,StepShortDash.ElapsedTimeToOT,0.033333
0230_00,Steps,StepShortDash.Duration,0.333333
0230_00,Steps,StepShortDash.CoolTime,0.05
0230_00,Steps,StepShortDash.bIsStopClearSpeed,true
0230_00,Steps,StepShortDash.StopBrakingDeceleration,10000000
0230_00,Steps,StepShortDash.SpCost,2650
0230_00,Steps,StepCancelShortDash.AddToSpeedScale,60000
0230_00,Steps,StepCancelShortDash.MaxAcceleration,60000
0230_00,Steps,StepCancelShortDash.BrakingDeceleration,30000
0230_00,Steps,StepCancelShortDash.ElapsedTimeToOT,0.033333
0230_00,Steps,StepCancelShortDash.Duration,0.333333
0230_00,Steps,StepCancelShortDash.CoolTime,0.416667
0230_00,Steps,StepCancelShortDash.bIsStopClearSpeed,true
0230_00,Steps,StepCancelShortDash.StopBrakingDeceleration,10000000
0230_00,Steps,StepCancelShortDash.SpCost,1325
0230_00,DragonDash,SpCostIN,500
0230_00,DragonDash,SpCostLP,3920
0230_00,DragonDash,SpCostBK,5200
0230_00,DragonDash,HighSpeedSpCostLP,4900
0230_00,ZBurstDash,SpCostIN,10000
0230_00,ZBurstDash,SpCostLP,11000
0230_00,ZBurstDash,BurstSmashSpCostLP,3500
0230_00,DashUpDown,SpCostUpIN,1000
0230_00,DashUpDown,SpCostUpLP,7840
0230_00,DashUpDown,SpCostDownIN,1000
0230_00,DashUpDown,SpCostDownLP,7840
0230_00,DragonHoming,SpCostIN,250
0230_00,DragonHoming,SpCostLP,3500
0240_00,Character,DestroyedPower,4
0240_00,Character,AbilityFlag.SparkingArmor,false
0240_00,Character,AbilityFlag.AutoReflect,false
0240_00,Character,AbilityFlag.bCanHighSpeedMove,false
0240_00,Character,AbilityFlag.bCanSuperHighSpeedMove,false
0240_00,Character,ActionFlag.DragonTornado,true
0240_00,Character,ActionFlag.DawnThrow,true
0240_00,Character,ActionFlag.PowerPress,true
0240_00,Character,ActionFlag.TriAttack,true
0240_00,Character,ActionFlag.DeltaStorm,true
0240_00,Character,ChaseChangeBlastSlot,EKoratBlastSlotType::BlastSkill1
0240_00,Numeric,Life,40000
0240_00,Numeric,SPAutoRecoverySpeed,1750
0240_00,Numeric,SPAutoRecoverySpeedScaleUnderOneGauge,1.3
0240_00,Numeric,SPChargeSpeed,7
0240_00,Numeric,SPChargeSpeedUnderAutoRecoveryLimit,10.5
0240_00,Numeric,SparkingModeGaugeDecreaseSpeed,2800
0240_00,Numeric,BlastStock,4
0240_00,Numeric,AttackChargeSpeedsBySmashLevel[0],3
0240_00,Numeric,AttackChargeSpeedsBySmashLevel[1],5.4
0240_00,Numeric,AttackChargeSpeedsBySmashLevel[2],7.5
0240_00,Numeric,PursuitBaseLimit,1
0240_00,Numeric,PursuitLimitDragonHoming,0
0240_00,Numeric,PursuitLimitVanishingAttack,0
0240_00,Numeric,PursuitBaseLimitAddAtSparking,4
0240_00,Numeric,PursuitLimitDragonHomingAddAtSparking,0
0240_00,Numeric,PursuitLimitVanishingAttackAddAtSparking,0
0240_00,Numeric,PursuitLimitLightningAttackAddAtSparking,0
0240_00,Numeric,IdealPositionMidAirKick,60
0240_00,Numeric,ReactionSplitHighBorder,0.7
0240_00,Numeric,ReactionSplitMidBorder,0.35
0240_00,Numeric,ReactionSplitLowBorder,0.175
0240_00,Numeric,BulletNum,5
0240_00,Numeric,JumpBulletNum,5
0240_00,Numeric,JumpBulletSetNum,1
0240_00,Numeric,RushBulletLimit,5
0240_00,Numeric,SmashBulletLimit,1
0240_00,Numeric,AttackBreakSkillGaugeGain,0.15
0240_00,Numeric,FastAvoidSkillGaugeGain,0.05
0240_00,Numeric,ThrowBreakSkillGaugeGain,0.1
0240_00,Numeric,BackAttackedSkillGaugeGain,0.03
0240_00,Numeric,LastOneHPSkillGaugeGain,1
0240_00,Numeric,ImpactStartSkillGaugeGain,1
0240_00,Numeric,RushOffsetSkillGaugeGain,0.05
0240_00,Numeric,CollisionOffsetSkillGaugeGain,0.5
0240_00,Numeric,DragonHomingChangeTrajectorySkillGaugeGain,0.1
0240_00,Numeric,BurstSmashGaugeGain,0.1
0240_00,Steps,StepShortDash.AddToSpeedScale,60000
0240_00,Steps,StepShortDash.MaxAcceleration,60000
0240_00,Steps,StepShortDash.BrakingDeceleration,30000
0240_00,Steps,StepShortDash.ElapsedTimeToOT,0.033333
0240_00,Steps,StepShortDash.Duration,0.333333
0240_00,Steps,StepShortDash.CoolTime,0.05
0240_00,Steps,StepShortDash.bIsStopClearSpeed,true
0240_00,Steps,StepShortDash.StopBrakingDeceleration,10000000
0240_00,Steps,StepShortDash.SpCost,2650
0240_00,Steps,StepCancelShortDash.AddToSpeedScale,60000
0240_00,Steps,StepCancelShortDash.MaxAcceleration,60000
0240_00,Steps,StepCancelShortDash.BrakingDeceleration,30000
0240_00,Steps,StepCancelShortDash.ElapsedTimeToOT,0.033333
0240_00,Steps,StepCancelShortDash.Duration,0.333333
0240_00,Steps,StepCancelShortDash.CoolTime,0.416667
0240_00,Steps,StepCancelShortDash.bIsStopClearSpeed,true
0240_00,Steps,StepCancelShortDash.StopBrakingDeceleration,10000000
0240_00,Steps,StepCancelShortDash.SpCost,1325
0240_00,DragonDash,SpCostIN,500
0240_00,DragonDash,SpCostLP,3920
0240_00,DragonDash,SpCostBK,5200
0240_00,DragonDash,HighSpeedSpCostLP,4900
0240_00,ZBurstDash,SpCostIN,10000
0240_00,ZBurstDash,SpCostLP,11000
0240_00,ZBurstDash,BurstSmashSpCostLP,3500
0240_00,DashUpDown,SpCostUpIN,1000
0240_00,DashUpDown,SpCostUpLP,7840
0240_00,DashUpDown,SpCostDownIN,1000
0240_00,DashUpDown,SpCostDownLP,7840
0240_00,DragonHoming,SpCostIN,250
0240_00,DragonHoming,SpCostLP,3500
0240_01,Character,DestroyedPower,6
0240_01,Character,AbilityFlag.SparkingArmor,false
0240_01,Character,AbilityFlag.AutoReflect,false
0240_01,Character,ActionFlag.DragonTornado,true
0240_01,Character,ActionFlag.PowerPress,true
0240_01,Character,ActionFlag.TriAttack,true
0240_01,Character,ActionFlag.DeltaStorm,true
0240_01,Character,ChaseChangeBlastSlot,EKoratBlastSlotType::BlastSkill1
0240_01,Numeric,Life,40000
0240_01,Numeric,InitialSP,30000
0240_01,Numeric,SPAutoRecoverySpeed,1750
0240_01,Numeric,SPAutoRecoverySpeedScaleUnderOneGauge,1.3
0240_01,Numeric,SPChargeSpeed,7
0240_01,Numeric,SPChargeSpeedUnderAutoRecoveryLimit,10.5
0240_01,Numeric,SparkingModeGaugeDecreaseSpeed,2800
0240_01,Numeric,AttackChargeSpeedsBySmashLevel[0],3
0240_01,Numeric,AttackChargeSpeedsBySmashLevel[1],5.4
0240_01,Numeric,AttackChargeSpeedsBySmashLevel[2],7.5
0240_01,Numeric,PursuitBaseLimit,2
0240_01,Numeric,PursuitLimitDragonHoming,0
0240_01,Numeric,PursuitLimitVanishingAttack,0
0240_01,Numeric,PursuitBaseLimitAddAtSparking,3
0240_01,Numeric,PursuitLimitDragonHomingAddAtSparking,0
0240_01,Numeric,PursuitLimitVanishingAttackAddAtSparking,0
0240_01,Numeric,PursuitLimitLightningAttackAddAtSparking,0
0240_01,Numeric,IdealPositionMidAirKick,60
0240_01,Numeric,ReactionSplitHighBorder,0.7
0240_01,Numeric,ReactionSplitMidBorder,0.35
0240_01,Numeric,ReactionSplitLowBorder,0.175
0240_01,Numeric,BulletNum,7
0240_01,Numeric,JumpBulletNum,7
0240_01,Numeric,JumpBulletSetNum,1
0240_01,Numeric,RushBulletLimit,7
0240_01,Numeric,SmashBulletLimit,1
0240_01,Numeric,RepelSkillGaugeGainRate,1.1
0240_01,Numeric,AttackBreakSkillGaugeGain,0.15
0240_01,Numeric,FastAvoidSkillGaugeGain,0.05
0240_01,Numeric,ThrowBreakSkillGaugeGain,0.1
0240_01,Numeric,BackAttackedSkillGaugeGain,0.03
0240_01,Numeric,LastOneHPSkillGaugeGain,1
0240_01,Numeric,ImpactStartSkillGaugeGain,1
0240_01,Numeric,RushOffsetSkillGaugeGain,0.05
0240_01,Numeric,CollisionOffsetSkillGaugeGain,0.5
0240_01,Numeric,DragonHomingChangeTrajectorySkillGaugeGain,0.1
0240_01,Numeric,BurstSmashGaugeGain,0.1
0240_01,Numeric,ExParam,1
0240_01,Steps,StepShortDash.AddToSpeedScale,60000
0240_01,Steps,StepShortDash.MaxAcceleration,60000
0240_01,Steps,StepShortDash.BrakingDeceleration,30000
0240_01,Steps,StepShortDash.ElapsedTimeToOT,0.033333
0240_01,Steps,StepShortDash.Duration,0.333333
0240_01,Steps,StepShortDash.CoolTime,0.05
0240_01,Steps,StepShortDash.bIsStopClearSpeed,true
0240_01,Steps,StepShortDash.StopBrakingDeceleration,10000000
0240_01,Steps,StepShortDash.SpCost,2650
0240_01,Steps,StepCancelShortDash.AddToSpeedScale,60000
0240_01,Steps,StepCancelShortDash.MaxAcceleration,60000
0240_01,Steps,StepCancelShortDash.BrakingDeceleration,30000
0240_01,Steps,StepCancelShortDash.ElapsedTimeToOT,0.033333
0240_01,Steps,StepCancelShortDash.Duration,0.333333
0240_01,Steps,StepCancelShortDash.CoolTime,0.416667
0240_01,Steps,StepCancelShortDash.bIsStopClearSpeed,true
0240_01,Steps,StepCancelShortDash.StopBrakingDeceleration,10000000
0240_01,Steps,StepCancelShortDash.SpCost,1325
0240_01,DragonDash,SpCostIN,500
0240_01,DragonDash,SpCostLP,3920
0240_01,DragonDash,SpCostBK,5200
0240_01,DragonDash,HighSpeedSpCostLP,4900
0240_01,ZBurstDash,SpCostIN,10000
0240_01,ZBurstDash,SpCostLP,11000
0240_01,ZBurstDash,BurstSmashSpCostLP,3500
0240_01,DashUpDown,SpCostUpIN,1000
0240_01,DashUpDown,SpCostUpLP,7840
0240_01,DashUpDown,SpCostDownIN,1000
0240_01,DashUpDown,SpCostDownLP,7840
0240_01,DragonHoming,SpCostIN,250
0240_01,DragonHoming,SpCostLP,3500
0260_00,Character,DestroyedPower,2
0260_00,Character,AbilityFlag.SparkingArmor,false
0260_00,Character,AbilityFlag.AutoReflect,false
0260_00,Character,AbilityFlag.bCanFly,false
0260_00,Character,AbilityFlag.bCanHighSpeedMove,false
0260_00,Character,AbilityFlag.bCanSuperHighSpeedMove,false
0260_00,Character,ActionFlag.DragonTornado,true
0260_00,Character,ActionFlag.HeavyCrash,true
0260_00,Character,ActionFlag.DawnThrow,true
0260_00,Character,ActionFlag.CannonCombo,true
0260_00,Character,ActionFlag.PowerPress,true
0260_00,Character,ChaseChangeBlastSlot,EKoratBlastSlotType::BlastSkill1
0260_00,Numeric,Life,30000
0260_00,Numeric,InitialSP,30000
0260_00,Numeric,SPAutoRecoverySpeed,1750
0260_00,Numeric,SPAutoRecoverySpeedScaleUnderOneGauge,1.3
0260_00,Numeric,SPChargeSpeed,7
0260_00,Numeric,SPChargeSpeedUnderAutoRecoveryLimit,10.5
0260_00,Numeric,SparkingModeGaugeDecreaseSpeed,2800
0260_00,Numeric,BlastStock,4
0260_00,Numeric,InitialBlastStock,2
0260_00,Numeric,AttackChargeSpeedsBySmashLevel[0],3
0260_00,Numeric,AttackChargeSpeedsBySmashLevel[1],5.4
0260_00,Numeric,AttackChargeSpeedsBySmashLevel[2],7.5
0260_00,Numeric,PursuitBaseLimit,1
0260_00,Numeric,PursuitLimitDragonHoming,0
0260_00,Numeric,PursuitLimitVanishingAttack,0
0260_00,Numeric,PursuitBaseLimitAddAtSparking,2
0260_00,Numeric,PursuitLimitDragonHomingAddAtSparking,0
0260_00,Numeric,PursuitLimitVanishingAttackAddAtSparking,0
0260_00,Numeric,PursuitLimitLightningAttackAddAtSparking,0
0260_00,Numeric,IdealPositionMidAirKick,60
0260_00,Numeric,ReactionSplitHighBorder,0.7
0260_00,Numeric,ReactionSplitMidBorder,0.35
0260_00,Numeric,ReactionSplitLowBorder,0.175
0260_00,Numeric,BulletNum,3
0260_00,Numeric,JumpBulletNum,3
0260_00,Numeric,JumpBulletSetNum,1
0260_00,Numeric,DashBulletNum,2
0260_00,Numeric,RushBulletLimit,3
0260_00,Numeric,SmashBulletLimit,1
0260_00,Numeric,RepelSkillGaugeGainRate,1.6
0260_00,Numeric,AttackBreakSkillGaugeGain,0.15
0260_00,Numeric,FastAvoidSkillGaugeGain,0.05
0260_00,Numeric,ThrowBreakSkillGaugeGain,0.1
0260_00,Numeric,BackAttackedSkillGaugeGain,0.03
0260_00,Numeric,LastOneHPSkillGaugeGain,1
0260_00,Numeric,ImpactStartSkillGaugeGain,1
0260_00,Numeric,RushOffsetSkillGaugeGain,0.05
0260_00,Numeric,CollisionOffsetSkillGaugeGain,0.5
0260_00,Numeric,DragonHomingChangeTrajectorySkillGaugeGain,0.1
0260_00,Numeric,BurstSmashGaugeGain,0.1
0260_00,Numeric,ExParam,3
0260_00,Steps,StepShortDash.AddToSpeedScale,60000
0260_00,Steps,StepShortDash.MaxAcceleration,60000
0260_00,Steps,StepShortDash.BrakingDeceleration,30000
0260_00,Steps,StepShortDash.ElapsedTimeToOT,0.033333
0260_00,Steps,StepShortDash.Duration,0.333333
0260_00,Steps,StepShortDash.CoolTime,0.05
0260_00,Steps,StepShortDash.bIsStopClearSpeed,true
0260_00,Steps,StepShortDash.StopBrakingDeceleration,10000000
0260_00,Steps,StepShortDash.SpCost,2650
0260_00,Steps,StepCancelShortDash.AddToSpeedScale,60000
0260_00,Steps,StepCancelShortDash.MaxAcceleration,60000
0260_00,Steps,StepCancelShortDash.BrakingDeceleration,30000
0260_00,Steps,StepCancelShortDash.ElapsedTimeToOT,0.033333
0260_00,Steps,StepCancelShortDash.Duration,0.333333
0260_00,Steps,StepCancelShortDash.CoolTime,0.416667
0260_00,Steps,StepCancelShortDash.bIsStopClearSpeed,true
0260_00,Steps,StepCancelShortDash.StopBrakingDeceleration,10000000
0260_00,Steps,StepCancelShortDash.SpCost,1325
0260_00,DragonDash,SpCostIN,500
0260_00,DragonDash,SpCostLP,3920
0260_00,DragonDash,SpCostBK,5200
0260_00,DragonDash,HighSpeedSpCostLP,4900
0260_00,ZBurstDash,SpCostIN,10000
0260_00,ZBurstDash,SpCostLP,11000
0260_00,ZBurstDash,BurstSmashSpCostLP,3500
0260_00,DashUpDown,SpCostUpIN,1000
0260_00,DashUpDown,SpCostUpLP,7840
0260_00,DashUpDown,SpCostDownIN,1000
0260_00,DashUpDown,SpCostDownLP,7840
0260_00,DragonHoming,SpCostIN,250
0260_00,DragonHoming,SpCostLP,3500
0270_00,Character,DestroyedPower,2
0270_00,Character,AbilityFlag.SparkingArmor,false
0270_00,Character,AbilityFlag.AutoReflect,false
0270_00,Character,AbilityFlag.CannotShoot,true
0270_00,Character,AbilityFlag.CannotShootReplaceAction,actHFN
0270_00,Character,AbilityFlag.bCanFly,false
0270_00,Character,AbilityFlag.bCanHighSpeedMove,false
0270_00,Character,AbilityFlag.bCanSuperHighSpeedMove,false
0270_00,Character,ActionFlag.HeavyCrash,true
0270_00,Character,ActionFlag.DawnThrow,true
0270_00,Character,ActionFlag.CannonCombo,true
0270_00,Character,ActionFlag.PowerPress,true
0270_00,Character,ActionFlag.AirRush,true
0270_00,Character,ChaseChangeBlastSlot,EKoratBlastSlotType::BlastSkill2
0270_00,Numeric,Life,30000
0270_00,Numeric,DamageRate,1.1
0270_00,Numeric,SPAutoRecoverySpeed,1500
0270_00,Numeric,SPAutoRecoverySpeedScaleUnderOneGauge,1.3
0270_00,Numeric,SPChargeSpeed,8
0270_00,Numeric,SPChargeSpeedUnderAutoRecoveryLimit,12
0270_00,Numeric,SparkingModeGaugeDecreaseSpeed,2800
0270_00,Numeric,BlastStock,4
0270_00,Numeric,InitialBlastStock,1
0270_00,Numeric,AttackChargeSpeedsBySmashLevel[0],3
0270_00,Numeric,AttackChargeSpeedsBySmashLevel[1],5.4
0270_00,Numeric,AttackChargeSpeedsBySmashLevel[2],7.5
0270_00,Numeric,PursuitBaseLimit,1
0270_00,Numeric,PursuitLimitDragonHoming,0
0270_00,Numeric,PursuitLimitVanishingAttack,0
0270_00,Numeric,PursuitBaseLimitAddAtSparking,2
0270_00,Numeric,PursuitLimitDragonHomingAddAtSparking,0
0270_00,Numeric,PursuitLimitVanishingAttackAddAtSparking,0
0270_00,Numeric,PursuitLimitLightningAttackAddAtSparking,0
0270_00,Numeric,IdealPositionMidAirKick,86
0270_00,Numeric,ReactionSplitHighBorder,0.6
0270_00,Numeric,ReactionSplitMidBorder,0.4
0270_00,Numeric,ReactionSplitLowBorder,0.2
0270_00,Numeric,BulletNum,0
0270_00,Numeric,JumpBulletNum,0
0270_00,Numeric,JumpBulletSetNum,1
0270_00,Numeric,DashBulletNum,0
0270_00,Numeric,RushBulletLimit,0
0270_00,Numeric,SmashBulletLimit,1
0270_00,Numeric,RepelSkillGaugeGainRate,1.6
0270_00,Numeric,AttackBreakSkillGaugeGain,0.15
0270_00,Numeric,FastAvoidSkillGaugeGain,0.05
0270_00,Numeric,ThrowBreakSkillGaugeGain,0.1
0270_00,Numeric,BackAttackedSkillGaugeGain,0.03
0270_00,Numeric,LastOneHPSkillGaugeGain,1
0270_00,Numeric,ImpactStartSkillGaugeGain,1
0270_00,Numeric,RushOffsetSkillGaugeGain,0.05
0270_00,Numeric,CollisionOffsetSkillGaugeGain,0.5
0270_00,Numeric,DragonHomingChangeTrajectorySkillGaugeGain,0.1
0270_00,Numeric,BurstSmashGaugeGain,0.1
0270_00,Steps,StepShortDash.AddToSpeedScale,60000
0270_00,Steps,StepShortDash.MaxAcceleration,60000
0270_00,Steps,StepShortDash.BrakingDeceleration,30000
0270_00,Steps,StepShortDash.ElapsedTimeToOT,0.033333
0270_00,Steps,StepShortDash.Duration,0.333333
0270_00,Steps,StepShortDash.CoolTime,0.05
0270_00,Steps,StepShortDash.bIsStopClearSpeed,true
0270_00,Steps,StepShortDash.StopBrakingDeceleration,10000000
0270_00,Steps,StepShortDash.SpCost,2650
0270_00,Steps,StepCancelShortDash.AddToSpeedScale,60000
0270_00,Steps,StepCancelShortDash.MaxAcceleration,60000
0270_00,Steps,StepCancelShortDash.BrakingDeceleration,30000
0270_00,Steps,StepCancelShortDash.ElapsedTimeToOT,0.033333
0270_00,Steps,StepCancelShortDash.Duration,0.333333
0270_00,Steps,StepCancelShortDash.CoolTime,0.416667
0270_00,Steps,StepCancelShortDash.bIsStopClearSpeed,true
0270_00,Steps,StepCancelShortDash.StopBrakingDeceleration,10000000
0270_00,Steps,StepCancelShortDash.SpCost,1325
0270_00,DragonDash,SpCostIN,500
0270_00,DragonDash,SpCostLP,3920
0270_00,DragonDash,SpCostBK,5200
0270_00,DragonDash,HighSpeedSpCostLP,4900
0270_00,ZBurstDash,SpCostIN,10000
0270_00,ZBurstDash,SpCostLP,11000
0270_00,ZBurstDash,BurstSmashSpCostLP,3500
0270_00,DashUpDown,SpCostUpIN,1000
0270_00,DashUpDown,SpCostUpLP,7840
0270_00,DashUpDown,SpCostDownIN,1000
0270_00,DashUpDown,SpCostDownLP,7840
0270_00,DragonHoming,SpCostIN,250
0270_00,DragonHoming,SpCostLP,3500
0280_00,Character,DestroyedPower,2
0280_00,Character,AbilityFlag.AutoReflect,false
0280_00,Character,AbilityFlag.CannotShoot,true
0280_00,Character,AbilityFlag.CannotShootReplaceAction,actHFN
0280_00,Character,AbilityFlag.bCannotCharge,true
0280_00,Character,AbilityFlag.bCanFly,false
0280_00,Character,AbilityFlag.bCanHighSpeedMove,false
0280_00,Character,AbilityFlag.bCanSuperHighSpeedMove,false
0280_00,Character,ActionFlag.DragonTornado,true
0280_00,Character,ActionFlag.ThrowEscape,true
0280_00,Character,ActionFlag.CannonCombo,true
0280_00,Character,ActionFlag.SpiralSlash,true
0280_00,Character,ActionFlag.RollingHurricane,true
0280_00,Character,ActionFlag.TriAttack,true
0280_00,Character,ActionFlag.AirRush,true
0280_00,Character,ActionFlag.DeltaStorm,true
0280_00,Character,ActionFlag.SparkingRush,true
0280_00,Character,ActionFlag.DashRising,true
0280_00,Character,ActionFlag.DashBlow,true
0280_00,Character,ChaseChangeBlastSlot,EKoratBlastSlotType::BlastSkill1
0280_00,Numeric,Life,40000
0280_00,Numeric,DamageRate,0.96
0280_00,Numeric,InitialSP,30000
0280_00,Numeric,SPAutoRecoveryLimit,50000
0280_00,Numeric,SPAutoRecoverySpeed,1700
0280_00,Numeric,SPChargeSpeed,0
0280_00,Numeric,SparkingModeGaugeDecreaseSpeed,2800
0280_00,Numeric,GuardCrashedByCombativesBlastSpDamageRate,0.75
0280_00,Numeric,BlastStock,4
0280_00,Numeric,InitialBlastStock,1
0280_00,Numeric,AttackChargeSpeedsBySmashLevel[0],3
0280_00,Numeric,AttackChargeSpeedsBySmashLevel[1],5.4
0280_00,Numeric,AttackChargeSpeedsBySmashLevel[2],7.5
0280_00,Numeric,PursuitBaseLimit,1
0280_00,Numeric,PursuitLimitDragonHoming,0
0280_00,Numeric,PursuitLimitVanishingAttack,0
0280_00,Numeric,PursuitBaseLimitAddAtSparking,2
0280_00,Numeric,PursuitLimitDragonHomingAddAtSparking,0
0280_00,Numeric,PursuitLimitVanishingAttackAddAtSparking,0
0280_00,Numeric,PursuitLimitLightningAttackAddAtSparking,0
0280_00,Numeric,IdealPositionMidAirKick,76
0280_00,Numeric,ReactionSplitHighBorder,0.6
0280_00,Numeric,ReactionSplitMidBorder,0.4
0280_00,Numeric,ReactionSplitLowBorder,0.2
0280_00,Numeric,BulletNum,0
0280_00,Numeric,JumpBulletNum,0
0280_00,Numeric,JumpBulletSetNum,1
0280_00,Numeric,DashBulletNum,0
0280_00,Numeric,RushBulletLimit,0
0280_00,Numeric,SmashBulletLimit,1
0280_00,Numeric,RepelSkillGaugeGainRate,1.6
0280_00,Numeric,AttackBreakSkillGaugeGain,0.15
0280_00,Numeric,FastAvoidSkillGaugeGain,0.05
0280_00,Numeric,ThrowBreakSkillGaugeGain,0.1
0280_00,Numeric,BackAttackedSkillGaugeGain,0.03
0280_00,Numeric,LastOneHPSkillGaugeGain,1
0280_00,Numeric,ImpactStartSkillGaugeGain,1
0280_00,Numeric,RushOffsetSkillGaugeGain,0.05
0280_00,Numeric,CollisionOffsetSkillGaugeGain,0.5
0280_00,Numeric,DragonHomingChangeTrajectorySkillGaugeGain,0.1
0280_00,Numeric,BurstSmashGaugeGain,0.1
0280_00,Numeric,AuraType,EKoratBattleAuraType::None
0280_00,Steps,StepShortDash.AddToSpeedScale,60000
0280_00,Steps,StepShortDash.MaxAcceleration,60000
0280_00,Steps,StepShortDash.BrakingDeceleration,30000
0280_00,Steps,StepShortDash.ElapsedTimeToOT,0.033333
0280_00,Steps,StepShortDash.Duration,0.333333
0280_00,Steps,StepShortDash.CoolTime,0.05
0280_00,Steps,StepShortDash.bIsStopClearSpeed,true
0280_00,Steps,StepShortDash.StopBrakingDeceleration,10000000
0280_00,Steps,StepShortDash.SpCost,2650
0280_00,Steps,StepCancelShortDash.AddToSpeedScale,60000
0280_00,Steps,StepCancelShortDash.MaxAcceleration,60000
0280_00,Steps,StepCancelShortDash.BrakingDeceleration,30000
0280_00,Steps,StepCancelShortDash.ElapsedTimeToOT,0.033333
0280_00,Steps,StepCancelShortDash.Duration,0.333333
0280_00,Steps,StepCancelShortDash.CoolTime,0.416667
0280_00,Steps,StepCancelShortDash.bIsStopClearSpeed,true
0280_00,Steps,StepCancelShortDash.StopBrakingDeceleration,10000000
0280_00,Steps,StepCancelShortDash.SpCost,1325
0280_00,DragonDash,SpCostIN,500
0280_00,DragonDash,SpCostLP,3920
0280_00,DragonDash,SpCostBK,5200
0280_00,DragonDash,HighSpeedSpCostLP,4900
0280_00,ZBurstDash,SpCostIN,10000
0280_00,ZBurstDash,SpCostLP,11000
0280_00,ZBurstDash,BurstSmashSpCostLP,3500
0280_00,DashUpDown,SpCostUpIN,1000
0280_00,DashUpDown,SpCostUpLP,7840
0280_00,DashUpDown,SpCostDownIN,1000
0280_00,DashUpDown,SpCostDownLP,7840
0280_00,DragonHoming,SpCostIN,250
0280_00,DragonHoming,SpCostLP,3500
0301_00,Character,DestroyedPower,2
0301_00,Character,AbilityFlag.SparkingArmor,false
0301_00,Character,AbilityFlag.AutoReflect,false
0301_00,Character,AbilityFlag.CannotShoot,true
0301_00,Character,AbilityFlag.CannotShootReplaceAction,actHFN
0301_00,Character,AbilityFlag.bCanFly,false
0301_00,Character,AbilityFlag.bCanHighSpeedMove,false
0301_00,Character,AbilityFlag.bCanSuperHighSpeedMove,false
0301_00,Character,ActionFlag.DragonTornado,true
0301_00,Character,ActionFlag.HeavyCrash,true
0301_00,Character,ActionFlag.DawnThrow,true
0301_00,Character,ActionFlag.CannonCombo,true
0301_00,Character,ActionFlag.PowerPress,true
0301_00,Character,ActionFlag.SparkingRush,true
0301_00,Character,ChaseChangeBlastSlot,EKoratBlastSlotType::BlastSkill1
0301_00,Numeric,Life,30000
0301_00,Numeric,DamageRate,1.1
0301_00,Numeric,InitialSP,30000
0301_00,Numeric,SPAutoRecoverySpeed,1750
0301_00,Numeric,SPAutoRecoverySpeedScaleUnderOneGauge,1.3
0301_00,Numeric,SPChargeSpeed,7
0301_00,Numeric,SPChargeSpeedUnderAutoRecoveryLimit,10.5
0301_00,Numeric,SparkingModeGaugeDecreaseSpeed,2800
0301_00,Numeric,InitialBlastStock,1
0301_00,Numeric,AttackChargeSpeedsBySmashLevel[0],3
0301_00,Numeric,AttackChargeSpeedsBySmashLevel[1],5.4
0301_00,Numeric,AttackChargeSpeedsBySmashLevel[2],7.5
0301_00,Numeric,PursuitBaseLimit,1
0301_00,Numeric,PursuitLimitDragonHoming,0
0301_00,Numeric,PursuitLimitVanishingAttack,0
0301_00,Numeric,PursuitBaseLimitAddAtSparking,2
0301_00,Numeric,PursuitLimitDragonHomingAddAtSparking,0
0301_00,Numeric,PursuitLimitVanishingAttackAddAtSparking,0
0301_00,Numeric,PursuitLimitLightningAttackAddAtSparking,0
0301_00,Numeric,IdealPositionMidAirKick,64
0301_00,Numeric,ReactionSplitHighBorder,0.7
0301_00,Numeric,ReactionSplitMidBorder,0.35
0301_00,Numeric,ReactionSplitLowBorder,0.175
0301_00,Numeric,BulletNum,0
0301_00,Numeric,JumpBulletNum,0
0301_00,Numeric,JumpBulletSetNum,1
0301_00,Numeric,DashBulletNum,0
0301_00,Numeric,RushBulletLimit,0
0301_00,Numeric,SmashBulletLimit,1
0301_00,Numeric,RepelSkillGaugeGainRate,1.6
0301_00,Numeric,AttackBreakSkillGaugeGain,0.15
0301_00,Numeric,FastAvoidSkillGaugeGain,0.05
0301_00,Numeric,ThrowBreakSkillGaugeGain,0.1
0301_00,Numeric,BackAttackedSkillGaugeGain,0.03
0301_00,Numeric,LastOneHPSkillGaugeGain,1
0301_00,Numeric,ImpactStartSkillGaugeGain,1
0301_00,Numeric,RushOffsetSkillGaugeGain,0.05
0301_00,Numeric,CollisionOffsetSkillGaugeGain,0.5
0301_00,Numeric,DragonHomingChangeTrajectorySkillGaugeGain,0.1
0301_00,Numeric,BurstSmashGaugeGain,0.1
0301_00,Numeric,ExParam,1
0301_00,Steps,StepShortDash.AddToSpeedScale,60000
0301_00,Steps,StepShortDash.MaxAcceleration,60000
0301_00,Steps,StepShortDash.BrakingDeceleration,30000
0301_00,Steps,StepShortDash.ElapsedTimeToOT,0.033333
0301_00,Steps,StepShortDash.Duration,0.333333
0301_00,Steps,StepShortDash.CoolTime,0.05
0301_00,Steps,StepShortDash.bIsStopClearSpeed,true
0301_00,Steps,StepShortDash.StopBrakingDeceleration,10000000
0301_00,Steps,StepShortDash.SpCost,2650
0301_00,Steps,StepCancelShortDash.AddToSpeedScale,60000
0301_00,Steps,StepCancelShortDash.MaxAcceleration,60000
0301_00,Steps,StepCancelShortDash.BrakingDeceleration,30000
0301_00,Steps,StepCancelShortDash.ElapsedTimeToOT,0.033333
0301_00,Steps,StepCancelShortDash.Duration,0.333333
0301_00,Steps,StepCancelShortDash.CoolTime,0.416667
0301_00,Steps,StepCancelShortDash.bIsStopClearSpeed,true
0301_00,Steps,StepCancelShortDash.StopBrakingDeceleration,10000000
0301_00,Steps,StepCancelShortDash.SpCost,1325
0301_00,DragonDash,SpCostIN,500
0301_00,DragonDash,SpCostLP,3920
0301_00,DragonDash,SpCostBK,5200
0301_00,DragonDash,HighSpeedSpCostLP,4900
0301_00,ZBurstDash,SpCostIN,10000
0301_00,ZBurstDash,SpCostLP,11000
0301_00,ZBurstDash,BurstSmashSpCostLP,3500
0301_00,DashUpDown,SpCostUpIN,1000
0301_00,DashUpDown,SpCostUpLP,7840
0301_00,DashUpDown,SpCostDownIN,1000
0301_00,DashUpDown,SpCostDownLP,7840
0301_00,DragonHoming,SpCostIN,250
0301_00,DragonHoming,SpCostLP,3500
0310_00,Character,DestroyedPower,4
0310_00,Character,AbilityFlag.AutoReflect,false
0310_00,Character,AbilityFlag.bCanHighSpeedMove,false
0310_00,Character,AbilityFlag.bCanSuperHighSpeedMove,false
0310_00,Character,ActionFlag.PowerPress,true
0310_00,Character,ActionFlag.TriAttack,true
0310_00,Character,ActionFlag.AirRush,true
0310_00,Character,ActionFlag.DeltaStorm,true
0310_00,Character,ChaseChangeBlastSlot,EKoratBlastSlotType::BlastSkill1
0310_00,Character,HPTriggerBuff[0].TriggerHP,5000
0310_00,Numeric,Life,40000
0310_00,Numeric,InitialSP,30000
0310_00,Numeric,SPAutoRecoverySpeed,1750
0310_00,Numeric,SPAutoRecoverySpeedScaleUnderOneGauge,1.3
0310_00,Numeric,SPChargeSpeed,7
0310_00,Numeric,SPChargeSpeedUnderAutoRecoveryLimit,10.5
0310_00,Numeric,SparkingModeGaugeDecreaseSpeed,2800
0310_00,Numeric,StunReactionRecoverySpeedScale,1.3
0310_00,Numeric,StunReactionInputRecoverySpeedScale,1.3
0310_00,Numeric,LimitBoostRecoverySpeedScale,1.3
0310_00,Numeric,LimitBoostInputRecoverySpeedScale,1.3
0310_00,Numeric,AttackChargeSpeedsBySmashLevel[0],3
0310_00,Numeric,AttackChargeSpeedsBySmashLevel[1],5.4
0310_00,Numeric,AttackChargeSpeedsBySmashLevel[2],7.5
0310_00,Numeric,PursuitBaseLimit,2
0310_00,Numeric,PursuitLimitDragonHoming,0
0310_00,Numeric,PursuitLimitVanishingAttack,0
0310_00,Numeric,PursuitBaseLimitAddAtSparking,3
0310_00,Numeric,PursuitLimitDragonHomingAddAtSparking,0
0310_00,Numeric,PursuitLimitVanishingAttackAddAtSparking,0
0310_00,Numeric,PursuitLimitLightningAttackAddAtSparking,0
0310_00,Numeric,IdealPositionMidAirKick,68
0310_00,Numeric,ReactionSplitHighBorder,0.7
0310_00,Numeric,ReactionSplitMidBorder,0.35
0310_00,Numeric,ReactionSplitLowBorder,0.175
0310_00,Numeric,BulletNum,7
0310_00,Numeric,JumpBulletNum,7
0310_00,Numeric,JumpBulletSetNum,1
0310_00,Numeric,RushBulletLimit,7
0310_00,Numeric,SmashBulletLimit,1
0310_00,Numeric,RepelSkillGaugeGainRate,1.1
0310_00,Numeric,AttackBreakSkillGaugeGain,0.15
0310_00,Numeric,FastAvoidSkillGaugeGain,0.05
0310_00,Numeric,ThrowBreakSkillGaugeGain,0.1
0310_00,Numeric,BackAttackedSkillGaugeGain,0.03
0310_00,Numeric,LastOneHPSkillGaugeGain,1
0310_00,Numeric,ImpactStartSkillGaugeGain,1
0310_00,Numeric,RushOffsetSkillGaugeGain,0.05
0310_00,Numeric,CollisionOffsetSkillGaugeGain,0.5
0310_00,Numeric,DragonHomingChangeTrajectorySkillGaugeGain,0.1
0310_00,Numeric,BurstSmashGaugeGain,0.1
0310_00,Numeric,ExParam,7
0310_00,Steps,StepShortDash.AddToSpeedScale,60000
0310_00,Steps,StepShortDash.MaxAcceleration,60000
0310_00,Steps,StepShortDash.BrakingDeceleration,30000
0310_00,Steps,StepShortDash.ElapsedTimeToOT,0.033333
0310_00,Steps,StepShortDash.Duration,0.333333
0310_00,Steps,StepShortDash.CoolTime,0.05
0310_00,Steps,StepShortDash.bIsStopClearSpeed,true
0310_00,Steps,StepShortDash.StopBrakingDeceleration,10000000
0310_00,Steps,StepShortDash.SpCost,2650
0310_00,Steps,StepCancelShortDash.AddToSpeedScale,60000
0310_00,Steps,StepCancelShortDash.MaxAcceleration,60000
0310_00,Steps,StepCancelShortDash.BrakingDeceleration,30000
0310_00,Steps,StepCancelShortDash.ElapsedTimeToOT,0.033333
0310_00,Steps,StepCancelShortDash.Duration,0.333333
0310_00,Steps,StepCancelShortDash.CoolTime,0.416667
0310_00,Steps,StepCancelShortDash.bIsStopClearSpeed,true
0310_00,Steps,StepCancelShortDash.StopBrakingDeceleration,10000000
0310_00,Steps,StepCancelShortDash.SpCost,1325
0310_00,DragonDash,SpCostIN,500
0310_00,DragonDash,SpCostLP,3920
0310_00,DragonDash,SpCostBK,5200
0310_00,DragonDash,HighSpeedSpCostLP,4900
0310_00,ZBurstDash,SpCostIN,10000
0310_00,ZBurstDash,SpCostLP,11000
0310_00,ZBurstDash,BurstSmashSpCostLP,3500
0310_00,DashUpDown,SpCostUpIN,1000
0310_00,DashUpDown,SpCostUpLP,7840
0310_00,DashUpDown,SpCostDownIN,1000
0310_00,DashUpDown,SpCostDownLP,7840
0310_00,DragonHoming,SpCostIN,250
0310_00,DragonHoming,SpCostLP,3500
0310_01,Character,DestroyedPower,6
0310_01,Character,AbilityFlag.AutoReflect,false
0310_01,Character,AbilityFlag.bCanHighSpeedMove,false
0310_01,Character,ActionFlag.DragonTornado,true
0310_01,Character,ActionFlag.TriAttack,true
0310_01,Character,ChaseChangeBlastSlot,EKoratBlastSlotType::BlastSkill1
0310_01,Character,HPTriggerBuff[0].TriggerHP,5000
0310_01,Numeric,Life,40000
0310_01,Numeric,SPAutoRecoverySpeed,1750
0310_01,Numeric,SPAutoRecoverySpeedScaleUnderOneGauge,1.3
0310_01,Numeric,SPChargeSpeed,7
0310_01,Numeric,SPChargeSpeedUnderAutoRecoveryLimit,12
0310_01,Numeric,SparkingModeGaugeDecreaseSpeed,2800
0310_01,Numeric,StunReactionRecoverySpeedScale,1.3
0310_01,Numeric,StunReactionInputRecoverySpeedScale,1.3
0310_01,Numeric,LimitBoostRecoverySpeedScale,1.3
0310_01,Numeric,LimitBoostInputRecoverySpeedScale,1.3
0310_01,Numeric,AttackChargeSpeedsBySmashLevel[0],3
0310_01,Numeric,AttackChargeSpeedsBySmashLevel[1],5.4
0310_01,Numeric,AttackChargeSpeedsBySmashLevel[2],7.5
0310_01,Numeric,PursuitBaseLimit,2
0310_01,Numeric,PursuitLimitDragonHoming,0
0310_01,Numeric,PursuitLimitVanishingAttack,0
0310_01,Numeric,PursuitBaseLimitAddAtSparking,3
0310_01,Numeric,PursuitLimitDragonHomingAddAtSparking,0
0310_01,Numeric,PursuitLimitVanishingAttackAddAtSparking,0
0310_01,Numeric,PursuitLimitLightningAttackAddAtSparking,0
0310_01,Numeric,IdealPositionMidAirKick,68
0310_01,Numeric,ReactionSplitHighBorder,0.7
0310_01,Numeric,ReactionSplitMidBorder,0.35
0310_01,Numeric,ReactionSplitLowBorder,0.175
0310_01,Numeric,BulletNum,8
0310_01,Numeric,JumpBulletNum,6
0310_01,Numeric,JumpBulletSetNum,1
0310_01,Numeric,DashBulletNum,5
0310_01,Numeric,RushBulletLimit,8
0310_01,Numeric,SmashBulletLimit,1
0310_01,Numeric,RepelSkillGaugeGainRate,1.1
0310_01,Numeric,AttackBreakSkillGaugeGain,0.15
0310_01,Numeric,FastAvoidSkillGaugeGain,0.05
0310_01,Numeric,ThrowBreakSkillGaugeGain,0.1
0310_01,Numeric,BackAttackedSkillGaugeGain,0.03
0310_01,Numeric,LastOneHPSkillGaugeGain,1
0310_01,Numeric,ImpactStartSkillGaugeGain,1
0310_01,Numeric,RushOffsetSkillGaugeGain,0.05
0310_01,Numeric,CollisionOffsetSkillGaugeGain,0.5
0310_01,Numeric,DragonHomingChangeTrajectorySkillGaugeGain,0.1
0310_01,Numeric,BurstSmashGaugeGain,0.1
0310_01,Numeric,ExParam,8
0310_01,Steps,StepShortDash.AddToSpeedScale,60000
0310_01,Steps,StepShortDash.MaxAcceleration,60000
0310_01,Steps,StepShortDash.BrakingDeceleration,30000
0310_01,Steps,StepShortDash.ElapsedTimeToOT,0.033333
0310_01,Steps,StepShortDash.Duration,0.333333
0310_01,Steps,StepShortDash.CoolTime,0.05
0310_01,Steps,StepShortDash.bIsStopClearSpeed,true
0310_01,Steps,StepShortDash.StopBrakingDeceleration,10000000
0310_01,Steps,StepShortDash.SpCost,2650
0310_01,Steps,StepCancelShortDash.AddToSpeedScale,60000
0310_01,Steps,StepCancelShortDash.MaxAcceleration,60000
0310_01,Steps,StepCancelShortDash.BrakingDeceleration,30000
0310_01,Steps,StepCancelShortDash.ElapsedTimeToOT,0.033333
0310_01,Steps,StepCancelShortDash.Duration,0.333333
0310_01,Steps,StepCancelShortDash.CoolTime,0.416667
0310_01,Steps,StepCancelShortDash.bIsStopClearSpeed,true
0310_01,Steps,StepCancelShortDash.StopBrakingDeceleration,10000000
0310_01,Steps,StepCancelShortDash.SpCost,1325
0310_01,DragonDash,SpCostIN,500
0310_01,DragonDash,SpCostLP,3920
0310_01,DragonDash,SpCostBK,5200
0310_01,DragonDash,HighSpeedSpCostLP,4900
0310_01,ZBurstDash,SpCostIN,10000
0310_01,ZBurstDash,SpCostLP,11000
0310_01,ZBurstDash,BurstSmashSpCostLP,3500
0310_01,DashUpDown,SpCostUpIN,1000
0310_01,DashUpDown,SpCostUpLP,7840
0310_01,DashUpDown,SpCostDownIN,1000
0310_01,DashUpDown,SpCostDownLP,7840
0310_01,DragonHoming,SpCostIN,250
0310_01,DragonHoming,SpCostLP,3500
0320_00,Character,DestroyedPower,3
0320_00,Character,AbilityFlag.SparkingArmor,false
0320_00,Character,AbilityFlag.AutoReflect,false
0320_00,Character,AbilityFlag.bCanHighSpeedMove,false
0320_00,Character,AbilityFlag.bCanSuperHighSpeedMove,false
0320_00,Character,ActionFlag.HeavyCrash,true
0320_00,Character,ActionFlag.CannonCombo,true
0320_00,Character,ActionFlag.SpiralSlash,true
0320_00,Character,ActionFlag.PowerPress,true
0320_00,Character,ActionFlag.TriAttack,true
0320_00,Character,ActionFlag.AirRush,true
0320_00,Character,ChaseChangeBlastSlot,EKoratBlastSlotType::BlastSkill1
0320_00,Numeric,Life,40000
0320_00,Numeric,InitialSP,10000
0320_00,Numeric,SPAutoRecoverySpeed,1750
0320_00,Numeric,SPAutoRecoverySpeedScaleUnderOneGauge,1.3
0320_00,Numeric,SPChargeSpeed,7
0320_00,Numeric,SPChargeSpeedUnderAutoRecoveryLimit,10.5
0320_00,Numeric,SparkingModeGaugeDecreaseSpeed,2800
0320_00,Numeric,BlastStock,4
0320_00,Numeric,InitialBlastStock,1
0320_00,Numeric,AttackChargeSpeedsBySmashLevel[0],3
0320_00,Numeric,AttackChargeSpeedsBySmashLevel[1],5.4
0320_00,Numeric,AttackChargeSpeedsBySmashLevel[2],7.5
0320_00,Numeric,PursuitBaseLimit,2
0320_00,Numeric,PursuitLimitDragonHoming,0
0320_00,Numeric,PursuitLimitVanishingAttack,0
0320_00,Numeric,PursuitBaseLimitAddAtSparking,2
0320_00,Numeric,PursuitLimitDragonHomingAddAtSparking,0
0320_00,Numeric,PursuitLimitVanishingAttackAddAtSparking,0
0320_00,Numeric,PursuitLimitLightningAttackAddAtSparking,0
0320_00,Numeric,IdealPositionMidAirKick,68
0320_00,Numeric,ReactionSplitHighBorder,0.7
0320_00,Numeric,ReactionSplitMidBorder,0.35
0320_00,Numeric,ReactionSplitLowBorder,0.175
0320_00,Numeric,BulletNum,6
0320_00,Numeric,JumpBulletNum,3
0320_00,Numeric,RushBulletLimit,6
0320_00,Numeric,SmashBulletLimit,1
0320_00,Numeric,AttackBreakSkillGaugeGain,0.15
0320_00,Numeric,FastAvoidSkillGaugeGain,0.05
0320_00,Numeric,ThrowBreakSkillGaugeGain,0.1
0320_00,Numeric,BackAttackedSkillGaugeGain,0.03
0320_00,Numeric,LastOneHPSkillGaugeGain,1
0320_00,Numeric,ImpactStartSkillGaugeGain,1
0320_00,Numeric,RushOffsetSkillGaugeGain,0.05
0320_00,Numeric,CollisionOffsetSkillGaugeGain,0.5
0320_00,Numeric,DragonHomingChangeTrajectorySkillGaugeGain,0.1
0320_00,Numeric,BurstSmashGaugeGain,0.1
0320_00,Numeric,ExParam,10
0320_00,Steps,StepShortDash.AddToSpeedScale,60000
0320_00,Steps,StepShortDash.MaxAcceleration,60000
0320_00,Steps,StepShortDash.BrakingDeceleration,30000
0320_00,Steps,StepShortDash.ElapsedTimeToOT,0.033333
0320_00,Steps,StepShortDash.Duration,0.333333
0320_00,Steps,StepShortDash.CoolTime,0.05
0320_00,Steps,StepShortDash.bIsStopClearSpeed,true
0320_00,Steps,StepShortDash.StopBrakingDeceleration,10000000
0320_00,Steps,StepShortDash.SpCost,2650
0320_00,Steps,StepCancelShortDash.AddToSpeedScale,60000
0320_00,Steps,StepCancelShortDash.MaxAcceleration,60000
0320_00,Steps,StepCancelShortDash.BrakingDeceleration,30000
0320_00,Steps,StepCancelShortDash.ElapsedTimeToOT,0.033333
0320_00,Steps,StepCancelShortDash.Duration,0.333333
0320_00,Steps,StepCancelShortDash.CoolTime,0.416667
0320_00,Steps,StepCancelShortDash.bIsStopClearSpeed,true
0320_00,Steps,StepCancelShortDash.StopBrakingDeceleration,10000000
0320_00,Steps,StepCancelShortDash.SpCost,1325
0320_00,DragonDash,SpCostIN,500
0320_00,DragonDash,SpCostLP,3920
0320_00,DragonDash,SpCostBK,5200
0320_00,DragonDash,HighSpeedSpCostLP,4900
0320_00,ZBurstDash,SpCostIN,10000
0320_00,ZBurstDash,SpCostLP,11000
0320_00,ZBurstDash,BurstSmashSpCostLP,3500
0320_00,DashUpDown,SpCostUpIN,1000
0320_00,DashUpDown,SpCostUpLP,7840
0320_00,DashUpDown,SpCostDownIN,1000
0320_00,DashUpDown,SpCostDownLP,7840
0320_00,DragonHoming,SpCostIN,250
0320_00,DragonHoming,SpCostLP,3500
0330_00,Character,DestroyedPower,2
0330_00,Character,AbilityFlag.SparkingArmor,false
0330_00,Character,AbilityFlag.AutoReflect,false
0330_00,Character,AbilityFlag.bCanSuperHighSpeedMove,false
0330_00,Character,ActionFlag.DragonTornado,true
0330_00,Character,ActionFlag.HeavyCrash,true
0330_00,Character,ActionFlag.DawnThrow,true
0330_00,Character,ActionFlag.CannonCombo,true
0330_00,Character,ActionFlag.PowerPress,true
0330_00,Character,ActionFlag.TriAttack,true
0330_00,Character,ChaseChangeBlastSlot,EKoratBlastSlotType::BlastSkill1
0330_00,Numeric,Life,35000
0330_00,Numeric,DamageRate,1.1
0330_00,Numeric,InitialSP,10000
0330_00,Numeric,SPAutoRecoverySpeed,1500
0330_00,Numeric,SPAutoRecoverySpeedScaleUnderOneGauge,1.3
0330_00,Numeric,SPChargeSpeed,8
0330_00,Numeric,SPChargeSpeedUnderAutoRecoveryLimit,12
0330_00,Numeric,SparkingModeGaugeDecreaseSpeed,2800
0330_00,Numeric,BlastStock,4
0330_00,Numeric,InitialBlastStock,2
0330_00,Numeric,AttackChargeSpeedsBySmashLevel[0],3
0330_00,Numeric,AttackChargeSpeedsBySmashLevel[1],5.4
0330_00,Numeric,AttackChargeSpeedsBySmashLevel[2],7.5
0330_00,Numeric,PursuitBaseLimit,1
0330_00,Numeric,PursuitLimitDragonHoming,0
0330_00,Numeric,PursuitLimitVanishingAttack,0
0330_00,Numeric,PursuitBaseLimitAddAtSparking,2
0330_00,Numeric,PursuitLimitDragonHomingAddAtSparking,0
0330_00,Numeric,PursuitLimitVanishingAttackAddAtSparking,0
0330_00,Numeric,PursuitLimitLightningAttackAddAtSparking,0
0330_00,Numeric,IdealPositionMidAirKick,60
0330_00,Numeric,ReactionSplitHighBorder,0.6
0330_00,Numeric,ReactionSplitMidBorder,0.4
0330_00,Numeric,ReactionSplitLowBorder,0.2
0330_00,Numeric,BulletNum,3
0330_00,Numeric,JumpBulletNum,3
0330_00,Numeric,JumpBulletSetNum,1
0330_00,Numeric,DashBulletNum,2
0330_00,Numeric,RushBulletLimit,3
0330_00,Numeric,SmashBulletLimit,1
0330_00,Numeric,RepelSkillGaugeGainRate,1.6
0330_00,Numeric,AttackBreakSkillGaugeGain,0.15
0330_00,Numeric,FastAvoidSkillGaugeGain,0.05
0330_00,Numeric,ThrowBreakSkillGaugeGain,0.1
0330_00,Numeric,BackAttackedSkillGaugeGain,0.03
0330_00,Numeric,LastOneHPSkillGaugeGain,1
0330_00,Numeric,ImpactStartSkillGaugeGain,1
0330_00,Numeric,RushOffsetSkillGaugeGain,0.05
0330_00,Numeric,CollisionOffsetSkillGaugeGain,0.5
0330_00,Numeric,DragonHomingChangeTrajectorySkillGaugeGain,0.1
0330_00,Numeric,BurstSmashGaugeGain,0.1
0330_00,Numeric,ExParam,12
0330_00,Steps,StepShortDash.AddToSpeedScale,60000
0330_00,Steps,StepShortDash.MaxAcceleration,60000
0330_00,Steps,StepShortDash.BrakingDeceleration,30000
0330_00,Steps,StepShortDash.ElapsedTimeToOT,0.033333
0330_00,Steps,StepShortDash.Duration,0.333333
0330_00,Steps,StepShortDash.CoolTime,0.05
0330_00,Steps,StepShortDash.bIsStopClearSpeed,true
0330_00,Steps,StepShortDash.StopBrakingDeceleration,10000000
0330_00,Steps,StepShortDash.SpCost,2650
0330_00,Steps,StepCancelShortDash.AddToSpeedScale,60000
0330_00,Steps,StepCancelShortDash.MaxAcceleration,60000
0330_00,Steps,StepCancelShortDash.BrakingDeceleration,30000
0330_00,Steps,StepCancelShortDash.ElapsedTimeToOT,0.033333
0330_00,Steps,StepCancelShortDash.Duration,0.333333
0330_00,Steps,StepCancelShortDash.CoolTime,0.416667
0330_00,Steps,StepCancelShortDash.bIsStopClearSpeed,true
0330_00,Steps,StepCancelShortDash.StopBrakingDeceleration,10000000
0330_00,Steps,StepCancelShortDash.SpCost,1325
0330_00,DragonDash,SpCostIN,500
0330_00,DragonDash,SpCostLP,3920
0330_00,DragonDash,SpCostBK,5200
0330_00,DragonDash,HighSpeedSpCostLP,4900
0330_00,ZBurstDash,SpCostIN,10000
0330_00,ZBurstDash,SpCostLP,11000
0330_00,ZBurstDash,BurstSmashSpCostLP,3500
0330_00,DashUpDown,SpCostUpIN,1000
0330_00,DashUpDown,SpCostUpLP,7840
0330_00,DashUpDown,SpCostDownIN,1000
0330_00,DashUpDown,SpCostDownLP,7840
0330_00,DragonHoming,SpCostIN,250
0330_00,DragonHoming,SpCostLP,3500
0340_00,Character,DestroyedPower,3
0340_00,Character,AbilityFlag.AutoReflect,false
0340_00,Character,AbilityFlag.bCanHighSpeedMove,false
0340_00,Character,AbilityFlag.bCanSuperHighSpeedMove,false
0340_00,Character,ActionFlag.CannonCombo,true
0340_00,Character,ActionFlag.SpiralSlash,true
0340_00,Character,ActionFlag.PowerPress,true
0340_00,Character,ActionFlag.TriAttack,true
0340_00,Character,ActionFlag.AirRush,true
0340_00,Character,ActionFlag.DeltaStorm,true
0340_00,Character,ActionFlag.SparkingRush,true
0340_00,Character,ChaseChangeBlastSlot,EKoratBlastSlotType::BlastSkill1
0340_00,Numeric,Life,40000
0340_00,Numeric,DamageRate,0.92
0340_00,Numeric,SPAutoRecoverySpeed,1750
0340_00,Numeric,SPAutoRecoverySpeedScaleUnderOneGauge,1.3
0340_00,Numeric,SPChargeSpeed,7
0340_00,Numeric,SPChargeSpeedUnderAutoRecoveryLimit,10.5
0340_00,Numeric,SparkingModeGaugeDecreaseSpeed,2800
0340_00,Numeric,GuardCrashedByCombativesBlastSpDamageRate,0.75
0340_00,Numeric,StunReactionRecoverySpeedScale,1.3
0340_00,Numeric,StunReactionInputRecoverySpeedScale,1.3
0340_00,Numeric,LimitBoostRecoverySpeedScale,1.3
0340_00,Numeric,LimitBoostInputRecoverySpeedScale,1.3
0340_00,Numeric,BlastStock,4
0340_00,Numeric,AttackChargeSpeedsBySmashLevel[0],3
0340_00,Numeric,AttackChargeSpeedsBySmashLevel[1],5.4
0340_00,Numeric,AttackChargeSpeedsBySmashLevel[2],7.5
0340_00,Numeric,PursuitBaseLimit,2
0340_00,Numeric,PursuitLimitDragonHoming,0
0340_00,Numeric,PursuitLimitVanishingAttack,0
0340_00,Numeric,PursuitBaseLimitAddAtSparking,2
0340_00,Numeric,PursuitLimitDragonHomingAddAtSparking,0
0340_00,Numeric,PursuitLimitVanishingAttackAddAtSparking,0
0340_00,Numeric,PursuitLimitLightningAttackAddAtSparking,0
0340_00,Numeric,IdealPositionMidAirKick,84
0340_00,Numeric,ReactionSplitHighBorder,0.6
0340_00,Numeric,ReactionSplitMidBorder,0.4
0340_00,Numeric,ReactionSplitLowBorder,0.2
0340_00,Numeric,BulletNum,6
0340_00,Numeric,JumpBulletNum,3
0340_00,Numeric,RushBulletLimit,6
0340_00,Numeric,SmashBulletLimit,1
0340_00,Numeric,AttackBreakSkillGaugeGain,0.15
0340_00,Numeric,FastAvoidSkillGaugeGain,0.05
0340_00,Numeric,ThrowBreakSkillGaugeGain,0.1
0340_00,Numeric,BackAttackedSkillGaugeGain,0.03
0340_00,Numeric,LastOneHPSkillGaugeGain,1
0340_00,Numeric,ImpactStartSkillGaugeGain,1
0340_00,Numeric,RushOffsetSkillGaugeGain,0.05
0340_00,Numeric,CollisionOffsetSkillGaugeGain,0.5
0340_00,Numeric,DragonHomingChangeTrajectorySkillGaugeGain,0.1
0340_00,Numeric,BurstSmashGaugeGain,0.1
0340_00,Numeric,ExParam,12
0340_00,Steps,StepShortDash.AddToSpeedScale,60000
0340_00,Steps,StepShortDash.MaxAcceleration,50000
0340_00,Steps,StepShortDash.BrakingDeceleration,20000
0340_00,Steps,StepShortDash.ElapsedTimeToOT,0.033333
0340_00,Steps,StepShortDash.Duration,0.333333
0340_00,Steps,StepShortDash.CoolTime,0.05
0340_00,Steps,StepShortDash.bIsStopClearSpeed,true
0340_00,Steps,StepShortDash.StopBrakingDeceleration,10000000
0340_00,Steps,StepShortDash.SpCost,3850
0340_00,Steps,StepCancelShortDash.AddToSpeedScale,60000
0340_00,Steps,StepCancelShortDash.MaxAcceleration,50000
0340_00,Steps,StepCancelShortDash.BrakingDeceleration,20000
0340_00,Steps,StepCancelShortDash.ElapsedTimeToOT,0.033333
0340_00,Steps,StepCancelShortDash.Duration,0.333333
0340_00,Steps,StepCancelShortDash.CoolTime,0.416667
0340_00,Steps,StepCancelShortDash.bIsStopClearSpeed,true
0340_00,Steps,StepCancelShortDash.StopBrakingDeceleration,10000000
0340_00,Steps,StepCancelShortDash.SpCost,1925
0340_00,DragonDash,SpCostIN,500
0340_00,DragonDash,SpCostLP,3920
0340_00,DragonDash,SpCostBK,5200
0340_00,DragonDash,HighSpeedSpCostLP,4900
0340_00,ZBurstDash,SpCostIN,10000
0340_00,ZBurstDash,SpCostLP,11000
0340_00,ZBurstDash,BurstSmashSpCostLP,3500
0340_00,DashUpDown,SpCostUpIN,1000
0340_00,DashUpDown,SpCostUpLP,7840
0340_00,DashUpDown,SpCostDownIN,1000
0340_00,DashUpDown,SpCostDownLP,7840
0340_00,DragonHoming,SpCostIN,250
0340_00,DragonHoming,SpCostLP,3500
0350_00,Character,DestroyedPower,3
0350_00,Character,AbilityFlag.SparkingArmor,false
0350_00,Character,AbilityFlag.AutoReflect,false
0350_00,Character,AbilityFlag.bCanHighSpeedMove,false
0350_00,Character,AbilityFlag.bCanSuperHighSpeedMove,false
0350_00,Character,ActionFlag.HeavyCrash,true
0350_00,Character,ActionFlag.PowerPress,true
0350_00,Character,ActionFlag.TriAttack,true
0350_00,Character,ChaseChangeBlastSlot,EKoratBlastSlotType::BlastSkill1
0350_00,Numeric,Life,40000
0350_00,Numeric,SPAutoRecoverySpeed,1750
0350_00,Numeric,SPAutoRecoverySpeedScaleUnderOneGauge,1.3
0350_00,Numeric,SPChargeSpeed,7
0350_00,Numeric,SPChargeSpeedUnderAutoRecoveryLimit,10.5
0350_00,Numeric,SparkingModeGaugeDecreaseSpeed,2800
0350_00,Numeric,BlastStock,4
0350_00,Numeric,AttackChargeSpeedsBySmashLevel[0],3
0350_00,Numeric,AttackChargeSpeedsBySmashLevel[1],5.4
0350_00,Numeric,AttackChargeSpeedsBySmashLevel[2],7.5
0350_00,Numeric,PursuitBaseLimit,2
0350_00,Numeric,PursuitLimitDragonHoming,0
0350_00,Numeric,PursuitLimitVanishingAttack,0
0350_00,Numeric,PursuitBaseLimitAddAtSparking,2
0350_00,Numeric,PursuitLimitDragonHomingAddAtSparking,0
0350_00,Numeric,PursuitLimitVanishingAttackAddAtSparking,0
0350_00,Numeric,PursuitLimitLightningAttackAddAtSparking,0
0350_00,Numeric,IdealPositionMidAirKick,86
0350_00,Numeric,ReactionSplitHighBorder,0.6
0350_00,Numeric,ReactionSplitMidBorder,0.4
0350_00,Numeric,ReactionSplitLowBorder,0.2
0350_00,Numeric,BulletNum,6
0350_00,Numeric,JumpBulletNum,3
0350_00,Numeric,RushBulletLimit,6
0350_00,Numeric,SmashBulletLimit,1
0350_00,Numeric,AttackBreakSkillGaugeGain,0.15
0350_00,Numeric,FastAvoidSkillGaugeGain,0.05
0350_00,Numeric,ThrowBreakSkillGaugeGain,0.1
0350_00,Numeric,BackAttackedSkillGaugeGain,0.03
0350_00,Numeric,LastOneHPSkillGaugeGain,1
0350_00,Numeric,ImpactStartSkillGaugeGain,1
0350_00,Numeric,RushOffsetSkillGaugeGain,0.05
0350_00,Numeric,CollisionOffsetSkillGaugeGain,0.5
0350_00,Numeric,DragonHomingChangeTrajectorySkillGaugeGain,0.1
0350_00,Numeric,BurstSmashGaugeGain,0.1
0350_00,Numeric,ExParam,12
0350_00,Steps,StepShortDash.AddToSpeedScale,60000
0350_00,Steps,StepShortDash.MaxAcceleration,50000
0350_00,Steps,StepShortDash.BrakingDeceleration,20000
0350_00,Steps,StepShortDash.ElapsedTimeToOT,0.033333
0350_00,Steps,StepShortDash.Duration,0.333333
0350_00,Steps,StepShortDash.CoolTime,0.05
0350_00,Steps,StepShortDash.bIsStopClearSpeed,true
0350_00,Steps,StepShortDash.StopBrakingDeceleration,10000000
0350_00,Steps,StepShortDash.SpCost,1250
0350_00,Steps,StepCancelShortDash.AddToSpeedScale,60000
0350_00,Steps,StepCancelShortDash.MaxAcceleration,50000
0350_00,Steps,StepCancelShortDash.BrakingDeceleration,20000
0350_00,Steps,StepCancelShortDash.ElapsedTimeToOT,0.033333
0350_00,Steps,StepCancelShortDash.Duration,0.333333
0350_00,Steps,StepCancelShortDash.CoolTime,0.416667
0350_00,Steps,StepCancelShortDash.bIsStopClearSpeed,true
0350_00,Steps,StepCancelShortDash.StopBrakingDeceleration,10000000
0350_00,Steps,StepCancelShortDash.SpCost,625
0350_00,DragonDash,SpCostIN,425
0350_00,DragonDash,SpCostLP,3332
0350_00,DragonDash,SpCostBK,4420
0350_00,DragonDash,HighSpeedSpCostLP,4410
0350_00,ZBurstDash,SpCostIN,8500
0350_00,ZBurstDash,SpCostLP,9350
0350_00,ZBurstDash,BurstSmashSpCostLP,2975
0350_00,DashUpDown,SpCostUpIN,850
0350_00,DashUpDown,SpCostUpLP,6664
0350_00,DashUpDown,SpCostDownIN,850
0350_00,DashUpDown,SpCostDownLP,6664
0350_00,DragonHoming,SpCostIN,212.5
0350_00,DragonHoming,SpCostLP,2975
0351_00,Character,DestroyedPower,3
0351_00,Character,AbilityFlag.AutoReflect,false
0351_00,Character,AbilityFlag.bCanHighSpeedMove,false
0351_00,Character,AbilityFlag.bCanSuperHighSpeedMove,false
0351_00,Character,ActionFlag.ThrowEscape,true
0351_00,Character,ActionFlag.CannonCombo,true
0351_00,Character,ActionFlag.SpiralSlash,true
0351_00,Character,ActionFlag.RollingHurricane,true
0351_00,Character,ActionFlag.TriAttack,true
0351_00,Character,ActionFlag.AirRush,true
0351_00,Character,ActionFlag.DeltaStorm,true
0351_00,Character,ActionFlag.SparkingRush,true
0351_00,Character,ChaseChangeBlastSlot,EKoratBlastSlotType::BlastSkill1
0351_00,Numeric,Life,40000
0351_00,Numeric,DamageRate,0.98
0351_00,Numeric,SPAutoRecoverySpeed,1750
0351_00,Numeric,SPAutoRecoverySpeedScaleUnderOneGauge,1.3
0351_00,Numeric,SPChargeSpeed,7
0351_00,Numeric,SPChargeSpeedUnderAutoRecoveryLimit,10.5
0351_00,Numeric,SparkingModeGaugeDecreaseSpeed,2800
0351_00,Numeric,GuardCrashedByCombativesBlastSpDamageRate,0.75
0351_00,Numeric,StunReactionRecoverySpeedScale,1.3
0351_00,Numeric,StunReactionInputRecoverySpeedScale,1.3
0351_00,Numeric,LimitBoostRecoverySpeedScale,1.3
0351_00,Numeric,LimitBoostInputRecoverySpeedScale,1.3
0351_00,Numeric,BlastStock,4
0351_00,Numeric,AttackChargeSpeedsBySmashLevel[0],3
0351_00,Numeric,AttackChargeSpeedsBySmashLevel[1],5.4
0351_00,Numeric,AttackChargeSpeedsBySmashLevel[2],7.5
0351_00,Numeric,PursuitBaseLimit,2
0351_00,Numeric,PursuitLimitDragonHoming,0
0351_00,Numeric,PursuitLimitVanishingAttack,0
0351_00,Numeric,PursuitBaseLimitAddAtSparking,2
0351_00,Numeric,PursuitLimitDragonHomingAddAtSparking,0
0351_00,Numeric,PursuitLimitVanishingAttackAddAtSparking,0
0351_00,Numeric,PursuitLimitLightningAttackAddAtSparking,0
0351_00,Numeric,IdealPositionMidAirKick,82
0351_00,Numeric,ReactionSplitHighBorder,0.6
0351_00,Numeric,ReactionSplitMidBorder,0.4
0351_00,Numeric,ReactionSplitLowBorder,0.2
0351_00,Numeric,BulletNum,7
0351_00,Numeric,JumpBulletNum,7
0351_00,Numeric,JumpBulletSetNum,1
0351_00,Numeric,DashBulletNum,5
0351_00,Numeric,RushBulletLimit,7
0351_00,Numeric,SmashBulletLimit,1
0351_00,Numeric,AttackBreakSkillGaugeGain,0.15
0351_00,Numeric,FastAvoidSkillGaugeGain,0.05
0351_00,Numeric,ThrowBreakSkillGaugeGain,0.1
0351_00,Numeric,BackAttackedSkillGaugeGain,0.03
0351_00,Numeric,LastOneHPSkillGaugeGain,1
0351_00,Numeric,ImpactStartSkillGaugeGain,1
0351_00,Numeric,RushOffsetSkillGaugeGain,0.05
0351_00,Numeric,CollisionOffsetSkillGaugeGain,0.5
0351_00,Numeric,DragonHomingChangeTrajectorySkillGaugeGain,0.1
0351_00,Numeric,BurstSmashGaugeGain,0.1
0351_00,Numeric,ExParam,12
0351_00,Steps,StepShortDash.AddToSpeedScale,60000
0351_00,Steps,StepShortDash.MaxAcceleration,50000
0351_00,Steps,StepShortDash.BrakingDeceleration,20000
0351_00,Steps,StepShortDash.ElapsedTimeToOT,0.033333
0351_00,Steps,StepShortDash.Duration,0.333333
0351_00,Steps,StepShortDash.CoolTime,0.05
0351_00,Steps,StepShortDash.bIsStopClearSpeed,true
0351_00,Steps,StepShortDash.StopBrakingDeceleration,10000000
0351_00,Steps,StepShortDash.SpCost,3850
0351_00,Steps,StepCancelShortDash.AddToSpeedScale,60000
0351_00,Steps,StepCancelShortDash.MaxAcceleration,50000
0351_00,Steps,StepCancelShortDash.BrakingDeceleration,20000
0351_00,Steps,StepCancelShortDash.ElapsedTimeToOT,0.033333
0351_00,Steps,StepCancelShortDash.Duration,0.333333
0351_00,Steps,StepCancelShortDash.CoolTime,0.416667
0351_00,Steps,StepCancelShortDash.bIsStopClearSpeed,true
0351_00,Steps,StepCancelShortDash.StopBrakingDeceleration,10000000
0351_00,Steps,StepCancelShortDash.SpCost,1925
0351_00,DragonDash,SpCostIN,500
0351_00,DragonDash,SpCostLP,3920
0351_00,DragonDash,SpCostBK,5200
0351_00,DragonDash,HighSpeedSpCostLP,4900
0351_00,ZBurstDash,SpCostIN,10000
0351_00,ZBurstDash,SpCostLP,11000
0351_00,ZBurstDash,BurstSmashSpCostLP,3500
0351_00,DashUpDown,SpCostUpIN,1000
0351_00,DashUpDown,SpCostUpLP,7840
0351_00,DashUpDown,SpCostDownIN,1000
0351_00,DashUpDown,SpCostDownLP,7840
0351_00,DragonHoming,SpCostIN,250
0351_00,DragonHoming,SpCostLP,3500
0360_00,Character,DestroyedPower,3
0360_00,Character,AbilityFlag.AutoReflect,false
0360_00,Character,AbilityFlag.bCanHighSpeedMove,false
0360_00,Character,AbilityFlag.bCanSuperHighSpeedMove,false
0360_00,Character,ActionFlag.CannonCombo,true
0360_00,Character,ActionFlag.SpiralSlash,true
0360_00,Character,ActionFlag.RollingHurricane,true
0360_00,Character,ActionFlag.TriAttack,true
0360_00,Character,ActionFlag.AirRush,true
0360_00,Character,ActionFlag.DeltaStorm,true
0360_00,Character,ActionFlag.SparkingRush,true
0360_00,Character,ChaseChangeBlastSlot,EKoratBlastSlotType::BlastSkill1
0360_00,Numeric,Life,40000
0360_00,Numeric,DamageRate,0.95
0360_00,Numeric,SPAutoRecoverySpeed,1500
0360_00,Numeric,SPAutoRecoverySpeedScaleUnderOneGauge,1.3
0360_00,Numeric,SPChargeSpeed,8
0360_00,Numeric,SPChargeSpeedUnderAutoRecoveryLimit,12
0360_00,Numeric,SparkingModeGaugeDecreaseSpeed,2800
0360_00,Numeric,GuardCrashedByCombativesBlastSpDamageRate,0.75
0360_00,Numeric,StunReactionRecoverySpeedScale,1.3
0360_00,Numeric,StunReactionInputRecoverySpeedScale,1.3
0360_00,Numeric,LimitBoostRecoverySpeedScale,1.3
0360_00,Numeric,LimitBoostInputRecoverySpeedScale,1.3
0360_00,Numeric,BlastStock,4
0360_00,Numeric,AttackChargeSpeedsBySmashLevel[0],3
0360_00,Numeric,AttackChargeSpeedsBySmashLevel[1],5.4
0360_00,Numeric,AttackChargeSpeedsBySmashLevel[2],7.5
0360_00,Numeric,PursuitBaseLimit,2
0360_00,Numeric,PursuitLimitDragonHoming,0
0360_00,Numeric,PursuitLimitVanishingAttack,0
0360_00,Numeric,PursuitBaseLimitAddAtSparking,2
0360_00,Numeric,PursuitLimitDragonHomingAddAtSparking,0
0360_00,Numeric,PursuitLimitVanishingAttackAddAtSparking,0
0360_00,Numeric,PursuitLimitLightningAttackAddAtSparking,0
0360_00,Numeric,IdealPositionMidAirKick,68
0360_00,Numeric,ReactionSplitHighBorder,0.6
0360_00,Numeric,ReactionSplitMidBorder,0.4
0360_00,Numeric,ReactionSplitLowBorder,0.2
0360_00,Numeric,BulletNum,5
0360_00,Numeric,JumpBulletNum,5
0360_00,Numeric,JumpBulletSetNum,1
0360_00,Numeric,RushBulletLimit,5
0360_00,Numeric,SmashBulletLimit,1
0360_00,Numeric,AttackBreakSkillGaugeGain,0.15
0360_00,Numeric,FastAvoidSkillGaugeGain,0.05
0360_00,Numeric,ThrowBreakSkillGaugeGain,0.1
0360_00,Numeric,BackAttackedSkillGaugeGain,0.03
0360_00,Numeric,LastOneHPSkillGaugeGain,1
0360_00,Numeric,ImpactStartSkillGaugeGain,1
0360_00,Numeric,RushOffsetSkillGaugeGain,0.05
0360_00,Numeric,CollisionOffsetSkillGaugeGain,0.5
0360_00,Numeric,DragonHomingChangeTrajectorySkillGaugeGain,0.1
0360_00,Numeric,BurstSmashGaugeGain,0.1
0360_00,Numeric,ExParam,12
0360_00,Steps,StepShortDash.AddToSpeedScale,60000
0360_00,Steps,StepShortDash.MaxAcceleration,50000
0360_00,Steps,StepShortDash.BrakingDeceleration,20000
0360_00,Steps,StepShortDash.ElapsedTimeToOT,0.033333
0360_00,Steps,StepShortDash.Duration,0.333333
0360_00,Steps,StepShortDash.CoolTime,0.05
0360_00,Steps,StepShortDash.bIsStopClearSpeed,true
0360_00,Steps,StepShortDash.StopBrakingDeceleration,10000000
0360_00,Steps,StepShortDash.SpCost,3850
0360_00,Steps,StepCancelShortDash.AddToSpeedScale,60000
0360_00,Steps,StepCancelShortDash.MaxAcceleration,50000
0360_00,Steps,StepCancelShortDash.BrakingDeceleration,20000
0360_00,Steps,StepCancelShortDash.ElapsedTimeToOT,0.033333
0360_00,Steps,StepCancelShortDash.Duration,0.333333
0360_00,Steps,StepCancelShortDash.CoolTime,0.416667
0360_00,Steps,StepCancelShortDash.bIsStopClearSpeed,true
0360_00,Steps,StepCancelShortDash.StopBrakingDeceleration,10000000
0360_00,Steps,StepCancelShortDash.SpCost,1925
0360_00,DragonDash,SpCostIN,500
0360_00,DragonDash,SpCostLP,3920
0360_00,DragonDash,SpCostBK,5200
0360_00,DragonDash,HighSpeedSpCostLP,4900
0360_00,ZBurstDash,SpCostIN,10000
0360_00,ZBurstDash,SpCostLP,11000
0360_00,ZBurstDash,BurstSmashSpCostLP,3500
0360_00,DashUpDown,SpCostUpIN,1000
0360_00,DashUpDown,SpCostUpLP,7840
0360_00,DashUpDown,SpCostDownIN,1000
0360_00,DashUpDown,SpCostDownLP,7840
0360_00,DragonHoming,SpCostIN,250
0360_00,DragonHoming,SpCostLP,3500
0370_00,Character,DestroyedPower,3
0370_00,Character,AbilityFlag.SparkingArmor,false
0370_00,Character,AbilityFlag.AutoReflect,false
0370_00,Character,AbilityFlag.bCanHighSpeedMove,false
0370_00,Character,AbilityFlag.bCanSuperHighSpeedMove,false
0370_00,Character,ActionFlag.HeavyCrash,true
0370_00,Character,ActionFlag.CannonCombo,true
0370_00,Character,ActionFlag.PowerPress,true
0370_00,Character,ActionFlag.TriAttack,true
0370_00,Character,ActionFlag.AirRush,true
0370_00,Character,ChaseChangeBlastSlot,EKoratBlastSlotType::BlastSkill1
0370_00,Numeric,Life,40000
0370_00,Numeric,InitialSP,10000
0370_00,Numeric,SPAutoRecoverySpeed,1750
0370_00,Numeric,SPAutoRecoverySpeedScaleUnderOneGauge,1.3
0370_00,Numeric,SPChargeSpeed,7
0370_00,Numeric,SPChargeSpeedUnderAutoRecoveryLimit,10.5
0370_00,Numeric,SparkingModeGaugeDecreaseSpeed,2800
0370_00,Numeric,BlastStock,4
0370_00,Numeric,InitialBlastStock,2
0370_00,Numeric,AttackChargeSpeedsBySmashLevel[0],3
0370_00,Numeric,AttackChargeSpeedsBySmashLevel[1],5.4
0370_00,Numeric,AttackChargeSpeedsBySmashLevel[2],7.5
0370_00,Numeric,PursuitBaseLimit,2
0370_00,Numeric,PursuitLimitDragonHoming,0
0370_00,Numeric,PursuitLimitVanishingAttack,0
0370_00,Numeric,PursuitBaseLimitAddAtSparking,2
0370_00,Numeric,PursuitLimitDragonHomingAddAtSparking,0
0370_00,Numeric,PursuitLimitVanishingAttackAddAtSparking,0
0370_00,Numeric,PursuitLimitLightningAttackAddAtSparking,0
0370_00,Numeric,IdealPositionMidAirKick,68
0370_00,Numeric,ReactionSplitHighBorder,0.7
0370_00,Numeric,ReactionSplitMidBorder,0.35
0370_00,Numeric,ReactionSplitLowBorder,0.175
0370_00,Numeric,BulletNum,8
0370_00,Numeric,DashBulletNum,6
0370_00,Numeric,RushBulletLimit,8
0370_00,Numeric,SmashBulletLimit,1
0370_00,Numeric,AttackBreakSkillGaugeGain,0.15
0370_00,Numeric,FastAvoidSkillGaugeGain,0.05
0370_00,Numeric,ThrowBreakSkillGaugeGain,0.1
0370_00,Numeric,BackAttackedSkillGaugeGain,0.03
0370_00,Numeric,LastOneHPSkillGaugeGain,1
0370_00,Numeric,ImpactStartSkillGaugeGain,1
0370_00,Numeric,RushOffsetSkillGaugeGain,0.05
0370_00,Numeric,CollisionOffsetSkillGaugeGain,0.5
0370_00,Numeric,DragonHomingChangeTrajectorySkillGaugeGain,0.1
0370_00,Numeric,BurstSmashGaugeGain,0.1
0370_00,Numeric,ExParam,12
0370_00,Steps,StepShortDash.AddToSpeedScale,60000
0370_00,Steps,StepShortDash.MaxAcceleration,60000
0370_00,Steps,StepShortDash.BrakingDeceleration,30000
0370_00,Steps,StepShortDash.ElapsedTimeToOT,0.033333
0370_00,Steps,StepShortDash.Duration,0.333333
0370_00,Steps,StepShortDash.CoolTime,0.05
0370_00,Steps,StepShortDash.bIsStopClearSpeed,true
0370_00,Steps,StepShortDash.StopBrakingDeceleration,10000000
0370_00,Steps,StepShortDash.SpCost,2650
0370_00,Steps,StepCancelShortDash.AddToSpeedScale,60000
0370_00,Steps,StepCancelShortDash.MaxAcceleration,60000
0370_00,Steps,StepCancelShortDash.BrakingDeceleration,30000
0370_00,Steps,StepCancelShortDash.ElapsedTimeToOT,0.033333
0370_00,Steps,StepCancelShortDash.Duration,0.333333
0370_00,Steps,StepCancelShortDash.CoolTime,0.416667
0370_00,Steps,StepCancelShortDash.bIsStopClearSpeed,true
0370_00,Steps,StepCancelShortDash.StopBrakingDeceleration,10000000
0370_00,Steps,StepCancelShortDash.SpCost,1325
0370_00,DragonDash,SpCostIN,500
0370_00,DragonDash,SpCostLP,3920
0370_00,DragonDash,SpCostBK,5200
0370_00,DragonDash,HighSpeedSpCostLP,4900
0370_00,ZBurstDash,SpCostIN,10000
0370_00,ZBurstDash,SpCostLP,11000
0370_00,ZBurstDash,BurstSmashSpCostLP,3500
0370_00,DashUpDown,SpCostUpIN,1000
0370_00,DashUpDown,SpCostUpLP,7840
0370_00,DashUpDown,SpCostDownIN,1000
0370_00,DashUpDown,SpCostDownLP,7840
0370_00,DragonHoming,SpCostIN,250
0370_00,DragonHoming,SpCostLP,3500
0380_00,Character,DestroyedPower,4
0380_00,Character,AbilityFlag.SparkingArmor,false
0380_00,Character,AbilityFlag.AutoReflect,false
0380_00,Character,AbilityFlag.bCanHighSpeedMove,false
0380_00,Character,AbilityFlag.bCanSuperHighSpeedMove,false
0380_00,Character,ActionFlag.PowerPress,true
0380_00,Character,ActionFlag.TriAttack,true
0380_00,Character,ActionFlag.AirRush,true
0380_00,Character,ChaseChangeBlastSlot,EKoratBlastSlotType::BlastSkill1
0380_00,Numeric,Life,40000
0380_00,Numeric,InitialSP,30000
0380_00,Numeric,SPAutoRecoverySpeed,1750
0380_00,Numeric,SPAutoRecoverySpeedScaleUnderOneGauge,1.3
0380_00,Numeric,SPChargeSpeed,7
0380_00,Numeric,SPChargeSpeedUnderAutoRecoveryLimit,10.5
0380_00,Numeric,SparkingModeGaugeDecreaseSpeed,2800
0380_00,Numeric,BlastStock,4
0380_00,Numeric,AttackChargeSpeedsBySmashLevel[0],3
0380_00,Numeric,AttackChargeSpeedsBySmashLevel[1],5.4
0380_00,Numeric,AttackChargeSpeedsBySmashLevel[2],7.5
0380_00,Numeric,PursuitBaseLimit,2
0380_00,Numeric,PursuitLimitDragonHoming,0
0380_00,Numeric,PursuitLimitVanishingAttack,0
0380_00,Numeric,PursuitBaseLimitAddAtSparking,2
0380_00,Numeric,PursuitLimitDragonHomingAddAtSparking,0
0380_00,Numeric,PursuitLimitVanishingAttackAddAtSparking,0
0380_00,Numeric,PursuitLimitLightningAttackAddAtSparking,0
0380_00,Numeric,IdealPositionMidAirKick,90
0380_00,Numeric,ReactionSplitHighBorder,0.6
0380_00,Numeric,ReactionSplitMidBorder,0.4
0380_00,Numeric,ReactionSplitLowBorder,0.2
0380_00,Numeric,BulletNum,7
0380_00,Numeric,JumpBulletNum,7
0380_00,Numeric,JumpBulletSetNum,1
0380_00,Numeric,RushBulletLimit,7
0380_00,Numeric,SmashBulletLimit,1
0380_00,Numeric,AttackBreakSkillGaugeGain,0.15
0380_00,Numeric,FastAvoidSkillGaugeGain,0.05
0380_00,Numeric,ThrowBreakSkillGaugeGain,0.1
0380_00,Numeric,BackAttackedSkillGaugeGain,0.03
0380_00,Numeric,LastOneHPSkillGaugeGain,1
0380_00,Numeric,ImpactStartSkillGaugeGain,1
0380_00,Numeric,RushOffsetSkillGaugeGain,0.05
0380_00,Numeric,CollisionOffsetSkillGaugeGain,0.5
0380_00,Numeric,DragonHomingChangeTrajectorySkillGaugeGain,0.1
0380_00,Numeric,BurstSmashGaugeGain,0.1
0380_00,Numeric,ExParam,8
0380_00,Steps,StepShortDash.AddToSpeedScale,60000
0380_00,Steps,StepShortDash.MaxAcceleration,60000
0380_00,Steps,StepShortDash.BrakingDeceleration,30000
0380_00,Steps,StepShortDash.ElapsedTimeToOT,0.033333
0380_00,Steps,StepShortDash.Duration,0.333333
0380_00,Steps,StepShortDash.CoolTime,0.05
0380_00,Steps,StepShortDash.bIsStopClearSpeed,true
0380_00,Steps,StepShortDash.StopBrakingDeceleration,10000000
0380_00,Steps,StepShortDash.SpCost,2650
0380_00,Steps,StepCancelShortDash.AddToSpeedScale,60000
0380_00,Steps,StepCancelShortDash.MaxAcceleration,60000
0380_00,Steps,StepCancelShortDash.BrakingDeceleration,30000
0380_00,Steps,StepCancelShortDash.ElapsedTimeToOT,0.033333
0380_00,Steps,StepCancelShortDash.Duration,0.333333
0380_00,Steps,StepCancelShortDash.CoolTime,0.416667
0380_00,Steps,StepCancelShortDash.bIsStopClearSpeed,true
0380_00,Steps,StepCancelShortDash.StopBrakingDeceleration,10000000
0380_00,Steps,StepCancelShortDash.SpCost,1325
0380_00,DragonDash,SpCostIN,500
0380_00,DragonDash,SpCostLP,3920
0380_00,DragonDash,SpCostBK,5200
0380_00,DragonDash,HighSpeedSpCostLP,4900
0380_00,ZBurstDash,SpCostIN,10000
0380_00,ZBurstDash,SpCostLP,11000
0380_00,ZBurstDash,BurstSmashSpCostLP,3500
0380_00,DashUpDown,SpCostUpIN,1000
0380_00,DashUpDown,SpCostUpLP,7840
0380_00,DashUpDown,SpCostDownIN,1000
0380_00,DashUpDown,SpCostDownLP,7840
0380_00,DragonHoming,SpCostIN,250
0380_00,DragonHoming,SpCostLP,3500
0390_00,Character,DestroyedPower,3
0390_00,Character,AbilityFlag.AutoReflect,false
0390_00,Character,AbilityFlag.bCanHighSpeedMove,false
0390_00,Character,AbilityFlag.bCanSuperHighSpeedMove,false
0390_00,Character,ActionFlag.ThrowEscape,true
0390_00,Character,ActionFlag.CannonCombo,true
0390_00,Character,ActionFlag.RollingHurricane,true
0390_00,Character,ActionFlag.TriAttack,true
0390_00,Character,ActionFlag.AirRush,true
0390_00,Character,ActionFlag.DeltaStorm,true
0390_00,Character,ActionFlag.SparkingRush,true
0390_00,Character,ChaseChangeBlastSlot,EKoratBlastSlotType::BlastSkill1
0390_00,Numeric,Life,40000
0390_00,Numeric,DamageRate,0.9
0390_00,Numeric,SPAutoRecoverySpeed,1750
0390_00,Numeric,SPAutoRecoverySpeedScaleUnderOneGauge,1.3
0390_00,Numeric,SPChargeSpeed,7
0390_00,Numeric,SPChargeSpeedUnderAutoRecoveryLimit,10.5
0390_00,Numeric,SparkingModeGaugeDecreaseSpeed,2800
0390_00,Numeric,GuardCrashedByCombativesBlastSpDamageRate,0.75
0390_00,Numeric,StunReactionRecoverySpeedScale,1.3
0390_00,Numeric,StunReactionInputRecoverySpeedScale,1.3
0390_00,Numeric,LimitBoostRecoverySpeedScale,1.3
0390_00,Numeric,LimitBoostInputRecoverySpeedScale,1.3
0390_00,Numeric,BlastStock,4
0390_00,Numeric,AttackChargeSpeedsBySmashLevel[0],3
0390_00,Numeric,AttackChargeSpeedsBySmashLevel[1],5.4
0390_00,Numeric,AttackChargeSpeedsBySmashLevel[2],7.5
0390_00,Numeric,PursuitBaseLimit,2
0390_00,Numeric,PursuitLimitDragonHoming,0
0390_00,Numeric,PursuitLimitVanishingAttack,0
0390_00,Numeric,PursuitBaseLimitAddAtSparking,1
0390_00,Numeric,PursuitLimitDragonHomingAddAtSparking,0
0390_00,Numeric,PursuitLimitVanishingAttackAddAtSparking,0
0390_00,Numeric,PursuitLimitLightningAttackAddAtSparking,0
0390_00,Numeric,IdealPositionMidAirKick,88
0390_00,Numeric,ReactionSplitHighBorder,0.6
0390_00,Numeric,ReactionSplitMidBorder,0.4
0390_00,Numeric,ReactionSplitLowBorder,0.2
0390_00,Numeric,BulletNum,8
0390_00,Numeric,DashBulletNum,6
0390_00,Numeric,RushBulletLimit,8
0390_00,Numeric,SmashBulletLimit,1
0390_00,Numeric,AttackBreakSkillGaugeGain,0.15
0390_00,Numeric,FastAvoidSkillGaugeGain,0.05
0390_00,Numeric,ThrowBreakSkillGaugeGain,0.1
0390_00,Numeric,BackAttackedSkillGaugeGain,0.03
0390_00,Numeric,LastOneHPSkillGaugeGain,1
0390_00,Numeric,ImpactStartSkillGaugeGain,1
0390_00,Numeric,RushOffsetSkillGaugeGain,0.05
0390_00,Numeric,CollisionOffsetSkillGaugeGain,0.5
0390_00,Numeric,DragonHomingChangeTrajectorySkillGaugeGain,0.1
0390_00,Numeric,BurstSmashGaugeGain,0.1
0390_00,Numeric,ExParam,8
0390_00,Steps,StepShortDash.AddToSpeedScale,60000
0390_00,Steps,StepShortDash.MaxAcceleration,50000
0390_00,Steps,StepShortDash.BrakingDeceleration,20000
0390_00,Steps,StepShortDash.ElapsedTimeToOT,0.033333
0390_00,Steps,StepShortDash.Duration,0.333333
0390_00,Steps,StepShortDash.CoolTime,0.05
0390_00,Steps,StepShortDash.bIsStopClearSpeed,true
0390_00,Steps,StepShortDash.StopBrakingDeceleration,10000000
0390_00,Steps,StepShortDash.SpCost,3850
0390_00,Steps,StepCancelShortDash.AddToSpeedScale,60000
0390_00,Steps,StepCancelShortDash.MaxAcceleration,50000
0390_00,Steps,StepCancelShortDash.BrakingDeceleration,20000
0390_00,Steps,StepCancelShortDash.ElapsedTimeToOT,0.033333
0390_00,Steps,StepCancelShortDash.Duration,0.333333
0390_00,Steps,StepCancelShortDash.CoolTime,0.416667
0390_00,Steps,StepCancelShortDash.bIsStopClearSpeed,true
0390_00,Steps,StepCancelShortDash.StopBrakingDeceleration,10000000
0390_00,Steps,StepCancelShortDash.SpCost,1925
0390_00,DragonDash,SpCostIN,500
0390_00,DragonDash,SpCostLP,3920
0390_00,DragonDash,SpCostBK,5200
0390_00,DragonDash,HighSpeedSpCostLP,4900
0390_00,ZBurstDash,SpCostIN,10000
0390_00,ZBurstDash,SpCostLP,11000
0390_00,ZBurstDash,BurstSmashSpCostLP,3500
0390_00,DashUpDown,SpCostUpIN,1000
0390_00,DashUpDown,SpCostUpLP,7840
0390_00,DashUpDown,SpCostDownIN,1000
0390_00,DashUpDown,SpCostDownLP,7840
0390_00,DragonHoming,SpCostIN,250
0390_00,DragonHoming,SpCostLP,3500
0400_00,Character,DestroyedPower,3
0400_00,Character,AbilityFlag.SparkingArmor,false
0400_00,Character,AbilityFlag.AutoReflect,false
0400_00,Character,ActionFlag.DragonTornado,true
0400_00,Character,ActionFlag.HeavyCrash,true
0400_00,Character,ActionFlag.PowerPress,true
0400_00,Character,ActionFlag.TriAttack,true
0400_00,Character,ChaseChangeBlastSlot,EKoratBlastSlotType::BlastSkill1
0400_00,Numeric,Life,40000
0400_00,Numeric,DamageRate,1.1
0400_00,Numeric,InitialSP,10000
0400_00,Numeric,SPAutoRecoverySpeed,1750
0400_00,Numeric,SPAutoRecoverySpeedScaleUnderOneGauge,1.3
0400_00,Numeric,SPChargeSpeed,7
0400_00,Numeric,SPChargeSpeedUnderAutoRecoveryLimit,10.5
0400_00,Numeric,SparkingModeGaugeDecreaseSpeed,2800
0400_00,Numeric,GuardCrashedByCombativesBlastSpDamageRate,0.75
0400_00,Numeric,BlastStock,4
0400_00,Numeric,AttackChargeSpeedsBySmashLevel[0],3
0400_00,Numeric,AttackChargeSpeedsBySmashLevel[1],5.4
0400_00,Numeric,AttackChargeSpeedsBySmashLevel[2],7.5
0400_00,Numeric,PursuitBaseLimit,3
0400_00,Numeric,PursuitLimitDragonHoming,0
0400_00,Numeric,PursuitLimitVanishingAttack,0
0400_00,Numeric,PursuitBaseLimitAddAtSparking,3
0400_00,Numeric,PursuitLimitDragonHomingAddAtSparking,0
0400_00,Numeric,PursuitLimitVanishingAttackAddAtSparking,0
0400_00,Numeric,PursuitLimitLightningAttackAddAtSparking,0
0400_00,Numeric,IdealPositionMidAirKick,90
0400_00,Numeric,ReactionSplitHighBorder,0.6
0400_00,Numeric,ReactionSplitMidBorder,0.4
0400_00,Numeric,ReactionSplitLowBorder,0.2
0400_00,Numeric,BulletNum,4
0400_00,Numeric,JumpBulletSetNum,1
0400_00,Numeric,DashBulletNum,3
0400_00,Numeric,RushBulletLimit,4
0400_00,Numeric,SmashBulletLimit,1
0400_00,Numeric,AttackBreakSkillGaugeGain,0.15
0400_00,Numeric,FastAvoidSkillGaugeGain,0.05
0400_00,Numeric,ThrowBreakSkillGaugeGain,0.1
0400_00,Numeric,BackAttackedSkillGaugeGain,0.03
0400_00,Numeric,LastOneHPSkillGaugeGain,1
0400_00,Numeric,ImpactStartSkillGaugeGain,1
0400_00,Numeric,RushOffsetSkillGaugeGain,0.05
0400_00,Numeric,CollisionOffsetSkillGaugeGain,0.5
0400_00,Numeric,DragonHomingChangeTrajectorySkillGaugeGain,0.1
0400_00,Numeric,BurstSmashGaugeGain,0.1
0400_00,Numeric,ExParam,8
0400_00,Steps,StepShortDash.AddToSpeedScale,60000
0400_00,Steps,StepShortDash.MaxAcceleration,50000
0400_00,Steps,StepShortDash.BrakingDeceleration,20000
0400_00,Steps,StepShortDash.ElapsedTimeToOT,0.033333
0400_00,Steps,StepShortDash.Duration,0.333333
0400_00,Steps,StepShortDash.CoolTime,0.05
0400_00,Steps,StepShortDash.bIsStopClearSpeed,true
0400_00,Steps,StepShortDash.StopBrakingDeceleration,10000000
0400_00,Steps,StepShortDash.SpCost,750
0400_00,Steps,StepCancelShortDash.AddToSpeedScale,60000
0400_00,Steps,StepCancelShortDash.MaxAcceleration,50000
0400_00,Steps,StepCancelShortDash.BrakingDeceleration,20000
0400_00,Steps,StepCancelShortDash.ElapsedTimeToOT,0.033333
0400_00,Steps,StepCancelShortDash.Duration,0.333333
0400_00,Steps,StepCancelShortDash.CoolTime,0.416667
0400_00,Steps,StepCancelShortDash.bIsStopClearSpeed,true
0400_00,Steps,StepCancelShortDash.StopBrakingDeceleration,10000000
0400_00,Steps,StepCancelShortDash.SpCost,375
0400_00,DragonDash,SpCostIN,425
0400_00,DragonDash,SpCostLP,3332
0400_00,DragonDash,SpCostBK,4420
0400_00,DragonDash,HighSpeedSpCostLP,4410
0400_00,ZBurstDash,SpCostIN,8500
0400_00,ZBurstDash,SpCostLP,9350
0400_00,ZBurstDash,BurstSmashSpCostLP,2975
0400_00,DashUpDown,SpCostUpIN,850
0400_00,DashUpDown,SpCostUpLP,6664
0400_00,DashUpDown,SpCostDownIN,850
0400_00,DashUpDown,SpCostDownLP,6664
0400_00,DragonHoming,SpCostIN,212.5
0400_00,DragonHoming,SpCostLP,2975
0410_00,Character,DestroyedPower,3
0410_00,Character,AbilityFlag.SparkingArmor,false
0410_00,Character,AbilityFlag.AutoReflect,false
0410_00,Character,AbilityFlag.bCanHighSpeedMove,false
0410_00,Character,AbilityFlag.bCanSuperHighSpeedMove,false
0410_00,Character,ActionFlag.DragonTornado,true
0410_00,Character,ActionFlag.HeavyCrash,true
0410_00,Character,ActionFlag.CannonCombo,true
0410_00,Character,ActionFlag.PowerPress,true
0410_00,Character,ChaseChangeBlastSlot,EKoratBlastSlotType::BlastSkill1
0410_00,Numeric,Life,40000
0410_00,Numeric,InitialSP,10000
0410_00,Numeric,SPAutoRecoverySpeed,1750
0410_00,Numeric,SPAutoRecoverySpeedScaleUnderOneGauge,1.3
0410_00,Numeric,SPChargeSpeed,7
0410_00,Numeric,SPChargeSpeedUnderAutoRecoveryLimit,10.5
0410_00,Numeric,SparkingModeGaugeDecreaseSpeed,2800
0410_00,Numeric,BlastStock,4
0410_00,Numeric,AttackChargeSpeedsBySmashLevel[0],3
0410_00,Numeric,AttackChargeSpeedsBySmashLevel[1],5.4
0410_00,Numeric,AttackChargeSpeedsBySmashLevel[2],7.5
0410_00,Numeric,PursuitBaseLimit,2
0410_00,Numeric,PursuitLimitDragonHoming,0
0410_00,Numeric,PursuitLimitVanishingAttack,0
0410_00,Numeric,PursuitBaseLimitAddAtSparking,2
0410_00,Numeric,PursuitLimitDragonHomingAddAtSparking,0
0410_00,Numeric,PursuitLimitVanishingAttackAddAtSparking,0
0410_00,Numeric,PursuitLimitLightningAttackAddAtSparking,0
0410_00,Numeric,IdealPositionMidAirKick,68
0410_00,Numeric,ReactionSplitHighBorder,0.7
0410_00,Numeric,ReactionSplitMidBorder,0.35
0410_00,Numeric,ReactionSplitLowBorder,0.175
0410_00,Numeric,BulletNum,5
0410_00,Numeric,JumpBulletNum,5
0410_00,Numeric,JumpBulletSetNum,1
0410_00,Numeric,RushBulletLimit,5
0410_00,Numeric,SmashBulletLimit,1
0410_00,Numeric,AttackBreakSkillGaugeGain,0.15
0410_00,Numeric,FastAvoidSkillGaugeGain,0.05
0410_00,Numeric,ThrowBreakSkillGaugeGain,0.1
0410_00,Numeric,BackAttackedSkillGaugeGain,0.03
0410_00,Numeric,LastOneHPSkillGaugeGain,1
0410_00,Numeric,ImpactStartSkillGaugeGain,1
0410_00,Numeric,RushOffsetSkillGaugeGain,0.05
0410_00,Numeric,CollisionOffsetSkillGaugeGain,0.5
0410_00,Numeric,DragonHomingChangeTrajectorySkillGaugeGain,0.1
0410_00,Numeric,BurstSmashGaugeGain,0.1
0410_00,Numeric,ExParam,8
0410_00,Steps,StepShortDash.AddToSpeedScale,60000
0410_00,Steps,StepShortDash.MaxAcceleration,60000
0410_00,Steps,StepShortDash.BrakingDeceleration,30000
0410_00,Steps,StepShortDash.ElapsedTimeToOT,0.033333
0410_00,Steps,StepShortDash.Duration,0.333333
0410_00,Steps,StepShortDash.CoolTime,0.05
0410_00,Steps,StepShortDash.bIsStopClearSpeed,true
0410_00,Steps,StepShortDash.StopBrakingDeceleration,10000000
0410_00,Steps,StepShortDash.SpCost,2650
0410_00,Steps,StepCancelShortDash.AddToSpeedScale,60000
0410_00,Steps,StepCancelShortDash.MaxAcceleration,60000
0410_00,Steps,StepCancelShortDash.BrakingDeceleration,30000
0410_00,Steps,StepCancelShortDash.ElapsedTimeToOT,0.033333
0410_00,Steps,StepCancelShortDash.Duration,0.333333
0410_00,Steps,StepCancelShortDash.CoolTime,0.416667
0410_00,Steps,StepCancelShortDash.bIsStopClearSpeed,true
0410_00,Steps,StepCancelShortDash.StopBrakingDeceleration,10000000
0410_00,Steps,StepCancelShortDash.SpCost,1325
0410_00,DragonDash,SpCostIN,500
0410_00,DragonDash,SpCostLP,3920
0410_00,DragonDash,SpCostBK,5200
0410_00,DragonDash,HighSpeedSpCostLP,4900
0410_00,ZBurstDash,SpCostIN,10000
0410_00,ZBurstDash,SpCostLP,11000
0410_00,ZBurstDash,BurstSmashSpCostLP,3500
0410_00,DashUpDown,SpCostUpIN,1000
0410_00,DashUpDown,SpCostUpLP,7840
0410_00,DashUpDown,SpCostDownIN,1000
0410_00,DashUpDown,SpCostDownLP,7840
0410_00,DragonHoming,SpCostIN,250
0410_00,DragonHoming,SpCostLP,3500
0420_00,Character,DestroyedPower,2
0420_00,Character,AbilityFlag.SparkingArmor,false
0420_00,Character,AbilityFlag.AutoReflect,false
0420_00,Character,AbilityFlag.bCannotPowerImpact,true
0420_00,Character,AbilityFlag.bCannotCrashImpact,true
0420_00,Character,AbilityFlag.bCanHighSpeedMove,false
0420_00,Character,AbilityFlag.bCanSuperHighSpeedMove,false
0420_00,Character,ActionFlag.DawnThrow,true
0420_00,Character,ActionFlag.SpiralSlash,true
0420_00,Character,ActionFlag.PowerPress,true
0420_00,Character,ActionFlag.TriAttack,true
0420_00,Character,ActionFlag.AirRush,true
0420_00,Character,ActionFlag.SparkingRush,true
0420_00,Character,ActionFlag.DashRising,true
0420_00,Character,ActionFlag.DashBlow,true
0420_00,Character,ChaseChangeBlastSlot,EKoratBlastSlotType::BlastSkill2
0420_00,Numeric,Life,30000
0420_00,Numeric,DamageRate,1.1
0420_00,Numeric,InitialSP,10000
0420_00,Numeric,SPAutoRecoverySpeed,1750
0420_00,Numeric,SPAutoRecoverySpeedScaleUnderOneGauge,1.3
0420_00,Numeric,SPChargeSpeed,7
0420_00,Numeric,SPChargeSpeedUnderAutoRecoveryLimit,10.5
0420_00,Numeric,SparkingModeGaugeDecreaseSpeed,2800
0420_00,Numeric,BlastStock,4
0420_00,Numeric,InitialBlastStock,1
0420_00,Numeric,AttackChargeSpeedsBySmashLevel[0],3
0420_00,Numeric,AttackChargeSpeedsBySmashLevel[1],5.4
0420_00,Numeric,AttackChargeSpeedsBySmashLevel[2],7.5
0420_00,Numeric,PursuitBaseLimit,1
0420_00,Numeric,PursuitLimitDragonHoming,0
0420_00,Numeric,PursuitLimitVanishingAttack,0
0420_00,Numeric,PursuitBaseLimitAddAtSparking,2
0420_00,Numeric,PursuitLimitDragonHomingAddAtSparking,0
0420_00,Numeric,PursuitLimitVanishingAttackAddAtSparking,0
0420_00,Numeric,PursuitLimitLightningAttackAddAtSparking,0
0420_00,Numeric,IdealPositionMidAirKick,60
0420_00,Numeric,ReactionSplitHighBorder,0.6
0420_00,Numeric,ReactionSplitMidBorder,0.4
0420_00,Numeric,ReactionSplitLowBorder,0.2
0420_00,Numeric,BulletNum,3
0420_00,Numeric,JumpBulletNum,3
0420_00,Numeric,JumpBulletSetNum,1
0420_00,Numeric,DashBulletNum,3
0420_00,Numeric,RushBulletLimit,3
0420_00,Numeric,SmashBulletLimit,1
0420_00,Numeric,RepelSkillGaugeGainRate,1.6
0420_00,Numeric,AttackBreakSkillGaugeGain,0.15
0420_00,Numeric,FastAvoidSkillGaugeGain,0.05
0420_00,Numeric,ThrowBreakSkillGaugeGain,0.1
0420_00,Numeric,BackAttackedSkillGaugeGain,0.03
0420_00,Numeric,LastOneHPSkillGaugeGain,1
0420_00,Numeric,ImpactStartSkillGaugeGain,1
0420_00,Numeric,RushOffsetSkillGaugeGain,0.05
0420_00,Numeric,CollisionOffsetSkillGaugeGain,0.5
0420_00,Numeric,DragonHomingChangeTrajectorySkillGaugeGain,0.1
0420_00,Numeric,BurstSmashGaugeGain,0.1
0420_00,Numeric,ExParam,8
0420_00,Steps,StepShortDash.AddToSpeedScale,60000
0420_00,Steps,StepShortDash.MaxAcceleration,60000
0420_00,Steps,StepShortDash.BrakingDeceleration,30000
0420_00,Steps,StepShortDash.ElapsedTimeToOT,0.033333
0420_00,Steps,StepShortDash.Duration,0.333333
0420_00,Steps,StepShortDash.CoolTime,0.05
0420_00,Steps,StepShortDash.bIsStopClearSpeed,true
0420_00,Steps,StepShortDash.StopBrakingDeceleration,10000000
0420_00,Steps,StepShortDash.SpCost,2650
0420_00,Steps,StepCancelShortDash.AddToSpeedScale,60000
0420_00,Steps,StepCancelShortDash.MaxAcceleration,60000
0420_00,Steps,StepCancelShortDash.BrakingDeceleration,30000
0420_00,Steps,StepCancelShortDash.ElapsedTimeToOT,0.033333
0420_00,Steps,StepCancelShortDash.Duration,0.333333
0420_00,Steps,StepCancelShortDash.CoolTime,0.416667
0420_00,Steps,StepCancelShortDash.bIsStopClearSpeed,true
0420_00,Steps,StepCancelShortDash.StopBrakingDeceleration,10000000
0420_00,Steps,StepCancelShortDash.SpCost,1325
0420_00,DragonDash,SpCostIN,500
0420_00,DragonDash,SpCostLP,3920
0420_00,DragonDash,SpCostBK,5200
0420_00,DragonDash,HighSpeedSpCostLP,4900
0420_00,ZBurstDash,SpCostIN,10000
0420_00,ZBurstDash,SpCostLP,11000
0420_00,ZBurstDash,BurstSmashSpCostLP,3500
0420_00,DashUpDown,SpCostUpIN,1000
0420_00,DashUpDown,SpCostUpLP,7840
0420_00,DashUpDown,SpCostDownIN,1000
0420_00,DashUpDown,SpCostDownLP,7840
0420_00,DragonHoming,SpCostIN,250
0420_00,DragonHoming,SpCostLP,3500
0430_00,Character,DestroyedPower,4
0430_00,Character,AbilityFlag.SparkingArmor,false
0430_00,Character,AbilityFlag.AutoReflect,false
0430_00,Character,AbilityFlag.bCanHighSpeedMove,false
0430_00,Character,AbilityFlag.bCanSuperHighSpeedMove,false
0430_00,Character,ActionFlag.SpiralSlash,true
0430_00,Character,ActionFlag.PowerPress,true
0430_00,Character,ActionFlag.TriAttack,true
0430_00,Character,ActionFlag.AirRush,true
0430_00,Character,ActionFlag.DeltaStorm,true
0430_00,Character,ActionFlag.SparkingRush,true
0430_00,Character,ChaseChangeBlastSlot,EKoratBlastSlotType::BlastSkill1
0430_00,Numeric,Life,40000
0430_00,Numeric,SPAutoRecoverySpeed,1500
0430_00,Numeric,SPAutoRecoverySpeedScaleUnderOneGauge,1.3
0430_00,Numeric,SPChargeSpeed,8
0430_00,Numeric,SPChargeSpeedUnderAutoRecoveryLimit,12
0430_00,Numeric,SparkingModeGaugeDecreaseSpeed,2800
0430_00,Numeric,GuardCrashedByCombativesBlastSpDamageRate,0.75
0430_00,Numeric,StunReactionRecoverySpeedScale,1.3
0430_00,Numeric,StunReactionInputRecoverySpeedScale,1.3
0430_00,Numeric,LimitBoostRecoverySpeedScale,1.3
0430_00,Numeric,LimitBoostInputRecoverySpeedScale,1.3
0430_00,Numeric,BlastStock,4
0430_00,Numeric,AttackChargeSpeedsBySmashLevel[0],3
0430_00,Numeric,AttackChargeSpeedsBySmashLevel[1],5.4
0430_00,Numeric,AttackChargeSpeedsBySmashLevel[2],7.5
0430_00,Numeric,PursuitBaseLimit,2
0430_00,Numeric,PursuitLimitDragonHoming,0
0430_00,Numeric,PursuitLimitVanishingAttack,0
0430_00,Numeric,PursuitBaseLimitAddAtSparking,2
0430_00,Numeric,PursuitLimitDragonHomingAddAtSparking,0
0430_00,Numeric,PursuitLimitVanishingAttackAddAtSparking,0
0430_00,Numeric,PursuitLimitLightningAttackAddAtSparking,0
0430_00,Numeric,IdealPositionMidAirKick,80
0430_00,Numeric,ReactionSplitHighBorder,0.6
0430_00,Numeric,ReactionSplitMidBorder,0.4
0430_00,Numeric,ReactionSplitLowBorder,0.2
0430_00,Numeric,BulletNum,5
0430_00,Numeric,JumpBulletNum,5
0430_00,Numeric,JumpBulletSetNum,1
0430_00,Numeric,RushBulletLimit,5
0430_00,Numeric,SmashBulletLimit,1
0430_00,Numeric,AttackBreakSkillGaugeGain,0.15
0430_00,Numeric,FastAvoidSkillGaugeGain,0.05
0430_00,Numeric,ThrowBreakSkillGaugeGain,0.1
0430_00,Numeric,BackAttackedSkillGaugeGain,0.03
0430_00,Numeric,LastOneHPSkillGaugeGain,1
0430_00,Numeric,ImpactStartSkillGaugeGain,1
0430_00,Numeric,RushOffsetSkillGaugeGain,0.05
0430_00,Numeric,CollisionOffsetSkillGaugeGain,0.5
0430_00,Numeric,DragonHomingChangeTrajectorySkillGaugeGain,0.1
0430_00,Numeric,BurstSmashGaugeGain,0.1
0430_00,Numeric,ExParam,17
0430_00,Steps,StepShortDash.AddToSpeedScale,60000
0430_00,Steps,StepShortDash.MaxAcceleration,50000
0430_00,Steps,StepShortDash.BrakingDeceleration,20000
0430_00,Steps,StepShortDash.ElapsedTimeToOT,0.033333
0430_00,Steps,StepShortDash.Duration,0.333333
0430_00,Steps,StepShortDash.CoolTime,0.05
0430_00,Steps,StepShortDash.bIsStopClearSpeed,true
0430_00,Steps,StepShortDash.StopBrakingDeceleration,10000000
0430_00,Steps,StepShortDash.SpCost,3850
0430_00,Steps,StepCancelShortDash.AddToSpeedScale,60000
0430_00,Steps,StepCancelShortDash.MaxAcceleration,50000
0430_00,Steps,StepCancelShortDash.BrakingDeceleration,20000
0430_00,Steps,StepCancelShortDash.ElapsedTimeToOT,0.033333
0430_00,Steps,StepCancelShortDash.Duration,0.333333
0430_00,Steps,StepCancelShortDash.CoolTime,0.416667
0430_00,Steps,StepCancelShortDash.bIsStopClearSpeed,true
0430_00,Steps,StepCancelShortDash.StopBrakingDeceleration,10000000
0430_00,Steps,StepCancelShortDash.SpCost,1925
0430_00,DragonDash,SpCostIN,500
0430_00,DragonDash,SpCostLP,3920
0430_00,DragonDash,SpCostBK,5200
0430_00,DragonDash,HighSpeedSpCostLP,4900
0430_00,ZBurstDash,SpCostIN,10000
0430_00,ZBurstDash,SpCostLP,11000
0430_00,ZBurstDash,BurstSmashSpCostLP,3500
0430_00,DashUpDown,SpCostUpIN,1000
0430_00,DashUpDown,SpCostUpLP,7840
0430_00,DashUpDown,SpCostDownIN,1000
0430_00,DashUpDown,SpCostDownLP,7840
0430_00,DragonHoming,SpCostIN,250
0430_00,DragonHoming,SpCostLP,3500
0440_00,Character,AbilityFlag.AutoReflect,false
0440_00,Character,AbilityFlag.bCannotCharge,true
0440_00,Character,AbilityFlag.bNoEffectDrain,true
0440_00,Character,AbilityFlag.bCanHighSpeedMove,false
0440_00,Character,AbilityFlag.bCanSuperHighSpeedMove,false
0440_00,Character,ActionFlag.ThrowEscape,true
0440_00,Character,ActionFlag.CannonCombo,true
0440_00,Character,ActionFlag.SpiralSlash,true
0440_00,Character,ActionFlag.RollingHurricane,true
0440_00,Character,ActionFlag.TriAttack,true
0440_00,Character,ActionFlag.AirRush,true
0440_00,Character,ActionFlag.DeltaStorm,true
0440_00,Character,ActionFlag.SparkingRush,true
0440_00,Character,ChaseChangeBlastSlot,EKoratBlastSlotType::BlastSkill1
0440_00,Numeric,Life,40000
0440_00,Numeric,DamageRate,0.92
0440_00,Numeric,InitialSP,30000
0440_00,Numeric,SPAutoRecoveryLimit,50000
0440_00,Numeric,SPAutoRecoverySpeed,1700
0440_00,Numeric,SPChargeSpeed,0
0440_00,Numeric,SparkingModeGaugeDecreaseSpeed,2800
0440_00,Numeric,BlastStock,4
0440_00,Numeric,InitialBlastStock,1
0440_00,Numeric,AttackChargeSpeedsBySmashLevel[0],3
0440_00,Numeric,AttackChargeSpeedsBySmashLevel[1],5.4
0440_00,Numeric,AttackChargeSpeedsBySmashLevel[2],7.5
0440_00,Numeric,PursuitBaseLimit,1
0440_00,Numeric,PursuitLimitDragonHoming,0
0440_00,Numeric,PursuitLimitVanishingAttack,0
0440_00,Numeric,PursuitBaseLimitAddAtSparking,2
0440_00,Numeric,PursuitLimitDragonHomingAddAtSparking,0
0440_00,Numeric,PursuitLimitVanishingAttackAddAtSparking,0
0440_00,Numeric,PursuitLimitLightningAttackAddAtSparking,0
0440_00,Numeric,IdealPositionMidAirKick,86
0440_00,Numeric,ReactionSplitHighBorder,0.6
0440_00,Numeric,ReactionSplitMidBorder,0.4
0440_00,Numeric,ReactionSplitLowBorder,0.2
0440_00,Numeric,BulletNum,4
0440_00,Numeric,JumpBulletSetNum,1
0440_00,Numeric,DashBulletNum,3
0440_00,Numeric,RushBulletLimit,4
0440_00,Numeric,SmashBulletLimit,1
0440_00,Numeric,AttackBreakSkillGaugeGain,0.15
0440_00,Numeric,FastAvoidSkillGaugeGain,0.05
0440_00,Numeric,ThrowBreakSkillGaugeGain,0.1
0440_00,Numeric,BackAttackedSkillGaugeGain,0.03
0440_00,Numeric,LastOneHPSkillGaugeGain,1
0440_00,Numeric,ImpactStartSkillGaugeGain,1
0440_00,Numeric,RushOffsetSkillGaugeGain,0.05
0440_00,Numeric,CollisionOffsetSkillGaugeGain,0.5
0440_00,Numeric,DragonHomingChangeTrajectorySkillGaugeGain,0.1
0440_00,Numeric,BurstSmashGaugeGain,0.1
0440_00,Numeric,ExParam,4
0440_00,Numeric,AuraType,EKoratBattleAuraType::None
0440_00,Steps,StepShortDash.AddToSpeedScale,60000
0440_00,Steps,StepShortDash.MaxAcceleration,50000
0440_00,Steps,StepShortDash.BrakingDeceleration,20000
0440_00,Steps,StepShortDash.ElapsedTimeToOT,0.033333
0440_00,Steps,StepShortDash.Duration,0.333333
0440_00,Steps,StepShortDash.CoolTime,0.05
0440_00,Steps,StepShortDash.bIsStopClearSpeed,true
0440_00,Steps,StepShortDash.StopBrakingDeceleration,10000000
0440_00,Steps,StepShortDash.SpCost,3850
0440_00,Steps,StepCancelShortDash.AddToSpeedScale,60000
0440_00,Steps,StepCancelShortDash.MaxAcceleration,50000
0440_00,Steps,StepCancelShortDash.BrakingDeceleration,20000
0440_00,Steps,StepCancelShortDash.ElapsedTimeToOT,0.033333
0440_00,Steps,StepCancelShortDash.Duration,0.333333
0440_00,Steps,StepCancelShortDash.CoolTime,0.416667
0440_00,Steps,StepCancelShortDash.bIsStopClearSpeed,true
0440_00,Steps,StepCancelShortDash.StopBrakingDeceleration,10000000
0440_00,Steps,StepCancelShortDash.SpCost,1925
0440_00,DragonDash,SpCostIN,500
0440_00,DragonDash,SpCostLP,3920
0440_00,DragonDash,SpCostBK,5200
0440_00,DragonDash,HighSpeedSpCostLP,4900
0440_00,ZBurstDash,SpCostIN,10000
0440_00,ZBurstDash,SpCostLP,11000
0440_00,ZBurstDash,BurstSmashSpCostLP,3500
0440_00,DashUpDown,SpCostUpIN,1000
0440_00,DashUpDown,SpCostUpLP,7840
0440_00,DashUpDown,SpCostDownIN,1000
0440_00,DashUpDown,SpCostDownLP,7840
0440_00,DragonHoming,SpCostIN,250
0440_00,DragonHoming,SpCostLP,3500
0450_00,Character,AbilityFlag.SparkingArmor,false
0450_00,Character,AbilityFlag.AutoReflect,false
0450_00,Character,AbilityFlag.bCannotCharge,true
0450_00,Character,ActionFlag.DragonTornado,true
0450_00,Character,ActionFlag.CannonCombo,true
0450_00,Character,ActionFlag.PowerPress,true
0450_00,Character,ActionFlag.TriAttack,true
0450_00,Character,ActionFlag.DeltaStorm,true
0450_00,Character,ChaseChangeBlastSlot,EKoratBlastSlotType::BlastSkill1
0450_00,Numeric,Life,40000
0450_00,Numeric,InitialSP,30000
0450_00,Numeric,SPAutoRecoveryLimit,50000
0450_00,Numeric,SPAutoRecoverySpeed,1800
0450_00,Numeric,SPChargeSpeed,0
0450_00,Numeric,SparkingModeGaugeDecreaseSpeed,2800
0450_00,Numeric,BlastStock,4
0450_00,Numeric,InitialBlastStock,1
0450_00,Numeric,AttackChargeSpeedsBySmashLevel[0],3
0450_00,Numeric,AttackChargeSpeedsBySmashLevel[1],5.4
0450_00,Numeric,AttackChargeSpeedsBySmashLevel[2],7.5
0450_00,Numeric,PursuitBaseLimit,2
0450_00,Numeric,PursuitLimitDragonHoming,0
0450_00,Numeric,PursuitLimitVanishingAttack,0
0450_00,Numeric,PursuitBaseLimitAddAtSparking,2
0450_00,Numeric,PursuitLimitDragonHomingAddAtSparking,0
0450_00,Numeric,PursuitLimitVanishingAttackAddAtSparking,0
0450_00,Numeric,PursuitLimitLightningAttackAddAtSparking,0
0450_00,Numeric,IdealPositionMidAirKick,68
0450_00,Numeric,ReactionSplitHighBorder,0.7
0450_00,Numeric,ReactionSplitMidBorder,0.35
0450_00,Numeric,ReactionSplitLowBorder,0.175
0450_00,Numeric,BulletNum,5
0450_00,Numeric,JumpBulletNum,5
0450_00,Numeric,JumpBulletSetNum,1
0450_00,Numeric,DashBulletNum,5
0450_00,Numeric,RushBulletLimit,5
0450_00,Numeric,SmashBulletLimit,1
0450_00,Numeric,AttackBreakSkillGaugeGain,0.15
0450_00,Numeric,FastAvoidSkillGaugeGain,0.05
0450_00,Numeric,ThrowBreakSkillGaugeGain,0.1
0450_00,Numeric,BackAttackedSkillGaugeGain,0.03
0450_00,Numeric,LastOneHPSkillGaugeGain,1
0450_00,Numeric,ImpactStartSkillGaugeGain,1
0450_00,Numeric,RushOffsetSkillGaugeGain,0.05
0450_00,Numeric,CollisionOffsetSkillGaugeGain,0.5
0450_00,Numeric,DragonHomingChangeTrajectorySkillGaugeGain,0.1
0450_00,Numeric,BurstSmashGaugeGain,0.1
0450_00,Numeric,ExParam,8
0450_00,Numeric,AuraType,EKoratBattleAuraType::None
0450_00,Steps,StepShortDash.AddToSpeedScale,60000
0450_00,Steps,StepShortDash.MaxAcceleration,60000
0450_00,Steps,StepShortDash.BrakingDeceleration,30000
0450_00,Steps,StepShortDash.ElapsedTimeToOT,0.033333
0450_00,Steps,StepShortDash.Duration,0.333333
0450_00,Steps,StepShortDash.CoolTime,0.05
0450_00,Steps,StepShortDash.bIsStopClearSpeed,true
0450_00,Steps,StepShortDash.StopBrakingDeceleration,10000000
0450_00,Steps,StepShortDash.SpCost,2650
0450_00,Steps,StepCancelShortDash.AddToSpeedScale,60000
0450_00,Steps,StepCancelShortDash.MaxAcceleration,60000
0450_00,Steps,StepCancelShortDash.BrakingDeceleration,30000
0450_00,Steps,StepCancelShortDash.ElapsedTimeToOT,0.033333
0450_00,Steps,StepCancelShortDash.Duration,0.333333
0450_00,Steps,StepCancelShortDash.CoolTime,0.416667
0450_00,Steps,StepCancelShortDash.bIsStopClearSpeed,true
0450_00,Steps,StepCancelShortDash.StopBrakingDeceleration,10000000
0450_00,Steps,StepCancelShortDash.SpCost,1325
0450_00,DragonDash,SpCostIN,500
0450_00,DragonDash,SpCostLP,3920
0450_00,DragonDash,SpCostBK,5200
0450_00,DragonDash,HighSpeedSpCostLP,4900
0450_00,ZBurstDash,SpCostIN,10000
0450_00,ZBurstDash,SpCostLP,11000
0450_00,ZBurstDash,BurstSmashSpCostLP,3500
0450_00,DashUpDown,SpCostUpIN,1000
0450_00,DashUpDown,SpCostUpLP,7840
0450_00,DashUpDown,SpCostDownIN,1000
0450_00,DashUpDown,SpCostDownLP,7840
0450_00,DragonHoming,SpCostIN,250
0450_00,DragonHoming,SpCostLP,3500
0450_10,Character,DestroyedPower,6
0450_10,Character,AbilityFlag.SparkingArmor,false
0450_10,Character,AbilityFlag.AutoReflect,false
0450_10,Character,AbilityFlag.bCannotCharge,true
0450_10,Character,ActionFlag.DragonTornado,true
0450_10,Character,ActionFlag.CannonCombo,true
0450_10,Character,ActionFlag.PowerPress,true
0450_10,Character,ActionFlag.TriAttack,true
0450_10,Character,ActionFlag.DeltaStorm,true
0450_10,Character,ChaseChangeBlastSlot,EKoratBlastSlotType::BlastSkill2
0450_10,Numeric,Life,40000
0450_10,Numeric,InitialSP,30000
0450_10,Numeric,SPAutoRecoveryLimit,50000
0450_10,Numeric,SPAutoRecoverySpeed,2000
0450_10,Numeric,SPChargeSpeed,0
0450_10,Numeric,SparkingModeGaugeDecreaseSpeed,2800
0450_10,Numeric,BlastStock,4
0450_10,Numeric,InitialBlastStock,1
0450_10,Numeric,AttackChargeSpeedsBySmashLevel[0],3
0450_10,Numeric,AttackChargeSpeedsBySmashLevel[1],5.4
0450_10,Numeric,AttackChargeSpeedsBySmashLevel[2],7.5
0450_10,Numeric,PursuitBaseLimit,2
0450_10,Numeric,PursuitLimitDragonHoming,0
0450_10,Numeric,PursuitLimitVanishingAttack,0
0450_10,Numeric,PursuitBaseLimitAddAtSparking,2
0450_10,Numeric,PursuitLimitDragonHomingAddAtSparking,0
0450_10,Numeric,PursuitLimitVanishingAttackAddAtSparking,0
0450_10,Numeric,PursuitLimitLightningAttackAddAtSparking,0
0450_10,Numeric,IdealPositionMidAirKick,68
0450_10,Numeric,ReactionSplitHighBorder,0.7
0450_10,Numeric,ReactionSplitMidBorder,0.35
0450_10,Numeric,ReactionSplitLowBorder,0.175
0450_10,Numeric,BulletNum,8
0450_10,Numeric,JumpBulletNum,3
0450_10,Numeric,DashBulletNum,5
0450_10,Numeric,RushBulletLimit,8
0450_10,Numeric,SmashBulletLimit,1
0450_10,Numeric,AttackBreakSkillGaugeGain,0.15
0450_10,Numeric,FastAvoidSkillGaugeGain,0.05
0450_10,Numeric,ThrowBreakSkillGaugeGain,0.1
0450_10,Numeric,BackAttackedSkillGaugeGain,0.03
0450_10,Numeric,LastOneHPSkillGaugeGain,1
0450_10,Numeric,ImpactStartSkillGaugeGain,1
0450_10,Numeric,RushOffsetSkillGaugeGain,0.05
0450_10,Numeric,CollisionOffsetSkillGaugeGain,0.5
0450_10,Numeric,DragonHomingChangeTrajectorySkillGaugeGain,0.1
0450_10,Numeric,BurstSmashGaugeGain,0.1
0450_10,Numeric,ExParam,4
0450_10,Numeric,AuraType,EKoratBattleAuraType::None
0450_10,Steps,StepShortDash.AddToSpeedScale,60000
0450_10,Steps,StepShortDash.MaxAcceleration,60000
0450_10,Steps,StepShortDash.BrakingDeceleration,30000
0450_10,Steps,StepShortDash.ElapsedTimeToOT,0.033333
0450_10,Steps,StepShortDash.Duration,0.333333
0450_10,Steps,StepShortDash.CoolTime,0.05
0450_10,Steps,StepShortDash.bIsStopClearSpeed,true
0450_10,Steps,StepShortDash.StopBrakingDeceleration,10000000
0450_10,Steps,StepShortDash.SpCost,2650
0450_10,Steps,StepCancelShortDash.AddToSpeedScale,60000
0450_10,Steps,StepCancelShortDash.MaxAcceleration,60000
0450_10,Steps,StepCancelShortDash.BrakingDeceleration,30000
0450_10,Steps,StepCancelShortDash.ElapsedTimeToOT,0.033333
0450_10,Steps,StepCancelShortDash.Duration,0.333333
0450_10,Steps,StepCancelShortDash.CoolTime,0.416667
0450_10,Steps,StepCancelShortDash.bIsStopClearSpeed,true
0450_10,Steps,StepCancelShortDash.StopBrakingDeceleration,10000000
0450_10,Steps,StepCancelShortDash.SpCost,1325
0450_10,DragonDash,SpCostIN,500
0450_10,DragonDash,SpCostLP,3920
0450_10,DragonDash,SpCostBK,5200
0450_10,DragonDash,HighSpeedSpCostLP,4900
0450_10,ZBurstDash,SpCostIN,10000
0450_10,ZBurstDash,SpCostLP,11000
0450_10,ZBurstDash,BurstSmashSpCostLP,3500
0450_10,DashUpDown,SpCostUpIN,1000
0450_10,DashUpDown,SpCostUpLP,7840
0450_10,DashUpDown,SpCostDownIN,1000
0450_10,DashUpDown,SpCostDownLP,7840
0450_10,DragonHoming,SpCostIN,250
0450_10,DragonHoming,SpCostLP,3500
0451_00,Character,DestroyedPower,8
0451_00,Character,AbilityFlag.SparkingArmor,false
0451_00,Character,AbilityFlag.EnergyDrain,true
0451_00,Character,AbilityFlag.bCannotCharge,true
0451_00,Character,AbilityFlag.bNoEffectDrain,true
0451_00,Character,AbilityFlag.bCanHighSpeedMove,false
0451_00,Character,AbilityFlag.bCanSuperHighSpeedMove,false
0451_00,Character,ActionFlag.CannonCombo,true
0451_00,Character,ActionFlag.SpiralSlash,true
0451_00,Character,ActionFlag.PowerPress,true
0451_00,Character,ActionFlag.TriAttack,true
0451_00,Character,ActionFlag.AirRush,true
0451_00,Character,ActionFlag.DeltaStorm,true
0451_00,Character,ChaseChangeBlastSlot,EKoratBlastSlotType::BlastSkill2
0451_00,Numeric,Life,45000
0451_00,Numeric,InitialSP,40000
0451_00,Numeric,SPAutoRecoveryLimit,50000
0451_00,Numeric,SPAutoRecoverySpeed,1700
0451_00,Numeric,SPChargeSpeed,0
0451_00,Numeric,SparkingModeGaugeDecreaseSpeed,2800
0451_00,Numeric,BlastStock,4
0451_00,Numeric,InitialBlastStock,1
0451_00,Numeric,AttackChargeSpeedsBySmashLevel[0],3
0451_00,Numeric,AttackChargeSpeedsBySmashLevel[1],5.4
0451_00,Numeric,AttackChargeSpeedsBySmashLevel[2],7.5
0451_00,Numeric,PursuitBaseLimit,2
0451_00,Numeric,PursuitLimitDragonHoming,0
0451_00,Numeric,PursuitLimitVanishingAttack,0
0451_00,Numeric,PursuitBaseLimitAddAtSparking,3
0451_00,Numeric,PursuitLimitDragonHomingAddAtSparking,0
0451_00,Numeric,PursuitLimitVanishingAttackAddAtSparking,0
0451_00,Numeric,PursuitLimitLightningAttackAddAtSparking,0
0451_00,Numeric,IdealPositionMidAirKick,86
0451_00,Numeric,ReactionSplitHighBorder,0.6
0451_00,Numeric,ReactionSplitMidBorder,0.4
0451_00,Numeric,ReactionSplitLowBorder,0.2
0451_00,Numeric,BulletNum,6
0451_00,Numeric,JumpBulletNum,3
0451_00,Numeric,DashBulletNum,5
0451_00,Numeric,RushBulletLimit,6
0451_00,Numeric,SmashBulletLimit,1
0451_00,Numeric,AttackBreakSkillGaugeGain,0.15
0451_00,Numeric,FastAvoidSkillGaugeGain,0.05
0451_00,Numeric,ThrowBreakSkillGaugeGain,0.1
0451_00,Numeric,BackAttackedSkillGaugeGain,0.03
0451_00,Numeric,LastOneHPSkillGaugeGain,1
0451_00,Numeric,ImpactStartSkillGaugeGain,1
0451_00,Numeric,RushOffsetSkillGaugeGain,0.05
0451_00,Numeric,CollisionOffsetSkillGaugeGain,0.5
0451_00,Numeric,DragonHomingChangeTrajectorySkillGaugeGain,0.1
0451_00,Numeric,BurstSmashGaugeGain,0.1
0451_00,Numeric,ExParam,12
0451_00,Numeric,AuraType,EKoratBattleAuraType::None
0451_00,Steps,StepShortDash.AddToSpeedScale,60000
0451_00,Steps,StepShortDash.MaxAcceleration,60000
0451_00,Steps,StepShortDash.BrakingDeceleration,30000
0451_00,Steps,StepShortDash.ElapsedTimeToOT,0.033333
0451_00,Steps,StepShortDash.Duration,0.333333
0451_00,Steps,StepShortDash.CoolTime,0.05
0451_00,Steps,StepShortDash.bIsStopClearSpeed,true
0451_00,Steps,StepShortDash.StopBrakingDeceleration,10000000
0451_00,Steps,StepShortDash.SpCost,2650
0451_00,Steps,StepCancelShortDash.AddToSpeedScale,60000
0451_00,Steps,StepCancelShortDash.MaxAcceleration,60000
0451_00,Steps,StepCancelShortDash.BrakingDeceleration,30000
0451_00,Steps,StepCancelShortDash.ElapsedTimeToOT,0.033333
0451_00,Steps,StepCancelShortDash.Duration,0.333333
0451_00,Steps,StepCancelShortDash.CoolTime,0.416667
0451_00,Steps,StepCancelShortDash.bIsStopClearSpeed,true
0451_00,Steps,StepCancelShortDash.StopBrakingDeceleration,10000000
0451_00,Steps,StepCancelShortDash.SpCost,1325
0451_00,DragonDash,SpCostIN,500
0451_00,DragonDash,SpCostLP,3920
0451_00,DragonDash,SpCostBK,5200
0451_00,DragonDash,HighSpeedSpCostLP,4900
0451_00,ZBurstDash,SpCostIN,10000
0451_00,ZBurstDash,SpCostLP,11000
0451_00,ZBurstDash,BurstSmashSpCostLP,3500
0451_00,DashUpDown,SpCostUpIN,1000
0451_00,DashUpDown,SpCostUpLP,7840
0451_00,DashUpDown,SpCostDownIN,1000
0451_00,DashUpDown,SpCostDownLP,7840
0451_00,DragonHoming,SpCostIN,250
0451_00,DragonHoming,SpCostLP,3500
0460_00,Character,AbilityFlag.SparkingArmor,false
0460_00,Character,AbilityFlag.AutoReflect,false
0460_00,Character,AbilityFlag.bCannotCharge,true
0460_00,Character,ActionFlag.DragonTornado,true
0460_00,Character,ActionFlag.CannonCombo,true
0460_00,Character,ActionFlag.PowerPress,true
0460_00,Character,ActionFlag.TriAttack,true
0460_00,Character,ActionFlag.DeltaStorm,true
0460_00,Character,ChaseChangeBlastSlot,EKoratBlastSlotType::BlastSkill1
0460_00,Numeric,Life,40000
0460_00,Numeric,InitialSP,30000
0460_00,Numeric,SPAutoRecoveryLimit,50000
0460_00,Numeric,SPAutoRecoverySpeed,2000
0460_00,Numeric,SPChargeSpeed,0
0460_00,Numeric,SparkingModeGaugeDecreaseSpeed,2800
0460_00,Numeric,BlastStock,4
0460_00,Numeric,InitialBlastStock,1
0460_00,Numeric,AttackChargeSpeedsBySmashLevel[0],3
0460_00,Numeric,AttackChargeSpeedsBySmashLevel[1],5.4
0460_00,Numeric,AttackChargeSpeedsBySmashLevel[2],7.5
0460_00,Numeric,PursuitBaseLimit,2
0460_00,Numeric,PursuitLimitDragonHoming,0
0460_00,Numeric,PursuitLimitVanishingAttack,0
0460_00,Numeric,PursuitBaseLimitAddAtSparking,2
0460_00,Numeric,PursuitLimitDragonHomingAddAtSparking,0
0460_00,Numeric,PursuitLimitVanishingAttackAddAtSparking,0
0460_00,Numeric,PursuitLimitLightningAttackAddAtSparking,0
0460_00,Numeric,IdealPositionMidAirKick,68
0460_00,Numeric,ReactionSplitHighBorder,0.7
0460_00,Numeric,ReactionSplitMidBorder,0.35
0460_00,Numeric,ReactionSplitLowBorder,0.175
0460_00,Numeric,BulletNum,6
0460_00,Numeric,JumpBulletNum,3
0460_00,Numeric,DashBulletNum,5
0460_00,Numeric,RushBulletLimit,6
0460_00,Numeric,SmashBulletLimit,1
0460_00,Numeric,AttackBreakSkillGaugeGain,0.15
0460_00,Numeric,FastAvoidSkillGaugeGain,0.05
0460_00,Numeric,ThrowBreakSkillGaugeGain,0.1
0460_00,Numeric,BackAttackedSkillGaugeGain,0.03
0460_00,Numeric,LastOneHPSkillGaugeGain,1
0460_00,Numeric,ImpactStartSkillGaugeGain,1
0460_00,Numeric,RushOffsetSkillGaugeGain,0.05
0460_00,Numeric,CollisionOffsetSkillGaugeGain,0.5
0460_00,Numeric,DragonHomingChangeTrajectorySkillGaugeGain,0.1
0460_00,Numeric,BurstSmashGaugeGain,0.1
0460_00,Numeric,ExParam,8
0460_00,Numeric,AuraType,EKoratBattleAuraType::None
0460_00,Steps,StepShortDash.AddToSpeedScale,60000
0460_00,Steps,StepShortDash.MaxAcceleration,60000
0460_00,Steps,StepShortDash.BrakingDeceleration,30000
0460_00,Steps,StepShortDash.ElapsedTimeToOT,0.033333
0460_00,Steps,StepShortDash.Duration,0.333333
0460_00,Steps,StepShortDash.CoolTime,0.05
0460_00,Steps,StepShortDash.bIsStopClearSpeed,true
0460_00,Steps,StepShortDash.StopBrakingDeceleration,10000000
0460_00,Steps,StepShortDash.SpCost,2650
0460_00,Steps,StepCancelShortDash.AddToSpeedScale,60000
0460_00,Steps,StepCancelShortDash.MaxAcceleration,60000
0460_00,Steps,StepCancelShortDash.BrakingDeceleration,30000
0460_00,Steps,StepCancelShortDash.ElapsedTimeToOT,0.033333
0460_00,Steps,StepCancelShortDash.Duration,0.333333
0460_00,Steps,StepCancelShortDash.CoolTime,0.416667
0460_00,Steps,StepCancelShortDash.bIsStopClearSpeed,true
0460_00,Steps,StepCancelShortDash.StopBrakingDeceleration,10000000
0460_00,Steps,StepCancelShortDash.SpCost,1325
0460_00,DragonDash,SpCostIN,500
0460_00,DragonDash,SpCostLP,3920
0460_00,DragonDash,SpCostBK,5200
0460_00,DragonDash,HighSpeedSpCostLP,4900
0460_00,ZBurstDash,SpCostIN,10000
0460_00,ZBurstDash,SpCostLP,11000
0460_00,ZBurstDash,BurstSmashSpCostLP,3500
0460_00,DashUpDown,SpCostUpIN,1000
0460_00,DashUpDown,SpCostUpLP,7840
0460_00,DashUpDown,SpCostDownIN,1000
0460_00,DashUpDown,SpCostDownLP,7840
0460_00,DragonHoming,SpCostIN,250
0460_00,DragonHoming,SpCostLP,3500
0470_00,Character,DestroyedPower,4
0470_00,Character,AbilityFlag.SparkingArmor,false
0470_00,Character,AbilityFlag.AutoReflect,false
0470_00,Character,AbilityFlag.EnergyDrain,true
0470_00,Character,AbilityFlag.bCannotCharge,true
0470_00,Character,AbilityFlag.bNoEffectDrain,true
0470_00,Character,AbilityFlag.bCanHighSpeedMove,false
0470_00,Character,AbilityFlag.bCanSuperHighSpeedMove,false
0470_00,Character,ActionFlag.CannonCombo,true
0470_00,Character,ActionFlag.SpiralSlash,true
0470_00,Character,ActionFlag.RollingHurricane,true
0470_00,Character,ActionFlag.TriAttack,true
0470_00,Character,ActionFlag.AirRush,true
0470_00,Character,ActionFlag.DeltaStorm,true
0470_00,Character,ActionFlag.SparkingRush,true
0470_00,Character,ChaseChangeBlastSlot,EKoratBlastSlotType::BlastSkill1
0470_00,Numeric,Life,40000
0470_00,Numeric,DamageRate,0.98
0470_00,Numeric,InitialSP,40000
0470_00,Numeric,SPAutoRecoverySpeed,4500
0470_00,Numeric,SPChargeSpeed,0
0470_00,Numeric,SparkingModeGaugeDecreaseSpeed,2800
0470_00,Numeric,BlastStock,4
0470_00,Numeric,InitialBlastStock,1
0470_00,Numeric,AttackChargeSpeedsBySmashLevel[0],3
0470_00,Numeric,AttackChargeSpeedsBySmashLevel[1],5.4
0470_00,Numeric,AttackChargeSpeedsBySmashLevel[2],7.5
0470_00,Numeric,PursuitBaseLimit,1
0470_00,Numeric,PursuitLimitDragonHoming,0
0470_00,Numeric,PursuitLimitVanishingAttack,0
0470_00,Numeric,PursuitBaseLimitAddAtSparking,2
0470_00,Numeric,PursuitLimitDragonHomingAddAtSparking,0
0470_00,Numeric,PursuitLimitVanishingAttackAddAtSparking,0
0470_00,Numeric,PursuitLimitLightningAttackAddAtSparking,0
0470_00,Numeric,IdealPositionMidAirKick,68
0470_00,Numeric,ReactionSplitHighBorder,0.7
0470_00,Numeric,ReactionSplitMidBorder,0.35
0470_00,Numeric,ReactionSplitLowBorder,0.175
0470_00,Numeric,BulletNum,3
0470_00,Numeric,JumpBulletNum,3
0470_00,Numeric,JumpBulletSetNum,1
0470_00,Numeric,DashBulletNum,2
0470_00,Numeric,RushBulletLimit,3
0470_00,Numeric,SmashBulletLimit,1
0470_00,Numeric,RepelSkillGaugeGainRate,1.6
0470_00,Numeric,AttackBreakSkillGaugeGain,0.15
0470_00,Numeric,FastAvoidSkillGaugeGain,0.05
0470_00,Numeric,ThrowBreakSkillGaugeGain,0.1
0470_00,Numeric,BackAttackedSkillGaugeGain,0.03
0470_00,Numeric,LastOneHPSkillGaugeGain,1
0470_00,Numeric,ImpactStartSkillGaugeGain,1
0470_00,Numeric,RushOffsetSkillGaugeGain,0.05
0470_00,Numeric,CollisionOffsetSkillGaugeGain,0.5
0470_00,Numeric,DragonHomingChangeTrajectorySkillGaugeGain,0.1
0470_00,Numeric,BurstSmashGaugeGain,0.1
0470_00,Numeric,ExParam,11
0470_00,Numeric,AuraType,EKoratBattleAuraType::None
0470_00,Steps,StepShortDash.AddToSpeedScale,60000
0470_00,Steps,StepShortDash.MaxAcceleration,50000
0470_00,Steps,StepShortDash.BrakingDeceleration,20000
0470_00,Steps,StepShortDash.ElapsedTimeToOT,0.033333
0470_00,Steps,StepShortDash.Duration,0.333333
0470_00,Steps,StepShortDash.CoolTime,0.05
0470_00,Steps,StepShortDash.bIsStopClearSpeed,true
0470_00,Steps,StepShortDash.StopBrakingDeceleration,10000000
0470_00,Steps,StepShortDash.SpCost,1590
0470_00,Steps,StepCancelShortDash.AddToSpeedScale,60000
0470_00,Steps,StepCancelShortDash.MaxAcceleration,50000
0470_00,Steps,StepCancelShortDash.BrakingDeceleration,20000
0470_00,Steps,StepCancelShortDash.ElapsedTimeToOT,0.033333
0470_00,Steps,StepCancelShortDash.Duration,0.333333
0470_00,Steps,StepCancelShortDash.CoolTime,0.416667
0470_00,Steps,StepCancelShortDash.bIsStopClearSpeed,true
0470_00,Steps,StepCancelShortDash.StopBrakingDeceleration,10000000
0470_00,Steps,StepCancelShortDash.SpCost,795
0470_00,DragonDash,SpCostIN,500
0470_00,DragonDash,SpCostLP,3920
0470_00,DragonDash,SpCostBK,5200
0470_00,DragonDash,HighSpeedSpCostLP,4900
0470_00,ZBurstDash,SpCostIN,10000
0470_00,ZBurstDash,SpCostLP,11000
0470_00,ZBurstDash,BurstSmashSpCostLP,3500
0470_00,DashUpDown,SpCostUpIN,1000
0470_00,DashUpDown,SpCostUpLP,7840
0470_00,DashUpDown,SpCostDownIN,1000
0470_00,DashUpDown,SpCostDownLP,7840
0470_00,DragonHoming,SpCostIN,250
0470_00,DragonHoming,SpCostLP,3500
0480_00,Character,DestroyedPower,4
0480_00,Character,AbilityFlag.SparkingArmor,false
0480_00,Character,AbilityFlag.AutoReflect,false
0480_00,Character,AbilityFlag.EnergyDrain,true
0480_00,Character,AbilityFlag.bCannotCharge,true
0480_00,Character,AbilityFlag.bNoEffectDrain,true
0480_00,Character,ActionFlag.DragonTornado,true
0480_00,Character,ActionFlag.DawnThrow,true
0480_00,Character,ActionFlag.CannonCombo,true
0480_00,Character,ActionFlag.PowerPress,true
0480_00,Character,ActionFlag.TriAttack,true
0480_00,Character,ActionFlag.DeltaStorm,true
0480_00,Character,ActionFlag.SparkingRush,true
0480_00,Character,ChaseChangeBlastSlot,EKoratBlastSlotType::BlastSkill1
0480_00,Numeric,Life,40000
0480_00,Numeric,InitialSP,40000
0480_00,Numeric,SPAutoRecoverySpeed,4500
0480_00,Numeric,SPChargeSpeed,0
0480_00,Numeric,SparkingModeGaugeDecreaseSpeed,2800
0480_00,Numeric,BlastStock,6
0480_00,Numeric,InitialBlastStock,1
0480_00,Numeric,AttackChargeSpeedsBySmashLevel[0],3
0480_00,Numeric,AttackChargeSpeedsBySmashLevel[1],5.4
0480_00,Numeric,AttackChargeSpeedsBySmashLevel[2],7.5
0480_00,Numeric,PursuitBaseLimit,2
0480_00,Numeric,PursuitLimitDragonHoming,0
0480_00,Numeric,PursuitLimitVanishingAttack,0
0480_00,Numeric,PursuitBaseLimitAddAtSparking,1
0480_00,Numeric,PursuitLimitDragonHomingAddAtSparking,0
0480_00,Numeric,PursuitLimitVanishingAttackAddAtSparking,0
0480_00,Numeric,PursuitLimitLightningAttackAddAtSparking,0
0480_00,Numeric,IdealPositionMidAirKick,68
0480_00,Numeric,ReactionSplitHighBorder,0.7
0480_00,Numeric,ReactionSplitMidBorder,0.35
0480_00,Numeric,ReactionSplitLowBorder,0.175
0480_00,Numeric,BulletNum,3
0480_00,Numeric,JumpBulletNum,3
0480_00,Numeric,JumpBulletSetNum,1
0480_00,Numeric,DashBulletNum,2
0480_00,Numeric,RushBulletLimit,3
0480_00,Numeric,SmashBulletLimit,1
0480_00,Numeric,RepelSkillGaugeGainRate,1.6
0480_00,Numeric,AttackBreakSkillGaugeGain,0.15
0480_00,Numeric,FastAvoidSkillGaugeGain,0.05
0480_00,Numeric,ThrowBreakSkillGaugeGain,0.1
0480_00,Numeric,BackAttackedSkillGaugeGain,0.03
0480_00,Numeric,LastOneHPSkillGaugeGain,1
0480_00,Numeric,ImpactStartSkillGaugeGain,1
0480_00,Numeric,RushOffsetSkillGaugeGain,0.05
0480_00,Numeric,CollisionOffsetSkillGaugeGain,0.5
0480_00,Numeric,DragonHomingChangeTrajectorySkillGaugeGain,0.1
0480_00,Numeric,BurstSmashGaugeGain,0.1
0480_00,Numeric,ExParam,12
0480_00,Numeric,AuraType,EKoratBattleAuraType::None
0480_00,Steps,StepShortDash.AddToSpeedScale,60000
0480_00,Steps,StepShortDash.MaxAcceleration,60000
0480_00,Steps,StepShortDash.BrakingDeceleration,30000
0480_00,Steps,StepShortDash.ElapsedTimeToOT,0.033333
0480_00,Steps,StepShortDash.Duration,0.333333
0480_00,Steps,StepShortDash.CoolTime,0.05
0480_00,Steps,StepShortDash.bIsStopClearSpeed,true
0480_00,Steps,StepShortDash.StopBrakingDeceleration,10000000
0480_00,Steps,StepShortDash.SpCost,1590
0480_00,Steps,StepCancelShortDash.AddToSpeedScale,60000
0480_00,Steps,StepCancelShortDash.MaxAcceleration,60000
0480_00,Steps,StepCancelShortDash.BrakingDeceleration,30000
0480_00,Steps,StepCancelShortDash.ElapsedTimeToOT,0.033333
0480_00,Steps,StepCancelShortDash.Duration,0.333333
0480_00,Steps,StepCancelShortDash.CoolTime,0.416667
0480_00,Steps,StepCancelShortDash.bIsStopClearSpeed,true
0480_00,Steps,StepCancelShortDash.StopBrakingDeceleration,10000000
0480_00,Steps,StepCancelShortDash.SpCost,795
0480_00,DragonDash,SpCostIN,500
0480_00,DragonDash,SpCostLP,3920
0480_00,DragonDash,SpCostBK,5200
0480_00,DragonDash,HighSpeedSpCostLP,4900
0480_00,ZBurstDash,SpCostIN,10000
0480_00,ZBurstDash,SpCostLP,11000
0480_00,ZBurstDash,BurstSmashSpCostLP,3500
0480_00,DashUpDown,SpCostUpIN,1000
0480_00,DashUpDown,SpCostUpLP,7840
0480_00,DashUpDown,SpCostDownIN,1000
0480_00,DashUpDown,SpCostDownLP,7840
0480_00,DragonHoming,SpCostIN,250
0480_00,DragonHoming,SpCostLP,3500
0490_00,Character,DestroyedPower,3
0490_00,Character,AbilityFlag.SparkingArmor,false
0490_00,Character,AbilityFlag.AutoReflect,false
0490_00,Character,AbilityFlag.bCannotPowerImpact,true
0490_00,Character,AbilityFlag.bCannotCrashImpact,true
0490_00,Character,AbilityFlag.bCanHighSpeedMove,false
0490_00,Character,AbilityFlag.bCanSuperHighSpeedMove,false
0490_00,Character,ActionFlag.DragonTornado,true
0490_00,Character,ActionFlag.HeavyCrash,true
0490_00,Character,ActionFlag.DawnThrow,true
0490_00,Character,ActionFlag.CannonCombo,true
0490_00,Character,ActionFlag.SpiralSlash,true
0490_00,Character,ActionFlag.PowerPress,true
0490_00,Character,ActionFlag.AirRush,true
0490_00,Character,ActionFlag.DeltaStorm,true
0490_00,Character,ActionFlag.SparkingRush,true
0490_00,Character,ActionFlag.DashRising,true
0490_00,Character,ActionFlag.DashBlow,true
0490_00,Character,ChaseChangeBlastSlot,EKoratBlastSlotType::BlastSkill1
0490_00,Numeric,Life,30000
0490_00,Numeric,DamageRate,1.2
0490_00,Numeric,InitialSP,30000
0490_00,Numeric,SPAutoRecoverySpeed,2000
0490_00,Numeric,SPAutoRecoverySpeedScaleUnderOneGauge,1.3
0490_00,Numeric,SPChargeSpeed,6
0490_00,Numeric,SPChargeSpeedUnderAutoRecoveryLimit,9
0490_00,Numeric,SparkingModeGaugeDecreaseSpeed,2800
0490_00,Numeric,BlastStock,7
0490_00,Numeric,InitialBlastStock,2
0490_00,Numeric,AttackChargeSpeedsBySmashLevel[0],3
0490_00,Numeric,AttackChargeSpeedsBySmashLevel[1],5.4
0490_00,Numeric,AttackChargeSpeedsBySmashLevel[2],7.5
0490_00,Numeric,PursuitBaseLimit,1
0490_00,Numeric,PursuitLimitDragonHoming,0
0490_00,Numeric,PursuitLimitVanishingAttack,0
0490_00,Numeric,PursuitBaseLimitAddAtSparking,2
0490_00,Numeric,PursuitLimitDragonHomingAddAtSparking,0
0490_00,Numeric,PursuitLimitVanishingAttackAddAtSparking,0
0490_00,Numeric,PursuitLimitLightningAttackAddAtSparking,0
0490_00,Numeric,IdealPositionMidAirKick,55
0490_00,Numeric,ReactionSplitHighBorder,0.6
0490_00,Numeric,ReactionSplitMidBorder,0.4
0490_00,Numeric,ReactionSplitLowBorder,0.2
0490_00,Numeric,BulletNum,8
0490_00,Numeric,DashBulletNum,7
0490_00,Numeric,RushBulletLimit,8
0490_00,Numeric,SmashBulletLimit,1
0490_00,Numeric,RepelSkillGaugeGainRate,1.3
0490_00,Numeric,AttackBreakSkillGaugeGain,0.15
0490_00,Numeric,FastAvoidSkillGaugeGain,0.05
0490_00,Numeric,ThrowBreakSkillGaugeGain,0.1
0490_00,Numeric,BackAttackedSkillGaugeGain,0.03
0490_00,Numeric,LastOneHPSkillGaugeGain,1
0490_00,Numeric,ImpactStartSkillGaugeGain,1
0490_00,Numeric,RushOffsetSkillGaugeGain,0.05
0490_00,Numeric,CollisionOffsetSkillGaugeGain,0.5
0490_00,Numeric,DragonHomingChangeTrajectorySkillGaugeGain,0.1
0490_00,Numeric,BurstSmashGaugeGain,0.1
0490_00,Numeric,ExParam,14
0490_00,Steps,StepShortDash.AddToSpeedScale,60000
0490_00,Steps,StepShortDash.MaxAcceleration,60000
0490_00,Steps,StepShortDash.BrakingDeceleration,30000
0490_00,Steps,StepShortDash.ElapsedTimeToOT,0.033333
0490_00,Steps,StepShortDash.Duration,0.333333
0490_00,Steps,StepShortDash.CoolTime,0.05
0490_00,Steps,StepShortDash.bIsStopClearSpeed,true
0490_00,Steps,StepShortDash.StopBrakingDeceleration,10000000
0490_00,Steps,StepShortDash.SpCost,2650
0490_00,Steps,StepCancelShortDash.AddToSpeedScale,60000
0490_00,Steps,StepCancelShortDash.MaxAcceleration,60000
0490_00,Steps,StepCancelShortDash.BrakingDeceleration,30000
0490_00,Steps,StepCancelShortDash.ElapsedTimeToOT,0.033333
0490_00,Steps,StepCancelShortDash.Duration,0.333333
0490_00,Steps,StepCancelShortDash.CoolTime,0.416667
0490_00,Steps,StepCancelShortDash.bIsStopClearSpeed,true
0490_00,Steps,StepCancelShortDash.StopBrakingDeceleration,10000000
0490_00,Steps,StepCancelShortDash.SpCost,1325
0490_00,DragonDash,SpCostIN,500
0490_00,DragonDash,SpCostLP,3920
0490_00,DragonDash,SpCostBK,5200
0490_00,DragonDash,HighSpeedSpCostLP,4900
0490_00,ZBurstDash,SpCostIN,10000
0490_00,ZBurstDash,SpCostLP,11000
0490_00,ZBurstDash,BurstSmashSpCostLP,3500
0490_00,DashUpDown,SpCostUpIN,1000
0490_00,DashUpDown,SpCostUpLP,7840
0490_00,DashUpDown,SpCostDownIN,1000
0490_00,DashUpDown,SpCostDownLP,7840
0490_00,DragonHoming,SpCostIN,250
0490_00,DragonHoming,SpCostLP,3500
0500_00,Character,DestroyedPower,6
0500_00,Character,AbilityFlag.SparkingArmor,false
0500_00,Character,AbilityFlag.AutoReflect,false
0500_00,Character,ActionFlag.HeavyCrash,true
0500_00,Character,ActionFlag.PowerPress,true
0500_00,Character,ActionFlag.TriAttack,true
0500_00,Character,ActionFlag.AirRush,true
0500_00,Character,ChaseChangeBlastSlot,EKoratBlastSlotType::BlastSkill1
0500_00,Numeric,Life,40000
0500_00,Numeric,InitialSP,30000
0500_00,Numeric,SPAutoRecoverySpeed,1750
0500_00,Numeric,SPAutoRecoverySpeedScaleUnderOneGauge,1.3
0500_00,Numeric,SPChargeSpeed,7
0500_00,Numeric,SPChargeSpeedUnderAutoRecoveryLimit,10.5
0500_00,Numeric,SparkingModeGaugeDecreaseSpeed,2800
0500_00,Numeric,AttackChargeSpeedsBySmashLevel[0],3
0500_00,Numeric,AttackChargeSpeedsBySmashLevel[1],5.4
0500_00,Numeric,AttackChargeSpeedsBySmashLevel[2],7.5
0500_00,Numeric,PursuitBaseLimit,2
0500_00,Numeric,PursuitLimitDragonHoming,0
0500_00,Numeric,PursuitLimitVanishingAttack,0
0500_00,Numeric,PursuitBaseLimitAddAtSparking,2
0500_00,Numeric,PursuitLimitDragonHomingAddAtSparking,0
0500_00,Numeric,PursuitLimitVanishingAttackAddAtSparking,0
0500_00,Numeric,PursuitLimitLightningAttackAddAtSparking,0
0500_00,Numeric,IdealPositionMidAirKick,82
0500_00,Numeric,ReactionSplitHighBorder,0.6
0500_00,Numeric,ReactionSplitMidBorder,0.4
0500_00,Numeric,ReactionSplitLowBorder,0.2
0500_00,Numeric,BulletNum,7
0500_00,Numeric,JumpBulletNum,7
0500_00,Numeric,JumpBulletSetNum,1
0500_00,Numeric,RushBulletLimit,7
0500_00,Numeric,SmashBulletLimit,1
0500_00,Numeric,RepelSkillGaugeGainRate,1.1
0500_00,Numeric,AttackBreakSkillGaugeGain,0.15
0500_00,Numeric,FastAvoidSkillGaugeGain,0.05
0500_00,Numeric,ThrowBreakSkillGaugeGain,0.1
0500_00,Numeric,BackAttackedSkillGaugeGain,0.03
0500_00,Numeric,LastOneHPSkillGaugeGain,1
0500_00,Numeric,ImpactStartSkillGaugeGain,1
0500_00,Numeric,RushOffsetSkillGaugeGain,0.05
0500_00,Numeric,CollisionOffsetSkillGaugeGain,0.5
0500_00,Numeric,DragonHomingChangeTrajectorySkillGaugeGain,0.1
0500_00,Numeric,BurstSmashGaugeGain,0.1
0500_00,Numeric,ExParam,18
0500_00,Steps,StepShortDash.AddToSpeedScale,60000
0500_00,Steps,StepShortDash.MaxAcceleration,60000
0500_00,Steps,StepShortDash.BrakingDeceleration,30000
0500_00,Steps,StepShortDash.ElapsedTimeToOT,0.033333
0500_00,Steps,StepShortDash.Duration,0.333333
0500_00,Steps,StepShortDash.CoolTime,0.05
0500_00,Steps,StepShortDash.bIsStopClearSpeed,true
0500_00,Steps,StepShortDash.StopBrakingDeceleration,10000000
0500_00,Steps,StepShortDash.SpCost,2650
0500_00,Steps,StepCancelShortDash.AddToSpeedScale,60000
0500_00,Steps,StepCancelShortDash.MaxAcceleration,60000
0500_00,Steps,StepCancelShortDash.BrakingDeceleration,30000
0500_00,Steps,StepCancelShortDash.ElapsedTimeToOT,0.033333
0500_00,Steps,StepCancelShortDash.Duration,0.333333
0500_00,Steps,StepCancelShortDash.CoolTime,0.416667
0500_00,Steps,StepCancelShortDash.bIsStopClearSpeed,true
0500_00,Steps,StepCancelShortDash.StopBrakingDeceleration,10000000
0500_00,Steps,StepCancelShortDash.SpCost,1325
0500_00,DragonDash,SpCostIN,500
0500_00,DragonDash,SpCostLP,3920
0500_00,DragonDash,SpCostBK,5200
0500_00,DragonDash,HighSpeedSpCostLP,4900
0500_00,ZBurstDash,SpCostIN,10000
0500_00,ZBurstDash,SpCostLP,11000
0500_00,ZBurstDash,BurstSmashSpCostLP,3500
0500_00,DashUpDown,SpCostUpIN,1000
0500_00,DashUpDown,SpCostUpLP,7840
0500_00,DashUpDown,SpCostDownIN,1000
0500_00,DashUpDown,SpCostDownLP,7840
0500_00,DragonHoming,SpCostIN,250
0500_00,DragonHoming,SpCostLP,3500
0510_00,Character,DestroyedPower,4
0510_00,Character,AbilityFlag.SparkingArmor,false
0510_00,Character,AbilityFlag.AutoReflect,false
0510_00,Character,AbilityFlag.bCanHighSpeedMove,false
0510_00,Character,AbilityFlag.bCanSuperHighSpeedMove,false
0510_00,Character,ActionFlag.HeavyCrash,true
0510_00,Character,ActionFlag.CannonCombo,true
0510_00,Character,ActionFlag.PowerPress,true
0510_00,Character,ActionFlag.TriAttack,true
0510_00,Character,ActionFlag.AirRush,true
0510_00,Character,ChaseChangeBlastSlot,EKoratBlastSlotType::BlastSkill1
0510_00,Numeric,Life,40000
0510_00,Numeric,SPAutoRecoverySpeed,1750
0510_00,Numeric,SPAutoRecoverySpeedScaleUnderOneGauge,1.3
0510_00,Numeric,SPChargeSpeed,7
0510_00,Numeric,SPChargeSpeedUnderAutoRecoveryLimit,10.5
0510_00,Numeric,SparkingModeGaugeDecreaseSpeed,2800
0510_00,Numeric,AttackChargeSpeedsBySmashLevel[0],3
0510_00,Numeric,AttackChargeSpeedsBySmashLevel[1],5.4
0510_00,Numeric,AttackChargeSpeedsBySmashLevel[2],7.5
0510_00,Numeric,PursuitBaseLimit,2
0510_00,Numeric,PursuitLimitDragonHoming,0
0510_00,Numeric,PursuitLimitVanishingAttack,0
0510_00,Numeric,PursuitBaseLimitAddAtSparking,2
0510_00,Numeric,PursuitLimitDragonHomingAddAtSparking,0
0510_00,Numeric,PursuitLimitVanishingAttackAddAtSparking,0
0510_00,Numeric,PursuitLimitLightningAttackAddAtSparking,0
0510_00,Numeric,IdealPositionMidAirKick,68
0510_00,Numeric,ReactionSplitHighBorder,0.7
0510_00,Numeric,ReactionSplitMidBorder,0.35
0510_00,Numeric,ReactionSplitLowBorder,0.175
0510_00,Numeric,BulletNum,8
0510_00,Numeric,DashBulletNum,6
0510_00,Numeric,RushBulletLimit,8
0510_00,Numeric,SmashBulletLimit,1
0510_00,Numeric,RepelSkillGaugeGainRate,1.1
0510_00,Numeric,AttackBreakSkillGaugeGain,0.15
0510_00,Numeric,FastAvoidSkillGaugeGain,0.05
0510_00,Numeric,ThrowBreakSkillGaugeGain,0.1
0510_00,Numeric,BackAttackedSkillGaugeGain,0.03
0510_00,Numeric,LastOneHPSkillGaugeGain,1
0510_00,Numeric,ImpactStartSkillGaugeGain,1
0510_00,Numeric,RushOffsetSkillGaugeGain,0.05
0510_00,Numeric,CollisionOffsetSkillGaugeGain,0.5
0510_00,Numeric,DragonHomingChangeTrajectorySkillGaugeGain,0.1
0510_00,Numeric,BurstSmashGaugeGain,0.1
0510_00,Numeric,ExParam,12
0510_00,Steps,StepShortDash.AddToSpeedScale,60000
0510_00,Steps,StepShortDash.MaxAcceleration,60000
0510_00,Steps,StepShortDash.BrakingDeceleration,30000
0510_00,Steps,StepShortDash.ElapsedTimeToOT,0.033333
0510_00,Steps,StepShortDash.Duration,0.333333
0510_00,Steps,StepShortDash.CoolTime,0.05
0510_00,Steps,StepShortDash.bIsStopClearSpeed,true
0510_00,Steps,StepShortDash.StopBrakingDeceleration,10000000
0510_00,Steps,StepShortDash.SpCost,2650
0510_00,Steps,StepCancelShortDash.AddToSpeedScale,60000
0510_00,Steps,StepCancelShortDash.MaxAcceleration,60000
0510_00,Steps,StepCancelShortDash.BrakingDeceleration,30000
0510_00,Steps,StepCancelShortDash.ElapsedTimeToOT,0.033333
0510_00,Steps,StepCancelShortDash.Duration,0.333333
0510_00,Steps,StepCancelShortDash.CoolTime,0.416667
0510_00,Steps,StepCancelShortDash.bIsStopClearSpeed,true
0510_00,Steps,StepCancelShortDash.StopBrakingDeceleration,10000000
0510_00,Steps,StepCancelShortDash.SpCost,1325
0510_00,DragonDash,SpCostIN,500
0510_00,DragonDash,SpCostLP,3920
0510_00,DragonDash,SpCostBK,5200
0510_00,DragonDash,HighSpeedSpCostLP,4900
0510_00,ZBurstDash,SpCostIN,10000
0510_00,ZBurstDash,SpCostLP,11000
0510_00,ZBurstDash,BurstSmashSpCostLP,3500
0510_00,DashUpDown,SpCostUpIN,1000
0510_00,DashUpDown,SpCostUpLP,7840
0510_00,DashUpDown,SpCostDownIN,1000
0510_00,DashUpDown,SpCostDownLP,7840
0510_00,DragonHoming,SpCostIN,250
0510_00,DragonHoming,SpCostLP,3500
0540_00,Character,DestroyedPower,2
0540_00,Character,AbilityFlag.SparkingArmor,false
0540_00,Character,AbilityFlag.AutoReflect,false
0540_00,Character,AbilityFlag.bCanHighSpeedMove,false
0540_00,Character,AbilityFlag.bCanSuperHighSpeedMove,false
0540_00,Character,ActionFlag.DragonTornado,true
0540_00,Character,ActionFlag.DawnThrow,true
0540_00,Character,ActionFlag.CannonCombo,true
0540_00,Character,ActionFlag.SpiralSlash,true
0540_00,Character,ActionFlag.PowerPress,true
0540_00,Character,ActionFlag.TriAttack,true
0540_00,Character,ActionFlag.AirRush,true
0540_00,Character,ActionFlag.DeltaStorm,true
0540_00,Character,ActionFlag.SparkingRush,true
0540_00,Character,ActionFlag.DashRising,true
0540_00,Character,ActionFlag.DashBlow,true
0540_00,Character,ChaseChangeBlastSlot,EKoratBlastSlotType::BlastSkill1
0540_00,Numeric,Life,30000
0540_00,Numeric,DamageRate,1.2
0540_00,Numeric,InitialSP,10000
0540_00,Numeric,SPAutoRecoverySpeed,1500
0540_00,Numeric,SPAutoRecoverySpeedScaleUnderOneGauge,1.3
0540_00,Numeric,SPChargeSpeed,8
0540_00,Numeric,SPChargeSpeedUnderAutoRecoveryLimit,12
0540_00,Numeric,SparkingModeGaugeDecreaseSpeed,2800
0540_00,Numeric,BlastStock,4
0540_00,Numeric,InitialBlastStock,2
0540_00,Numeric,AttackChargeSpeedsBySmashLevel[0],3
0540_00,Numeric,AttackChargeSpeedsBySmashLevel[1],5.4
0540_00,Numeric,AttackChargeSpeedsBySmashLevel[2],7.5
0540_00,Numeric,PursuitBaseLimit,1
0540_00,Numeric,PursuitLimitDragonHoming,0
0540_00,Numeric,PursuitLimitVanishingAttack,0
0540_00,Numeric,PursuitBaseLimitAddAtSparking,1
0540_00,Numeric,PursuitLimitDragonHomingAddAtSparking,0
0540_00,Numeric,PursuitLimitVanishingAttackAddAtSparking,0
0540_00,Numeric,PursuitLimitLightningAttackAddAtSparking,0
0540_00,Numeric,IdealPositionMidAirKick,68
0540_00,Numeric,ReactionSplitHighBorder,0.7
0540_00,Numeric,ReactionSplitMidBorder,0.35
0540_00,Numeric,ReactionSplitLowBorder,0.175
0540_00,Numeric,BulletNum,2
0540_00,Numeric,JumpBulletNum,2
0540_00,Numeric,JumpBulletSetNum,1
0540_00,Numeric,DashBulletNum,2
0540_00,Numeric,RushBulletLimit,2
0540_00,Numeric,SmashBulletLimit,1
0540_00,Numeric,RepelSkillGaugeGainRate,1.6
0540_00,Numeric,AttackBreakSkillGaugeGain,0.15
0540_00,Numeric,FastAvoidSkillGaugeGain,0.05
0540_00,Numeric,ThrowBreakSkillGaugeGain,0.1
0540_00,Numeric,BackAttackedSkillGaugeGain,0.03
0540_00,Numeric,LastOneHPSkillGaugeGain,1
0540_00,Numeric,ImpactStartSkillGaugeGain,1
0540_00,Numeric,RushOffsetSkillGaugeGain,0.05
0540_00,Numeric,CollisionOffsetSkillGaugeGain,0.5
0540_00,Numeric,DragonHomingChangeTrajectorySkillGaugeGain,0.1
0540_00,Numeric,BurstSmashGaugeGain,0.1
0540_00,Numeric,ExParam,8
0540_00,Steps,StepShortDash.AddToSpeedScale,60000
0540_00,Steps,StepShortDash.MaxAcceleration,60000
0540_00,Steps,StepShortDash.BrakingDeceleration,30000
0540_00,Steps,StepShortDash.ElapsedTimeToOT,0.033333
0540_00,Steps,StepShortDash.Duration,0.333333
0540_00,Steps,StepShortDash.CoolTime,0.05
0540_00,Steps,StepShortDash.bIsStopClearSpeed,true
0540_00,Steps,StepShortDash.StopBrakingDeceleration,10000000
0540_00,Steps,StepShortDash.SpCost,2650
0540_00,Steps,StepCancelShortDash.AddToSpeedScale,60000
0540_00,Steps,StepCancelShortDash.MaxAcceleration,60000
0540_00,Steps,StepCancelShortDash.BrakingDeceleration,30000
0540_00,Steps,StepCancelShortDash.ElapsedTimeToOT,0.033333
0540_00,Steps,StepCancelShortDash.Duration,0.333333
0540_00,Steps,StepCancelShortDash.CoolTime,0.416667
0540_00,Steps,StepCancelShortDash.bIsStopClearSpeed,true
0540_00,Steps,StepCancelShortDash.StopBrakingDeceleration,10000000
0540_00,Steps,StepCancelShortDash.SpCost,1325
0540_00,DragonDash,SpCostIN,500
0540_00,DragonDash,SpCostLP,3920
0540_00,DragonDash,SpCostBK,5200
0540_00,DragonDash,HighSpeedSpCostLP,4900
0540_00,ZBurstDash,SpCostIN,10000
0540_00,ZBurstDash,SpCostLP,11000
0540_00,ZBurstDash,BurstSmashSpCostLP,3500
0540_00,DashUpDown,SpCostUpIN,1000
0540_00,DashUpDown,SpCostUpLP,7840
0540_00,DashUpDown,SpCostDownIN,1000
0540_00,DashUpDown,SpCostDownLP,7840
0540_00,DragonHoming,SpCostIN,250
0540_00,DragonHoming,SpCostLP,3500
0550_00,Character,AbilityFlag.SparkingArmor,false
0550_00,Character,AbilityFlag.AutoReflect,false
0550_00,Character,AbilityFlag.bCanHighSpeedMove,false
0550_00,Character,AbilityFlag.bCanSuperHighSpeedMove,false
0550_00,Character,ActionFlag.CannonCombo,true
0550_00,Character,ActionFlag.SpiralSlash,true
0550_00,Character,ActionFlag.PowerPress,true
0550_00,Character,ActionFlag.SparkingRush,true
0550_00,Character,ChaseChangeBlastSlot,EKoratBlastSlotType::BlastSkill1
0550_00,Numeric,Life,40000
0550_00,Numeric,InitialSP,10000
0550_00,Numeric,SPAutoRecoverySpeed,1500
0550_00,Numeric,SPAutoRecoverySpeedScaleUnderOneGauge,1.3
0550_00,Numeric,SPChargeSpeed,8
0550_00,Numeric,SPChargeSpeedUnderAutoRecoveryLimit,12
0550_00,Numeric,SparkingModeGaugeDecreaseSpeed,2800
0550_00,Numeric,GuardCrashedByCombativesBlastSpDamageRate,0.75
0550_00,Numeric,BlastStock,4
0550_00,Numeric,AttackChargeSpeedsBySmashLevel[0],3
0550_00,Numeric,AttackChargeSpeedsBySmashLevel[1],5.4
0550_00,Numeric,AttackChargeSpeedsBySmashLevel[2],7.5
0550_00,Numeric,PursuitBaseLimit,2
0550_00,Numeric,PursuitLimitDragonHoming,0
0550_00,Numeric,PursuitLimitVanishingAttack,0
0550_00,Numeric,PursuitBaseLimitAddAtSparking,1
0550_00,Numeric,PursuitLimitDragonHomingAddAtSparking,0
0550_00,Numeric,PursuitLimitVanishingAttackAddAtSparking,0
0550_00,Numeric,PursuitLimitLightningAttackAddAtSparking,0
0550_00,Numeric,IdealPositionMidAirKick,82
0550_00,Numeric,ReactionSplitHighBorder,0.6
0550_00,Numeric,ReactionSplitMidBorder,0.4
0550_00,Numeric,ReactionSplitLowBorder,0.2
0550_00,Numeric,BulletNum,3
0550_00,Numeric,JumpBulletSetNum,1
0550_00,Numeric,DashBulletNum,2
0550_00,Numeric,RushBulletLimit,3
0550_00,Numeric,SmashBulletLimit,1
0550_00,Numeric,RepelSkillGaugeGainRate,1.6
0550_00,Numeric,AttackBreakSkillGaugeGain,0.15
0550_00,Numeric,FastAvoidSkillGaugeGain,0.05
0550_00,Numeric,ThrowBreakSkillGaugeGain,0.1
0550_00,Numeric,BackAttackedSkillGaugeGain,0.03
0550_00,Numeric,LastOneHPSkillGaugeGain,1
0550_00,Numeric,ImpactStartSkillGaugeGain,1
0550_00,Numeric,RushOffsetSkillGaugeGain,0.05
0550_00,Numeric,CollisionOffsetSkillGaugeGain,0.5
0550_00,Numeric,DragonHomingChangeTrajectorySkillGaugeGain,0.1
0550_00,Numeric,BurstSmashGaugeGain,0.1
0550_00,Numeric,ExParam,8
0550_00,Steps,StepShortDash.AddToSpeedScale,60000
0550_00,Steps,StepShortDash.MaxAcceleration,60000
0550_00,Steps,StepShortDash.BrakingDeceleration,30000
0550_00,Steps,StepShortDash.ElapsedTimeToOT,0.033333
0550_00,Steps,StepShortDash.Duration,0.333333
0550_00,Steps,StepShortDash.CoolTime,0.05
0550_00,Steps,StepShortDash.bIsStopClearSpeed,true
0550_00,Steps,StepShortDash.StopBrakingDeceleration,10000000
0550_00,Steps,StepShortDash.SpCost,2650
0550_00,Steps,StepCancelShortDash.AddToSpeedScale,60000
0550_00,Steps,StepCancelShortDash.MaxAcceleration,60000
0550_00,Steps,StepCancelShortDash.BrakingDeceleration,30000
0550_00,Steps,StepCancelShortDash.ElapsedTimeToOT,0.033333
0550_00,Steps,StepCancelShortDash.Duration,0.333333
0550_00,Steps,StepCancelShortDash.CoolTime,0.416667
0550_00,Steps,StepCancelShortDash.bIsStopClearSpeed,true
0550_00,Steps,StepCancelShortDash.StopBrakingDeceleration,10000000
0550_00,Steps,StepCancelShortDash.SpCost,1325
0550_00,DragonDash,SpCostIN,500
0550_00,DragonDash,SpCostLP,3920
0550_00,DragonDash,SpCostBK,6000
0550_00,DragonDash,HighSpeedSpCostLP,5600
0550_00,ZBurstDash,SpCostIN,10000
0550_00,ZBurstDash,SpCostLP,11000
0550_00,ZBurstDash,BurstSmashSpCostLP,3500
0550_00,DashUpDown,SpCostUpIN,1000
0550_00,DashUpDown,SpCostUpLP,7840
0550_00,DashUpDown,SpCostDownIN,1000
0550_00,DashUpDown,SpCostDownLP,7840
0550_00,DragonHoming,SpCostIN,250
0550_00,DragonHoming,SpCostLP,3500
0551_00,Character,DestroyedPower,7
0551_00,Character,AbilityFlag.bCanHighSpeedMove,false
0551_00,Character,AbilityFlag.bCanSuperHighSpeedMove,false
0551_00,Character,ActionFlag.CannonCombo,true
0551_00,Character,ActionFlag.PowerPress,true
0551_00,Character,ActionFlag.TriAttack,true
0551_00,Character,ActionFlag.AirRush,true
0551_00,Character,ChaseChangeBlastSlot,EKoratBlastSlotType::BlastSkill2
0551_00,Numeric,Life,40000
0551_00,Numeric,SPAutoRecoverySpeed,1750
0551_00,Numeric,SPAutoRecoverySpeedScaleUnderOneGauge,1.3
0551_00,Numeric,SPChargeSpeed,7
0551_00,Numeric,SPChargeSpeedUnderAutoRecoveryLimit,10.5
0551_00,Numeric,SparkingModeGaugeDecreaseSpeed,2800
0551_00,Numeric,GuardCrashedByCombativesBlastSpDamageRate,0.75
0551_00,Numeric,StunReactionRecoverySpeedScale,1.3
0551_00,Numeric,StunReactionInputRecoverySpeedScale,1.3
0551_00,Numeric,LimitBoostRecoverySpeedScale,1.3
0551_00,Numeric,LimitBoostInputRecoverySpeedScale,1.3
0551_00,Numeric,AttackChargeSpeedsBySmashLevel[0],3
0551_00,Numeric,AttackChargeSpeedsBySmashLevel[1],5.4
0551_00,Numeric,AttackChargeSpeedsBySmashLevel[2],7.5
0551_00,Numeric,PursuitBaseLimit,2
0551_00,Numeric,PursuitLimitDragonHoming,0
0551_00,Numeric,PursuitLimitVanishingAttack,0
0551_00,Numeric,PursuitBaseLimitAddAtSparking,2
0551_00,Numeric,PursuitLimitDragonHomingAddAtSparking,0
0551_00,Numeric,PursuitLimitVanishingAttackAddAtSparking,0
0551_00,Numeric,PursuitLimitLightningAttackAddAtSparking,0
0551_00,Numeric,IdealPositionMidAirKick,82
0551_00,Numeric,ReactionSplitHighBorder,0.6
0551_00,Numeric,ReactionSplitMidBorder,0.4
0551_00,Numeric,ReactionSplitLowBorder,0.2
0551_00,Numeric,BulletNum,7
0551_00,Numeric,JumpBulletNum,6
0551_00,Numeric,JumpBulletSetNum,1
0551_00,Numeric,RushBulletLimit,7
0551_00,Numeric,SmashBulletLimit,1
0551_00,Numeric,RepelSkillGaugeGainRate,1.1
0551_00,Numeric,AttackBreakSkillGaugeGain,0.15
0551_00,Numeric,FastAvoidSkillGaugeGain,0.05
0551_00,Numeric,ThrowBreakSkillGaugeGain,0.1
0551_00,Numeric,BackAttackedSkillGaugeGain,0.03
0551_00,Numeric,LastOneHPSkillGaugeGain,1
0551_00,Numeric,ImpactStartSkillGaugeGain,1
0551_00,Numeric,RushOffsetSkillGaugeGain,0.05
0551_00,Numeric,CollisionOffsetSkillGaugeGain,0.5
0551_00,Numeric,DragonHomingChangeTrajectorySkillGaugeGain,0.1
0551_00,Numeric,BurstSmashGaugeGain,0.1
0551_00,Numeric,ExParam,14
0551_00,Steps,StepShortDash.AddToSpeedScale,60000
0551_00,Steps,StepShortDash.MaxAcceleration,60000
0551_00,Steps,StepShortDash.BrakingDeceleration,30000
0551_00,Steps,StepShortDash.ElapsedTimeToOT,0.033333
0551_00,Steps,StepShortDash.Duration,0.333333
0551_00,Steps,StepShortDash.CoolTime,0.05
0551_00,Steps,StepShortDash.bIsStopClearSpeed,true
0551_00,Steps,StepShortDash.StopBrakingDeceleration,10000000
0551_00,Steps,StepShortDash.SpCost,2650
0551_00,Steps,StepCancelShortDash.AddToSpeedScale,60000
0551_00,Steps,StepCancelShortDash.MaxAcceleration,60000
0551_00,Steps,StepCancelShortDash.BrakingDeceleration,30000
0551_00,Steps,StepCancelShortDash.ElapsedTimeToOT,0.033333
0551_00,Steps,StepCancelShortDash.Duration,0.333333
0551_00,Steps,StepCancelShortDash.CoolTime,0.416667
0551_00,Steps,StepCancelShortDash.bIsStopClearSpeed,true
0551_00,Steps,StepCancelShortDash.StopBrakingDeceleration,10000000
0551_00,Steps,StepCancelShortDash.SpCost,1325
0551_00,DragonDash,SpCostIN,500
0551_00,DragonDash,SpCostLP,3920
0551_00,DragonDash,SpCostBK,5200
0551_00,DragonDash,HighSpeedSpCostLP,4900
0551_00,ZBurstDash,SpCostIN,10000
0551_00,ZBurstDash,SpCostLP,11000
0551_00,ZBurstDash,BurstSmashSpCostLP,3500
0551_00,DashUpDown,SpCostUpIN,1000
0551_00,DashUpDown,SpCostUpLP,7840
0551_00,DashUpDown,SpCostDownIN,1000
0551_00,DashUpDown,SpCostDownLP,7840
0551_00,DragonHoming,SpCostIN,250
0551_00,DragonHoming,SpCostLP,3500
0552_00,Character,DestroyedPower,9
0552_00,Character,AbilityFlag.HyperArmor,true
0552_00,Character,AbilityFlag.bCanHighSpeedMove,false
0552_00,Character,AbilityFlag.bCanSuperHighSpeedMove,false
0552_00,Character,ActionFlag.ThrowEscape,true
0552_00,Character,ActionFlag.CannonCombo,true
0552_00,Character,ActionFlag.SpiralSlash,true
0552_00,Character,ActionFlag.RollingHurricane,true
0552_00,Character,ActionFlag.TriAttack,true
0552_00,Character,ActionFlag.AirRush,true
0552_00,Character,ActionFlag.DeltaStorm,true
0552_00,Character,ActionFlag.SparkingRush,true
0552_00,Character,ActionFlag.BlastRepel,true
0552_00,Character,ChaseChangeBlastSlot,EKoratBlastSlotType::BlastSkill1
0552_00,Numeric,Life,45000
0552_00,Numeric,DamageRate,0.9
0552_00,Numeric,InitialSP,30000
0552_00,Numeric,SPAutoRecoverySpeed,1750
0552_00,Numeric,SPAutoRecoverySpeedScaleUnderOneGauge,1.3
0552_00,Numeric,SPChargeSpeed,7
0552_00,Numeric,SPChargeSpeedUnderAutoRecoveryLimit,10.5
0552_00,Numeric,SparkingModeGaugeDecreaseSpeed,2800
0552_00,Numeric,GuardCrashedByCombativesBlastSpDamageRate,0.75
0552_00,Numeric,BlastStock,6
0552_00,Numeric,AttackChargeSpeedsBySmashLevel[0],3
0552_00,Numeric,AttackChargeSpeedsBySmashLevel[1],5.4
0552_00,Numeric,AttackChargeSpeedsBySmashLevel[2],7.5
0552_00,Numeric,PursuitBaseLimit,3
0552_00,Numeric,PursuitLimitDragonHoming,0
0552_00,Numeric,PursuitLimitVanishingAttack,0
0552_00,Numeric,PursuitBaseLimitAddAtSparking,3
0552_00,Numeric,PursuitLimitDragonHomingAddAtSparking,0
0552_00,Numeric,PursuitLimitVanishingAttackAddAtSparking,0
0552_00,Numeric,PursuitLimitLightningAttackAddAtSparking,0
0552_00,Numeric,IdealPositionMidAirKick,90
0552_00,Numeric,ReactionSplitHighBorder,0.6
0552_00,Numeric,ReactionSplitMidBorder,0.4
0552_00,Numeric,ReactionSplitLowBorder,0.2
0552_00,Numeric,DashBulletNum,6
0552_00,Numeric,RushBulletLimit,10
0552_00,Numeric,SmashBulletLimit,1
0552_00,Numeric,RepelSkillGaugeGainRate,1.2
0552_00,Numeric,AttackBreakSkillGaugeGain,0.15
0552_00,Numeric,FastAvoidSkillGaugeGain,0.05
0552_00,Numeric,ThrowBreakSkillGaugeGain,0.1
0552_00,Numeric,BackAttackedSkillGaugeGain,0.03
0552_00,Numeric,LastOneHPSkillGaugeGain,1
0552_00,Numeric,ImpactStartSkillGaugeGain,1
0552_00,Numeric,RushOffsetSkillGaugeGain,0.05
0552_00,Numeric,CollisionOffsetSkillGaugeGain,0.5
0552_00,Numeric,DragonHomingChangeTrajectorySkillGaugeGain,0.1
0552_00,Numeric,BurstSmashGaugeGain,0.1
0552_00,Numeric,ExParam,16
0552_00,Steps,StepShortDash.AddToSpeedScale,60000
0552_00,Steps,StepShortDash.MaxAcceleration,60000
0552_00,Steps,StepShortDash.BrakingDeceleration,30000
0552_00,Steps,StepShortDash.ElapsedTimeToOT,0.033333
0552_00,Steps,StepShortDash.Duration,0.333333
0552_00,Steps,StepShortDash.CoolTime,0.05
0552_00,Steps,StepShortDash.bIsStopClearSpeed,true
0552_00,Steps,StepShortDash.StopBrakingDeceleration,10000000
0552_00,Steps,StepShortDash.SpCost,2650
0552_00,Steps,StepCancelShortDash.AddToSpeedScale,60000
0552_00,Steps,StepCancelShortDash.MaxAcceleration,60000
0552_00,Steps,StepCancelShortDash.BrakingDeceleration,30000
0552_00,Steps,StepCancelShortDash.ElapsedTimeToOT,0.033333
0552_00,Steps,StepCancelShortDash.Duration,0.333333
0552_00,Steps,StepCancelShortDash.CoolTime,0.416667
0552_00,Steps,StepCancelShortDash.bIsStopClearSpeed,true
0552_00,Steps,StepCancelShortDash.StopBrakingDeceleration,10000000
0552_00,Steps,StepCancelShortDash.SpCost,1325
0552_00,DragonDash,SpCostIN,500
0552_00,DragonDash,SpCostLP,3920
0552_00,DragonDash,SpCostBK,5200
0552_00,DragonDash,HighSpeedSpCostLP,4900
0552_00,ZBurstDash,SpCostIN,10000
0552_00,ZBurstDash,SpCostLP,11000
0552_00,ZBurstDash,BurstSmashSpCostLP,3500
0552_00,DashUpDown,SpCostUpIN,1000
0552_00,DashUpDown,SpCostUpLP,7840
0552_00,DashUpDown,SpCostDownIN,1000
0552_00,DashUpDown,SpCostDownLP,7840
0552_00,DragonHoming,SpCostIN,250
0552_00,DragonHoming,SpCostLP,3500
0553_00,Character,AbilityFlag.AutoReflect,false
0553_00,Character,AbilityFlag.bCanHighSpeedMove,false
0553_00,Character,AbilityFlag.bCanSuperHighSpeedMove,false
0553_00,Character,ActionFlag.ThrowEscape,true
0553_00,Character,ActionFlag.CannonCombo,true
0553_00,Character,ActionFlag.PowerPress,true
0553_00,Character,ActionFlag.TriAttack,true
0553_00,Character,ActionFlag.AirRush,true
0553_00,Character,ActionFlag.DeltaStorm,true
0553_00,Character,ActionFlag.SparkingRush,true
0553_00,Character,ChaseChangeBlastSlot,EKoratBlastSlotType::BlastSkill1
0553_00,Numeric,Life,40000
0553_00,Numeric,InitialSP,10000
0553_00,Numeric,SPAutoRecoverySpeed,1750
0553_00,Numeric,SPAutoRecoverySpeedScaleUnderOneGauge,1.3
0553_00,Numeric,SPChargeSpeed,7
0553_00,Numeric,SPChargeSpeedUnderAutoRecoveryLimit,10.5
0553_00,Numeric,SparkingModeGaugeDecreaseSpeed,2800
0553_00,Numeric,GuardCrashedByCombativesBlastSpDamageRate,0.75
0553_00,Numeric,BlastStock,4
0553_00,Numeric,AttackChargeSpeedsBySmashLevel[0],3
0553_00,Numeric,AttackChargeSpeedsBySmashLevel[1],5.4
0553_00,Numeric,AttackChargeSpeedsBySmashLevel[2],7.5
0553_00,Numeric,PursuitBaseLimit,2
0553_00,Numeric,PursuitLimitDragonHoming,0
0553_00,Numeric,PursuitLimitVanishingAttack,0
0553_00,Numeric,PursuitBaseLimitAddAtSparking,2
0553_00,Numeric,PursuitLimitDragonHomingAddAtSparking,0
0553_00,Numeric,PursuitLimitVanishingAttackAddAtSparking,0
0553_00,Numeric,PursuitLimitLightningAttackAddAtSparking,0
0553_00,Numeric,IdealPositionMidAirKick,88
0553_00,Numeric,ReactionSplitHighBorder,0.6
0553_00,Numeric,ReactionSplitMidBorder,0.4
0553_00,Numeric,ReactionSplitLowBorder,0.2
0553_00,Numeric,BulletNum,4
0553_00,Numeric,JumpBulletNum,6
0553_00,Numeric,JumpBulletSetNum,1
0553_00,Numeric,RushBulletLimit,4
0553_00,Numeric,SmashBulletLimit,1
0553_00,Numeric,AttackBreakSkillGaugeGain,0.15
0553_00,Numeric,FastAvoidSkillGaugeGain,0.05
0553_00,Numeric,ThrowBreakSkillGaugeGain,0.1
0553_00,Numeric,BackAttackedSkillGaugeGain,0.03
0553_00,Numeric,LastOneHPSkillGaugeGain,1
0553_00,Numeric,ImpactStartSkillGaugeGain,1
0553_00,Numeric,RushOffsetSkillGaugeGain,0.05
0553_00,Numeric,CollisionOffsetSkillGaugeGain,0.5
0553_00,Numeric,DragonHomingChangeTrajectorySkillGaugeGain,0.1
0553_00,Numeric,BurstSmashGaugeGain,0.1
0553_00,Numeric,ExParam,10
0553_00,Steps,StepShortDash.AddToSpeedScale,60000
0553_00,Steps,StepShortDash.MaxAcceleration,60000
0553_00,Steps,StepShortDash.BrakingDeceleration,30000
0553_00,Steps,StepShortDash.ElapsedTimeToOT,0.033333
0553_00,Steps,StepShortDash.Duration,0.333333
0553_00,Steps,StepShortDash.CoolTime,0.05
0553_00,Steps,StepShortDash.bIsStopClearSpeed,true
0553_00,Steps,StepShortDash.StopBrakingDeceleration,10000000
0553_00,Steps,StepShortDash.SpCost,2650
0553_00,Steps,StepCancelShortDash.AddToSpeedScale,60000
0553_00,Steps,StepCancelShortDash.MaxAcceleration,60000
0553_00,Steps,StepCancelShortDash.BrakingDeceleration,30000
0553_00,Steps,StepCancelShortDash.ElapsedTimeToOT,0.033333
0553_00,Steps,StepCancelShortDash.Duration,0.333333
0553_00,Steps,StepCancelShortDash.CoolTime,0.416667
0553_00,Steps,StepCancelShortDash.bIsStopClearSpeed,true
0553_00,Steps,StepCancelShortDash.StopBrakingDeceleration,10000000
0553_00,Steps,StepCancelShortDash.SpCost,1325
0553_00,DragonDash,SpCostIN,500
0553_00,DragonDash,SpCostLP,3920
0553_00,DragonDash,SpCostBK,6000
0553_00,DragonDash,HighSpeedSpCostLP,5600
0553_00,ZBurstDash,SpCostIN,10000
0553_00,ZBurstDash,SpCostLP,11000
0553_00,ZBurstDash,BurstSmashSpCostLP,3500
0553_00,DashUpDown,SpCostUpIN,1000
0553_00,DashUpDown,SpCostUpLP,7840
0553_00,DashUpDown,SpCostDownIN,1000
0553_00,DashUpDown,SpCostDownLP,7840
0553_00,DragonHoming,SpCostIN,250
0553_00,DragonHoming,SpCostLP,3500
0554_00,Character,DestroyedPower,7
0554_00,Character,AbilityFlag.bCanSuperHighSpeedMove,false
0554_00,Character,ActionFlag.ThrowEscape,true
0554_00,Character,ActionFlag.SpiralSlash,true
0554_00,Character,ActionFlag.PowerPress,true
0554_00,Character,ActionFlag.TriAttack,true
0554_00,Character,ActionFlag.AirRush,true
0554_00,Character,ActionFlag.DeltaStorm,true
0554_00,Character,ActionFlag.SparkingRush,true
0554_00,Character,ChaseChangeBlastSlot,EKoratBlastSlotType::BlastSkill1
0554_00,Numeric,Life,40000
0554_00,Numeric,SPAutoRecoverySpeed,1750
0554_00,Numeric,SPAutoRecoverySpeedScaleUnderOneGauge,1.3
0554_00,Numeric,SPChargeSpeed,7
0554_00,Numeric,SPChargeSpeedUnderAutoRecoveryLimit,10.5
0554_00,Numeric,SparkingModeGaugeDecreaseSpeed,2800
0554_00,Numeric,GuardCrashedByCombativesBlastSpDamageRate,0.75
0554_00,Numeric,StunReactionRecoverySpeedScale,1.3
0554_00,Numeric,StunReactionInputRecoverySpeedScale,1.3
0554_00,Numeric,LimitBoostRecoverySpeedScale,1.3
0554_00,Numeric,LimitBoostInputRecoverySpeedScale,1.3
0554_00,Numeric,AttackChargeSpeedsBySmashLevel[0],3
0554_00,Numeric,AttackChargeSpeedsBySmashLevel[1],5.4
0554_00,Numeric,AttackChargeSpeedsBySmashLevel[2],7.5
0554_00,Numeric,PursuitBaseLimit,2
0554_00,Numeric,PursuitLimitDragonHoming,0
0554_00,Numeric,PursuitLimitVanishingAttack,0
0554_00,Numeric,PursuitBaseLimitAddAtSparking,2
0554_00,Numeric,PursuitLimitDragonHomingAddAtSparking,0
0554_00,Numeric,PursuitLimitVanishingAttackAddAtSparking,0
0554_00,Numeric,PursuitLimitLightningAttackAddAtSparking,0
0554_00,Numeric,IdealPositionMidAirKick,88
0554_00,Numeric,ReactionSplitHighBorder,0.6
0554_00,Numeric,ReactionSplitMidBorder,0.4
0554_00,Numeric,ReactionSplitLowBorder,0.2
0554_00,Numeric,BulletNum,7
0554_00,Numeric,JumpBulletNum,6
0554_00,Numeric,JumpBulletSetNum,1
0554_00,Numeric,RushBulletLimit,7
0554_00,Numeric,SmashBulletLimit,1
0554_00,Numeric,RepelSkillGaugeGainRate,1.1
0554_00,Numeric,AttackBreakSkillGaugeGain,0.15
0554_00,Numeric,FastAvoidSkillGaugeGain,0.05
0554_00,Numeric,ThrowBreakSkillGaugeGain,0.1
0554_00,Numeric,BackAttackedSkillGaugeGain,0.03
0554_00,Numeric,LastOneHPSkillGaugeGain,1
0554_00,Numeric,ImpactStartSkillGaugeGain,1
0554_00,Numeric,RushOffsetSkillGaugeGain,0.05
0554_00,Numeric,CollisionOffsetSkillGaugeGain,0.5
0554_00,Numeric,DragonHomingChangeTrajectorySkillGaugeGain,0.1
0554_00,Numeric,BurstSmashGaugeGain,0.1
0554_00,Numeric,ExParam,14
0554_00,Steps,StepShortDash.AddToSpeedScale,60000
0554_00,Steps,StepShortDash.MaxAcceleration,60000
0554_00,Steps,StepShortDash.BrakingDeceleration,30000
0554_00,Steps,StepShortDash.ElapsedTimeToOT,0.033333
0554_00,Steps,StepShortDash.Duration,0.333333
0554_00,Steps,StepShortDash.CoolTime,0.05
0554_00,Steps,StepShortDash.bIsStopClearSpeed,true
0554_00,Steps,StepShortDash.StopBrakingDeceleration,10000000
0554_00,Steps,StepShortDash.SpCost,2650
0554_00,Steps,StepCancelShortDash.AddToSpeedScale,60000
0554_00,Steps,StepCancelShortDash.MaxAcceleration,60000
0554_00,Steps,StepCancelShortDash.BrakingDeceleration,30000
0554_00,Steps,StepCancelShortDash.ElapsedTimeToOT,0.033333
0554_00,Steps,StepCancelShortDash.Duration,0.333333
0554_00,Steps,StepCancelShortDash.CoolTime,0.416667
0554_00,Steps,StepCancelShortDash.bIsStopClearSpeed,true
0554_00,Steps,StepCancelShortDash.StopBrakingDeceleration,10000000
0554_00,Steps,StepCancelShortDash.SpCost,1325
0554_00,DragonDash,SpCostIN,500
0554_00,DragonDash,SpCostLP,3920
0554_00,DragonDash,SpCostBK,6000
0554_00,DragonDash,HighSpeedSpCostLP,5600
0554_00,ZBurstDash,SpCostIN,10000
0554_00,ZBurstDash,SpCostLP,11000
0554_00,ZBurstDash,BurstSmashSpCostLP,3500
0554_00,DashUpDown,SpCostUpIN,1000
0554_00,DashUpDown,SpCostUpLP,7840
0554_00,DashUpDown,SpCostDownIN,1000
0554_00,DashUpDown,SpCostDownLP,7840
0554_00,DragonHoming,SpCostIN,250
0554_00,DragonHoming,SpCostLP,3500
0555_00,Character,DestroyedPower,9
0555_00,Character,AbilityFlag.HyperArmor,true
0555_00,Character,ActionFlag.ThrowEscape,true
0555_00,Character,ActionFlag.CannonCombo,true
0555_00,Character,ActionFlag.SpiralSlash,true
0555_00,Character,ActionFlag.RollingHurricane,true
0555_00,Character,ActionFlag.TriAttack,true
0555_00,Character,ActionFlag.AirRush,true
0555_00,Character,ActionFlag.DeltaStorm,true
0555_00,Character,ActionFlag.SparkingRush,true
0555_00,Character,ChaseChangeBlastSlot,EKoratBlastSlotType::BlastSkill1
0555_00,Numeric,Life,45000
0555_00,Numeric,DamageRate,0.9
0555_00,Numeric,InitialSP,30000
0555_00,Numeric,SPAutoRecoverySpeed,1750
0555_00,Numeric,SPAutoRecoverySpeedScaleUnderOneGauge,1.3
0555_00,Numeric,SPChargeSpeed,7
0555_00,Numeric,SPChargeSpeedUnderAutoRecoveryLimit,10.5
0555_00,Numeric,SparkingModeGaugeDecreaseSpeed,2800
0555_00,Numeric,GuardCrashedByCombativesBlastSpDamageRate,0.75
0555_00,Numeric,BlastStock,6
0555_00,Numeric,AttackChargeSpeedsBySmashLevel[0],3
0555_00,Numeric,AttackChargeSpeedsBySmashLevel[1],5.4
0555_00,Numeric,AttackChargeSpeedsBySmashLevel[2],7.5
0555_00,Numeric,PursuitBaseLimit,3
0555_00,Numeric,PursuitLimitDragonHoming,0
0555_00,Numeric,PursuitLimitVanishingAttack,0
0555_00,Numeric,PursuitBaseLimitAddAtSparking,3
0555_00,Numeric,PursuitLimitDragonHomingAddAtSparking,0
0555_00,Numeric,PursuitLimitVanishingAttackAddAtSparking,0
0555_00,Numeric,PursuitLimitLightningAttackAddAtSparking,0
0555_00,Numeric,IdealPositionMidAirKick,88
0555_00,Numeric,ReactionSplitHighBorder,0.6
0555_00,Numeric,ReactionSplitMidBorder,0.4
0555_00,Numeric,ReactionSplitLowBorder,0.2
0555_00,Numeric,DashBulletNum,6
0555_00,Numeric,RushBulletLimit,10
0555_00,Numeric,SmashBulletLimit,1
0555_00,Numeric,RepelSkillGaugeGainRate,1.2
0555_00,Numeric,AttackBreakSkillGaugeGain,0.15
0555_00,Numeric,FastAvoidSkillGaugeGain,0.05
0555_00,Numeric,ThrowBreakSkillGaugeGain,0.1
0555_00,Numeric,BackAttackedSkillGaugeGain,0.03
0555_00,Numeric,LastOneHPSkillGaugeGain,1
0555_00,Numeric,ImpactStartSkillGaugeGain,1
0555_00,Numeric,RushOffsetSkillGaugeGain,0.05
0555_00,Numeric,CollisionOffsetSkillGaugeGain,0.5
0555_00,Numeric,DragonHomingChangeTrajectorySkillGaugeGain,0.1
0555_00,Numeric,BurstSmashGaugeGain,0.1
0555_00,Numeric,ExParam,16
0555_00,Steps,StepShortDash.AddToSpeedScale,60000
0555_00,Steps,StepShortDash.MaxAcceleration,60000
0555_00,Steps,StepShortDash.BrakingDeceleration,30000
0555_00,Steps,StepShortDash.ElapsedTimeToOT,0.033333
0555_00,Steps,StepShortDash.Duration,0.333333
0555_00,Steps,StepShortDash.CoolTime,0.05
0555_00,Steps,StepShortDash.bIsStopClearSpeed,true
0555_00,Steps,StepShortDash.StopBrakingDeceleration,10000000
0555_00,Steps,StepShortDash.SpCost,2650
0555_00,Steps,StepCancelShortDash.AddToSpeedScale,60000
0555_00,Steps,StepCancelShortDash.MaxAcceleration,60000
0555_00,Steps,StepCancelShortDash.BrakingDeceleration,30000
0555_00,Steps,StepCancelShortDash.ElapsedTimeToOT,0.033333
0555_00,Steps,StepCancelShortDash.Duration,0.333333
0555_00,Steps,StepCancelShortDash.CoolTime,0.416667
0555_00,Steps,StepCancelShortDash.bIsStopClearSpeed,true
0555_00,Steps,StepCancelShortDash.StopBrakingDeceleration,10000000
0555_00,Steps,StepCancelShortDash.SpCost,1325
0555_00,DragonDash,SpCostIN,500
0555_00,DragonDash,SpCostLP,3920
0555_00,DragonDash,SpCostBK,5200
0555_00,DragonDash,HighSpeedSpCostLP,4900
0555_00,ZBurstDash,SpCostIN,10000
0555_00,ZBurstDash,SpCostLP,11000
0555_00,ZBurstDash,BurstSmashSpCostLP,3500
0555_00,DashUpDown,SpCostUpIN,1000
0555_00,DashUpDown,SpCostUpLP,7840
0555_00,DashUpDown,SpCostDownIN,1000
0555_00,DashUpDown,SpCostDownLP,7840
0555_00,DragonHoming,SpCostIN,250
0555_00,DragonHoming,SpCostLP,3500
0561_00,Character,DestroyedPower,4
0561_00,Character,AbilityFlag.AutoReflect,false
0561_00,Character,AbilityFlag.bCanHighSpeedMove,false
0561_00,Character,AbilityFlag.bCanSuperHighSpeedMove,false
0561_00,Character,ActionFlag.ThrowEscape,true
0561_00,Character,ActionFlag.SpiralSlash,true
0561_00,Character,ActionFlag.RollingHurricane,true
0561_00,Character,ActionFlag.TriAttack,true
0561_00,Character,ActionFlag.AirRush,true
0561_00,Character,ActionFlag.DeltaStorm,true
0561_00,Character,ActionFlag.SparkingRush,true
0561_00,Character,ChaseChangeBlastSlot,EKoratBlastSlotType::BlastSkill1
0561_00,Numeric,Life,40000
0561_00,Numeric,DamageRate,0.96
0561_00,Numeric,InitialSP,30000
0561_00,Numeric,SPAutoRecoverySpeed,1750
0561_00,Numeric,SPAutoRecoverySpeedScaleUnderOneGauge,1.3
0561_00,Numeric,SPChargeSpeed,7
0561_00,Numeric,SPChargeSpeedUnderAutoRecoveryLimit,10.5
0561_00,Numeric,SparkingModeGaugeDecreaseSpeed,2800
0561_00,Numeric,GuardCrashedByCombativesBlastSpDamageRate,0.75
0561_00,Numeric,StunReactionRecoverySpeedScale,1.3
0561_00,Numeric,StunReactionInputRecoverySpeedScale,1.3
0561_00,Numeric,LimitBoostRecoverySpeedScale,1.3
0561_00,Numeric,LimitBoostInputRecoverySpeedScale,1.3
0561_00,Numeric,AttackChargeSpeedsBySmashLevel[0],3
0561_00,Numeric,AttackChargeSpeedsBySmashLevel[1],5.4
0561_00,Numeric,AttackChargeSpeedsBySmashLevel[2],7.5
0561_00,Numeric,PursuitBaseLimit,2
0561_00,Numeric,PursuitLimitDragonHoming,0
0561_00,Numeric,PursuitLimitVanishingAttack,0
0561_00,Numeric,PursuitBaseLimitAddAtSparking,2
0561_00,Numeric,PursuitLimitDragonHomingAddAtSparking,0
0561_00,Numeric,PursuitLimitVanishingAttackAddAtSparking,0
0561_00,Numeric,PursuitLimitLightningAttackAddAtSparking,0
0561_00,Numeric,IdealPositionMidAirKick,100
0561_00,Numeric,ReactionSplitHighBorder,0.6
0561_00,Numeric,ReactionSplitMidBorder,0.4
0561_00,Numeric,ReactionSplitLowBorder,0.2
0561_00,Numeric,BulletNum,5
0561_00,Numeric,JumpBulletNum,5
0561_00,Numeric,JumpBulletSetNum,1
0561_00,Numeric,RushBulletLimit,5
0561_00,Numeric,SmashBulletLimit,1
0561_00,Numeric,RepelSkillGaugeGainRate,1.1
0561_00,Numeric,AttackBreakSkillGaugeGain,0.15
0561_00,Numeric,FastAvoidSkillGaugeGain,0.05
0561_00,Numeric,ThrowBreakSkillGaugeGain,0.1
0561_00,Numeric,BackAttackedSkillGaugeGain,0.03
0561_00,Numeric,LastOneHPSkillGaugeGain,1
0561_00,Numeric,ImpactStartSkillGaugeGain,1
0561_00,Numeric,RushOffsetSkillGaugeGain,0.05
0561_00,Numeric,CollisionOffsetSkillGaugeGain,0.5
0561_00,Numeric,DragonHomingChangeTrajectorySkillGaugeGain,0.1
0561_00,Numeric,BurstSmashGaugeGain,0.1
0561_00,Numeric,ExParam,12
0561_00,Steps,StepShortDash.AddToSpeedScale,60000
0561_00,Steps,StepShortDash.MaxAcceleration,60000
0561_00,Steps,StepShortDash.BrakingDeceleration,30000
0561_00,Steps,StepShortDash.ElapsedTimeToOT,0.033333
0561_00,Steps,StepShortDash.Duration,0.333333
0561_00,Steps,StepShortDash.CoolTime,0.05
0561_00,Steps,StepShortDash.bIsStopClearSpeed,true
0561_00,Steps,StepShortDash.StopBrakingDeceleration,10000000
0561_00,Steps,StepShortDash.SpCost,2650
0561_00,Steps,StepCancelShortDash.AddToSpeedScale,60000
0561_00,Steps,StepCancelShortDash.MaxAcceleration,60000
0561_00,Steps,StepCancelShortDash.BrakingDeceleration,30000
0561_00,Steps,StepCancelShortDash.ElapsedTimeToOT,0.033333
0561_00,Steps,StepCancelShortDash.Duration,0.333333
0561_00,Steps,StepCancelShortDash.CoolTime,0.416667
0561_00,Steps,StepCancelShortDash.bIsStopClearSpeed,true
0561_00,Steps,StepCancelShortDash.StopBrakingDeceleration,10000000
0561_00,Steps,StepCancelShortDash.SpCost,1325
0561_00,DragonDash,SpCostIN,500
0561_00,DragonDash,SpCostLP,3920
0561_00,DragonDash,SpCostBK,5200
0561_00,DragonDash,HighSpeedSpCostLP,4900
0561_00,ZBurstDash,SpCostIN,10000
0561_00,ZBurstDash,SpCostLP,11000
0561_00,ZBurstDash,BurstSmashSpCostLP,3500
0561_00,DashUpDown,SpCostUpIN,1000
0561_00,DashUpDown,SpCostUpLP,7840
0561_00,DashUpDown,SpCostDownIN,1000
0561_00,DashUpDown,SpCostDownLP,7840
0561_00,DragonHoming,SpCostIN,250
0561_00,DragonHoming,SpCostLP,3500
0570_00,Character,DestroyedPower,4
0570_00,Character,AbilityFlag.HyperArmor,true
0570_00,Character,AbilityFlag.AutoReflect,false
0570_00,Character,AbilityFlag.bCannotCrashImpact,true
0570_00,Character,AbilityFlag.bCannotCharge,true
0570_00,Character,AbilityFlag.bNoEffectDrain,true
0570_00,Character,AbilityFlag.bCanHighSpeedMove,false
0570_00,Character,AbilityFlag.bCanSuperHighSpeedMove,false
0570_00,Character,ActionFlag.DragonTornado,true
0570_00,Character,ActionFlag.CannonCombo,true
0570_00,Character,ActionFlag.SpiralSlash,true
0570_00,Character,ActionFlag.RollingHurricane,true
0570_00,Character,ActionFlag.TriAttack,true
0570_00,Character,ActionFlag.AirRush,true
0570_00,Character,ActionFlag.DeltaStorm,true
0570_00,Character,ActionFlag.SparkingRush,true
0570_00,Character,ActionFlag.DashRising,true
0570_00,Character,ActionFlag.DashBlow,true
0570_00,Character,ActionFlag.SuperZCounter,true
0570_00,Character,ChaseChangeBlastSlot,EKoratBlastSlotType::BlastSkill1
0570_00,Numeric,Life,40000
0570_00,Numeric,DamageRate,0.98
0570_00,Numeric,InitialSP,30000
0570_00,Numeric,SPAutoRecoveryLimit,50000
0570_00,Numeric,SPAutoRecoverySpeed,1700
0570_00,Numeric,SPChargeSpeed,0
0570_00,Numeric,SparkingModeGaugeDecreaseSpeed,2800
0570_00,Numeric,GuardCrashedByCombativesBlastSpDamageRate,0
0570_00,Numeric,BlastStock,4
0570_00,Numeric,InitialBlastStock,1
0570_00,Numeric,AttackChargeSpeedsBySmashLevel[0],3
0570_00,Numeric,AttackChargeSpeedsBySmashLevel[1],5.4
0570_00,Numeric,AttackChargeSpeedsBySmashLevel[2],7.5
0570_00,Numeric,PursuitBaseLimit,2
0570_00,Numeric,PursuitLimitDragonHoming,0
0570_00,Numeric,PursuitLimitVanishingAttack,0
0570_00,Numeric,PursuitLimitLightningAttack,0
0570_00,Numeric,PursuitBaseLimitAddAtSparking,2
0570_00,Numeric,PursuitLimitDragonHomingAddAtSparking,0
0570_00,Numeric,PursuitLimitVanishingAttackAddAtSparking,0
0570_00,Numeric,PursuitLimitLightningAttackAddAtSparking,0
0570_00,Numeric,ReactionSplitHighBorder,0.6
0570_00,Numeric,ReactionSplitMidBorder,0.4
0570_00,Numeric,ReactionSplitLowBorder,0.2
0570_00,Numeric,BulletNum,6
0570_00,Numeric,JumpBulletNum,3
0570_00,Numeric,RushBulletLimit,6
0570_00,Numeric,SmashBulletLimit,1
0570_00,Numeric,AttackBreakSkillGaugeGain,0.15
0570_00,Numeric,FastAvoidSkillGaugeGain,0.05
0570_00,Numeric,ThrowBreakSkillGaugeGain,0.1
0570_00,Numeric,BackAttackedSkillGaugeGain,0.03
0570_00,Numeric,LastOneHPSkillGaugeGain,1
0570_00,Numeric,ImpactStartSkillGaugeGain,1
0570_00,Numeric,RushOffsetSkillGaugeGain,0.05
0570_00,Numeric,CollisionOffsetSkillGaugeGain,0.5
0570_00,Numeric,DragonHomingChangeTrajectorySkillGaugeGain,0.1
0570_00,Numeric,BurstSmashGaugeGain,0.1
0570_00,Numeric,ExParam,12
0570_00,Numeric,AuraType,EKoratBattleAuraType::None
0570_00,Steps,StepShortDash.AddToSpeedScale,60000
0570_00,Steps,StepShortDash.MaxAcceleration,60000
0570_00,Steps,StepShortDash.BrakingDeceleration,30000
0570_00,Steps,StepShortDash.ElapsedTimeToOT,0.033333
0570_00,Steps,StepShortDash.Duration,0.333333
0570_00,Steps,StepShortDash.CoolTime,0.05
0570_00,Steps,StepShortDash.bIsStopClearSpeed,true
0570_00,Steps,StepShortDash.StopBrakingDeceleration,10000000
0570_00,Steps,StepShortDash.SpCost,5150
0570_00,Steps,StepCancelShortDash.AddToSpeedScale,60000
0570_00,Steps,StepCancelShortDash.MaxAcceleration,60000
0570_00,Steps,StepCancelShortDash.BrakingDeceleration,30000
0570_00,Steps,StepCancelShortDash.ElapsedTimeToOT,0.033333
0570_00,Steps,StepCancelShortDash.Duration,0.333333
0570_00,Steps,StepCancelShortDash.CoolTime,0.416667
0570_00,Steps,StepCancelShortDash.bIsStopClearSpeed,true
0570_00,Steps,StepCancelShortDash.StopBrakingDeceleration,10000000
0570_00,Steps,StepCancelShortDash.SpCost,2575
0570_00,DragonDash,SpCostIN,500
0570_00,DragonDash,SpCostLP,3920
0570_00,DragonDash,SpCostBK,5200
0570_00,DragonDash,HighSpeedSpCostLP,4900
0570_00,ZBurstDash,SpCostIN,20000
0570_00,ZBurstDash,BurstSmashSpCostLP,3500
0570_00,DashUpDown,SpCostUpIN,1000
0570_00,DashUpDown,SpCostUpLP,7840
0570_00,DashUpDown,SpCostDownIN,1000
0570_00,DashUpDown,SpCostDownLP,7840
0570_00,DragonHoming,SpCostIN,250
0570_00,DragonHoming,SpCostLP,3500
0580_00,Character,DestroyedPower,4
0580_00,Character,AbilityFlag.SparkingArmor,false
0580_00,Character,AbilityFlag.AutoReflect,false
0580_00,Character,AbilityFlag.bCanHighSpeedMove,false
0580_00,Character,AbilityFlag.bCanSuperHighSpeedMove,false
0580_00,Character,ActionFlag.CannonCombo,true
0580_00,Character,ActionFlag.PowerPress,true
0580_00,Character,ActionFlag.TriAttack,true
0580_00,Character,ActionFlag.AirRush,true
0580_00,Character,ChaseChangeBlastSlot,EKoratBlastSlotType::BlastSkill1
0580_00,Numeric,Life,40000
0580_00,Numeric,SPAutoRecoverySpeed,1750
0580_00,Numeric,SPAutoRecoverySpeedScaleUnderOneGauge,1.3
0580_00,Numeric,SPChargeSpeed,7
0580_00,Numeric,SPChargeSpeedUnderAutoRecoveryLimit,10.5
0580_00,Numeric,SparkingModeGaugeDecreaseSpeed,2800
0580_00,Numeric,BlastStock,4
0580_00,Numeric,AttackChargeSpeedsBySmashLevel[0],3
0580_00,Numeric,AttackChargeSpeedsBySmashLevel[1],5.4
0580_00,Numeric,AttackChargeSpeedsBySmashLevel[2],7.5
0580_00,Numeric,PursuitBaseLimit,2
0580_00,Numeric,PursuitLimitDragonHoming,0
0580_00,Numeric,PursuitLimitVanishingAttack,0
0580_00,Numeric,PursuitBaseLimitAddAtSparking,2
0580_00,Numeric,PursuitLimitDragonHomingAddAtSparking,0
0580_00,Numeric,PursuitLimitVanishingAttackAddAtSparking,0
0580_00,Numeric,PursuitLimitLightningAttackAddAtSparking,0
0580_00,Numeric,IdealPositionMidAirKick,68
0580_00,Numeric,ReactionSplitHighBorder,0.7
0580_00,Numeric,ReactionSplitMidBorder,0.35
0580_00,Numeric,ReactionSplitLowBorder,0.175
0580_00,Numeric,BulletNum,7
0580_00,Numeric,JumpBulletNum,7
0580_00,Numeric,JumpBulletSetNum,1
0580_00,Numeric,DashBulletNum,6
0580_00,Numeric,RushBulletLimit,7
0580_00,Numeric,SmashBulletLimit,1
0580_00,Numeric,AttackBreakSkillGaugeGain,0.15
0580_00,Numeric,FastAvoidSkillGaugeGain,0.05
0580_00,Numeric,ThrowBreakSkillGaugeGain,0.1
0580_00,Numeric,BackAttackedSkillGaugeGain,0.03
0580_00,Numeric,LastOneHPSkillGaugeGain,1
0580_00,Numeric,ImpactStartSkillGaugeGain,1
0580_00,Numeric,RushOffsetSkillGaugeGain,0.05
0580_00,Numeric,CollisionOffsetSkillGaugeGain,0.5
0580_00,Numeric,DragonHomingChangeTrajectorySkillGaugeGain,0.1
0580_00,Numeric,BurstSmashGaugeGain,0.1
0580_00,Numeric,ExParam,12
0580_00,Steps,StepShortDash.AddToSpeedScale,60000
0580_00,Steps,StepShortDash.MaxAcceleration,60000
0580_00,Steps,StepShortDash.BrakingDeceleration,30000
0580_00,Steps,StepShortDash.ElapsedTimeToOT,0.033333
0580_00,Steps,StepShortDash.Duration,0.333333
0580_00,Steps,StepShortDash.CoolTime,0.05
0580_00,Steps,StepShortDash.bIsStopClearSpeed,true
0580_00,Steps,StepShortDash.StopBrakingDeceleration,10000000
0580_00,Steps,StepShortDash.SpCost,2650
0580_00,Steps,StepCancelShortDash.AddToSpeedScale,60000
0580_00,Steps,StepCancelShortDash.MaxAcceleration,60000
0580_00,Steps,StepCancelShortDash.BrakingDeceleration,30000
0580_00,Steps,StepCancelShortDash.ElapsedTimeToOT,0.033333
0580_00,Steps,StepCancelShortDash.Duration,0.333333
0580_00,Steps,StepCancelShortDash.CoolTime,0.416667
0580_00,Steps,StepCancelShortDash.bIsStopClearSpeed,true
0580_00,Steps,StepCancelShortDash.StopBrakingDeceleration,10000000
0580_00,Steps,StepCancelShortDash.SpCost,1325
0580_00,DragonDash,SpCostIN,500
0580_00,DragonDash,SpCostLP,3920
0580_00,DragonDash,SpCostBK,5200
0580_00,DragonDash,HighSpeedSpCostLP,4900
0580_00,ZBurstDash,SpCostIN,10000
0580_00,ZBurstDash,SpCostLP,11000
0580_00,ZBurstDash,BurstSmashSpCostLP,3500
0580_00,DashUpDown,SpCostUpIN,1000
0580_00,DashUpDown,SpCostUpLP,7840
0580_00,DashUpDown,SpCostDownIN,1000
0580_00,DashUpDown,SpCostDownLP,7840
0580_00,DragonHoming,SpCostIN,250
0580_00,DragonHoming,SpCostLP,3500
0590_00,Character,DestroyedPower,4
0590_00,Character,AbilityFlag.SparkingArmor,false
0590_00,Character,AbilityFlag.AutoReflect,false
0590_00,Character,AbilityFlag.bCanHighSpeedMove,false
0590_00,Character,AbilityFlag.bCanSuperHighSpeedMove,false
0590_00,Character,ActionFlag.ThrowEscape,true
0590_00,Character,ActionFlag.CannonCombo,true
0590_00,Character,ActionFlag.SpiralSlash,true
0590_00,Character,ActionFlag.PowerPress,true
0590_00,Character,ActionFlag.TriAttack,true
0590_00,Character,ActionFlag.AirRush,true
0590_00,Character,ActionFlag.DeltaStorm,true
0590_00,Character,ActionFlag.SparkingRush,true
0590_00,Character,ChaseChangeBlastSlot,EKoratBlastSlotType::BlastSkill1
0590_00,Numeric,Life,40000
0590_00,Numeric,SPAutoRecoverySpeed,1750
0590_00,Numeric,SPAutoRecoverySpeedScaleUnderOneGauge,1.3
0590_00,Numeric,SPChargeSpeed,7
0590_00,Numeric,SPChargeSpeedUnderAutoRecoveryLimit,10.5
0590_00,Numeric,SparkingModeGaugeDecreaseSpeed,2800
0590_00,Numeric,StunReactionRecoverySpeedScale,1.3
0590_00,Numeric,StunReactionInputRecoverySpeedScale,1.3
0590_00,Numeric,LimitBoostRecoverySpeedScale,1.3
0590_00,Numeric,LimitBoostInputRecoverySpeedScale,1.3
0590_00,Numeric,AttackChargeSpeedsBySmashLevel[0],3
0590_00,Numeric,AttackChargeSpeedsBySmashLevel[1],5.4
0590_00,Numeric,AttackChargeSpeedsBySmashLevel[2],7.5
0590_00,Numeric,PursuitBaseLimit,2
0590_00,Numeric,PursuitLimitDragonHoming,0
0590_00,Numeric,PursuitLimitVanishingAttack,0
0590_00,Numeric,PursuitBaseLimitAddAtSparking,2
0590_00,Numeric,PursuitLimitDragonHomingAddAtSparking,0
0590_00,Numeric,PursuitLimitVanishingAttackAddAtSparking,0
0590_00,Numeric,PursuitLimitLightningAttackAddAtSparking,0
0590_00,Numeric,IdealPositionMidAirKick,84
0590_00,Numeric,ReactionSplitHighBorder,0.6
0590_00,Numeric,ReactionSplitMidBorder,0.4
0590_00,Numeric,ReactionSplitLowBorder,0.2
0590_00,Numeric,BulletNum,3
0590_00,Numeric,JumpBulletNum,3
0590_00,Numeric,JumpBulletSetNum,1
0590_00,Numeric,DashBulletNum,3
0590_00,Numeric,RushBulletLimit,3
0590_00,Numeric,SmashBulletLimit,1
0590_00,Numeric,RepelSkillGaugeGainRate,1.6
0590_00,Numeric,AttackBreakSkillGaugeGain,0.15
0590_00,Numeric,FastAvoidSkillGaugeGain,0.05
0590_00,Numeric,ThrowBreakSkillGaugeGain,0.1
0590_00,Numeric,BackAttackedSkillGaugeGain,0.03
0590_00,Numeric,LastOneHPSkillGaugeGain,1
0590_00,Numeric,ImpactStartSkillGaugeGain,1
0590_00,Numeric,RushOffsetSkillGaugeGain,0.05
0590_00,Numeric,CollisionOffsetSkillGaugeGain,0.5
0590_00,Numeric,DragonHomingChangeTrajectorySkillGaugeGain,0.1
0590_00,Numeric,BurstSmashGaugeGain,0.1
0590_00,Numeric,ExParam,14
0590_00,Steps,StepShortDash.AddToSpeedScale,60000
0590_00,Steps,StepShortDash.MaxAcceleration,60000
0590_00,Steps,StepShortDash.BrakingDeceleration,30000
0590_00,Steps,StepShortDash.ElapsedTimeToOT,0.033333
0590_00,Steps,StepShortDash.Duration,0.333333
0590_00,Steps,StepShortDash.CoolTime,0.05
0590_00,Steps,StepShortDash.bIsStopClearSpeed,true
0590_00,Steps,StepShortDash.StopBrakingDeceleration,10000000
0590_00,Steps,StepShortDash.SpCost,2650
0590_00,Steps,StepCancelShortDash.AddToSpeedScale,60000
0590_00,Steps,StepCancelShortDash.MaxAcceleration,60000
0590_00,Steps,StepCancelShortDash.BrakingDeceleration,30000
0590_00,Steps,StepCancelShortDash.ElapsedTimeToOT,0.033333
0590_00,Steps,StepCancelShortDash.Duration,0.333333
0590_00,Steps,StepCancelShortDash.CoolTime,0.416667
0590_00,Steps,StepCancelShortDash.bIsStopClearSpeed,true
0590_00,Steps,StepCancelShortDash.StopBrakingDeceleration,10000000
0590_00,Steps,StepCancelShortDash.SpCost,1325
0590_00,DragonDash,SpCostIN,500
0590_00,DragonDash,SpCostLP,3920
0590_00,DragonDash,SpCostBK,5200
0590_00,DragonDash,HighSpeedSpCostLP,4900
0590_00,ZBurstDash,SpCostIN,10000
0590_00,ZBurstDash,SpCostLP,11000
0590_00,ZBurstDash,BurstSmashSpCostLP,3500
0590_00,DashUpDown,SpCostUpIN,1000
0590_00,DashUpDown,SpCostUpLP,7840
0590_00,DashUpDown,SpCostDownIN,1000
0590_00,DashUpDown,SpCostDownLP,7840
0590_00,DragonHoming,SpCostIN,250
0590_00,DragonHoming,SpCostLP,3500
0591_00,Character,DestroyedPower,6
0591_00,Character,AbilityFlag.HyperArmor,true
0591_00,Character,AbilityFlag.AutoReflect,false
0591_00,Character,AbilityFlag.bCannotCrashImpact,true
0591_00,Character,AbilityFlag.bCanHighSpeedMove,false
0591_00,Character,AbilityFlag.bCanSuperHighSpeedMove,false
0591_00,Character,ActionFlag.DragonTornado,true
0591_00,Character,ActionFlag.CannonCombo,true
0591_00,Character,ActionFlag.SpiralSlash,true
0591_00,Character,ActionFlag.RollingHurricane,true
0591_00,Character,ActionFlag.TriAttack,true
0591_00,Character,ActionFlag.AirRush,true
0591_00,Character,ActionFlag.DeltaStorm,true
0591_00,Character,ActionFlag.SparkingRush,true
0591_00,Character,ActionFlag.DashRising,true
0591_00,Character,ActionFlag.DashBlow,true
0591_00,Character,ActionFlag.SuperZCounter,true
0591_00,Character,ChaseChangeBlastSlot,EKoratBlastSlotType::BlastSkill2
0591_00,Numeric,DamageRate,0.97
0591_00,Numeric,InitialSP,30000
0591_00,Numeric,SPAutoRecoverySpeed,1500
0591_00,Numeric,SPAutoRecoverySpeedScaleUnderOneGauge,1.3
0591_00,Numeric,SPChargeSpeed,8
0591_00,Numeric,SPChargeSpeedUnderAutoRecoveryLimit,12
0591_00,Numeric,SparkingModeGaugeDecreaseSpeed,2800
0591_00,Numeric,GuardCrashedByCombativesBlastSpDamageRate,0
0591_00,Numeric,AttackChargeSpeedsBySmashLevel[0],3
0591_00,Numeric,AttackChargeSpeedsBySmashLevel[1],5.4
0591_00,Numeric,AttackChargeSpeedsBySmashLevel[2],7.5
0591_00,Numeric,PursuitBaseLimit,2
0591_00,Numeric,PursuitLimitDragonHoming,0
0591_00,Numeric,PursuitLimitVanishingAttack,0
0591_00,Numeric,PursuitLimitLightningAttack,0
0591_00,Numeric,PursuitBaseLimitAddAtSparking,1
0591_00,Numeric,PursuitLimitDragonHomingAddAtSparking,0
0591_00,Numeric,PursuitLimitVanishingAttackAddAtSparking,0
0591_00,Numeric,PursuitLimitLightningAttackAddAtSparking,0
0591_00,Numeric,ReactionSplitHighBorder,0.6
0591_00,Numeric,ReactionSplitMidBorder,0.4
0591_00,Numeric,ReactionSplitLowBorder,0.2
0591_00,Numeric,BulletNum,4
0591_00,Numeric,JumpBulletSetNum,1
0591_00,Numeric,DashBulletNum,3
0591_00,Numeric,RushBulletLimit,4
0591_00,Numeric,SmashBulletLimit,1
0591_00,Numeric,RepelSkillGaugeGainRate,1.1
0591_00,Numeric,AttackBreakSkillGaugeGain,0.15
0591_00,Numeric,FastAvoidSkillGaugeGain,0.05
0591_00,Numeric,ThrowBreakSkillGaugeGain,0.1
0591_00,Numeric,BackAttackedSkillGaugeGain,0.03
0591_00,Numeric,LastOneHPSkillGaugeGain,1
0591_00,Numeric,ImpactStartSkillGaugeGain,1
0591_00,Numeric,RushOffsetSkillGaugeGain,0.05
0591_00,Numeric,CollisionOffsetSkillGaugeGain,0.5
0591_00,Numeric,DragonHomingChangeTrajectorySkillGaugeGain,0.1
0591_00,Numeric,BurstSmashGaugeGain,0.1
0591_00,Numeric,ExParam,14
0591_00,Steps,StepShortDash.AddToSpeedScale,60000
0591_00,Steps,StepShortDash.MaxAcceleration,60000
0591_00,Steps,StepShortDash.BrakingDeceleration,30000
0591_00,Steps,StepShortDash.ElapsedTimeToOT,0.033333
0591_00,Steps,StepShortDash.Duration,0.333333
0591_00,Steps,StepShortDash.CoolTime,0.05
0591_00,Steps,StepShortDash.bIsStopClearSpeed,true
0591_00,Steps,StepShortDash.StopBrakingDeceleration,10000000
0591_00,Steps,StepShortDash.SpCost,5150
0591_00,Steps,StepCancelShortDash.AddToSpeedScale,60000
0591_00,Steps,StepCancelShortDash.MaxAcceleration,60000
0591_00,Steps,StepCancelShortDash.BrakingDeceleration,30000
0591_00,Steps,StepCancelShortDash.ElapsedTimeToOT,0.033333
0591_00,Steps,StepCancelShortDash.Duration,0.333333
0591_00,Steps,StepCancelShortDash.CoolTime,0.416667
0591_00,Steps,StepCancelShortDash.bIsStopClearSpeed,true
0591_00,Steps,StepCancelShortDash.StopBrakingDeceleration,10000000
0591_00,Steps,StepCancelShortDash.SpCost,2575
0591_00,DragonDash,SpCostIN,500
0591_00,DragonDash,SpCostLP,3920
0591_00,DragonDash,SpCostBK,5200
0591_00,DragonDash,HighSpeedSpCostLP,4900
0591_00,ZBurstDash,SpCostIN,20000
0591_00,ZBurstDash,BurstSmashSpCostLP,3500
0591_00,DashUpDown,SpCostUpIN,1000
0591_00,DashUpDown,SpCostUpLP,7840
0591_00,DashUpDown,SpCostDownIN,1000
0591_00,DashUpDown,SpCostDownLP,7840
0591_00,DragonHoming,SpCostIN,250
0591_00,DragonHoming,SpCostLP,3500
0600_00,Character,DestroyedPower,6
0600_00,Character,AbilityFlag.SparkingArmor,false
0600_00,Character,AbilityFlag.AutoReflect,false
0600_00,Character,AbilityFlag.bCanHighSpeedMove,false
0600_00,Character,AbilityFlag.bCanSuperHighSpeedMove,false
0600_00,Character,ActionFlag.DragonTornado,true
0600_00,Character,ActionFlag.HeavyCrash,true
0600_00,Character,ActionFlag.CannonCombo,true
0600_00,Character,ActionFlag.PowerPress,true
0600_00,Character,ActionFlag.TriAttack,true
0600_00,Character,ChaseChangeBlastSlot,EKoratBlastSlotType::BlastSkill1
0600_00,Numeric,Life,40000
0600_00,Numeric,SPAutoRecoverySpeed,1750
0600_00,Numeric,SPAutoRecoverySpeedScaleUnderOneGauge,1.3
0600_00,Numeric,SPChargeSpeed,7
0600_00,Numeric,SPChargeSpeedUnderAutoRecoveryLimit,10.5
0600_00,Numeric,SparkingModeGaugeDecreaseSpeed,2800
0600_00,Numeric,BlastStock,4
0600_00,Numeric,AttackChargeSpeedsBySmashLevel[0],3
0600_00,Numeric,AttackChargeSpeedsBySmashLevel[1],5.4
0600_00,Numeric,AttackChargeSpeedsBySmashLevel[2],7.5
0600_00,Numeric,PursuitBaseLimit,2
0600_00,Numeric,PursuitLimitDragonHoming,0
0600_00,Numeric,PursuitLimitVanishingAttack,0
0600_00,Numeric,PursuitBaseLimitAddAtSparking,2
0600_00,Numeric,PursuitLimitDragonHomingAddAtSparking,0
0600_00,Numeric,PursuitLimitVanishingAttackAddAtSparking,0
0600_00,Numeric,PursuitLimitLightningAttackAddAtSparking,0
0600_00,Numeric,IdealPositionMidAirKick,72
0600_00,Numeric,ReactionSplitHighBorder,0.7
0600_00,Numeric,ReactionSplitMidBorder,0.35
0600_00,Numeric,ReactionSplitLowBorder,0.175
0600_00,Numeric,BulletNum,4
0600_00,Numeric,JumpBulletSetNum,1
0600_00,Numeric,DashBulletNum,3
0600_00,Numeric,RushBulletLimit,4
0600_00,Numeric,SmashBulletLimit,1
0600_00,Numeric,AttackBreakSkillGaugeGain,0.15
0600_00,Numeric,FastAvoidSkillGaugeGain,0.05
0600_00,Numeric,ThrowBreakSkillGaugeGain,0.1
0600_00,Numeric,BackAttackedSkillGaugeGain,0.03
0600_00,Numeric,LastOneHPSkillGaugeGain,1
0600_00,Numeric,ImpactStartSkillGaugeGain,1
0600_00,Numeric,RushOffsetSkillGaugeGain,0.05
0600_00,Numeric,CollisionOffsetSkillGaugeGain,0.5
0600_00,Numeric,DragonHomingChangeTrajectorySkillGaugeGain,0.1
0600_00,Numeric,BurstSmashGaugeGain,0.1
0600_00,Numeric,ExParam,16
0600_00,Steps,StepShortDash.AddToSpeedScale,60000
0600_00,Steps,StepShortDash.MaxAcceleration,60000
0600_00,Steps,StepShortDash.BrakingDeceleration,30000
0600_00,Steps,StepShortDash.ElapsedTimeToOT,0.033333
0600_00,Steps,StepShortDash.Duration,0.333333
0600_00,Steps,StepShortDash.CoolTime,0.05
0600_00,Steps,StepShortDash.bIsStopClearSpeed,true
0600_00,Steps,StepShortDash.StopBrakingDeceleration,10000000
0600_00,Steps,StepShortDash.SpCost,2650
0600_00,Steps,StepCancelShortDash.AddToSpeedScale,60000
0600_00,Steps,StepCancelShortDash.MaxAcceleration,60000
0600_00,Steps,StepCancelShortDash.BrakingDeceleration,30000
0600_00,Steps,StepCancelShortDash.ElapsedTimeToOT,0.033333
0600_00,Steps,StepCancelShortDash.Duration,0.333333
0600_00,Steps,StepCancelShortDash.CoolTime,0.416667
0600_00,Steps,StepCancelShortDash.bIsStopClearSpeed,true
0600_00,Steps,StepCancelShortDash.StopBrakingDeceleration,10000000
0600_00,Steps,StepCancelShortDash.SpCost,1325
0600_00,DragonDash,SpCostIN,500
0600_00,DragonDash,SpCostLP,3920
0600_00,DragonDash,SpCostBK,5200
0600_00,DragonDash,HighSpeedSpCostLP,4900
0600_00,ZBurstDash,SpCostIN,10000
0600_00,ZBurstDash,SpCostLP,11000
0600_00,ZBurstDash,BurstSmashSpCostLP,3500
0600_00,DashUpDown,SpCostUpIN,1000
0600_00,DashUpDown,SpCostUpLP,7840
0600_00,DashUpDown,SpCostDownIN,1000
0600_00,DashUpDown,SpCostDownLP,7840
0600_00,DragonHoming,SpCostIN,250
0600_00,DragonHoming,SpCostLP,3500
0600_10,Character,DestroyedPower,7
0600_10,Character,AbilityFlag.SparkingArmor,false
0600_10,Character,AbilityFlag.bCannotCharge,true
0600_10,Character,AbilityFlag.bNoEffectDrain,true
0600_10,Character,ActionFlag.CannonCombo,true
0600_10,Character,ActionFlag.PowerPress,true
0600_10,Character,ActionFlag.TriAttack,true
0600_10,Character,ChaseChangeBlastSlot,EKoratBlastSlotType::BlastSkill2
0600_10,Numeric,Life,40000
0600_10,Numeric,InitialSP,30000
0600_10,Numeric,SPAutoRecoveryLimit,50000
0600_10,Numeric,SPAutoRecoverySpeed,2000
0600_10,Numeric,SPAutoRecoverySpeedScaleUnderOneGauge,1.3
0600_10,Numeric,SPChargeSpeed,6
0600_10,Numeric,SPChargeSpeedUnderAutoRecoveryLimit,9
0600_10,Numeric,SparkingModeGaugeDecreaseSpeed,2800
0600_10,Numeric,BlastStock,4
0600_10,Numeric,AttackChargeSpeedsBySmashLevel[0],3
0600_10,Numeric,AttackChargeSpeedsBySmashLevel[1],5.4
0600_10,Numeric,AttackChargeSpeedsBySmashLevel[2],7.5
0600_10,Numeric,PursuitBaseLimit,2
0600_10,Numeric,PursuitLimitDragonHoming,0
0600_10,Numeric,PursuitLimitVanishingAttack,0
0600_10,Numeric,PursuitBaseLimitAddAtSparking,2
0600_10,Numeric,PursuitLimitDragonHomingAddAtSparking,0
0600_10,Numeric,PursuitLimitVanishingAttackAddAtSparking,0
0600_10,Numeric,PursuitLimitLightningAttackAddAtSparking,0
0600_10,Numeric,IdealPositionMidAirKick,78
0600_10,Numeric,ReactionSplitHighBorder,0.7
0600_10,Numeric,ReactionSplitMidBorder,0.35
0600_10,Numeric,ReactionSplitLowBorder,0.175
0600_10,Numeric,BulletNum,6
0600_10,Numeric,JumpBulletNum,3
0600_10,Numeric,DashBulletNum,5
0600_10,Numeric,RushBulletLimit,6
0600_10,Numeric,SmashBulletLimit,1
0600_10,Numeric,AttackBreakSkillGaugeGain,0.15
0600_10,Numeric,FastAvoidSkillGaugeGain,0.05
0600_10,Numeric,ThrowBreakSkillGaugeGain,0.1
0600_10,Numeric,BackAttackedSkillGaugeGain,0.03
0600_10,Numeric,LastOneHPSkillGaugeGain,1
0600_10,Numeric,ImpactStartSkillGaugeGain,1
0600_10,Numeric,RushOffsetSkillGaugeGain,0.05
0600_10,Numeric,CollisionOffsetSkillGaugeGain,0.5
0600_10,Numeric,DragonHomingChangeTrajectorySkillGaugeGain,0.1
0600_10,Numeric,BurstSmashGaugeGain,0.1
0600_10,Numeric,ExParam,16
0600_10,Numeric,AuraType,EKoratBattleAuraType::None
0600_10,Steps,StepShortDash.AddToSpeedScale,60000
0600_10,Steps,StepShortDash.MaxAcceleration,60000
0600_10,Steps,StepShortDash.BrakingDeceleration,30000
0600_10,Steps,StepShortDash.ElapsedTimeToOT,0.033333
0600_10,Steps,StepShortDash.Duration,0.333333
0600_10,Steps,StepShortDash.CoolTime,0.05
0600_10,Steps,StepShortDash.bIsStopClearSpeed,true
0600_10,Steps,StepShortDash.StopBrakingDeceleration,10000000
0600_10,Steps,StepShortDash.SpCost,2650
0600_10,Steps,StepCancelShortDash.AddToSpeedScale,60000
0600_10,Steps,StepCancelShortDash.MaxAcceleration,60000
0600_10,Steps,StepCancelShortDash.BrakingDeceleration,30000
0600_10,Steps,StepCancelShortDash.ElapsedTimeToOT,0.033333
0600_10,Steps,StepCancelShortDash.Duration,0.333333
0600_10,Steps,StepCancelShortDash.CoolTime,0.416667
0600_10,Steps,StepCancelShortDash.bIsStopClearSpeed,true
0600_10,Steps,StepCancelShortDash.StopBrakingDeceleration,10000000
0600_10,Steps,StepCancelShortDash.SpCost,1325
0600_10,DragonDash,SpCostIN,500
0600_10,DragonDash,SpCostLP,3920
0600_10,DragonDash,SpCostBK,5200
0600_10,DragonDash,HighSpeedSpCostLP,4900
0600_10,ZBurstDash,SpCostIN,10000
0600_10,ZBurstDash,SpCostLP,11000
0600_10,ZBurstDash,BurstSmashSpCostLP,3500
0600_10,DashUpDown,SpCostUpIN,1000
0600_10,DashUpDown,SpCostUpLP,7840
0600_10,DashUpDown,SpCostDownIN,1000
0600_10,DashUpDown,SpCostDownLP,7840
0600_10,DragonHoming,SpCostIN,250
0600_10,DragonHoming,SpCostLP,3500
0601_00,Character,DestroyedPower,7
0601_00,Character,AbilityFlag.SparkingArmor,false
0601_00,Character,AbilityFlag.bCanHighSpeedMove,false
0601_00,Character,AbilityFlag.bCanSuperHighSpeedMove,false
0601_00,Character,ActionFlag.PowerPress,true
0601_00,Character,ActionFlag.TriAttack,true
0601_00,Character,ActionFlag.AirRush,true
0601_00,Character,ActionFlag.SparkingRush,true
0601_00,Character,ChaseChangeBlastSlot,EKoratBlastSlotType::BlastSkill1
0601_00,Numeric,Life,45000
0601_00,Numeric,SPAutoRecoverySpeed,1750
0601_00,Numeric,SPAutoRecoverySpeedScaleUnderOneGauge,1.3
0601_00,Numeric,SPChargeSpeed,7
0601_00,Numeric,SPChargeSpeedUnderAutoRecoveryLimit,10.5
0601_00,Numeric,SparkingModeGaugeDecreaseSpeed,2800
0601_00,Numeric,GuardCrashedByCombativesBlastSpDamageRate,0.75
0601_00,Numeric,StunReactionRecoverySpeedScale,1.3
0601_00,Numeric,StunReactionInputRecoverySpeedScale,1.3
0601_00,Numeric,LimitBoostRecoverySpeedScale,1.3
0601_00,Numeric,LimitBoostInputRecoverySpeedScale,1.3
0601_00,Numeric,AttackChargeSpeedsBySmashLevel[0],3
0601_00,Numeric,AttackChargeSpeedsBySmashLevel[1],5.4
0601_00,Numeric,AttackChargeSpeedsBySmashLevel[2],7.5
0601_00,Numeric,PursuitBaseLimit,2
0601_00,Numeric,PursuitLimitDragonHoming,0
0601_00,Numeric,PursuitLimitVanishingAttack,0
0601_00,Numeric,PursuitBaseLimitAddAtSparking,2
0601_00,Numeric,PursuitLimitDragonHomingAddAtSparking,0
0601_00,Numeric,PursuitLimitVanishingAttackAddAtSparking,0
0601_00,Numeric,PursuitLimitLightningAttackAddAtSparking,0
0601_00,Numeric,IdealPositionMidAirKick,72
0601_00,Numeric,ReactionSplitHighBorder,0.6
0601_00,Numeric,ReactionSplitMidBorder,0.4
0601_00,Numeric,ReactionSplitLowBorder,0.2
0601_00,Numeric,BulletNum,7
0601_00,Numeric,JumpBulletNum,5
0601_00,Numeric,JumpBulletSetNum,1
0601_00,Numeric,RushBulletLimit,7
0601_00,Numeric,SmashBulletLimit,1
0601_00,Numeric,RepelSkillGaugeGainRate,1.1
0601_00,Numeric,AttackBreakSkillGaugeGain,0.15
0601_00,Numeric,FastAvoidSkillGaugeGain,0.05
0601_00,Numeric,ThrowBreakSkillGaugeGain,0.1
0601_00,Numeric,BackAttackedSkillGaugeGain,0.03
0601_00,Numeric,LastOneHPSkillGaugeGain,1
0601_00,Numeric,ImpactStartSkillGaugeGain,1
0601_00,Numeric,RushOffsetSkillGaugeGain,0.05
0601_00,Numeric,CollisionOffsetSkillGaugeGain,0.5
0601_00,Numeric,DragonHomingChangeTrajectorySkillGaugeGain,0.1
0601_00,Numeric,BurstSmashGaugeGain,0.1
0601_00,Numeric,ExParam,16
0601_00,Steps,StepShortDash.AddToSpeedScale,60000
0601_00,Steps,StepShortDash.MaxAcceleration,60000
0601_00,Steps,StepShortDash.BrakingDeceleration,30000
0601_00,Steps,StepShortDash.ElapsedTimeToOT,0.033333
0601_00,Steps,StepShortDash.Duration,0.333333
0601_00,Steps,StepShortDash.CoolTime,0.05
0601_00,Steps,StepShortDash.bIsStopClearSpeed,true
0601_00,Steps,StepShortDash.StopBrakingDeceleration,10000000
0601_00,Steps,StepShortDash.SpCost,2650
0601_00,Steps,StepCancelShortDash.AddToSpeedScale,60000
0601_00,Steps,StepCancelShortDash.MaxAcceleration,60000
0601_00,Steps,StepCancelShortDash.BrakingDeceleration,30000
0601_00,Steps,StepCancelShortDash.ElapsedTimeToOT,0.033333
0601_00,Steps,StepCancelShortDash.Duration,0.333333
0601_00,Steps,StepCancelShortDash.CoolTime,0.416667
0601_00,Steps,StepCancelShortDash.bIsStopClearSpeed,true
0601_00,Steps,StepCancelShortDash.StopBrakingDeceleration,10000000
0601_00,Steps,StepCancelShortDash.SpCost,1325
0601_00,DragonDash,SpCostIN,500
0601_00,DragonDash,SpCostLP,3920
0601_00,DragonDash,SpCostBK,5200
0601_00,DragonDash,HighSpeedSpCostLP,4900
0601_00,ZBurstDash,SpCostIN,10000
0601_00,ZBurstDash,SpCostLP,11000
0601_00,ZBurstDash,BurstSmashSpCostLP,3500
0601_00,DashUpDown,SpCostUpIN,1000
0601_00,DashUpDown,SpCostUpLP,7840
0601_00,DashUpDown,SpCostDownIN,1000
0601_00,DashUpDown,SpCostDownLP,7840
0601_00,DragonHoming,SpCostIN,250
0601_00,DragonHoming,SpCostLP,3500
0610_00,Character,DestroyedPower,4
0610_00,Character,AbilityFlag.SparkingArmor,false
0610_00,Character,AbilityFlag.AutoReflect,false
0610_00,Character,AbilityFlag.bCanHighSpeedMove,false
0610_00,Character,AbilityFlag.bCanSuperHighSpeedMove,false
0610_00,Character,ActionFlag.DragonTornado,true
0610_00,Character,ActionFlag.HeavyCrash,true
0610_00,Character,ActionFlag.CannonCombo,true
0610_00,Character,ActionFlag.PowerPress,true
0610_00,Character,ActionFlag.TriAttack,true
0610_00,Character,ChaseChangeBlastSlot,EKoratBlastSlotType::BlastSkill2
0610_00,Numeric,Life,40000
0610_00,Numeric,SPAutoRecoverySpeed,1750
0610_00,Numeric,SPAutoRecoverySpeedScaleUnderOneGauge,1.3
0610_00,Numeric,SPChargeSpeed,7
0610_00,Numeric,SPChargeSpeedUnderAutoRecoveryLimit,10.5
0610_00,Numeric,SparkingModeGaugeDecreaseSpeed,2800
0610_00,Numeric,BlastStock,4
0610_00,Numeric,AttackChargeSpeedsBySmashLevel[0],3
0610_00,Numeric,AttackChargeSpeedsBySmashLevel[1],5.4
0610_00,Numeric,AttackChargeSpeedsBySmashLevel[2],7.5
0610_00,Numeric,PursuitBaseLimit,2
0610_00,Numeric,PursuitLimitDragonHoming,0
0610_00,Numeric,PursuitLimitVanishingAttack,0
0610_00,Numeric,PursuitBaseLimitAddAtSparking,2
0610_00,Numeric,PursuitLimitDragonHomingAddAtSparking,0
0610_00,Numeric,PursuitLimitVanishingAttackAddAtSparking,0
0610_00,Numeric,PursuitLimitLightningAttackAddAtSparking,0
0610_00,Numeric,IdealPositionMidAirKick,68
0610_00,Numeric,ReactionSplitHighBorder,0.7
0610_00,Numeric,ReactionSplitMidBorder,0.35
0610_00,Numeric,ReactionSplitLowBorder,0.175
0610_00,Numeric,BulletNum,5
0610_00,Numeric,JumpBulletNum,5
0610_00,Numeric,JumpBulletSetNum,1
0610_00,Numeric,RushBulletLimit,5
0610_00,Numeric,SmashBulletLimit,1
0610_00,Numeric,AttackBreakSkillGaugeGain,0.15
0610_00,Numeric,FastAvoidSkillGaugeGain,0.05
0610_00,Numeric,ThrowBreakSkillGaugeGain,0.1
0610_00,Numeric,BackAttackedSkillGaugeGain,0.03
0610_00,Numeric,LastOneHPSkillGaugeGain,1
0610_00,Numeric,ImpactStartSkillGaugeGain,1
0610_00,Numeric,RushOffsetSkillGaugeGain,0.05
0610_00,Numeric,CollisionOffsetSkillGaugeGain,0.5
0610_00,Numeric,DragonHomingChangeTrajectorySkillGaugeGain,0.1
0610_00,Numeric,BurstSmashGaugeGain,0.1
0610_00,Numeric,ExParam,12
0610_00,Steps,StepShortDash.AddToSpeedScale,60000
0610_00,Steps,StepShortDash.MaxAcceleration,60000
0610_00,Steps,StepShortDash.BrakingDeceleration,30000
0610_00,Steps,StepShortDash.ElapsedTimeToOT,0.033333
0610_00,Steps,StepShortDash.Duration,0.333333
0610_00,Steps,StepShortDash.CoolTime,0.05
0610_00,Steps,StepShortDash.bIsStopClearSpeed,true
0610_00,Steps,StepShortDash.StopBrakingDeceleration,10000000
0610_00,Steps,StepShortDash.SpCost,2650
0610_00,Steps,StepCancelShortDash.AddToSpeedScale,60000
0610_00,Steps,StepCancelShortDash.MaxAcceleration,60000
0610_00,Steps,StepCancelShortDash.BrakingDeceleration,30000
0610_00,Steps,StepCancelShortDash.ElapsedTimeToOT,0.033333
0610_00,Steps,StepCancelShortDash.Duration,0.333333
0610_00,Steps,StepCancelShortDash.CoolTime,0.416667
0610_00,Steps,StepCancelShortDash.bIsStopClearSpeed,true
0610_00,Steps,StepCancelShortDash.StopBrakingDeceleration,10000000
0610_00,Steps,StepCancelShortDash.SpCost,1325
0610_00,DragonDash,SpCostIN,500
0610_00,DragonDash,SpCostLP,3920
0610_00,DragonDash,SpCostBK,5200
0610_00,DragonDash,HighSpeedSpCostLP,4900
0610_00,ZBurstDash,SpCostIN,10000
0610_00,ZBurstDash,SpCostLP,11000
0610_00,ZBurstDash,BurstSmashSpCostLP,3500
0610_00,DashUpDown,SpCostUpIN,1000
0610_00,DashUpDown,SpCostUpLP,7840
0610_00,DashUpDown,SpCostDownIN,1000
0610_00,DashUpDown,SpCostDownLP,7840
0610_00,DragonHoming,SpCostIN,250
0610_00,DragonHoming,SpCostLP,3500
0620_00,Character,AbilityFlag.SparkingArmor,false
0620_00,Character,AbilityFlag.AutoReflect,false
0620_00,Character,AbilityFlag.bCannotCharge,true
0620_00,Character,AbilityFlag.bCanHighSpeedMove,false
0620_00,Character,AbilityFlag.bCanSuperHighSpeedMove,false
0620_00,Character,ActionFlag.DragonTornado,true
0620_00,Character,ActionFlag.CannonCombo,true
0620_00,Character,ActionFlag.PowerPress,true
0620_00,Character,ActionFlag.TriAttack,true
0620_00,Character,ActionFlag.DeltaStorm,true
0620_00,Character,ChaseChangeBlastSlot,EKoratBlastSlotType::BlastSkill1
0620_00,Numeric,Life,40000
0620_00,Numeric,InitialSP,30000
0620_00,Numeric,SPAutoRecoveryLimit,50000
0620_00,Numeric,SPAutoRecoverySpeed,1800
0620_00,Numeric,SPChargeSpeed,0
0620_00,Numeric,SparkingModeGaugeDecreaseSpeed,2800
0620_00,Numeric,InitialBlastStock,2
0620_00,Numeric,AttackChargeSpeedsBySmashLevel[0],3
0620_00,Numeric,AttackChargeSpeedsBySmashLevel[1],5.4
0620_00,Numeric,AttackChargeSpeedsBySmashLevel[2],7.5
0620_00,Numeric,PursuitBaseLimit,2
0620_00,Numeric,PursuitLimitDragonHoming,0
0620_00,Numeric,PursuitLimitVanishingAttack,0
0620_00,Numeric,PursuitBaseLimitAddAtSparking,1
0620_00,Numeric,PursuitLimitDragonHomingAddAtSparking,0
0620_00,Numeric,PursuitLimitVanishingAttackAddAtSparking,0
0620_00,Numeric,PursuitLimitLightningAttackAddAtSparking,0
0620_00,Numeric,IdealPositionMidAirKick,78
0620_00,Numeric,ReactionSplitHighBorder,0.6
0620_00,Numeric,ReactionSplitMidBorder,0.4
0620_00,Numeric,ReactionSplitLowBorder,0.2
0620_00,Numeric,BulletNum,4
0620_00,Numeric,JumpBulletSetNum,1
0620_00,Numeric,RushBulletLimit,4
0620_00,Numeric,SmashBulletLimit,1
0620_00,Numeric,RepelSkillGaugeGainRate,1.1
0620_00,Numeric,AttackBreakSkillGaugeGain,0.15
0620_00,Numeric,FastAvoidSkillGaugeGain,0.05
0620_00,Numeric,ThrowBreakSkillGaugeGain,0.1
0620_00,Numeric,BackAttackedSkillGaugeGain,0.03
0620_00,Numeric,LastOneHPSkillGaugeGain,1
0620_00,Numeric,ImpactStartSkillGaugeGain,1
0620_00,Numeric,RushOffsetSkillGaugeGain,0.05
0620_00,Numeric,CollisionOffsetSkillGaugeGain,0.5
0620_00,Numeric,DragonHomingChangeTrajectorySkillGaugeGain,0.1
0620_00,Numeric,BurstSmashGaugeGain,0.1
0620_00,Numeric,ExParam,12
0620_00,Numeric,AuraType,EKoratBattleAuraType::None
0620_00,Steps,StepShortDash.AddToSpeedScale,60000
0620_00,Steps,StepShortDash.MaxAcceleration,60000
0620_00,Steps,StepShortDash.BrakingDeceleration,30000
0620_00,Steps,StepShortDash.ElapsedTimeToOT,0.033333
0620_00,Steps,StepShortDash.Duration,0.333333
0620_00,Steps,StepShortDash.CoolTime,0.05
0620_00,Steps,StepShortDash.bIsStopClearSpeed,true
0620_00,Steps,StepShortDash.StopBrakingDeceleration,10000000
0620_00,Steps,StepShortDash.SpCost,2650
0620_00,Steps,StepCancelShortDash.AddToSpeedScale,60000
0620_00,Steps,StepCancelShortDash.MaxAcceleration,60000
0620_00,Steps,StepCancelShortDash.BrakingDeceleration,30000
0620_00,Steps,StepCancelShortDash.ElapsedTimeToOT,0.033333
0620_00,Steps,StepCancelShortDash.Duration,0.333333
0620_00,Steps,StepCancelShortDash.CoolTime,0.416667
0620_00,Steps,StepCancelShortDash.bIsStopClearSpeed,true
0620_00,Steps,StepCancelShortDash.StopBrakingDeceleration,10000000
0620_00,Steps,StepCancelShortDash.SpCost,1325
0620_00,DragonDash,SpCostIN,500
0620_00,DragonDash,SpCostLP,3920
0620_00,DragonDash,SpCostBK,5200
0620_00,DragonDash,HighSpeedSpCostLP,4900
0620_00,ZBurstDash,SpCostIN,10000
0620_00,ZBurstDash,SpCostLP,11000
0620_00,ZBurstDash,BurstSmashSpCostLP,3500
0620_00,DashUpDown,SpCostUpIN,1000
0620_00,DashUpDown,SpCostUpLP,7840
0620_00,DashUpDown,SpCostDownIN,1000
0620_00,DashUpDown,SpCostDownLP,7840
0620_00,DragonHoming,SpCostIN,250
0620_00,DragonHoming,SpCostLP,3500
0621_00,Character,DestroyedPower,7
0621_00,Character,AbilityFlag.bCannotCharge,true
0621_00,Character,AbilityFlag.bCanHighSpeedMove,false
0621_00,Character,AbilityFlag.bCanSuperHighSpeedMove,false
0621_00,Character,ActionFlag.ThrowEscape,true
0621_00,Character,ActionFlag.CannonCombo,true
0621_00,Character,ActionFlag.SpiralSlash,true
0621_00,Character,ActionFlag.RollingHurricane,true
0621_00,Character,ActionFlag.TriAttack,true
0621_00,Character,ActionFlag.AirRush,true
0621_00,Character,ActionFlag.DeltaStorm,true
0621_00,Character,ActionFlag.SparkingRush,true
0621_00,Character,ChaseChangeBlastSlot,EKoratBlastSlotType::BlastSkill2
0621_00,Numeric,Life,45000
0621_00,Numeric,DamageRate,0.96
0621_00,Numeric,InitialSP,30000
0621_00,Numeric,SPAutoRecoveryLimit,50000
0621_00,Numeric,SPAutoRecoverySpeed,2000
0621_00,Numeric,SPChargeSpeed,0
0621_00,Numeric,SparkingModeGaugeDecreaseSpeed,2800
0621_00,Numeric,GuardCrashedByCombativesBlastSpDamageRate,0.75
0621_00,Numeric,BlastStock,6
0621_00,Numeric,AttackChargeSpeedsBySmashLevel[0],3
0621_00,Numeric,AttackChargeSpeedsBySmashLevel[1],5.4
0621_00,Numeric,AttackChargeSpeedsBySmashLevel[2],7.5
0621_00,Numeric,PursuitBaseLimit,2
0621_00,Numeric,PursuitLimitDragonHoming,0
0621_00,Numeric,PursuitLimitVanishingAttack,0
0621_00,Numeric,PursuitBaseLimitAddAtSparking,2
0621_00,Numeric,PursuitLimitDragonHomingAddAtSparking,0
0621_00,Numeric,PursuitLimitVanishingAttackAddAtSparking,0
0621_00,Numeric,PursuitLimitLightningAttackAddAtSparking,0
0621_00,Numeric,IdealPositionMidAirKick,90
0621_00,Numeric,ReactionSplitHighBorder,0.6
0621_00,Numeric,ReactionSplitMidBorder,0.4
0621_00,Numeric,ReactionSplitLowBorder,0.2
0621_00,Numeric,BulletNum,8
0621_00,Numeric,JumpBulletNum,5
0621_00,Numeric,JumpBulletSetNum,1
0621_00,Numeric,RushBulletLimit,8
0621_00,Numeric,SmashBulletLimit,1
0621_00,Numeric,RepelSkillGaugeGainRate,1.2
0621_00,Numeric,AttackBreakSkillGaugeGain,0.15
0621_00,Numeric,FastAvoidSkillGaugeGain,0.05
0621_00,Numeric,ThrowBreakSkillGaugeGain,0.1
0621_00,Numeric,BackAttackedSkillGaugeGain,0.03
0621_00,Numeric,LastOneHPSkillGaugeGain,1
0621_00,Numeric,ImpactStartSkillGaugeGain,1
0621_00,Numeric,RushOffsetSkillGaugeGain,0.05
0621_00,Numeric,CollisionOffsetSkillGaugeGain,0.5
0621_00,Numeric,DragonHomingChangeTrajectorySkillGaugeGain,0.1
0621_00,Numeric,BurstSmashGaugeGain,0.1
0621_00,Numeric,ExParam,12
0621_00,Numeric,AuraType,EKoratBattleAuraType::None
0621_00,Steps,StepShortDash.AddToSpeedScale,60000
0621_00,Steps,StepShortDash.MaxAcceleration,60000
0621_00,Steps,StepShortDash.BrakingDeceleration,30000
0621_00,Steps,StepShortDash.ElapsedTimeToOT,0.033333
0621_00,Steps,StepShortDash.Duration,0.333333
0621_00,Steps,StepShortDash.CoolTime,0.05
0621_00,Steps,StepShortDash.bIsStopClearSpeed,true
0621_00,Steps,StepShortDash.StopBrakingDeceleration,10000000
0621_00,Steps,StepShortDash.SpCost,2650
0621_00,Steps,StepCancelShortDash.AddToSpeedScale,60000
0621_00,Steps,StepCancelShortDash.MaxAcceleration,60000
0621_00,Steps,StepCancelShortDash.BrakingDeceleration,30000
0621_00,Steps,StepCancelShortDash.ElapsedTimeToOT,0.033333
0621_00,Steps,StepCancelShortDash.Duration,0.333333
0621_00,Steps,StepCancelShortDash.CoolTime,0.416667
0621_00,Steps,StepCancelShortDash.bIsStopClearSpeed,true
0621_00,Steps,StepCancelShortDash.StopBrakingDeceleration,10000000
0621_00,Steps,StepCancelShortDash.SpCost,1325
0621_00,DragonDash,SpCostIN,500
0621_00,DragonDash,SpCostLP,3920
0621_00,DragonDash,SpCostBK,5200
0621_00,DragonDash,HighSpeedSpCostLP,4900
0621_00,ZBurstDash,SpCostIN,10000
0621_00,ZBurstDash,SpCostLP,11000
0621_00,ZBurstDash,BurstSmashSpCostLP,3500
0621_00,DashUpDown,SpCostUpIN,1000
0621_00,DashUpDown,SpCostUpLP,7840
0621_00,DashUpDown,SpCostDownIN,1000
0621_00,DashUpDown,SpCostDownLP,7840
0621_00,DragonHoming,SpCostIN,250
0621_00,DragonHoming,SpCostLP,3500
0630_00,Character,AbilityFlag.SparkingArmor,false
0630_00,Character,AbilityFlag.AutoReflect,false
0630_00,Character,AbilityFlag.bCanHighSpeedMove,false
0630_00,Character,AbilityFlag.bCanSuperHighSpeedMove,false
0630_00,Character,ActionFlag.PowerPress,true
0630_00,Character,ActionFlag.TriAttack,true
0630_00,Character,ActionFlag.AirRush,true
0630_00,Character,ActionFlag.DeltaStorm,true
0630_00,Character,ChaseChangeBlastSlot,EKoratBlastSlotType::BlastSkill1
0630_00,Numeric,Life,40000
0630_00,Numeric,InitialSP,10000
0630_00,Numeric,SPAutoRecoverySpeed,1750
0630_00,Numeric,SPAutoRecoverySpeedScaleUnderOneGauge,1.3
0630_00,Numeric,SPChargeSpeed,7
0630_00,Numeric,SPChargeSpeedUnderAutoRecoveryLimit,10.5
0630_00,Numeric,SparkingModeGaugeDecreaseSpeed,2800
0630_00,Numeric,GuardCrashedByCombativesBlastSpDamageRate,0.75
0630_00,Numeric,StunReactionRecoverySpeedScale,1.3
0630_00,Numeric,StunReactionInputRecoverySpeedScale,1.3
0630_00,Numeric,LimitBoostRecoverySpeedScale,1.3
0630_00,Numeric,LimitBoostInputRecoverySpeedScale,1.3
0630_00,Numeric,BlastStock,4
0630_00,Numeric,AttackChargeSpeedsBySmashLevel[0],3
0630_00,Numeric,AttackChargeSpeedsBySmashLevel[1],5.4
0630_00,Numeric,AttackChargeSpeedsBySmashLevel[2],7.5
0630_00,Numeric,PursuitBaseLimit,2
0630_00,Numeric,PursuitLimitDragonHoming,0
0630_00,Numeric,PursuitLimitVanishingAttack,0
0630_00,Numeric,PursuitBaseLimitAddAtSparking,2
0630_00,Numeric,PursuitLimitDragonHomingAddAtSparking,0
0630_00,Numeric,PursuitLimitVanishingAttackAddAtSparking,0
0630_00,Numeric,PursuitLimitLightningAttackAddAtSparking,0
0630_00,Numeric,IdealPositionMidAirKick,86
0630_00,Numeric,ReactionSplitHighBorder,0.7
0630_00,Numeric,ReactionSplitMidBorder,0.35
0630_00,Numeric,ReactionSplitLowBorder,0.175
0630_00,Numeric,BulletNum,4
0630_00,Numeric,JumpBulletSetNum,1
0630_00,Numeric,DashBulletNum,3
0630_00,Numeric,RushBulletLimit,4
0630_00,Numeric,SmashBulletLimit,1
0630_00,Numeric,AttackBreakSkillGaugeGain,0.15
0630_00,Numeric,FastAvoidSkillGaugeGain,0.05
0630_00,Numeric,ThrowBreakSkillGaugeGain,0.1
0630_00,Numeric,BackAttackedSkillGaugeGain,0.03
0630_00,Numeric,LastOneHPSkillGaugeGain,1
0630_00,Numeric,ImpactStartSkillGaugeGain,1
0630_00,Numeric,RushOffsetSkillGaugeGain,0.05
0630_00,Numeric,CollisionOffsetSkillGaugeGain,0.5
0630_00,Numeric,DragonHomingChangeTrajectorySkillGaugeGain,0.1
0630_00,Numeric,BurstSmashGaugeGain,0.1
0630_00,Numeric,ExParam,16
0630_00,Steps,StepShortDash.AddToSpeedScale,60000
0630_00,Steps,StepShortDash.MaxAcceleration,60000
0630_00,Steps,StepShortDash.BrakingDeceleration,30000
0630_00,Steps,StepShortDash.ElapsedTimeToOT,0.033333
0630_00,Steps,StepShortDash.Duration,0.333333
0630_00,Steps,StepShortDash.CoolTime,0.05
0630_00,Steps,StepShortDash.bIsStopClearSpeed,true
0630_00,Steps,StepShortDash.StopBrakingDeceleration,10000000
0630_00,Steps,StepShortDash.SpCost,2650
0630_00,Steps,StepCancelShortDash.AddToSpeedScale,60000
0630_00,Steps,StepCancelShortDash.MaxAcceleration,60000
0630_00,Steps,StepCancelShortDash.BrakingDeceleration,30000
0630_00,Steps,StepCancelShortDash.ElapsedTimeToOT,0.033333
0630_00,Steps,StepCancelShortDash.Duration,0.333333
0630_00,Steps,StepCancelShortDash.CoolTime,0.416667
0630_00,Steps,StepCancelShortDash.bIsStopClearSpeed,true
0630_00,Steps,StepCancelShortDash.StopBrakingDeceleration,10000000
0630_00,Steps,StepCancelShortDash.SpCost,1325
0630_00,DragonDash,SpCostIN,500
0630_00,DragonDash,SpCostLP,3920
0630_00,DragonDash,SpCostBK,5200
0630_00,DragonDash,HighSpeedSpCostLP,4900
0630_00,ZBurstDash,SpCostIN,10000
0630_00,ZBurstDash,SpCostLP,11000
0630_00,ZBurstDash,BurstSmashSpCostLP,3500
0630_00,DashUpDown,SpCostUpIN,1000
0630_00,DashUpDown,SpCostUpLP,7840
0630_00,DashUpDown,SpCostDownIN,1000
0630_00,DashUpDown,SpCostDownLP,7840
0630_00,DragonHoming,SpCostIN,250
0630_00,DragonHoming,SpCostLP,3500
0631_00,Character,DestroyedPower,7
0631_00,Character,AbilityFlag.bCanHighSpeedMove,false
0631_00,Character,AbilityFlag.bCanSuperHighSpeedMove,false
0631_00,Character,ActionFlag.ThrowEscape,true
0631_00,Character,ActionFlag.CannonCombo,true
0631_00,Character,ActionFlag.RollingHurricane,true
0631_00,Character,ActionFlag.TriAttack,true
0631_00,Character,ActionFlag.AirRush,true
0631_00,Character,ActionFlag.DeltaStorm,true
0631_00,Character,ActionFlag.SparkingRush,true
0631_00,Character,ChaseChangeBlastSlot,EKoratBlastSlotType::BlastSkill1
0631_00,Numeric,Life,45000
0631_00,Numeric,DamageRate,0.97
0631_00,Numeric,SPAutoRecoverySpeed,1750
0631_00,Numeric,SPAutoRecoverySpeedScaleUnderOneGauge,1.3
0631_00,Numeric,SPChargeSpeed,7
0631_00,Numeric,SPChargeSpeedUnderAutoRecoveryLimit,10.5
0631_00,Numeric,SparkingModeGaugeDecreaseSpeed,2800
0631_00,Numeric,GuardCrashedByCombativesBlastSpDamageRate,0.75
0631_00,Numeric,StunReactionRecoverySpeedScale,1.3
0631_00,Numeric,StunReactionInputRecoverySpeedScale,1.3
0631_00,Numeric,LimitBoostRecoverySpeedScale,1.3
0631_00,Numeric,LimitBoostInputRecoverySpeedScale,1.3
0631_00,Numeric,BlastStock,4
0631_00,Numeric,AttackChargeSpeedsBySmashLevel[0],3
0631_00,Numeric,AttackChargeSpeedsBySmashLevel[1],5.4
0631_00,Numeric,AttackChargeSpeedsBySmashLevel[2],7.5
0631_00,Numeric,PursuitBaseLimit,2
0631_00,Numeric,PursuitLimitDragonHoming,0
0631_00,Numeric,PursuitLimitVanishingAttack,0
0631_00,Numeric,PursuitBaseLimitAddAtSparking,2
0631_00,Numeric,PursuitLimitDragonHomingAddAtSparking,0
0631_00,Numeric,PursuitLimitVanishingAttackAddAtSparking,0
0631_00,Numeric,PursuitLimitLightningAttackAddAtSparking,0
0631_00,Numeric,IdealPositionMidAirKick,86
0631_00,Numeric,ReactionSplitHighBorder,0.6
0631_00,Numeric,ReactionSplitMidBorder,0.4
0631_00,Numeric,ReactionSplitLowBorder,0.2
0631_00,Numeric,BulletNum,7
0631_00,Numeric,JumpBulletNum,3
0631_00,Numeric,JumpBulletSetNum,1
0631_00,Numeric,DashBulletNum,2
0631_00,Numeric,RushBulletLimit,7
0631_00,Numeric,SmashBulletLimit,1
0631_00,Numeric,AttackBreakSkillGaugeGain,0.15
0631_00,Numeric,FastAvoidSkillGaugeGain,0.05
0631_00,Numeric,ThrowBreakSkillGaugeGain,0.1
0631_00,Numeric,BackAttackedSkillGaugeGain,0.03
0631_00,Numeric,LastOneHPSkillGaugeGain,1
0631_00,Numeric,ImpactStartSkillGaugeGain,1
0631_00,Numeric,RushOffsetSkillGaugeGain,0.05
0631_00,Numeric,CollisionOffsetSkillGaugeGain,0.5
0631_00,Numeric,DragonHomingChangeTrajectorySkillGaugeGain,0.1
0631_00,Numeric,BurstSmashGaugeGain,0.1
0631_00,Numeric,ExParam,16
0631_00,Steps,StepShortDash.AddToSpeedScale,60000
0631_00,Steps,StepShortDash.MaxAcceleration,50000
0631_00,Steps,StepShortDash.BrakingDeceleration,20000
0631_00,Steps,StepShortDash.ElapsedTimeToOT,0.033333
0631_00,Steps,StepShortDash.Duration,0.333333
0631_00,Steps,StepShortDash.CoolTime,0.05
0631_00,Steps,StepShortDash.bIsStopClearSpeed,true
0631_00,Steps,StepShortDash.StopBrakingDeceleration,10000000
0631_00,Steps,StepShortDash.SpCost,3850
0631_00,Steps,StepCancelShortDash.AddToSpeedScale,60000
0631_00,Steps,StepCancelShortDash.MaxAcceleration,50000
0631_00,Steps,StepCancelShortDash.BrakingDeceleration,20000
0631_00,Steps,StepCancelShortDash.ElapsedTimeToOT,0.033333
0631_00,Steps,StepCancelShortDash.Duration,0.333333
0631_00,Steps,StepCancelShortDash.CoolTime,0.416667
0631_00,Steps,StepCancelShortDash.bIsStopClearSpeed,true
0631_00,Steps,StepCancelShortDash.StopBrakingDeceleration,10000000
0631_00,Steps,StepCancelShortDash.SpCost,1925
0631_00,DragonDash,SpCostIN,500
0631_00,DragonDash,SpCostLP,3920
0631_00,DragonDash,SpCostBK,5200
0631_00,DragonDash,HighSpeedSpCostLP,4900
0631_00,ZBurstDash,SpCostIN,10000
0631_00,ZBurstDash,SpCostLP,11000
0631_00,ZBurstDash,BurstSmashSpCostLP,3500
0631_00,DashUpDown,SpCostUpIN,1000
0631_00,DashUpDown,SpCostUpLP,7840
0631_00,DashUpDown,SpCostDownIN,1000
0631_00,DashUpDown,SpCostDownLP,7840
0631_00,DragonHoming,SpCostIN,250
0631_00,DragonHoming,SpCostLP,3500
0640_00,Character,DestroyedPower,4
0640_00,Character,AbilityFlag.SparkingArmor,false
0640_00,Character,AbilityFlag.AutoReflect,false
0640_00,Character,ActionFlag.DragonTornado,true
0640_00,Character,ActionFlag.HeavyCrash,true
0640_00,Character,ActionFlag.PowerPress,true
0640_00,Character,ActionFlag.TriAttack,true
0640_00,Character,ChaseChangeBlastSlot,EKoratBlastSlotType::BlastSkill1
0640_00,Numeric,Life,40000
0640_00,Numeric,DamageRate,1.12
0640_00,Numeric,InitialSP,30000
0640_00,Numeric,SPAutoRecoverySpeed,1750
0640_00,Numeric,SPAutoRecoverySpeedScaleUnderOneGauge,1.3
0640_00,Numeric,SPChargeSpeed,7
0640_00,Numeric,SPChargeSpeedUnderAutoRecoveryLimit,10.5
0640_00,Numeric,SparkingModeGaugeDecreaseSpeed,2800
0640_00,Numeric,InitialBlastStock,1
0640_00,Numeric,AttackChargeSpeedsBySmashLevel[0],3
0640_00,Numeric,AttackChargeSpeedsBySmashLevel[1],5.4
0640_00,Numeric,AttackChargeSpeedsBySmashLevel[2],7.5
0640_00,Numeric,PursuitBaseLimit,2
0640_00,Numeric,PursuitLimitDragonHoming,0
0640_00,Numeric,PursuitLimitVanishingAttack,0
0640_00,Numeric,PursuitBaseLimitAddAtSparking,2
0640_00,Numeric,PursuitLimitDragonHomingAddAtSparking,0
0640_00,Numeric,PursuitLimitVanishingAttackAddAtSparking,0
0640_00,Numeric,PursuitLimitLightningAttackAddAtSparking,0
0640_00,Numeric,IdealPositionMidAirKick,68
0640_00,Numeric,ReactionSplitHighBorder,0.7
0640_00,Numeric,ReactionSplitMidBorder,0.35
0640_00,Numeric,ReactionSplitLowBorder,0.175
0640_00,Numeric,BulletNum,6
0640_00,Numeric,JumpBulletNum,3
0640_00,Numeric,RushBulletLimit,6
0640_00,Numeric,SmashBulletLimit,1
0640_00,Numeric,RepelSkillGaugeGainRate,1.1
0640_00,Numeric,AttackBreakSkillGaugeGain,0.15
0640_00,Numeric,FastAvoidSkillGaugeGain,0.05
0640_00,Numeric,ThrowBreakSkillGaugeGain,0.1
0640_00,Numeric,BackAttackedSkillGaugeGain,0.03
0640_00,Numeric,LastOneHPSkillGaugeGain,1
0640_00,Numeric,ImpactStartSkillGaugeGain,1
0640_00,Numeric,RushOffsetSkillGaugeGain,0.05
0640_00,Numeric,CollisionOffsetSkillGaugeGain,0.5
0640_00,Numeric,DragonHomingChangeTrajectorySkillGaugeGain,0.1
0640_00,Numeric,BurstSmashGaugeGain,0.1
0640_00,Numeric,ExParam,12
0640_00,Steps,StepShortDash.AddToSpeedScale,60000
0640_00,Steps,StepShortDash.MaxAcceleration,50000
0640_00,Steps,StepShortDash.BrakingDeceleration,20000
0640_00,Steps,StepShortDash.ElapsedTimeToOT,0.033333
0640_00,Steps,StepShortDash.Duration,0.333333
0640_00,Steps,StepShortDash.CoolTime,0.05
0640_00,Steps,StepShortDash.bIsStopClearSpeed,true
0640_00,Steps,StepShortDash.StopBrakingDeceleration,10000000
0640_00,Steps,StepShortDash.SpCost,1250
0640_00,Steps,StepCancelShortDash.AddToSpeedScale,60000
0640_00,Steps,StepCancelShortDash.MaxAcceleration,50000
0640_00,Steps,StepCancelShortDash.BrakingDeceleration,20000
0640_00,Steps,StepCancelShortDash.ElapsedTimeToOT,0.033333
0640_00,Steps,StepCancelShortDash.Duration,0.333333
0640_00,Steps,StepCancelShortDash.CoolTime,0.416667
0640_00,Steps,StepCancelShortDash.bIsStopClearSpeed,true
0640_00,Steps,StepCancelShortDash.StopBrakingDeceleration,10000000
0640_00,Steps,StepCancelShortDash.SpCost,625
0640_00,DragonDash,SpCostIN,425
0640_00,DragonDash,SpCostLP,3332
0640_00,DragonDash,SpCostBK,4420
0640_00,DragonDash,HighSpeedSpCostLP,4410
0640_00,ZBurstDash,SpCostIN,8500
0640_00,ZBurstDash,SpCostLP,9350
0640_00,ZBurstDash,BurstSmashSpCostLP,2975
0640_00,DashUpDown,SpCostUpIN,850
0640_00,DashUpDown,SpCostUpLP,6664
0640_00,DashUpDown,SpCostDownIN,850
0640_00,DashUpDown,SpCostDownLP,6664
0640_00,DragonHoming,SpCostIN,212.5
0640_00,DragonHoming,SpCostLP,2975
0650_00,Character,AbilityFlag.HyperArmor,true
0650_00,Character,AbilityFlag.AutoReflect,false
0650_00,Character,AbilityFlag.bCannotCrashImpact,true
0650_00,Character,AbilityFlag.bWalkFlying,true
0650_00,Character,AbilityFlag.bCanSuperHighSpeedMove,false
0650_00,Character,ActionFlag.DragonTornado,true
0650_00,Character,ActionFlag.CannonCombo,true
0650_00,Character,ActionFlag.SpiralSlash,true
0650_00,Character,ActionFlag.RollingHurricane,true
0650_00,Character,ActionFlag.TriAttack,true
0650_00,Character,ActionFlag.AirRush,true
0650_00,Character,ActionFlag.DeltaStorm,true
0650_00,Character,ActionFlag.SparkingRush,true
0650_00,Character,ActionFlag.DashRising,true
0650_00,Character,ActionFlag.DashBlow,true
0650_00,Character,ActionFlag.SuperZCounter,true
0650_00,Character,ChaseChangeBlastSlot,EKoratBlastSlotType::BlastSkill1
0650_00,Numeric,DamageRate,0.93
0650_00,Numeric,SPAutoRecoverySpeed,1500
0650_00,Numeric,SPAutoRecoverySpeedScaleUnderOneGauge,1.3
0650_00,Numeric,SPChargeSpeed,8
0650_00,Numeric,SPChargeSpeedUnderAutoRecoveryLimit,12
0650_00,Numeric,SparkingModeGaugeDecreaseSpeed,2800
0650_00,Numeric,GuardCrashedByCombativesBlastSpDamageRate,0
0650_00,Numeric,BlastStock,4
0650_00,Numeric,AttackChargeSpeedsBySmashLevel[0],3
0650_00,Numeric,AttackChargeSpeedsBySmashLevel[1],5.4
0650_00,Numeric,AttackChargeSpeedsBySmashLevel[2],7.5
0650_00,Numeric,PursuitBaseLimit,1
0650_00,Numeric,PursuitLimitDragonHoming,0
0650_00,Numeric,PursuitLimitVanishingAttack,0
0650_00,Numeric,PursuitLimitLightningAttack,0
0650_00,Numeric,PursuitBaseLimitAddAtSparking,2
0650_00,Numeric,PursuitLimitDragonHomingAddAtSparking,0
0650_00,Numeric,PursuitLimitVanishingAttackAddAtSparking,0
0650_00,Numeric,PursuitLimitLightningAttackAddAtSparking,0
0650_00,Numeric,ReactionSplitHighBorder,0.6
0650_00,Numeric,ReactionSplitMidBorder,0.4
0650_00,Numeric,ReactionSplitLowBorder,0.2
0650_00,Numeric,BulletNum,2
0650_00,Numeric,JumpBulletNum,2
0650_00,Numeric,JumpBulletSetNum,1
0650_00,Numeric,DashBulletNum,2
0650_00,Numeric,RushBulletLimit,2
0650_00,Numeric,SmashBulletLimit,1
0650_00,Numeric,AttackBreakSkillGaugeGain,0.15
0650_00,Numeric,FastAvoidSkillGaugeGain,0.05
0650_00,Numeric,ThrowBreakSkillGaugeGain,0.1
0650_00,Numeric,BackAttackedSkillGaugeGain,0.03
0650_00,Numeric,LastOneHPSkillGaugeGain,1
0650_00,Numeric,ImpactStartSkillGaugeGain,1
0650_00,Numeric,RushOffsetSkillGaugeGain,0.05
0650_00,Numeric,CollisionOffsetSkillGaugeGain,0.5
0650_00,Numeric,DragonHomingChangeTrajectorySkillGaugeGain,0.1
0650_00,Numeric,BurstSmashGaugeGain,0.1
0650_00,Numeric,ExParam,10
0650_00,Steps,StepShortDash.AddToSpeedScale,60000
0650_00,Steps,StepShortDash.MaxAcceleration,60000
0650_00,Steps,StepShortDash.BrakingDeceleration,30000
0650_00,Steps,StepShortDash.ElapsedTimeToOT,0.033333
0650_00,Steps,StepShortDash.Duration,0.333333
0650_00,Steps,StepShortDash.CoolTime,0.05
0650_00,Steps,StepShortDash.bIsStopClearSpeed,true
0650_00,Steps,StepShortDash.StopBrakingDeceleration,10000000
0650_00,Steps,StepShortDash.SpCost,5150
0650_00,Steps,StepCancelShortDash.AddToSpeedScale,60000
0650_00,Steps,StepCancelShortDash.MaxAcceleration,60000
0650_00,Steps,StepCancelShortDash.BrakingDeceleration,30000
0650_00,Steps,StepCancelShortDash.ElapsedTimeToOT,0.033333
0650_00,Steps,StepCancelShortDash.Duration,0.333333
0650_00,Steps,StepCancelShortDash.CoolTime,0.416667
0650_00,Steps,StepCancelShortDash.bIsStopClearSpeed,true
0650_00,Steps,StepCancelShortDash.StopBrakingDeceleration,10000000
0650_00,Steps,StepCancelShortDash.SpCost,2575
0650_00,DragonDash,SpCostIN,500
0650_00,DragonDash,SpCostLP,3920
0650_00,DragonDash,SpCostBK,3600
0650_00,DragonDash,HighSpeedSpCostLP,3500
0650_00,ZBurstDash,SpCostIN,20000
0650_00,ZBurstDash,BurstSmashSpCostLP,3500
0650_00,DashUpDown,SpCostUpIN,1000
0650_00,DashUpDown,SpCostUpLP,7840
0650_00,DashUpDown,SpCostDownIN,1000
0650_00,DashUpDown,SpCostDownLP,7840
0650_00,DragonHoming,SpCostIN,250
0650_00,DragonHoming,SpCostLP,3500
0651_00,Character,DestroyedPower,7
0651_00,Character,AbilityFlag.SparkingArmor,false
0651_00,Character,ActionFlag.CannonCombo,true
0651_00,Character,ActionFlag.PowerPress,true
0651_00,Character,ActionFlag.TriAttack,true
0651_00,Character,ActionFlag.DeltaStorm,true
0651_00,Character,ChaseChangeBlastSlot,EKoratBlastSlotType::BlastSkill1
0651_00,Numeric,Life,40000
0651_00,Numeric,InitialSP,30000
0651_00,Numeric,SPAutoRecoverySpeed,2250
0651_00,Numeric,SPAutoRecoverySpeedScaleUnderOneGauge,1.3
0651_00,Numeric,SPChargeSpeed,5.5
0651_00,Numeric,SPChargeSpeedUnderAutoRecoveryLimit,8.25
0651_00,Numeric,SparkingModeGaugeDecreaseSpeed,2800
0651_00,Numeric,AttackChargeSpeedsBySmashLevel[0],3
0651_00,Numeric,AttackChargeSpeedsBySmashLevel[1],5.4
0651_00,Numeric,AttackChargeSpeedsBySmashLevel[2],7.5
0651_00,Numeric,PursuitBaseLimit,3
0651_00,Numeric,PursuitLimitDragonHoming,0
0651_00,Numeric,PursuitLimitVanishingAttack,0
0651_00,Numeric,PursuitBaseLimitAddAtSparking,2
0651_00,Numeric,PursuitLimitDragonHomingAddAtSparking,0
0651_00,Numeric,PursuitLimitVanishingAttackAddAtSparking,0
0651_00,Numeric,PursuitLimitLightningAttackAddAtSparking,0
0651_00,Numeric,IdealPositionMidAirKick,74
0651_00,Numeric,ReactionSplitHighBorder,0.6
0651_00,Numeric,ReactionSplitMidBorder,0.4
0651_00,Numeric,ReactionSplitLowBorder,0.2
0651_00,Numeric,JumpBulletNum,3
0651_00,Numeric,RushBulletLimit,10
0651_00,Numeric,SmashBulletLimit,1
0651_00,Numeric,RepelSkillGaugeGainRate,1.1
0651_00,Numeric,AttackBreakSkillGaugeGain,0.15
0651_00,Numeric,FastAvoidSkillGaugeGain,0.05
0651_00,Numeric,ThrowBreakSkillGaugeGain,0.1
0651_00,Numeric,BackAttackedSkillGaugeGain,0.03
0651_00,Numeric,LastOneHPSkillGaugeGain,1
0651_00,Numeric,ImpactStartSkillGaugeGain,1
0651_00,Numeric,RushOffsetSkillGaugeGain,0.05
0651_00,Numeric,CollisionOffsetSkillGaugeGain,0.5
0651_00,Numeric,DragonHomingChangeTrajectorySkillGaugeGain,0.1
0651_00,Numeric,BurstSmashGaugeGain,0.1
0651_00,Numeric,ExParam,20
0651_00,Steps,StepShortDash.AddToSpeedScale,60000
0651_00,Steps,StepShortDash.MaxAcceleration,60000
0651_00,Steps,StepShortDash.BrakingDeceleration,30000
0651_00,Steps,StepShortDash.ElapsedTimeToOT,0.033333
0651_00,Steps,StepShortDash.Duration,0.333333
0651_00,Steps,StepShortDash.CoolTime,0.05
0651_00,Steps,StepShortDash.bIsStopClearSpeed,true
0651_00,Steps,StepShortDash.StopBrakingDeceleration,10000000
0651_00,Steps,StepShortDash.SpCost,2650
0651_00,Steps,StepCancelShortDash.AddToSpeedScale,60000
0651_00,Steps,StepCancelShortDash.MaxAcceleration,60000
0651_00,Steps,StepCancelShortDash.BrakingDeceleration,30000
0651_00,Steps,StepCancelShortDash.ElapsedTimeToOT,0.033333
0651_00,Steps,StepCancelShortDash.Duration,0.333333
0651_00,Steps,StepCancelShortDash.CoolTime,0.416667
0651_00,Steps,StepCancelShortDash.bIsStopClearSpeed,true
0651_00,Steps,StepCancelShortDash.StopBrakingDeceleration,10000000
0651_00,Steps,StepCancelShortDash.SpCost,1325
0651_00,DragonDash,SpCostIN,500
0651_00,DragonDash,SpCostLP,3920
0651_00,DragonDash,SpCostBK,5200
0651_00,DragonDash,HighSpeedSpCostLP,4900
0651_00,ZBurstDash,SpCostIN,10000
0651_00,ZBurstDash,SpCostLP,11000
0651_00,ZBurstDash,BurstSmashSpCostLP,3500
0651_00,DashUpDown,SpCostUpIN,1000
0651_00,DashUpDown,SpCostUpLP,7840
0651_00,DashUpDown,SpCostDownIN,1000
0651_00,DashUpDown,SpCostDownLP,7840
0651_00,DragonHoming,SpCostIN,250
0651_00,DragonHoming,SpCostLP,3500
0660_00,Character,DestroyedPower,4
0660_00,Character,AbilityFlag.SparkingArmor,false
0660_00,Character,AbilityFlag.AutoReflect,false
0660_00,Character,AbilityFlag.bCanSuperHighSpeedMove,false
0660_00,Character,ActionFlag.HeavyCrash,true
0660_00,Character,ActionFlag.DawnThrow,true
0660_00,Character,ActionFlag.CannonCombo,true
0660_00,Character,ActionFlag.PowerPress,true
0660_00,Character,ActionFlag.AirRush,true
0660_00,Character,ChaseChangeBlastSlot,EKoratBlastSlotType::BlastSkill1
0660_00,Numeric,Life,40000
0660_00,Numeric,SPAutoRecoverySpeed,1750
0660_00,Numeric,SPAutoRecoverySpeedScaleUnderOneGauge,1.3
0660_00,Numeric,SPChargeSpeed,7
0660_00,Numeric,SPChargeSpeedUnderAutoRecoveryLimit,10.5
0660_00,Numeric,SparkingModeGaugeDecreaseSpeed,2800
0660_00,Numeric,BlastStock,4
0660_00,Numeric,AttackChargeSpeedsBySmashLevel[0],3
0660_00,Numeric,AttackChargeSpeedsBySmashLevel[1],5.4
0660_00,Numeric,AttackChargeSpeedsBySmashLevel[2],7.5
0660_00,Numeric,PursuitBaseLimit,2
0660_00,Numeric,PursuitLimitDragonHoming,0
0660_00,Numeric,PursuitLimitVanishingAttack,0
0660_00,Numeric,PursuitBaseLimitAddAtSparking,1
0660_00,Numeric,PursuitLimitDragonHomingAddAtSparking,0
0660_00,Numeric,PursuitLimitVanishingAttackAddAtSparking,0
0660_00,Numeric,PursuitLimitLightningAttackAddAtSparking,0
0660_00,Numeric,IdealPositionMidAirKick,68
0660_00,Numeric,ReactionSplitHighBorder,0.7
0660_00,Numeric,ReactionSplitMidBorder,0.35
0660_00,Numeric,ReactionSplitLowBorder,0.175
0660_00,Numeric,BulletNum,4
0660_00,Numeric,JumpBulletSetNum,1
0660_00,Numeric,DashBulletNum,3
0660_00,Numeric,RushBulletLimit,4
0660_00,Numeric,SmashBulletLimit,1
0660_00,Numeric,AttackBreakSkillGaugeGain,0.15
0660_00,Numeric,FastAvoidSkillGaugeGain,0.05
0660_00,Numeric,ThrowBreakSkillGaugeGain,0.1
0660_00,Numeric,BackAttackedSkillGaugeGain,0.03
0660_00,Numeric,LastOneHPSkillGaugeGain,1
0660_00,Numeric,ImpactStartSkillGaugeGain,1
0660_00,Numeric,RushOffsetSkillGaugeGain,0.05
0660_00,Numeric,CollisionOffsetSkillGaugeGain,0.5
0660_00,Numeric,DragonHomingChangeTrajectorySkillGaugeGain,0.1
0660_00,Numeric,BurstSmashGaugeGain,0.1
0660_00,Numeric,ExParam,4
0660_00,Steps,StepShortDash.AddToSpeedScale,60000
0660_00,Steps,StepShortDash.MaxAcceleration,50000
0660_00,Steps,StepShortDash.BrakingDeceleration,20000
0660_00,Steps,StepShortDash.ElapsedTimeToOT,0.033333
0660_00,Steps,StepShortDash.Duration,0.333333
0660_00,Steps,StepShortDash.CoolTime,0.05
0660_00,Steps,StepShortDash.bIsStopClearSpeed,true
0660_00,Steps,StepShortDash.StopBrakingDeceleration,10000000
0660_00,Steps,StepShortDash.SpCost,1250
0660_00,Steps,StepCancelShortDash.AddToSpeedScale,60000
0660_00,Steps,StepCancelShortDash.MaxAcceleration,50000
0660_00,Steps,StepCancelShortDash.BrakingDeceleration,20000
0660_00,Steps,StepCancelShortDash.ElapsedTimeToOT,0.033333
0660_00,Steps,StepCancelShortDash.Duration,0.333333
0660_00,Steps,StepCancelShortDash.CoolTime,0.416667
0660_00,Steps,StepCancelShortDash.bIsStopClearSpeed,true
0660_00,Steps,StepCancelShortDash.StopBrakingDeceleration,10000000
0660_00,Steps,StepCancelShortDash.SpCost,625
0660_00,DragonDash,SpCostIN,425
0660_00,DragonDash,SpCostLP,3332
0660_00,DragonDash,SpCostBK,4420
0660_00,DragonDash,HighSpeedSpCostLP,4410
0660_00,ZBurstDash,SpCostIN,8500
0660_00,ZBurstDash,SpCostLP,9350
0660_00,ZBurstDash,BurstSmashSpCostLP,2975
0660_00,DashUpDown,SpCostUpIN,850
0660_00,DashUpDown,SpCostUpLP,6664
0660_00,DashUpDown,SpCostDownIN,850
0660_00,DashUpDown,SpCostDownLP,6664
0660_00,DragonHoming,SpCostIN,212.5
0660_00,DragonHoming,SpCostLP,2975
0670_00,Character,DestroyedPower,6
0670_00,Character,AbilityFlag.HyperArmor,true
0670_00,Character,AbilityFlag.AutoReflect,false
0670_00,Character,AbilityFlag.bCannotCrashImpact,true
0670_00,Character,AbilityFlag.bCanFlyMyself,true
0670_00,Character,AbilityFlag.bCanSuperHighSpeedMove,false
0670_00,Character,ActionFlag.DragonTornado,true
0670_00,Character,ActionFlag.CannonCombo,true
0670_00,Character,ActionFlag.SpiralSlash,true
0670_00,Character,ActionFlag.RollingHurricane,true
0670_00,Character,ActionFlag.TriAttack,true
0670_00,Character,ActionFlag.AirRush,true
0670_00,Character,ActionFlag.DeltaStorm,true
0670_00,Character,ActionFlag.SparkingRush,true
0670_00,Character,ActionFlag.DashRising,true
0670_00,Character,ActionFlag.DashBlow,true
0670_00,Character,ActionFlag.SuperZCounter,true
0670_00,Character,ChaseChangeBlastSlot,EKoratBlastSlotType::BlastSkill2
0670_00,Numeric,InitialSP,40000
0670_00,Numeric,SPAutoRecoverySpeed,1500
0670_00,Numeric,SPAutoRecoverySpeedScaleUnderOneGauge,1.3
0670_00,Numeric,SPChargeSpeed,8
0670_00,Numeric,SPChargeSpeedUnderAutoRecoveryLimit,12
0670_00,Numeric,SparkingModeGaugeDecreaseSpeed,2800
0670_00,Numeric,GuardCrashedByCombativesBlastSpDamageRate,0
0670_00,Numeric,AttackChargeSpeedsBySmashLevel[0],3
0670_00,Numeric,AttackChargeSpeedsBySmashLevel[1],5.4
0670_00,Numeric,AttackChargeSpeedsBySmashLevel[2],7.5
0670_00,Numeric,PursuitBaseLimit,1
0670_00,Numeric,PursuitLimitDragonHoming,0
0670_00,Numeric,PursuitLimitVanishingAttack,0
0670_00,Numeric,PursuitLimitLightningAttack,0
0670_00,Numeric,PursuitBaseLimitAddAtSparking,2
0670_00,Numeric,PursuitLimitDragonHomingAddAtSparking,0
0670_00,Numeric,PursuitLimitVanishingAttackAddAtSparking,0
0670_00,Numeric,PursuitLimitLightningAttackAddAtSparking,0
0670_00,Numeric,ReactionSplitHighBorder,0.6
0670_00,Numeric,ReactionSplitMidBorder,0.4
0670_00,Numeric,ReactionSplitLowBorder,0.2
0670_00,Numeric,BulletNum,3
0670_00,Numeric,JumpBulletNum,3
0670_00,Numeric,JumpBulletSetNum,1
0670_00,Numeric,DashBulletNum,2
0670_00,Numeric,RushBulletLimit,3
0670_00,Numeric,SmashBulletLimit,1
0670_00,Numeric,RepelSkillGaugeGainRate,1.1
0670_00,Numeric,AttackBreakSkillGaugeGain,0.15
0670_00,Numeric,FastAvoidSkillGaugeGain,0.05
0670_00,Numeric,ThrowBreakSkillGaugeGain,0.1
0670_00,Numeric,BackAttackedSkillGaugeGain,0.03
0670_00,Numeric,LastOneHPSkillGaugeGain,1
0670_00,Numeric,ImpactStartSkillGaugeGain,1
0670_00,Numeric,RushOffsetSkillGaugeGain,0.05
0670_00,Numeric,CollisionOffsetSkillGaugeGain,0.5
0670_00,Numeric,DragonHomingChangeTrajectorySkillGaugeGain,0.1
0670_00,Numeric,BurstSmashGaugeGain,0.1
0670_00,Numeric,ExParam,20
0670_00,Steps,StepShortDash.AddToSpeedScale,60000
0670_00,Steps,StepShortDash.MaxAcceleration,60000
0670_00,Steps,StepShortDash.BrakingDeceleration,30000
0670_00,Steps,StepShortDash.ElapsedTimeToOT,0.033333
0670_00,Steps,StepShortDash.Duration,0.333333
0670_00,Steps,StepShortDash.CoolTime,0.05
0670_00,Steps,StepShortDash.bIsStopClearSpeed,true
0670_00,Steps,StepShortDash.StopBrakingDeceleration,10000000
0670_00,Steps,StepShortDash.SpCost,5150
0670_00,Steps,StepCancelShortDash.AddToSpeedScale,60000
0670_00,Steps,StepCancelShortDash.MaxAcceleration,60000
0670_00,Steps,StepCancelShortDash.BrakingDeceleration,30000
0670_00,Steps,StepCancelShortDash.ElapsedTimeToOT,0.033333
0670_00,Steps,StepCancelShortDash.Duration,0.333333
0670_00,Steps,StepCancelShortDash.CoolTime,0.416667
0670_00,Steps,StepCancelShortDash.bIsStopClearSpeed,true
0670_00,Steps,StepCancelShortDash.StopBrakingDeceleration,10000000
0670_00,Steps,StepCancelShortDash.SpCost,2575
0670_00,DragonDash,SpCostIN,500
0670_00,DragonDash,SpCostLP,3920
0670_00,DragonDash,SpCostBK,5200
0670_00,DragonDash,HighSpeedSpCostLP,4900
0670_00,ZBurstDash,SpCostIN,20000
0670_00,ZBurstDash,BurstSmashSpCostLP,3500
0670_00,DashUpDown,SpCostUpIN,1000
0670_00,DashUpDown,SpCostUpLP,7840
0670_00,DashUpDown,SpCostDownIN,1000
0670_00,DashUpDown,SpCostDownLP,7840
0670_00,DragonHoming,SpCostIN,250
0670_00,DragonHoming,SpCostLP,3500
0680_00,Character,AbilityFlag.SparkingArmor,false
0680_00,Character,AbilityFlag.AutoReflect,false
0680_00,Character,AbilityFlag.bCanHighSpeedMove,false
0680_00,Character,AbilityFlag.bCanSuperHighSpeedMove,false
0680_00,Character,ActionFlag.PowerPress,true
0680_00,Character,ActionFlag.TriAttack,true
0680_00,Character,ActionFlag.AirRush,true
0680_00,Character,ActionFlag.DeltaStorm,true
0680_00,Character,ChaseChangeBlastSlot,EKoratBlastSlotType::BlastSkill2
0680_00,Numeric,Life,40000
0680_00,Numeric,SPAutoRecoverySpeed,1750
0680_00,Numeric,SPAutoRecoverySpeedScaleUnderOneGauge,1.3
0680_00,Numeric,SPChargeSpeed,7
0680_00,Numeric,SPChargeSpeedUnderAutoRecoveryLimit,10.5
0680_00,Numeric,SparkingModeGaugeDecreaseSpeed,2800
0680_00,Numeric,AttackChargeSpeedsBySmashLevel[0],3
0680_00,Numeric,AttackChargeSpeedsBySmashLevel[1],5.4
0680_00,Numeric,AttackChargeSpeedsBySmashLevel[2],7.5
0680_00,Numeric,PursuitBaseLimit,2
0680_00,Numeric,PursuitLimitDragonHoming,0
0680_00,Numeric,PursuitLimitVanishingAttack,0
0680_00,Numeric,PursuitBaseLimitAddAtSparking,2
0680_00,Numeric,PursuitLimitDragonHomingAddAtSparking,0
0680_00,Numeric,PursuitLimitVanishingAttackAddAtSparking,0
0680_00,Numeric,PursuitLimitLightningAttackAddAtSparking,0
0680_00,Numeric,IdealPositionMidAirKick,68
0680_00,Numeric,ReactionSplitHighBorder,0.7
0680_00,Numeric,ReactionSplitMidBorder,0.35
0680_00,Numeric,ReactionSplitLowBorder,0.175
0680_00,Numeric,BulletNum,4
0680_00,Numeric,JumpBulletSetNum,1
0680_00,Numeric,DashBulletNum,3
0680_00,Numeric,RushBulletLimit,4
0680_00,Numeric,SmashBulletLimit,1
0680_00,Numeric,RepelSkillGaugeGainRate,1.1
0680_00,Numeric,AttackBreakSkillGaugeGain,0.15
0680_00,Numeric,FastAvoidSkillGaugeGain,0.05
0680_00,Numeric,ThrowBreakSkillGaugeGain,0.1
0680_00,Numeric,BackAttackedSkillGaugeGain,0.03
0680_00,Numeric,LastOneHPSkillGaugeGain,1
0680_00,Numeric,ImpactStartSkillGaugeGain,1
0680_00,Numeric,RushOffsetSkillGaugeGain,0.05
0680_00,Numeric,CollisionOffsetSkillGaugeGain,0.5
0680_00,Numeric,DragonHomingChangeTrajectorySkillGaugeGain,0.1
0680_00,Numeric,BurstSmashGaugeGain,0.1
0680_00,Numeric,ExParam,12
0680_00,Steps,StepShortDash.AddToSpeedScale,60000
0680_00,Steps,StepShortDash.MaxAcceleration,60000
0680_00,Steps,StepShortDash.BrakingDeceleration,30000
0680_00,Steps,StepShortDash.ElapsedTimeToOT,0.033333
0680_00,Steps,StepShortDash.Duration,0.333333
0680_00,Steps,StepShortDash.CoolTime,0.05
0680_00,Steps,StepShortDash.bIsStopClearSpeed,true
0680_00,Steps,StepShortDash.StopBrakingDeceleration,10000000
0680_00,Steps,StepShortDash.SpCost,2650
0680_00,Steps,StepCancelShortDash.AddToSpeedScale,60000
0680_00,Steps,StepCancelShortDash.MaxAcceleration,60000
0680_00,Steps,StepCancelShortDash.BrakingDeceleration,30000
0680_00,Steps,StepCancelShortDash.ElapsedTimeToOT,0.033333
0680_00,Steps,StepCancelShortDash.Duration,0.333333
0680_00,Steps,StepCancelShortDash.CoolTime,0.416667
0680_00,Steps,StepCancelShortDash.bIsStopClearSpeed,true
0680_00,Steps,StepCancelShortDash.StopBrakingDeceleration,10000000
0680_00,Steps,StepCancelShortDash.SpCost,1325
0680_00,DragonDash,SpCostIN,500
0680_00,DragonDash,SpCostLP,3920
0680_00,DragonDash,SpCostBK,3600
0680_00,DragonDash,HighSpeedSpCostLP,3500
0680_00,ZBurstDash,SpCostIN,10000
0680_00,ZBurstDash,SpCostLP,11000
0680_00,ZBurstDash,BurstSmashSpCostLP,3500
0680_00,DashUpDown,SpCostUpIN,1000
0680_00,DashUpDown,SpCostUpLP,7840
0680_00,DashUpDown,SpCostDownIN,1000
0680_00,DashUpDown,SpCostDownLP,7840
0680_00,DragonHoming,SpCostIN,250
0680_00,DragonHoming,SpCostLP,3500
0680_01,Character,DestroyedPower,6
0680_01,Character,AbilityFlag.SparkingArmor,false
0680_01,Character,AbilityFlag.AutoReflect,false
0680_01,Character,ActionFlag.PowerPress,true
0680_01,Character,ActionFlag.TriAttack,true
0680_01,Character,ActionFlag.AirRush,true
0680_01,Character,ActionFlag.DeltaStorm,true
0680_01,Character,ChaseChangeBlastSlot,EKoratBlastSlotType::BlastSkill1
0680_01,Numeric,Life,40000
0680_01,Numeric,SPAutoRecoverySpeed,1500
0680_01,Numeric,SPAutoRecoverySpeedScaleUnderOneGauge,1.3
0680_01,Numeric,SPChargeSpeed,8
0680_01,Numeric,SPChargeSpeedUnderAutoRecoveryLimit,12
0680_01,Numeric,SparkingModeGaugeDecreaseSpeed,2800
0680_01,Numeric,AttackChargeSpeedsBySmashLevel[0],3
0680_01,Numeric,AttackChargeSpeedsBySmashLevel[1],5.4
0680_01,Numeric,AttackChargeSpeedsBySmashLevel[2],7.5
0680_01,Numeric,PursuitBaseLimit,2
0680_01,Numeric,PursuitLimitDragonHoming,0
0680_01,Numeric,PursuitLimitVanishingAttack,0
0680_01,Numeric,PursuitBaseLimitAddAtSparking,2
0680_01,Numeric,PursuitLimitDragonHomingAddAtSparking,0
0680_01,Numeric,PursuitLimitVanishingAttackAddAtSparking,0
0680_01,Numeric,PursuitLimitLightningAttackAddAtSparking,0
0680_01,Numeric,IdealPositionMidAirKick,68
0680_01,Numeric,ReactionSplitHighBorder,0.7
0680_01,Numeric,ReactionSplitMidBorder,0.35
0680_01,Numeric,ReactionSplitLowBorder,0.175
0680_01,Numeric,BulletNum,6
0680_01,Numeric,JumpBulletNum,3
0680_01,Numeric,RushBulletLimit,6
0680_01,Numeric,SmashBulletLimit,1
0680_01,Numeric,RepelSkillGaugeGainRate,1.1
0680_01,Numeric,AttackBreakSkillGaugeGain,0.15
0680_01,Numeric,FastAvoidSkillGaugeGain,0.05
0680_01,Numeric,ThrowBreakSkillGaugeGain,0.1
0680_01,Numeric,BackAttackedSkillGaugeGain,0.03
0680_01,Numeric,LastOneHPSkillGaugeGain,1
0680_01,Numeric,ImpactStartSkillGaugeGain,1
0680_01,Numeric,RushOffsetSkillGaugeGain,0.05
0680_01,Numeric,CollisionOffsetSkillGaugeGain,0.5
0680_01,Numeric,DragonHomingChangeTrajectorySkillGaugeGain,0.1
0680_01,Numeric,BurstSmashGaugeGain,0.1
0680_01,Numeric,ExParam,14
0680_01,Steps,StepShortDash.AddToSpeedScale,60000
0680_01,Steps,StepShortDash.MaxAcceleration,60000
0680_01,Steps,StepShortDash.BrakingDeceleration,30000
0680_01,Steps,StepShortDash.ElapsedTimeToOT,0.033333
0680_01,Steps,StepShortDash.Duration,0.333333
0680_01,Steps,StepShortDash.CoolTime,0.05
0680_01,Steps,StepShortDash.bIsStopClearSpeed,true
0680_01,Steps,StepShortDash.StopBrakingDeceleration,10000000
0680_01,Steps,StepShortDash.SpCost,2650
0680_01,Steps,StepCancelShortDash.AddToSpeedScale,60000
0680_01,Steps,StepCancelShortDash.MaxAcceleration,60000
0680_01,Steps,StepCancelShortDash.BrakingDeceleration,30000
0680_01,Steps,StepCancelShortDash.ElapsedTimeToOT,0.033333
0680_01,Steps,StepCancelShortDash.Duration,0.333333
0680_01,Steps,StepCancelShortDash.CoolTime,0.416667
0680_01,Steps,StepCancelShortDash.bIsStopClearSpeed,true
0680_01,Steps,StepCancelShortDash.StopBrakingDeceleration,10000000
0680_01,Steps,StepCancelShortDash.SpCost,1325
0680_01,DragonDash,SpCostIN,500
0680_01,DragonDash,SpCostLP,3920
0680_01,DragonDash,SpCostBK,3600
0680_01,DragonDash,HighSpeedSpCostLP,3500
0680_01,ZBurstDash,SpCostIN,10000
0680_01,ZBurstDash,SpCostLP,11000
0680_01,ZBurstDash,BurstSmashSpCostLP,3500
0680_01,DashUpDown,SpCostUpIN,1000
0680_01,DashUpDown,SpCostUpLP,7840
0680_01,DashUpDown,SpCostDownIN,1000
0680_01,DashUpDown,SpCostDownLP,7840
0680_01,DragonHoming,SpCostIN,250
0680_01,DragonHoming,SpCostLP,3500
0680_02,Character,DestroyedPower,7
0680_02,Character,AbilityFlag.SparkingArmor,false
0680_02,Character,ActionFlag.CannonCombo,true
0680_02,Character,ActionFlag.PowerPress,true
0680_02,Character,ActionFlag.TriAttack,true
0680_02,Character,ActionFlag.AirRush,true
0680_02,Character,ActionFlag.DeltaStorm,true
0680_02,Character,ChaseChangeBlastSlot,EKoratBlastSlotType::BlastSkill1
0680_02,Numeric,Life,40000
0680_02,Numeric,SPAutoRecoverySpeed,1500
0680_02,Numeric,SPAutoRecoverySpeedScaleUnderOneGauge,1.3
0680_02,Numeric,SPChargeSpeed,8
0680_02,Numeric,SPChargeSpeedUnderAutoRecoveryLimit,12
0680_02,Numeric,SparkingModeGaugeDecreaseSpeed,2800
0680_02,Numeric,AttackChargeSpeedsBySmashLevel[0],3
0680_02,Numeric,AttackChargeSpeedsBySmashLevel[1],5.4
0680_02,Numeric,AttackChargeSpeedsBySmashLevel[2],7.5
0680_02,Numeric,PursuitBaseLimit,2
0680_02,Numeric,PursuitLimitDragonHoming,0
0680_02,Numeric,PursuitLimitVanishingAttack,0
0680_02,Numeric,PursuitBaseLimitAddAtSparking,2
0680_02,Numeric,PursuitLimitDragonHomingAddAtSparking,0
0680_02,Numeric,PursuitLimitVanishingAttackAddAtSparking,0
0680_02,Numeric,PursuitLimitLightningAttackAddAtSparking,0
0680_02,Numeric,IdealPositionMidAirKick,78
0680_02,Numeric,ReactionSplitHighBorder,0.6
0680_02,Numeric,ReactionSplitMidBorder,0.4
0680_02,Numeric,ReactionSplitLowBorder,0.2
0680_02,Numeric,JumpBulletNum,7
0680_02,Numeric,JumpBulletSetNum,1
0680_02,Numeric,DashBulletNum,5
0680_02,Numeric,RushBulletLimit,10
0680_02,Numeric,SmashBulletLimit,1
0680_02,Numeric,RepelSkillGaugeGainRate,1.1
0680_02,Numeric,AttackBreakSkillGaugeGain,0.15
0680_02,Numeric,FastAvoidSkillGaugeGain,0.05
0680_02,Numeric,ThrowBreakSkillGaugeGain,0.1
0680_02,Numeric,BackAttackedSkillGaugeGain,0.03
0680_02,Numeric,LastOneHPSkillGaugeGain,1
0680_02,Numeric,ImpactStartSkillGaugeGain,1
0680_02,Numeric,RushOffsetSkillGaugeGain,0.05
0680_02,Numeric,CollisionOffsetSkillGaugeGain,0.5
0680_02,Numeric,DragonHomingChangeTrajectorySkillGaugeGain,0.1
0680_02,Numeric,BurstSmashGaugeGain,0.1
0680_02,Numeric,ExParam,16
0680_02,Steps,StepShortDash.AddToSpeedScale,60000
0680_02,Steps,StepShortDash.MaxAcceleration,60000
0680_02,Steps,StepShortDash.BrakingDeceleration,30000
0680_02,Steps,StepShortDash.ElapsedTimeToOT,0.033333
0680_02,Steps,StepShortDash.Duration,0.333333
0680_02,Steps,StepShortDash.CoolTime,0.05
0680_02,Steps,StepShortDash.bIsStopClearSpeed,true
0680_02,Steps,StepShortDash.StopBrakingDeceleration,10000000
0680_02,Steps,StepShortDash.SpCost,2650
0680_02,Steps,StepCancelShortDash.AddToSpeedScale,60000
0680_02,Steps,StepCancelShortDash.MaxAcceleration,60000
0680_02,Steps,StepCancelShortDash.BrakingDeceleration,30000
0680_02,Steps,StepCancelShortDash.ElapsedTimeToOT,0.033333
0680_02,Steps,StepCancelShortDash.Duration,0.333333
0680_02,Steps,StepCancelShortDash.CoolTime,0.416667
0680_02,Steps,StepCancelShortDash.bIsStopClearSpeed,true
0680_02,Steps,StepCancelShortDash.StopBrakingDeceleration,10000000
0680_02,Steps,StepCancelShortDash.SpCost,1325
0680_02,DragonDash,SpCostIN,500
0680_02,DragonDash,SpCostLP,3920
0680_02,DragonDash,SpCostBK,5200
0680_02,DragonDash,HighSpeedSpCostLP,4900
0680_02,ZBurstDash,SpCostIN,10000
0680_02,ZBurstDash,SpCostLP,11000
0680_02,ZBurstDash,BurstSmashSpCostLP,3500
0680_02,DashUpDown,SpCostUpIN,1000
0680_02,DashUpDown,SpCostUpLP,7840
0680_02,DashUpDown,SpCostDownIN,1000
0680_02,DashUpDown,SpCostDownLP,7840
0680_02,DragonHoming,SpCostIN,250
0680_02,DragonHoming,SpCostLP,3500
0681_00,Character,DestroyedPower,7
0681_00,Character,AbilityFlag.HyperArmor,true
0681_00,Character,AbilityFlag.bCannotCrashImpact,true
0681_00,Character,AbilityFlag.bCanHighSpeedMove,false
0681_00,Character,AbilityFlag.bCanSuperHighSpeedMove,false
0681_00,Character,ActionFlag.DragonTornado,true
0681_00,Character,ActionFlag.CannonCombo,true
0681_00,Character,ActionFlag.SpiralSlash,true
0681_00,Character,ActionFlag.RollingHurricane,true
0681_00,Character,ActionFlag.TriAttack,true
0681_00,Character,ActionFlag.AirRush,true
0681_00,Character,ActionFlag.DeltaStorm,true
0681_00,Character,ActionFlag.SparkingRush,true
0681_00,Character,ActionFlag.SuperZCounter,true
0681_00,Character,ChaseChangeBlastSlot,EKoratBlastSlotType::BlastSkill1
0681_00,Numeric,DamageRate,0.9
0681_00,Numeric,InitialSP,30000
0681_00,Numeric,SPAutoRecoverySpeed,1500
0681_00,Numeric,SPAutoRecoverySpeedScaleUnderOneGauge,1.3
0681_00,Numeric,SPChargeSpeed,8
0681_00,Numeric,SPChargeSpeedUnderAutoRecoveryLimit,12
0681_00,Numeric,SparkingModeGaugeDecreaseSpeed,2800
0681_00,Numeric,GuardCrashedByCombativesBlastSpDamageRate,0
0681_00,Numeric,AttackChargeSpeedsBySmashLevel[0],3
0681_00,Numeric,AttackChargeSpeedsBySmashLevel[1],5.4
0681_00,Numeric,AttackChargeSpeedsBySmashLevel[2],7.5
0681_00,Numeric,PursuitBaseLimit,1
0681_00,Numeric,PursuitLimitDragonHoming,0
0681_00,Numeric,PursuitLimitVanishingAttack,0
0681_00,Numeric,PursuitLimitLightningAttack,0
0681_00,Numeric,PursuitBaseLimitAddAtSparking,2
0681_00,Numeric,PursuitLimitDragonHomingAddAtSparking,0
0681_00,Numeric,PursuitLimitVanishingAttackAddAtSparking,0
0681_00,Numeric,PursuitLimitLightningAttackAddAtSparking,0
0681_00,Numeric,ReactionSplitHighBorder,0.6
0681_00,Numeric,ReactionSplitMidBorder,0.4
0681_00,Numeric,ReactionSplitLowBorder,0.2
0681_00,Numeric,BulletNum,4
0681_00,Numeric,JumpBulletSetNum,1
0681_00,Numeric,DashBulletNum,3
0681_00,Numeric,RushBulletLimit,4
0681_00,Numeric,SmashBulletLimit,1
0681_00,Numeric,RepelSkillGaugeGainRate,1.1
0681_00,Numeric,AttackBreakSkillGaugeGain,0.15
0681_00,Numeric,FastAvoidSkillGaugeGain,0.05
0681_00,Numeric,ThrowBreakSkillGaugeGain,0.1
0681_00,Numeric,BackAttackedSkillGaugeGain,0.03
0681_00,Numeric,LastOneHPSkillGaugeGain,1
0681_00,Numeric,ImpactStartSkillGaugeGain,1
0681_00,Numeric,RushOffsetSkillGaugeGain,0.05
0681_00,Numeric,CollisionOffsetSkillGaugeGain,0.5
0681_00,Numeric,DragonHomingChangeTrajectorySkillGaugeGain,0.1
0681_00,Numeric,BurstSmashGaugeGain,0.1
0681_00,Numeric,ExParam,18
0681_00,Steps,StepShortDash.AddToSpeedScale,60000
0681_00,Steps,StepShortDash.MaxAcceleration,60000
0681_00,Steps,StepShortDash.BrakingDeceleration,30000
0681_00,Steps,StepShortDash.ElapsedTimeToOT,0.033333
0681_00,Steps,StepShortDash.Duration,0.333333
0681_00,Steps,StepShortDash.CoolTime,0.05
0681_00,Steps,StepShortDash.bIsStopClearSpeed,true
0681_00,Steps,StepShortDash.StopBrakingDeceleration,10000000
0681_00,Steps,StepShortDash.SpCost,5150
0681_00,Steps,StepCancelShortDash.AddToSpeedScale,60000
0681_00,Steps,StepCancelShortDash.MaxAcceleration,60000
0681_00,Steps,StepCancelShortDash.BrakingDeceleration,30000
0681_00,Steps,StepCancelShortDash.ElapsedTimeToOT,0.033333
0681_00,Steps,StepCancelShortDash.Duration,0.333333
0681_00,Steps,StepCancelShortDash.CoolTime,0.416667
0681_00,Steps,StepCancelShortDash.bIsStopClearSpeed,true
0681_00,Steps,StepCancelShortDash.StopBrakingDeceleration,10000000
0681_00,Steps,StepCancelShortDash.SpCost,2575
0681_00,DragonDash,SpCostIN,500
0681_00,DragonDash,SpCostLP,3920
0681_00,DragonDash,SpCostBK,5200
0681_00,DragonDash,HighSpeedSpCostLP,4900
0681_00,ZBurstDash,SpCostIN,20000
0681_00,ZBurstDash,BurstSmashSpCostLP,3500
0681_00,DashUpDown,SpCostUpIN,1000
0681_00,DashUpDown,SpCostUpLP,7840
0681_00,DashUpDown,SpCostDownIN,1000
0681_00,DashUpDown,SpCostDownLP,7840
0681_00,DragonHoming,SpCostIN,250
0681_00,DragonHoming,SpCostLP,3500
0690_00,Character,DestroyedPower,7
0690_00,Character,AbilityFlag.SparkingArmor,false
0690_00,Character,AbilityFlag.bCanFlyMyself,true
0690_00,Character,ActionFlag.DragonTornado,true
0690_00,Character,ActionFlag.HeavyCrash,true
0690_00,Character,ActionFlag.PowerPress,true
0690_00,Character,ChaseChangeBlastSlot,EKoratBlastSlotType::BlastSkill1
0690_00,Numeric,Life,40000
0690_00,Numeric,SPAutoRecoverySpeed,1750
0690_00,Numeric,SPAutoRecoverySpeedScaleUnderOneGauge,1.3
0690_00,Numeric,SPChargeSpeed,7
0690_00,Numeric,SPChargeSpeedUnderAutoRecoveryLimit,10.5
0690_00,Numeric,SparkingModeGaugeDecreaseSpeed,2800
0690_00,Numeric,AttackChargeSpeedsBySmashLevel[0],3
0690_00,Numeric,AttackChargeSpeedsBySmashLevel[1],5.4
0690_00,Numeric,AttackChargeSpeedsBySmashLevel[2],7.5
0690_00,Numeric,PursuitBaseLimit,3
0690_00,Numeric,PursuitLimitDragonHoming,0
0690_00,Numeric,PursuitLimitVanishingAttack,0
0690_00,Numeric,PursuitBaseLimitAddAtSparking,2
0690_00,Numeric,PursuitLimitDragonHomingAddAtSparking,0
0690_00,Numeric,PursuitLimitVanishingAttackAddAtSparking,0
0690_00,Numeric,PursuitLimitLightningAttackAddAtSparking,0
0690_00,Numeric,IdealPositionMidAirKick,68
0690_00,Numeric,ReactionSplitHighBorder,0.7
0690_00,Numeric,ReactionSplitMidBorder,0.35
0690_00,Numeric,ReactionSplitLowBorder,0.175
0690_00,Numeric,BulletNum,7
0690_00,Numeric,JumpBulletNum,7
0690_00,Numeric,JumpBulletSetNum,1
0690_00,Numeric,DashBulletNum,5
0690_00,Numeric,RushBulletLimit,7
0690_00,Numeric,SmashBulletLimit,1
0690_00,Numeric,RepelSkillGaugeGainRate,1.1
0690_00,Numeric,AttackBreakSkillGaugeGain,0.15
0690_00,Numeric,FastAvoidSkillGaugeGain,0.05
0690_00,Numeric,ThrowBreakSkillGaugeGain,0.1
0690_00,Numeric,BackAttackedSkillGaugeGain,0.03
0690_00,Numeric,LastOneHPSkillGaugeGain,1
0690_00,Numeric,ImpactStartSkillGaugeGain,1
0690_00,Numeric,RushOffsetSkillGaugeGain,0.05
0690_00,Numeric,CollisionOffsetSkillGaugeGain,0.5
0690_00,Numeric,DragonHomingChangeTrajectorySkillGaugeGain,0.1
0690_00,Numeric,BurstSmashGaugeGain,0.1
0690_00,Numeric,ExParam,8
0690_00,Steps,StepShortDash.AddToSpeedScale,60000
0690_00,Steps,StepShortDash.MaxAcceleration,50000
0690_00,Steps,StepShortDash.BrakingDeceleration,20000
0690_00,Steps,StepShortDash.ElapsedTimeToOT,0.033333
0690_00,Steps,StepShortDash.Duration,0.333333
0690_00,Steps,StepShortDash.CoolTime,0.05
0690_00,Steps,StepShortDash.bIsStopClearSpeed,true
0690_00,Steps,StepShortDash.StopBrakingDeceleration,10000000
0690_00,Steps,StepShortDash.SpCost,1250
0690_00,Steps,StepCancelShortDash.AddToSpeedScale,60000
0690_00,Steps,StepCancelShortDash.MaxAcceleration,50000
0690_00,Steps,StepCancelShortDash.BrakingDeceleration,20000
0690_00,Steps,StepCancelShortDash.ElapsedTimeToOT,0.033333
0690_00,Steps,StepCancelShortDash.Duration,0.333333
0690_00,Steps,StepCancelShortDash.CoolTime,0.416667
0690_00,Steps,StepCancelShortDash.bIsStopClearSpeed,true
0690_00,Steps,StepCancelShortDash.StopBrakingDeceleration,10000000
0690_00,Steps,StepCancelShortDash.SpCost,625
0690_00,DragonDash,SpCostIN,425
0690_00,DragonDash,SpCostLP,3332
0690_00,DragonDash,SpCostBK,4420
0690_00,DragonDash,HighSpeedSpCostLP,4410
0690_00,ZBurstDash,SpCostIN,8500
0690_00,ZBurstDash,SpCostLP,9350
0690_00,ZBurstDash,BurstSmashSpCostLP,2975
0690_00,DashUpDown,SpCostUpIN,850
0690_00,DashUpDown,SpCostUpLP,6664
0690_00,DashUpDown,SpCostDownIN,850
0690_00,DashUpDown,SpCostDownLP,6664
0690_00,DragonHoming,SpCostIN,212.5
0690_00,DragonHoming,SpCostLP,2975
0700_00,Character,DestroyedPower,7
0700_00,Character,AbilityFlag.SparkingArmor,false
0700_00,Character,ActionFlag.CannonCombo,true
0700_00,Character,ActionFlag.PowerPress,true
0700_00,Character,ActionFlag.TriAttack,true
0700_00,Character,ActionFlag.AirRush,true
0700_00,Character,ActionFlag.DeltaStorm,true
0700_00,Character,ChaseChangeBlastSlot,EKoratBlastSlotType::BlastSkill1
0700_00,Numeric,Life,40000
0700_00,Numeric,DamageRate,0.98
0700_00,Numeric,InitialSP,30000
0700_00,Numeric,SPAutoRecoverySpeed,1750
0700_00,Numeric,SPAutoRecoverySpeedScaleUnderOneGauge,1.3
0700_00,Numeric,SPChargeSpeed,7
0700_00,Numeric,SPChargeSpeedUnderAutoRecoveryLimit,10.5
0700_00,Numeric,SparkingModeGaugeDecreaseSpeed,2800
0700_00,Numeric,StunReactionRecoverySpeedScale,1.3
0700_00,Numeric,StunReactionInputRecoverySpeedScale,1.3
0700_00,Numeric,LimitBoostRecoverySpeedScale,1.3
0700_00,Numeric,LimitBoostInputRecoverySpeedScale,1.3
0700_00,Numeric,AttackChargeSpeedsBySmashLevel[0],3
0700_00,Numeric,AttackChargeSpeedsBySmashLevel[1],5.4
0700_00,Numeric,AttackChargeSpeedsBySmashLevel[2],7.5
0700_00,Numeric,PursuitBaseLimit,3
0700_00,Numeric,PursuitLimitDragonHoming,0
0700_00,Numeric,PursuitLimitVanishingAttack,0
0700_00,Numeric,PursuitBaseLimitAddAtSparking,2
0700_00,Numeric,PursuitLimitDragonHomingAddAtSparking,0
0700_00,Numeric,PursuitLimitVanishingAttackAddAtSparking,0
0700_00,Numeric,PursuitLimitLightningAttackAddAtSparking,0
0700_00,Numeric,IdealPositionMidAirKick,70
0700_00,Numeric,ReactionSplitHighBorder,0.6
0700_00,Numeric,ReactionSplitMidBorder,0.4
0700_00,Numeric,ReactionSplitLowBorder,0.2
0700_00,Numeric,BulletNum,7
0700_00,Numeric,JumpBulletNum,7
0700_00,Numeric,JumpBulletSetNum,1
0700_00,Numeric,DashBulletNum,5
0700_00,Numeric,RushBulletLimit,7
0700_00,Numeric,SmashBulletLimit,1
0700_00,Numeric,RepelSkillGaugeGainRate,1.1
0700_00,Numeric,AttackBreakSkillGaugeGain,0.15
0700_00,Numeric,FastAvoidSkillGaugeGain,0.05
0700_00,Numeric,ThrowBreakSkillGaugeGain,0.1
0700_00,Numeric,BackAttackedSkillGaugeGain,0.03
0700_00,Numeric,LastOneHPSkillGaugeGain,1
0700_00,Numeric,ImpactStartSkillGaugeGain,1
0700_00,Numeric,RushOffsetSkillGaugeGain,0.05
0700_00,Numeric,CollisionOffsetSkillGaugeGain,0.5
0700_00,Numeric,DragonHomingChangeTrajectorySkillGaugeGain,0.1
0700_00,Numeric,BurstSmashGaugeGain,0.1
0700_00,Numeric,ExParam,20
0700_00,Steps,StepShortDash.AddToSpeedScale,60000
0700_00,Steps,StepShortDash.MaxAcceleration,60000
0700_00,Steps,StepShortDash.BrakingDeceleration,30000
0700_00,Steps,StepShortDash.ElapsedTimeToOT,0.033333
0700_00,Steps,StepShortDash.Duration,0.333333
0700_00,Steps,StepShortDash.CoolTime,0.05
0700_00,Steps,StepShortDash.bIsStopClearSpeed,true
0700_00,Steps,StepShortDash.StopBrakingDeceleration,10000000
0700_00,Steps,StepShortDash.SpCost,2650
0700_00,Steps,StepCancelShortDash.AddToSpeedScale,60000
0700_00,Steps,StepCancelShortDash.MaxAcceleration,60000
0700_00,Steps,StepCancelShortDash.BrakingDeceleration,30000
0700_00,Steps,StepCancelShortDash.ElapsedTimeToOT,0.033333
0700_00,Steps,StepCancelShortDash.Duration,0.333333
0700_00,Steps,StepCancelShortDash.CoolTime,0.416667
0700_00,Steps,StepCancelShortDash.bIsStopClearSpeed,true
0700_00,Steps,StepCancelShortDash.StopBrakingDeceleration,10000000
0700_00,Steps,StepCancelShortDash.SpCost,1325
0700_00,DragonDash,SpCostIN,500
0700_00,DragonDash,SpCostLP,3920
0700_00,DragonDash,SpCostBK,5200
0700_00,DragonDash,HighSpeedSpCostLP,4900
0700_00,ZBurstDash,SpCostIN,10000
0700_00,ZBurstDash,SpCostLP,11000
0700_00,ZBurstDash,BurstSmashSpCostLP,3500
0700_00,DashUpDown,SpCostUpIN,1000
0700_00,DashUpDown,SpCostUpLP,7840
0700_00,DashUpDown,SpCostDownIN,1000
0700_00,DashUpDown,SpCostDownLP,7840
0700_00,DragonHoming,SpCostIN,250
0700_00,DragonHoming,SpCostLP,3500
0700_01,Character,DestroyedPower,8
0700_01,Character,ActionFlag.CannonCombo,true
0700_01,Character,ActionFlag.PowerPress,true
0700_01,Character,ActionFlag.TriAttack,true
0700_01,Character,ActionFlag.AirRush,true
0700_01,Character,ActionFlag.DeltaStorm,true
0700_01,Character,ChaseChangeBlastSlot,EKoratBlastSlotType::BlastSkill2
0700_01,Numeric,Life,45000
0700_01,Numeric,DamageRate,0.96
0700_01,Numeric,InitialSP,40000
0700_01,Numeric,SPAutoRecoverySpeed,1750
0700_01,Numeric,SPAutoRecoverySpeedScaleUnderOneGauge,1.3
0700_01,Numeric,SPChargeSpeed,7
0700_01,Numeric,SPChargeSpeedUnderAutoRecoveryLimit,10.5
0700_01,Numeric,SparkingModeGaugeDecreaseSpeed,2800
0700_01,Numeric,BlastStock,6
0700_01,Numeric,AttackChargeSpeedsBySmashLevel[0],3
0700_01,Numeric,AttackChargeSpeedsBySmashLevel[1],5.4
0700_01,Numeric,AttackChargeSpeedsBySmashLevel[2],7.5
0700_01,Numeric,PursuitBaseLimit,3
0700_01,Numeric,PursuitLimitDragonHoming,0
0700_01,Numeric,PursuitLimitVanishingAttack,0
0700_01,Numeric,PursuitBaseLimitAddAtSparking,3
0700_01,Numeric,PursuitLimitDragonHomingAddAtSparking,0
0700_01,Numeric,PursuitLimitVanishingAttackAddAtSparking,0
0700_01,Numeric,PursuitLimitLightningAttackAddAtSparking,0
0700_01,Numeric,IdealPositionMidAirKick,70
0700_01,Numeric,ReactionSplitHighBorder,0.6
0700_01,Numeric,ReactionSplitMidBorder,0.4
0700_01,Numeric,ReactionSplitLowBorder,0.2
0700_01,Numeric,BulletNum,9
0700_01,Numeric,DashBulletNum,6
0700_01,Numeric,RushBulletLimit,9
0700_01,Numeric,SmashBulletLimit,1
0700_01,Numeric,RepelSkillGaugeGainRate,1.2
0700_01,Numeric,AttackBreakSkillGaugeGain,0.15
0700_01,Numeric,FastAvoidSkillGaugeGain,0.05
0700_01,Numeric,ThrowBreakSkillGaugeGain,0.1
0700_01,Numeric,BackAttackedSkillGaugeGain,0.03
0700_01,Numeric,LastOneHPSkillGaugeGain,1
0700_01,Numeric,ImpactStartSkillGaugeGain,1
0700_01,Numeric,RushOffsetSkillGaugeGain,0.05
0700_01,Numeric,CollisionOffsetSkillGaugeGain,0.5
0700_01,Numeric,DragonHomingChangeTrajectorySkillGaugeGain,0.1
0700_01,Numeric,BurstSmashGaugeGain,0.1
0700_01,Numeric,ExParam,20
0700_01,Steps,StepShortDash.AddToSpeedScale,60000
0700_01,Steps,StepShortDash.MaxAcceleration,60000
0700_01,Steps,StepShortDash.BrakingDeceleration,30000
0700_01,Steps,StepShortDash.ElapsedTimeToOT,0.033333
0700_01,Steps,StepShortDash.Duration,0.333333
0700_01,Steps,StepShortDash.CoolTime,0.05
0700_01,Steps,StepShortDash.bIsStopClearSpeed,true
0700_01,Steps,StepShortDash.StopBrakingDeceleration,10000000
0700_01,Steps,StepShortDash.SpCost,2650
0700_01,Steps,StepCancelShortDash.AddToSpeedScale,60000
0700_01,Steps,StepCancelShortDash.MaxAcceleration,60000
0700_01,Steps,StepCancelShortDash.BrakingDeceleration,30000
0700_01,Steps,StepCancelShortDash.ElapsedTimeToOT,0.033333
0700_01,Steps,StepCancelShortDash.Duration,0.333333
0700_01,Steps,StepCancelShortDash.CoolTime,0.416667
0700_01,Steps,StepCancelShortDash.bIsStopClearSpeed,true
0700_01,Steps,StepCancelShortDash.StopBrakingDeceleration,10000000
0700_01,Steps,StepCancelShortDash.SpCost,1325
0700_01,DragonDash,SpCostIN,500
0700_01,DragonDash,SpCostLP,3920
0700_01,DragonDash,SpCostBK,5200
0700_01,DragonDash,HighSpeedSpCostLP,4900
0700_01,ZBurstDash,SpCostIN,10000
0700_01,ZBurstDash,SpCostLP,11000
0700_01,ZBurstDash,BurstSmashSpCostLP,3500
0700_01,DashUpDown,SpCostUpIN,1000
0700_01,DashUpDown,SpCostUpLP,7840
0700_01,DashUpDown,SpCostDownIN,1000
0700_01,DashUpDown,SpCostDownLP,7840
0700_01,DragonHoming,SpCostIN,250
0700_01,DragonHoming,SpCostLP,3500
0710_00,Character,DestroyedPower,2
0710_00,Character,AbilityFlag.SparkingArmor,false
0710_00,Character,AbilityFlag.AutoReflect,false
0710_00,Character,AbilityFlag.bCanHighSpeedMove,false
0710_00,Character,AbilityFlag.bCanSuperHighSpeedMove,false
0710_00,Character,ActionFlag.PowerPress,true
0710_00,Character,ActionFlag.TriAttack,true
0710_00,Character,ActionFlag.AirRush,true
0710_00,Character,ActionFlag.DeltaStorm,true
0710_00,Character,ChaseChangeBlastSlot,EKoratBlastSlotType::BlastSkill1
0710_00,Numeric,Life,35000
0710_00,Numeric,InitialSP,10000
0710_00,Numeric,SPAutoRecoverySpeed,1750
0710_00,Numeric,SPAutoRecoverySpeedScaleUnderOneGauge,1.3
0710_00,Numeric,SPChargeSpeed,7
0710_00,Numeric,SPChargeSpeedUnderAutoRecoveryLimit,10.5
0710_00,Numeric,SparkingModeGaugeDecreaseSpeed,2800
0710_00,Numeric,BlastStock,4
0710_00,Numeric,InitialBlastStock,2
0710_00,Numeric,AttackChargeSpeedsBySmashLevel[0],3
0710_00,Numeric,AttackChargeSpeedsBySmashLevel[1],5.4
0710_00,Numeric,AttackChargeSpeedsBySmashLevel[2],7.5
0710_00,Numeric,PursuitBaseLimit,1
0710_00,Numeric,PursuitLimitDragonHoming,0
0710_00,Numeric,PursuitLimitVanishingAttack,0
0710_00,Numeric,PursuitBaseLimitAddAtSparking,2
0710_00,Numeric,PursuitLimitDragonHomingAddAtSparking,0
0710_00,Numeric,PursuitLimitVanishingAttackAddAtSparking,0
0710_00,Numeric,PursuitLimitLightningAttackAddAtSparking,0
0710_00,Numeric,IdealPositionMidAirKick,68
0710_00,Numeric,ReactionSplitHighBorder,0.7
0710_00,Numeric,ReactionSplitMidBorder,0.35
0710_00,Numeric,ReactionSplitLowBorder,0.175
0710_00,Numeric,BulletNum,3
0710_00,Numeric,JumpBulletNum,3
0710_00,Numeric,JumpBulletSetNum,1
0710_00,Numeric,DashBulletNum,2
0710_00,Numeric,RushBulletLimit,3
0710_00,Numeric,SmashBulletLimit,1
0710_00,Numeric,RepelSkillGaugeGainRate,1.6
0710_00,Numeric,AttackBreakSkillGaugeGain,0.15
0710_00,Numeric,FastAvoidSkillGaugeGain,0.05
0710_00,Numeric,ThrowBreakSkillGaugeGain,0.1
0710_00,Numeric,BackAttackedSkillGaugeGain,0.03
0710_00,Numeric,LastOneHPSkillGaugeGain,1
0710_00,Numeric,ImpactStartSkillGaugeGain,1
0710_00,Numeric,RushOffsetSkillGaugeGain,0.05
0710_00,Numeric,CollisionOffsetSkillGaugeGain,0.5
0710_00,Numeric,DragonHomingChangeTrajectorySkillGaugeGain,0.1
0710_00,Numeric,BurstSmashGaugeGain,0.1
0710_00,Numeric,ExParam,10
0710_00,Steps,StepShortDash.AddToSpeedScale,60000
0710_00,Steps,StepShortDash.MaxAcceleration,60000
0710_00,Steps,StepShortDash.BrakingDeceleration,30000
0710_00,Steps,StepShortDash.ElapsedTimeToOT,0.033333
0710_00,Steps,StepShortDash.Duration,0.333333
0710_00,Steps,StepShortDash.CoolTime,0.05
0710_00,Steps,StepShortDash.bIsStopClearSpeed,true
0710_00,Steps,StepShortDash.StopBrakingDeceleration,10000000
0710_00,Steps,StepShortDash.SpCost,2650
0710_00,Steps,StepCancelShortDash.AddToSpeedScale,60000
0710_00,Steps,StepCancelShortDash.MaxAcceleration,60000
0710_00,Steps,StepCancelShortDash.BrakingDeceleration,30000
0710_00,Steps,StepCancelShortDash.ElapsedTimeToOT,0.033333
0710_00,Steps,StepCancelShortDash.Duration,0.333333
0710_00,Steps,StepCancelShortDash.CoolTime,0.416667
0710_00,Steps,StepCancelShortDash.bIsStopClearSpeed,true
0710_00,Steps,StepCancelShortDash.StopBrakingDeceleration,10000000
0710_00,Steps,StepCancelShortDash.SpCost,1325
0710_00,DragonDash,SpCostIN,500
0710_00,DragonDash,SpCostLP,3920
0710_00,DragonDash,SpCostBK,5200
0710_00,DragonDash,HighSpeedSpCostLP,4900
0710_00,ZBurstDash,SpCostIN,10000
0710_00,ZBurstDash,SpCostLP,11000
0710_00,ZBurstDash,BurstSmashSpCostLP,3500
0710_00,DashUpDown,SpCostUpIN,1000
0710_00,DashUpDown,SpCostUpLP,7840
0710_00,DashUpDown,SpCostDownIN,1000
0710_00,DashUpDown,SpCostDownLP,7840
0710_00,DragonHoming,SpCostIN,250
0710_00,DragonHoming,SpCostLP,3500
0720_00,Character,DestroyedPower,2
0720_00,Character,AbilityFlag.SparkingArmor,false
0720_00,Character,AbilityFlag.AutoReflect,false
0720_00,Character,AbilityFlag.CannotShoot,true
0720_00,Character,AbilityFlag.CannotShootReplaceAction,actHFN
0720_00,Character,AbilityFlag.bCanFly,false
0720_00,Character,AbilityFlag.bCanHighSpeedMove,false
0720_00,Character,AbilityFlag.bCanSuperHighSpeedMove,false
0720_00,Character,ActionFlag.DawnThrow,true
0720_00,Character,ActionFlag.CannonCombo,true
0720_00,Character,ActionFlag.PowerPress,true
0720_00,Character,ActionFlag.TriAttack,true
0720_00,Character,ActionFlag.AirRush,true
0720_00,Character,ActionFlag.DeltaStorm,true
0720_00,Character,ChaseChangeBlastSlot,EKoratBlastSlotType::BlastSkill1
0720_00,Numeric,Life,30000
0720_00,Numeric,DamageRate,1.1
0720_00,Numeric,SPAutoRecoverySpeed,1500
0720_00,Numeric,SPAutoRecoverySpeedScaleUnderOneGauge,1.3
0720_00,Numeric,SPChargeSpeed,8
0720_00,Numeric,SPChargeSpeedUnderAutoRecoveryLimit,12
0720_00,Numeric,SparkingModeGaugeDecreaseSpeed,2800
0720_00,Numeric,BlastStock,4
0720_00,Numeric,InitialBlastStock,2
0720_00,Numeric,AttackChargeSpeedsBySmashLevel[0],3
0720_00,Numeric,AttackChargeSpeedsBySmashLevel[1],5.4
0720_00,Numeric,AttackChargeSpeedsBySmashLevel[2],7.5
0720_00,Numeric,PursuitBaseLimit,1
0720_00,Numeric,PursuitLimitDragonHoming,0
0720_00,Numeric,PursuitLimitVanishingAttack,0
0720_00,Numeric,PursuitBaseLimitAddAtSparking,1
0720_00,Numeric,PursuitLimitDragonHomingAddAtSparking,0
0720_00,Numeric,PursuitLimitVanishingAttackAddAtSparking,0
0720_00,Numeric,PursuitLimitLightningAttackAddAtSparking,0
0720_00,Numeric,IdealPositionMidAirKick,68
0720_00,Numeric,ReactionSplitHighBorder,0.7
0720_00,Numeric,ReactionSplitMidBorder,0.35
0720_00,Numeric,ReactionSplitLowBorder,0.175
0720_00,Numeric,BulletNum,0
0720_00,Numeric,JumpBulletNum,0
0720_00,Numeric,JumpBulletSetNum,1
0720_00,Numeric,DashBulletNum,0
0720_00,Numeric,RushBulletLimit,0
0720_00,Numeric,SmashBulletLimit,1
0720_00,Numeric,RepelSkillGaugeGainRate,1.6
0720_00,Numeric,AttackBreakSkillGaugeGain,0.15
0720_00,Numeric,FastAvoidSkillGaugeGain,0.05
0720_00,Numeric,ThrowBreakSkillGaugeGain,0.1
0720_00,Numeric,BackAttackedSkillGaugeGain,0.03
0720_00,Numeric,LastOneHPSkillGaugeGain,1
0720_00,Numeric,ImpactStartSkillGaugeGain,1
0720_00,Numeric,RushOffsetSkillGaugeGain,0.05
0720_00,Numeric,CollisionOffsetSkillGaugeGain,0.5
0720_00,Numeric,DragonHomingChangeTrajectorySkillGaugeGain,0.1
0720_00,Numeric,BurstSmashGaugeGain,0.1
0720_00,Numeric,ExParam,10
0720_00,Steps,StepShortDash.AddToSpeedScale,60000
0720_00,Steps,StepShortDash.MaxAcceleration,60000
0720_00,Steps,StepShortDash.BrakingDeceleration,30000
0720_00,Steps,StepShortDash.ElapsedTimeToOT,0.033333
0720_00,Steps,StepShortDash.Duration,0.333333
0720_00,Steps,StepShortDash.CoolTime,0.05
0720_00,Steps,StepShortDash.bIsStopClearSpeed,true
0720_00,Steps,StepShortDash.StopBrakingDeceleration,10000000
0720_00,Steps,StepShortDash.SpCost,2650
0720_00,Steps,StepCancelShortDash.AddToSpeedScale,60000
0720_00,Steps,StepCancelShortDash.MaxAcceleration,60000
0720_00,Steps,StepCancelShortDash.BrakingDeceleration,30000
0720_00,Steps,StepCancelShortDash.ElapsedTimeToOT,0.033333
0720_00,Steps,StepCancelShortDash.Duration,0.333333
0720_00,Steps,StepCancelShortDash.CoolTime,0.416667
0720_00,Steps,StepCancelShortDash.bIsStopClearSpeed,true
0720_00,Steps,StepCancelShortDash.StopBrakingDeceleration,10000000
0720_00,Steps,StepCancelShortDash.SpCost,1325
0720_00,DragonDash,SpCostIN,500
0720_00,DragonDash,SpCostLP,3920
0720_00,DragonDash,SpCostBK,5200
0720_00,DragonDash,HighSpeedSpCostLP,4900
0720_00,ZBurstDash,SpCostIN,10000
0720_00,ZBurstDash,SpCostLP,11000
0720_00,ZBurstDash,BurstSmashSpCostLP,3500
0720_00,DashUpDown,SpCostUpIN,1000
0720_00,DashUpDown,SpCostUpLP,7840
0720_00,DashUpDown,SpCostDownIN,1000
0720_00,DashUpDown,SpCostDownLP,7840
0720_00,DragonHoming,SpCostIN,250
0720_00,DragonHoming,SpCostLP,3500
0730_00,Character,DestroyedPower,2
0730_00,Character,AbilityFlag.SparkingArmor,false
0730_00,Character,AbilityFlag.AutoReflect,false
0730_00,Character,AbilityFlag.bCanFlyMyself,true
0730_00,Character,ActionFlag.DragonTornado,true
0730_00,Character,ActionFlag.HeavyCrash,true
0730_00,Character,ActionFlag.DawnThrow,true
0730_00,Character,ActionFlag.PowerPress,true
0730_00,Character,ActionFlag.TriAttack,true
0730_00,Character,ChaseChangeBlastSlot,EKoratBlastSlotType::BlastSkill1
0730_00,Numeric,Life,30000
0730_00,Numeric,SPAutoRecoverySpeed,1750
0730_00,Numeric,SPAutoRecoverySpeedScaleUnderOneGauge,1.3
0730_00,Numeric,SPChargeSpeed,7
0730_00,Numeric,SPChargeSpeedUnderAutoRecoveryLimit,10.5
0730_00,Numeric,SparkingModeGaugeDecreaseSpeed,2800
0730_00,Numeric,InitialBlastStock,2
0730_00,Numeric,AttackChargeSpeedsBySmashLevel[0],3
0730_00,Numeric,AttackChargeSpeedsBySmashLevel[1],5.4
0730_00,Numeric,AttackChargeSpeedsBySmashLevel[2],7.5
0730_00,Numeric,PursuitBaseLimit,2
0730_00,Numeric,PursuitLimitDragonHoming,0
0730_00,Numeric,PursuitLimitVanishingAttack,0
0730_00,Numeric,PursuitBaseLimitAddAtSparking,1
0730_00,Numeric,PursuitLimitDragonHomingAddAtSparking,0
0730_00,Numeric,PursuitLimitVanishingAttackAddAtSparking,0
0730_00,Numeric,PursuitLimitLightningAttackAddAtSparking,0
0730_00,Numeric,IdealPositionMidAirKick,68
0730_00,Numeric,ReactionSplitHighBorder,0.7
0730_00,Numeric,ReactionSplitMidBorder,0.35
0730_00,Numeric,ReactionSplitLowBorder,0.175
0730_00,Numeric,BulletNum,4
0730_00,Numeric,JumpBulletSetNum,1
0730_00,Numeric,DashBulletNum,3
0730_00,Numeric,RushBulletLimit,4
0730_00,Numeric,SmashBulletLimit,1
0730_00,Numeric,RepelSkillGaugeGainRate,1.6
0730_00,Numeric,AttackBreakSkillGaugeGain,0.15
0730_00,Numeric,FastAvoidSkillGaugeGain,0.05
0730_00,Numeric,ThrowBreakSkillGaugeGain,0.1
0730_00,Numeric,BackAttackedSkillGaugeGain,0.03
0730_00,Numeric,LastOneHPSkillGaugeGain,1
0730_00,Numeric,ImpactStartSkillGaugeGain,1
0730_00,Numeric,RushOffsetSkillGaugeGain,0.05
0730_00,Numeric,CollisionOffsetSkillGaugeGain,0.5
0730_00,Numeric,DragonHomingChangeTrajectorySkillGaugeGain,0.1
0730_00,Numeric,BurstSmashGaugeGain,0.1
0730_00,Numeric,ExParam,20
0730_00,Steps,StepShortDash.AddToSpeedScale,60000
0730_00,Steps,StepShortDash.MaxAcceleration,60000
0730_00,Steps,StepShortDash.BrakingDeceleration,30000
0730_00,Steps,StepShortDash.ElapsedTimeToOT,0.033333
0730_00,Steps,StepShortDash.Duration,0.333333
0730_00,Steps,StepShortDash.CoolTime,0.05
0730_00,Steps,StepShortDash.bIsStopClearSpeed,true
0730_00,Steps,StepShortDash.StopBrakingDeceleration,10000000
0730_00,Steps,StepShortDash.SpCost,2650
0730_00,Steps,StepCancelShortDash.AddToSpeedScale,60000
0730_00,Steps,StepCancelShortDash.MaxAcceleration,60000
0730_00,Steps,StepCancelShortDash.BrakingDeceleration,30000
0730_00,Steps,StepCancelShortDash.ElapsedTimeToOT,0.033333
0730_00,Steps,StepCancelShortDash.Duration,0.333333
0730_00,Steps,StepCancelShortDash.CoolTime,0.416667
0730_00,Steps,StepCancelShortDash.bIsStopClearSpeed,true
0730_00,Steps,StepCancelShortDash.StopBrakingDeceleration,10000000
0730_00,Steps,StepCancelShortDash.SpCost,1325
0730_00,DragonDash,SpCostIN,500
0730_00,DragonDash,SpCostLP,3920
0730_00,DragonDash,SpCostBK,5200
0730_00,DragonDash,HighSpeedSpCostLP,4900
0730_00,ZBurstDash,SpCostIN,10000
0730_00,ZBurstDash,SpCostLP,11000
0730_00,ZBurstDash,BurstSmashSpCostLP,3500
0730_00,DashUpDown,SpCostUpIN,1000
0730_00,DashUpDown,SpCostUpLP,7840
0730_00,DashUpDown,SpCostDownIN,1000
0730_00,DashUpDown,SpCostDownLP,7840
0730_00,DragonHoming,SpCostIN,250
0730_00,DragonHoming,SpCostLP,3500
0760_00,Character,DestroyedPower,2
0760_00,Character,AbilityFlag.SparkingArmor,false
0760_00,Character,AbilityFlag.AutoReflect,false
0760_00,Character,AbilityFlag.bCanHighSpeedMove,false
0760_00,Character,AbilityFlag.bCanSuperHighSpeedMove,false
0760_00,Character,ActionFlag.ThrowEscape,true
0760_00,Character,ActionFlag.SpiralSlash,true
0760_00,Character,ActionFlag.RollingHurricane,true
0760_00,Character,ActionFlag.TriAttack,true
0760_00,Character,ActionFlag.AirRush,true
0760_00,Character,ActionFlag.DeltaStorm,true
0760_00,Character,ActionFlag.SparkingRush,true
0760_00,Character,ChaseChangeBlastSlot,EKoratBlastSlotType::BlastSkill1
0760_00,Numeric,Life,35000
0760_00,Numeric,SPAutoRecoverySpeed,1750
0760_00,Numeric,SPAutoRecoverySpeedScaleUnderOneGauge,1.3
0760_00,Numeric,SPChargeSpeed,7
0760_00,Numeric,SPChargeSpeedUnderAutoRecoveryLimit,10.5
0760_00,Numeric,SparkingModeGaugeDecreaseSpeed,2800
0760_00,Numeric,GuardCrashedByCombativesBlastSpDamageRate,0.75
0760_00,Numeric,StunReactionRecoverySpeedScale,1.3
0760_00,Numeric,StunReactionInputRecoverySpeedScale,1.3
0760_00,Numeric,LimitBoostRecoverySpeedScale,1.3
0760_00,Numeric,LimitBoostInputRecoverySpeedScale,1.3
0760_00,Numeric,BlastStock,4
0760_00,Numeric,InitialBlastStock,1
0760_00,Numeric,AttackChargeSpeedsBySmashLevel[0],3
0760_00,Numeric,AttackChargeSpeedsBySmashLevel[1],5.4
0760_00,Numeric,AttackChargeSpeedsBySmashLevel[2],7.5
0760_00,Numeric,PursuitBaseLimit,2
0760_00,Numeric,PursuitLimitDragonHoming,0
0760_00,Numeric,PursuitLimitVanishingAttack,0
0760_00,Numeric,PursuitBaseLimitAddAtSparking,1
0760_00,Numeric,PursuitLimitDragonHomingAddAtSparking,0
0760_00,Numeric,PursuitLimitVanishingAttackAddAtSparking,0
0760_00,Numeric,PursuitLimitLightningAttackAddAtSparking,0
0760_00,Numeric,IdealPositionMidAirKick,80
0760_00,Numeric,ReactionSplitHighBorder,0.6
0760_00,Numeric,ReactionSplitMidBorder,0.4
0760_00,Numeric,ReactionSplitLowBorder,0.2
0760_00,Numeric,BulletNum,1
0760_00,Numeric,JumpBulletNum,1
0760_00,Numeric,JumpBulletSetNum,1
0760_00,Numeric,DashBulletNum,1
0760_00,Numeric,RushBulletLimit,1
0760_00,Numeric,SmashBulletLimit,1
0760_00,Numeric,RepelSkillGaugeGainRate,1.6
0760_00,Numeric,AttackBreakSkillGaugeGain,0.15
0760_00,Numeric,FastAvoidSkillGaugeGain,0.05
0760_00,Numeric,ThrowBreakSkillGaugeGain,0.1
0760_00,Numeric,BackAttackedSkillGaugeGain,0.03
0760_00,Numeric,LastOneHPSkillGaugeGain,1
0760_00,Numeric,ImpactStartSkillGaugeGain,1
0760_00,Numeric,RushOffsetSkillGaugeGain,0.05
0760_00,Numeric,CollisionOffsetSkillGaugeGain,0.5
0760_00,Numeric,DragonHomingChangeTrajectorySkillGaugeGain,0.1
0760_00,Numeric,BurstSmashGaugeGain,0.1
0760_00,Numeric,ExParam,14
0760_00,Steps,StepShortDash.AddToSpeedScale,60000
0760_00,Steps,StepShortDash.MaxAcceleration,50000
0760_00,Steps,StepShortDash.BrakingDeceleration,20000
0760_00,Steps,StepShortDash.ElapsedTimeToOT,0.033333
0760_00,Steps,StepShortDash.Duration,0.333333
0760_00,Steps,StepShortDash.CoolTime,0.05
0760_00,Steps,StepShortDash.bIsStopClearSpeed,true
0760_00,Steps,StepShortDash.StopBrakingDeceleration,10000000
0760_00,Steps,StepShortDash.SpCost,3850
0760_00,Steps,StepCancelShortDash.AddToSpeedScale,60000
0760_00,Steps,StepCancelShortDash.MaxAcceleration,50000
0760_00,Steps,StepCancelShortDash.BrakingDeceleration,20000
0760_00,Steps,StepCancelShortDash.ElapsedTimeToOT,0.033333
0760_00,Steps,StepCancelShortDash.Duration,0.333333
0760_00,Steps,StepCancelShortDash.CoolTime,0.416667
0760_00,Steps,StepCancelShortDash.bIsStopClearSpeed,true
0760_00,Steps,StepCancelShortDash.StopBrakingDeceleration,10000000
0760_00,Steps,StepCancelShortDash.SpCost,1925
0760_00,DragonDash,SpCostIN,500
0760_00,DragonDash,SpCostLP,3920
0760_00,DragonDash,SpCostBK,5200
0760_00,DragonDash,HighSpeedSpCostLP,4900
0760_00,ZBurstDash,SpCostIN,10000
0760_00,ZBurstDash,SpCostLP,11000
0760_00,ZBurstDash,BurstSmashSpCostLP,3500
0760_00,DashUpDown,SpCostUpIN,1000
0760_00,DashUpDown,SpCostUpLP,7840
0760_00,DashUpDown,SpCostDownIN,1000
0760_00,DashUpDown,SpCostDownLP,7840
0760_00,DragonHoming,SpCostIN,250
0760_00,DragonHoming,SpCostLP,3500
0780_00,Character,DestroyedPower,10
0780_00,Character,AbilityFlag.SparkingArmor,false
0780_00,Character,ActionFlag.PowerPress,true
0780_00,Character,ActionFlag.TriAttack,true
0780_00,Character,ChaseChangeBlastSlot,EKoratBlastSlotType::BlastSkill1
0780_00,Numeric,Life,45000
0780_00,Numeric,DamageRate,0.95
0780_00,Numeric,SPAutoRecoverySpeed,2000
0780_00,Numeric,SPAutoRecoverySpeedScaleUnderOneGauge,1.3
0780_00,Numeric,SPChargeSpeed,6
0780_00,Numeric,SPChargeSpeedUnderAutoRecoveryLimit,9
0780_00,Numeric,SparkingModeGaugeDecreaseSpeed,2800
0780_00,Numeric,BlastStock,6
0780_00,Numeric,AttackChargeSpeedsBySmashLevel[0],3
0780_00,Numeric,AttackChargeSpeedsBySmashLevel[1],5.4
0780_00,Numeric,AttackChargeSpeedsBySmashLevel[2],7.5
0780_00,Numeric,PursuitBaseLimit,4
0780_00,Numeric,PursuitLimitDragonHoming,0
0780_00,Numeric,PursuitLimitVanishingAttack,0
0780_00,Numeric,PursuitBaseLimitAddAtSparking,2
0780_00,Numeric,PursuitLimitDragonHomingAddAtSparking,0
0780_00,Numeric,PursuitLimitVanishingAttackAddAtSparking,0
0780_00,Numeric,PursuitLimitLightningAttackAddAtSparking,0
0780_00,Numeric,IdealPositionMidAirKick,68
0780_00,Numeric,ReactionSplitHighBorder,0.7
0780_00,Numeric,ReactionSplitMidBorder,0.35
0780_00,Numeric,ReactionSplitLowBorder,0.175
0780_00,Numeric,BulletNum,17
0780_00,Numeric,DashBulletNum,6
0780_00,Numeric,RushBulletLimit,17
0780_00,Numeric,SmashBulletLimit,1
0780_00,Numeric,RepelSkillGaugeGainRate,1.2
0780_00,Numeric,AttackBreakSkillGaugeGain,0.15
0780_00,Numeric,FastAvoidSkillGaugeGain,0.05
0780_00,Numeric,ThrowBreakSkillGaugeGain,0.1
0780_00,Numeric,BackAttackedSkillGaugeGain,0.03
0780_00,Numeric,LastOneHPSkillGaugeGain,1
0780_00,Numeric,ImpactStartSkillGaugeGain,1
0780_00,Numeric,RushOffsetSkillGaugeGain,0.05
0780_00,Numeric,CollisionOffsetSkillGaugeGain,0.5
0780_00,Numeric,DragonHomingChangeTrajectorySkillGaugeGain,0.1
0780_00,Numeric,BurstSmashGaugeGain,0.1
0780_00,Numeric,AuraType,EKoratBattleAuraType::God
0780_00,Steps,StepShortDash.AddToSpeedScale,60000
0780_00,Steps,StepShortDash.MaxAcceleration,60000
0780_00,Steps,StepShortDash.BrakingDeceleration,30000
0780_00,Steps,StepShortDash.ElapsedTimeToOT,0.033333
0780_00,Steps,StepShortDash.Duration,0.333333
0780_00,Steps,StepShortDash.CoolTime,0.05
0780_00,Steps,StepShortDash.bIsStopClearSpeed,true
0780_00,Steps,StepShortDash.StopBrakingDeceleration,10000000
0780_00,Steps,StepShortDash.SpCost,2650
0780_00,Steps,StepCancelShortDash.AddToSpeedScale,60000
0780_00,Steps,StepCancelShortDash.MaxAcceleration,60000
0780_00,Steps,StepCancelShortDash.BrakingDeceleration,30000
0780_00,Steps,StepCancelShortDash.ElapsedTimeToOT,0.033333
0780_00,Steps,StepCancelShortDash.Duration,0.333333
0780_00,Steps,StepCancelShortDash.CoolTime,0.416667
0780_00,Steps,StepCancelShortDash.bIsStopClearSpeed,true
0780_00,Steps,StepCancelShortDash.StopBrakingDeceleration,10000000
0780_00,Steps,StepCancelShortDash.SpCost,1325
0780_00,DragonDash,SpCostIN,500
0780_00,DragonDash,SpCostLP,3920
0780_00,DragonDash,SpCostBK,5200
0780_00,DragonDash,HighSpeedSpCostLP,4900
0780_00,ZBurstDash,SpCostIN,10000
0780_00,ZBurstDash,SpCostLP,11000
0780_00,ZBurstDash,BurstSmashSpCostLP,3500
0780_00,DashUpDown,SpCostUpIN,1000
0780_00,DashUpDown,SpCostUpLP,7840
0780_00,DashUpDown,SpCostDownIN,1000
0780_00,DashUpDown,SpCostDownLP,7840
0780_00,DragonHoming,SpCostIN,250
0780_00,DragonHoming,SpCostLP,3500
0790_00,Character,DestroyedPower,10
0790_00,Character,AbilityFlag.SparkingArmor,false
0790_00,Character,AbilityFlag.bCanSelfishness,true
0790_00,Character,ActionFlag.PowerPress,true
0790_00,Character,ActionFlag.TriAttack,true
0790_00,Character,ActionFlag.AirRush,true
0790_00,Character,ChaseChangeBlastSlot,EKoratBlastSlotType::BlastSkill1
0790_00,Numeric,Life,45000
0790_00,Numeric,DamageRate,0.95
0790_00,Numeric,InitialSP,30000
0790_00,Numeric,SPAutoRecoverySpeed,2250
0790_00,Numeric,SPAutoRecoverySpeedScaleUnderOneGauge,1.3
0790_00,Numeric,SPChargeSpeed,5.5
0790_00,Numeric,SPChargeSpeedUnderAutoRecoveryLimit,8.25
0790_00,Numeric,SparkingModeGaugeDecreaseSpeed,2800
0790_00,Numeric,SelfishnessSPCost,0
0790_00,Numeric,SelfishnessSPCostByEnergyBullet,0
0790_00,Numeric,BlastStock,6
0790_00,Numeric,AttackChargeSpeedsBySmashLevel[0],3
0790_00,Numeric,AttackChargeSpeedsBySmashLevel[1],5.4
0790_00,Numeric,AttackChargeSpeedsBySmashLevel[2],7.5
0790_00,Numeric,PursuitBaseLimit,4
0790_00,Numeric,PursuitLimitDragonHoming,0
0790_00,Numeric,PursuitLimitVanishingAttack,0
0790_00,Numeric,PursuitBaseLimitAddAtSparking,2
0790_00,Numeric,PursuitLimitDragonHomingAddAtSparking,0
0790_00,Numeric,PursuitLimitVanishingAttackAddAtSparking,0
0790_00,Numeric,PursuitLimitLightningAttackAddAtSparking,0
0790_00,Numeric,IdealPositionMidAirKick,72
0790_00,Numeric,ReactionSplitHighBorder,0.6
0790_00,Numeric,ReactionSplitMidBorder,0.4
0790_00,Numeric,ReactionSplitLowBorder,0.2
0790_00,Numeric,BulletNum,18
0790_00,Numeric,DashBulletNum,6
0790_00,Numeric,RushBulletLimit,18
0790_00,Numeric,SmashBulletLimit,1
0790_00,Numeric,RepelSkillGaugeGainRate,1.2
0790_00,Numeric,AttackBreakSkillGaugeGain,0.15
0790_00,Numeric,FastAvoidSkillGaugeGain,0.05
0790_00,Numeric,ThrowBreakSkillGaugeGain,0.1
0790_00,Numeric,BackAttackedSkillGaugeGain,0.03
0790_00,Numeric,LastOneHPSkillGaugeGain,1
0790_00,Numeric,ImpactStartSkillGaugeGain,1
0790_00,Numeric,RushOffsetSkillGaugeGain,0.05
0790_00,Numeric,CollisionOffsetSkillGaugeGain,0.5
0790_00,Numeric,DragonHomingChangeTrajectorySkillGaugeGain,0.1
0790_00,Numeric,BurstSmashGaugeGain,0.1
0790_00,Numeric,AuraType,EKoratBattleAuraType::God
0790_00,Steps,StepShortDash.AddToSpeedScale,60000
0790_00,Steps,StepShortDash.MaxAcceleration,60000
0790_00,Steps,StepShortDash.BrakingDeceleration,30000
0790_00,Steps,StepShortDash.ElapsedTimeToOT,0.033333
0790_00,Steps,StepShortDash.Duration,0.333333
0790_00,Steps,StepShortDash.CoolTime,0.05
0790_00,Steps,StepShortDash.bIsStopClearSpeed,true
0790_00,Steps,StepShortDash.StopBrakingDeceleration,10000000
0790_00,Steps,StepShortDash.SpCost,2650
0790_00,Steps,StepCancelShortDash.AddToSpeedScale,60000
0790_00,Steps,StepCancelShortDash.MaxAcceleration,60000
0790_00,Steps,StepCancelShortDash.BrakingDeceleration,30000
0790_00,Steps,StepCancelShortDash.ElapsedTimeToOT,0.033333
0790_00,Steps,StepCancelShortDash.Duration,0.333333
0790_00,Steps,StepCancelShortDash.CoolTime,0.416667
0790_00,Steps,StepCancelShortDash.bIsStopClearSpeed,true
0790_00,Steps,StepCancelShortDash.StopBrakingDeceleration,10000000
0790_00,Steps,StepCancelShortDash.SpCost,1325
0790_00,DragonDash,SpCostIN,500
0790_00,DragonDash,SpCostLP,3920
0790_00,DragonDash,SpCostBK,5200
0790_00,DragonDash,HighSpeedSpCostLP,4900
0790_00,ZBurstDash,SpCostIN,10000
0790_00,ZBurstDash,SpCostLP,11000
0790_00,ZBurstDash,BurstSmashSpCostLP,3500
0790_00,DashUpDown,SpCostUpIN,1000
0790_00,DashUpDown,SpCostUpLP,7840
0790_00,DashUpDown,SpCostDownIN,1000
0790_00,DashUpDown,SpCostDownLP,7840
0790_00,DragonHoming,SpCostIN,250
0790_00,DragonHoming,SpCostLP,3500
0800_00,Character,AbilityFlag.SparkingArmor,false
0800_00,Character,AbilityFlag.AutoReflect,false
0800_00,Character,AbilityFlag.bCanHighSpeedMove,false
0800_00,Character,AbilityFlag.bCanSuperHighSpeedMove,false
0800_00,Character,ActionFlag.PowerPress,true
0800_00,Character,ActionFlag.TriAttack,true
0800_00,Character,ChaseChangeBlastSlot,EKoratBlastSlotType::BlastSkill1
0800_00,Character,HPTriggerBuff[0].TriggerHP,10000
0800_00,Numeric,Life,40000
0800_00,Numeric,SPAutoRecoverySpeed,1750
0800_00,Numeric,SPAutoRecoverySpeedScaleUnderOneGauge,1.3
0800_00,Numeric,SPChargeSpeed,7
0800_00,Numeric,SPChargeSpeedUnderAutoRecoveryLimit,10.5
0800_00,Numeric,SparkingModeGaugeDecreaseSpeed,2800
0800_00,Numeric,BlastStock,6
0800_00,Numeric,AttackChargeSpeedsBySmashLevel[0],3
0800_00,Numeric,AttackChargeSpeedsBySmashLevel[1],5.4
0800_00,Numeric,AttackChargeSpeedsBySmashLevel[2],7.5
0800_00,Numeric,PursuitBaseLimit,2
0800_00,Numeric,PursuitLimitDragonHoming,0
0800_00,Numeric,PursuitLimitVanishingAttack,0
0800_00,Numeric,PursuitBaseLimitAddAtSparking,2
0800_00,Numeric,PursuitLimitDragonHomingAddAtSparking,0
0800_00,Numeric,PursuitLimitVanishingAttackAddAtSparking,0
0800_00,Numeric,PursuitLimitLightningAttackAddAtSparking,0
0800_00,Numeric,IdealPositionMidAirKick,68
0800_00,Numeric,ReactionSplitHighBorder,0.7
0800_00,Numeric,ReactionSplitMidBorder,0.35
0800_00,Numeric,ReactionSplitLowBorder,0.175
0800_00,Numeric,BulletNum,7
0800_00,Numeric,JumpBulletNum,7
0800_00,Numeric,JumpBulletSetNum,1
0800_00,Numeric,RushBulletLimit,7
0800_00,Numeric,SmashBulletLimit,1
0800_00,Numeric,RepelSkillGaugeGainRate,1.2
0800_00,Numeric,AttackBreakSkillGaugeGain,0.15
0800_00,Numeric,FastAvoidSkillGaugeGain,0.05
0800_00,Numeric,ThrowBreakSkillGaugeGain,0.1
0800_00,Numeric,BackAttackedSkillGaugeGain,0.03
0800_00,Numeric,LastOneHPSkillGaugeGain,1
0800_00,Numeric,ImpactStartSkillGaugeGain,1
0800_00,Numeric,RushOffsetSkillGaugeGain,0.05
0800_00,Numeric,CollisionOffsetSkillGaugeGain,0.5
0800_00,Numeric,DragonHomingChangeTrajectorySkillGaugeGain,0.1
0800_00,Numeric,BurstSmashGaugeGain,0.1
0800_00,Numeric,ExParam,16
0800_00,Steps,StepShortDash.AddToSpeedScale,60000
0800_00,Steps,StepShortDash.MaxAcceleration,60000
0800_00,Steps,StepShortDash.BrakingDeceleration,30000
0800_00,Steps,StepShortDash.ElapsedTimeToOT,0.033333
0800_00,Steps,StepShortDash.Duration,0.333333
0800_00,Steps,StepShortDash.CoolTime,0.05
0800_00,Steps,StepShortDash.bIsStopClearSpeed,true
0800_00,Steps,StepShortDash.StopBrakingDeceleration,10000000
0800_00,Steps,StepShortDash.SpCost,2650
0800_00,Steps,StepCancelShortDash.AddToSpeedScale,60000
0800_00,Steps,StepCancelShortDash.MaxAcceleration,60000
0800_00,Steps,StepCancelShortDash.BrakingDeceleration,30000
0800_00,Steps,StepCancelShortDash.ElapsedTimeToOT,0.033333
0800_00,Steps,StepCancelShortDash.Duration,0.333333
0800_00,Steps,StepCancelShortDash.CoolTime,0.416667
0800_00,Steps,StepCancelShortDash.bIsStopClearSpeed,true
0800_00,Steps,StepCancelShortDash.StopBrakingDeceleration,10000000
0800_00,Steps,StepCancelShortDash.SpCost,1325
0800_00,DragonDash,SpCostIN,500
0800_00,DragonDash,SpCostLP,3920
0800_00,DragonDash,SpCostBK,5200
0800_00,DragonDash,HighSpeedSpCostLP,4900
0800_00,ZBurstDash,SpCostIN,10000
0800_00,ZBurstDash,SpCostLP,11000
0800_00,ZBurstDash,BurstSmashSpCostLP,3500
0800_00,DashUpDown,SpCostUpIN,1000
0800_00,DashUpDown,SpCostUpLP,7840
0800_00,DashUpDown,SpCostDownIN,1000
0800_00,DashUpDown,SpCostDownLP,7840
0800_00,DragonHoming,SpCostIN,250
0800_00,DragonHoming,SpCostLP,3500
0800_01,Character,DestroyedPower,8
0800_01,Character,AbilityFlag.SparkingArmor,false
0800_01,Character,ActionFlag.CannonCombo,true
0800_01,Character,ActionFlag.PowerPress,true
0800_01,Character,ActionFlag.TriAttack,true
0800_01,Character,ChaseChangeBlastSlot,EKoratBlastSlotType::BlastSkill1
0800_01,Character,HPTriggerBuff[0].TriggerHP,10000
0800_01,Numeric,Life,40000
0800_01,Numeric,SPAutoRecoverySpeed,1500
0800_01,Numeric,SPAutoRecoverySpeedScaleUnderOneGauge,1.3
0800_01,Numeric,SPChargeSpeed,8
0800_01,Numeric,SPChargeSpeedUnderAutoRecoveryLimit,12
0800_01,Numeric,SparkingModeGaugeDecreaseSpeed,2800
0800_01,Numeric,BlastStock,6
0800_01,Numeric,AttackChargeSpeedsBySmashLevel[0],3
0800_01,Numeric,AttackChargeSpeedsBySmashLevel[1],5.4
0800_01,Numeric,AttackChargeSpeedsBySmashLevel[2],7.5
0800_01,Numeric,PursuitBaseLimit,3
0800_01,Numeric,PursuitLimitDragonHoming,0
0800_01,Numeric,PursuitLimitVanishingAttack,0
0800_01,Numeric,PursuitBaseLimitAddAtSparking,2
0800_01,Numeric,PursuitLimitDragonHomingAddAtSparking,0
0800_01,Numeric,PursuitLimitVanishingAttackAddAtSparking,0
0800_01,Numeric,PursuitLimitLightningAttackAddAtSparking,0
0800_01,Numeric,IdealPositionMidAirKick,68
0800_01,Numeric,ReactionSplitHighBorder,0.7
0800_01,Numeric,ReactionSplitMidBorder,0.35
0800_01,Numeric,ReactionSplitLowBorder,0.175
0800_01,Numeric,BulletNum,9
0800_01,Numeric,DashBulletNum,6
0800_01,Numeric,RushBulletLimit,9
0800_01,Numeric,SmashBulletLimit,1
0800_01,Numeric,RepelSkillGaugeGainRate,1.2
0800_01,Numeric,AttackBreakSkillGaugeGain,0.15
0800_01,Numeric,FastAvoidSkillGaugeGain,0.05
0800_01,Numeric,ThrowBreakSkillGaugeGain,0.1
0800_01,Numeric,BackAttackedSkillGaugeGain,0.03
0800_01,Numeric,LastOneHPSkillGaugeGain,1
0800_01,Numeric,ImpactStartSkillGaugeGain,1
0800_01,Numeric,RushOffsetSkillGaugeGain,0.05
0800_01,Numeric,CollisionOffsetSkillGaugeGain,0.5
0800_01,Numeric,DragonHomingChangeTrajectorySkillGaugeGain,0.1
0800_01,Numeric,BurstSmashGaugeGain,0.1
0800_01,Numeric,ExParam,17
0800_01,Numeric,AuraType,EKoratBattleAuraType::God
0800_01,Steps,StepShortDash.AddToSpeedScale,60000
0800_01,Steps,StepShortDash.MaxAcceleration,60000
0800_01,Steps,StepShortDash.BrakingDeceleration,30000
0800_01,Steps,StepShortDash.ElapsedTimeToOT,0.033333
0800_01,Steps,StepShortDash.Duration,0.333333
0800_01,Steps,StepShortDash.CoolTime,0.05
0800_01,Steps,StepShortDash.bIsStopClearSpeed,true
0800_01,Steps,StepShortDash.StopBrakingDeceleration,10000000
0800_01,Steps,StepShortDash.SpCost,2650
0800_01,Steps,StepCancelShortDash.AddToSpeedScale,60000
0800_01,Steps,StepCancelShortDash.MaxAcceleration,60000
0800_01,Steps,StepCancelShortDash.BrakingDeceleration,30000
0800_01,Steps,StepCancelShortDash.ElapsedTimeToOT,0.033333
0800_01,Steps,StepCancelShortDash.Duration,0.333333
0800_01,Steps,StepCancelShortDash.CoolTime,0.416667
0800_01,Steps,StepCancelShortDash.bIsStopClearSpeed,true
0800_01,Steps,StepCancelShortDash.StopBrakingDeceleration,10000000
0800_01,Steps,StepCancelShortDash.SpCost,1325
0800_01,DragonDash,SpCostIN,500
0800_01,DragonDash,SpCostLP,3920
0800_01,DragonDash,SpCostBK,5200
0800_01,DragonDash,HighSpeedSpCostLP,4900
0800_01,ZBurstDash,SpCostIN,10000
0800_01,ZBurstDash,SpCostLP,11000
0800_01,ZBurstDash,BurstSmashSpCostLP,3500
0800_01,DashUpDown,SpCostUpIN,1000
0800_01,DashUpDown,SpCostUpLP,7840
0800_01,DashUpDown,SpCostDownIN,1000
0800_01,DashUpDown,SpCostDownLP,7840
0800_01,DragonHoming,SpCostIN,250
0800_01,DragonHoming,SpCostLP,3500
0810_00,Character,AbilityFlag.SparkingArmor,false
0810_00,Character,AbilityFlag.AutoReflect,false
0810_00,Character,AbilityFlag.bCanHighSpeedMove,false
0810_00,Character,AbilityFlag.bCanSuperHighSpeedMove,false
0810_00,Character,ActionFlag.HeavyCrash,true
0810_00,Character,ActionFlag.CannonCombo,true
0810_00,Character,ActionFlag.PowerPress,true
0810_00,Character,ActionFlag.AirRush,true
0810_00,Character,ChaseChangeBlastSlot,EKoratBlastSlotType::BlastSkill1
0810_00,Numeric,Life,40000
0810_00,Numeric,InitialSP,10000
0810_00,Numeric,SPAutoRecoverySpeed,1750
0810_00,Numeric,SPAutoRecoverySpeedScaleUnderOneGauge,1.3
0810_00,Numeric,SPChargeSpeed,7
0810_00,Numeric,SPChargeSpeedUnderAutoRecoveryLimit,10.5
0810_00,Numeric,SparkingModeGaugeDecreaseSpeed,2800
0810_00,Numeric,AttackChargeSpeedsBySmashLevel[0],3
0810_00,Numeric,AttackChargeSpeedsBySmashLevel[1],5.4
0810_00,Numeric,AttackChargeSpeedsBySmashLevel[2],7.5
0810_00,Numeric,PursuitBaseLimit,2
0810_00,Numeric,PursuitLimitDragonHoming,0
0810_00,Numeric,PursuitLimitVanishingAttack,0
0810_00,Numeric,PursuitBaseLimitAddAtSparking,2
0810_00,Numeric,PursuitLimitDragonHomingAddAtSparking,0
0810_00,Numeric,PursuitLimitVanishingAttackAddAtSparking,0
0810_00,Numeric,PursuitLimitLightningAttackAddAtSparking,0
0810_00,Numeric,IdealPositionMidAirKick,68
0810_00,Numeric,ReactionSplitHighBorder,0.7
0810_00,Numeric,ReactionSplitMidBorder,0.35
0810_00,Numeric,ReactionSplitLowBorder,0.175
0810_00,Numeric,BulletNum,7
0810_00,Numeric,JumpBulletNum,3
0810_00,Numeric,RushBulletLimit,7
0810_00,Numeric,SmashBulletLimit,1
0810_00,Numeric,RepelSkillGaugeGainRate,1.1
0810_00,Numeric,AttackBreakSkillGaugeGain,0.15
0810_00,Numeric,FastAvoidSkillGaugeGain,0.05
0810_00,Numeric,ThrowBreakSkillGaugeGain,0.1
0810_00,Numeric,BackAttackedSkillGaugeGain,0.03
0810_00,Numeric,LastOneHPSkillGaugeGain,1
0810_00,Numeric,ImpactStartSkillGaugeGain,1
0810_00,Numeric,RushOffsetSkillGaugeGain,0.05
0810_00,Numeric,CollisionOffsetSkillGaugeGain,0.5
0810_00,Numeric,DragonHomingChangeTrajectorySkillGaugeGain,0.1
0810_00,Numeric,BurstSmashGaugeGain,0.1
0810_00,Numeric,ExParam,16
0810_00,Numeric,AuraType,EKoratBattleAuraType::God
0810_00,Steps,StepShortDash.AddToSpeedScale,60000
0810_00,Steps,StepShortDash.MaxAcceleration,60000
0810_00,Steps,StepShortDash.BrakingDeceleration,30000
0810_00,Steps,StepShortDash.ElapsedTimeToOT,0.033333
0810_00,Steps,StepShortDash.Duration,0.333333
0810_00,Steps,StepShortDash.CoolTime,0.05
0810_00,Steps,StepShortDash.bIsStopClearSpeed,true
0810_00,Steps,StepShortDash.StopBrakingDeceleration,10000000
0810_00,Steps,StepShortDash.SpCost,2650
0810_00,Steps,StepCancelShortDash.AddToSpeedScale,60000
0810_00,Steps,StepCancelShortDash.MaxAcceleration,60000
0810_00,Steps,StepCancelShortDash.BrakingDeceleration,30000
0810_00,Steps,StepCancelShortDash.ElapsedTimeToOT,0.033333
0810_00,Steps,StepCancelShortDash.Duration,0.333333
0810_00,Steps,StepCancelShortDash.CoolTime,0.416667
0810_00,Steps,StepCancelShortDash.bIsStopClearSpeed,true
0810_00,Steps,StepCancelShortDash.StopBrakingDeceleration,10000000
0810_00,Steps,StepCancelShortDash.SpCost,1325
0810_00,DragonDash,SpCostIN,500
0810_00,DragonDash,SpCostLP,3920
0810_00,DragonDash,SpCostBK,5200
0810_00,DragonDash,HighSpeedSpCostLP,4900
0810_00,ZBurstDash,SpCostIN,10000
0810_00,ZBurstDash,SpCostLP,11000
0810_00,ZBurstDash,BurstSmashSpCostLP,3500
0810_00,DashUpDown,SpCostUpIN,1000
0810_00,DashUpDown,SpCostUpLP,7840
0810_00,DashUpDown,SpCostDownIN,1000
0810_00,DashUpDown,SpCostDownLP,7840
0810_00,DragonHoming,SpCostIN,250
0810_00,DragonHoming,SpCostLP,3500
0810_01,Character,DestroyedPower,8
0810_01,Character,AbilityFlag.SparkingArmor,false
0810_01,Character,ActionFlag.PowerPress,true
0810_01,Character,ActionFlag.AirRush,true
0810_01,Character,ChaseChangeBlastSlot,EKoratBlastSlotType::BlastSkill1
0810_01,Numeric,Life,45000
0810_01,Numeric,SPAutoRecoverySpeed,1750
0810_01,Numeric,SPAutoRecoverySpeedScaleUnderOneGauge,1.3
0810_01,Numeric,SPChargeSpeed,7
0810_01,Numeric,SPChargeSpeedUnderAutoRecoveryLimit,10.5
0810_01,Numeric,SparkingModeGaugeDecreaseSpeed,2800
0810_01,Numeric,AttackChargeSpeedsBySmashLevel[0],3
0810_01,Numeric,AttackChargeSpeedsBySmashLevel[1],5.4
0810_01,Numeric,AttackChargeSpeedsBySmashLevel[2],7.5
0810_01,Numeric,PursuitBaseLimit,3
0810_01,Numeric,PursuitLimitDragonHoming,0
0810_01,Numeric,PursuitLimitVanishingAttack,0
0810_01,Numeric,PursuitBaseLimitAddAtSparking,2
0810_01,Numeric,PursuitLimitDragonHomingAddAtSparking,0
0810_01,Numeric,PursuitLimitVanishingAttackAddAtSparking,0
0810_01,Numeric,PursuitLimitLightningAttackAddAtSparking,0
0810_01,Numeric,IdealPositionMidAirKick,68
0810_01,Numeric,ReactionSplitHighBorder,0.7
0810_01,Numeric,ReactionSplitMidBorder,0.35
0810_01,Numeric,ReactionSplitLowBorder,0.175
0810_01,Numeric,BulletNum,15
0810_01,Numeric,DashBulletNum,6
0810_01,Numeric,RushBulletLimit,15
0810_01,Numeric,SmashBulletLimit,1
0810_01,Numeric,RepelSkillGaugeGainRate,1.1
0810_01,Numeric,AttackBreakSkillGaugeGain,0.15
0810_01,Numeric,FastAvoidSkillGaugeGain,0.05
0810_01,Numeric,ThrowBreakSkillGaugeGain,0.1
0810_01,Numeric,BackAttackedSkillGaugeGain,0.03
0810_01,Numeric,LastOneHPSkillGaugeGain,1
0810_01,Numeric,ImpactStartSkillGaugeGain,1
0810_01,Numeric,RushOffsetSkillGaugeGain,0.05
0810_01,Numeric,CollisionOffsetSkillGaugeGain,0.5
0810_01,Numeric,DragonHomingChangeTrajectorySkillGaugeGain,0.1
0810_01,Numeric,BurstSmashGaugeGain,0.1
0810_01,Numeric,ExParam,18
0810_01,Numeric,AuraType,EKoratBattleAuraType::God
0810_01,Steps,StepShortDash.AddToSpeedScale,60000
0810_01,Steps,StepShortDash.MaxAcceleration,60000
0810_01,Steps,StepShortDash.BrakingDeceleration,30000
0810_01,Steps,StepShortDash.ElapsedTimeToOT,0.033333
0810_01,Steps,StepShortDash.Duration,0.333333
0810_01,Steps,StepShortDash.CoolTime,0.05
0810_01,Steps,StepShortDash.bIsStopClearSpeed,true
0810_01,Steps,StepShortDash.StopBrakingDeceleration,10000000
0810_01,Steps,StepShortDash.SpCost,2650
0810_01,Steps,StepCancelShortDash.AddToSpeedScale,60000
0810_01,Steps,StepCancelShortDash.MaxAcceleration,60000
0810_01,Steps,StepCancelShortDash.BrakingDeceleration,30000
0810_01,Steps,StepCancelShortDash.ElapsedTimeToOT,0.033333
0810_01,Steps,StepCancelShortDash.Duration,0.333333
0810_01,Steps,StepCancelShortDash.CoolTime,0.416667
0810_01,Steps,StepCancelShortDash.bIsStopClearSpeed,true
0810_01,Steps,StepCancelShortDash.StopBrakingDeceleration,10000000
0810_01,Steps,StepCancelShortDash.SpCost,1325
0810_01,DragonDash,SpCostIN,500
0810_01,DragonDash,SpCostLP,3920
0810_01,DragonDash,SpCostBK,5200
0810_01,DragonDash,HighSpeedSpCostLP,4900
0810_01,ZBurstDash,SpCostIN,10000
0810_01,ZBurstDash,SpCostLP,11000
0810_01,ZBurstDash,BurstSmashSpCostLP,3500
0810_01,DashUpDown,SpCostUpIN,1000
0810_01,DashUpDown,SpCostUpLP,7840
0810_01,DashUpDown,SpCostDownIN,1000
0810_01,DashUpDown,SpCostDownLP,7840
0810_01,DragonHoming,SpCostIN,250
0810_01,DragonHoming,SpCostLP,3500
0811_00,Character,DestroyedPower,9
0811_00,Character,AbilityFlag.bCannotPowerImpact,true
0811_00,Character,AbilityFlag.bCannotCrashImpact,true
0811_00,Character,AbilityFlag.bCanHighSpeedMove,false
0811_00,Character,AbilityFlag.bCanSuperHighSpeedMove,false
0811_00,Character,ActionFlag.SpiralSlash,true
0811_00,Character,ActionFlag.RollingHurricane,true
0811_00,Character,ActionFlag.TriAttack,true
0811_00,Character,ActionFlag.AirRush,true
0811_00,Character,ActionFlag.DeltaStorm,true
0811_00,Character,ActionFlag.SparkingRush,true
0811_00,Character,ChaseChangeBlastSlot,EKoratBlastSlotType::BlastSkill1
0811_00,Numeric,Life,45000
0811_00,Numeric,DamageRate,0.97
0811_00,Numeric,InitialSP,30000
0811_00,Numeric,SPAutoRecoverySpeed,1500
0811_00,Numeric,SPAutoRecoverySpeedScaleUnderOneGauge,1.3
0811_00,Numeric,SPChargeSpeed,8
0811_00,Numeric,SPChargeSpeedUnderAutoRecoveryLimit,12
0811_00,Numeric,SparkingModeGaugeDecreaseSpeed,2800
0811_00,Numeric,GuardCrashedByCombativesBlastSpDamageRate,0.75
0811_00,Numeric,StunReactionRecoverySpeedScale,1.3
0811_00,Numeric,StunReactionInputRecoverySpeedScale,1.3
0811_00,Numeric,LimitBoostRecoverySpeedScale,1.3
0811_00,Numeric,LimitBoostInputRecoverySpeedScale,1.3
0811_00,Numeric,BlastStock,6
0811_00,Numeric,AttackChargeSpeedsBySmashLevel[0],3
0811_00,Numeric,AttackChargeSpeedsBySmashLevel[1],5.4
0811_00,Numeric,AttackChargeSpeedsBySmashLevel[2],7.5
0811_00,Numeric,PursuitBaseLimit,4
0811_00,Numeric,PursuitLimitDragonHoming,0
0811_00,Numeric,PursuitLimitVanishingAttack,0
0811_00,Numeric,PursuitBaseLimitAddAtSparking,2
0811_00,Numeric,PursuitLimitDragonHomingAddAtSparking,0
0811_00,Numeric,PursuitLimitVanishingAttackAddAtSparking,0
0811_00,Numeric,PursuitLimitLightningAttackAddAtSparking,0
0811_00,Numeric,IdealPositionMidAirKick,68
0811_00,Numeric,ReactionSplitHighBorder,0.6
0811_00,Numeric,ReactionSplitMidBorder,0.4
0811_00,Numeric,ReactionSplitLowBorder,0.2
0811_00,Numeric,BulletNum,16
0811_00,Numeric,JumpBulletNum,5
0811_00,Numeric,JumpBulletSetNum,1
0811_00,Numeric,RushBulletLimit,16
0811_00,Numeric,SmashBulletLimit,1
0811_00,Numeric,RepelSkillGaugeGainRate,1.2
0811_00,Numeric,AttackBreakSkillGaugeGain,0.15
0811_00,Numeric,FastAvoidSkillGaugeGain,0.05
0811_00,Numeric,ThrowBreakSkillGaugeGain,0.1
0811_00,Numeric,BackAttackedSkillGaugeGain,0.03
0811_00,Numeric,LastOneHPSkillGaugeGain,1
0811_00,Numeric,ImpactStartSkillGaugeGain,1
0811_00,Numeric,RushOffsetSkillGaugeGain,0.05
0811_00,Numeric,CollisionOffsetSkillGaugeGain,0.5
0811_00,Numeric,DragonHomingChangeTrajectorySkillGaugeGain,0.1
0811_00,Numeric,BurstSmashGaugeGain,0.1
0811_00,Numeric,ExParam,20
0811_00,Numeric,AuraType,EKoratBattleAuraType::God
0811_00,Steps,StepShortDash.AddToSpeedScale,60000
0811_00,Steps,StepShortDash.MaxAcceleration,50000
0811_00,Steps,StepShortDash.BrakingDeceleration,20000
0811_00,Steps,StepShortDash.ElapsedTimeToOT,0.033333
0811_00,Steps,StepShortDash.Duration,0.333333
0811_00,Steps,StepShortDash.CoolTime,0.05
0811_00,Steps,StepShortDash.bIsStopClearSpeed,true
0811_00,Steps,StepShortDash.StopBrakingDeceleration,10000000
0811_00,Steps,StepShortDash.SpCost,3850
0811_00,Steps,StepCancelShortDash.AddToSpeedScale,60000
0811_00,Steps,StepCancelShortDash.MaxAcceleration,50000
0811_00,Steps,StepCancelShortDash.BrakingDeceleration,20000
0811_00,Steps,StepCancelShortDash.ElapsedTimeToOT,0.033333
0811_00,Steps,StepCancelShortDash.Duration,0.333333
0811_00,Steps,StepCancelShortDash.CoolTime,0.416667
0811_00,Steps,StepCancelShortDash.bIsStopClearSpeed,true
0811_00,Steps,StepCancelShortDash.StopBrakingDeceleration,10000000
0811_00,Steps,StepCancelShortDash.SpCost,1925
0811_00,DragonDash,SpCostIN,500
0811_00,DragonDash,SpCostLP,3920
0811_00,DragonDash,SpCostBK,5200
0811_00,DragonDash,HighSpeedSpCostLP,4900
0811_00,ZBurstDash,SpCostIN,10000
0811_00,ZBurstDash,SpCostLP,11000
0811_00,ZBurstDash,BurstSmashSpCostLP,3500
0811_00,DashUpDown,SpCostUpIN,1000
0811_00,DashUpDown,SpCostUpLP,7840
0811_00,DashUpDown,SpCostDownIN,1000
0811_00,DashUpDown,SpCostDownLP,7840
0811_00,DragonHoming,SpCostIN,250
0811_00,DragonHoming,SpCostLP,3500
0820_00,Character,DestroyedPower,4
0820_00,Character,AbilityFlag.SparkingArmor,false
0820_00,Character,AbilityFlag.AutoReflect,false
0820_00,Character,AbilityFlag.bCanHighSpeedMove,false
0820_00,Character,AbilityFlag.bCanSuperHighSpeedMove,false
0820_00,Character,ActionFlag.PowerPress,true
0820_00,Character,ChaseChangeBlastSlot,EKoratBlastSlotType::BlastSkill2
0820_00,Numeric,Life,40000
0820_00,Numeric,InitialSP,30000
0820_00,Numeric,SPAutoRecoverySpeed,1750
0820_00,Numeric,SPAutoRecoverySpeedScaleUnderOneGauge,1.3
0820_00,Numeric,SPChargeSpeed,7
0820_00,Numeric,SPChargeSpeedUnderAutoRecoveryLimit,10.5
0820_00,Numeric,SparkingModeGaugeDecreaseSpeed,2800
0820_00,Numeric,AttackChargeSpeedsBySmashLevel[0],3
0820_00,Numeric,AttackChargeSpeedsBySmashLevel[1],5.4
0820_00,Numeric,AttackChargeSpeedsBySmashLevel[2],7.5
0820_00,Numeric,PursuitBaseLimit,2
0820_00,Numeric,PursuitLimitDragonHoming,0
0820_00,Numeric,PursuitLimitVanishingAttack,0
0820_00,Numeric,PursuitBaseLimitAddAtSparking,2
0820_00,Numeric,PursuitLimitDragonHomingAddAtSparking,0
0820_00,Numeric,PursuitLimitVanishingAttackAddAtSparking,0
0820_00,Numeric,PursuitLimitLightningAttackAddAtSparking,0
0820_00,Numeric,IdealPositionMidAirKick,86
0820_00,Numeric,ReactionSplitHighBorder,0.7
0820_00,Numeric,ReactionSplitMidBorder,0.35
0820_00,Numeric,ReactionSplitLowBorder,0.175
0820_00,Numeric,BulletNum,6
0820_00,Numeric,JumpBulletNum,3
0820_00,Numeric,DashBulletNum,5
0820_00,Numeric,RushBulletLimit,6
0820_00,Numeric,SmashBulletLimit,1
0820_00,Numeric,RepelSkillGaugeGainRate,1.1
0820_00,Numeric,AttackBreakSkillGaugeGain,0.15
0820_00,Numeric,FastAvoidSkillGaugeGain,0.05
0820_00,Numeric,ThrowBreakSkillGaugeGain,0.1
0820_00,Numeric,BackAttackedSkillGaugeGain,0.03
0820_00,Numeric,LastOneHPSkillGaugeGain,1
0820_00,Numeric,ImpactStartSkillGaugeGain,1
0820_00,Numeric,RushOffsetSkillGaugeGain,0.05
0820_00,Numeric,CollisionOffsetSkillGaugeGain,0.5
0820_00,Numeric,DragonHomingChangeTrajectorySkillGaugeGain,0.1
0820_00,Numeric,BurstSmashGaugeGain,0.1
0820_00,Numeric,ExParam,20
0820_00,Steps,StepShortDash.AddToSpeedScale,60000
0820_00,Steps,StepShortDash.MaxAcceleration,60000
0820_00,Steps,StepShortDash.BrakingDeceleration,30000
0820_00,Steps,StepShortDash.ElapsedTimeToOT,0.033333
0820_00,Steps,StepShortDash.Duration,0.333333
0820_00,Steps,StepShortDash.CoolTime,0.05
0820_00,Steps,StepShortDash.bIsStopClearSpeed,true
0820_00,Steps,StepShortDash.StopBrakingDeceleration,10000000
0820_00,Steps,StepShortDash.SpCost,2650
0820_00,Steps,StepCancelShortDash.AddToSpeedScale,60000
0820_00,Steps,StepCancelShortDash.MaxAcceleration,60000
0820_00,Steps,StepCancelShortDash.BrakingDeceleration,30000
0820_00,Steps,StepCancelShortDash.ElapsedTimeToOT,0.033333
0820_00,Steps,StepCancelShortDash.Duration,0.333333
0820_00,Steps,StepCancelShortDash.CoolTime,0.416667
0820_00,Steps,StepCancelShortDash.bIsStopClearSpeed,true
0820_00,Steps,StepCancelShortDash.StopBrakingDeceleration,10000000
0820_00,Steps,StepCancelShortDash.SpCost,1325
0820_00,DragonDash,SpCostIN,500
0820_00,DragonDash,SpCostLP,3920
0820_00,DragonDash,SpCostBK,5200
0820_00,DragonDash,HighSpeedSpCostLP,4900
0820_00,ZBurstDash,SpCostIN,10000
0820_00,ZBurstDash,SpCostLP,11000
0820_00,ZBurstDash,BurstSmashSpCostLP,3500
0820_00,DashUpDown,SpCostUpIN,1000
0820_00,DashUpDown,SpCostUpLP,7840
0820_00,DashUpDown,SpCostDownIN,1000
0820_00,DashUpDown,SpCostDownLP,7840
0820_00,DragonHoming,SpCostIN,250
0820_00,DragonHoming,SpCostLP,3500
0830_00,Character,DestroyedPower,3
0830_00,Character,AbilityFlag.SparkingArmor,false
0830_00,Character,AbilityFlag.AutoReflect,false
0830_00,Character,AbilityFlag.bCanFly,false
0830_00,Character,AbilityFlag.bCanHighSpeedMove,false
0830_00,Character,AbilityFlag.bCanSuperHighSpeedMove,false
0830_00,Character,ActionFlag.DragonTornado,true
0830_00,Character,ActionFlag.DawnThrow,true
0830_00,Character,ActionFlag.CannonCombo,true
0830_00,Character,ActionFlag.PowerPress,true
0830_00,Character,ActionFlag.TriAttack,true
0830_00,Character,ActionFlag.SparkingRush,true
0830_00,Character,ChaseChangeBlastSlot,EKoratBlastSlotType::BlastSkill1
0830_00,Numeric,Life,35000
0830_00,Numeric,DamageRate,1.1
0830_00,Numeric,SPAutoRecoverySpeed,1750
0830_00,Numeric,SPAutoRecoverySpeedScaleUnderOneGauge,1.3
0830_00,Numeric,SPChargeSpeed,7
0830_00,Numeric,SPChargeSpeedUnderAutoRecoveryLimit,10.5
0830_00,Numeric,SparkingModeGaugeDecreaseSpeed,2800
0830_00,Numeric,InitialBlastStock,1
0830_00,Numeric,AttackChargeSpeedsBySmashLevel[0],3
0830_00,Numeric,AttackChargeSpeedsBySmashLevel[1],5.4
0830_00,Numeric,AttackChargeSpeedsBySmashLevel[2],7.5
0830_00,Numeric,PursuitBaseLimit,1
0830_00,Numeric,PursuitLimitDragonHoming,0
0830_00,Numeric,PursuitLimitVanishingAttack,0
0830_00,Numeric,PursuitBaseLimitAddAtSparking,1
0830_00,Numeric,PursuitLimitDragonHomingAddAtSparking,0
0830_00,Numeric,PursuitLimitVanishingAttackAddAtSparking,0
0830_00,Numeric,PursuitLimitLightningAttackAddAtSparking,0
0830_00,Numeric,IdealPositionMidAirKick,68
0830_00,Numeric,ReactionSplitHighBorder,0.6
0830_00,Numeric,ReactionSplitMidBorder,0.4
0830_00,Numeric,ReactionSplitLowBorder,0.2
0830_00,Numeric,BulletNum,4
0830_00,Numeric,JumpBulletNum,5
0830_00,Numeric,JumpBulletSetNum,1
0830_00,Numeric,DashBulletNum,5
0830_00,Numeric,RushBulletLimit,4
0830_00,Numeric,SmashBulletLimit,1
0830_00,Numeric,RepelSkillGaugeGainRate,1.6
0830_00,Numeric,AttackBreakSkillGaugeGain,0.15
0830_00,Numeric,FastAvoidSkillGaugeGain,0.05
0830_00,Numeric,ThrowBreakSkillGaugeGain,0.1
0830_00,Numeric,BackAttackedSkillGaugeGain,0.03
0830_00,Numeric,LastOneHPSkillGaugeGain,1
0830_00,Numeric,ImpactStartSkillGaugeGain,1
0830_00,Numeric,RushOffsetSkillGaugeGain,0.05
0830_00,Numeric,CollisionOffsetSkillGaugeGain,0.5
0830_00,Numeric,DragonHomingChangeTrajectorySkillGaugeGain,0.1
0830_00,Numeric,BurstSmashGaugeGain,0.1
0830_00,Numeric,ExParam,5
0830_00,Steps,StepShortDash.AddToSpeedScale,60000
0830_00,Steps,StepShortDash.MaxAcceleration,60000
0830_00,Steps,StepShortDash.BrakingDeceleration,30000
0830_00,Steps,StepShortDash.ElapsedTimeToOT,0.033333
0830_00,Steps,StepShortDash.Duration,0.333333
0830_00,Steps,StepShortDash.CoolTime,0.05
0830_00,Steps,StepShortDash.bIsStopClearSpeed,true
0830_00,Steps,StepShortDash.StopBrakingDeceleration,10000000
0830_00,Steps,StepShortDash.SpCost,1590
0830_00,Steps,StepCancelShortDash.AddToSpeedScale,60000
0830_00,Steps,StepCancelShortDash.MaxAcceleration,60000
0830_00,Steps,StepCancelShortDash.BrakingDeceleration,30000
0830_00,Steps,StepCancelShortDash.ElapsedTimeToOT,0.033333
0830_00,Steps,StepCancelShortDash.Duration,0.333333
0830_00,Steps,StepCancelShortDash.CoolTime,0.416667
0830_00,Steps,StepCancelShortDash.bIsStopClearSpeed,true
0830_00,Steps,StepCancelShortDash.StopBrakingDeceleration,10000000
0830_00,Steps,StepCancelShortDash.SpCost,795
0830_00,DragonDash,SpCostIN,500
0830_00,DragonDash,SpCostLP,3920
0830_00,DragonDash,SpCostBK,5200
0830_00,DragonDash,HighSpeedSpCostLP,4900
0830_00,ZBurstDash,SpCostIN,10000
0830_00,ZBurstDash,SpCostLP,11000
0830_00,ZBurstDash,BurstSmashSpCostLP,3500
0830_00,DashUpDown,SpCostUpIN,1000
0830_00,DashUpDown,SpCostUpLP,7840
0830_00,DashUpDown,SpCostDownIN,1000
0830_00,DashUpDown,SpCostDownLP,7840
0830_00,DragonHoming,SpCostIN,250
0830_00,DragonHoming,SpCostLP,3500
0870_00,Character,DestroyedPower,8
0870_00,Character,AbilityFlag.SparkingArmor,false
0870_00,Character,ActionFlag.CannonCombo,true
0870_00,Character,ActionFlag.PowerPress,true
0870_00,Character,ActionFlag.AirRush,true
0870_00,Character,ChaseChangeBlastSlot,EKoratBlastSlotType::BlastSkill1
0870_00,Numeric,Life,40000
0870_00,Numeric,SPAutoRecoverySpeed,1750
0870_00,Numeric,SPAutoRecoverySpeedScaleUnderOneGauge,1.3
0870_00,Numeric,SPChargeSpeed,7
0870_00,Numeric,SPChargeSpeedUnderAutoRecoveryLimit,10.5
0870_00,Numeric,SparkingModeGaugeDecreaseSpeed,2800
0870_00,Numeric,AttackChargeSpeedsBySmashLevel[0],3
0870_00,Numeric,AttackChargeSpeedsBySmashLevel[1],5.4
0870_00,Numeric,AttackChargeSpeedsBySmashLevel[2],7.5
0870_00,Numeric,PursuitBaseLimit,3
0870_00,Numeric,PursuitLimitDragonHoming,0
0870_00,Numeric,PursuitLimitVanishingAttack,0
0870_00,Numeric,PursuitBaseLimitAddAtSparking,2
0870_00,Numeric,PursuitLimitDragonHomingAddAtSparking,0
0870_00,Numeric,PursuitLimitVanishingAttackAddAtSparking,0
0870_00,Numeric,PursuitLimitLightningAttackAddAtSparking,0
0870_00,Numeric,IdealPositionMidAirKick,84
0870_00,Numeric,ReactionSplitHighBorder,0.6
0870_00,Numeric,ReactionSplitMidBorder,0.4
0870_00,Numeric,ReactionSplitLowBorder,0.2
0870_00,Numeric,BulletNum,7
0870_00,Numeric,JumpBulletNum,5
0870_00,Numeric,JumpBulletSetNum,1
0870_00,Numeric,RushBulletLimit,7
0870_00,Numeric,SmashBulletLimit,1
0870_00,Numeric,RepelSkillGaugeGainRate,1.1
0870_00,Numeric,AttackBreakSkillGaugeGain,0.15
0870_00,Numeric,FastAvoidSkillGaugeGain,0.05
0870_00,Numeric,ThrowBreakSkillGaugeGain,0.1
0870_00,Numeric,BackAttackedSkillGaugeGain,0.03
0870_00,Numeric,LastOneHPSkillGaugeGain,1
0870_00,Numeric,ImpactStartSkillGaugeGain,1
0870_00,Numeric,RushOffsetSkillGaugeGain,0.05
0870_00,Numeric,CollisionOffsetSkillGaugeGain,0.5
0870_00,Numeric,DragonHomingChangeTrajectorySkillGaugeGain,0.1
0870_00,Numeric,BurstSmashGaugeGain,0.1
0870_00,Numeric,ExParam,7
0870_00,Numeric,AuraType,EKoratBattleAuraType::None
0870_00,Steps,StepShortDash.AddToSpeedScale,60000
0870_00,Steps,StepShortDash.MaxAcceleration,60000
0870_00,Steps,StepShortDash.BrakingDeceleration,30000
0870_00,Steps,StepShortDash.ElapsedTimeToOT,0.033333
0870_00,Steps,StepShortDash.Duration,0.333333
0870_00,Steps,StepShortDash.CoolTime,0.05
0870_00,Steps,StepShortDash.bIsStopClearSpeed,true
0870_00,Steps,StepShortDash.StopBrakingDeceleration,10000000
0870_00,Steps,StepShortDash.SpCost,2650
0870_00,Steps,StepCancelShortDash.AddToSpeedScale,60000
0870_00,Steps,StepCancelShortDash.MaxAcceleration,60000
0870_00,Steps,StepCancelShortDash.BrakingDeceleration,30000
0870_00,Steps,StepCancelShortDash.ElapsedTimeToOT,0.033333
0870_00,Steps,StepCancelShortDash.Duration,0.333333
0870_00,Steps,StepCancelShortDash.CoolTime,0.416667
0870_00,Steps,StepCancelShortDash.bIsStopClearSpeed,true
0870_00,Steps,StepCancelShortDash.StopBrakingDeceleration,10000000
0870_00,Steps,StepCancelShortDash.SpCost,1325
0870_00,DragonDash,SpCostIN,500
0870_00,DragonDash,SpCostLP,3920
0870_00,DragonDash,SpCostBK,5200
0870_00,DragonDash,HighSpeedSpCostLP,4900
0870_00,ZBurstDash,SpCostIN,10000
0870_00,ZBurstDash,SpCostLP,11000
0870_00,ZBurstDash,BurstSmashSpCostLP,3500
0870_00,DashUpDown,SpCostUpIN,1000
0870_00,DashUpDown,SpCostUpLP,7840
0870_00,DashUpDown,SpCostDownIN,1000
0870_00,DashUpDown,SpCostDownLP,7840
0870_00,DragonHoming,SpCostIN,250
0870_00,DragonHoming,SpCostLP,3500
0881_00,Character,DestroyedPower,6
0881_00,Character,AbilityFlag.SparkingArmor,false
0881_00,Character,AbilityFlag.AutoReflect,false
0881_00,Character,AbilityFlag.bCanHighSpeedMove,false
0881_00,Character,AbilityFlag.bCanSuperHighSpeedMove,false
0881_00,Character,ActionFlag.PowerPress,true
0881_00,Character,ActionFlag.TriAttack,true
0881_00,Character,ChaseChangeBlastSlot,EKoratBlastSlotType::BlastSkill1
0881_00,Numeric,Life,40000
0881_00,Numeric,SPAutoRecoverySpeed,1750
0881_00,Numeric,SPAutoRecoverySpeedScaleUnderOneGauge,1.3
0881_00,Numeric,SPChargeSpeed,7
0881_00,Numeric,SPChargeSpeedUnderAutoRecoveryLimit,10.5
0881_00,Numeric,SparkingModeGaugeDecreaseSpeed,2800
0881_00,Numeric,BlastStock,6
0881_00,Numeric,AttackChargeSpeedsBySmashLevel[0],3
0881_00,Numeric,AttackChargeSpeedsBySmashLevel[1],5.4
0881_00,Numeric,AttackChargeSpeedsBySmashLevel[2],7.5
0881_00,Numeric,PursuitBaseLimit,2
0881_00,Numeric,PursuitLimitDragonHoming,0
0881_00,Numeric,PursuitLimitVanishingAttack,0
0881_00,Numeric,PursuitBaseLimitAddAtSparking,2
0881_00,Numeric,PursuitLimitDragonHomingAddAtSparking,0
0881_00,Numeric,PursuitLimitVanishingAttackAddAtSparking,0
0881_00,Numeric,PursuitLimitLightningAttackAddAtSparking,0
0881_00,Numeric,IdealPositionMidAirKick,68
0881_00,Numeric,ReactionSplitHighBorder,0.7
0881_00,Numeric,ReactionSplitMidBorder,0.35
0881_00,Numeric,ReactionSplitLowBorder,0.175
0881_00,Numeric,BulletNum,8
0881_00,Numeric,JumpBulletNum,3
0881_00,Numeric,DashBulletNum,5
0881_00,Numeric,RushBulletLimit,8
0881_00,Numeric,SmashBulletLimit,1
0881_00,Numeric,RepelSkillGaugeGainRate,1.2
0881_00,Numeric,AttackBreakSkillGaugeGain,0.15
0881_00,Numeric,FastAvoidSkillGaugeGain,0.05
0881_00,Numeric,ThrowBreakSkillGaugeGain,0.1
0881_00,Numeric,BackAttackedSkillGaugeGain,0.03
0881_00,Numeric,LastOneHPSkillGaugeGain,1
0881_00,Numeric,ImpactStartSkillGaugeGain,1
0881_00,Numeric,RushOffsetSkillGaugeGain,0.05
0881_00,Numeric,CollisionOffsetSkillGaugeGain,0.5
0881_00,Numeric,DragonHomingChangeTrajectorySkillGaugeGain,0.1
0881_00,Numeric,BurstSmashGaugeGain,0.1
0881_00,Numeric,ExParam,16
0881_00,Steps,StepShortDash.AddToSpeedScale,60000
0881_00,Steps,StepShortDash.MaxAcceleration,60000
0881_00,Steps,StepShortDash.BrakingDeceleration,30000
0881_00,Steps,StepShortDash.ElapsedTimeToOT,0.033333
0881_00,Steps,StepShortDash.Duration,0.333333
0881_00,Steps,StepShortDash.CoolTime,0.05
0881_00,Steps,StepShortDash.bIsStopClearSpeed,true
0881_00,Steps,StepShortDash.StopBrakingDeceleration,10000000
0881_00,Steps,StepShortDash.SpCost,2650
0881_00,Steps,StepCancelShortDash.AddToSpeedScale,60000
0881_00,Steps,StepCancelShortDash.MaxAcceleration,60000
0881_00,Steps,StepCancelShortDash.BrakingDeceleration,30000
0881_00,Steps,StepCancelShortDash.ElapsedTimeToOT,0.033333
0881_00,Steps,StepCancelShortDash.Duration,0.333333
0881_00,Steps,StepCancelShortDash.CoolTime,0.416667
0881_00,Steps,StepCancelShortDash.bIsStopClearSpeed,true
0881_00,Steps,StepCancelShortDash.StopBrakingDeceleration,10000000
0881_00,Steps,StepCancelShortDash.SpCost,1325
0881_00,DragonDash,SpCostIN,500
0881_00,DragonDash,SpCostLP,3920
0881_00,DragonDash,SpCostBK,5200
0881_00,DragonDash,HighSpeedSpCostLP,4900
0881_00,ZBurstDash,SpCostIN,10000
0881_00,ZBurstDash,SpCostLP,11000
0881_00,ZBurstDash,BurstSmashSpCostLP,3500
0881_00,DashUpDown,SpCostUpIN,1000
0881_00,DashUpDown,SpCostUpLP,7840
0881_00,DashUpDown,SpCostDownIN,1000
0881_00,DashUpDown,SpCostDownLP,7840
0881_00,DragonHoming,SpCostIN,250
0881_00,DragonHoming,SpCostLP,3500
0890_00,Character,AbilityFlag.SparkingArmor,false
0890_00,Character,AbilityFlag.AutoReflect,false
0890_00,Character,AbilityFlag.bCanHighSpeedMove,false
0890_00,Character,AbilityFlag.bCanSuperHighSpeedMove,false
0890_00,Character,ActionFlag.PowerPress,true
0890_00,Character,ActionFlag.TriAttack,true
0890_00,Character,ActionFlag.AirRush,true
0890_00,Character,ChaseChangeBlastSlot,EKoratBlastSlotType::BlastSkill1
0890_00,Numeric,Life,40000
0890_00,Numeric,SPAutoRecoverySpeed,1750
0890_00,Numeric,SPAutoRecoverySpeedScaleUnderOneGauge,1.3
0890_00,Numeric,SPChargeSpeed,7
0890_00,Numeric,SPChargeSpeedUnderAutoRecoveryLimit,10.5
0890_00,Numeric,SparkingModeGaugeDecreaseSpeed,2800
0890_00,Numeric,AttackChargeSpeedsBySmashLevel[0],3
0890_00,Numeric,AttackChargeSpeedsBySmashLevel[1],5.4
0890_00,Numeric,AttackChargeSpeedsBySmashLevel[2],7.5
0890_00,Numeric,PursuitBaseLimit,2
0890_00,Numeric,PursuitLimitDragonHoming,0
0890_00,Numeric,PursuitLimitVanishingAttack,0
0890_00,Numeric,PursuitBaseLimitAddAtSparking,2
0890_00,Numeric,PursuitLimitDragonHomingAddAtSparking,0
0890_00,Numeric,PursuitLimitVanishingAttackAddAtSparking,0
0890_00,Numeric,PursuitLimitLightningAttackAddAtSparking,0
0890_00,Numeric,IdealPositionMidAirKick,68
0890_00,Numeric,ReactionSplitHighBorder,0.7
0890_00,Numeric,ReactionSplitMidBorder,0.35
0890_00,Numeric,ReactionSplitLowBorder,0.175
0890_00,Numeric,BulletNum,6
0890_00,Numeric,JumpBulletNum,3
0890_00,Numeric,RushBulletLimit,6
0890_00,Numeric,SmashBulletLimit,1
0890_00,Numeric,RepelSkillGaugeGainRate,1.1
0890_00,Numeric,AttackBreakSkillGaugeGain,0.15
0890_00,Numeric,FastAvoidSkillGaugeGain,0.05
0890_00,Numeric,ThrowBreakSkillGaugeGain,0.1
0890_00,Numeric,BackAttackedSkillGaugeGain,0.03
0890_00,Numeric,LastOneHPSkillGaugeGain,1
0890_00,Numeric,ImpactStartSkillGaugeGain,1
0890_00,Numeric,RushOffsetSkillGaugeGain,0.05
0890_00,Numeric,CollisionOffsetSkillGaugeGain,0.5
0890_00,Numeric,DragonHomingChangeTrajectorySkillGaugeGain,0.1
0890_00,Numeric,BurstSmashGaugeGain,0.1
0890_00,Numeric,ExParam,2
0890_00,Steps,StepShortDash.AddToSpeedScale,60000
0890_00,Steps,StepShortDash.MaxAcceleration,60000
0890_00,Steps,StepShortDash.BrakingDeceleration,30000
0890_00,Steps,StepShortDash.ElapsedTimeToOT,0.033333
0890_00,Steps,StepShortDash.Duration,0.333333
0890_00,Steps,StepShortDash.CoolTime,0.05
0890_00,Steps,StepShortDash.bIsStopClearSpeed,true
0890_00,Steps,StepShortDash.StopBrakingDeceleration,10000000
0890_00,Steps,StepShortDash.SpCost,2650
0890_00,Steps,StepCancelShortDash.AddToSpeedScale,60000
0890_00,Steps,StepCancelShortDash.MaxAcceleration,60000
0890_00,Steps,StepCancelShortDash.BrakingDeceleration,30000
0890_00,Steps,StepCancelShortDash.ElapsedTimeToOT,0.033333
0890_00,Steps,StepCancelShortDash.Duration,0.333333
0890_00,Steps,StepCancelShortDash.CoolTime,0.416667
0890_00,Steps,StepCancelShortDash.bIsStopClearSpeed,true
0890_00,Steps,StepCancelShortDash.StopBrakingDeceleration,10000000
0890_00,Steps,StepCancelShortDash.SpCost,1325
0890_00,DragonDash,SpCostIN,500
0890_00,DragonDash,SpCostLP,3920
0890_00,DragonDash,SpCostBK,5200
0890_00,DragonDash,HighSpeedSpCostLP,4900
0890_00,ZBurstDash,SpCostIN,10000
0890_00,ZBurstDash,SpCostLP,11000
0890_00,ZBurstDash,BurstSmashSpCostLP,3500
0890_00,DashUpDown,SpCostUpIN,1000
0890_00,DashUpDown,SpCostUpLP,7840
0890_00,DashUpDown,SpCostDownIN,1000
0890_00,DashUpDown,SpCostDownLP,7840
0890_00,DragonHoming,SpCostIN,250
0890_00,DragonHoming,SpCostLP,3500
0890_01,Character,DestroyedPower,6
0890_01,Character,AbilityFlag.SparkingArmor,false
0890_01,Character,AbilityFlag.AutoReflect,false
0890_01,Character,AbilityFlag.bCanHighSpeedMove,false
0890_01,Character,AbilityFlag.bCanSuperHighSpeedMove,false
0890_01,Character,ActionFlag.PowerPress,true
0890_01,Character,ActionFlag.TriAttack,true
0890_01,Character,ActionFlag.AirRush,true
0890_01,Character,ChaseChangeBlastSlot,EKoratBlastSlotType::BlastSkill1
0890_01,Numeric,Life,40000
0890_01,Numeric,SPAutoRecoverySpeed,1750
0890_01,Numeric,SPAutoRecoverySpeedScaleUnderOneGauge,1.3
0890_01,Numeric,SPChargeSpeed,7
0890_01,Numeric,SPChargeSpeedUnderAutoRecoveryLimit,10.5
0890_01,Numeric,SparkingModeGaugeDecreaseSpeed,2800
0890_01,Numeric,AttackChargeSpeedsBySmashLevel[0],3
0890_01,Numeric,AttackChargeSpeedsBySmashLevel[1],5.4
0890_01,Numeric,AttackChargeSpeedsBySmashLevel[2],7.5
0890_01,Numeric,PursuitBaseLimit,2
0890_01,Numeric,PursuitLimitDragonHoming,0
0890_01,Numeric,PursuitLimitVanishingAttack,0
0890_01,Numeric,PursuitBaseLimitAddAtSparking,2
0890_01,Numeric,PursuitLimitDragonHomingAddAtSparking,0
0890_01,Numeric,PursuitLimitVanishingAttackAddAtSparking,0
0890_01,Numeric,PursuitLimitLightningAttackAddAtSparking,0
0890_01,Numeric,IdealPositionMidAirKick,68
0890_01,Numeric,ReactionSplitHighBorder,0.7
0890_01,Numeric,ReactionSplitMidBorder,0.35
0890_01,Numeric,ReactionSplitLowBorder,0.175
0890_01,Numeric,BulletNum,8
0890_01,Numeric,DashBulletNum,6
0890_01,Numeric,RushBulletLimit,8
0890_01,Numeric,SmashBulletLimit,1
0890_01,Numeric,RepelSkillGaugeGainRate,1.1
0890_01,Numeric,AttackBreakSkillGaugeGain,0.15
0890_01,Numeric,FastAvoidSkillGaugeGain,0.05
0890_01,Numeric,ThrowBreakSkillGaugeGain,0.1
0890_01,Numeric,BackAttackedSkillGaugeGain,0.03
0890_01,Numeric,LastOneHPSkillGaugeGain,1
0890_01,Numeric,ImpactStartSkillGaugeGain,1
0890_01,Numeric,RushOffsetSkillGaugeGain,0.05
0890_01,Numeric,CollisionOffsetSkillGaugeGain,0.5
0890_01,Numeric,DragonHomingChangeTrajectorySkillGaugeGain,0.1
0890_01,Numeric,BurstSmashGaugeGain,0.1
0890_01,Numeric,ExParam,3
0890_01,Steps,StepShortDash.AddToSpeedScale,60000
0890_01,Steps,StepShortDash.MaxAcceleration,60000
0890_01,Steps,StepShortDash.BrakingDeceleration,30000
0890_01,Steps,StepShortDash.ElapsedTimeToOT,0.033333
0890_01,Steps,StepShortDash.Duration,0.333333
0890_01,Steps,StepShortDash.CoolTime,0.05
0890_01,Steps,StepShortDash.bIsStopClearSpeed,true
0890_01,Steps,StepShortDash.StopBrakingDeceleration,10000000
0890_01,Steps,StepShortDash.SpCost,2650
0890_01,Steps,StepCancelShortDash.AddToSpeedScale,60000
0890_01,Steps,StepCancelShortDash.MaxAcceleration,60000
0890_01,Steps,StepCancelShortDash.BrakingDeceleration,30000
0890_01,Steps,StepCancelShortDash.ElapsedTimeToOT,0.033333
0890_01,Steps,StepCancelShortDash.Duration,0.333333
0890_01,Steps,StepCancelShortDash.CoolTime,0.416667
0890_01,Steps,StepCancelShortDash.bIsStopClearSpeed,true
0890_01,Steps,StepCancelShortDash.StopBrakingDeceleration,10000000
0890_01,Steps,StepCancelShortDash.SpCost,1325
0890_01,DragonDash,SpCostIN,500
0890_01,DragonDash,SpCostLP,3920
0890_01,DragonDash,SpCostBK,5200
0890_01,DragonDash,HighSpeedSpCostLP,4900
0890_01,ZBurstDash,SpCostIN,10000
0890_01,ZBurstDash,SpCostLP,11000
0890_01,ZBurstDash,BurstSmashSpCostLP,3500
0890_01,DashUpDown,SpCostUpIN,1000
0890_01,DashUpDown,SpCostUpLP,7840
0890_01,DashUpDown,SpCostDownIN,1000
0890_01,DashUpDown,SpCostDownLP,7840
0890_01,DragonHoming,SpCostIN,250
0890_01,DragonHoming,SpCostLP,3500
0890_02,Character,DestroyedPower,7
0890_02,Character,AbilityFlag.SparkingArmor,false
0890_02,Character,AbilityFlag.bCanHighSpeedMove,false
0890_02,Character,AbilityFlag.bCanSuperHighSpeedMove,false
0890_02,Character,ActionFlag.PowerPress,true
0890_02,Character,ActionFlag.TriAttack,true
0890_02,Character,ActionFlag.AirRush,true
0890_02,Character,ChaseChangeBlastSlot,EKoratBlastSlotType::BlastSkill2
0890_02,Numeric,Life,40000
0890_02,Numeric,SPAutoRecoverySpeed,1750
0890_02,Numeric,SPAutoRecoverySpeedScaleUnderOneGauge,1.3
0890_02,Numeric,SPChargeSpeed,7
0890_02,Numeric,SPChargeSpeedUnderAutoRecoveryLimit,10.5
0890_02,Numeric,SparkingModeGaugeDecreaseSpeed,2800
0890_02,Numeric,AttackChargeSpeedsBySmashLevel[0],3
0890_02,Numeric,AttackChargeSpeedsBySmashLevel[1],5.4
0890_02,Numeric,AttackChargeSpeedsBySmashLevel[2],7.5
0890_02,Numeric,PursuitBaseLimit,2
0890_02,Numeric,PursuitLimitDragonHoming,0
0890_02,Numeric,PursuitLimitVanishingAttack,0
0890_02,Numeric,PursuitBaseLimitAddAtSparking,3
0890_02,Numeric,PursuitLimitDragonHomingAddAtSparking,0
0890_02,Numeric,PursuitLimitVanishingAttackAddAtSparking,0
0890_02,Numeric,PursuitLimitLightningAttackAddAtSparking,0
0890_02,Numeric,IdealPositionMidAirKick,68
0890_02,Numeric,ReactionSplitHighBorder,0.7
0890_02,Numeric,ReactionSplitMidBorder,0.35
0890_02,Numeric,ReactionSplitLowBorder,0.175
0890_02,Numeric,BulletNum,9
0890_02,Numeric,JumpBulletNum,5
0890_02,Numeric,DashBulletNum,8
0890_02,Numeric,RushBulletLimit,9
0890_02,Numeric,SmashBulletLimit,1
0890_02,Numeric,RepelSkillGaugeGainRate,1.1
0890_02,Numeric,AttackBreakSkillGaugeGain,0.15
0890_02,Numeric,FastAvoidSkillGaugeGain,0.05
0890_02,Numeric,ThrowBreakSkillGaugeGain,0.1
0890_02,Numeric,BackAttackedSkillGaugeGain,0.03
0890_02,Numeric,LastOneHPSkillGaugeGain,1
0890_02,Numeric,ImpactStartSkillGaugeGain,1
0890_02,Numeric,RushOffsetSkillGaugeGain,0.05
0890_02,Numeric,CollisionOffsetSkillGaugeGain,0.5
0890_02,Numeric,DragonHomingChangeTrajectorySkillGaugeGain,0.1
0890_02,Numeric,BurstSmashGaugeGain,0.1
0890_02,Numeric,ExParam,3
0890_02,Steps,StepShortDash.AddToSpeedScale,60000
0890_02,Steps,StepShortDash.MaxAcceleration,60000
0890_02,Steps,StepShortDash.BrakingDeceleration,30000
0890_02,Steps,StepShortDash.ElapsedTimeToOT,0.033333
0890_02,Steps,StepShortDash.Duration,0.333333
0890_02,Steps,StepShortDash.CoolTime,0.05
0890_02,Steps,StepShortDash.bIsStopClearSpeed,true
0890_02,Steps,StepShortDash.StopBrakingDeceleration,10000000
0890_02,Steps,StepShortDash.SpCost,2650
0890_02,Steps,StepCancelShortDash.AddToSpeedScale,60000
0890_02,Steps,StepCancelShortDash.MaxAcceleration,60000
0890_02,Steps,StepCancelShortDash.BrakingDeceleration,30000
0890_02,Steps,StepCancelShortDash.ElapsedTimeToOT,0.033333
0890_02,Steps,StepCancelShortDash.Duration,0.333333
0890_02,Steps,StepCancelShortDash.CoolTime,0.416667
0890_02,Steps,StepCancelShortDash.bIsStopClearSpeed,true
0890_02,Steps,StepCancelShortDash.StopBrakingDeceleration,10000000
0890_02,Steps,StepCancelShortDash.SpCost,1325
0890_02,DragonDash,SpCostIN,500
0890_02,DragonDash,SpCostLP,3920
0890_02,DragonDash,SpCostBK,5200
0890_02,DragonDash,HighSpeedSpCostLP,4900
0890_02,ZBurstDash,SpCostIN,10000
0890_02,ZBurstDash,SpCostLP,11000
0890_02,ZBurstDash,BurstSmashSpCostLP,3500
0890_02,DashUpDown,SpCostUpIN,1000
0890_02,DashUpDown,SpCostUpLP,7840
0890_02,DashUpDown,SpCostDownIN,1000
0890_02,DashUpDown,SpCostDownLP,7840
0890_02,DragonHoming,SpCostIN,250
0890_02,DragonHoming,SpCostLP,3500
0900_00,Character,AbilityFlag.SparkingArmor,false
0900_00,Character,AbilityFlag.AutoReflect,false
0900_00,Character,AbilityFlag.bCanHighSpeedMove,false
0900_00,Character,AbilityFlag.bCanSuperHighSpeedMove,false
0900_00,Character,ActionFlag.PowerPress,true
0900_00,Character,ActionFlag.TriAttack,true
0900_00,Character,ChaseChangeBlastSlot,EKoratBlastSlotType::BlastSkill2
0900_00,Numeric,Life,40000
0900_00,Numeric,SPAutoRecoverySpeed,1750
0900_00,Numeric,SPAutoRecoverySpeedScaleUnderOneGauge,1.3
0900_00,Numeric,SPChargeSpeed,7
0900_00,Numeric,SPChargeSpeedUnderAutoRecoveryLimit,10.5
0900_00,Numeric,SparkingModeGaugeDecreaseSpeed,2800
0900_00,Numeric,BlastStock,6
0900_00,Numeric,AttackChargeSpeedsBySmashLevel[0],3
0900_00,Numeric,AttackChargeSpeedsBySmashLevel[1],5.4
0900_00,Numeric,AttackChargeSpeedsBySmashLevel[2],7.5
0900_00,Numeric,PursuitBaseLimit,2
0900_00,Numeric,PursuitLimitDragonHoming,0
0900_00,Numeric,PursuitLimitVanishingAttack,0
0900_00,Numeric,PursuitBaseLimitAddAtSparking,2
0900_00,Numeric,PursuitLimitDragonHomingAddAtSparking,0
0900_00,Numeric,PursuitLimitVanishingAttackAddAtSparking,0
0900_00,Numeric,PursuitLimitLightningAttackAddAtSparking,0
0900_00,Numeric,IdealPositionMidAirKick,68
0900_00,Numeric,ReactionSplitHighBorder,0.7
0900_00,Numeric,ReactionSplitMidBorder,0.35
0900_00,Numeric,ReactionSplitLowBorder,0.175
0900_00,Numeric,BulletNum,6
0900_00,Numeric,JumpBulletNum,3
0900_00,Numeric,RushBulletLimit,6
0900_00,Numeric,SmashBulletLimit,1
0900_00,Numeric,RepelSkillGaugeGainRate,1.2
0900_00,Numeric,AttackBreakSkillGaugeGain,0.15
0900_00,Numeric,FastAvoidSkillGaugeGain,0.05
0900_00,Numeric,ThrowBreakSkillGaugeGain,0.1
0900_00,Numeric,BackAttackedSkillGaugeGain,0.03
0900_00,Numeric,LastOneHPSkillGaugeGain,1
0900_00,Numeric,ImpactStartSkillGaugeGain,1
0900_00,Numeric,RushOffsetSkillGaugeGain,0.05
0900_00,Numeric,CollisionOffsetSkillGaugeGain,0.5
0900_00,Numeric,DragonHomingChangeTrajectorySkillGaugeGain,0.1
0900_00,Numeric,BurstSmashGaugeGain,0.1
0900_00,Numeric,ExParam,6
0900_00,Steps,StepShortDash.AddToSpeedScale,60000
0900_00,Steps,StepShortDash.MaxAcceleration,60000
0900_00,Steps,StepShortDash.BrakingDeceleration,30000
0900_00,Steps,StepShortDash.ElapsedTimeToOT,0.033333
0900_00,Steps,StepShortDash.Duration,0.333333
0900_00,Steps,StepShortDash.CoolTime,0.05
0900_00,Steps,StepShortDash.bIsStopClearSpeed,true
0900_00,Steps,StepShortDash.StopBrakingDeceleration,10000000
0900_00,Steps,StepShortDash.SpCost,2650
0900_00,Steps,StepCancelShortDash.AddToSpeedScale,60000
0900_00,Steps,StepCancelShortDash.MaxAcceleration,60000
0900_00,Steps,StepCancelShortDash.BrakingDeceleration,30000
0900_00,Steps,StepCancelShortDash.ElapsedTimeToOT,0.033333
0900_00,Steps,StepCancelShortDash.Duration,0.333333
0900_00,Steps,StepCancelShortDash.CoolTime,0.416667
0900_00,Steps,StepCancelShortDash.bIsStopClearSpeed,true
0900_00,Steps,StepCancelShortDash.StopBrakingDeceleration,10000000
0900_00,Steps,StepCancelShortDash.SpCost,1325
0900_00,DragonDash,SpCostIN,500
0900_00,DragonDash,SpCostLP,3920
0900_00,DragonDash,SpCostBK,5200
0900_00,DragonDash,HighSpeedSpCostLP,4900
0900_00,ZBurstDash,SpCostIN,10000
0900_00,ZBurstDash,SpCostLP,11000
0900_00,ZBurstDash,BurstSmashSpCostLP,3500
0900_00,DashUpDown,SpCostUpIN,1000
0900_00,DashUpDown,SpCostUpLP,7840
0900_00,DashUpDown,SpCostDownIN,1000
0900_00,DashUpDown,SpCostDownLP,7840
0900_00,DragonHoming,SpCostIN,250
0900_00,DragonHoming,SpCostLP,3500
0900_02,Character,DestroyedPower,7
0900_02,Character,AbilityFlag.SparkingArmor,false
0900_02,Character,AbilityFlag.bCanHighSpeedMove,false
0900_02,Character,AbilityFlag.bCanSuperHighSpeedMove,false
0900_02,Character,ActionFlag.PowerPress,true
0900_02,Character,ActionFlag.TriAttack,true
0900_02,Character,ChaseChangeBlastSlot,EKoratBlastSlotType::BlastSkill1
0900_02,Numeric,Life,40000
0900_02,Numeric,SPAutoRecoverySpeed,1750
0900_02,Numeric,SPAutoRecoverySpeedScaleUnderOneGauge,1.3
0900_02,Numeric,SPChargeSpeed,7
0900_02,Numeric,SPChargeSpeedUnderAutoRecoveryLimit,10.5
0900_02,Numeric,SparkingModeGaugeDecreaseSpeed,2800
0900_02,Numeric,BlastStock,6
0900_02,Numeric,AttackChargeSpeedsBySmashLevel[0],3
0900_02,Numeric,AttackChargeSpeedsBySmashLevel[1],5.4
0900_02,Numeric,AttackChargeSpeedsBySmashLevel[2],7.5
0900_02,Numeric,PursuitBaseLimit,3
0900_02,Numeric,PursuitLimitDragonHoming,0
0900_02,Numeric,PursuitLimitVanishingAttack,0
0900_02,Numeric,PursuitBaseLimitAddAtSparking,2
0900_02,Numeric,PursuitLimitDragonHomingAddAtSparking,0
0900_02,Numeric,PursuitLimitVanishingAttackAddAtSparking,0
0900_02,Numeric,PursuitLimitLightningAttackAddAtSparking,0
0900_02,Numeric,IdealPositionMidAirKick,68
0900_02,Numeric,ReactionSplitHighBorder,0.7
0900_02,Numeric,ReactionSplitMidBorder,0.35
0900_02,Numeric,ReactionSplitLowBorder,0.175
0900_02,Numeric,BulletNum,8
0900_02,Numeric,JumpBulletNum,7
0900_02,Numeric,JumpBulletSetNum,1
0900_02,Numeric,RushBulletLimit,8
0900_02,Numeric,SmashBulletLimit,1
0900_02,Numeric,RepelSkillGaugeGainRate,1.2
0900_02,Numeric,AttackBreakSkillGaugeGain,0.15
0900_02,Numeric,FastAvoidSkillGaugeGain,0.05
0900_02,Numeric,ThrowBreakSkillGaugeGain,0.1
0900_02,Numeric,BackAttackedSkillGaugeGain,0.03
0900_02,Numeric,LastOneHPSkillGaugeGain,1
0900_02,Numeric,ImpactStartSkillGaugeGain,1
0900_02,Numeric,RushOffsetSkillGaugeGain,0.05
0900_02,Numeric,CollisionOffsetSkillGaugeGain,0.5
0900_02,Numeric,DragonHomingChangeTrajectorySkillGaugeGain,0.1
0900_02,Numeric,BurstSmashGaugeGain,0.1
0900_02,Numeric,ExParam,7
0900_02,Steps,StepShortDash.AddToSpeedScale,60000
0900_02,Steps,StepShortDash.MaxAcceleration,60000
0900_02,Steps,StepShortDash.BrakingDeceleration,30000
0900_02,Steps,StepShortDash.ElapsedTimeToOT,0.033333
0900_02,Steps,StepShortDash.Duration,0.333333
0900_02,Steps,StepShortDash.CoolTime,0.05
0900_02,Steps,StepShortDash.bIsStopClearSpeed,true
0900_02,Steps,StepShortDash.StopBrakingDeceleration,10000000
0900_02,Steps,StepShortDash.SpCost,2650
0900_02,Steps,StepCancelShortDash.AddToSpeedScale,60000
0900_02,Steps,StepCancelShortDash.MaxAcceleration,60000
0900_02,Steps,StepCancelShortDash.BrakingDeceleration,30000
0900_02,Steps,StepCancelShortDash.ElapsedTimeToOT,0.033333
0900_02,Steps,StepCancelShortDash.Duration,0.333333
0900_02,Steps,StepCancelShortDash.CoolTime,0.416667
0900_02,Steps,StepCancelShortDash.bIsStopClearSpeed,true
0900_02,Steps,StepCancelShortDash.StopBrakingDeceleration,10000000
0900_02,Steps,StepCancelShortDash.SpCost,1325
0900_02,DragonDash,SpCostIN,500
0900_02,DragonDash,SpCostLP,3920
0900_02,DragonDash,SpCostBK,5200
0900_02,DragonDash,HighSpeedSpCostLP,4900
0900_02,ZBurstDash,SpCostIN,10000
0900_02,ZBurstDash,SpCostLP,11000
0900_02,ZBurstDash,BurstSmashSpCostLP,3500
0900_02,DashUpDown,SpCostUpIN,1000
0900_02,DashUpDown,SpCostUpLP,7840
0900_02,DashUpDown,SpCostDownIN,1000
0900_02,DashUpDown,SpCostDownLP,7840
0900_02,DragonHoming,SpCostIN,250
0900_02,DragonHoming,SpCostLP,3500
0910_00,Character,AbilityFlag.SparkingArmor,false
0910_00,Character,AbilityFlag.AutoReflect,false
0910_00,Character,AbilityFlag.bCanHighSpeedMove,false
0910_00,Character,AbilityFlag.bCanSuperHighSpeedMove,false
0910_00,Character,ActionFlag.HeavyCrash,true
0910_00,Character,ActionFlag.DawnThrow,true
0910_00,Character,ActionFlag.CannonCombo,true
0910_00,Character,ActionFlag.PowerPress,true
0910_00,Character,ActionFlag.SparkingRush,true
0910_00,Character,ChaseChangeBlastSlot,EKoratBlastSlotType::BlastSkill1
0910_00,Numeric,Life,40000
0910_00,Numeric,InitialSP,10000
0910_00,Numeric,SPAutoRecoverySpeed,1750
0910_00,Numeric,SPAutoRecoverySpeedScaleUnderOneGauge,1.3
0910_00,Numeric,SPChargeSpeed,7
0910_00,Numeric,SPChargeSpeedUnderAutoRecoveryLimit,10.5
0910_00,Numeric,SparkingModeGaugeDecreaseSpeed,2800
0910_00,Numeric,BlastStock,4
0910_00,Numeric,AttackChargeSpeedsBySmashLevel[0],3
0910_00,Numeric,AttackChargeSpeedsBySmashLevel[1],5.4
0910_00,Numeric,AttackChargeSpeedsBySmashLevel[2],7.5
0910_00,Numeric,PursuitBaseLimit,2
0910_00,Numeric,PursuitLimitDragonHoming,0
0910_00,Numeric,PursuitLimitVanishingAttack,0
0910_00,Numeric,PursuitBaseLimitAddAtSparking,2
0910_00,Numeric,PursuitLimitDragonHomingAddAtSparking,0
0910_00,Numeric,PursuitLimitVanishingAttackAddAtSparking,0
0910_00,Numeric,PursuitLimitLightningAttackAddAtSparking,0
0910_00,Numeric,IdealPositionMidAirKick,68
0910_00,Numeric,ReactionSplitHighBorder,0.7
0910_00,Numeric,ReactionSplitMidBorder,0.35
0910_00,Numeric,ReactionSplitLowBorder,0.175
0910_00,Numeric,BulletNum,6
0910_00,Numeric,JumpBulletSetNum,1
0910_00,Numeric,DashBulletNum,3
0910_00,Numeric,RushBulletLimit,6
0910_00,Numeric,SmashBulletLimit,1
0910_00,Numeric,AttackBreakSkillGaugeGain,0.15
0910_00,Numeric,FastAvoidSkillGaugeGain,0.05
0910_00,Numeric,ThrowBreakSkillGaugeGain,0.1
0910_00,Numeric,BackAttackedSkillGaugeGain,0.03
0910_00,Numeric,LastOneHPSkillGaugeGain,1
0910_00,Numeric,ImpactStartSkillGaugeGain,1
0910_00,Numeric,RushOffsetSkillGaugeGain,0.05
0910_00,Numeric,CollisionOffsetSkillGaugeGain,0.5
0910_00,Numeric,DragonHomingChangeTrajectorySkillGaugeGain,0.1
0910_00,Numeric,BurstSmashGaugeGain,0.1
0910_00,Numeric,ExParam,3
0910_00,Steps,StepShortDash.AddToSpeedScale,60000
0910_00,Steps,StepShortDash.MaxAcceleration,60000
0910_00,Steps,StepShortDash.BrakingDeceleration,30000
0910_00,Steps,StepShortDash.ElapsedTimeToOT,0.033333
0910_00,Steps,StepShortDash.Duration,0.333333
0910_00,Steps,StepShortDash.CoolTime,0.05
0910_00,Steps,StepShortDash.bIsStopClearSpeed,true
0910_00,Steps,StepShortDash.StopBrakingDeceleration,10000000
0910_00,Steps,StepShortDash.SpCost,2650
0910_00,Steps,StepCancelShortDash.AddToSpeedScale,60000
0910_00,Steps,StepCancelShortDash.MaxAcceleration,60000
0910_00,Steps,StepCancelShortDash.BrakingDeceleration,30000
0910_00,Steps,StepCancelShortDash.ElapsedTimeToOT,0.033333
0910_00,Steps,StepCancelShortDash.Duration,0.333333
0910_00,Steps,StepCancelShortDash.CoolTime,0.416667
0910_00,Steps,StepCancelShortDash.bIsStopClearSpeed,true
0910_00,Steps,StepCancelShortDash.StopBrakingDeceleration,10000000
0910_00,Steps,StepCancelShortDash.SpCost,1325
0910_00,DragonDash,SpCostIN,500
0910_00,DragonDash,SpCostLP,3920
0910_00,DragonDash,SpCostBK,5200
0910_00,DragonDash,HighSpeedSpCostLP,4900
0910_00,ZBurstDash,SpCostIN,10000
0910_00,ZBurstDash,SpCostLP,11000
0910_00,ZBurstDash,BurstSmashSpCostLP,3500
0910_00,DashUpDown,SpCostUpIN,1000
0910_00,DashUpDown,SpCostUpLP,7840
0910_00,DashUpDown,SpCostDownIN,1000
0910_00,DashUpDown,SpCostDownLP,7840
0910_00,DragonHoming,SpCostIN,250
0910_00,DragonHoming,SpCostLP,3500
0911_00,Character,DestroyedPower,7
0911_00,Character,AbilityFlag.HyperArmor,true
0911_00,Character,AbilityFlag.bCanHighSpeedMove,false
0911_00,Character,AbilityFlag.bCanSuperHighSpeedMove,false
0911_00,Character,ActionFlag.ThrowEscape,true
0911_00,Character,ActionFlag.SpiralSlash,true
0911_00,Character,ActionFlag.RollingHurricane,true
0911_00,Character,ActionFlag.TriAttack,true
0911_00,Character,ActionFlag.AirRush,true
0911_00,Character,ActionFlag.DeltaStorm,true
0911_00,Character,ActionFlag.SparkingRush,true
0911_00,Character,ChaseChangeBlastSlot,EKoratBlastSlotType::BlastSkill1
0911_00,Numeric,Life,45000
0911_00,Numeric,DamageRate,0.9
0911_00,Numeric,InitialSP,30000
0911_00,Numeric,SPAutoRecoverySpeed,1750
0911_00,Numeric,SPAutoRecoverySpeedScaleUnderOneGauge,1.3
0911_00,Numeric,SPChargeSpeed,7
0911_00,Numeric,SPChargeSpeedUnderAutoRecoveryLimit,10.5
0911_00,Numeric,SparkingModeGaugeDecreaseSpeed,2800
0911_00,Numeric,BlastStock,6
0911_00,Numeric,AttackChargeSpeedsBySmashLevel[0],3
0911_00,Numeric,AttackChargeSpeedsBySmashLevel[1],5.4
0911_00,Numeric,AttackChargeSpeedsBySmashLevel[2],7.5
0911_00,Numeric,PursuitBaseLimit,3
0911_00,Numeric,PursuitLimitDragonHoming,0
0911_00,Numeric,PursuitLimitVanishingAttack,0
0911_00,Numeric,PursuitBaseLimitAddAtSparking,2
0911_00,Numeric,PursuitLimitDragonHomingAddAtSparking,0
0911_00,Numeric,PursuitLimitVanishingAttackAddAtSparking,0
0911_00,Numeric,PursuitLimitLightningAttackAddAtSparking,0
0911_00,Numeric,IdealPositionMidAirKick,76
0911_00,Numeric,ReactionSplitHighBorder,0.6
0911_00,Numeric,ReactionSplitMidBorder,0.4
0911_00,Numeric,ReactionSplitLowBorder,0.2
0911_00,Numeric,BulletNum,8
0911_00,Numeric,JumpBulletNum,5
0911_00,Numeric,JumpBulletSetNum,1
0911_00,Numeric,RushBulletLimit,8
0911_00,Numeric,SmashBulletLimit,1
0911_00,Numeric,RepelSkillGaugeGainRate,1.2
0911_00,Numeric,AttackBreakSkillGaugeGain,0.15
0911_00,Numeric,FastAvoidSkillGaugeGain,0.05
0911_00,Numeric,ThrowBreakSkillGaugeGain,0.1
0911_00,Numeric,BackAttackedSkillGaugeGain,0.03
0911_00,Numeric,LastOneHPSkillGaugeGain,1
0911_00,Numeric,ImpactStartSkillGaugeGain,1
0911_00,Numeric,RushOffsetSkillGaugeGain,0.05
0911_00,Numeric,CollisionOffsetSkillGaugeGain,0.5
0911_00,Numeric,DragonHomingChangeTrajectorySkillGaugeGain,0.1
0911_00,Numeric,BurstSmashGaugeGain,0.1
0911_00,Numeric,ExParam,12
0911_00,Steps,StepShortDash.AddToSpeedScale,60000
0911_00,Steps,StepShortDash.MaxAcceleration,50000
0911_00,Steps,StepShortDash.BrakingDeceleration,20000
0911_00,Steps,StepShortDash.ElapsedTimeToOT,0.033333
0911_00,Steps,StepShortDash.Duration,0.333333
0911_00,Steps,StepShortDash.CoolTime,0.05
0911_00,Steps,StepShortDash.bIsStopClearSpeed,true
0911_00,Steps,StepShortDash.StopBrakingDeceleration,10000000
0911_00,Steps,StepShortDash.SpCost,3850
0911_00,Steps,StepCancelShortDash.AddToSpeedScale,60000
0911_00,Steps,StepCancelShortDash.MaxAcceleration,50000
0911_00,Steps,StepCancelShortDash.BrakingDeceleration,20000
0911_00,Steps,StepCancelShortDash.ElapsedTimeToOT,0.033333
0911_00,Steps,StepCancelShortDash.Duration,0.333333
0911_00,Steps,StepCancelShortDash.CoolTime,0.416667
0911_00,Steps,StepCancelShortDash.bIsStopClearSpeed,true
0911_00,Steps,StepCancelShortDash.StopBrakingDeceleration,10000000
0911_00,Steps,StepCancelShortDash.SpCost,1925
0911_00,DragonDash,SpCostIN,500
0911_00,DragonDash,SpCostLP,3920
0911_00,DragonDash,SpCostBK,5200
0911_00,DragonDash,HighSpeedSpCostLP,4900
0911_00,ZBurstDash,SpCostIN,10000
0911_00,ZBurstDash,SpCostLP,11000
0911_00,ZBurstDash,BurstSmashSpCostLP,3500
0911_00,DashUpDown,SpCostUpIN,1000
0911_00,DashUpDown,SpCostUpLP,7840
0911_00,DashUpDown,SpCostDownIN,1000
0911_00,DashUpDown,SpCostDownLP,7840
0911_00,DragonHoming,SpCostIN,250
0911_00,DragonHoming,SpCostLP,3500
0912_00,Character,DestroyedPower,6
0912_00,Character,AbilityFlag.SparkingArmor,false
0912_00,Character,AbilityFlag.AutoReflect,false
0912_00,Character,AbilityFlag.bCanHighSpeedMove,false
0912_00,Character,AbilityFlag.bCanSuperHighSpeedMove,false
0912_00,Character,ActionFlag.CannonCombo,true
0912_00,Character,ActionFlag.PowerPress,true
0912_00,Character,ActionFlag.TriAttack,true
0912_00,Character,ActionFlag.AirRush,true
0912_00,Character,ChaseChangeBlastSlot,EKoratBlastSlotType::BlastSkill2
0912_00,Numeric,Life,40000
0912_00,Numeric,InitialSP,30000
0912_00,Numeric,SPAutoRecoverySpeed,1750
0912_00,Numeric,SPAutoRecoverySpeedScaleUnderOneGauge,1.3
0912_00,Numeric,SPChargeSpeed,7
0912_00,Numeric,SPChargeSpeedUnderAutoRecoveryLimit,10.5
0912_00,Numeric,SparkingModeGaugeDecreaseSpeed,2800
0912_00,Numeric,BlastStock,6
0912_00,Numeric,AttackChargeSpeedsBySmashLevel[0],3
0912_00,Numeric,AttackChargeSpeedsBySmashLevel[1],5.4
0912_00,Numeric,AttackChargeSpeedsBySmashLevel[2],7.5
0912_00,Numeric,PursuitBaseLimit,3
0912_00,Numeric,PursuitLimitDragonHoming,0
0912_00,Numeric,PursuitLimitVanishingAttack,0
0912_00,Numeric,PursuitBaseLimitAddAtSparking,1
0912_00,Numeric,PursuitLimitDragonHomingAddAtSparking,0
0912_00,Numeric,PursuitLimitVanishingAttackAddAtSparking,0
0912_00,Numeric,PursuitLimitLightningAttackAddAtSparking,0
0912_00,Numeric,IdealPositionMidAirKick,68
0912_00,Numeric,ReactionSplitHighBorder,0.7
0912_00,Numeric,ReactionSplitMidBorder,0.35
0912_00,Numeric,ReactionSplitLowBorder,0.175
0912_00,Numeric,BulletNum,8
0912_00,Numeric,JumpBulletNum,7
0912_00,Numeric,JumpBulletSetNum,1
0912_00,Numeric,DashBulletNum,5
0912_00,Numeric,RushBulletLimit,8
0912_00,Numeric,SmashBulletLimit,1
0912_00,Numeric,RepelSkillGaugeGainRate,1.2
0912_00,Numeric,AttackBreakSkillGaugeGain,0.15
0912_00,Numeric,FastAvoidSkillGaugeGain,0.05
0912_00,Numeric,ThrowBreakSkillGaugeGain,0.1
0912_00,Numeric,BackAttackedSkillGaugeGain,0.03
0912_00,Numeric,LastOneHPSkillGaugeGain,1
0912_00,Numeric,ImpactStartSkillGaugeGain,1
0912_00,Numeric,RushOffsetSkillGaugeGain,0.05
0912_00,Numeric,CollisionOffsetSkillGaugeGain,0.5
0912_00,Numeric,DragonHomingChangeTrajectorySkillGaugeGain,0.1
0912_00,Numeric,BurstSmashGaugeGain,0.1
0912_00,Numeric,ExParam,4
0912_00,Steps,StepShortDash.AddToSpeedScale,60000
0912_00,Steps,StepShortDash.MaxAcceleration,50000
0912_00,Steps,StepShortDash.BrakingDeceleration,20000
0912_00,Steps,StepShortDash.ElapsedTimeToOT,0.033333
0912_00,Steps,StepShortDash.Duration,0.333333
0912_00,Steps,StepShortDash.CoolTime,0.05
0912_00,Steps,StepShortDash.bIsStopClearSpeed,true
0912_00,Steps,StepShortDash.StopBrakingDeceleration,10000000
0912_00,Steps,StepShortDash.SpCost,3850
0912_00,Steps,StepCancelShortDash.AddToSpeedScale,60000
0912_00,Steps,StepCancelShortDash.MaxAcceleration,50000
0912_00,Steps,StepCancelShortDash.BrakingDeceleration,20000
0912_00,Steps,StepCancelShortDash.ElapsedTimeToOT,0.033333
0912_00,Steps,StepCancelShortDash.Duration,0.333333
0912_00,Steps,StepCancelShortDash.CoolTime,0.416667
0912_00,Steps,StepCancelShortDash.bIsStopClearSpeed,true
0912_00,Steps,StepCancelShortDash.StopBrakingDeceleration,10000000
0912_00,Steps,StepCancelShortDash.SpCost,1925
0912_00,DragonDash,SpCostIN,500
0912_00,DragonDash,SpCostLP,3920
0912_00,DragonDash,SpCostBK,5200
0912_00,DragonDash,HighSpeedSpCostLP,4900
0912_00,ZBurstDash,SpCostIN,10000
0912_00,ZBurstDash,SpCostLP,11000
0912_00,ZBurstDash,BurstSmashSpCostLP,3500
0912_00,DashUpDown,SpCostUpIN,1000
0912_00,DashUpDown,SpCostUpLP,7840
0912_00,DashUpDown,SpCostDownIN,1000
0912_00,DashUpDown,SpCostDownLP,7840
0912_00,DragonHoming,SpCostIN,250
0912_00,DragonHoming,SpCostLP,3500
0920_00,Character,DestroyedPower,6
0920_00,Character,AbilityFlag.SparkingArmor,false
0920_00,Character,AbilityFlag.AutoReflect,false
0920_00,Character,AbilityFlag.bCanHighSpeedMove,false
0920_00,Character,AbilityFlag.bCanSuperHighSpeedMove,false
0920_00,Character,ActionFlag.HeavyCrash,true
0920_00,Character,ActionFlag.PowerPress,true
0920_00,Character,ActionFlag.TriAttack,true
0920_00,Character,ChaseChangeBlastSlot,EKoratBlastSlotType::BlastSkill1
0920_00,Numeric,SPAutoRecoverySpeed,1750
0920_00,Numeric,SPAutoRecoverySpeedScaleUnderOneGauge,1.3
0920_00,Numeric,SPChargeSpeed,7
0920_00,Numeric,SPChargeSpeedUnderAutoRecoveryLimit,10.5
0920_00,Numeric,SparkingModeGaugeDecreaseSpeed,2800
0920_00,Numeric,AttackChargeSpeedsBySmashLevel[0],3
0920_00,Numeric,AttackChargeSpeedsBySmashLevel[1],5.4
0920_00,Numeric,AttackChargeSpeedsBySmashLevel[2],7.5
0920_00,Numeric,PursuitBaseLimit,2
0920_00,Numeric,PursuitLimitDragonHoming,0
0920_00,Numeric,PursuitLimitVanishingAttack,0
0920_00,Numeric,PursuitBaseLimitAddAtSparking,2
0920_00,Numeric,PursuitLimitDragonHomingAddAtSparking,0
0920_00,Numeric,PursuitLimitVanishingAttackAddAtSparking,0
0920_00,Numeric,PursuitLimitLightningAttackAddAtSparking,0
0920_00,Numeric,IdealPositionMidAirKick,68
0920_00,Numeric,ReactionSplitHighBorder,0.7
0920_00,Numeric,ReactionSplitMidBorder,0.35
0920_00,Numeric,ReactionSplitLowBorder,0.175
0920_00,Numeric,JumpBulletNum,7
0920_00,Numeric,JumpBulletSetNum,1
0920_00,Numeric,DashBulletNum,5
0920_00,Numeric,RushBulletLimit,10
0920_00,Numeric,SmashBulletLimit,1
0920_00,Numeric,RepelSkillGaugeGainRate,1.1
0920_00,Numeric,AttackBreakSkillGaugeGain,0.15
0920_00,Numeric,FastAvoidSkillGaugeGain,0.05
0920_00,Numeric,ThrowBreakSkillGaugeGain,0.1
0920_00,Numeric,BackAttackedSkillGaugeGain,0.03
0920_00,Numeric,LastOneHPSkillGaugeGain,1
0920_00,Numeric,ImpactStartSkillGaugeGain,1
0920_00,Numeric,RushOffsetSkillGaugeGain,0.05
0920_00,Numeric,CollisionOffsetSkillGaugeGain,0.5
0920_00,Numeric,DragonHomingChangeTrajectorySkillGaugeGain,0.1
0920_00,Numeric,BurstSmashGaugeGain,0.1
0920_00,Numeric,ExParam,6
0920_00,Steps,StepShortDash.AddToSpeedScale,60000
0920_00,Steps,StepShortDash.MaxAcceleration,60000
0920_00,Steps,StepShortDash.BrakingDeceleration,30000
0920_00,Steps,StepShortDash.ElapsedTimeToOT,0.033333
0920_00,Steps,StepShortDash.Duration,0.333333
0920_00,Steps,StepShortDash.CoolTime,0.05
0920_00,Steps,StepShortDash.bIsStopClearSpeed,true
0920_00,Steps,StepShortDash.StopBrakingDeceleration,10000000
0920_00,Steps,StepShortDash.SpCost,2650
0920_00,Steps,StepCancelShortDash.AddToSpeedScale,60000
0920_00,Steps,StepCancelShortDash.MaxAcceleration,60000
0920_00,Steps,StepCancelShortDash.BrakingDeceleration,30000
0920_00,Steps,StepCancelShortDash.ElapsedTimeToOT,0.033333
0920_00,Steps,StepCancelShortDash.Duration,0.333333
0920_00,Steps,StepCancelShortDash.CoolTime,0.416667
0920_00,Steps,StepCancelShortDash.bIsStopClearSpeed,true
0920_00,Steps,StepCancelShortDash.StopBrakingDeceleration,10000000
0920_00,Steps,StepCancelShortDash.SpCost,1325
0920_00,DragonDash,SpCostIN,500
0920_00,DragonDash,SpCostLP,3920
0920_00,DragonDash,SpCostBK,5200
0920_00,DragonDash,HighSpeedSpCostLP,4900
0920_00,ZBurstDash,SpCostIN,10000
0920_00,ZBurstDash,SpCostLP,11000
0920_00,ZBurstDash,BurstSmashSpCostLP,3500
0920_00,DashUpDown,SpCostUpIN,1000
0920_00,DashUpDown,SpCostUpLP,7840
0920_00,DashUpDown,SpCostDownIN,1000
0920_00,DashUpDown,SpCostDownLP,7840
0920_00,DragonHoming,SpCostIN,250
0920_00,DragonHoming,SpCostLP,3500
0920_01,Character,DestroyedPower,7
0920_01,Character,AbilityFlag.SparkingArmor,false
0920_01,Character,ActionFlag.PowerPress,true
0920_01,Character,ChaseChangeBlastSlot,EKoratBlastSlotType::BlastSkill1
0920_01,Numeric,SPAutoRecoverySpeed,1750
0920_01,Numeric,SPAutoRecoverySpeedScaleUnderOneGauge,1.3
0920_01,Numeric,SPChargeSpeed,7
0920_01,Numeric,SPChargeSpeedUnderAutoRecoveryLimit,10.5
0920_01,Numeric,SparkingModeGaugeDecreaseSpeed,2800
0920_01,Numeric,AttackChargeSpeedsBySmashLevel[0],3
0920_01,Numeric,AttackChargeSpeedsBySmashLevel[1],5.4
0920_01,Numeric,AttackChargeSpeedsBySmashLevel[2],7.5
0920_01,Numeric,PursuitBaseLimit,2
0920_01,Numeric,PursuitLimitDragonHoming,0
0920_01,Numeric,PursuitLimitVanishingAttack,0
0920_01,Numeric,PursuitBaseLimitAddAtSparking,2
0920_01,Numeric,PursuitLimitDragonHomingAddAtSparking,0
0920_01,Numeric,PursuitLimitVanishingAttackAddAtSparking,0
0920_01,Numeric,PursuitLimitLightningAttackAddAtSparking,0
0920_01,Numeric,IdealPositionMidAirKick,62
0920_01,Numeric,ReactionSplitHighBorder,0.7
0920_01,Numeric,ReactionSplitMidBorder,0.35
0920_01,Numeric,ReactionSplitLowBorder,0.175
0920_01,Numeric,BulletNum,15
0920_01,Numeric,DashBulletNum,6
0920_01,Numeric,RushBulletLimit,15
0920_01,Numeric,SmashBulletLimit,1
0920_01,Numeric,RepelSkillGaugeGainRate,1.1
0920_01,Numeric,AttackBreakSkillGaugeGain,0.15
0920_01,Numeric,FastAvoidSkillGaugeGain,0.05
0920_01,Numeric,ThrowBreakSkillGaugeGain,0.1
0920_01,Numeric,BackAttackedSkillGaugeGain,0.03
0920_01,Numeric,LastOneHPSkillGaugeGain,1
0920_01,Numeric,ImpactStartSkillGaugeGain,1
0920_01,Numeric,RushOffsetSkillGaugeGain,0.05
0920_01,Numeric,CollisionOffsetSkillGaugeGain,0.5
0920_01,Numeric,DragonHomingChangeTrajectorySkillGaugeGain,0.1
0920_01,Numeric,BurstSmashGaugeGain,0.1
0920_01,Numeric,ExParam,7
0920_01,Steps,StepShortDash.AddToSpeedScale,60000
0920_01,Steps,StepShortDash.MaxAcceleration,60000
0920_01,Steps,StepShortDash.BrakingDeceleration,30000
0920_01,Steps,StepShortDash.ElapsedTimeToOT,0.033333
0920_01,Steps,StepShortDash.Duration,0.333333
0920_01,Steps,StepShortDash.CoolTime,0.05
0920_01,Steps,StepShortDash.bIsStopClearSpeed,true
0920_01,Steps,StepShortDash.StopBrakingDeceleration,10000000
0920_01,Steps,StepShortDash.SpCost,2650
0920_01,Steps,StepCancelShortDash.AddToSpeedScale,60000
0920_01,Steps,StepCancelShortDash.MaxAcceleration,60000
0920_01,Steps,StepCancelShortDash.BrakingDeceleration,30000
0920_01,Steps,StepCancelShortDash.ElapsedTimeToOT,0.033333
0920_01,Steps,StepCancelShortDash.Duration,0.333333
0920_01,Steps,StepCancelShortDash.CoolTime,0.416667
0920_01,Steps,StepCancelShortDash.bIsStopClearSpeed,true
0920_01,Steps,StepCancelShortDash.StopBrakingDeceleration,10000000
0920_01,Steps,StepCancelShortDash.SpCost,1325
0920_01,DragonDash,SpCostIN,500
0920_01,DragonDash,SpCostLP,3920
0920_01,DragonDash,SpCostBK,5200
0920_01,DragonDash,HighSpeedSpCostLP,4900
0920_01,ZBurstDash,SpCostIN,10000
0920_01,ZBurstDash,SpCostLP,11000
0920_01,ZBurstDash,BurstSmashSpCostLP,3500
0920_01,DashUpDown,SpCostUpIN,1000
0920_01,DashUpDown,SpCostUpLP,7840
0920_01,DashUpDown,SpCostDownIN,1000
0920_01,DashUpDown,SpCostDownLP,7840
0920_01,DragonHoming,SpCostIN,250
0920_01,DragonHoming,SpCostLP,3500
0920_02,Character,DestroyedPower,8
0920_02,Character,AbilityFlag.SparkingArmor,false
0920_02,Character,ActionFlag.CannonCombo,true
0920_02,Character,ActionFlag.PowerPress,true
0920_02,Character,ActionFlag.TriAttack,true
0920_02,Character,ActionFlag.DeltaStorm,true
0920_02,Character,ChaseChangeBlastSlot,EKoratBlastSlotType::BlastSkill1
0920_02,Numeric,SPAutoRecoverySpeed,1750
0920_02,Numeric,SPAutoRecoverySpeedScaleUnderOneGauge,1.3
0920_02,Numeric,SPChargeSpeed,7
0920_02,Numeric,SPChargeSpeedUnderAutoRecoveryLimit,10.5
0920_02,Numeric,SparkingModeGaugeDecreaseSpeed,2800
0920_02,Numeric,BlastStock,6
0920_02,Numeric,AttackChargeSpeedsBySmashLevel[0],3
0920_02,Numeric,AttackChargeSpeedsBySmashLevel[1],5.4
0920_02,Numeric,AttackChargeSpeedsBySmashLevel[2],7.5
0920_02,Numeric,PursuitBaseLimit,3
0920_02,Numeric,PursuitLimitDragonHoming,0
0920_02,Numeric,PursuitLimitVanishingAttack,0
0920_02,Numeric,PursuitBaseLimitAddAtSparking,2
0920_02,Numeric,PursuitLimitDragonHomingAddAtSparking,0
0920_02,Numeric,PursuitLimitVanishingAttackAddAtSparking,0
0920_02,Numeric,PursuitLimitLightningAttackAddAtSparking,0
0920_02,Numeric,IdealPositionMidAirKick,68
0920_02,Numeric,ReactionSplitHighBorder,0.7
0920_02,Numeric,ReactionSplitMidBorder,0.35
0920_02,Numeric,ReactionSplitLowBorder,0.175
0920_02,Numeric,BulletNum,20
0920_02,Numeric,JumpBulletNum,3
0920_02,Numeric,JumpBulletSetNum,3
0920_02,Numeric,DashBulletNum,7
0920_02,Numeric,RushBulletLimit,20
0920_02,Numeric,SmashBulletLimit,1
0920_02,Numeric,RepelSkillGaugeGainRate,1.2
0920_02,Numeric,AttackBreakSkillGaugeGain,0.15
0920_02,Numeric,FastAvoidSkillGaugeGain,0.05
0920_02,Numeric,ThrowBreakSkillGaugeGain,0.1
0920_02,Numeric,BackAttackedSkillGaugeGain,0.03
0920_02,Numeric,LastOneHPSkillGaugeGain,1
0920_02,Numeric,ImpactStartSkillGaugeGain,1
0920_02,Numeric,RushOffsetSkillGaugeGain,0.05
0920_02,Numeric,CollisionOffsetSkillGaugeGain,0.5
0920_02,Numeric,DragonHomingChangeTrajectorySkillGaugeGain,0.1
0920_02,Numeric,BurstSmashGaugeGain,0.1
0920_02,Numeric,ExParam,7
0920_02,Steps,StepShortDash.AddToSpeedScale,60000
0920_02,Steps,StepShortDash.MaxAcceleration,60000
0920_02,Steps,StepShortDash.BrakingDeceleration,30000
0920_02,Steps,StepShortDash.ElapsedTimeToOT,0.033333
0920_02,Steps,StepShortDash.Duration,0.333333
0920_02,Steps,StepShortDash.CoolTime,0.05
0920_02,Steps,StepShortDash.bIsStopClearSpeed,true
0920_02,Steps,StepShortDash.StopBrakingDeceleration,10000000
0920_02,Steps,StepShortDash.SpCost,2650
0920_02,Steps,StepCancelShortDash.AddToSpeedScale,60000
0920_02,Steps,StepCancelShortDash.MaxAcceleration,60000
0920_02,Steps,StepCancelShortDash.BrakingDeceleration,30000
0920_02,Steps,StepCancelShortDash.ElapsedTimeToOT,0.033333
0920_02,Steps,StepCancelShortDash.Duration,0.333333
0920_02,Steps,StepCancelShortDash.CoolTime,0.416667
0920_02,Steps,StepCancelShortDash.bIsStopClearSpeed,true
0920_02,Steps,StepCancelShortDash.StopBrakingDeceleration,10000000
0920_02,Steps,StepCancelShortDash.SpCost,1325
0920_02,DragonDash,SpCostIN,500
0920_02,DragonDash,SpCostLP,3920
0920_02,DragonDash,SpCostBK,5200
0920_02,DragonDash,HighSpeedSpCostLP,4900
0920_02,ZBurstDash,SpCostIN,10000
0920_02,ZBurstDash,SpCostLP,11000
0920_02,ZBurstDash,BurstSmashSpCostLP,3500
0920_02,DashUpDown,SpCostUpIN,1000
0920_02,DashUpDown,SpCostUpLP,7840
0920_02,DashUpDown,SpCostDownIN,1000
0920_02,DashUpDown,SpCostDownLP,7840
0920_02,DragonHoming,SpCostIN,250
0920_02,DragonHoming,SpCostLP,3500
0930_00,Character,DestroyedPower,8
0930_00,Character,AbilityFlag.SparkingArmor,false
0930_00,Character,AbilityFlag.bCanSuperHighSpeedMove,false
0930_00,Character,ActionFlag.PowerPress,true
0930_00,Character,ActionFlag.AirRush,true
0930_00,Character,ChaseChangeBlastSlot,EKoratBlastSlotType::BlastSkill1
0930_00,Numeric,Life,40000
0930_00,Numeric,SPAutoRecoverySpeed,1750
0930_00,Numeric,SPAutoRecoverySpeedScaleUnderOneGauge,1.3
0930_00,Numeric,SPChargeSpeed,7
0930_00,Numeric,SPChargeSpeedUnderAutoRecoveryLimit,10.5
0930_00,Numeric,SparkingModeGaugeDecreaseSpeed,2800
0930_00,Numeric,BlastStock,6
0930_00,Numeric,AttackChargeSpeedsBySmashLevel[0],3
0930_00,Numeric,AttackChargeSpeedsBySmashLevel[1],5.4
0930_00,Numeric,AttackChargeSpeedsBySmashLevel[2],7.5
0930_00,Numeric,PursuitBaseLimit,3
0930_00,Numeric,PursuitLimitDragonHoming,0
0930_00,Numeric,PursuitLimitVanishingAttack,0
0930_00,Numeric,PursuitBaseLimitAddAtSparking,2
0930_00,Numeric,PursuitLimitDragonHomingAddAtSparking,0
0930_00,Numeric,PursuitLimitVanishingAttackAddAtSparking,0
0930_00,Numeric,PursuitLimitLightningAttackAddAtSparking,0
0930_00,Numeric,IdealPositionMidAirKick,78
0930_00,Numeric,ReactionSplitHighBorder,0.6
0930_00,Numeric,ReactionSplitMidBorder,0.4
0930_00,Numeric,ReactionSplitLowBorder,0.2
0930_00,Numeric,JumpBulletNum,7
0930_00,Numeric,JumpBulletSetNum,1
0930_00,Numeric,DashBulletNum,5
0930_00,Numeric,RushBulletLimit,10
0930_00,Numeric,SmashBulletLimit,1
0930_00,Numeric,RepelSkillGaugeGainRate,1.2
0930_00,Numeric,AttackBreakSkillGaugeGain,0.15
0930_00,Numeric,FastAvoidSkillGaugeGain,0.05
0930_00,Numeric,ThrowBreakSkillGaugeGain,0.1
0930_00,Numeric,BackAttackedSkillGaugeGain,0.03
0930_00,Numeric,LastOneHPSkillGaugeGain,1
0930_00,Numeric,ImpactStartSkillGaugeGain,1
0930_00,Numeric,RushOffsetSkillGaugeGain,0.05
0930_00,Numeric,CollisionOffsetSkillGaugeGain,0.5
0930_00,Numeric,DragonHomingChangeTrajectorySkillGaugeGain,0.1
0930_00,Numeric,BurstSmashGaugeGain,0.1
0930_00,Numeric,ExParam,4
0930_00,Steps,StepShortDash.AddToSpeedScale,60000
0930_00,Steps,StepShortDash.MaxAcceleration,60000
0930_00,Steps,StepShortDash.BrakingDeceleration,30000
0930_00,Steps,StepShortDash.ElapsedTimeToOT,0.033333
0930_00,Steps,StepShortDash.Duration,0.333333
0930_00,Steps,StepShortDash.CoolTime,0.05
0930_00,Steps,StepShortDash.bIsStopClearSpeed,true
0930_00,Steps,StepShortDash.StopBrakingDeceleration,10000000
0930_00,Steps,StepShortDash.SpCost,2650
0930_00,Steps,StepCancelShortDash.AddToSpeedScale,60000
0930_00,Steps,StepCancelShortDash.MaxAcceleration,60000
0930_00,Steps,StepCancelShortDash.BrakingDeceleration,30000
0930_00,Steps,StepCancelShortDash.ElapsedTimeToOT,0.033333
0930_00,Steps,StepCancelShortDash.Duration,0.333333
0930_00,Steps,StepCancelShortDash.CoolTime,0.416667
0930_00,Steps,StepCancelShortDash.bIsStopClearSpeed,true
0930_00,Steps,StepCancelShortDash.StopBrakingDeceleration,10000000
0930_00,Steps,StepCancelShortDash.SpCost,1325
0930_00,DragonDash,SpCostIN,500
0930_00,DragonDash,SpCostLP,3920
0930_00,DragonDash,SpCostBK,5200
0930_00,DragonDash,HighSpeedSpCostLP,4900
0930_00,ZBurstDash,SpCostIN,10000
0930_00,ZBurstDash,SpCostLP,11000
0930_00,ZBurstDash,BurstSmashSpCostLP,3500
0930_00,DashUpDown,SpCostUpIN,1000
0930_00,DashUpDown,SpCostUpLP,7840
0930_00,DashUpDown,SpCostDownIN,1000
0930_00,DashUpDown,SpCostDownLP,7840
0930_00,DragonHoming,SpCostIN,250
0930_00,DragonHoming,SpCostLP,3500
0931_00,Character,DestroyedPower,9
0931_00,Character,ActionFlag.CannonCombo,true
0931_00,Character,ActionFlag.SpiralSlash,true
0931_00,Character,ActionFlag.RollingHurricane,true
0931_00,Character,ActionFlag.TriAttack,true
0931_00,Character,ActionFlag.AirRush,true
0931_00,Character,ChaseChangeBlastSlot,EKoratBlastSlotType::BlastSkill1
0931_00,Numeric,DamageRate,0.97
0931_00,Numeric,InitialSP,30000
0931_00,Numeric,SPAutoRecoverySpeed,2000
0931_00,Numeric,SPAutoRecoverySpeedScaleUnderOneGauge,1.3
0931_00,Numeric,SPChargeSpeed,6
0931_00,Numeric,SPChargeSpeedUnderAutoRecoveryLimit,9
0931_00,Numeric,SparkingModeGaugeDecreaseSpeed,2800
0931_00,Numeric,BlastStock,6
0931_00,Numeric,AttackChargeSpeedsBySmashLevel[0],3
0931_00,Numeric,AttackChargeSpeedsBySmashLevel[1],5.4
0931_00,Numeric,AttackChargeSpeedsBySmashLevel[2],7.5
0931_00,Numeric,PursuitBaseLimit,4
0931_00,Numeric,PursuitLimitDragonHoming,0
0931_00,Numeric,PursuitLimitVanishingAttack,0
0931_00,Numeric,PursuitBaseLimitAddAtSparking,2
0931_00,Numeric,PursuitLimitDragonHomingAddAtSparking,0
0931_00,Numeric,PursuitLimitVanishingAttackAddAtSparking,0
0931_00,Numeric,PursuitLimitLightningAttackAddAtSparking,0
0931_00,Numeric,IdealPositionMidAirKick,82
0931_00,Numeric,ReactionSplitHighBorder,0.6
0931_00,Numeric,ReactionSplitMidBorder,0.4
0931_00,Numeric,ReactionSplitLowBorder,0.2
0931_00,Numeric,BulletNum,19
0931_00,Numeric,DashBulletNum,6
0931_00,Numeric,RushBulletLimit,19
0931_00,Numeric,SmashBulletLimit,1
0931_00,Numeric,RepelSkillGaugeGainRate,1.2
0931_00,Numeric,AttackBreakSkillGaugeGain,0.15
0931_00,Numeric,FastAvoidSkillGaugeGain,0.05
0931_00,Numeric,ThrowBreakSkillGaugeGain,0.1
0931_00,Numeric,BackAttackedSkillGaugeGain,0.03
0931_00,Numeric,LastOneHPSkillGaugeGain,1
0931_00,Numeric,ImpactStartSkillGaugeGain,1
0931_00,Numeric,RushOffsetSkillGaugeGain,0.05
0931_00,Numeric,CollisionOffsetSkillGaugeGain,0.5
0931_00,Numeric,DragonHomingChangeTrajectorySkillGaugeGain,0.1
0931_00,Numeric,BurstSmashGaugeGain,0.1
0931_00,Numeric,ExParam,6
0931_00,Steps,StepShortDash.AddToSpeedScale,60000
0931_00,Steps,StepShortDash.MaxAcceleration,60000
0931_00,Steps,StepShortDash.BrakingDeceleration,30000
0931_00,Steps,StepShortDash.ElapsedTimeToOT,0.033333
0931_00,Steps,StepShortDash.Duration,0.333333
0931_00,Steps,StepShortDash.CoolTime,0.05
0931_00,Steps,StepShortDash.bIsStopClearSpeed,true
0931_00,Steps,StepShortDash.StopBrakingDeceleration,10000000
0931_00,Steps,StepShortDash.SpCost,2650
0931_00,Steps,StepCancelShortDash.AddToSpeedScale,60000
0931_00,Steps,StepCancelShortDash.MaxAcceleration,60000
0931_00,Steps,StepCancelShortDash.BrakingDeceleration,30000
0931_00,Steps,StepCancelShortDash.ElapsedTimeToOT,0.033333
0931_00,Steps,StepCancelShortDash.Duration,0.333333
0931_00,Steps,StepCancelShortDash.CoolTime,0.416667
0931_00,Steps,StepCancelShortDash.bIsStopClearSpeed,true
0931_00,Steps,StepCancelShortDash.StopBrakingDeceleration,10000000
0931_00,Steps,StepCancelShortDash.SpCost,1325
0931_00,DragonDash,SpCostIN,500
0931_00,DragonDash,SpCostLP,3920
0931_00,DragonDash,SpCostBK,5200
0931_00,DragonDash,HighSpeedSpCostLP,4900
0931_00,ZBurstDash,SpCostIN,10000
0931_00,ZBurstDash,SpCostLP,11000
0931_00,ZBurstDash,BurstSmashSpCostLP,3500
0931_00,DashUpDown,SpCostUpIN,1000
0931_00,DashUpDown,SpCostUpLP,7840
0931_00,DashUpDown,SpCostDownIN,1000
0931_00,DashUpDown,SpCostDownLP,7840
0931_00,DragonHoming,SpCostIN,250
0931_00,DragonHoming,SpCostLP,3500
0940_00,Character,DestroyedPower,7
0940_00,Character,AbilityFlag.SparkingArmor,false
0940_00,Character,AbilityFlag.bCanHighSpeedMove,false
0940_00,Character,AbilityFlag.bCanSuperHighSpeedMove,false
0940_00,Character,ActionFlag.SpiralSlash,true
0940_00,Character,ActionFlag.PowerPress,true
0940_00,Character,ActionFlag.TriAttack,true
0940_00,Character,ActionFlag.AirRush,true
0940_00,Character,ActionFlag.DeltaStorm,true
0940_00,Character,ChaseChangeBlastSlot,EKoratBlastSlotType::BlastSkill1
0940_00,Numeric,Life,40000
0940_00,Numeric,SPAutoRecoverySpeed,1750
0940_00,Numeric,SPAutoRecoverySpeedScaleUnderOneGauge,1.3
0940_00,Numeric,SPChargeSpeed,7
0940_00,Numeric,SPChargeSpeedUnderAutoRecoveryLimit,10.5
0940_00,Numeric,SparkingModeGaugeDecreaseSpeed,2800
0940_00,Numeric,GuardCrashedByCombativesBlastSpDamageRate,0.75
0940_00,Numeric,AttackChargeSpeedsBySmashLevel[0],3
0940_00,Numeric,AttackChargeSpeedsBySmashLevel[1],5.4
0940_00,Numeric,AttackChargeSpeedsBySmashLevel[2],7.5
0940_00,Numeric,PursuitBaseLimit,3
0940_00,Numeric,PursuitLimitDragonHoming,0
0940_00,Numeric,PursuitLimitVanishingAttack,0
0940_00,Numeric,PursuitBaseLimitAddAtSparking,1
0940_00,Numeric,PursuitLimitDragonHomingAddAtSparking,0
0940_00,Numeric,PursuitLimitVanishingAttackAddAtSparking,0
0940_00,Numeric,PursuitLimitLightningAttackAddAtSparking,0
0940_00,Numeric,IdealPositionMidAirKick,104
0940_00,Numeric,ReactionSplitHighBorder,0.6
0940_00,Numeric,ReactionSplitMidBorder,0.4
0940_00,Numeric,ReactionSplitLowBorder,0.2
0940_00,Numeric,BulletNum,999
0940_00,Numeric,JumpBulletNum,7
0940_00,Numeric,JumpBulletSetNum,1
0940_00,Numeric,DashBulletNum,5
0940_00,Numeric,SmashBulletLimit,1
0940_00,Numeric,RepelSkillGaugeGainRate,1.1
0940_00,Numeric,AttackBreakSkillGaugeGain,0.15
0940_00,Numeric,FastAvoidSkillGaugeGain,0.05
0940_00,Numeric,ThrowBreakSkillGaugeGain,0.1
0940_00,Numeric,BackAttackedSkillGaugeGain,0.03
0940_00,Numeric,LastOneHPSkillGaugeGain,1
0940_00,Numeric,ImpactStartSkillGaugeGain,1
0940_00,Numeric,RushOffsetSkillGaugeGain,0.05
0940_00,Numeric,CollisionOffsetSkillGaugeGain,0.5
0940_00,Numeric,DragonHomingChangeTrajectorySkillGaugeGain,0.1
0940_00,Numeric,BurstSmashGaugeGain,0.1
0940_00,Numeric,ExParam,4
0940_00,Steps,StepShortDash.AddToSpeedScale,60000
0940_00,Steps,StepShortDash.MaxAcceleration,60000
0940_00,Steps,StepShortDash.BrakingDeceleration,30000
0940_00,Steps,StepShortDash.ElapsedTimeToOT,0.033333
0940_00,Steps,StepShortDash.Duration,0.333333
0940_00,Steps,StepShortDash.CoolTime,0.05
0940_00,Steps,StepShortDash.bIsStopClearSpeed,true
0940_00,Steps,StepShortDash.StopBrakingDeceleration,10000000
0940_00,Steps,StepShortDash.SpCost,2650
0940_00,Steps,StepCancelShortDash.AddToSpeedScale,60000
0940_00,Steps,StepCancelShortDash.MaxAcceleration,60000
0940_00,Steps,StepCancelShortDash.BrakingDeceleration,30000
0940_00,Steps,StepCancelShortDash.ElapsedTimeToOT,0.033333
0940_00,Steps,StepCancelShortDash.Duration,0.333333
0940_00,Steps,StepCancelShortDash.CoolTime,0.416667
0940_00,Steps,StepCancelShortDash.bIsStopClearSpeed,true
0940_00,Steps,StepCancelShortDash.StopBrakingDeceleration,10000000
0940_00,Steps,StepCancelShortDash.SpCost,1325
0940_00,DragonDash,SpCostIN,500
0940_00,DragonDash,SpCostLP,3920
0940_00,DragonDash,SpCostBK,5200
0940_00,DragonDash,HighSpeedSpCostLP,4900
0940_00,ZBurstDash,SpCostIN,10000
0940_00,ZBurstDash,SpCostLP,11000
0940_00,ZBurstDash,BurstSmashSpCostLP,3500
0940_00,DashUpDown,SpCostUpIN,1000
0940_00,DashUpDown,SpCostUpLP,7840
0940_00,DashUpDown,SpCostDownIN,1000
0940_00,DashUpDown,SpCostDownLP,7840
0940_00,DragonHoming,SpCostIN,250
0940_00,DragonHoming,SpCostLP,3500
0941_00,Character,DestroyedPower,8
0941_00,Character,AbilityFlag.bCanHighSpeedMove,false
0941_00,Character,AbilityFlag.bCanSuperHighSpeedMove,false
0941_00,Character,ActionFlag.ThrowEscape,true
0941_00,Character,ActionFlag.CannonCombo,true
0941_00,Character,ActionFlag.SpiralSlash,true
0941_00,Character,ActionFlag.RollingHurricane,true
0941_00,Character,ActionFlag.TriAttack,true
0941_00,Character,ActionFlag.AirRush,true
0941_00,Character,ActionFlag.DeltaStorm,true
0941_00,Character,ActionFlag.SparkingRush,true
0941_00,Character,ChaseChangeBlastSlot,EKoratBlastSlotType::BlastSkill2
0941_00,Numeric,DamageRate,0.95
0941_00,Numeric,InitialSP,30000
0941_00,Numeric,SPAutoRecoverySpeed,2000
0941_00,Numeric,SPAutoRecoverySpeedScaleUnderOneGauge,1.3
0941_00,Numeric,SPChargeSpeed,6
0941_00,Numeric,SPChargeSpeedUnderAutoRecoveryLimit,9
0941_00,Numeric,SparkingModeGaugeDecreaseSpeed,2800
0941_00,Numeric,GuardCrashedByCombativesBlastSpDamageRate,0.75
0941_00,Numeric,BlastStock,6
0941_00,Numeric,AttackChargeSpeedsBySmashLevel[0],3
0941_00,Numeric,AttackChargeSpeedsBySmashLevel[1],5.4
0941_00,Numeric,AttackChargeSpeedsBySmashLevel[2],7.5
0941_00,Numeric,PursuitBaseLimit,3
0941_00,Numeric,PursuitLimitDragonHoming,0
0941_00,Numeric,PursuitLimitVanishingAttack,0
0941_00,Numeric,PursuitBaseLimitAddAtSparking,2
0941_00,Numeric,PursuitLimitDragonHomingAddAtSparking,0
0941_00,Numeric,PursuitLimitVanishingAttackAddAtSparking,0
0941_00,Numeric,PursuitLimitLightningAttackAddAtSparking,0
0941_00,Numeric,IdealPositionMidAirKick,104
0941_00,Numeric,ReactionSplitHighBorder,0.6
0941_00,Numeric,ReactionSplitMidBorder,0.4
0941_00,Numeric,ReactionSplitLowBorder,0.2
0941_00,Numeric,BulletNum,999
0941_00,Numeric,JumpBulletNum,5
0941_00,Numeric,JumpBulletSetNum,1
0941_00,Numeric,DashBulletNum,5
0941_00,Numeric,SmashBulletLimit,1
0941_00,Numeric,RepelSkillGaugeGainRate,1.2
0941_00,Numeric,AttackBreakSkillGaugeGain,0.15
0941_00,Numeric,FastAvoidSkillGaugeGain,0.05
0941_00,Numeric,ThrowBreakSkillGaugeGain,0.1
0941_00,Numeric,BackAttackedSkillGaugeGain,0.03
0941_00,Numeric,LastOneHPSkillGaugeGain,1
0941_00,Numeric,ImpactStartSkillGaugeGain,1
0941_00,Numeric,RushOffsetSkillGaugeGain,0.05
0941_00,Numeric,CollisionOffsetSkillGaugeGain,0.5
0941_00,Numeric,DragonHomingChangeTrajectorySkillGaugeGain,0.1
0941_00,Numeric,BurstSmashGaugeGain,0.1
0941_00,Numeric,ExParam,1
0941_00,Numeric,AuraType,EKoratBattleAuraType::God
0941_00,Steps,StepShortDash.AddToSpeedScale,60000
0941_00,Steps,StepShortDash.MaxAcceleration,60000
0941_00,Steps,StepShortDash.BrakingDeceleration,30000
0941_00,Steps,StepShortDash.ElapsedTimeToOT,0.033333
0941_00,Steps,StepShortDash.Duration,0.333333
0941_00,Steps,StepShortDash.CoolTime,0.05
0941_00,Steps,StepShortDash.bIsStopClearSpeed,true
0941_00,Steps,StepShortDash.StopBrakingDeceleration,10000000
0941_00,Steps,StepShortDash.SpCost,2650
0941_00,Steps,StepCancelShortDash.AddToSpeedScale,60000
0941_00,Steps,StepCancelShortDash.MaxAcceleration,60000
0941_00,Steps,StepCancelShortDash.BrakingDeceleration,30000
0941_00,Steps,StepCancelShortDash.ElapsedTimeToOT,0.033333
0941_00,Steps,StepCancelShortDash.Duration,0.333333
0941_00,Steps,StepCancelShortDash.CoolTime,0.416667
0941_00,Steps,StepCancelShortDash.bIsStopClearSpeed,true
0941_00,Steps,StepCancelShortDash.StopBrakingDeceleration,10000000
0941_00,Steps,StepCancelShortDash.SpCost,1325
0941_00,DragonDash,SpCostIN,500
0941_00,DragonDash,SpCostLP,3920
0941_00,DragonDash,SpCostBK,5200
0941_00,DragonDash,HighSpeedSpCostLP,4900
0941_00,ZBurstDash,SpCostIN,10000
0941_00,ZBurstDash,SpCostLP,11000
0941_00,ZBurstDash,BurstSmashSpCostLP,3500
0941_00,DashUpDown,SpCostUpIN,1000
0941_00,DashUpDown,SpCostUpLP,7840
0941_00,DashUpDown,SpCostDownIN,1000
0941_00,DashUpDown,SpCostDownLP,7840
0941_00,DragonHoming,SpCostIN,250
0941_00,DragonHoming,SpCostLP,3500
0950_00,Character,DestroyedPower,6
0950_00,Character,AbilityFlag.SparkingArmor,false
0950_00,Character,AbilityFlag.AutoReflect,false
0950_00,Character,ActionFlag.HeavyCrash,true
0950_00,Character,ActionFlag.PowerPress,true
0950_00,Character,ActionFlag.TriAttack,true
0950_00,Character,ChaseChangeBlastSlot,EKoratBlastSlotType::BlastSkill1
0950_00,Numeric,Life,40000
0950_00,Numeric,DamageRate,1.1
0950_00,Numeric,InitialSP,10000
0950_00,Numeric,SPAutoRecoverySpeed,1750
0950_00,Numeric,SPAutoRecoverySpeedScaleUnderOneGauge,1.3
0950_00,Numeric,SPChargeSpeed,7
0950_00,Numeric,SPChargeSpeedUnderAutoRecoveryLimit,10.5
0950_00,Numeric,SparkingModeGaugeDecreaseSpeed,2800
0950_00,Numeric,BlastStock,6
0950_00,Numeric,AttackChargeSpeedsBySmashLevel[0],3
0950_00,Numeric,AttackChargeSpeedsBySmashLevel[1],5.4
0950_00,Numeric,AttackChargeSpeedsBySmashLevel[2],7.5
0950_00,Numeric,PursuitBaseLimit,3
0950_00,Numeric,PursuitLimitDragonHoming,0
0950_00,Numeric,PursuitLimitVanishingAttack,0
0950_00,Numeric,PursuitBaseLimitAddAtSparking,3
0950_00,Numeric,PursuitLimitDragonHomingAddAtSparking,0
0950_00,Numeric,PursuitLimitVanishingAttackAddAtSparking,0
0950_00,Numeric,PursuitLimitLightningAttackAddAtSparking,0
0950_00,Numeric,IdealPositionMidAirKick,68
0950_00,Numeric,ReactionSplitHighBorder,0.7
0950_00,Numeric,ReactionSplitMidBorder,0.35
0950_00,Numeric,ReactionSplitLowBorder,0.175
0950_00,Numeric,BulletNum,6
0950_00,Numeric,JumpBulletNum,7
0950_00,Numeric,JumpBulletSetNum,1
0950_00,Numeric,DashBulletNum,5
0950_00,Numeric,RushBulletLimit,6
0950_00,Numeric,SmashBulletLimit,1
0950_00,Numeric,RepelSkillGaugeGainRate,1.2
0950_00,Numeric,AttackBreakSkillGaugeGain,0.15
0950_00,Numeric,FastAvoidSkillGaugeGain,0.05
0950_00,Numeric,ThrowBreakSkillGaugeGain,0.1
0950_00,Numeric,BackAttackedSkillGaugeGain,0.03
0950_00,Numeric,LastOneHPSkillGaugeGain,1
0950_00,Numeric,ImpactStartSkillGaugeGain,1
0950_00,Numeric,RushOffsetSkillGaugeGain,0.05
0950_00,Numeric,CollisionOffsetSkillGaugeGain,0.5
0950_00,Numeric,DragonHomingChangeTrajectorySkillGaugeGain,0.1
0950_00,Numeric,BurstSmashGaugeGain,0.1
0950_00,Numeric,ExParam,4
0950_00,Steps,StepShortDash.AddToSpeedScale,60000
0950_00,Steps,StepShortDash.MaxAcceleration,50000
0950_00,Steps,StepShortDash.BrakingDeceleration,20000
0950_00,Steps,StepShortDash.ElapsedTimeToOT,0.033333
0950_00,Steps,StepShortDash.Duration,0.333333
0950_00,Steps,StepShortDash.CoolTime,0.05
0950_00,Steps,StepShortDash.bIsStopClearSpeed,true
0950_00,Steps,StepShortDash.StopBrakingDeceleration,10000000
0950_00,Steps,StepShortDash.SpCost,750
0950_00,Steps,StepCancelShortDash.AddToSpeedScale,60000
0950_00,Steps,StepCancelShortDash.MaxAcceleration,50000
0950_00,Steps,StepCancelShortDash.BrakingDeceleration,20000
0950_00,Steps,StepCancelShortDash.ElapsedTimeToOT,0.033333
0950_00,Steps,StepCancelShortDash.Duration,0.333333
0950_00,Steps,StepCancelShortDash.CoolTime,0.416667
0950_00,Steps,StepCancelShortDash.bIsStopClearSpeed,true
0950_00,Steps,StepCancelShortDash.StopBrakingDeceleration,10000000
0950_00,Steps,StepCancelShortDash.SpCost,375
0950_00,DragonDash,SpCostIN,425
0950_00,DragonDash,SpCostLP,3332
0950_00,DragonDash,SpCostBK,4420
0950_00,DragonDash,HighSpeedSpCostLP,4410
0950_00,ZBurstDash,SpCostIN,8500
0950_00,ZBurstDash,SpCostLP,9350
0950_00,ZBurstDash,BurstSmashSpCostLP,2975
0950_00,DashUpDown,SpCostUpIN,850
0950_00,DashUpDown,SpCostUpLP,6664
0950_00,DashUpDown,SpCostDownIN,850
0950_00,DashUpDown,SpCostDownLP,6664
0950_00,DragonHoming,SpCostIN,212.5
0950_00,DragonHoming,SpCostLP,2975
1000_00,Character,DestroyedPower,10
1000_00,Character,AbilityFlag.SparkingArmor,false
1000_00,Character,ActionFlag.PowerPress,true
1000_00,Character,ActionFlag.TriAttack,true
1000_00,Character,ActionFlag.AirRush,true
1000_00,Character,ChaseChangeBlastSlot,EKoratBlastSlotType::BlastSkill1
1000_00,Numeric,Life,45000
1000_00,Numeric,DamageRate,0.95
1000_00,Numeric,InitialSP,30000
1000_00,Numeric,SPAutoRecoverySpeed,2000
1000_00,Numeric,SPAutoRecoverySpeedScaleUnderOneGauge,1.3
1000_00,Numeric,SPChargeSpeed,6
1000_00,Numeric,SPChargeSpeedUnderAutoRecoveryLimit,9
1000_00,Numeric,SparkingModeGaugeDecreaseSpeed,2800
1000_00,Numeric,BlastStock,6
1000_00,Numeric,AttackChargeSpeedsBySmashLevel[0],3
1000_00,Numeric,AttackChargeSpeedsBySmashLevel[1],5.4
1000_00,Numeric,AttackChargeSpeedsBySmashLevel[2],7.5
1000_00,Numeric,PursuitBaseLimit,4
1000_00,Numeric,PursuitLimitDragonHoming,0
1000_00,Numeric,PursuitLimitVanishingAttack,0
1000_00,Numeric,PursuitBaseLimitAddAtSparking,2
1000_00,Numeric,PursuitLimitDragonHomingAddAtSparking,0
1000_00,Numeric,PursuitLimitVanishingAttackAddAtSparking,0
1000_00,Numeric,PursuitLimitLightningAttackAddAtSparking,0
1000_00,Numeric,IdealPositionMidAirKick,68
1000_00,Numeric,ReactionSplitHighBorder,0.7
1000_00,Numeric,ReactionSplitMidBorder,0.35
1000_00,Numeric,ReactionSplitLowBorder,0.175
1000_00,Numeric,BulletNum,16
1000_00,Numeric,DashBulletNum,6
1000_00,Numeric,RushBulletLimit,16
1000_00,Numeric,SmashBulletLimit,1
1000_00,Numeric,RepelSkillGaugeGainRate,1.2
1000_00,Numeric,AttackBreakSkillGaugeGain,0.15
1000_00,Numeric,FastAvoidSkillGaugeGain,0.05
1000_00,Numeric,ThrowBreakSkillGaugeGain,0.1
1000_00,Numeric,BackAttackedSkillGaugeGain,0.03
1000_00,Numeric,LastOneHPSkillGaugeGain,1
1000_00,Numeric,ImpactStartSkillGaugeGain,1
1000_00,Numeric,RushOffsetSkillGaugeGain,0.05
1000_00,Numeric,CollisionOffsetSkillGaugeGain,0.5
1000_00,Numeric,DragonHomingChangeTrajectorySkillGaugeGain,0.1
1000_00,Numeric,BurstSmashGaugeGain,0.1
1000_00,Numeric,AuraType,EKoratBattleAuraType::God
1000_00,Steps,StepShortDash.AddToSpeedScale,60000
1000_00,Steps,StepShortDash.MaxAcceleration,60000
1000_00,Steps,StepShortDash.BrakingDeceleration,30000
1000_00,Steps,StepShortDash.ElapsedTimeToOT,0.033333
1000_00,Steps,StepShortDash.Duration,0.333333
1000_00,Steps,StepShortDash.CoolTime,0.05
1000_00,Steps,StepShortDash.bIsStopClearSpeed,true
1000_00,Steps,StepShortDash.StopBrakingDeceleration,10000000
1000_00,Steps,StepShortDash.SpCost,2650
1000_00,Steps,StepCancelShortDash.AddToSpeedScale,60000
1000_00,Steps,StepCancelShortDash.MaxAcceleration,60000
1000_00,Steps,StepCancelShortDash.BrakingDeceleration,30000
1000_00,Steps,StepCancelShortDash.ElapsedTimeToOT,0.033333
1000_00,Steps,StepCancelShortDash.Duration,0.333333
1000_00,Steps,StepCancelShortDash.CoolTime,0.416667
1000_00,Steps,StepCancelShortDash.bIsStopClearSpeed,true
1000_00,Steps,StepCancelShortDash.StopBrakingDeceleration,10000000
1000_00,Steps,StepCancelShortDash.SpCost,1325
1000_00,DragonDash,SpCostIN,500
1000_00,DragonDash,SpCostLP,3920
1000_00,DragonDash,SpCostBK,5200
1000_00,DragonDash,HighSpeedSpCostLP,4900
1000_00,ZBurstDash,SpCostIN,10000
1000_00,ZBurstDash,SpCostLP,11000
1000_00,ZBurstDash,BurstSmashSpCostLP,3500
1000_00,DashUpDown,SpCostUpIN,1000
1000_00,DashUpDown,SpCostUpLP,7840
1000_00,DashUpDown,SpCostDownIN,1000
1000_00,DashUpDown,SpCostDownLP,7840
1000_00,DragonHoming,SpCostIN,250
1000_00,DragonHoming,SpCostLP,3500
1190_00,Character,AbilityFlag.AutoReflect,false
1190_00,Character,AbilityFlag.bCanHighSpeedMove,false
1190_00,Character,AbilityFlag.bCanSuperHighSpeedMove,false
1190_00,Character,ActionFlag.CannonCombo,true
1190_00,Character,ActionFlag.PowerPress,true
1190_00,Character,ActionFlag.TriAttack,true
1190_00,Character,ActionFlag.DeltaStorm,true
1190_00,Character,ChaseChangeBlastSlot,EKoratBlastSlotType::BlastSkill1
1190_00,Numeric,Life,40000
1190_00,Numeric,SPAutoRecoverySpeed,1750
1190_00,Numeric,SPAutoRecoverySpeedScaleUnderOneGauge,1.3
1190_00,Numeric,SPChargeSpeed,7
1190_00,Numeric,SPChargeSpeedUnderAutoRecoveryLimit,10.5
1190_00,Numeric,SparkingModeGaugeDecreaseSpeed,2800
1190_00,Numeric,AttackChargeSpeedsBySmashLevel[0],3
1190_00,Numeric,AttackChargeSpeedsBySmashLevel[1],5.4
1190_00,Numeric,AttackChargeSpeedsBySmashLevel[2],7.5
1190_00,Numeric,PursuitBaseLimit,2
1190_00,Numeric,PursuitLimitDragonHoming,0
1190_00,Numeric,PursuitLimitVanishingAttack,0
1190_00,Numeric,PursuitBaseLimitAddAtSparking,2
1190_00,Numeric,PursuitLimitDragonHomingAddAtSparking,0
1190_00,Numeric,PursuitLimitVanishingAttackAddAtSparking,0
1190_00,Numeric,PursuitLimitLightningAttackAddAtSparking,0
1190_00,Numeric,IdealPositionMidAirKick,84
1190_00,Numeric,ReactionSplitHighBorder,0.6
1190_00,Numeric,ReactionSplitMidBorder,0.4
1190_00,Numeric,ReactionSplitLowBorder,0.2
1190_00,Numeric,BulletNum,7
1190_00,Numeric,JumpBulletNum,3
1190_00,Numeric,RushBulletLimit,7
1190_00,Numeric,SmashBulletLimit,1
1190_00,Numeric,RepelSkillGaugeGainRate,1.1
1190_00,Numeric,AttackBreakSkillGaugeGain,0.15
1190_00,Numeric,FastAvoidSkillGaugeGain,0.05
1190_00,Numeric,ThrowBreakSkillGaugeGain,0.1
1190_00,Numeric,BackAttackedSkillGaugeGain,0.03
1190_00,Numeric,LastOneHPSkillGaugeGain,1
1190_00,Numeric,ImpactStartSkillGaugeGain,1
1190_00,Numeric,RushOffsetSkillGaugeGain,0.05
1190_00,Numeric,CollisionOffsetSkillGaugeGain,0.5
1190_00,Numeric,DragonHomingChangeTrajectorySkillGaugeGain,0.1
1190_00,Numeric,BurstSmashGaugeGain,0.1
1190_00,Numeric,ExParam,11
1190_00,Steps,StepShortDash.AddToSpeedScale,60000
1190_00,Steps,StepShortDash.MaxAcceleration,60000
1190_00,Steps,StepShortDash.BrakingDeceleration,30000
1190_00,Steps,StepShortDash.ElapsedTimeToOT,0.033333
1190_00,Steps,StepShortDash.Duration,0.333333
1190_00,Steps,StepShortDash.CoolTime,0.05
1190_00,Steps,StepShortDash.bIsStopClearSpeed,true
1190_00,Steps,StepShortDash.StopBrakingDeceleration,10000000
1190_00,Steps,StepShortDash.SpCost,2650
1190_00,Steps,StepCancelShortDash.AddToSpeedScale,60000
1190_00,Steps,StepCancelShortDash.MaxAcceleration,60000
1190_00,Steps,StepCancelShortDash.BrakingDeceleration,30000
1190_00,Steps,StepCancelShortDash.ElapsedTimeToOT,0.033333
1190_00,Steps,StepCancelShortDash.Duration,0.333333
1190_00,Steps,StepCancelShortDash.CoolTime,0.416667
1190_00,Steps,StepCancelShortDash.bIsStopClearSpeed,true
1190_00,Steps,StepCancelShortDash.StopBrakingDeceleration,10000000
1190_00,Steps,StepCancelShortDash.SpCost,1325
1190_00,DragonDash,SpCostIN,500
1190_00,DragonDash,SpCostLP,3920
1190_00,DragonDash,SpCostBK,5200
1190_00,DragonDash,HighSpeedSpCostLP,4900
1190_00,ZBurstDash,SpCostIN,10000
1190_00,ZBurstDash,SpCostLP,11000
1190_00,ZBurstDash,BurstSmashSpCostLP,3500
1190_00,DashUpDown,SpCostUpIN,1000
1190_00,DashUpDown,SpCostUpLP,7840
1190_00,DashUpDown,SpCostDownIN,1000
1190_00,DashUpDown,SpCostDownLP,7840
1190_00,DragonHoming,SpCostIN,250
1190_00,DragonHoming,SpCostLP,3500
1321_00,Character,AbilityFlag.SparkingArmor,false
1321_00,Character,AbilityFlag.AutoReflect,false
1321_00,Character,AbilityFlag.bCanHighSpeedMove,false
1321_00,Character,AbilityFlag.bCanSuperHighSpeedMove,false
1321_00,Character,ActionFlag.CannonCombo,true
1321_00,Character,ActionFlag.SpiralSlash,true
1321_00,Character,ActionFlag.PowerPress,true
1321_00,Character,ActionFlag.AirRush,true
1321_00,Character,ActionFlag.DeltaStorm,true
1321_00,Character,ChaseChangeBlastSlot,EKoratBlastSlotType::BlastSkill1
1321_00,Numeric,Life,40000
1321_00,Numeric,DamageRate,1.05
1321_00,Numeric,SPAutoRecoverySpeed,1750
1321_00,Numeric,SPAutoRecoverySpeedScaleUnderOneGauge,1.3
1321_00,Numeric,SPChargeSpeed,7
1321_00,Numeric,SPChargeSpeedUnderAutoRecoveryLimit,10.5
1321_00,Numeric,SparkingModeGaugeDecreaseSpeed,2800
1321_00,Numeric,StunReactionRecoverySpeedScale,1.3
1321_00,Numeric,StunReactionInputRecoverySpeedScale,1.3
1321_00,Numeric,LimitBoostRecoverySpeedScale,1.3
1321_00,Numeric,LimitBoostInputRecoverySpeedScale,1.3
1321_00,Numeric,AttackChargeSpeedsBySmashLevel[0],3
1321_00,Numeric,AttackChargeSpeedsBySmashLevel[1],5.4
1321_00,Numeric,AttackChargeSpeedsBySmashLevel[2],7.5
1321_00,Numeric,PursuitBaseLimit,2
1321_00,Numeric,PursuitLimitDragonHoming,0
1321_00,Numeric,PursuitLimitVanishingAttack,0
1321_00,Numeric,PursuitBaseLimitAddAtSparking,2
1321_00,Numeric,PursuitLimitDragonHomingAddAtSparking,0
1321_00,Numeric,PursuitLimitVanishingAttackAddAtSparking,0
1321_00,Numeric,PursuitLimitLightningAttackAddAtSparking,0
1321_00,Numeric,IdealPositionMidAirKick,68
1321_00,Numeric,ReactionSplitHighBorder,0.7
1321_00,Numeric,ReactionSplitMidBorder,0.35
1321_00,Numeric,ReactionSplitLowBorder,0.175
1321_00,Numeric,BulletNum,7
1321_00,Numeric,JumpBulletNum,7
1321_00,Numeric,JumpBulletSetNum,1
1321_00,Numeric,DashBulletNum,5
1321_00,Numeric,RushBulletLimit,7
1321_00,Numeric,SmashBulletLimit,1
1321_00,Numeric,RepelSkillGaugeGainRate,1.1
1321_00,Numeric,AttackBreakSkillGaugeGain,0.15
1321_00,Numeric,FastAvoidSkillGaugeGain,0.05
1321_00,Numeric,ThrowBreakSkillGaugeGain,0.1
1321_00,Numeric,BackAttackedSkillGaugeGain,0.03
1321_00,Numeric,LastOneHPSkillGaugeGain,1
1321_00,Numeric,ImpactStartSkillGaugeGain,1
1321_00,Numeric,RushOffsetSkillGaugeGain,0.05
1321_00,Numeric,CollisionOffsetSkillGaugeGain,0.5
1321_00,Numeric,DragonHomingChangeTrajectorySkillGaugeGain,0.1
1321_00,Numeric,BurstSmashGaugeGain,0.1
1321_00,Numeric,ExParam,3
1321_00,Steps,StepShortDash.AddToSpeedScale,60000
1321_00,Steps,StepShortDash.MaxAcceleration,50000
1321_00,Steps,StepShortDash.BrakingDeceleration,20000
1321_00,Steps,StepShortDash.ElapsedTimeToOT,0.033333
1321_00,Steps,StepShortDash.Duration,0.333333
1321_00,Steps,StepShortDash.CoolTime,0.05
1321_00,Steps,StepShortDash.bIsStopClearSpeed,true
1321_00,Steps,StepShortDash.StopBrakingDeceleration,10000000
1321_00,Steps,StepShortDash.SpCost,3850
1321_00,Steps,StepCancelShortDash.AddToSpeedScale,60000
1321_00,Steps,StepCancelShortDash.MaxAcceleration,50000
1321_00,Steps,StepCancelShortDash.BrakingDeceleration,20000
1321_00,Steps,StepCancelShortDash.ElapsedTimeToOT,0.033333
1321_00,Steps,StepCancelShortDash.Duration,0.333333
1321_00,Steps,StepCancelShortDash.CoolTime,0.416667
1321_00,Steps,StepCancelShortDash.bIsStopClearSpeed,true
1321_00,Steps,StepCancelShortDash.StopBrakingDeceleration,10000000
1321_00,Steps,StepCancelShortDash.SpCost,1925
1321_00,DragonDash,SpCostIN,500
1321_00,DragonDash,SpCostLP,3920
1321_00,DragonDash,SpCostBK,5200
1321_00,DragonDash,HighSpeedSpCostLP,4900
1321_00,ZBurstDash,SpCostIN,10000
1321_00,ZBurstDash,SpCostLP,11000
1321_00,ZBurstDash,BurstSmashSpCostLP,3500
1321_00,DashUpDown,SpCostUpIN,1000
1321_00,DashUpDown,SpCostUpLP,7840
1321_00,DashUpDown,SpCostDownIN,1000
1321_00,DashUpDown,SpCostDownLP,7840
1321_00,DragonHoming,SpCostIN,250
1321_00,DragonHoming,SpCostLP,3500
1331_00,Character,AbilityFlag.SparkingArmor,false
1331_00,Character,AbilityFlag.AutoReflect,false
1331_00,Character,ActionFlag.CannonCombo,true
1331_00,Character,ActionFlag.PowerPress,true
1331_00,Character,ChaseChangeBlastSlot,EKoratBlastSlotType::BlastSkill1
1331_00,Numeric,Life,40000
1331_00,Numeric,DamageRate,1.1
1331_00,Numeric,SPAutoRecoverySpeed,1750
1331_00,Numeric,SPAutoRecoverySpeedScaleUnderOneGauge,1.3
1331_00,Numeric,SPChargeSpeed,7
1331_00,Numeric,SPChargeSpeedUnderAutoRecoveryLimit,10.5
1331_00,Numeric,SparkingModeGaugeDecreaseSpeed,2800
1331_00,Numeric,BlastStock,4
1331_00,Numeric,AttackChargeSpeedsBySmashLevel[0],3
1331_00,Numeric,AttackChargeSpeedsBySmashLevel[1],5.4
1331_00,Numeric,AttackChargeSpeedsBySmashLevel[2],7.5
1331_00,Numeric,PursuitBaseLimit,3
1331_00,Numeric,PursuitLimitDragonHoming,0
1331_00,Numeric,PursuitLimitVanishingAttack,0
1331_00,Numeric,PursuitBaseLimitAddAtSparking,1
1331_00,Numeric,PursuitLimitDragonHomingAddAtSparking,0
1331_00,Numeric,PursuitLimitVanishingAttackAddAtSparking,0
1331_00,Numeric,PursuitLimitLightningAttackAddAtSparking,0
1331_00,Numeric,IdealPositionMidAirKick,72
1331_00,Numeric,ReactionSplitHighBorder,0.7
1331_00,Numeric,ReactionSplitMidBorder,0.35
1331_00,Numeric,ReactionSplitLowBorder,0.175
1331_00,Numeric,BulletNum,5
1331_00,Numeric,JumpBulletNum,5
1331_00,Numeric,JumpBulletSetNum,1
1331_00,Numeric,RushBulletLimit,5
1331_00,Numeric,SmashBulletLimit,1
1331_00,Numeric,AttackBreakSkillGaugeGain,0.15
1331_00,Numeric,FastAvoidSkillGaugeGain,0.05
1331_00,Numeric,ThrowBreakSkillGaugeGain,0.1
1331_00,Numeric,BackAttackedSkillGaugeGain,0.03
1331_00,Numeric,LastOneHPSkillGaugeGain,1
1331_00,Numeric,ImpactStartSkillGaugeGain,1
1331_00,Numeric,RushOffsetSkillGaugeGain,0.05
1331_00,Numeric,CollisionOffsetSkillGaugeGain,0.5
1331_00,Numeric,DragonHomingChangeTrajectorySkillGaugeGain,0.1
1331_00,Numeric,BurstSmashGaugeGain,0.1
1331_00,Numeric,ExParam,3
1331_00,Steps,StepShortDash.AddToSpeedScale,60000
1331_00,Steps,StepShortDash.MaxAcceleration,50000
1331_00,Steps,StepShortDash.BrakingDeceleration,20000
1331_00,Steps,StepShortDash.ElapsedTimeToOT,0.033333
1331_00,Steps,StepShortDash.Duration,0.333333
1331_00,Steps,StepShortDash.CoolTime,0.05
1331_00,Steps,StepShortDash.bIsStopClearSpeed,true
1331_00,Steps,StepShortDash.StopBrakingDeceleration,10000000
1331_00,Steps,StepShortDash.SpCost,750
1331_00,Steps,StepCancelShortDash.AddToSpeedScale,60000
1331_00,Steps,StepCancelShortDash.MaxAcceleration,50000
1331_00,Steps,StepCancelShortDash.BrakingDeceleration,20000
1331_00,Steps,StepCancelShortDash.ElapsedTimeToOT,0.033333
1331_00,Steps,StepCancelShortDash.Duration,0.333333
1331_00,Steps,StepCancelShortDash.CoolTime,0.416667
1331_00,Steps,StepCancelShortDash.bIsStopClearSpeed,true
1331_00,Steps,StepCancelShortDash.StopBrakingDeceleration,10000000
1331_00,Steps,StepCancelShortDash.SpCost,375
1331_00,DragonDash,SpCostIN,425
1331_00,DragonDash,SpCostLP,3332
1331_00,DragonDash,SpCostBK,4420
1331_00,DragonDash,HighSpeedSpCostLP,4410
1331_00,ZBurstDash,SpCostIN,8500
1331_00,ZBurstDash,SpCostLP,9350
1331_00,ZBurstDash,BurstSmashSpCostLP,2975
1331_00,DashUpDown,SpCostUpIN,850
1331_00,DashUpDown,SpCostUpLP,6664
1331_00,DashUpDown,SpCostDownIN,850
1331_00,DashUpDown,SpCostDownLP,6664
1331_00,DragonHoming,SpCostIN,212.5
1331_00,DragonHoming,SpCostLP,2975
1341_00,Character,AbilityFlag.SparkingArmor,false
1341_00,Character,AbilityFlag.AutoReflect,false
1341_00,Character,AbilityFlag.bCanHighSpeedMove,false
1341_00,Character,AbilityFlag.bCanSuperHighSpeedMove,false
1341_00,Character,ActionFlag.CannonCombo,true
1341_00,Character,ActionFlag.PowerPress,true
1341_00,Character,ActionFlag.AirRush,true
1341_00,Character,ChaseChangeBlastSlot,EKoratBlastSlotType::BlastSkill1
1341_00,Numeric,Life,40000
1341_00,Numeric,DamageRate,1.1
1341_00,Numeric,InitialSP,10000
1341_00,Numeric,SPAutoRecoverySpeed,1750
1341_00,Numeric,SPAutoRecoverySpeedScaleUnderOneGauge,1.3
1341_00,Numeric,SPChargeSpeed,7
1341_00,Numeric,SPChargeSpeedUnderAutoRecoveryLimit,10.5
1341_00,Numeric,SparkingModeGaugeDecreaseSpeed,2800
1341_00,Numeric,BlastStock,4
1341_00,Numeric,AttackChargeSpeedsBySmashLevel[0],3
1341_00,Numeric,AttackChargeSpeedsBySmashLevel[1],5.4
1341_00,Numeric,AttackChargeSpeedsBySmashLevel[2],7.5
1341_00,Numeric,PursuitBaseLimit,2
1341_00,Numeric,PursuitLimitDragonHoming,0
1341_00,Numeric,PursuitLimitVanishingAttack,0
1341_00,Numeric,PursuitBaseLimitAddAtSparking,2
1341_00,Numeric,PursuitLimitDragonHomingAddAtSparking,0
1341_00,Numeric,PursuitLimitVanishingAttackAddAtSparking,0
1341_00,Numeric,PursuitLimitLightningAttackAddAtSparking,0
1341_00,Numeric,IdealPositionMidAirKick,68
1341_00,Numeric,ReactionSplitHighBorder,0.7
1341_00,Numeric,ReactionSplitMidBorder,0.35
1341_00,Numeric,ReactionSplitLowBorder,0.175
1341_00,Numeric,BulletNum,15
1341_00,Numeric,JumpBulletNum,5
1341_00,Numeric,DashBulletNum,8
1341_00,Numeric,RushBulletLimit,15
1341_00,Numeric,SmashBulletLimit,1
1341_00,Numeric,AttackBreakSkillGaugeGain,0.15
1341_00,Numeric,FastAvoidSkillGaugeGain,0.05
1341_00,Numeric,ThrowBreakSkillGaugeGain,0.1
1341_00,Numeric,BackAttackedSkillGaugeGain,0.03
1341_00,Numeric,LastOneHPSkillGaugeGain,1
1341_00,Numeric,ImpactStartSkillGaugeGain,1
1341_00,Numeric,RushOffsetSkillGaugeGain,0.05
1341_00,Numeric,CollisionOffsetSkillGaugeGain,0.5
1341_00,Numeric,DragonHomingChangeTrajectorySkillGaugeGain,0.1
1341_00,Numeric,BurstSmashGaugeGain,0.1
1341_00,Numeric,ExParam,3
1341_00,Steps,StepShortDash.AddToSpeedScale,60000
1341_00,Steps,StepShortDash.MaxAcceleration,60000
1341_00,Steps,StepShortDash.BrakingDeceleration,30000
1341_00,Steps,StepShortDash.ElapsedTimeToOT,0.033333
1341_00,Steps,StepShortDash.Duration,0.333333
1341_00,Steps,StepShortDash.CoolTime,0.05
1341_00,Steps,StepShortDash.bIsStopClearSpeed,true
1341_00,Steps,StepShortDash.StopBrakingDeceleration,10000000
1341_00,Steps,StepShortDash.SpCost,2650
1341_00,Steps,StepCancelShortDash.AddToSpeedScale,60000
1341_00,Steps,StepCancelShortDash.MaxAcceleration,60000
1341_00,Steps,StepCancelShortDash.BrakingDeceleration,30000
1341_00,Steps,StepCancelShortDash.ElapsedTimeToOT,0.033333
1341_00,Steps,StepCancelShortDash.Duration,0.333333
1341_00,Steps,StepCancelShortDash.CoolTime,0.416667
1341_00,Steps,StepCancelShortDash.bIsStopClearSpeed,true
1341_00,Steps,StepCancelShortDash.StopBrakingDeceleration,10000000
1341_00,Steps,StepCancelShortDash.SpCost,1325
1341_00,DragonDash,SpCostIN,500
1341_00,DragonDash,SpCostLP,3920
1341_00,DragonDash,SpCostBK,5200
1341_00,DragonDash,HighSpeedSpCostLP,4900
1341_00,ZBurstDash,SpCostIN,10000
1341_00,ZBurstDash,SpCostLP,11000
1341_00,ZBurstDash,BurstSmashSpCostLP,3500
1341_00,DashUpDown,SpCostUpIN,1000
1341_00,DashUpDown,SpCostUpLP,7840
1341_00,DashUpDown,SpCostDownIN,1000
1341_00,DashUpDown,SpCostDownLP,7840
1341_00,DragonHoming,SpCostIN,250
1341_00,DragonHoming,SpCostLP,3500
1500_00,Character,DestroyedPower,8
1500_00,Character,AbilityFlag.HyperArmor,true
1500_00,Character,AbilityFlag.bCannotCrashImpact,true
1500_00,Character,AbilityFlag.bCanHighSpeedMove,false
1500_00,Character,AbilityFlag.bCanSuperHighSpeedMove,false
1500_00,Character,ActionFlag.DragonTornado,true
1500_00,Character,ActionFlag.SpiralSlash,true
1500_00,Character,ActionFlag.PowerPress,true
1500_00,Character,ActionFlag.AirRush,true
1500_00,Character,ActionFlag.DeltaStorm,true
1500_00,Character,ActionFlag.SparkingRush,true
1500_00,Character,ActionFlag.SuperZCounter,true
1500_00,Character,ChaseChangeBlastSlot,EKoratBlastSlotType::BlastSkill2
1500_00,Numeric,DamageRate,0.93
1500_00,Numeric,InitialSP,30000
1500_00,Numeric,SPAutoRecoverySpeed,1750
1500_00,Numeric,SPAutoRecoverySpeedScaleUnderOneGauge,1.3
1500_00,Numeric,SPChargeSpeed,7
1500_00,Numeric,SPChargeSpeedUnderAutoRecoveryLimit,10.5
1500_00,Numeric,SparkingModeGaugeDecreaseSpeed,2800
1500_00,Numeric,GuardCrashedByCombativesBlastSpDamageRate,0
1500_00,Numeric,AttackChargeSpeedsBySmashLevel[0],3
1500_00,Numeric,AttackChargeSpeedsBySmashLevel[1],5.4
1500_00,Numeric,AttackChargeSpeedsBySmashLevel[2],7.5
1500_00,Numeric,PursuitBaseLimit,1
1500_00,Numeric,PursuitLimitDragonHoming,0
1500_00,Numeric,PursuitLimitVanishingAttack,0
1500_00,Numeric,PursuitLimitLightningAttack,0
1500_00,Numeric,PursuitBaseLimitAddAtSparking,2
1500_00,Numeric,PursuitLimitDragonHomingAddAtSparking,0
1500_00,Numeric,PursuitLimitVanishingAttackAddAtSparking,0
1500_00,Numeric,PursuitLimitLightningAttackAddAtSparking,0
1500_00,Numeric,ReactionSplitHighBorder,0.6
1500_00,Numeric,ReactionSplitMidBorder,0.4
1500_00,Numeric,ReactionSplitLowBorder,0.2
1500_00,Numeric,BulletNum,4
1500_00,Numeric,JumpBulletSetNum,1
1500_00,Numeric,DashBulletNum,3
1500_00,Numeric,RushBulletLimit,4
1500_00,Numeric,SmashBulletLimit,1
1500_00,Numeric,RepelSkillGaugeGainRate,1.1
1500_00,Numeric,AttackBreakSkillGaugeGain,0.15
1500_00,Numeric,FastAvoidSkillGaugeGain,0.05
1500_00,Numeric,ThrowBreakSkillGaugeGain,0.1
1500_00,Numeric,BackAttackedSkillGaugeGain,0.03
1500_00,Numeric,LastOneHPSkillGaugeGain,1
1500_00,Numeric,ImpactStartSkillGaugeGain,1
1500_00,Numeric,RushOffsetSkillGaugeGain,0.05
1500_00,Numeric,CollisionOffsetSkillGaugeGain,0.5
1500_00,Numeric,DragonHomingChangeTrajectorySkillGaugeGain,0.1
1500_00,Numeric,BurstSmashGaugeGain,0.1
1500_00,Numeric,ExParam,7
1500_00,Numeric,AuraType,EKoratBattleAuraType::None
1500_00,Steps,StepShortDash.AddToSpeedScale,60000
1500_00,Steps,StepShortDash.MaxAcceleration,60000
1500_00,Steps,StepShortDash.BrakingDeceleration,30000
1500_00,Steps,StepShortDash.ElapsedTimeToOT,0.033333
1500_00,Steps,StepShortDash.Duration,0.333333
1500_00,Steps,StepShortDash.CoolTime,0.05
1500_00,Steps,StepShortDash.bIsStopClearSpeed,true
1500_00,Steps,StepShortDash.StopBrakingDeceleration,10000000
1500_00,Steps,StepShortDash.SpCost,5150
1500_00,Steps,StepCancelShortDash.AddToSpeedScale,60000
1500_00,Steps,StepCancelShortDash.MaxAcceleration,60000
1500_00,Steps,StepCancelShortDash.BrakingDeceleration,30000
1500_00,Steps,StepCancelShortDash.ElapsedTimeToOT,0.033333
1500_00,Steps,StepCancelShortDash.Duration,0.333333
1500_00,Steps,StepCancelShortDash.CoolTime,0.416667
1500_00,Steps,StepCancelShortDash.bIsStopClearSpeed,true
1500_00,Steps,StepCancelShortDash.StopBrakingDeceleration,10000000
1500_00,Steps,StepCancelShortDash.SpCost,2575
1500_00,DragonDash,SpCostIN,500
1500_00,DragonDash,SpCostLP,3920
1500_00,DragonDash,SpCostBK,5200
1500_00,DragonDash,HighSpeedSpCostLP,4900
1500_00,ZBurstDash,SpCostIN,20000
1500_00,ZBurstDash,BurstSmashSpCostLP,3500
1500_00,DashUpDown,SpCostUpIN,1000
1500_00,DashUpDown,SpCostUpLP,7840
1500_00,DashUpDown,SpCostDownIN,1000
1500_00,DashUpDown,SpCostDownLP,7840
1500_00,DragonHoming,SpCostIN,250
1500_00,DragonHoming,SpCostLP,3500
1960_00,Character,DestroyedPower,3
1960_00,Character,AbilityFlag.SparkingArmor,false
1960_00,Character,AbilityFlag.AutoReflect,false
1960_00,Character,AbilityFlag.bCannotPowerImpact,true
1960_00,Character,AbilityFlag.bCannotCrashImpact,true
1960_00,Character,AbilityFlag.bCanFly,false
1960_00,Character,AbilityFlag.bCanHighSpeedMove,false
1960_00,Character,AbilityFlag.bCanSuperHighSpeedMove,false
1960_00,Character,ActionFlag.RushHighSpeedMovement,true
1960_00,Character,ActionFlag.VanishingAttack,true
1960_00,Character,ActionFlag.LightningAttack,true
1960_00,Character,ActionFlag.BurstMeteor,true
1960_00,Character,ActionFlag.BurstSmash,true
1960_00,Character,ActionFlag.DragonTornado,true
1960_00,Character,ActionFlag.HeavyCrash,true
1960_00,Character,ActionFlag.DawnThrow,true
1960_00,Character,ActionFlag.CannonCombo,true
1960_00,Character,ActionFlag.PowerPress,true
1960_00,Character,ActionFlag.TriAttack,true
1960_00,Character,ActionFlag.AirRush,true
1960_00,Character,ActionFlag.DeltaStorm,true
1960_00,Character,ActionFlag.SparkingRush,true
1960_00,Character,ActionFlag.DashRising,true
1960_00,Character,ActionFlag.DashBlow,true
1960_00,Character,ActionFlag.SuperZCounter,true
1960_00,Character,ActionFlag.DragonHoming,true
1960_00,Character,ChaseChangeBlastSlot,EKoratBlastSlotType::BlastSkill1
1960_00,Numeric,Life,35000
1960_00,Numeric,DamageRate,1.2
1960_00,Numeric,InitialSP,10000
1960_00,Numeric,SPAutoRecoverySpeed,1750
1960_00,Numeric,SPAutoRecoverySpeedScaleUnderOneGauge,1.3
1960_00,Numeric,SPChargeSpeed,7
1960_00,Numeric,SPChargeSpeedUnderAutoRecoveryLimit,10.5
1960_00,Numeric,SparkingModeGaugeDecreaseSpeed,2800
1960_00,Numeric,BlastStock,4
1960_00,Numeric,InitialBlastStock,2
1960_00,Numeric,AttackChargeSpeedsBySmashLevel[0],3
1960_00,Numeric,AttackChargeSpeedsBySmashLevel[1],5.4
1960_00,Numeric,AttackChargeSpeedsBySmashLevel[2],7.5
1960_00,Numeric,PursuitLimitDragonHoming,0
1960_00,Numeric,PursuitLimitVanishingAttack,0
1960_00,Numeric,PursuitLimitLightningAttack,0
1960_00,Numeric,PursuitLimitDragonHomingAddAtSparking,0
1960_00,Numeric,PursuitLimitVanishingAttackAddAtSparking,0
1960_00,Numeric,PursuitLimitLightningAttackAddAtSparking,0
1960_00,Numeric,IdealPositionMidAirKick,68
1960_00,Numeric,ReactionSplitHighBorder,0.7
1960_00,Numeric,ReactionSplitMidBorder,0.35
1960_00,Numeric,ReactionSplitLowBorder,0.175
1960_00,Numeric,BulletNum,5
1960_00,Numeric,JumpBulletNum,3
1960_00,Numeric,JumpBulletSetNum,1
1960_00,Numeric,DashBulletNum,3
1960_00,Numeric,RushBulletLimit,5
1960_00,Numeric,SmashBulletLimit,1
1960_00,Numeric,AttackBreakSkillGaugeGain,0.15
1960_00,Numeric,FastAvoidSkillGaugeGain,0.05
1960_00,Numeric,ThrowBreakSkillGaugeGain,0.1
1960_00,Numeric,BackAttackedSkillGaugeGain,0.03
1960_00,Numeric,LastOneHPSkillGaugeGain,1
1960_00,Numeric,ImpactStartSkillGaugeGain,1
1960_00,Numeric,RushOffsetSkillGaugeGain,0.05
1960_00,Numeric,CollisionOffsetSkillGaugeGain,0.5
1960_00,Numeric,DragonHomingChangeTrajectorySkillGaugeGain,0.1
1960_00,Numeric,BurstSmashGaugeGain,0.1
1960_00,Numeric,ExParam,5
1960_00,Steps,StepShortDash.AddToSpeedScale,60000
1960_00,Steps,StepShortDash.MaxAcceleration,60000
1960_00,Steps,StepShortDash.BrakingDeceleration,30000
1960_00,Steps,StepShortDash.ElapsedTimeToOT,0.033333
1960_00,Steps,StepShortDash.Duration,0.333333
1960_00,Steps,StepShortDash.CoolTime,0.05
1960_00,Steps,StepShortDash.bIsStopClearSpeed,true
1960_00,Steps,StepShortDash.StopBrakingDeceleration,10000000
1960_00,Steps,StepShortDash.SpCost,1590
1960_00,Steps,StepCancelShortDash.AddToSpeedScale,60000
1960_00,Steps,StepCancelShortDash.MaxAcceleration,60000
1960_00,Steps,StepCancelShortDash.BrakingDeceleration,30000
1960_00,Steps,StepCancelShortDash.ElapsedTimeToOT,0.033333
1960_00,Steps,StepCancelShortDash.Duration,0.333333
1960_00,Steps,StepCancelShortDash.CoolTime,0.416667
1960_00,Steps,StepCancelShortDash.bIsStopClearSpeed,true
1960_00,Steps,StepCancelShortDash.StopBrakingDeceleration,10000000
1960_00,Steps,StepCancelShortDash.SpCost,795
1960_00,DragonDash,SpCostIN,500
1960_00,DragonDash,SpCostLP,3920
1960_00,DragonDash,SpCostBK,5200
1960_00,DragonDash,HighSpeedSpCostLP,4900
1960_00,ZBurstDash,SpCostIN,10000
1960_00,ZBurstDash,SpCostLP,11000
1960_00,ZBurstDash,BurstSmashSpCostLP,3500
1960_00,DashUpDown,SpCostUpIN,1000
1960_00,DashUpDown,SpCostUpLP,7840
1960_00,DashUpDown,SpCostDownIN,1000
1960_00,DashUpDown,SpCostDownLP,7840
1960_00,DragonHoming,SpCostIN,250
1960_00,DragonHoming,SpCostLP,3500
3000_00,Character,DestroyedPower,4
3000_00,Character,AbilityFlag.AutoReflect,false
3000_00,Character,AbilityFlag.bCanHighSpeedMove,false
3000_00,Character,AbilityFlag.bCanSuperHighSpeedMove,false
3000_00,Character,ActionFlag.PowerPress,true
3000_00,Character,ChaseChangeBlastSlot,EKoratBlastSlotType::BlastSkill1
3000_00,Numeric,Life,35000
3000_00,Numeric,SPAutoRecoverySpeed,1750
3000_00,Numeric,SPAutoRecoverySpeedScaleUnderOneGauge,1.3
3000_00,Numeric,SPChargeSpeed,7
3000_00,Numeric,SPChargeSpeedUnderAutoRecoveryLimit,10.5
3000_00,Numeric,SparkingModeGaugeDecreaseSpeed,2800
3000_00,Numeric,AttackChargeSpeedsBySmashLevel[0],3
3000_00,Numeric,AttackChargeSpeedsBySmashLevel[1],5.4
3000_00,Numeric,AttackChargeSpeedsBySmashLevel[2],7.5
3000_00,Numeric,PursuitBaseLimit,2
3000_00,Numeric,PursuitLimitDragonHoming,0
3000_00,Numeric,PursuitLimitVanishingAttack,0
3000_00,Numeric,PursuitBaseLimitAddAtSparking,2
3000_00,Numeric,PursuitLimitDragonHomingAddAtSparking,0
3000_00,Numeric,PursuitLimitVanishingAttackAddAtSparking,0
3000_00,Numeric,PursuitLimitLightningAttackAddAtSparking,0
3000_00,Numeric,IdealPositionMidAirKick,74
3000_00,Numeric,ReactionSplitHighBorder,0.7
3000_00,Numeric,ReactionSplitMidBorder,0.35
3000_00,Numeric,ReactionSplitLowBorder,0.175
3000_00,Numeric,BulletNum,5
3000_00,Numeric,JumpBulletNum,5
3000_00,Numeric,JumpBulletSetNum,1
3000_00,Numeric,RushBulletLimit,5
3000_00,Numeric,SmashBulletLimit,1
3000_00,Numeric,RepelSkillGaugeGainRate,1.1
3000_00,Numeric,AttackBreakSkillGaugeGain,0.15
3000_00,Numeric,FastAvoidSkillGaugeGain,0.05
3000_00,Numeric,ThrowBreakSkillGaugeGain,0.1
3000_00,Numeric,BackAttackedSkillGaugeGain,0.03
3000_00,Numeric,LastOneHPSkillGaugeGain,1
3000_00,Numeric,ImpactStartSkillGaugeGain,1
3000_00,Numeric,RushOffsetSkillGaugeGain,0.05
3000_00,Numeric,CollisionOffsetSkillGaugeGain,0.5
3000_00,Numeric,DragonHomingChangeTrajectorySkillGaugeGain,0.1
3000_00,Numeric,BurstSmashGaugeGain,0.1
3000_00,Numeric,ExParam,3
3000_00,Steps,StepShortDash.AddToSpeedScale,60000
3000_00,Steps,StepShortDash.MaxAcceleration,60000
3000_00,Steps,StepShortDash.BrakingDeceleration,30000
3000_00,Steps,StepShortDash.ElapsedTimeToOT,0.033333
3000_00,Steps,StepShortDash.Duration,0.333333
3000_00,Steps,StepShortDash.CoolTime,0.05
3000_00,Steps,StepShortDash.bIsStopClearSpeed,true
3000_00,Steps,StepShortDash.StopBrakingDeceleration,10000000
3000_00,Steps,StepShortDash.SpCost,2650
3000_00,Steps,StepCancelShortDash.AddToSpeedScale,60000
3000_00,Steps,StepCancelShortDash.MaxAcceleration,60000
3000_00,Steps,StepCancelShortDash.BrakingDeceleration,30000
3000_00,Steps,StepCancelShortDash.ElapsedTimeToOT,0.033333
3000_00,Steps,StepCancelShortDash.Duration,0.333333
3000_00,Steps,StepCancelShortDash.CoolTime,0.416667
3000_00,Steps,StepCancelShortDash.bIsStopClearSpeed,true
3000_00,Steps,StepCancelShortDash.StopBrakingDeceleration,10000000
3000_00,Steps,StepCancelShortDash.SpCost,1325
3000_00,DragonDash,SpCostIN,500
3000_00,DragonDash,SpCostLP,3920
3000_00,DragonDash,SpCostBK,5200
3000_00,DragonDash,HighSpeedSpCostLP,4900
3000_00,ZBurstDash,SpCostIN,10000
3000_00,ZBurstDash,SpCostLP,11000
3000_00,ZBurstDash,BurstSmashSpCostLP,3500
3000_00,DashUpDown,SpCostUpIN,1000
3000_00,DashUpDown,SpCostUpLP,7840
3000_00,DashUpDown,SpCostDownIN,1000
3000_00,DashUpDown,SpCostDownLP,7840
3000_00,DragonHoming,SpCostIN,250
3000_00,DragonHoming,SpCostLP,3500
3000_01,Character,DestroyedPower,6
3000_01,Character,AbilityFlag.AutoReflect,false
3000_01,Character,AbilityFlag.bCanHighSpeedMove,false
3000_01,Character,AbilityFlag.bCanSuperHighSpeedMove,false
3000_01,Character,ActionFlag.PowerPress,true
3000_01,Character,ChaseChangeBlastSlot,EKoratBlastSlotType::BlastSkill1
3000_01,Numeric,Life,35000
3000_01,Numeric,SPAutoRecoverySpeed,1500
3000_01,Numeric,SPAutoRecoverySpeedScaleUnderOneGauge,1.3
3000_01,Numeric,SPChargeSpeed,8
3000_01,Numeric,SPChargeSpeedUnderAutoRecoveryLimit,12
3000_01,Numeric,SparkingModeGaugeDecreaseSpeed,2800
3000_01,Numeric,AttackChargeSpeedsBySmashLevel[0],3
3000_01,Numeric,AttackChargeSpeedsBySmashLevel[1],5.4
3000_01,Numeric,AttackChargeSpeedsBySmashLevel[2],7.5
3000_01,Numeric,PursuitBaseLimit,2
3000_01,Numeric,PursuitLimitDragonHoming,0
3000_01,Numeric,PursuitLimitVanishingAttack,0
3000_01,Numeric,PursuitBaseLimitAddAtSparking,2
3000_01,Numeric,PursuitLimitDragonHomingAddAtSparking,0
3000_01,Numeric,PursuitLimitVanishingAttackAddAtSparking,0
3000_01,Numeric,PursuitLimitLightningAttackAddAtSparking,0
3000_01,Numeric,IdealPositionMidAirKick,74
3000_01,Numeric,ReactionSplitHighBorder,0.7
3000_01,Numeric,ReactionSplitMidBorder,0.35
3000_01,Numeric,ReactionSplitLowBorder,0.175
3000_01,Numeric,BulletNum,6
3000_01,Numeric,JumpBulletNum,6
3000_01,Numeric,JumpBulletSetNum,1
3000_01,Numeric,RushBulletLimit,6
3000_01,Numeric,SmashBulletLimit,1
3000_01,Numeric,AttackBreakSkillGaugeGain,0.15
3000_01,Numeric,FastAvoidSkillGaugeGain,0.05
3000_01,Numeric,ThrowBreakSkillGaugeGain,0.1
3000_01,Numeric,BackAttackedSkillGaugeGain,0.03
3000_01,Numeric,LastOneHPSkillGaugeGain,1
3000_01,Numeric,ImpactStartSkillGaugeGain,1
3000_01,Numeric,RushOffsetSkillGaugeGain,0.05
3000_01,Numeric,CollisionOffsetSkillGaugeGain,0.5
3000_01,Numeric,DragonHomingChangeTrajectorySkillGaugeGain,0.1
3000_01,Numeric,BurstSmashGaugeGain,0.1
3000_01,Numeric,ExParam,4
3000_01,Steps,StepShortDash.AddToSpeedScale,60000
3000_01,Steps,StepShortDash.MaxAcceleration,60000
3000_01,Steps,StepShortDash.BrakingDeceleration,30000
3000_01,Steps,StepShortDash.ElapsedTimeToOT,0.033333
3000_01,Steps,StepShortDash.Duration,0.333333
3000_01,Steps,StepShortDash.CoolTime,0.05
3000_01,Steps,StepShortDash.bIsStopClearSpeed,true
3000_01,Steps,StepShortDash.StopBrakingDeceleration,10000000
3000_01,Steps,StepShortDash.SpCost,2650
3000_01,Steps,StepCancelShortDash.AddToSpeedScale,60000
3000_01,Steps,StepCancelShortDash.MaxAcceleration,60000
3000_01,Steps,StepCancelShortDash.BrakingDeceleration,30000
3000_01,Steps,StepCancelShortDash.ElapsedTimeToOT,0.033333
3000_01,Steps,StepCancelShortDash.Duration,0.333333
3000_01,Steps,StepCancelShortDash.CoolTime,0.416667
3000_01,Steps,StepCancelShortDash.bIsStopClearSpeed,true
3000_01,Steps,StepCancelShortDash.StopBrakingDeceleration,10000000
3000_01,Steps,StepCancelShortDash.SpCost,1325
3000_01,DragonDash,SpCostIN,500
3000_01,DragonDash,SpCostLP,3920
3000_01,DragonDash,SpCostBK,5200
3000_01,DragonDash,HighSpeedSpCostLP,4900
3000_01,ZBurstDash,SpCostIN,10000
3000_01,ZBurstDash,SpCostLP,11000
3000_01,ZBurstDash,BurstSmashSpCostLP,3500
3000_01,DashUpDown,SpCostUpIN,1000
3000_01,DashUpDown,SpCostUpLP,7840
3000_01,DashUpDown,SpCostDownIN,1000
3000_01,DashUpDown,SpCostDownLP,7840
3000_01,DragonHoming,SpCostIN,250
3000_01,DragonHoming,SpCostLP,3500
3000_02,Character,DestroyedPower,8
3000_02,Character,ActionFlag.PowerPress,true
3000_02,Character,ChaseChangeBlastSlot,EKoratBlastSlotType::BlastSkill1
3000_02,Numeric,Life,40000
3000_02,Numeric,SPAutoRecoverySpeed,1750
3000_02,Numeric,SPAutoRecoverySpeedScaleUnderOneGauge,1.3
3000_02,Numeric,SPChargeSpeed,7
3000_02,Numeric,SPChargeSpeedUnderAutoRecoveryLimit,10.5
3000_02,Numeric,SparkingModeGaugeDecreaseSpeed,2800
3000_02,Numeric,AttackChargeSpeedsBySmashLevel[0],3
3000_02,Numeric,AttackChargeSpeedsBySmashLevel[1],5.4
3000_02,Numeric,AttackChargeSpeedsBySmashLevel[2],7.5
3000_02,Numeric,PursuitBaseLimit,3
3000_02,Numeric,PursuitLimitDragonHoming,0
3000_02,Numeric,PursuitLimitVanishingAttack,0
3000_02,Numeric,PursuitBaseLimitAddAtSparking,2
3000_02,Numeric,PursuitLimitDragonHomingAddAtSparking,0
3000_02,Numeric,PursuitLimitVanishingAttackAddAtSparking,0
3000_02,Numeric,PursuitLimitLightningAttackAddAtSparking,0
3000_02,Numeric,IdealPositionMidAirKick,74
3000_02,Numeric,ReactionSplitHighBorder,0.7
3000_02,Numeric,ReactionSplitMidBorder,0.35
3000_02,Numeric,ReactionSplitLowBorder,0.175
3000_02,Numeric,BulletNum,9
3000_02,Numeric,JumpBulletNum,8
3000_02,Numeric,JumpBulletSetNum,1
3000_02,Numeric,DashBulletNum,6
3000_02,Numeric,RushBulletLimit,9
3000_02,Numeric,SmashBulletLimit,1
3000_02,Numeric,RepelSkillGaugeGainRate,1.1
3000_02,Numeric,AttackBreakSkillGaugeGain,0.15
3000_02,Numeric,FastAvoidSkillGaugeGain,0.05
3000_02,Numeric,ThrowBreakSkillGaugeGain,0.1
3000_02,Numeric,BackAttackedSkillGaugeGain,0.03
3000_02,Numeric,LastOneHPSkillGaugeGain,1
3000_02,Numeric,ImpactStartSkillGaugeGain,1
3000_02,Numeric,RushOffsetSkillGaugeGain,0.05
3000_02,Numeric,CollisionOffsetSkillGaugeGain,0.5
3000_02,Numeric,DragonHomingChangeTrajectorySkillGaugeGain,0.1
3000_02,Numeric,BurstSmashGaugeGain,0.1
3000_02,Numeric,ExParam,4
3000_02,Steps,StepShortDash.AddToSpeedScale,60000
3000_02,Steps,StepShortDash.MaxAcceleration,60000
3000_02,Steps,StepShortDash.BrakingDeceleration,30000
3000_02,Steps,StepShortDash.ElapsedTimeToOT,0.033333
3000_02,Steps,StepShortDash.Duration,0.333333
3000_02,Steps,StepShortDash.CoolTime,0.05
3000_02,Steps,StepShortDash.bIsStopClearSpeed,true
3000_02,Steps,StepShortDash.StopBrakingDeceleration,10000000
3000_02,Steps,StepShortDash.SpCost,2650
3000_02,Steps,StepCancelShortDash.AddToSpeedScale,60000
3000_02,Steps,StepCancelShortDash.MaxAcceleration,60000
3000_02,Steps,StepCancelShortDash.BrakingDeceleration,30000
3000_02,Steps,StepCancelShortDash.ElapsedTimeToOT,0.033333
3000_02,Steps,StepCancelShortDash.Duration,0.333333
3000_02,Steps,StepCancelShortDash.CoolTime,0.416667
3000_02,Steps,StepCancelShortDash.bIsStopClearSpeed,true
3000_02,Steps,StepCancelShortDash.StopBrakingDeceleration,10000000
3000_02,Steps,StepCancelShortDash.SpCost,1325
3000_02,DragonDash,SpCostIN,500
3000_02,DragonDash,SpCostLP,3920
3000_02,DragonDash,SpCostBK,5200
3000_02,DragonDash,HighSpeedSpCostLP,4900
3000_02,ZBurstDash,SpCostIN,10000
3000_02,ZBurstDash,SpCostLP,11000
3000_02,ZBurstDash,BurstSmashSpCostLP,3500
3000_02,DashUpDown,SpCostUpIN,1000
3000_02,DashUpDown,SpCostUpLP,7840
3000_02,DashUpDown,SpCostDownIN,1000
3000_02,DashUpDown,SpCostDownLP,7840
3000_02,DragonHoming,SpCostIN,250
3000_02,DragonHoming,SpCostLP,3500
3000_03,Character,DestroyedPower,9
3000_03,Character,ChaseChangeBlastSlot,EKoratBlastSlotType::BlastSkill1
3000_03,Numeric,SPAutoRecoverySpeed,2000
3000_03,Numeric,SPAutoRecoverySpeedScaleUnderOneGauge,1.3
3000_03,Numeric,SPChargeSpeed,6
3000_03,Numeric,SPChargeSpeedUnderAutoRecoveryLimit,9
3000_03,Numeric,SparkingModeGaugeDecreaseSpeed,2800
3000_03,Numeric,BlastStock,6
3000_03,Numeric,AttackChargeSpeedsBySmashLevel[0],3
3000_03,Numeric,AttackChargeSpeedsBySmashLevel[1],5.4
3000_03,Numeric,AttackChargeSpeedsBySmashLevel[2],7.5
3000_03,Numeric,PursuitBaseLimit,3
3000_03,Numeric,PursuitLimitDragonHoming,0
3000_03,Numeric,PursuitLimitVanishingAttack,0
3000_03,Numeric,PursuitBaseLimitAddAtSparking,3
3000_03,Numeric,PursuitLimitDragonHomingAddAtSparking,0
3000_03,Numeric,PursuitLimitVanishingAttackAddAtSparking,0
3000_03,Numeric,PursuitLimitLightningAttackAddAtSparking,0
3000_03,Numeric,IdealPositionMidAirKick,74
3000_03,Numeric,ReactionSplitHighBorder,0.7
3000_03,Numeric,ReactionSplitMidBorder,0.35
3000_03,Numeric,ReactionSplitLowBorder,0.175
3000_03,Numeric,BulletNum,15
3000_03,Numeric,JumpBulletNum,8
3000_03,Numeric,JumpBulletSetNum,1
3000_03,Numeric,DashBulletNum,6
3000_03,Numeric,RushBulletLimit,15
3000_03,Numeric,SmashBulletLimit,1
3000_03,Numeric,RepelSkillGaugeGainRate,1.2
3000_03,Numeric,AttackBreakSkillGaugeGain,0.15
3000_03,Numeric,FastAvoidSkillGaugeGain,0.05
3000_03,Numeric,ThrowBreakSkillGaugeGain,0.1
3000_03,Numeric,BackAttackedSkillGaugeGain,0.03
3000_03,Numeric,LastOneHPSkillGaugeGain,1
3000_03,Numeric,ImpactStartSkillGaugeGain,1
3000_03,Numeric,RushOffsetSkillGaugeGain,0.05
3000_03,Numeric,CollisionOffsetSkillGaugeGain,0.5
3000_03,Numeric,DragonHomingChangeTrajectorySkillGaugeGain,0.1
3000_03,Numeric,BurstSmashGaugeGain,0.1
3000_03,Numeric,ExParam,4
3000_03,Steps,StepShortDash.AddToSpeedScale,60000
3000_03,Steps,StepShortDash.MaxAcceleration,60000
3000_03,Steps,StepShortDash.BrakingDeceleration,30000
3000_03,Steps,StepShortDash.ElapsedTimeToOT,0.033333
3000_03,Steps,StepShortDash.Duration,0.333333
3000_03,Steps,StepShortDash.CoolTime,0.05
3000_03,Steps,StepShortDash.bIsStopClearSpeed,true
3000_03,Steps,StepShortDash.StopBrakingDeceleration,10000000
3000_03,Steps,StepShortDash.SpCost,2650
3000_03,Steps,StepCancelShortDash.AddToSpeedScale,60000
3000_03,Steps,StepCancelShortDash.MaxAcceleration,60000
3000_03,Steps,StepCancelShortDash.BrakingDeceleration,30000
3000_03,Steps,StepCancelShortDash.ElapsedTimeToOT,0.033333
3000_03,Steps,StepCancelShortDash.Duration,0.333333
3000_03,Steps,StepCancelShortDash.CoolTime,0.416667
3000_03,Steps,StepCancelShortDash.bIsStopClearSpeed,true
3000_03,Steps,StepCancelShortDash.StopBrakingDeceleration,10000000
3000_03,Steps,StepCancelShortDash.SpCost,1325
3000_03,DragonDash,SpCostIN,500
3000_03,DragonDash,SpCostLP,3920
3000_03,DragonDash,SpCostBK,5200
3000_03,DragonDash,HighSpeedSpCostLP,4900
3000_03,ZBurstDash,SpCostIN,10000
3000_03,ZBurstDash,SpCostLP,11000
3000_03,ZBurstDash,BurstSmashSpCostLP,3500
3000_03,DashUpDown,SpCostUpIN,1000
3000_03,DashUpDown,SpCostUpLP,7840
3000_03,DashUpDown,SpCostDownIN,1000
3000_03,DashUpDown,SpCostDownLP,7840
3000_03,DragonHoming,SpCostIN,250
3000_03,DragonHoming,SpCostLP,3500
3010_00,Character,AbilityFlag.SparkingArmor,false
3010_00,Character,AbilityFlag.AutoReflect,false
3010_00,Character,ActionFlag.HeavyCrash,true
3010_00,Character,ActionFlag.PowerPress,true
3010_00,Character,ActionFlag.TriAttack,true
3010_00,Character,ChaseChangeBlastSlot,EKoratBlastSlotType::BlastSkill1
3010_00,Numeric,Life,40000
3010_00,Numeric,SPAutoRecoverySpeed,1750
3010_00,Numeric,SPAutoRecoverySpeedScaleUnderOneGauge,1.3
3010_00,Numeric,SPChargeSpeed,7
3010_00,Numeric,SPChargeSpeedUnderAutoRecoveryLimit,10.5
3010_00,Numeric,SparkingModeGaugeDecreaseSpeed,2800
3010_00,Numeric,AttackChargeSpeedsBySmashLevel[0],3
3010_00,Numeric,AttackChargeSpeedsBySmashLevel[1],5.4
3010_00,Numeric,AttackChargeSpeedsBySmashLevel[2],7.5
3010_00,Numeric,PursuitBaseLimit,2
3010_00,Numeric,PursuitLimitDragonHoming,0
3010_00,Numeric,PursuitLimitVanishingAttack,0
3010_00,Numeric,PursuitBaseLimitAddAtSparking,2
3010_00,Numeric,PursuitLimitDragonHomingAddAtSparking,0
3010_00,Numeric,PursuitLimitVanishingAttackAddAtSparking,0
3010_00,Numeric,PursuitLimitLightningAttackAddAtSparking,0
3010_00,Numeric,IdealPositionMidAirKick,86
3010_00,Numeric,ReactionSplitHighBorder,0.6
3010_00,Numeric,ReactionSplitMidBorder,0.4
3010_00,Numeric,ReactionSplitLowBorder,0.2
3010_00,Numeric,BulletNum,7
3010_00,Numeric,JumpBulletNum,7
3010_00,Numeric,JumpBulletSetNum,1
3010_00,Numeric,DashBulletNum,6
3010_00,Numeric,RushBulletLimit,7
3010_00,Numeric,SmashBulletLimit,1
3010_00,Numeric,RepelSkillGaugeGainRate,1.2
3010_00,Numeric,AttackBreakSkillGaugeGain,0.15
3010_00,Numeric,FastAvoidSkillGaugeGain,0.05
3010_00,Numeric,ThrowBreakSkillGaugeGain,0.1
3010_00,Numeric,BackAttackedSkillGaugeGain,0.03
3010_00,Numeric,LastOneHPSkillGaugeGain,1
3010_00,Numeric,ImpactStartSkillGaugeGain,1
3010_00,Numeric,RushOffsetSkillGaugeGain,0.05
3010_00,Numeric,CollisionOffsetSkillGaugeGain,0.5
3010_00,Numeric,DragonHomingChangeTrajectorySkillGaugeGain,0.1
3010_00,Numeric,BurstSmashGaugeGain,0.1
3010_00,Numeric,ExParam,4
3010_00,Steps,StepShortDash.AddToSpeedScale,60000
3010_00,Steps,StepShortDash.MaxAcceleration,60000
3010_00,Steps,StepShortDash.BrakingDeceleration,30000
3010_00,Steps,StepShortDash.ElapsedTimeToOT,0.033333
3010_00,Steps,StepShortDash.Duration,0.333333
3010_00,Steps,StepShortDash.CoolTime,0.05
3010_00,Steps,StepShortDash.bIsStopClearSpeed,true
3010_00,Steps,StepShortDash.StopBrakingDeceleration,10000000
3010_00,Steps,StepShortDash.SpCost,2650
3010_00,Steps,StepCancelShortDash.AddToSpeedScale,60000
3010_00,Steps,StepCancelShortDash.MaxAcceleration,60000
3010_00,Steps,StepCancelShortDash.BrakingDeceleration,30000
3010_00,Steps,StepCancelShortDash.ElapsedTimeToOT,0.033333
3010_00,Steps,StepCancelShortDash.Duration,0.333333
3010_00,Steps,StepCancelShortDash.CoolTime,0.416667
3010_00,Steps,StepCancelShortDash.bIsStopClearSpeed,true
3010_00,Steps,StepCancelShortDash.StopBrakingDeceleration,10000000
3010_00,Steps,StepCancelShortDash.SpCost,1325
3010_00,DragonDash,SpCostIN,500
3010_00,DragonDash,SpCostLP,3920
3010_00,DragonDash,SpCostBK,5200
3010_00,DragonDash,HighSpeedSpCostLP,4900
3010_00,ZBurstDash,SpCostIN,10000
3010_00,ZBurstDash,SpCostLP,11000
3010_00,ZBurstDash,BurstSmashSpCostLP,3500
3010_00,DashUpDown,SpCostUpIN,1000
3010_00,DashUpDown,SpCostUpLP,7840
3010_00,DashUpDown,SpCostDownIN,1000
3010_00,DashUpDown,SpCostDownLP,7840
3010_00,DragonHoming,SpCostIN,250
3010_00,DragonHoming,SpCostLP,3500
3010_01,Character,DestroyedPower,6
3010_01,Character,AbilityFlag.SparkingArmor,false
3010_01,Character,AbilityFlag.AutoReflect,false
3010_01,Character,ActionFlag.HeavyCrash,true
3010_01,Character,ActionFlag.RollingHurricane,true
3010_01,Character,ActionFlag.EnergyStorm,true
3010_01,Character,ActionFlag.TriAttack,true
3010_01,Character,ActionFlag.AirRush,true
3010_01,Character,ChaseChangeBlastSlot,EKoratBlastSlotType::BlastSkill1
3010_01,Numeric,Life,40000
3010_01,Numeric,SPAutoRecoverySpeed,1750
3010_01,Numeric,SPAutoRecoverySpeedScaleUnderOneGauge,1.3
3010_01,Numeric,SPChargeSpeed,7
3010_01,Numeric,SPChargeSpeedUnderAutoRecoveryLimit,10.5
3010_01,Numeric,SparkingModeGaugeDecreaseSpeed,2800
3010_01,Numeric,BlastStock,6
3010_01,Numeric,AttackChargeSpeedsBySmashLevel[0],3
3010_01,Numeric,AttackChargeSpeedsBySmashLevel[1],5.4
3010_01,Numeric,AttackChargeSpeedsBySmashLevel[2],7.5
3010_01,Numeric,PursuitBaseLimit,2
3010_01,Numeric,PursuitLimitDragonHoming,0
3010_01,Numeric,PursuitLimitVanishingAttack,0
3010_01,Numeric,PursuitBaseLimitAddAtSparking,2
3010_01,Numeric,PursuitLimitDragonHomingAddAtSparking,0
3010_01,Numeric,PursuitLimitVanishingAttackAddAtSparking,0
3010_01,Numeric,PursuitLimitLightningAttackAddAtSparking,0
3010_01,Numeric,IdealPositionMidAirKick,86
3010_01,Numeric,ReactionSplitHighBorder,0.6
3010_01,Numeric,ReactionSplitMidBorder,0.4
3010_01,Numeric,ReactionSplitLowBorder,0.2
3010_01,Numeric,BulletNum,9
3010_01,Numeric,JumpBulletNum,9
3010_01,Numeric,JumpBulletSetNum,1
3010_01,Numeric,DashBulletNum,6
3010_01,Numeric,RushBulletLimit,9
3010_01,Numeric,SmashBulletLimit,1
3010_01,Numeric,RepelSkillGaugeGainRate,1.2
3010_01,Numeric,AttackBreakSkillGaugeGain,0.15
3010_01,Numeric,FastAvoidSkillGaugeGain,0.05
3010_01,Numeric,ThrowBreakSkillGaugeGain,0.1
3010_01,Numeric,BackAttackedSkillGaugeGain,0.03
3010_01,Numeric,LastOneHPSkillGaugeGain,1
3010_01,Numeric,ImpactStartSkillGaugeGain,1
3010_01,Numeric,RushOffsetSkillGaugeGain,0.05
3010_01,Numeric,CollisionOffsetSkillGaugeGain,0.5
3010_01,Numeric,DragonHomingChangeTrajectorySkillGaugeGain,0.1
3010_01,Numeric,BurstSmashGaugeGain,0.1
3010_01,Numeric,ExParam,4
3010_01,Steps,StepShortDash.AddToSpeedScale,60000
3010_01,Steps,StepShortDash.MaxAcceleration,60000
3010_01,Steps,StepShortDash.BrakingDeceleration,30000
3010_01,Steps,StepShortDash.ElapsedTimeToOT,0.033333
3010_01,Steps,StepShortDash.Duration,0.333333
3010_01,Steps,StepShortDash.CoolTime,0.05
3010_01,Steps,StepShortDash.bIsStopClearSpeed,true
3010_01,Steps,StepShortDash.StopBrakingDeceleration,10000000
3010_01,Steps,StepShortDash.SpCost,2650
3010_01,Steps,StepCancelShortDash.AddToSpeedScale,60000
3010_01,Steps,StepCancelShortDash.MaxAcceleration,60000
3010_01,Steps,StepCancelShortDash.BrakingDeceleration,30000
3010_01,Steps,StepCancelShortDash.ElapsedTimeToOT,0.033333
3010_01,Steps,StepCancelShortDash.Duration,0.333333
3010_01,Steps,StepCancelShortDash.CoolTime,0.416667
3010_01,Steps,StepCancelShortDash.bIsStopClearSpeed,true
3010_01,Steps,StepCancelShortDash.StopBrakingDeceleration,10000000
3010_01,Steps,StepCancelShortDash.SpCost,1325
3010_01,DragonDash,SpCostIN,500
3010_01,DragonDash,SpCostLP,3920
3010_01,DragonDash,SpCostBK,5200
3010_01,DragonDash,HighSpeedSpCostLP,4900
3010_01,ZBurstDash,SpCostIN,10000
3010_01,ZBurstDash,SpCostLP,11000
3010_01,ZBurstDash,BurstSmashSpCostLP,3500
3010_01,DashUpDown,SpCostUpIN,1000
3010_01,DashUpDown,SpCostUpLP,7840
3010_01,DashUpDown,SpCostDownIN,1000
3010_01,DashUpDown,SpCostDownLP,7840
3010_01,DragonHoming,SpCostIN,250
3010_01,DragonHoming,SpCostLP,3500
3011_00,Character,DestroyedPower,8
3011_00,Character,ActionFlag.SpiralSlash,true
3011_00,Character,ActionFlag.RollingHurricane,true
3011_00,Character,ActionFlag.TriAttack,true
3011_00,Character,ActionFlag.AirRush,true
3011_00,Character,ActionFlag.DeltaStorm,true
3011_00,Character,ChaseChangeBlastSlot,EKoratBlastSlotType::BlastSkill1
3011_00,Numeric,Life,45000
3011_00,Numeric,DamageRate,0.98
3011_00,Numeric,InitialSP,30000
3011_00,Numeric,SPAutoRecoverySpeed,1750
3011_00,Numeric,SPAutoRecoverySpeedScaleUnderOneGauge,1.3
3011_00,Numeric,SPChargeSpeed,7
3011_00,Numeric,SPChargeSpeedUnderAutoRecoveryLimit,10.5
3011_00,Numeric,SparkingModeGaugeDecreaseSpeed,2800
3011_00,Numeric,BlastStock,6
3011_00,Numeric,AttackChargeSpeedsBySmashLevel[0],3
3011_00,Numeric,AttackChargeSpeedsBySmashLevel[1],5.4
3011_00,Numeric,AttackChargeSpeedsBySmashLevel[2],7.5
3011_00,Numeric,PursuitBaseLimit,3
3011_00,Numeric,PursuitLimitDragonHoming,0
3011_00,Numeric,PursuitLimitVanishingAttack,0
3011_00,Numeric,PursuitBaseLimitAddAtSparking,2
3011_00,Numeric,PursuitLimitDragonHomingAddAtSparking,0
3011_00,Numeric,PursuitLimitVanishingAttackAddAtSparking,0
3011_00,Numeric,PursuitLimitLightningAttackAddAtSparking,0
3011_00,Numeric,IdealPositionMidAirKick,92
3011_00,Numeric,ReactionSplitHighBorder,0.6
3011_00,Numeric,ReactionSplitMidBorder,0.4
3011_00,Numeric,ReactionSplitLowBorder,0.2
3011_00,Numeric,BulletNum,7
3011_00,Numeric,JumpBulletNum,7
3011_00,Numeric,JumpBulletSetNum,1
3011_00,Numeric,DashBulletNum,6
3011_00,Numeric,RushBulletLimit,7
3011_00,Numeric,SmashBulletLimit,1
3011_00,Numeric,RepelSkillGaugeGainRate,1.2
3011_00,Numeric,AttackBreakSkillGaugeGain,0.15
3011_00,Numeric,FastAvoidSkillGaugeGain,0.05
3011_00,Numeric,ThrowBreakSkillGaugeGain,0.1
3011_00,Numeric,BackAttackedSkillGaugeGain,0.03
3011_00,Numeric,LastOneHPSkillGaugeGain,1
3011_00,Numeric,ImpactStartSkillGaugeGain,1
3011_00,Numeric,RushOffsetSkillGaugeGain,0.05
3011_00,Numeric,CollisionOffsetSkillGaugeGain,0.5
3011_00,Numeric,DragonHomingChangeTrajectorySkillGaugeGain,0.1
3011_00,Numeric,BurstSmashGaugeGain,0.1
3011_00,Numeric,ExParam,4
3011_00,Steps,StepShortDash.AddToSpeedScale,60000
3011_00,Steps,StepShortDash.MaxAcceleration,60000
3011_00,Steps,StepShortDash.BrakingDeceleration,30000
3011_00,Steps,StepShortDash.ElapsedTimeToOT,0.033333
3011_00,Steps,StepShortDash.Duration,0.333333
3011_00,Steps,StepShortDash.CoolTime,0.05
3011_00,Steps,StepShortDash.bIsStopClearSpeed,true
3011_00,Steps,StepShortDash.StopBrakingDeceleration,10000000
3011_00,Steps,StepShortDash.SpCost,2650
3011_00,Steps,StepCancelShortDash.AddToSpeedScale,60000
3011_00,Steps,StepCancelShortDash.MaxAcceleration,60000
3011_00,Steps,StepCancelShortDash.BrakingDeceleration,30000
3011_00,Steps,StepCancelShortDash.ElapsedTimeToOT,0.033333
3011_00,Steps,StepCancelShortDash.Duration,0.333333
3011_00,Steps,StepCancelShortDash.CoolTime,0.416667
3011_00,Steps,StepCancelShortDash.bIsStopClearSpeed,true
3011_00,Steps,StepCancelShortDash.StopBrakingDeceleration,10000000
3011_00,Steps,StepCancelShortDash.SpCost,1325
3011_00,DragonDash,SpCostIN,500
3011_00,DragonDash,SpCostLP,3920
3011_00,DragonDash,SpCostBK,5200
3011_00,DragonDash,HighSpeedSpCostLP,4900
3011_00,ZBurstDash,SpCostIN,10000
3011_00,ZBurstDash,SpCostLP,11000
3011_00,ZBurstDash,BurstSmashSpCostLP,3500
3011_00,DashUpDown,SpCostUpIN,1000
3011_00,DashUpDown,SpCostUpLP,7840
3011_00,DashUpDown,SpCostDownIN,1000
3011_00,DashUpDown,SpCostDownLP,7840
3011_00,DragonHoming,SpCostIN,250
3011_00,DragonHoming,SpCostLP,3500
3012_00,Character,DestroyedPower,8
3012_00,Character,AbilityFlag.HyperArmor,true
3012_00,Character,AbilityFlag.bCannotCrashImpact,true
3012_00,Character,AbilityFlag.bCanHighSpeedMove,false
3012_00,Character,AbilityFlag.bCanSuperHighSpeedMove,false
3012_00,Character,ActionFlag.LiftStrike,true
3012_00,Character,ActionFlag.GrandSlash,true
3012_00,Character,ActionFlag.LightningAttack,true
3012_00,Character,ActionFlag.DragonTornado,true
3012_00,Character,ActionFlag.CannonCombo,true
3012_00,Character,ActionFlag.SpiralSlash,true
3012_00,Character,ActionFlag.RollingHurricane,true
3012_00,Character,ActionFlag.EnergyStorm,true
3012_00,Character,ActionFlag.TriAttack,true
3012_00,Character,ActionFlag.AirRush,true
3012_00,Character,ActionFlag.DeltaStorm,true
3012_00,Character,ActionFlag.SparkingRush,true
3012_00,Character,ActionFlag.SuperZCounter,true
3012_00,Character,ChaseChangeBlastSlot,EKoratBlastSlotType::BlastSkill1
3012_00,Numeric,DamageRate,0.95
3012_00,Numeric,InitialSP,30000
3012_00,Numeric,SPAutoRecoverySpeed,1500
3012_00,Numeric,SPAutoRecoverySpeedScaleUnderOneGauge,1.3
3012_00,Numeric,SPChargeSpeed,8
3012_00,Numeric,SPChargeSpeedUnderAutoRecoveryLimit,12
3012_00,Numeric,SparkingModeGaugeDecreaseSpeed,2800
3012_00,Numeric,GuardCrashedByCombativesBlastSpDamageRate,0
3012_00,Numeric,BlastStock,6
3012_00,Numeric,AttackChargeSpeedsBySmashLevel[0],3
3012_00,Numeric,AttackChargeSpeedsBySmashLevel[1],5.4
3012_00,Numeric,AttackChargeSpeedsBySmashLevel[2],7.5
3012_00,Numeric,PursuitBaseLimit,1
3012_00,Numeric,PursuitLimitDragonHoming,0
3012_00,Numeric,PursuitLimitVanishingAttack,0
3012_00,Numeric,PursuitLimitLightningAttack,0
3012_00,Numeric,PursuitBaseLimitAddAtSparking,2
3012_00,Numeric,PursuitLimitDragonHomingAddAtSparking,0
3012_00,Numeric,PursuitLimitVanishingAttackAddAtSparking,0
3012_00,Numeric,PursuitLimitLightningAttackAddAtSparking,0
3012_00,Numeric,ReactionSplitHighBorder,0.6
3012_00,Numeric,ReactionSplitMidBorder,0.4
3012_00,Numeric,ReactionSplitLowBorder,0.2
3012_00,Numeric,BulletNum,6
3012_00,Numeric,JumpBulletNum,6
3012_00,Numeric,JumpBulletSetNum,1
3012_00,Numeric,RushBulletLimit,6
3012_00,Numeric,SmashBulletLimit,1
3012_00,Numeric,RepelSkillGaugeGainRate,1.1
3012_00,Numeric,AttackBreakSkillGaugeGain,0.15
3012_00,Numeric,FastAvoidSkillGaugeGain,0.05
3012_00,Numeric,ThrowBreakSkillGaugeGain,0.1
3012_00,Numeric,BackAttackedSkillGaugeGain,0.03
3012_00,Numeric,LastOneHPSkillGaugeGain,1
3012_00,Numeric,ImpactStartSkillGaugeGain,1
3012_00,Numeric,RushOffsetSkillGaugeGain,0.05
3012_00,Numeric,CollisionOffsetSkillGaugeGain,0.5
3012_00,Numeric,DragonHomingChangeTrajectorySkillGaugeGain,0.1
3012_00,Numeric,BurstSmashGaugeGain,0.1
3012_00,Numeric,ExParam,4
3012_00,Steps,StepShortDash.AddToSpeedScale,60000
3012_00,Steps,StepShortDash.MaxAcceleration,60000
3012_00,Steps,StepShortDash.BrakingDeceleration,30000
3012_00,Steps,StepShortDash.ElapsedTimeToOT,0.033333
3012_00,Steps,StepShortDash.Duration,0.333333
3012_00,Steps,StepShortDash.CoolTime,0.05
3012_00,Steps,StepShortDash.bIsStopClearSpeed,true
3012_00,Steps,StepShortDash.StopBrakingDeceleration,10000000
3012_00,Steps,StepShortDash.SpCost,5150
3012_00,Steps,StepCancelShortDash.AddToSpeedScale,60000
3012_00,Steps,StepCancelShortDash.MaxAcceleration,60000
3012_00,Steps,StepCancelShortDash.BrakingDeceleration,30000
3012_00,Steps,StepCancelShortDash.ElapsedTimeToOT,0.033333
3012_00,Steps,StepCancelShortDash.Duration,0.333333
3012_00,Steps,StepCancelShortDash.CoolTime,0.416667
3012_00,Steps,StepCancelShortDash.bIsStopClearSpeed,true
3012_00,Steps,StepCancelShortDash.StopBrakingDeceleration,10000000
3012_00,Steps,StepCancelShortDash.SpCost,2575
3012_00,DragonDash,SpCostIN,500
3012_00,DragonDash,SpCostLP,3920
3012_00,DragonDash,SpCostBK,5200
3012_00,DragonDash,HighSpeedSpCostLP,4900
3012_00,ZBurstDash,SpCostIN,20000
3012_00,ZBurstDash,BurstSmashSpCostLP,3500
3012_00,DashUpDown,SpCostUpIN,1000
3012_00,DashUpDown,SpCostUpLP,7840
3012_00,DashUpDown,SpCostDownIN,1000
3012_00,DashUpDown,SpCostDownLP,7840
3012_00,DragonHoming,SpCostIN,250
3012_00,DragonHoming,SpCostLP,3500
3020_00,Character,DestroyedPower,7
3020_00,Character,AbilityFlag.bCannotCharge,true
3020_00,Character,AbilityFlag.bNoEffectDrain,true
3020_00,Character,ChaseChangeBlastSlot,EKoratBlastSlotType::BlastSkill1
3020_00,Numeric,Life,40000
3020_00,Numeric,InitialSP,30000
3020_00,Numeric,SPAutoRecoveryLimit,50000
3020_00,Numeric,SPAutoRecoverySpeed,2000
3020_00,Numeric,SPChargeSpeed,0
3020_00,Numeric,SparkingModeGaugeDecreaseSpeed,2800
3020_00,Numeric,BlastStock,4
3020_00,Numeric,InitialBlastStock,1
3020_00,Numeric,AttackChargeSpeedsBySmashLevel[0],3
3020_00,Numeric,AttackChargeSpeedsBySmashLevel[1],5.4
3020_00,Numeric,AttackChargeSpeedsBySmashLevel[2],7.5
3020_00,Numeric,PursuitBaseLimit,2
3020_00,Numeric,PursuitLimitDragonHoming,0
3020_00,Numeric,PursuitLimitVanishingAttack,0
3020_00,Numeric,PursuitBaseLimitAddAtSparking,2
3020_00,Numeric,PursuitLimitDragonHomingAddAtSparking,0
3020_00,Numeric,PursuitLimitVanishingAttackAddAtSparking,0
3020_00,Numeric,PursuitLimitLightningAttackAddAtSparking,0
3020_00,Numeric,IdealPositionMidAirKick,68
3020_00,Numeric,ReactionSplitHighBorder,0.7
3020_00,Numeric,ReactionSplitMidBorder,0.35
3020_00,Numeric,ReactionSplitLowBorder,0.175
3020_00,Numeric,BulletNum,999
3020_00,Numeric,JumpBulletNum,10
3020_00,Numeric,JumpBulletSetNum,1
3020_00,Numeric,DashBulletNum,8
3020_00,Numeric,SmashBulletLimit,1
3020_00,Numeric,AttackBreakSkillGaugeGain,0.15
3020_00,Numeric,FastAvoidSkillGaugeGain,0.05
3020_00,Numeric,ThrowBreakSkillGaugeGain,0.1
3020_00,Numeric,BackAttackedSkillGaugeGain,0.03
3020_00,Numeric,LastOneHPSkillGaugeGain,1
3020_00,Numeric,ImpactStartSkillGaugeGain,1
3020_00,Numeric,RushOffsetSkillGaugeGain,0.05
3020_00,Numeric,CollisionOffsetSkillGaugeGain,0.5
3020_00,Numeric,DragonHomingChangeTrajectorySkillGaugeGain,0.1
3020_00,Numeric,BurstSmashGaugeGain,0.1
3020_00,Numeric,ExParam,3
3020_00,Numeric,AuraType,EKoratBattleAuraType::None
3020_00,Steps,StepShortDash.AddToSpeedScale,60000
3020_00,Steps,StepShortDash.MaxAcceleration,50000
3020_00,Steps,StepShortDash.BrakingDeceleration,20000
3020_00,Steps,StepShortDash.ElapsedTimeToOT,0.033333
3020_00,Steps,StepShortDash.Duration,0.333333
3020_00,Steps,StepShortDash.CoolTime,0.05
3020_00,Steps,StepShortDash.bIsStopClearSpeed,true
3020_00,Steps,StepShortDash.StopBrakingDeceleration,10000000
3020_00,Steps,StepShortDash.SpCost,3850
3020_00,Steps,StepCancelShortDash.AddToSpeedScale,60000
3020_00,Steps,StepCancelShortDash.MaxAcceleration,50000
3020_00,Steps,StepCancelShortDash.BrakingDeceleration,20000
3020_00,Steps,StepCancelShortDash.ElapsedTimeToOT,0.033333
3020_00,Steps,StepCancelShortDash.Duration,0.333333
3020_00,Steps,StepCancelShortDash.CoolTime,0.416667
3020_00,Steps,StepCancelShortDash.bIsStopClearSpeed,true
3020_00,Steps,StepCancelShortDash.StopBrakingDeceleration,10000000
3020_00,Steps,StepCancelShortDash.SpCost,1925
3020_00,DragonDash,SpCostIN,500
3020_00,DragonDash,SpCostLP,3920
3020_00,DragonDash,SpCostBK,5200
3020_00,DragonDash,HighSpeedSpCostLP,4900
3020_00,ZBurstDash,SpCostIN,10000
3020_00,ZBurstDash,SpCostLP,11000
3020_00,ZBurstDash,BurstSmashSpCostLP,3500
3020_00,DashUpDown,SpCostUpIN,1000
3020_00,DashUpDown,SpCostUpLP,7840
3020_00,DashUpDown,SpCostDownIN,1000
3020_00,DashUpDown,SpCostDownLP,7840
3020_00,DragonHoming,SpCostIN,250
3020_00,DragonHoming,SpCostLP,3500
3030_00,Character,DestroyedPower,7
3030_00,Character,AbilityFlag.bCannotCharge,true
3030_00,Character,AbilityFlag.bNoEffectDrain,true
3030_00,Character,ChaseChangeBlastSlot,EKoratBlastSlotType::BlastSkill1
3030_00,Numeric,Life,40000
3030_00,Numeric,InitialSP,30000
3030_00,Numeric,SPAutoRecoveryLimit,50000
3030_00,Numeric,SPAutoRecoverySpeed,2000
3030_00,Numeric,SPChargeSpeed,0
3030_00,Numeric,SparkingModeGaugeDecreaseSpeed,2800
3030_00,Numeric,BlastStock,4
3030_00,Numeric,InitialBlastStock,1
3030_00,Numeric,AttackChargeSpeedsBySmashLevel[0],3
3030_00,Numeric,AttackChargeSpeedsBySmashLevel[1],5.4
3030_00,Numeric,AttackChargeSpeedsBySmashLevel[2],7.5
3030_00,Numeric,PursuitBaseLimit,2
3030_00,Numeric,PursuitLimitDragonHoming,0
3030_00,Numeric,PursuitLimitVanishingAttack,0
3030_00,Numeric,PursuitBaseLimitAddAtSparking,2
3030_00,Numeric,PursuitLimitDragonHomingAddAtSparking,0
3030_00,Numeric,PursuitLimitVanishingAttackAddAtSparking,0
3030_00,Numeric,PursuitLimitLightningAttackAddAtSparking,0
3030_00,Numeric,IdealPositionMidAirKick,68
3030_00,Numeric,ReactionSplitHighBorder,0.7
3030_00,Numeric,ReactionSplitMidBorder,0.35
3030_00,Numeric,ReactionSplitLowBorder,0.175
3030_00,Numeric,BulletNum,999
3030_00,Numeric,JumpBulletNum,10
3030_00,Numeric,JumpBulletSetNum,1
3030_00,Numeric,DashBulletNum,8
3030_00,Numeric,SmashBulletLimit,1
3030_00,Numeric,AttackBreakSkillGaugeGain,0.15
3030_00,Numeric,FastAvoidSkillGaugeGain,0.05
3030_00,Numeric,ThrowBreakSkillGaugeGain,0.1
3030_00,Numeric,BackAttackedSkillGaugeGain,0.03
3030_00,Numeric,LastOneHPSkillGaugeGain,1
3030_00,Numeric,ImpactStartSkillGaugeGain,1
3030_00,Numeric,RushOffsetSkillGaugeGain,0.05
3030_00,Numeric,CollisionOffsetSkillGaugeGain,0.5
3030_00,Numeric,DragonHomingChangeTrajectorySkillGaugeGain,0.1
3030_00,Numeric,BurstSmashGaugeGain,0.1
3030_00,Numeric,ExParam,3
3030_00,Numeric,AuraType,EKoratBattleAuraType::None
3030_00,Steps,StepShortDash.AddToSpeedScale,60000
3030_00,Steps,StepShortDash.MaxAcceleration,50000
3030_00,Steps,StepShortDash.BrakingDeceleration,20000
3030_00,Steps,StepShortDash.ElapsedTimeToOT,0.033333
3030_00,Steps,StepShortDash.Duration,0.333333
3030_00,Steps,StepShortDash.CoolTime,0.05
3030_00,Steps,StepShortDash.bIsStopClearSpeed,true
3030_00,Steps,StepShortDash.StopBrakingDeceleration,10000000
3030_00,Steps,StepShortDash.SpCost,3850
3030_00,Steps,StepCancelShortDash.AddToSpeedScale,60000
3030_00,Steps,StepCancelShortDash.MaxAcceleration,50000
3030_00,Steps,StepCancelShortDash.BrakingDeceleration,20000
3030_00,Steps,StepCancelShortDash.ElapsedTimeToOT,0.033333
3030_00,Steps,StepCancelShortDash.Duration,0.333333
3030_00,Steps,StepCancelShortDash.CoolTime,0.416667
3030_00,Steps,StepCancelShortDash.bIsStopClearSpeed,true
3030_00,Steps,StepCancelShortDash.StopBrakingDeceleration,10000000
3030_00,Steps,StepCancelShortDash.SpCost,1925
3030_00,DragonDash,SpCostIN,500
3030_00,DragonDash,SpCostLP,3920
3030_00,DragonDash,SpCostBK,5200
3030_00,DragonDash,HighSpeedSpCostLP,4900
3030_00,ZBurstDash,SpCostIN,10000
3030_00,ZBurstDash,SpCostLP,11000
3030_00,ZBurstDash,BurstSmashSpCostLP,3500
3030_00,DashUpDown,SpCostUpIN,1000
3030_00,DashUpDown,SpCostUpLP,7840
3030_00,DashUpDown,SpCostDownIN,1000
3030_00,DashUpDown,SpCostDownLP,7840
3030_00,DragonHoming,SpCostIN,250
3030_00,DragonHoming,SpCostLP,3500
3040_00,Character,DestroyedPower,9
3040_00,Character,AbilityFlag.HyperArmor,true
3040_00,Character,AbilityFlag.bCannotCrashImpact,true
3040_00,Character,AbilityFlag.bCanHighSpeedMove,false
3040_00,Character,AbilityFlag.bCanSuperHighSpeedMove,false
3040_00,Character,ActionFlag.LiftStrike,true
3040_00,Character,ActionFlag.GrandSlash,true
3040_00,Character,ActionFlag.LightningAttack,true
3040_00,Character,ActionFlag.DragonTornado,true
3040_00,Character,ActionFlag.CannonCombo,true
3040_00,Character,ActionFlag.SpiralSlash,true
3040_00,Character,ActionFlag.RollingHurricane,true
3040_00,Character,ActionFlag.EnergyStorm,true
3040_00,Character,ActionFlag.TriAttack,true
3040_00,Character,ActionFlag.AirRush,true
3040_00,Character,ActionFlag.DeltaStorm,true
3040_00,Character,ActionFlag.SparkingRush,true
3040_00,Character,ActionFlag.SuperZCounter,true
3040_00,Character,ChaseChangeBlastSlot,EKoratBlastSlotType::BlastSkill1
3040_00,Numeric,DamageRate,0.95
3040_00,Numeric,InitialSP,40000
3040_00,Numeric,SPAutoRecoverySpeed,1500
3040_00,Numeric,SPAutoRecoverySpeedScaleUnderOneGauge,1.3
3040_00,Numeric,SPChargeSpeed,8
3040_00,Numeric,SPChargeSpeedUnderAutoRecoveryLimit,12
3040_00,Numeric,SparkingModeGaugeDecreaseSpeed,2800
3040_00,Numeric,GuardCrashedByCombativesBlastSpDamageRate,0
3040_00,Numeric,AttackChargeSpeedsBySmashLevel[0],3
3040_00,Numeric,AttackChargeSpeedsBySmashLevel[1],5.4
3040_00,Numeric,AttackChargeSpeedsBySmashLevel[2],7.5
3040_00,Numeric,PursuitBaseLimit,1
3040_00,Numeric,PursuitLimitDragonHoming,0
3040_00,Numeric,PursuitLimitVanishingAttack,0
3040_00,Numeric,PursuitLimitLightningAttack,0
3040_00,Numeric,PursuitBaseLimitAddAtSparking,2
3040_00,Numeric,PursuitLimitDragonHomingAddAtSparking,0
3040_00,Numeric,PursuitLimitVanishingAttackAddAtSparking,0
3040_00,Numeric,PursuitLimitLightningAttackAddAtSparking,0
3040_00,Numeric,ReactionSplitHighBorder,0.6
3040_00,Numeric,ReactionSplitMidBorder,0.4
3040_00,Numeric,ReactionSplitLowBorder,0.2
3040_00,Numeric,BulletNum,4
3040_00,Numeric,JumpBulletSetNum,1
3040_00,Numeric,DashBulletNum,3
3040_00,Numeric,RushBulletLimit,4
3040_00,Numeric,SmashBulletLimit,1
3040_00,Numeric,RepelSkillGaugeGainRate,1.1
3040_00,Numeric,AttackBreakSkillGaugeGain,0.15
3040_00,Numeric,FastAvoidSkillGaugeGain,0.05
3040_00,Numeric,ThrowBreakSkillGaugeGain,0.1
3040_00,Numeric,BackAttackedSkillGaugeGain,0.03
3040_00,Numeric,LastOneHPSkillGaugeGain,1
3040_00,Numeric,ImpactStartSkillGaugeGain,1
3040_00,Numeric,RushOffsetSkillGaugeGain,0.05
3040_00,Numeric,CollisionOffsetSkillGaugeGain,0.5
3040_00,Numeric,DragonHomingChangeTrajectorySkillGaugeGain,0.1
3040_00,Numeric,BurstSmashGaugeGain,0.1
3040_00,Numeric,ExParam,20
3040_00,Steps,StepShortDash.AddToSpeedScale,60000
3040_00,Steps,StepShortDash.MaxAcceleration,60000
3040_00,Steps,StepShortDash.BrakingDeceleration,30000
3040_00,Steps,StepShortDash.ElapsedTimeToOT,0.033333
3040_00,Steps,StepShortDash.Duration,0.333333
3040_00,Steps,StepShortDash.CoolTime,0.05
3040_00,Steps,StepShortDash.bIsStopClearSpeed,true
3040_00,Steps,StepShortDash.StopBrakingDeceleration,10000000
3040_00,Steps,StepShortDash.SpCost,5150
3040_00,Steps,StepCancelShortDash.AddToSpeedScale,60000
3040_00,Steps,StepCancelShortDash.MaxAcceleration,60000
3040_00,Steps,StepCancelShortDash.BrakingDeceleration,30000
3040_00,Steps,StepCancelShortDash.ElapsedTimeToOT,0.033333
3040_00,Steps,StepCancelShortDash.Duration,0.333333
3040_00,Steps,StepCancelShortDash.CoolTime,0.416667
3040_00,Steps,StepCancelShortDash.bIsStopClearSpeed,true
3040_00,Steps,StepCancelShortDash.StopBrakingDeceleration,10000000
3040_00,Steps,StepCancelShortDash.SpCost,2575
3040_00,DragonDash,SpCostIN,500
3040_00,DragonDash,SpCostLP,3920
3040_00,DragonDash,SpCostBK,5200
3040_00,DragonDash,HighSpeedSpCostLP,4900
3040_00,ZBurstDash,SpCostIN,20000
3040_00,ZBurstDash,BurstSmashSpCostLP,3500
3040_00,DashUpDown,SpCostUpIN,1000
3040_00,DashUpDown,SpCostUpLP,7840
3040_00,DashUpDown,SpCostDownIN,1000
3040_00,DashUpDown,SpCostDownLP,7840
3040_00,DragonHoming,SpCostIN,250
3040_00,DragonHoming,SpCostLP,3500
3050_00,Character,DestroyedPower,4
3050_00,Character,AbilityFlag.AutoReflect,false
3050_00,Character,AbilityFlag.CannotShoot,true
3050_00,Character,AbilityFlag.CannotShootReplaceAction,actHFN
3050_00,Character,AbilityFlag.bCanSuperHighSpeedMove,false
3050_00,Character,ActionFlag.EnergyWave,true
3050_00,Character,ActionFlag.RollingHammer,true
3050_00,Character,ActionFlag.DragonTornado,true
3050_00,Character,ActionFlag.DawnThrow,true
3050_00,Character,ActionFlag.CannonCombo,true
3050_00,Character,ActionFlag.RollingHurricane,true
3050_00,Character,ActionFlag.PowerPress,true
3050_00,Character,ActionFlag.EnergyStorm,true
3050_00,Character,ActionFlag.TriAttack,true
3050_00,Character,ActionFlag.DeltaStorm,true
3050_00,Character,ActionFlag.ExplosionCombo,true
3050_00,Character,ChaseChangeBlastSlot,EKoratBlastSlotType::BlastSkill1
3050_00,Numeric,Life,40000
3050_00,Numeric,DamageRate,1.1
3050_00,Numeric,SPAutoRecoverySpeed,1750
3050_00,Numeric,SPAutoRecoverySpeedScaleUnderOneGauge,1.3
3050_00,Numeric,SPChargeSpeed,7
3050_00,Numeric,SPChargeSpeedUnderAutoRecoveryLimit,10.5
3050_00,Numeric,SparkingModeGaugeDecreaseSpeed,2800
3050_00,Numeric,AttackChargeSpeedsBySmashLevel[0],3
3050_00,Numeric,AttackChargeSpeedsBySmashLevel[1],5.4
3050_00,Numeric,AttackChargeSpeedsBySmashLevel[2],7.5
3050_00,Numeric,PursuitBaseLimit,2
3050_00,Numeric,PursuitLimitDragonHoming,0
3050_00,Numeric,PursuitLimitVanishingAttack,0
3050_00,Numeric,PursuitBaseLimitAddAtSparking,2
3050_00,Numeric,PursuitLimitDragonHomingAddAtSparking,0
3050_00,Numeric,PursuitLimitVanishingAttackAddAtSparking,0
3050_00,Numeric,PursuitLimitLightningAttackAddAtSparking,0
3050_00,Numeric,IdealPositionMidAirKick,55
3050_00,Numeric,BulletNum,5
3050_00,Numeric,JumpBulletSetNum,1
3050_00,Numeric,RushBulletLimit,5
3050_00,Numeric,SmashBulletLimit,1
3050_00,Numeric,RepelSkillGaugeGainRate,1.6
3050_00,Numeric,AttackBreakSkillGaugeGain,0.15
3050_00,Numeric,FastAvoidSkillGaugeGain,0.05
3050_00,Numeric,ThrowBreakSkillGaugeGain,0.1
3050_00,Numeric,BackAttackedSkillGaugeGain,0.03
3050_00,Numeric,LastOneHPSkillGaugeGain,1
3050_00,Numeric,ImpactStartSkillGaugeGain,1
3050_00,Numeric,RushOffsetSkillGaugeGain,0.05
3050_00,Numeric,CollisionOffsetSkillGaugeGain,0.5
3050_00,Numeric,DragonHomingChangeTrajectorySkillGaugeGain,0.1
3050_00,Numeric,BurstSmashGaugeGain,0.1
3050_00,Steps,StepShortDash.AddToSpeedScale,60000
3050_00,Steps,StepShortDash.MaxAcceleration,60000
3050_00,Steps,StepShortDash.BrakingDeceleration,30000
3050_00,Steps,StepShortDash.ElapsedTimeToOT,0.033333
3050_00,Steps,StepShortDash.Duration,0.333333
3050_00,Steps,StepShortDash.CoolTime,0.05
3050_00,Steps,StepShortDash.bIsStopClearSpeed,true
3050_00,Steps,StepShortDash.StopBrakingDeceleration,10000000
3050_00,Steps,StepShortDash.SpCost,2650
3050_00,Steps,StepCancelShortDash.AddToSpeedScale,60000
3050_00,Steps,StepCancelShortDash.MaxAcceleration,60000
3050_00,Steps,StepCancelShortDash.BrakingDeceleration,30000
3050_00,Steps,StepCancelShortDash.ElapsedTimeToOT,0.033333
3050_00,Steps,StepCancelShortDash.Duration,0.333333
3050_00,Steps,StepCancelShortDash.CoolTime,0.416667
3050_00,Steps,StepCancelShortDash.bIsStopClearSpeed,true
3050_00,Steps,StepCancelShortDash.StopBrakingDeceleration,10000000
3050_00,Steps,StepCancelShortDash.SpCost,1325
3050_00,DragonDash,SpCostIN,500
3050_00,DragonDash,SpCostLP,3920
3050_00,DragonDash,SpCostBK,5200
3050_00,DragonDash,HighSpeedSpCostLP,4900
3050_00,ZBurstDash,SpCostIN,10000
3050_00,ZBurstDash,SpCostLP,11000
3050_00,ZBurstDash,BurstSmashSpCostLP,3500
3050_00,DashUpDown,SpCostUpIN,1000
3050_00,DashUpDown,SpCostUpLP,7840
3050_00,DashUpDown,SpCostDownIN,1000
3050_00,DashUpDown,SpCostDownLP,7840
3050_00,DragonHoming,SpCostIN,250
3050_00,DragonHoming,SpCostLP,3500
3050_01,Character,AbilityFlag.SparkingArmor,false
3050_01,Character,AbilityFlag.AutoReflect,false
3050_01,Character,AbilityFlag.CannotShootReplaceAction,actHFN
3050_01,Character,AbilityFlag.bCanSuperHighSpeedMove,false
3050_01,Character,ActionFlag.DragonTornado,true
3050_01,Character,ActionFlag.DawnThrow,true
3050_01,Character,ActionFlag.CannonCombo,true
3050_01,Character,ActionFlag.RollingHurricane,true
3050_01,Character,ActionFlag.PowerPress,true
3050_01,Character,ActionFlag.EnergyStorm,true
3050_01,Character,ActionFlag.TriAttack,true
3050_01,Character,ActionFlag.DeltaStorm,true
3050_01,Character,ChaseChangeBlastSlot,EKoratBlastSlotType::BlastSkill2
3050_01,Numeric,Life,40000
3050_01,Numeric,SPAutoRecoverySpeed,1500
3050_01,Numeric,SPAutoRecoverySpeedScaleUnderOneGauge,1.3
3050_01,Numeric,SPChargeSpeed,8
3050_01,Numeric,SPChargeSpeedUnderAutoRecoveryLimit,12
3050_01,Numeric,SparkingModeGaugeDecreaseSpeed,2800
3050_01,Numeric,BlastStock,6
3050_01,Numeric,AttackChargeSpeedsBySmashLevel[0],3
3050_01,Numeric,AttackChargeSpeedsBySmashLevel[1],4
3050_01,Numeric,AttackChargeSpeedsBySmashLevel[2],5
3050_01,Numeric,PursuitBaseLimit,2
3050_01,Numeric,PursuitLimitDragonHoming,0
3050_01,Numeric,PursuitLimitVanishingAttack,0
3050_01,Numeric,PursuitBaseLimitAddAtSparking,2
3050_01,Numeric,PursuitLimitDragonHomingAddAtSparking,0
3050_01,Numeric,PursuitLimitVanishingAttackAddAtSparking,0
3050_01,Numeric,PursuitLimitLightningAttackAddAtSparking,0
3050_01,Numeric,IdealPositionMidAirKick,55
3050_01,Numeric,BulletNum,7
3050_01,Numeric,JumpBulletNum,7
3050_01,Numeric,JumpBulletSetNum,1
3050_01,Numeric,RushBulletLimit,7
3050_01,Numeric,SmashBulletLimit,1
3050_01,Numeric,RepelSkillGaugeGainRate,1.2
3050_01,Numeric,AttackBreakSkillGaugeGain,0.15
3050_01,Numeric,FastAvoidSkillGaugeGain,0.05
3050_01,Numeric,ThrowBreakSkillGaugeGain,0.1
3050_01,Numeric,BackAttackedSkillGaugeGain,0.03
3050_01,Numeric,LastOneHPSkillGaugeGain,1
3050_01,Numeric,ImpactStartSkillGaugeGain,1
3050_01,Numeric,RushOffsetSkillGaugeGain,0.05
3050_01,Numeric,CollisionOffsetSkillGaugeGain,0.5
3050_01,Numeric,DragonHomingChangeTrajectorySkillGaugeGain,0.1
3050_01,Numeric,BurstSmashGaugeGain,0.1
3050_01,Numeric,ExParam,1
3050_01,Steps,StepShortDash.AddToSpeedScale,60000
3050_01,Steps,StepShortDash.MaxAcceleration,60000
3050_01,Steps,StepShortDash.BrakingDeceleration,30000
3050_01,Steps,StepShortDash.ElapsedTimeToOT,0.033333
3050_01,Steps,StepShortDash.Duration,0.333333
3050_01,Steps,StepShortDash.CoolTime,0.05
3050_01,Steps,StepShortDash.bIsStopClearSpeed,true
3050_01,Steps,StepShortDash.StopBrakingDeceleration,10000000
3050_01,Steps,StepShortDash.SpCost,2650
3050_01,Steps,StepCancelShortDash.AddToSpeedScale,60000
3050_01,Steps,StepCancelShortDash.MaxAcceleration,60000
3050_01,Steps,StepCancelShortDash.BrakingDeceleration,30000
3050_01,Steps,StepCancelShortDash.ElapsedTimeToOT,0.033333
3050_01,Steps,StepCancelShortDash.Duration,0.333333
3050_01,Steps,StepCancelShortDash.CoolTime,0.416667
3050_01,Steps,StepCancelShortDash.bIsStopClearSpeed,true
3050_01,Steps,StepCancelShortDash.StopBrakingDeceleration,10000000
3050_01,Steps,StepCancelShortDash.SpCost,1325
3050_01,DragonDash,SpCostIN,500
3050_01,DragonDash,SpCostLP,3920
3050_01,DragonDash,SpCostBK,5200
3050_01,DragonDash,HighSpeedSpCostLP,4900
3050_01,ZBurstDash,SpCostIN,10000
3050_01,ZBurstDash,SpCostLP,11000
3050_01,ZBurstDash,BurstSmashSpCostLP,3500
3050_01,DashUpDown,SpCostUpIN,1000
3050_01,DashUpDown,SpCostUpLP,7840
3050_01,DashUpDown,SpCostDownIN,1000
3050_01,DashUpDown,SpCostDownLP,7840
3050_01,DragonHoming,SpCostIN,250
3050_01,DragonHoming,SpCostLP,3500
3050_14,Character,DestroyedPower,7
3050_14,Character,AbilityFlag.SparkingArmor,false
3050_14,Character,AbilityFlag.CannotShootReplaceAction,actHFN
3050_14,Character,ActionFlag.DragonTornado,true
3050_14,Character,ActionFlag.DawnThrow,true
3050_14,Character,ActionFlag.CannonCombo,true
3050_14,Character,ActionFlag.RollingHurricane,true
3050_14,Character,ActionFlag.PowerPress,true
3050_14,Character,ActionFlag.EnergyStorm,true
3050_14,Character,ActionFlag.DeltaStorm,true
3050_14,Character,ChaseChangeBlastSlot,EKoratBlastSlotType::BlastSkill1
3050_14,Numeric,Life,40000
3050_14,Numeric,InitialSP,10000
3050_14,Numeric,SPAutoRecoverySpeed,1750
3050_14,Numeric,SPAutoRecoverySpeedScaleUnderOneGauge,1.3
3050_14,Numeric,SPChargeSpeed,8
3050_14,Numeric,SPChargeSpeedUnderAutoRecoveryLimit,12
3050_14,Numeric,SparkingModeGaugeDecreaseSpeed,2800
3050_14,Numeric,AttackChargeSpeedsBySmashLevel[0],3
3050_14,Numeric,AttackChargeSpeedsBySmashLevel[1],5.4
3050_14,Numeric,AttackChargeSpeedsBySmashLevel[2],7.5
3050_14,Numeric,PursuitBaseLimit,3
3050_14,Numeric,PursuitLimitDragonHoming,0
3050_14,Numeric,PursuitLimitVanishingAttack,0
3050_14,Numeric,PursuitBaseLimitAddAtSparking,2
3050_14,Numeric,PursuitLimitDragonHomingAddAtSparking,0
3050_14,Numeric,PursuitLimitVanishingAttackAddAtSparking,0
3050_14,Numeric,PursuitLimitLightningAttackAddAtSparking,0
3050_14,Numeric,IdealPositionMidAirKick,54
3050_14,Numeric,BulletNum,8
3050_14,Numeric,JumpBulletNum,7
3050_14,Numeric,JumpBulletSetNum,1
3050_14,Numeric,DashBulletNum,5
3050_14,Numeric,RushBulletLimit,8
3050_14,Numeric,SmashBulletLimit,1
3050_14,Numeric,RepelSkillGaugeGainRate,1.1
3050_14,Numeric,AttackBreakSkillGaugeGain,0.15
3050_14,Numeric,FastAvoidSkillGaugeGain,0.05
3050_14,Numeric,ThrowBreakSkillGaugeGain,0.1
3050_14,Numeric,BackAttackedSkillGaugeGain,0.03
3050_14,Numeric,LastOneHPSkillGaugeGain,1
3050_14,Numeric,ImpactStartSkillGaugeGain,1
3050_14,Numeric,RushOffsetSkillGaugeGain,0.05
3050_14,Numeric,CollisionOffsetSkillGaugeGain,0.5
3050_14,Numeric,DragonHomingChangeTrajectorySkillGaugeGain,0.1
3050_14,Numeric,BurstSmashGaugeGain,0.1
3050_14,Numeric,ExParam,1
3050_14,Steps,StepShortDash.AddToSpeedScale,60000
3050_14,Steps,StepShortDash.MaxAcceleration,60000
3050_14,Steps,StepShortDash.BrakingDeceleration,30000
3050_14,Steps,StepShortDash.ElapsedTimeToOT,0.033333
3050_14,Steps,StepShortDash.Duration,0.333333
3050_14,Steps,StepShortDash.CoolTime,0.05
3050_14,Steps,StepShortDash.bIsStopClearSpeed,true
3050_14,Steps,StepShortDash.StopBrakingDeceleration,10000000
3050_14,Steps,StepShortDash.SpCost,2650
3050_14,Steps,StepCancelShortDash.AddToSpeedScale,60000
3050_14,Steps,StepCancelShortDash.MaxAcceleration,60000
3050_14,Steps,StepCancelShortDash.BrakingDeceleration,30000
3050_14,Steps,StepCancelShortDash.ElapsedTimeToOT,0.033333
3050_14,Steps,StepCancelShortDash.Duration,0.333333
3050_14,Steps,StepCancelShortDash.CoolTime,0.416667
3050_14,Steps,StepCancelShortDash.bIsStopClearSpeed,true
3050_14,Steps,StepCancelShortDash.StopBrakingDeceleration,10000000
3050_14,Steps,StepCancelShortDash.SpCost,1325
3050_14,DragonDash,SpCostIN,500
3050_14,DragonDash,SpCostLP,3920
3050_14,DragonDash,SpCostBK,5200
3050_14,DragonDash,HighSpeedSpCostLP,4900
3050_14,ZBurstDash,SpCostIN,10000
3050_14,ZBurstDash,SpCostLP,11000
3050_14,ZBurstDash,BurstSmashSpCostLP,3500
3050_14,DashUpDown,SpCostUpIN,1000
3050_14,DashUpDown,SpCostUpLP,7840
3050_14,DashUpDown,SpCostDownIN,1000
3050_14,DashUpDown,SpCostDownLP,7840
3050_14,DragonHoming,SpCostIN,250
3050_14,DragonHoming,SpCostLP,3500
3060_00,Character,DestroyedPower,4
3060_00,Character,AbilityFlag.SparkingArmor,false
3060_00,Character,AbilityFlag.AutoReflect,false
3060_00,Character,AbilityFlag.bCanSuperHighSpeedMove,false
3060_00,Character,ActionFlag.DawnThrow,true
3060_00,Character,ActionFlag.RollingHurricane,true
3060_00,Character,ActionFlag.PowerPress,true
3060_00,Character,ActionFlag.TriAttack,true
3060_00,Character,ActionFlag.AirRush,true
3060_00,Character,ActionFlag.DeltaStorm,true
3060_00,Character,ActionFlag.ExplosionCombo,true
3060_00,Character,ChaseChangeBlastSlot,EKoratBlastSlotType::BlastSkill1
3060_00,Numeric,Life,40000
3060_00,Numeric,DamageRate,1.1
3060_00,Numeric,InitialSP,30000
3060_00,Numeric,SPAutoRecoverySpeed,1750
3060_00,Numeric,SPAutoRecoverySpeedScaleUnderOneGauge,1.3
3060_00,Numeric,SPChargeSpeed,7
3060_00,Numeric,SPChargeSpeedUnderAutoRecoveryLimit,10.5
3060_00,Numeric,SparkingModeGaugeDecreaseSpeed,2800
3060_00,Numeric,AttackChargeSpeedsBySmashLevel[0],3
3060_00,Numeric,AttackChargeSpeedsBySmashLevel[1],4
3060_00,Numeric,AttackChargeSpeedsBySmashLevel[2],5
3060_00,Numeric,PursuitBaseLimit,2
3060_00,Numeric,PursuitLimitDragonHoming,0
3060_00,Numeric,PursuitLimitVanishingAttack,0
3060_00,Numeric,PursuitBaseLimitAddAtSparking,2
3060_00,Numeric,PursuitLimitDragonHomingAddAtSparking,0
3060_00,Numeric,PursuitLimitVanishingAttackAddAtSparking,0
3060_00,Numeric,PursuitLimitLightningAttackAddAtSparking,0
3060_00,Numeric,IdealPositionMidAirKick,55
3060_00,Numeric,BulletNum,999
3060_00,Numeric,JumpBulletNum,8
3060_00,Numeric,JumpBulletSetNum,1
3060_00,Numeric,DashBulletNum,8
3060_00,Numeric,RushBulletLimit,10
3060_00,Numeric,SmashBulletLimit,1
3060_00,Numeric,RepelSkillGaugeGainRate,1.1
3060_00,Numeric,AttackBreakSkillGaugeGain,0.15
3060_00,Numeric,FastAvoidSkillGaugeGain,0.05
3060_00,Numeric,ThrowBreakSkillGaugeGain,0.1
3060_00,Numeric,BackAttackedSkillGaugeGain,0.03
3060_00,Numeric,LastOneHPSkillGaugeGain,1
3060_00,Numeric,ImpactStartSkillGaugeGain,1
3060_00,Numeric,RushOffsetSkillGaugeGain,0.05
3060_00,Numeric,CollisionOffsetSkillGaugeGain,0.5
3060_00,Numeric,DragonHomingChangeTrajectorySkillGaugeGain,0.1
3060_00,Numeric,BurstSmashGaugeGain,0.1
3060_00,Numeric,ExParam,6
3060_00,Steps,StepShortDash.AddToSpeedScale,60000
3060_00,Steps,StepShortDash.MaxAcceleration,60000
3060_00,Steps,StepShortDash.BrakingDeceleration,30000
3060_00,Steps,StepShortDash.ElapsedTimeToOT,0.033333
3060_00,Steps,StepShortDash.Duration,0.333333
3060_00,Steps,StepShortDash.CoolTime,0.05
3060_00,Steps,StepShortDash.bIsStopClearSpeed,true
3060_00,Steps,StepShortDash.StopBrakingDeceleration,10000000
3060_00,Steps,StepShortDash.SpCost,2650
3060_00,Steps,StepCancelShortDash.AddToSpeedScale,60000
3060_00,Steps,StepCancelShortDash.MaxAcceleration,60000
3060_00,Steps,StepCancelShortDash.BrakingDeceleration,30000
3060_00,Steps,StepCancelShortDash.ElapsedTimeToOT,0.033333
3060_00,Steps,StepCancelShortDash.Duration,0.333333
3060_00,Steps,StepCancelShortDash.CoolTime,0.416667
3060_00,Steps,StepCancelShortDash.bIsStopClearSpeed,true
3060_00,Steps,StepCancelShortDash.StopBrakingDeceleration,10000000
3060_00,Steps,StepCancelShortDash.SpCost,1325
3060_00,DragonDash,SpCostIN,500
3060_00,DragonDash,SpCostLP,3920
3060_00,DragonDash,SpCostBK,5200
3060_00,DragonDash,HighSpeedSpCostLP,4900
3060_00,ZBurstDash,SpCostIN,10000
3060_00,ZBurstDash,SpCostLP,11000
3060_00,ZBurstDash,BurstSmashSpCostLP,3500
3060_00,DashUpDown,SpCostUpIN,1000
3060_00,DashUpDown,SpCostUpLP,7840
3060_00,DashUpDown,SpCostDownIN,1000
3060_00,DashUpDown,SpCostDownLP,7840
3060_00,DragonHoming,SpCostIN,250
3060_00,DragonHoming,SpCostLP,3500
3060_01,Character,AbilityFlag.SparkingArmor,false
3060_01,Character,AbilityFlag.AutoReflect,false
3060_01,Character,AbilityFlag.bCanSuperHighSpeedMove,false
3060_01,Character,ActionFlag.HeavyCrash,true
3060_01,Character,ActionFlag.DawnThrow,true
3060_01,Character,ActionFlag.RollingHurricane,true
3060_01,Character,ActionFlag.PowerPress,true
3060_01,Character,ActionFlag.TriAttack,true
3060_01,Character,ActionFlag.AirRush,true
3060_01,Character,ChaseChangeBlastSlot,EKoratBlastSlotType::BlastSkill1
3060_01,Numeric,Life,40000
3060_01,Numeric,SPAutoRecoverySpeed,1500
3060_01,Numeric,SPAutoRecoverySpeedScaleUnderOneGauge,1.3
3060_01,Numeric,SPChargeSpeed,8
3060_01,Numeric,SPChargeSpeedUnderAutoRecoveryLimit,12
3060_01,Numeric,SparkingModeGaugeDecreaseSpeed,2800
3060_01,Numeric,BlastStock,6
3060_01,Numeric,AttackChargeSpeedsBySmashLevel[0],3
3060_01,Numeric,AttackChargeSpeedsBySmashLevel[1],4
3060_01,Numeric,AttackChargeSpeedsBySmashLevel[2],5
3060_01,Numeric,PursuitBaseLimit,2
3060_01,Numeric,PursuitLimitDragonHoming,0
3060_01,Numeric,PursuitLimitVanishingAttack,0
3060_01,Numeric,PursuitBaseLimitAddAtSparking,2
3060_01,Numeric,PursuitLimitDragonHomingAddAtSparking,0
3060_01,Numeric,PursuitLimitVanishingAttackAddAtSparking,0
3060_01,Numeric,PursuitLimitLightningAttackAddAtSparking,0
3060_01,Numeric,IdealPositionMidAirKick,55
3060_01,Numeric,BulletNum,999
3060_01,Numeric,JumpBulletNum,8
3060_01,Numeric,JumpBulletSetNum,1
3060_01,Numeric,DashBulletNum,8
3060_01,Numeric,RushBulletLimit,10
3060_01,Numeric,SmashBulletLimit,1
3060_01,Numeric,RepelSkillGaugeGainRate,1.2
3060_01,Numeric,AttackBreakSkillGaugeGain,0.15
3060_01,Numeric,FastAvoidSkillGaugeGain,0.05
3060_01,Numeric,ThrowBreakSkillGaugeGain,0.1
3060_01,Numeric,BackAttackedSkillGaugeGain,0.03
3060_01,Numeric,LastOneHPSkillGaugeGain,1
3060_01,Numeric,ImpactStartSkillGaugeGain,1
3060_01,Numeric,RushOffsetSkillGaugeGain,0.05
3060_01,Numeric,CollisionOffsetSkillGaugeGain,0.5
3060_01,Numeric,DragonHomingChangeTrajectorySkillGaugeGain,0.1
3060_01,Numeric,BurstSmashGaugeGain,0.1
3060_01,Numeric,ExParam,7
3060_01,Steps,StepShortDash.AddToSpeedScale,60000
3060_01,Steps,StepShortDash.MaxAcceleration,60000
3060_01,Steps,StepShortDash.BrakingDeceleration,30000
3060_01,Steps,StepShortDash.ElapsedTimeToOT,0.033333
3060_01,Steps,StepShortDash.Duration,0.333333
3060_01,Steps,StepShortDash.CoolTime,0.05
3060_01,Steps,StepShortDash.bIsStopClearSpeed,true
3060_01,Steps,StepShortDash.StopBrakingDeceleration,10000000
3060_01,Steps,StepShortDash.SpCost,2650
3060_01,Steps,StepCancelShortDash.AddToSpeedScale,60000
3060_01,Steps,StepCancelShortDash.MaxAcceleration,60000
3060_01,Steps,StepCancelShortDash.BrakingDeceleration,30000
3060_01,Steps,StepCancelShortDash.ElapsedTimeToOT,0.033333
3060_01,Steps,StepCancelShortDash.Duration,0.333333
3060_01,Steps,StepCancelShortDash.CoolTime,0.416667
3060_01,Steps,StepCancelShortDash.bIsStopClearSpeed,true
3060_01,Steps,StepCancelShortDash.StopBrakingDeceleration,10000000
3060_01,Steps,StepCancelShortDash.SpCost,1325
3060_01,DragonDash,SpCostIN,500
3060_01,DragonDash,SpCostLP,3920
3060_01,DragonDash,SpCostBK,5200
3060_01,DragonDash,HighSpeedSpCostLP,4900
3060_01,ZBurstDash,SpCostIN,10000
3060_01,ZBurstDash,SpCostLP,11000
3060_01,ZBurstDash,BurstSmashSpCostLP,3500
3060_01,DashUpDown,SpCostUpIN,1000
3060_01,DashUpDown,SpCostUpLP,7840
3060_01,DashUpDown,SpCostDownIN,1000
3060_01,DashUpDown,SpCostDownLP,7840
3060_01,DragonHoming,SpCostIN,250
3060_01,DragonHoming,SpCostLP,3500
3060_02,Character,DestroyedPower,6
3060_02,Character,AbilityFlag.SparkingArmor,false
3060_02,Character,AbilityFlag.AutoReflect,false
3060_02,Character,AbilityFlag.bCanSuperHighSpeedMove,false
3060_02,Character,ActionFlag.HeavyCrash,true
3060_02,Character,ActionFlag.DawnThrow,true
3060_02,Character,ActionFlag.RollingHurricane,true
3060_02,Character,ActionFlag.PowerPress,true
3060_02,Character,ActionFlag.TriAttack,true
3060_02,Character,ActionFlag.AirRush,true
3060_02,Character,ChaseChangeBlastSlot,EKoratBlastSlotType::BlastSkill1
3060_02,Numeric,Life,40000
3060_02,Numeric,SPAutoRecoverySpeed,1500
3060_02,Numeric,SPAutoRecoverySpeedScaleUnderOneGauge,1.3
3060_02,Numeric,SPChargeSpeed,8
3060_02,Numeric,SPChargeSpeedUnderAutoRecoveryLimit,12
3060_02,Numeric,SparkingModeGaugeDecreaseSpeed,2800
3060_02,Numeric,BlastStock,6
3060_02,Numeric,AttackChargeSpeedsBySmashLevel[0],3
3060_02,Numeric,AttackChargeSpeedsBySmashLevel[1],4
3060_02,Numeric,AttackChargeSpeedsBySmashLevel[2],5
3060_02,Numeric,PursuitBaseLimit,3
3060_02,Numeric,PursuitLimitDragonHoming,0
3060_02,Numeric,PursuitLimitVanishingAttack,0
3060_02,Numeric,PursuitBaseLimitAddAtSparking,2
3060_02,Numeric,PursuitLimitDragonHomingAddAtSparking,0
3060_02,Numeric,PursuitLimitVanishingAttackAddAtSparking,0
3060_02,Numeric,PursuitLimitLightningAttackAddAtSparking,0
3060_02,Numeric,IdealPositionMidAirKick,55
3060_02,Numeric,BulletNum,999
3060_02,Numeric,JumpBulletNum,8
3060_02,Numeric,JumpBulletSetNum,1
3060_02,Numeric,DashBulletNum,8
3060_02,Numeric,RushBulletLimit,10
3060_02,Numeric,SmashBulletLimit,1
3060_02,Numeric,RepelSkillGaugeGainRate,1.2
3060_02,Numeric,AttackBreakSkillGaugeGain,0.15
3060_02,Numeric,FastAvoidSkillGaugeGain,0.05
3060_02,Numeric,ThrowBreakSkillGaugeGain,0.1
3060_02,Numeric,BackAttackedSkillGaugeGain,0.03
3060_02,Numeric,LastOneHPSkillGaugeGain,1
3060_02,Numeric,ImpactStartSkillGaugeGain,1
3060_02,Numeric,RushOffsetSkillGaugeGain,0.05
3060_02,Numeric,CollisionOffsetSkillGaugeGain,0.5
3060_02,Numeric,DragonHomingChangeTrajectorySkillGaugeGain,0.1
3060_02,Numeric,BurstSmashGaugeGain,0.1
3060_02,Numeric,ExParam,7
3060_02,Steps,StepShortDash.AddToSpeedScale,60000
3060_02,Steps,StepShortDash.MaxAcceleration,60000
3060_02,Steps,StepShortDash.BrakingDeceleration,30000
3060_02,Steps,StepShortDash.ElapsedTimeToOT,0.033333
3060_02,Steps,StepShortDash.Duration,0.333333
3060_02,Steps,StepShortDash.CoolTime,0.05
3060_02,Steps,StepShortDash.bIsStopClearSpeed,true
3060_02,Steps,StepShortDash.StopBrakingDeceleration,10000000
3060_02,Steps,StepShortDash.SpCost,2650
3060_02,Steps,StepCancelShortDash.AddToSpeedScale,60000
3060_02,Steps,StepCancelShortDash.MaxAcceleration,60000
3060_02,Steps,StepCancelShortDash.BrakingDeceleration,30000
3060_02,Steps,StepCancelShortDash.ElapsedTimeToOT,0.033333
3060_02,Steps,StepCancelShortDash.Duration,0.333333
3060_02,Steps,StepCancelShortDash.CoolTime,0.416667
3060_02,Steps,StepCancelShortDash.bIsStopClearSpeed,true
3060_02,Steps,StepCancelShortDash.StopBrakingDeceleration,10000000
3060_02,Steps,StepCancelShortDash.SpCost,1325
3060_02,DragonDash,SpCostIN,500
3060_02,DragonDash,SpCostLP,3920
3060_02,DragonDash,SpCostBK,5200
3060_02,DragonDash,HighSpeedSpCostLP,4900
3060_02,ZBurstDash,SpCostIN,10000
3060_02,ZBurstDash,SpCostLP,11000
3060_02,ZBurstDash,BurstSmashSpCostLP,3500
3060_02,DashUpDown,SpCostUpIN,1000
3060_02,DashUpDown,SpCostUpLP,7840
3060_02,DashUpDown,SpCostDownIN,1000
3060_02,DashUpDown,SpCostDownLP,7840
3060_02,DragonHoming,SpCostIN,250
3060_02,DragonHoming,SpCostLP,3500
3060_03,Character,DestroyedPower,7
3060_03,Character,AbilityFlag.SparkingArmor,false
3060_03,Character,ActionFlag.Explosion,true
3060_03,Character,ActionFlag.RollingHammer,true
3060_03,Character,ActionFlag.DawnThrow,true
3060_03,Character,ActionFlag.RollingHurricane,true
3060_03,Character,ActionFlag.PowerPress,true
3060_03,Character,ActionFlag.TriAttack,true
3060_03,Character,ActionFlag.AirRush,true
3060_03,Character,ActionFlag.DeltaStorm,true
3060_03,Character,ActionFlag.ExplosionCombo,true
3060_03,Character,ChaseChangeBlastSlot,EKoratBlastSlotType::BlastSkill1
3060_03,Numeric,Life,40000
3060_03,Numeric,SPAutoRecoverySpeed,1500
3060_03,Numeric,SPAutoRecoverySpeedScaleUnderOneGauge,1.3
3060_03,Numeric,SPChargeSpeed,8
3060_03,Numeric,SPChargeSpeedUnderAutoRecoveryLimit,12
3060_03,Numeric,SparkingModeGaugeDecreaseSpeed,2800
3060_03,Numeric,AttackChargeSpeedsBySmashLevel[0],3
3060_03,Numeric,AttackChargeSpeedsBySmashLevel[1],4
3060_03,Numeric,AttackChargeSpeedsBySmashLevel[2],5
3060_03,Numeric,PursuitBaseLimit,2
3060_03,Numeric,PursuitLimitDragonHoming,0
3060_03,Numeric,PursuitLimitVanishingAttack,0
3060_03,Numeric,PursuitBaseLimitAddAtSparking,3
3060_03,Numeric,PursuitLimitDragonHomingAddAtSparking,0
3060_03,Numeric,PursuitLimitVanishingAttackAddAtSparking,0
3060_03,Numeric,PursuitLimitLightningAttackAddAtSparking,0
3060_03,Numeric,IdealPositionMidAirKick,55
3060_03,Numeric,BulletNum,999
3060_03,Numeric,JumpBulletNum,8
3060_03,Numeric,JumpBulletSetNum,1
3060_03,Numeric,DashBulletNum,8
3060_03,Numeric,RushBulletLimit,10
3060_03,Numeric,SmashBulletLimit,1
3060_03,Numeric,RepelSkillGaugeGainRate,1.1
3060_03,Numeric,AttackBreakSkillGaugeGain,0.15
3060_03,Numeric,FastAvoidSkillGaugeGain,0.05
3060_03,Numeric,ThrowBreakSkillGaugeGain,0.1
3060_03,Numeric,BackAttackedSkillGaugeGain,0.03
3060_03,Numeric,LastOneHPSkillGaugeGain,1
3060_03,Numeric,ImpactStartSkillGaugeGain,1
3060_03,Numeric,RushOffsetSkillGaugeGain,0.05
3060_03,Numeric,CollisionOffsetSkillGaugeGain,0.5
3060_03,Numeric,DragonHomingChangeTrajectorySkillGaugeGain,0.1
3060_03,Numeric,BurstSmashGaugeGain,0.1
3060_03,Numeric,ExParam,8
3060_03,Steps,StepShortDash.AddToSpeedScale,60000
3060_03,Steps,StepShortDash.MaxAcceleration,60000
3060_03,Steps,StepShortDash.BrakingDeceleration,30000
3060_03,Steps,StepShortDash.ElapsedTimeToOT,0.033333
3060_03,Steps,StepShortDash.Duration,0.333333
3060_03,Steps,StepShortDash.CoolTime,0.05
3060_03,Steps,StepShortDash.bIsStopClearSpeed,true
3060_03,Steps,StepShortDash.StopBrakingDeceleration,10000000
3060_03,Steps,StepShortDash.SpCost,2650
3060_03,Steps,StepCancelShortDash.AddToSpeedScale,60000
3060_03,Steps,StepCancelShortDash.MaxAcceleration,60000
3060_03,Steps,StepCancelShortDash.BrakingDeceleration,30000
3060_03,Steps,StepCancelShortDash.ElapsedTimeToOT,0.033333
3060_03,Steps,StepCancelShortDash.Duration,0.333333
3060_03,Steps,StepCancelShortDash.CoolTime,0.416667
3060_03,Steps,StepCancelShortDash.bIsStopClearSpeed,true
3060_03,Steps,StepCancelShortDash.StopBrakingDeceleration,10000000
3060_03,Steps,StepCancelShortDash.SpCost,1325
3060_03,DragonDash,SpCostIN,500
3060_03,DragonDash,SpCostLP,3920
3060_03,DragonDash,SpCostBK,5200
3060_03,DragonDash,HighSpeedSpCostLP,4900
3060_03,ZBurstDash,SpCostIN,10000
3060_03,ZBurstDash,SpCostLP,11000
3060_03,ZBurstDash,BurstSmashSpCostLP,3500
3060_03,DashUpDown,SpCostUpIN,1000
3060_03,DashUpDown,SpCostUpLP,7840
3060_03,DashUpDown,SpCostDownIN,1000
3060_03,DashUpDown,SpCostDownLP,7840
3060_03,DragonHoming,SpCostIN,250
3060_03,DragonHoming,SpCostLP,3500
3070_00,Character,DestroyedPower,4
3070_00,Character,AbilityFlag.SparkingArmor,false
3070_00,Character,AbilityFlag.AutoReflect,false
3070_00,Character,AbilityFlag.bCanHighSpeedMove,false
3070_00,Character,AbilityFlag.bCanSuperHighSpeedMove,false
3070_00,Character,ActionFlag.Explosion,true
3070_00,Character,ActionFlag.EnergyWave,true
3070_00,Character,ActionFlag.DragonTornado,true
3070_00,Character,ActionFlag.PowerPress,true
3070_00,Character,ActionFlag.EnergyStorm,true
3070_00,Character,ActionFlag.TriAttack,true
3070_00,Character,ActionFlag.DeltaStorm,true
3070_00,Character,ActionFlag.ExplosionCombo,true
3070_00,Character,ChaseChangeBlastSlot,EKoratBlastSlotType::BlastSkill1
3070_00,Numeric,Life,40000
3070_00,Numeric,SPAutoRecoverySpeed,1750
3070_00,Numeric,SPAutoRecoverySpeedScaleUnderOneGauge,1.3
3070_00,Numeric,SPChargeSpeed,7
3070_00,Numeric,SPChargeSpeedUnderAutoRecoveryLimit,10.5
3070_00,Numeric,SparkingModeGaugeDecreaseSpeed,2800
3070_00,Numeric,BlastStock,4
3070_00,Numeric,AttackChargeSpeedsBySmashLevel[0],3
3070_00,Numeric,AttackChargeSpeedsBySmashLevel[1],4
3070_00,Numeric,AttackChargeSpeedsBySmashLevel[2],5
3070_00,Numeric,PursuitBaseLimit,2
3070_00,Numeric,PursuitLimitDragonHoming,0
3070_00,Numeric,PursuitLimitVanishingAttack,0
3070_00,Numeric,PursuitBaseLimitAddAtSparking,2
3070_00,Numeric,PursuitLimitDragonHomingAddAtSparking,0
3070_00,Numeric,PursuitLimitVanishingAttackAddAtSparking,0
3070_00,Numeric,PursuitLimitLightningAttackAddAtSparking,0
3070_00,Numeric,IdealPositionMidAirKick,64
3070_00,Numeric,ReactionSplitHighBorder,0.7
3070_00,Numeric,ReactionSplitMidBorder,0.35
3070_00,Numeric,ReactionSplitLowBorder,0.175
3070_00,Numeric,BulletNum,6
3070_00,Numeric,JumpBulletNum,6
3070_00,Numeric,JumpBulletSetNum,1
3070_00,Numeric,RushBulletLimit,6
3070_00,Numeric,SmashBulletLimit,1
3070_00,Numeric,AttackBreakSkillGaugeGain,0.15
3070_00,Numeric,FastAvoidSkillGaugeGain,0.05
3070_00,Numeric,ThrowBreakSkillGaugeGain,0.1
3070_00,Numeric,BackAttackedSkillGaugeGain,0.03
3070_00,Numeric,LastOneHPSkillGaugeGain,1
3070_00,Numeric,ImpactStartSkillGaugeGain,1
3070_00,Numeric,RushOffsetSkillGaugeGain,0.05
3070_00,Numeric,CollisionOffsetSkillGaugeGain,0.5
3070_00,Numeric,DragonHomingChangeTrajectorySkillGaugeGain,0.1
3070_00,Numeric,BurstSmashGaugeGain,0.1
3070_00,Numeric,ExParam,6
3070_00,Steps,StepShortDash.AddToSpeedScale,60000
3070_00,Steps,StepShortDash.MaxAcceleration,60000
3070_00,Steps,StepShortDash.BrakingDeceleration,30000
3070_00,Steps,StepShortDash.ElapsedTimeToOT,0.033333
3070_00,Steps,StepShortDash.Duration,0.333333
3070_00,Steps,StepShortDash.CoolTime,0.05
3070_00,Steps,StepShortDash.bIsStopClearSpeed,true
3070_00,Steps,StepShortDash.StopBrakingDeceleration,10000000
3070_00,Steps,StepShortDash.SpCost,2650
3070_00,Steps,StepCancelShortDash.AddToSpeedScale,60000
3070_00,Steps,StepCancelShortDash.MaxAcceleration,60000
3070_00,Steps,StepCancelShortDash.BrakingDeceleration,30000
3070_00,Steps,StepCancelShortDash.ElapsedTimeToOT,0.033333
3070_00,Steps,StepCancelShortDash.Duration,0.333333
3070_00,Steps,StepCancelShortDash.CoolTime,0.416667
3070_00,Steps,StepCancelShortDash.bIsStopClearSpeed,true
3070_00,Steps,StepCancelShortDash.StopBrakingDeceleration,10000000
3070_00,Steps,StepCancelShortDash.SpCost,1325
3070_00,DragonDash,SpCostIN,500
3070_00,DragonDash,SpCostLP,3920
3070_00,DragonDash,SpCostBK,5200
3070_00,DragonDash,HighSpeedSpCostLP,4900
3070_00,ZBurstDash,SpCostIN,10000
3070_00,ZBurstDash,SpCostLP,11000
3070_00,ZBurstDash,BurstSmashSpCostLP,3500
3070_00,DashUpDown,SpCostUpIN,1000
3070_00,DashUpDown,SpCostUpLP,7840
3070_00,DashUpDown,SpCostDownIN,1000
3070_00,DashUpDown,SpCostDownLP,7840
3070_00,DragonHoming,SpCostIN,250
3070_00,DragonHoming,SpCostLP,3500
3080_00,Character,DestroyedPower,7
3080_00,Character,AbilityFlag.bCanHighSpeedMove,false
3080_00,Character,AbilityFlag.bCanSuperHighSpeedMove,false
3080_00,Character,ActionFlag.ThrowEscape,true
3080_00,Character,ActionFlag.RollingHurricane,true
3080_00,Character,ActionFlag.AirRush,true
3080_00,Character,ActionFlag.DeltaStorm,true
3080_00,Character,ChaseChangeBlastSlot,EKoratBlastSlotType::BlastSkill1
3080_00,Numeric,Life,40000
3080_00,Numeric,DamageRate,0.96
3080_00,Numeric,SPAutoRecoverySpeed,1750
3080_00,Numeric,SPChargeSpeed,7
3080_00,Numeric,SPChargeSpeedUnderAutoRecoveryLimit,10.5
3080_00,Numeric,SparkingModeGaugeDecreaseSpeed,2800
3080_00,Numeric,StunReactionRecoverySpeedScale,1.3
3080_00,Numeric,StunReactionInputRecoverySpeedScale,1.3
3080_00,Numeric,LimitBoostRecoverySpeedScale,1.3
3080_00,Numeric,LimitBoostInputRecoverySpeedScale,1.3
3080_00,Numeric,BlastStock,4
3080_00,Numeric,AttackChargeSpeedsBySmashLevel[0],3
3080_00,Numeric,AttackChargeSpeedsBySmashLevel[1],4
3080_00,Numeric,AttackChargeSpeedsBySmashLevel[2],5
3080_00,Numeric,PursuitBaseLimit,2
3080_00,Numeric,PursuitLimitDragonHoming,0
3080_00,Numeric,PursuitLimitVanishingAttack,0
3080_00,Numeric,PursuitBaseLimitAddAtSparking,2
3080_00,Numeric,PursuitLimitDragonHomingAddAtSparking,0
3080_00,Numeric,PursuitLimitVanishingAttackAddAtSparking,0
3080_00,Numeric,PursuitLimitLightningAttackAddAtSparking,0
3080_00,Numeric,IdealPositionMidAirKick,100
3080_00,Numeric,ReactionSplitHighBorder,0.6
3080_00,Numeric,ReactionSplitMidBorder,0.4
3080_00,Numeric,ReactionSplitLowBorder,0.2
3080_00,Numeric,JumpBulletNum,8
3080_00,Numeric,JumpBulletSetNum,1
3080_00,Numeric,DashBulletNum,6
3080_00,Numeric,RushBulletLimit,10
3080_00,Numeric,SmashBulletLimit,1
3080_00,Numeric,AttackBreakSkillGaugeGain,0.15
3080_00,Numeric,FastAvoidSkillGaugeGain,0.1
3080_00,Numeric,ThrowBreakSkillGaugeGain,0.1
3080_00,Numeric,BackAttackedSkillGaugeGain,0.03
3080_00,Numeric,LastOneHPSkillGaugeGain,1
3080_00,Numeric,ExParam,18
3080_00,Steps,StepShortDash.AddToSpeedScale,60000
3080_00,Steps,StepShortDash.MaxAcceleration,50000
3080_00,Steps,StepShortDash.BrakingDeceleration,20000
3080_00,Steps,StepShortDash.ElapsedTimeToOT,0.033333
3080_00,Steps,StepShortDash.Duration,0.333333
3080_00,Steps,StepShortDash.CoolTime,0.05
3080_00,Steps,StepShortDash.bIsStopClearSpeed,true
3080_00,Steps,StepShortDash.StopBrakingDeceleration,10000000
3080_00,Steps,StepShortDash.SpCost,3850
3080_00,Steps,StepCancelShortDash.AddToSpeedScale,60000
3080_00,Steps,StepCancelShortDash.MaxAcceleration,50000
3080_00,Steps,StepCancelShortDash.BrakingDeceleration,20000
3080_00,Steps,StepCancelShortDash.ElapsedTimeToOT,0.033333
3080_00,Steps,StepCancelShortDash.Duration,0.333333
3080_00,Steps,StepCancelShortDash.CoolTime,0.416667
3080_00,Steps,StepCancelShortDash.bIsStopClearSpeed,true
3080_00,Steps,StepCancelShortDash.StopBrakingDeceleration,10000000
3080_00,Steps,StepCancelShortDash.SpCost,1925
3080_00,DragonDash,SpCostIN,500
3080_00,DragonDash,SpCostLP,3920
3080_00,DragonDash,SpCostBK,5200
3080_00,DragonDash,HighSpeedSpCostLP,4900
3080_00,ZBurstDash,SpCostIN,10000
3080_00,ZBurstDash,SpCostLP,11000
3080_00,ZBurstDash,BurstSmashSpCostLP,3500
3080_00,DashUpDown,SpCostUpIN,1000
3080_00,DashUpDown,SpCostUpLP,7840
3080_00,DashUpDown,SpCostDownIN,1000
3080_00,DashUpDown,SpCostDownLP,7840
3080_00,DragonHoming,SpCostIN,250
3080_00,DragonHoming,SpCostLP,3500
3100_03,Character,DestroyedPower,7
3100_03,Character,AbilityFlag.SparkingArmor,false
3100_03,Character,ActionFlag.DragonTornado,true
3100_03,Character,ActionFlag.PowerPress,true
3100_03,Character,ActionFlag.TriAttack,true
3100_03,Character,ActionFlag.DeltaStorm,true
3100_03,Character,ActionFlag.ExplosionCombo,true
3100_03,Character,ChaseChangeBlastSlot,EKoratBlastSlotType::BlastSkill1
3100_03,Numeric,Life,40000
3100_03,Numeric,InitialSP,10000
3100_03,Numeric,SPAutoRecoverySpeed,1500
3100_03,Numeric,SPAutoRecoverySpeedScaleUnderOneGauge,1.3
3100_03,Numeric,SPChargeSpeed,8
3100_03,Numeric,SPChargeSpeedUnderAutoRecoveryLimit,12
3100_03,Numeric,SparkingModeGaugeDecreaseSpeed,2800
3100_03,Numeric,AttackChargeSpeedsBySmashLevel[0],3
3100_03,Numeric,AttackChargeSpeedsBySmashLevel[1],5.4
3100_03,Numeric,AttackChargeSpeedsBySmashLevel[2],7.5
3100_03,Numeric,PursuitBaseLimit,3
3100_03,Numeric,PursuitLimitDragonHoming,0
3100_03,Numeric,PursuitLimitVanishingAttack,0
3100_03,Numeric,PursuitBaseLimitAddAtSparking,3
3100_03,Numeric,PursuitLimitDragonHomingAddAtSparking,0
3100_03,Numeric,PursuitLimitVanishingAttackAddAtSparking,0
3100_03,Numeric,PursuitLimitLightningAttackAddAtSparking,0
3100_03,Numeric,IdealPositionMidAirKick,74
3100_03,Numeric,ReactionSplitHighBorder,0.7
3100_03,Numeric,ReactionSplitMidBorder,0.35
3100_03,Numeric,ReactionSplitLowBorder,0.175
3100_03,Numeric,BulletNum,999
3100_03,Numeric,JumpBulletNum,10
3100_03,Numeric,JumpBulletSetNum,1
3100_03,Numeric,DashBulletNum,8
3100_03,Numeric,SmashBulletLimit,1
3100_03,Numeric,RepelSkillGaugeGainRate,1.2
3100_03,Numeric,AttackBreakSkillGaugeGain,0.15
3100_03,Numeric,FastAvoidSkillGaugeGain,0.05
3100_03,Numeric,ThrowBreakSkillGaugeGain,0.1
3100_03,Numeric,BackAttackedSkillGaugeGain,0.03
3100_03,Numeric,LastOneHPSkillGaugeGain,1
3100_03,Numeric,ImpactStartSkillGaugeGain,1
3100_03,Numeric,RushOffsetSkillGaugeGain,0.05
3100_03,Numeric,CollisionOffsetSkillGaugeGain,0.5
3100_03,Numeric,DragonHomingChangeTrajectorySkillGaugeGain,0.1
3100_03,Numeric,BurstSmashGaugeGain,0.1
3100_03,Numeric,ExParam,8
3100_03,Steps,StepShortDash.AddToSpeedScale,60000
3100_03,Steps,StepShortDash.MaxAcceleration,60000
3100_03,Steps,StepShortDash.BrakingDeceleration,30000
3100_03,Steps,StepShortDash.ElapsedTimeToOT,0.033333
3100_03,Steps,StepShortDash.Duration,0.333333
3100_03,Steps,StepShortDash.CoolTime,0.05
3100_03,Steps,StepShortDash.bIsStopClearSpeed,true
3100_03,Steps,StepShortDash.StopBrakingDeceleration,10000000
3100_03,Steps,StepShortDash.SpCost,2650
3100_03,Steps,StepCancelShortDash.AddToSpeedScale,60000
3100_03,Steps,StepCancelShortDash.MaxAcceleration,60000
3100_03,Steps,StepCancelShortDash.BrakingDeceleration,30000
3100_03,Steps,StepCancelShortDash.ElapsedTimeToOT,0.033333
3100_03,Steps,StepCancelShortDash.Duration,0.333333
3100_03,Steps,StepCancelShortDash.CoolTime,0.416667
3100_03,Steps,StepCancelShortDash.bIsStopClearSpeed,true
3100_03,Steps,StepCancelShortDash.StopBrakingDeceleration,10000000
3100_03,Steps,StepCancelShortDash.SpCost,1325
3100_03,DragonDash,SpCostIN,500
3100_03,DragonDash,SpCostLP,3920
3100_03,DragonDash,SpCostBK,5200
3100_03,DragonDash,HighSpeedSpCostLP,4900
3100_03,ZBurstDash,SpCostIN,10000
3100_03,ZBurstDash,SpCostLP,11000
3100_03,ZBurstDash,BurstSmashSpCostLP,3500
3100_03,DashUpDown,SpCostUpIN,1000
3100_03,DashUpDown,SpCostUpLP,7840
3100_03,DashUpDown,SpCostDownIN,1000
3100_03,DashUpDown,SpCostDownLP,7840
3100_03,DragonHoming,SpCostIN,250
3100_03,DragonHoming,SpCostLP,3500
3110_00,Character,AbilityFlag.SparkingArmor,false
3110_00,Character,AbilityFlag.AutoReflect,false
3110_00,Character,AbilityFlag.bCanSuperHighSpeedMove,false
3110_00,Character,ActionFlag.DragonTornado,true
3110_00,Character,ActionFlag.CannonCombo,true
3110_00,Character,ActionFlag.RollingHurricane,true
3110_00,Character,ActionFlag.PowerPress,true
3110_00,Character,ActionFlag.ExplosionCombo,true
3110_00,Character,ChaseChangeBlastSlot,EKoratBlastSlotType::BlastSkill1
3110_00,Numeric,Life,40000
3110_00,Numeric,SPAutoRecoverySpeed,1750
3110_00,Numeric,SPAutoRecoverySpeedScaleUnderOneGauge,1.3
3110_00,Numeric,SPChargeSpeed,7
3110_00,Numeric,SPChargeSpeedUnderAutoRecoveryLimit,10.5
3110_00,Numeric,SparkingModeGaugeDecreaseSpeed,2800
3110_00,Numeric,BlastStock,6
3110_00,Numeric,AttackChargeSpeedsBySmashLevel[0],3
3110_00,Numeric,AttackChargeSpeedsBySmashLevel[1],4
3110_00,Numeric,AttackChargeSpeedsBySmashLevel[2],5
3110_00,Numeric,PursuitBaseLimit,2
3110_00,Numeric,PursuitLimitDragonHoming,0
3110_00,Numeric,PursuitLimitVanishingAttack,0
3110_00,Numeric,PursuitBaseLimitAddAtSparking,2
3110_00,Numeric,PursuitLimitDragonHomingAddAtSparking,0
3110_00,Numeric,PursuitLimitVanishingAttackAddAtSparking,0
3110_00,Numeric,PursuitLimitLightningAttackAddAtSparking,0
3110_00,Numeric,IdealPositionMidAirKick,64
3110_00,Numeric,ReactionSplitHighBorder,0.7
3110_00,Numeric,ReactionSplitMidBorder,0.35
3110_00,Numeric,ReactionSplitLowBorder,0.175
3110_00,Numeric,BulletNum,8
3110_00,Numeric,JumpBulletNum,6
3110_00,Numeric,JumpBulletSetNum,1
3110_00,Numeric,RushBulletLimit,8
3110_00,Numeric,SmashBulletLimit,1
3110_00,Numeric,RepelSkillGaugeGainRate,1.2
3110_00,Numeric,AttackBreakSkillGaugeGain,0.15
3110_00,Numeric,FastAvoidSkillGaugeGain,0.05
3110_00,Numeric,ThrowBreakSkillGaugeGain,0.1
3110_00,Numeric,BackAttackedSkillGaugeGain,0.03
3110_00,Numeric,LastOneHPSkillGaugeGain,1
3110_00,Numeric,ImpactStartSkillGaugeGain,1
3110_00,Numeric,RushOffsetSkillGaugeGain,0.05
3110_00,Numeric,CollisionOffsetSkillGaugeGain,0.5
3110_00,Numeric,DragonHomingChangeTrajectorySkillGaugeGain,0.1
3110_00,Numeric,BurstSmashGaugeGain,0.1
3110_00,Numeric,ExParam,5
3110_00,Steps,StepShortDash.AddToSpeedScale,60000
3110_00,Steps,StepShortDash.MaxAcceleration,60000
3110_00,Steps,StepShortDash.BrakingDeceleration,30000
3110_00,Steps,StepShortDash.ElapsedTimeToOT,0.033333
3110_00,Steps,StepShortDash.Duration,0.333333
3110_00,Steps,StepShortDash.CoolTime,0.05
3110_00,Steps,StepShortDash.bIsStopClearSpeed,true
3110_00,Steps,StepShortDash.StopBrakingDeceleration,10000000
3110_00,Steps,StepShortDash.SpCost,2650
3110_00,Steps,StepCancelShortDash.AddToSpeedScale,60000
3110_00,Steps,StepCancelShortDash.MaxAcceleration,60000
3110_00,Steps,StepCancelShortDash.BrakingDeceleration,30000
3110_00,Steps,StepCancelShortDash.ElapsedTimeToOT,0.033333
3110_00,Steps,StepCancelShortDash.Duration,0.333333
3110_00,Steps,StepCancelShortDash.CoolTime,0.416667
3110_00,Steps,StepCancelShortDash.bIsStopClearSpeed,true
3110_00,Steps,StepCancelShortDash.StopBrakingDeceleration,10000000
3110_00,Steps,StepCancelShortDash.SpCost,1325
3110_00,DragonDash,SpCostIN,500
3110_00,DragonDash,SpCostLP,3920
3110_00,DragonDash,SpCostBK,5200
3110_00,DragonDash,HighSpeedSpCostLP,4900
3110_00,ZBurstDash,SpCostIN,10000
3110_00,ZBurstDash,SpCostLP,11000
3110_00,ZBurstDash,BurstSmashSpCostLP,3500
3110_00,DashUpDown,SpCostUpIN,1000
3110_00,DashUpDown,SpCostUpLP,7840
3110_00,DashUpDown,SpCostDownIN,1000
3110_00,DashUpDown,SpCostDownLP,7840
3110_00,DragonHoming,SpCostIN,250
3110_00,DragonHoming,SpCostLP,3500
3130_00,Character,DestroyedPower,2
3130_00,Character,AbilityFlag.SparkingArmor,false
3130_00,Character,AbilityFlag.AutoReflect,false
3130_00,Character,AbilityFlag.bCannotPowerImpact,true
3130_00,Character,AbilityFlag.bCannotCrashImpact,true
3130_00,Character,AbilityFlag.bCanHighSpeedMove,false
3130_00,Character,AbilityFlag.bCanSuperHighSpeedMove,false
3130_00,Character,ActionFlag.VanishingAttack,true
3130_00,Character,ActionFlag.LightningAttack,true
3130_00,Character,ActionFlag.BurstMeteor,true
3130_00,Character,ActionFlag.BurstSmash,true
3130_00,Character,ActionFlag.DragonTornado,true
3130_00,Character,ActionFlag.HeavyCrash,true
3130_00,Character,ActionFlag.DawnThrow,true
3130_00,Character,ActionFlag.SpiralSlash,true
3130_00,Character,ActionFlag.RollingHurricane,true
3130_00,Character,ActionFlag.PowerPress,true
3130_00,Character,ActionFlag.EnergyStorm,true
3130_00,Character,ActionFlag.TriAttack,true
3130_00,Character,ActionFlag.DeltaStorm,true
3130_00,Character,ActionFlag.ExplosionCombo,true
3130_00,Character,ActionFlag.SparkingRush,true
3130_00,Character,ActionFlag.DashRising,true
3130_00,Character,ActionFlag.DashBlow,true
3130_00,Character,ActionFlag.SuperZCounter,true
3130_00,Character,ActionFlag.DragonHoming,true
3130_00,Character,ChaseChangeBlastSlot,EKoratBlastSlotType::BlastSkill1
3130_00,Numeric,Life,30000
3130_00,Numeric,DamageRate,1.2
3130_00,Numeric,InitialSP,10000
3130_00,Numeric,SPAutoRecoverySpeed,1750
3130_00,Numeric,SPAutoRecoverySpeedScaleUnderOneGauge,1.3
3130_00,Numeric,SPChargeSpeed,7
3130_00,Numeric,SPChargeSpeedUnderAutoRecoveryLimit,10.5
3130_00,Numeric,SparkingModeGaugeDecreaseSpeed,2800
3130_00,Numeric,BlastStock,4
3130_00,Numeric,InitialBlastStock,2
3130_00,Numeric,AttackChargeSpeedsBySmashLevel[0],3
3130_00,Numeric,AttackChargeSpeedsBySmashLevel[1],4
3130_00,Numeric,AttackChargeSpeedsBySmashLevel[2],5
3130_00,Numeric,PursuitLimitDragonHoming,0
3130_00,Numeric,PursuitLimitVanishingAttack,0
3130_00,Numeric,PursuitLimitDragonHomingAddAtSparking,0
3130_00,Numeric,PursuitLimitVanishingAttackAddAtSparking,0
3130_00,Numeric,PursuitLimitLightningAttackAddAtSparking,0
3130_00,Numeric,IdealPositionMidAirKick,55
3130_00,Numeric,BulletNum,5
3130_00,Numeric,JumpBulletNum,3
3130_00,Numeric,JumpBulletSetNum,1
3130_00,Numeric,DashBulletNum,3
3130_00,Numeric,RushBulletLimit,5
3130_00,Numeric,SmashBulletLimit,1
3130_00,Numeric,AttackBreakSkillGaugeGain,0.15
3130_00,Numeric,FastAvoidSkillGaugeGain,0.05
3130_00,Numeric,ThrowBreakSkillGaugeGain,0.1
3130_00,Numeric,BackAttackedSkillGaugeGain,0.03
3130_00,Numeric,LastOneHPSkillGaugeGain,1
3130_00,Numeric,ImpactStartSkillGaugeGain,1
3130_00,Numeric,RushOffsetSkillGaugeGain,0.05
3130_00,Numeric,CollisionOffsetSkillGaugeGain,0.5
3130_00,Numeric,DragonHomingChangeTrajectorySkillGaugeGain,0.1
3130_00,Numeric,BurstSmashGaugeGain,0.1
3130_00,Numeric,ExParam,2
3130_00,Steps,StepShortDash.AddToSpeedScale,60000
3130_00,Steps,StepShortDash.MaxAcceleration,50000
3130_00,Steps,StepShortDash.BrakingDeceleration,20000
3130_00,Steps,StepShortDash.ElapsedTimeToOT,0.033333
3130_00,Steps,StepShortDash.Duration,0.333333
3130_00,Steps,StepShortDash.CoolTime,0.05
3130_00,Steps,StepShortDash.bIsStopClearSpeed,true
3130_00,Steps,StepShortDash.StopBrakingDeceleration,10000000
3130_00,Steps,StepShortDash.SpCost,1590
3130_00,Steps,StepCancelShortDash.AddToSpeedScale,60000
3130_00,Steps,StepCancelShortDash.MaxAcceleration,50000
3130_00,Steps,StepCancelShortDash.BrakingDeceleration,20000
3130_00,Steps,StepCancelShortDash.ElapsedTimeToOT,0.033333
3130_00,Steps,StepCancelShortDash.Duration,0.333333
3130_00,Steps,StepCancelShortDash.CoolTime,0.416667
3130_00,Steps,StepCancelShortDash.bIsStopClearSpeed,true
3130_00,Steps,StepCancelShortDash.StopBrakingDeceleration,10000000
3130_00,Steps,StepCancelShortDash.SpCost,795
3130_00,DragonDash,SpCostIN,500
3130_00,DragonDash,SpCostLP,3920
3130_00,DragonDash,SpCostBK,5200
3130_00,DragonDash,HighSpeedSpCostLP,4900
3130_00,ZBurstDash,SpCostIN,10000
3130_00,ZBurstDash,SpCostLP,11000
3130_00,ZBurstDash,BurstSmashSpCostLP,3500
3130_00,DashUpDown,SpCostUpIN,1000
3130_00,DashUpDown,SpCostUpLP,7840
3130_00,DashUpDown,SpCostDownIN,1000
3130_00,DashUpDown,SpCostDownLP,7840
3130_00,DragonHoming,SpCostIN,250
3130_00,DragonHoming,SpCostLP,3500
3120_04,Character,DestroyedPower,8
3120_04,Character,AbilityFlag.SparkingArmor,false
3120_04,Character,AbilityFlag.CannotShootReplaceAction,actHFN
3120_04,Character,ActionFlag.CannonCombo,true
3120_04,Character,ActionFlag.PowerPress,true
3120_04,Character,ActionFlag.EnergyStorm,true
3120_04,Character,ChaseChangeBlastSlot,EKoratBlastSlotType::BlastSkill2
3120_04,Numeric,Life,40000
3120_04,Numeric,InitialSP,10000
3120_04,Numeric,SPAutoRecoverySpeed,1500
3120_04,Numeric,SPAutoRecoverySpeedScaleUnderOneGauge,1.3
3120_04,Numeric,SPChargeSpeed,8
3120_04,Numeric,SPChargeSpeedUnderAutoRecoveryLimit,12
3120_04,Numeric,SparkingModeGaugeDecreaseSpeed,2800
3120_04,Numeric,AttackChargeSpeedsBySmashLevel[0],3
3120_04,Numeric,AttackChargeSpeedsBySmashLevel[1],5.4
3120_04,Numeric,AttackChargeSpeedsBySmashLevel[2],7.5
3120_04,Numeric,PursuitBaseLimit,3
3120_04,Numeric,PursuitLimitDragonHoming,0
3120_04,Numeric,PursuitLimitVanishingAttack,0
3120_04,Numeric,PursuitBaseLimitAddAtSparking,2
3120_04,Numeric,PursuitLimitDragonHomingAddAtSparking,0
3120_04,Numeric,PursuitLimitVanishingAttackAddAtSparking,0
3120_04,Numeric,PursuitLimitLightningAttackAddAtSparking,0
3120_04,Numeric,IdealPositionMidAirKick,82
3120_04,Numeric,ReactionSplitHighBorder,0.7
3120_04,Numeric,ReactionSplitMidBorder,0.35
3120_04,Numeric,ReactionSplitLowBorder,0.175
3120_04,Numeric,BulletNum,8
3120_04,Numeric,JumpBulletNum,8
3120_04,Numeric,JumpBulletSetNum,1
3120_04,Numeric,RushBulletLimit,8
3120_04,Numeric,SmashBulletLimit,1
3120_04,Numeric,RepelSkillGaugeGainRate,1.1
3120_04,Numeric,AttackBreakSkillGaugeGain,0.15
3120_04,Numeric,FastAvoidSkillGaugeGain,0.05
3120_04,Numeric,ThrowBreakSkillGaugeGain,0.1
3120_04,Numeric,BackAttackedSkillGaugeGain,0.03
3120_04,Numeric,LastOneHPSkillGaugeGain,1
3120_04,Numeric,ImpactStartSkillGaugeGain,1
3120_04,Numeric,RushOffsetSkillGaugeGain,0.05
3120_04,Numeric,CollisionOffsetSkillGaugeGain,0.5
3120_04,Numeric,DragonHomingChangeTrajectorySkillGaugeGain,0.1
3120_04,Numeric,BurstSmashGaugeGain,0.1
3120_04,Numeric,ExParam,1
3120_04,Steps,StepShortDash.AddToSpeedScale,60000
3120_04,Steps,StepShortDash.MaxAcceleration,60000
3120_04,Steps,StepShortDash.BrakingDeceleration,30000
3120_04,Steps,StepShortDash.ElapsedTimeToOT,0.033333
3120_04,Steps,StepShortDash.Duration,0.333333
3120_04,Steps,StepShortDash.CoolTime,0.05
3120_04,Steps,StepShortDash.bIsStopClearSpeed,true
3120_04,Steps,StepShortDash.StopBrakingDeceleration,10000000
3120_04,Steps,StepShortDash.SpCost,2650
3120_04,Steps,StepCancelShortDash.AddToSpeedScale,60000
3120_04,Steps,StepCancelShortDash.MaxAcceleration,60000
3120_04,Steps,StepCancelShortDash.BrakingDeceleration,30000
3120_04,Steps,StepCancelShortDash.ElapsedTimeToOT,0.033333
3120_04,Steps,StepCancelShortDash.Duration,0.333333
3120_04,Steps,StepCancelShortDash.CoolTime,0.416667
3120_04,Steps,StepCancelShortDash.bIsStopClearSpeed,true
3120_04,Steps,StepCancelShortDash.StopBrakingDeceleration,10000000
3120_04,Steps,StepCancelShortDash.SpCost,1325
3120_04,DragonDash,SpCostIN,500
3120_04,DragonDash,SpCostLP,3920
3120_04,DragonDash,SpCostBK,5200
3120_04,DragonDash,HighSpeedSpCostLP,4900
3120_04,ZBurstDash,SpCostIN,10000
3120_04,ZBurstDash,SpCostLP,11000
3120_04,ZBurstDash,BurstSmashSpCostLP,3500
3120_04,DashUpDown,SpCostUpIN,1000
3120_04,DashUpDown,SpCostUpLP,7840
3120_04,DashUpDown,SpCostDownIN,1000
3120_04,DashUpDown,SpCostDownLP,7840
3120_04,DragonHoming,SpCostIN,250
3120_04,DragonHoming,SpCostLP,3500
3140_00,Character,DestroyedPower,7
3140_00,Character,AbilityFlag.bCanHighSpeedMove,false
3140_00,Character,AbilityFlag.bCanSuperHighSpeedMove,false
3140_00,Character,ActionFlag.ThrowEscape,true
3140_00,Character,ActionFlag.CannonCombo,true
3140_00,Character,ActionFlag.RollingHurricane,true
3140_00,Character,ActionFlag.AirRush,true
3140_00,Character,ActionFlag.DeltaStorm,true
3140_00,Character,ChaseChangeBlastSlot,EKoratBlastSlotType::BlastSkill1
3140_00,Numeric,Life,40000
3140_00,Numeric,DamageRate,0.96
3140_00,Numeric,SPAutoRecoverySpeed,1750
3140_00,Numeric,SPAutoRecoverySpeedScaleUnderOneGauge,1.3
3140_00,Numeric,SPChargeSpeed,7
3140_00,Numeric,SPChargeSpeedUnderAutoRecoveryLimit,10.5
3140_00,Numeric,SparkingModeGaugeDecreaseSpeed,2800
3140_00,Numeric,StunReactionRecoverySpeedScale,1.3
3140_00,Numeric,StunReactionInputRecoverySpeedScale,1.3
3140_00,Numeric,LimitBoostRecoverySpeedScale,1.3
3140_00,Numeric,LimitBoostInputRecoverySpeedScale,1.3
3140_00,Numeric,BlastStock,4
3140_00,Numeric,AttackChargeSpeedsBySmashLevel[0],3
3140_00,Numeric,AttackChargeSpeedsBySmashLevel[1],5.4
3140_00,Numeric,AttackChargeSpeedsBySmashLevel[2],7.5
3140_00,Numeric,PursuitBaseLimit,2
3140_00,Numeric,PursuitLimitDragonHoming,0
3140_00,Numeric,PursuitLimitVanishingAttack,0
3140_00,Numeric,PursuitBaseLimitAddAtSparking,2
3140_00,Numeric,PursuitLimitDragonHomingAddAtSparking,0
3140_00,Numeric,PursuitLimitVanishingAttackAddAtSparking,0
3140_00,Numeric,PursuitLimitLightningAttackAddAtSparking,0
3140_00,Numeric,IdealPositionMidAirKick,84
3140_00,Numeric,ReactionSplitHighBorder,0.7
3140_00,Numeric,ReactionSplitMidBorder,0.35
3140_00,Numeric,ReactionSplitLowBorder,0.175
3140_00,Numeric,BulletNum,6
3140_00,Numeric,JumpBulletNum,6
3140_00,Numeric,JumpBulletSetNum,1
3140_00,Numeric,RushBulletLimit,6
3140_00,Numeric,SmashBulletLimit,1
3140_00,Numeric,AttackBreakSkillGaugeGain,0.15
3140_00,Numeric,FastAvoidSkillGaugeGain,0.05
3140_00,Numeric,ThrowBreakSkillGaugeGain,0.1
3140_00,Numeric,BackAttackedSkillGaugeGain,0.03
3140_00,Numeric,LastOneHPSkillGaugeGain,1
3140_00,Numeric,ImpactStartSkillGaugeGain,1
3140_00,Numeric,RushOffsetSkillGaugeGain,0.05
3140_00,Numeric,CollisionOffsetSkillGaugeGain,0.5
3140_00,Numeric,DragonHomingChangeTrajectorySkillGaugeGain,0.1
3140_00,Numeric,BurstSmashGaugeGain,0.1
3140_00,Numeric,ExParam,8
3140_00,Steps,StepShortDash.AddToSpeedScale,60000
3140_00,Steps,StepShortDash.MaxAcceleration,50000
3140_00,Steps,StepShortDash.BrakingDeceleration,20000
3140_00,Steps,StepShortDash.ElapsedTimeToOT,0.033333
3140_00,Steps,StepShortDash.Duration,0.333333
3140_00,Steps,StepShortDash.CoolTime,0.05
3140_00,Steps,StepShortDash.bIsStopClearSpeed,true
3140_00,Steps,StepShortDash.StopBrakingDeceleration,10000000
3140_00,Steps,StepShortDash.SpCost,3850
3140_00,Steps,StepCancelShortDash.AddToSpeedScale,60000
3140_00,Steps,StepCancelShortDash.MaxAcceleration,50000
3140_00,Steps,StepCancelShortDash.BrakingDeceleration,20000
3140_00,Steps,StepCancelShortDash.ElapsedTimeToOT,0.033333
3140_00,Steps,StepCancelShortDash.Duration,0.333333
3140_00,Steps,StepCancelShortDash.CoolTime,0.416667
3140_00,Steps,StepCancelShortDash.bIsStopClearSpeed,true
3140_00,Steps,StepCancelShortDash.StopBrakingDeceleration,10000000
3140_00,Steps,StepCancelShortDash.SpCost,1925
3140_00,DragonDash,SpCostIN,500
3140_00,DragonDash,SpCostLP,3920
3140_00,DragonDash,SpCostBK,5200
3140_00,DragonDash,HighSpeedSpCostLP,4900
3140_00,ZBurstDash,SpCostIN,10000
3140_00,ZBurstDash,SpCostLP,11000
3140_00,ZBurstDash,BurstSmashSpCostLP,3500
3140_00,DashUpDown,SpCostUpIN,1000
3140_00,DashUpDown,SpCostUpLP,7840
3140_00,DashUpDown,SpCostDownIN,1000
3140_00,DashUpDown,SpCostDownLP,7840
3140_00,DragonHoming,SpCostIN,250
3140_00,DragonHoming,SpCostLP,3500
3150_00,Character,DestroyedPower,8
3150_00,Character,AbilityFlag.HyperArmor,true
3150_00,Character,AbilityFlag.bCannotCrashImpact,true
3150_00,Character,AbilityFlag.bCanHighSpeedMove,false
3150_00,Character,AbilityFlag.bCanSuperHighSpeedMove,false
3150_00,Character,ActionFlag.DragonTornado,true
3150_00,Character,ActionFlag.CannonCombo,true
3150_00,Character,ActionFlag.SpiralSlash,true
3150_00,Character,ActionFlag.RollingHurricane,true
3150_00,Character,ActionFlag.TriAttack,true
3150_00,Character,ActionFlag.AirRush,true
3150_00,Character,ActionFlag.DeltaStorm,true
3150_00,Character,ActionFlag.SparkingRush,true
3150_00,Character,ActionFlag.SuperZCounter,true
3150_00,Character,ChaseChangeBlastSlot,EKoratBlastSlotType::BlastSkill1
3150_00,Numeric,Life,40000
3150_00,Numeric,DamageRate,0.95
3150_00,Numeric,InitialSP,10000
3150_00,Numeric,SPAutoRecoverySpeed,1500
3150_00,Numeric,SPAutoRecoverySpeedScaleUnderOneGauge,1.3
3150_00,Numeric,SPChargeSpeed,8
3150_00,Numeric,SPChargeSpeedUnderAutoRecoveryLimit,10.5
3150_00,Numeric,SparkingModeGaugeDecreaseSpeed,2800
3150_00,Numeric,GuardCrashedByCombativesBlastSpDamageRate,0
3150_00,Numeric,AttackChargeSpeedsBySmashLevel[0],3
3150_00,Numeric,AttackChargeSpeedsBySmashLevel[1],5.4
3150_00,Numeric,AttackChargeSpeedsBySmashLevel[2],7.5
3150_00,Numeric,PursuitBaseLimit,1
3150_00,Numeric,PursuitLimitDragonHoming,0
3150_00,Numeric,PursuitLimitVanishingAttack,0
3150_00,Numeric,PursuitLimitLightningAttack,0
3150_00,Numeric,PursuitBaseLimitAddAtSparking,2
3150_00,Numeric,PursuitLimitDragonHomingAddAtSparking,0
3150_00,Numeric,PursuitLimitVanishingAttackAddAtSparking,0
3150_00,Numeric,PursuitLimitLightningAttackAddAtSparking,0
3150_00,Numeric,ReactionSplitHighBorder,0.6
3150_00,Numeric,ReactionSplitMidBorder,0.4
3150_00,Numeric,ReactionSplitLowBorder,0.2
3150_00,Numeric,BulletNum,4
3150_00,Numeric,JumpBulletSetNum,1
3150_00,Numeric,DashBulletNum,3
3150_00,Numeric,RushBulletLimit,4
3150_00,Numeric,SmashBulletLimit,1
3150_00,Numeric,RepelSkillGaugeGainRate,1.1
3150_00,Numeric,AttackBreakSkillGaugeGain,0.15
3150_00,Numeric,FastAvoidSkillGaugeGain,0.05
3150_00,Numeric,ThrowBreakSkillGaugeGain,0.1
3150_00,Numeric,BackAttackedSkillGaugeGain,0.03
3150_00,Numeric,LastOneHPSkillGaugeGain,1
3150_00,Numeric,ImpactStartSkillGaugeGain,1
3150_00,Numeric,RushOffsetSkillGaugeGain,0.05
3150_00,Numeric,CollisionOffsetSkillGaugeGain,0.5
3150_00,Numeric,DragonHomingChangeTrajectorySkillGaugeGain,0.1
3150_00,Numeric,BurstSmashGaugeGain,0.1
3150_00,Numeric,ExParam,18
3150_00,Steps,StepShortDash.AddToSpeedScale,60000
3150_00,Steps,StepShortDash.MaxAcceleration,60000
3150_00,Steps,StepShortDash.BrakingDeceleration,30000
3150_00,Steps,StepShortDash.ElapsedTimeToOT,0.033333
3150_00,Steps,StepShortDash.Duration,0.333333
3150_00,Steps,StepShortDash.CoolTime,0.05
3150_00,Steps,StepShortDash.bIsStopClearSpeed,true
3150_00,Steps,StepShortDash.StopBrakingDeceleration,10000000
3150_00,Steps,StepShortDash.SpCost,5150
3150_00,Steps,StepCancelShortDash.AddToSpeedScale,60000
3150_00,Steps,StepCancelShortDash.MaxAcceleration,60000
3150_00,Steps,StepCancelShortDash.BrakingDeceleration,30000
3150_00,Steps,StepCancelShortDash.ElapsedTimeToOT,0.033333
3150_00,Steps,StepCancelShortDash.Duration,0.333333
3150_00,Steps,StepCancelShortDash.CoolTime,0.416667
3150_00,Steps,StepCancelShortDash.bIsStopClearSpeed,true
3150_00,Steps,StepCancelShortDash.StopBrakingDeceleration,10000000
3150_00,Steps,StepCancelShortDash.SpCost,2575
3150_00,DragonDash,SpCostIN,500
3150_00,DragonDash,SpCostLP,3920
3150_00,DragonDash,SpCostBK,5200
3150_00,DragonDash,HighSpeedSpCostLP,4900
3150_00,ZBurstDash,SpCostIN,20000
3150_00,ZBurstDash,BurstSmashSpCostLP,3500
3150_00,DashUpDown,SpCostUpIN,1000
3150_00,DashUpDown,SpCostUpLP,7840
3150_00,DashUpDown,SpCostDownIN,1000
3150_00,DashUpDown,SpCostDownLP,7840
3150_00,DragonHoming,SpCostIN,250
3150_00,DragonHoming,SpCostLP,3500
3160_00,Character,AbilityFlag.SparkingArmor,false
3160_00,Character,AbilityFlag.AutoReflect,false
3160_00,Character,AbilityFlag.bCanSuperHighSpeedMove,false
3160_00,Character,ActionFlag.DragonTornado,true
3160_00,Character,ActionFlag.CannonCombo,true
3160_00,Character,ActionFlag.RollingHurricane,true
3160_00,Character,ActionFlag.PowerPress,true
3160_00,Character,ChaseChangeBlastSlot,EKoratBlastSlotType::BlastSkill1
3160_00,Character,HPTriggerBuff[0].TriggerHP,10000
3160_00,Numeric,Life,40000
3160_00,Numeric,SPAutoRecoverySpeed,1750
3160_00,Numeric,SPAutoRecoverySpeedScaleUnderOneGauge,1.3
3160_00,Numeric,SPChargeSpeed,7
3160_00,Numeric,SPChargeSpeedUnderAutoRecoveryLimit,10.5
3160_00,Numeric,SparkingModeGaugeDecreaseSpeed,2800
3160_00,Numeric,StunReactionRecoverySpeedScale,1.3
3160_00,Numeric,StunReactionInputRecoverySpeedScale,1.3
3160_00,Numeric,LimitBoostRecoverySpeedScale,1.3
3160_00,Numeric,LimitBoostInputRecoverySpeedScale,1.3
3160_00,Numeric,BlastStock,6
3160_00,Numeric,AttackChargeSpeedsBySmashLevel[0],3
3160_00,Numeric,AttackChargeSpeedsBySmashLevel[1],5.4
3160_00,Numeric,AttackChargeSpeedsBySmashLevel[2],7.5
3160_00,Numeric,PursuitBaseLimit,2
3160_00,Numeric,PursuitLimitDragonHoming,0
3160_00,Numeric,PursuitLimitVanishingAttack,0
3160_00,Numeric,PursuitBaseLimitAddAtSparking,2
3160_00,Numeric,PursuitLimitDragonHomingAddAtSparking,0
3160_00,Numeric,PursuitLimitVanishingAttackAddAtSparking,0
3160_00,Numeric,PursuitLimitLightningAttackAddAtSparking,0
3160_00,Numeric,IdealPositionMidAirKick,80
3160_00,Numeric,ReactionSplitHighBorder,0.7
3160_00,Numeric,ReactionSplitMidBorder,0.35
3160_00,Numeric,ReactionSplitLowBorder,0.175
3160_00,Numeric,BulletNum,8
3160_00,Numeric,JumpBulletNum,5
3160_00,Numeric,DashBulletNum,8
3160_00,Numeric,RushBulletLimit,8
3160_00,Numeric,SmashBulletLimit,1
3160_00,Numeric,RepelSkillGaugeGainRate,1.2
3160_00,Numeric,AttackBreakSkillGaugeGain,0.15
3160_00,Numeric,FastAvoidSkillGaugeGain,0.05
3160_00,Numeric,ThrowBreakSkillGaugeGain,0.1
3160_00,Numeric,BackAttackedSkillGaugeGain,0.03
3160_00,Numeric,LastOneHPSkillGaugeGain,1
3160_00,Numeric,ImpactStartSkillGaugeGain,1
3160_00,Numeric,RushOffsetSkillGaugeGain,0.05
3160_00,Numeric,CollisionOffsetSkillGaugeGain,0.5
3160_00,Numeric,DragonHomingChangeTrajectorySkillGaugeGain,0.1
3160_00,Numeric,BurstSmashGaugeGain,0.1
3160_00,Numeric,ExParam,6
3160_00,Steps,StepShortDash.AddToSpeedScale,60000
3160_00,Steps,StepShortDash.MaxAcceleration,60000
3160_00,Steps,StepShortDash.BrakingDeceleration,30000
3160_00,Steps,StepShortDash.ElapsedTimeToOT,0.033333
3160_00,Steps,StepShortDash.Duration,0.333333
3160_00,Steps,StepShortDash.CoolTime,0.05
3160_00,Steps,StepShortDash.bIsStopClearSpeed,true
3160_00,Steps,StepShortDash.StopBrakingDeceleration,10000000
3160_00,Steps,StepShortDash.SpCost,2650
3160_00,Steps,StepCancelShortDash.AddToSpeedScale,60000
3160_00,Steps,StepCancelShortDash.MaxAcceleration,60000
3160_00,Steps,StepCancelShortDash.BrakingDeceleration,30000
3160_00,Steps,StepCancelShortDash.ElapsedTimeToOT,0.033333
3160_00,Steps,StepCancelShortDash.Duration,0.333333
3160_00,Steps,StepCancelShortDash.CoolTime,0.416667
3160_00,Steps,StepCancelShortDash.bIsStopClearSpeed,true
3160_00,Steps,StepCancelShortDash.StopBrakingDeceleration,10000000
3160_00,Steps,StepCancelShortDash.SpCost,1325
3160_00,DragonDash,SpCostIN,500
3160_00,DragonDash,SpCostLP,3920
3160_00,DragonDash,SpCostBK,5200
3160_00,DragonDash,HighSpeedSpCostLP,4900
3160_00,ZBurstDash,SpCostIN,10000
3160_00,ZBurstDash,SpCostLP,11000
3160_00,ZBurstDash,BurstSmashSpCostLP,3500
3160_00,DashUpDown,SpCostUpIN,1000
3160_00,DashUpDown,SpCostUpLP,7840
3160_00,DashUpDown,SpCostDownIN,1000
3160_00,DashUpDown,SpCostDownLP,7840
3160_00,DragonHoming,SpCostIN,250
3160_00,DragonHoming,SpCostLP,3500
3170_00,Character,DestroyedPower,4
3170_00,Character,AbilityFlag.SparkingArmor,false
3170_00,Character,AbilityFlag.AutoReflect,false
3170_00,Character,AbilityFlag.bCanSuperHighSpeedMove,false
3170_00,Character,ActionFlag.DragonTornado,true
3170_00,Character,ActionFlag.HeavyCrash,true
3170_00,Character,ActionFlag.CannonCombo,true
3170_00,Character,ActionFlag.PowerPress,true
3170_00,Character,ChaseChangeBlastSlot,EKoratBlastSlotType::BlastSkill1
3170_00,Numeric,Life,40000
3170_00,Numeric,SPAutoRecoverySpeed,1750
3170_00,Numeric,SPAutoRecoverySpeedScaleUnderOneGauge,1.3
3170_00,Numeric,SPChargeSpeed,7
3170_00,Numeric,SPChargeSpeedUnderAutoRecoveryLimit,10.5
3170_00,Numeric,SparkingModeGaugeDecreaseSpeed,2800
3170_00,Numeric,AttackChargeSpeedsBySmashLevel[0],3
3170_00,Numeric,AttackChargeSpeedsBySmashLevel[1],5.4
3170_00,Numeric,AttackChargeSpeedsBySmashLevel[2],7.5
3170_00,Numeric,PursuitBaseLimit,2
3170_00,Numeric,PursuitLimitDragonHoming,0
3170_00,Numeric,PursuitLimitVanishingAttack,0
3170_00,Numeric,PursuitBaseLimitAddAtSparking,2
3170_00,Numeric,PursuitLimitDragonHomingAddAtSparking,0
3170_00,Numeric,PursuitLimitVanishingAttackAddAtSparking,0
3170_00,Numeric,PursuitLimitLightningAttackAddAtSparking,0
3170_00,Numeric,IdealPositionMidAirKick,62
3170_00,Numeric,ReactionSplitHighBorder,0.7
3170_00,Numeric,ReactionSplitMidBorder,0.35
3170_00,Numeric,ReactionSplitLowBorder,0.175
3170_00,Numeric,BulletNum,7
3170_00,Numeric,JumpBulletNum,6
3170_00,Numeric,JumpBulletSetNum,1
3170_00,Numeric,RushBulletLimit,3
3170_00,Numeric,SmashBulletLimit,1
3170_00,Numeric,AttackBreakSkillGaugeGain,0.15
3170_00,Numeric,FastAvoidSkillGaugeGain,0.05
3170_00,Numeric,ThrowBreakSkillGaugeGain,0.1
3170_00,Numeric,BackAttackedSkillGaugeGain,0.03
3170_00,Numeric,LastOneHPSkillGaugeGain,1
3170_00,Numeric,ImpactStartSkillGaugeGain,1
3170_00,Numeric,RushOffsetSkillGaugeGain,0.05
3170_00,Numeric,CollisionOffsetSkillGaugeGain,0.5
3170_00,Numeric,DragonHomingChangeTrajectorySkillGaugeGain,0.1
3170_00,Numeric,BurstSmashGaugeGain,0.1
3170_00,Steps,StepShortDash.AddToSpeedScale,60000
3170_00,Steps,StepShortDash.MaxAcceleration,60000
3170_00,Steps,StepShortDash.BrakingDeceleration,30000
3170_00,Steps,StepShortDash.ElapsedTimeToOT,0.033333
3170_00,Steps,StepShortDash.Duration,0.333333
3170_00,Steps,StepShortDash.CoolTime,0.05
3170_00,Steps,StepShortDash.bIsStopClearSpeed,true
3170_00,Steps,StepShortDash.StopBrakingDeceleration,10000000
3170_00,Steps,StepShortDash.SpCost,2650
3170_00,Steps,StepCancelShortDash.AddToSpeedScale,60000
3170_00,Steps,StepCancelShortDash.MaxAcceleration,60000
3170_00,Steps,StepCancelShortDash.BrakingDeceleration,30000
3170_00,Steps,StepCancelShortDash.ElapsedTimeToOT,0.033333
3170_00,Steps,StepCancelShortDash.Duration,0.333333
3170_00,Steps,StepCancelShortDash.CoolTime,0.416667
3170_00,Steps,StepCancelShortDash.bIsStopClearSpeed,true
3170_00,Steps,StepCancelShortDash.StopBrakingDeceleration,10000000
3170_00,Steps,StepCancelShortDash.SpCost,1325
3170_00,DragonDash,SpCostIN,500
3170_00,DragonDash,SpCostLP,3920
3170_00,DragonDash,SpCostBK,5200
3170_00,DragonDash,HighSpeedSpCostLP,4900
3170_00,ZBurstDash,SpCostIN,10000
3170_00,ZBurstDash,SpCostLP,11000
3170_00,ZBurstDash,BurstSmashSpCostLP,3500
3170_00,DashUpDown,SpCostUpIN,1000
3170_00,DashUpDown,SpCostUpLP,7840
3170_00,DashUpDown,SpCostDownIN,1000
3170_00,DashUpDown,SpCostDownLP,7840
3170_00,DragonHoming,SpCostIN,250
3170_00,DragonHoming,SpCostLP,3500
3190_00,Character,DestroyedPower,3
3190_00,Character,AbilityFlag.SparkingArmor,false
3190_00,Character,AbilityFlag.AutoReflect,false
3190_00,Character,ActionFlag.DragonTornado,true
3190_00,Character,ActionFlag.HeavyCrash,true
3190_00,Character,ActionFlag.PowerPress,true
3190_00,Character,ChaseChangeBlastSlot,EKoratBlastSlotType::BlastSkill1
3190_00,Character,HPTriggerBuff[0].TriggerHP,10000
3190_00,Numeric,Life,40000
3190_00,Numeric,DamageRate,1.1
3190_00,Numeric,SPAutoRecoverySpeed,1750
3190_00,Numeric,SPAutoRecoverySpeedScaleUnderOneGauge,1.3
3190_00,Numeric,SPChargeSpeed,7
3190_00,Numeric,SPChargeSpeedUnderAutoRecoveryLimit,10.5
3190_00,Numeric,SparkingModeGaugeDecreaseSpeed,2800
3190_00,Numeric,AttackChargeSpeedsBySmashLevel[0],3
3190_00,Numeric,AttackChargeSpeedsBySmashLevel[1],5.4
3190_00,Numeric,AttackChargeSpeedsBySmashLevel[2],7.5
3190_00,Numeric,PursuitBaseLimit,3
3190_00,Numeric,PursuitLimitDragonHoming,0
3190_00,Numeric,PursuitLimitVanishingAttack,0
3190_00,Numeric,PursuitBaseLimitAddAtSparking,3
3190_00,Numeric,PursuitLimitDragonHomingAddAtSparking,0
3190_00,Numeric,PursuitLimitVanishingAttackAddAtSparking,0
3190_00,Numeric,PursuitLimitLightningAttackAddAtSparking,0
3190_00,Numeric,IdealPositionMidAirKick,64
3190_00,Numeric,ReactionSplitHighBorder,0.6
3190_00,Numeric,ReactionSplitMidBorder,0.4
3190_00,Numeric,ReactionSplitLowBorder,0.2
3190_00,Numeric,BulletNum,5
3190_00,Numeric,JumpBulletSetNum,1
3190_00,Numeric,DashBulletNum,3
3190_00,Numeric,RushBulletLimit,5
3190_00,Numeric,SmashBulletLimit,1
3190_00,Numeric,RepelSkillGaugeGainRate,1.1
3190_00,Numeric,AttackBreakSkillGaugeGain,0.15
3190_00,Numeric,FastAvoidSkillGaugeGain,0.05
3190_00,Numeric,ThrowBreakSkillGaugeGain,0.1
3190_00,Numeric,BackAttackedSkillGaugeGain,0.03
3190_00,Numeric,LastOneHPSkillGaugeGain,1
3190_00,Numeric,ImpactStartSkillGaugeGain,1
3190_00,Numeric,RushOffsetSkillGaugeGain,0.05
3190_00,Numeric,CollisionOffsetSkillGaugeGain,0.5
3190_00,Numeric,DragonHomingChangeTrajectorySkillGaugeGain,0.1
3190_00,Numeric,BurstSmashGaugeGain,0.1
3190_00,Numeric,ExParam,7
3190_00,Steps,StepShortDash.AddToSpeedScale,60000
3190_00,Steps,StepShortDash.MaxAcceleration,50000
3190_00,Steps,StepShortDash.BrakingDeceleration,20000
3190_00,Steps,StepShortDash.ElapsedTimeToOT,0.033333
3190_00,Steps,StepShortDash.Duration,0.333333
3190_00,Steps,StepShortDash.CoolTime,0.05
3190_00,Steps,StepShortDash.bIsStopClearSpeed,true
3190_00,Steps,StepShortDash.StopBrakingDeceleration,10000000
3190_00,Steps,StepShortDash.SpCost,750
3190_00,Steps,StepCancelShortDash.AddToSpeedScale,60000
3190_00,Steps,StepCancelShortDash.MaxAcceleration,50000
3190_00,Steps,StepCancelShortDash.BrakingDeceleration,20000
3190_00,Steps,StepCancelShortDash.ElapsedTimeToOT,0.033333
3190_00,Steps,StepCancelShortDash.Duration,0.333333
3190_00,Steps,StepCancelShortDash.CoolTime,0.416667
3190_00,Steps,StepCancelShortDash.bIsStopClearSpeed,true
3190_00,Steps,StepCancelShortDash.StopBrakingDeceleration,10000000
3190_00,Steps,StepCancelShortDash.SpCost,375
3190_00,DragonDash,SpCostIN,425
3190_00,DragonDash,SpCostLP,3332
3190_00,DragonDash,SpCostBK,4420
3190_00,DragonDash,HighSpeedSpCostLP,4410
3190_00,ZBurstDash,SpCostIN,8500
3190_00,ZBurstDash,SpCostLP,9350
3190_00,ZBurstDash,BurstSmashSpCostLP,2975
3190_00,DashUpDown,SpCostUpIN,850
3190_00,DashUpDown,SpCostUpLP,6664
3190_00,DashUpDown,SpCostDownIN,850
3190_00,DashUpDown,SpCostDownLP,6664
3190_00,DragonHoming,SpCostIN,212.5
3190_00,DragonHoming,SpCostLP,2975
3270_00,Character,AbilityFlag.SparkingArmor,false
3270_00,Character,AbilityFlag.AutoReflect,false
3270_00,Character,AbilityFlag.bCanHighSpeedMove,false
3270_00,Character,AbilityFlag.bCanSuperHighSpeedMove,false
3270_00,Character,ActionFlag.DragonTornado,true
3270_00,Character,ActionFlag.HeavyCrash,true
3270_00,Character,ActionFlag.PowerPress,true
3270_00,Character,ActionFlag.TriAttack,true
3270_00,Character,ActionFlag.AirRush,true
3270_00,Character,ChaseChangeBlastSlot,EKoratBlastSlotType::BlastSkill1
3270_00,Numeric,Life,40000
3270_00,Numeric,SPAutoRecoverySpeed,1750
3270_00,Numeric,SPAutoRecoverySpeedScaleUnderOneGauge,1.3
3270_00,Numeric,SPChargeSpeed,8
3270_00,Numeric,SPChargeSpeedUnderAutoRecoveryLimit,10.5
3270_00,Numeric,SparkingModeGaugeDecreaseSpeed,2800
3270_00,Numeric,AttackChargeSpeedsBySmashLevel[0],3
3270_00,Numeric,AttackChargeSpeedsBySmashLevel[1],5.4
3270_00,Numeric,AttackChargeSpeedsBySmashLevel[2],7.5
3270_00,Numeric,PursuitBaseLimit,2
3270_00,Numeric,PursuitLimitDragonHoming,0
3270_00,Numeric,PursuitLimitVanishingAttack,0
3270_00,Numeric,PursuitBaseLimitAddAtSparking,2
3270_00,Numeric,PursuitLimitDragonHomingAddAtSparking,0
3270_00,Numeric,PursuitLimitVanishingAttackAddAtSparking,0
3270_00,Numeric,PursuitLimitLightningAttackAddAtSparking,0
3270_00,Numeric,IdealPositionMidAirKick,66
3270_00,Numeric,ReactionSplitHighBorder,0.6
3270_00,Numeric,ReactionSplitMidBorder,0.4
3270_00,Numeric,ReactionSplitLowBorder,0.2
3270_00,Numeric,BulletNum,999
3270_00,Numeric,JumpBulletNum,10
3270_00,Numeric,JumpBulletSetNum,1
3270_00,Numeric,DashBulletNum,8
3270_00,Numeric,SmashBulletLimit,1
3270_00,Numeric,RepelSkillGaugeGainRate,1.1
3270_00,Numeric,AttackBreakSkillGaugeGain,0.15
3270_00,Numeric,FastAvoidSkillGaugeGain,0.05
3270_00,Numeric,ThrowBreakSkillGaugeGain,0.1
3270_00,Numeric,BackAttackedSkillGaugeGain,0.03
3270_00,Numeric,LastOneHPSkillGaugeGain,1
3270_00,Numeric,ImpactStartSkillGaugeGain,1
3270_00,Numeric,RushOffsetSkillGaugeGain,0.05
3270_00,Numeric,CollisionOffsetSkillGaugeGain,0.5
3270_00,Numeric,DragonHomingChangeTrajectorySkillGaugeGain,0.1
3270_00,Numeric,BurstSmashGaugeGain,0.1
3270_00,Numeric,ExParam,4
3270_00,Steps,StepShortDash.AddToSpeedScale,60000
3270_00,Steps,StepShortDash.MaxAcceleration,60000
3270_00,Steps,StepShortDash.BrakingDeceleration,30000
3270_00,Steps,StepShortDash.ElapsedTimeToOT,0.033333
3270_00,Steps,StepShortDash.Duration,0.333333
3270_00,Steps,StepShortDash.CoolTime,0.05
3270_00,Steps,StepShortDash.bIsStopClearSpeed,true
3270_00,Steps,StepShortDash.StopBrakingDeceleration,10000000
3270_00,Steps,StepShortDash.SpCost,2650
3270_00,Steps,StepCancelShortDash.AddToSpeedScale,60000
3270_00,Steps,StepCancelShortDash.MaxAcceleration,60000
3270_00,Steps,StepCancelShortDash.BrakingDeceleration,30000
3270_00,Steps,StepCancelShortDash.ElapsedTimeToOT,0.033333
3270_00,Steps,StepCancelShortDash.Duration,0.333333
3270_00,Steps,StepCancelShortDash.CoolTime,0.416667
3270_00,Steps,StepCancelShortDash.bIsStopClearSpeed,true
3270_00,Steps,StepCancelShortDash.StopBrakingDeceleration,10000000
3270_00,Steps,StepCancelShortDash.SpCost,1325
3270_00,DragonDash,SpCostIN,500
3270_00,DragonDash,SpCostLP,3920
3270_00,DragonDash,SpCostBK,5200
3270_00,DragonDash,HighSpeedSpCostLP,4900
3270_00,ZBurstDash,SpCostIN,10000
3270_00,ZBurstDash,SpCostLP,11000
3270_00,ZBurstDash,BurstSmashSpCostLP,3500
3270_00,DashUpDown,SpCostUpIN,1000
3270_00,DashUpDown,SpCostUpLP,7840
3270_00,DashUpDown,SpCostDownIN,1000
3270_00,DashUpDown,SpCostDownLP,7840
3270_00,DragonHoming,SpCostIN,250
3270_00,DragonHoming,SpCostLP,3500
3270_01,Character,DestroyedPower,6
3270_01,Character,AbilityFlag.SparkingArmor,false
3270_01,Character,AbilityFlag.AutoReflect,false
3270_01,Character,AbilityFlag.bCanSuperHighSpeedMove,false
3270_01,Character,ActionFlag.DragonTornado,true
3270_01,Character,ActionFlag.HeavyCrash,true
3270_01,Character,ActionFlag.PowerPress,true
3270_01,Character,ActionFlag.TriAttack,true
3270_01,Character,ActionFlag.AirRush,true
3270_01,Character,ChaseChangeBlastSlot,EKoratBlastSlotType::BlastSkill1
3270_01,Numeric,Life,40000
3270_01,Numeric,SPAutoRecoverySpeed,1500
3270_01,Numeric,SPAutoRecoverySpeedScaleUnderOneGauge,1.3
3270_01,Numeric,SPChargeSpeed,8
3270_01,Numeric,SPChargeSpeedUnderAutoRecoveryLimit,12
3270_01,Numeric,SparkingModeGaugeDecreaseSpeed,2800
3270_01,Numeric,AttackChargeSpeedsBySmashLevel[0],3
3270_01,Numeric,AttackChargeSpeedsBySmashLevel[1],5.4
3270_01,Numeric,AttackChargeSpeedsBySmashLevel[2],7.5
3270_01,Numeric,PursuitBaseLimit,2
3270_01,Numeric,PursuitLimitDragonHoming,0
3270_01,Numeric,PursuitLimitVanishingAttack,0
3270_01,Numeric,PursuitBaseLimitAddAtSparking,2
3270_01,Numeric,PursuitLimitDragonHomingAddAtSparking,0
3270_01,Numeric,PursuitLimitVanishingAttackAddAtSparking,0
3270_01,Numeric,PursuitLimitLightningAttackAddAtSparking,0
3270_01,Numeric,IdealPositionMidAirKick,66
3270_01,Numeric,ReactionSplitHighBorder,0.6
3270_01,Numeric,ReactionSplitMidBorder,0.4
3270_01,Numeric,ReactionSplitLowBorder,0.2
3270_01,Numeric,BulletNum,999
3270_01,Numeric,JumpBulletNum,10
3270_01,Numeric,JumpBulletSetNum,1
3270_01,Numeric,DashBulletNum,8
3270_01,Numeric,SmashBulletLimit,1
3270_01,Numeric,RepelSkillGaugeGainRate,1.1
3270_01,Numeric,AttackBreakSkillGaugeGain,0.15
3270_01,Numeric,FastAvoidSkillGaugeGain,0.05
3270_01,Numeric,ThrowBreakSkillGaugeGain,0.1
3270_01,Numeric,BackAttackedSkillGaugeGain,0.03
3270_01,Numeric,LastOneHPSkillGaugeGain,1
3270_01,Numeric,ImpactStartSkillGaugeGain,1
3270_01,Numeric,RushOffsetSkillGaugeGain,0.05
3270_01,Numeric,CollisionOffsetSkillGaugeGain,0.5
3270_01,Numeric,DragonHomingChangeTrajectorySkillGaugeGain,0.1
3270_01,Numeric,BurstSmashGaugeGain,0.1
3270_01,Numeric,ExParam,5
3270_01,Steps,StepShortDash.AddToSpeedScale,60000
3270_01,Steps,StepShortDash.MaxAcceleration,60000
3270_01,Steps,StepShortDash.BrakingDeceleration,30000
3270_01,Steps,StepShortDash.ElapsedTimeToOT,0.033333
3270_01,Steps,StepShortDash.Duration,0.333333
3270_01,Steps,StepShortDash.CoolTime,0.05
3270_01,Steps,StepShortDash.bIsStopClearSpeed,true
3270_01,Steps,StepShortDash.StopBrakingDeceleration,10000000
3270_01,Steps,StepShortDash.SpCost,2650
3270_01,Steps,StepCancelShortDash.AddToSpeedScale,60000
3270_01,Steps,StepCancelShortDash.MaxAcceleration,60000
3270_01,Steps,StepCancelShortDash.BrakingDeceleration,30000
3270_01,Steps,StepCancelShortDash.ElapsedTimeToOT,0.033333
3270_01,Steps,StepCancelShortDash.Duration,0.333333
3270_01,Steps,StepCancelShortDash.CoolTime,0.416667
3270_01,Steps,StepCancelShortDash.bIsStopClearSpeed,true
3270_01,Steps,StepCancelShortDash.StopBrakingDeceleration,10000000
3270_01,Steps,StepCancelShortDash.SpCost,1325
3270_01,DragonDash,SpCostIN,500
3270_01,DragonDash,SpCostLP,3920
3270_01,DragonDash,SpCostBK,5200
3270_01,DragonDash,HighSpeedSpCostLP,4900
3270_01,ZBurstDash,SpCostIN,10000
3270_01,ZBurstDash,SpCostLP,11000
3270_01,ZBurstDash,BurstSmashSpCostLP,3500
3270_01,DashUpDown,SpCostUpIN,1000
3270_01,DashUpDown,SpCostUpLP,7840
3270_01,DashUpDown,SpCostDownIN,1000
3270_01,DashUpDown,SpCostDownLP,7840
3270_01,DragonHoming,SpCostIN,250
3270_01,DragonHoming,SpCostLP,3500
3280_00,Character,DestroyedPower,4
3280_00,Character,AbilityFlag.SparkingArmor,false
3280_00,Character,AbilityFlag.AutoReflect,false
3280_00,Character,AbilityFlag.bCanHighSpeedMove,false
3280_00,Character,AbilityFlag.bCanSuperHighSpeedMove,false
3280_00,Character,ActionFlag.HeavyCrash,true
3280_00,Character,ActionFlag.PowerPress,true
3280_00,Character,ActionFlag.TriAttack,true
3280_00,Character,ChaseChangeBlastSlot,EKoratBlastSlotType::BlastSkill2
3280_00,Numeric,Life,40000
3280_00,Numeric,SPAutoRecoverySpeed,1750
3280_00,Numeric,SPAutoRecoverySpeedScaleUnderOneGauge,1.3
3280_00,Numeric,SPChargeSpeed,7
3280_00,Numeric,SPChargeSpeedUnderAutoRecoveryLimit,10.5
3280_00,Numeric,SparkingModeGaugeDecreaseSpeed,2800
3280_00,Numeric,AttackChargeSpeedsBySmashLevel[0],3
3280_00,Numeric,AttackChargeSpeedsBySmashLevel[1],5.4
3280_00,Numeric,AttackChargeSpeedsBySmashLevel[2],7.5
3280_00,Numeric,PursuitBaseLimit,2
3280_00,Numeric,PursuitLimitDragonHoming,0
3280_00,Numeric,PursuitLimitVanishingAttack,0
3280_00,Numeric,PursuitBaseLimitAddAtSparking,2
3280_00,Numeric,PursuitLimitDragonHomingAddAtSparking,0
3280_00,Numeric,PursuitLimitVanishingAttackAddAtSparking,0
3280_00,Numeric,PursuitLimitLightningAttackAddAtSparking,0
3280_00,Numeric,IdealPositionMidAirKick,72
3280_00,Numeric,ReactionSplitHighBorder,0.7
3280_00,Numeric,ReactionSplitMidBorder,0.35
3280_00,Numeric,ReactionSplitLowBorder,0.175
3280_00,Numeric,BulletNum,6
3280_00,Numeric,JumpBulletNum,5
3280_00,Numeric,JumpBulletSetNum,1
3280_00,Numeric,RushBulletLimit,6
3280_00,Numeric,SmashBulletLimit,1
3280_00,Numeric,RepelSkillGaugeGainRate,1.1
3280_00,Numeric,AttackBreakSkillGaugeGain,0.15
3280_00,Numeric,FastAvoidSkillGaugeGain,0.05
3280_00,Numeric,ThrowBreakSkillGaugeGain,0.1
3280_00,Numeric,BackAttackedSkillGaugeGain,0.03
3280_00,Numeric,LastOneHPSkillGaugeGain,1
3280_00,Numeric,ImpactStartSkillGaugeGain,1
3280_00,Numeric,RushOffsetSkillGaugeGain,0.05
3280_00,Numeric,CollisionOffsetSkillGaugeGain,0.5
3280_00,Numeric,DragonHomingChangeTrajectorySkillGaugeGain,0.1
3280_00,Numeric,BurstSmashGaugeGain,0.1
3280_00,Numeric,ExParam,3
3280_00,Steps,StepShortDash.AddToSpeedScale,60000
3280_00,Steps,StepShortDash.MaxAcceleration,60000
3280_00,Steps,StepShortDash.BrakingDeceleration,30000
3280_00,Steps,StepShortDash.ElapsedTimeToOT,0.033333
3280_00,Steps,StepShortDash.Duration,0.333333
3280_00,Steps,StepShortDash.CoolTime,0.05
3280_00,Steps,StepShortDash.bIsStopClearSpeed,true
3280_00,Steps,StepShortDash.StopBrakingDeceleration,10000000
3280_00,Steps,StepShortDash.SpCost,2650
3280_00,Steps,StepCancelShortDash.AddToSpeedScale,60000
3280_00,Steps,StepCancelShortDash.MaxAcceleration,60000
3280_00,Steps,StepCancelShortDash.BrakingDeceleration,30000
3280_00,Steps,StepCancelShortDash.ElapsedTimeToOT,0.033333
3280_00,Steps,StepCancelShortDash.Duration,0.333333
3280_00,Steps,StepCancelShortDash.CoolTime,0.416667
3280_00,Steps,StepCancelShortDash.bIsStopClearSpeed,true
3280_00,Steps,StepCancelShortDash.StopBrakingDeceleration,10000000
3280_00,Steps,StepCancelShortDash.SpCost,1325
3280_00,DragonDash,SpCostIN,500
3280_00,DragonDash,SpCostLP,3920
3280_00,DragonDash,SpCostBK,5200
3280_00,DragonDash,HighSpeedSpCostLP,4900
3280_00,ZBurstDash,SpCostIN,10000
3280_00,ZBurstDash,SpCostLP,11000
3280_00,ZBurstDash,BurstSmashSpCostLP,3500
3280_00,DashUpDown,SpCostUpIN,1000
3280_00,DashUpDown,SpCostUpLP,7840
3280_00,DashUpDown,SpCostDownIN,1000
3280_00,DashUpDown,SpCostDownLP,7840
3280_00,DragonHoming,SpCostIN,250
3280_00,DragonHoming,SpCostLP,3500
3280_01,Character,AbilityFlag.SparkingArmor,false
3280_01,Character,AbilityFlag.AutoReflect,false
3280_01,Character,AbilityFlag.bCanHighSpeedMove,false
3280_01,Character,AbilityFlag.bCanSuperHighSpeedMove,false
3280_01,Character,ActionFlag.PowerPress,true
3280_01,Character,ActionFlag.TriAttack,true
3280_01,Character,ChaseChangeBlastSlot,EKoratBlastSlotType::BlastSkill1
3280_01,Numeric,Life,40000
3280_01,Numeric,SPAutoRecoverySpeed,1500
3280_01,Numeric,SPAutoRecoverySpeedScaleUnderOneGauge,1.3
3280_01,Numeric,SPChargeSpeed,7
3280_01,Numeric,SPChargeSpeedUnderAutoRecoveryLimit,12
3280_01,Numeric,SparkingModeGaugeDecreaseSpeed,2800
3280_01,Numeric,AttackChargeSpeedsBySmashLevel[0],3
3280_01,Numeric,AttackChargeSpeedsBySmashLevel[1],5.4
3280_01,Numeric,AttackChargeSpeedsBySmashLevel[2],7.5
3280_01,Numeric,PursuitBaseLimit,2
3280_01,Numeric,PursuitLimitDragonHoming,0
3280_01,Numeric,PursuitLimitVanishingAttack,0
3280_01,Numeric,PursuitBaseLimitAddAtSparking,2
3280_01,Numeric,PursuitLimitDragonHomingAddAtSparking,0
3280_01,Numeric,PursuitLimitVanishingAttackAddAtSparking,0
3280_01,Numeric,PursuitLimitLightningAttackAddAtSparking,0
3280_01,Numeric,IdealPositionMidAirKick,72
3280_01,Numeric,ReactionSplitHighBorder,0.7
3280_01,Numeric,ReactionSplitMidBorder,0.35
3280_01,Numeric,ReactionSplitLowBorder,0.175
3280_01,Numeric,BulletNum,6
3280_01,Numeric,JumpBulletNum,5
3280_01,Numeric,JumpBulletSetNum,1
3280_01,Numeric,RushBulletLimit,6
3280_01,Numeric,SmashBulletLimit,1
3280_01,Numeric,RepelSkillGaugeGainRate,1.1
3280_01,Numeric,AttackBreakSkillGaugeGain,0.15
3280_01,Numeric,FastAvoidSkillGaugeGain,0.05
3280_01,Numeric,ThrowBreakSkillGaugeGain,0.1
3280_01,Numeric,BackAttackedSkillGaugeGain,0.03
3280_01,Numeric,LastOneHPSkillGaugeGain,1
3280_01,Numeric,ImpactStartSkillGaugeGain,1
3280_01,Numeric,RushOffsetSkillGaugeGain,0.05
3280_01,Numeric,CollisionOffsetSkillGaugeGain,0.5
3280_01,Numeric,DragonHomingChangeTrajectorySkillGaugeGain,0.1
3280_01,Numeric,BurstSmashGaugeGain,0.1
3280_01,Numeric,ExParam,4
3280_01,Steps,StepShortDash.AddToSpeedScale,60000
3280_01,Steps,StepShortDash.MaxAcceleration,60000
3280_01,Steps,StepShortDash.BrakingDeceleration,30000
3280_01,Steps,StepShortDash.ElapsedTimeToOT,0.033333
3280_01,Steps,StepShortDash.Duration,0.333333
3280_01,Steps,StepShortDash.CoolTime,0.05
3280_01,Steps,StepShortDash.bIsStopClearSpeed,true
3280_01,Steps,StepShortDash.StopBrakingDeceleration,10000000
3280_01,Steps,StepShortDash.SpCost,2650
3280_01,Steps,StepCancelShortDash.AddToSpeedScale,60000
3280_01,Steps,StepCancelShortDash.MaxAcceleration,60000
3280_01,Steps,StepCancelShortDash.BrakingDeceleration,30000
3280_01,Steps,StepCancelShortDash.ElapsedTimeToOT,0.033333
3280_01,Steps,StepCancelShortDash.Duration,0.333333
3280_01,Steps,StepCancelShortDash.CoolTime,0.416667
3280_01,Steps,StepCancelShortDash.bIsStopClearSpeed,true
3280_01,Steps,StepCancelShortDash.StopBrakingDeceleration,10000000
3280_01,Steps,StepCancelShortDash.SpCost,1325
3280_01,DragonDash,SpCostIN,500
3280_01,DragonDash,SpCostLP,3920
3280_01,DragonDash,SpCostBK,5200
3280_01,DragonDash,HighSpeedSpCostLP,4900
3280_01,ZBurstDash,SpCostIN,10000
3280_01,ZBurstDash,SpCostLP,11000
3280_01,ZBurstDash,BurstSmashSpCostLP,3500
3280_01,DashUpDown,SpCostUpIN,1000
3280_01,DashUpDown,SpCostUpLP,7840
3280_01,DashUpDown,SpCostDownIN,1000
3280_01,DashUpDown,SpCostDownLP,7840
3280_01,DragonHoming,SpCostIN,250
3280_01,DragonHoming,SpCostLP,3500
3290_00,Character,AbilityFlag.SparkingArmor,false
3290_00,Character,AbilityFlag.AutoReflect,false
3290_00,Character,AbilityFlag.bCannotCharge,true
3290_00,Character,ActionFlag.DragonTornado,true
3290_00,Character,ActionFlag.CannonCombo,true
3290_00,Character,ActionFlag.PowerPress,true
3290_00,Character,ActionFlag.TriAttack,true
3290_00,Character,ActionFlag.DeltaStorm,true
3290_00,Character,ChaseChangeBlastSlot,EKoratBlastSlotType::BlastSkill1
3290_00,Numeric,Life,40000
3290_00,Numeric,InitialSP,30000
3290_00,Numeric,SPAutoRecoveryLimit,50000
3290_00,Numeric,SPAutoRecoverySpeed,1800
3290_00,Numeric,SPChargeSpeed,0
3290_00,Numeric,SparkingModeGaugeDecreaseSpeed,2800
3290_00,Numeric,BlastStock,4
3290_00,Numeric,InitialBlastStock,1
3290_00,Numeric,AttackChargeSpeedsBySmashLevel[0],3
3290_00,Numeric,AttackChargeSpeedsBySmashLevel[1],5.4
3290_00,Numeric,AttackChargeSpeedsBySmashLevel[2],7.5
3290_00,Numeric,PursuitBaseLimit,2
3290_00,Numeric,PursuitLimitDragonHoming,0
3290_00,Numeric,PursuitLimitVanishingAttack,0
3290_00,Numeric,PursuitBaseLimitAddAtSparking,2
3290_00,Numeric,PursuitLimitDragonHomingAddAtSparking,0
3290_00,Numeric,PursuitLimitVanishingAttackAddAtSparking,0
3290_00,Numeric,PursuitLimitLightningAttackAddAtSparking,0
3290_00,Numeric,IdealPositionMidAirKick,68
3290_00,Numeric,ReactionSplitHighBorder,0.7
3290_00,Numeric,ReactionSplitMidBorder,0.35
3290_00,Numeric,ReactionSplitLowBorder,0.175
3290_00,Numeric,BulletNum,6
3290_00,Numeric,JumpBulletNum,6
3290_00,Numeric,JumpBulletSetNum,1
3290_00,Numeric,RushBulletLimit,6
3290_00,Numeric,SmashBulletLimit,1
3290_00,Numeric,AttackBreakSkillGaugeGain,0.15
3290_00,Numeric,FastAvoidSkillGaugeGain,0.05
3290_00,Numeric,ThrowBreakSkillGaugeGain,0.1
3290_00,Numeric,BackAttackedSkillGaugeGain,0.03
3290_00,Numeric,LastOneHPSkillGaugeGain,1
3290_00,Numeric,ImpactStartSkillGaugeGain,1
3290_00,Numeric,RushOffsetSkillGaugeGain,0.05
3290_00,Numeric,CollisionOffsetSkillGaugeGain,0.5
3290_00,Numeric,DragonHomingChangeTrajectorySkillGaugeGain,0.1
3290_00,Numeric,BurstSmashGaugeGain,0.1
3290_00,Numeric,ExParam,12
3290_00,Numeric,AuraType,EKoratBattleAuraType::None
3290_00,Steps,StepShortDash.AddToSpeedScale,60000
3290_00,Steps,StepShortDash.MaxAcceleration,60000
3290_00,Steps,StepShortDash.BrakingDeceleration,30000
3290_00,Steps,StepShortDash.ElapsedTimeToOT,0.033333
3290_00,Steps,StepShortDash.Duration,0.333333
3290_00,Steps,StepShortDash.CoolTime,0.05
3290_00,Steps,StepShortDash.bIsStopClearSpeed,true
3290_00,Steps,StepShortDash.StopBrakingDeceleration,10000000
3290_00,Steps,StepShortDash.SpCost,2650
3290_00,Steps,StepCancelShortDash.AddToSpeedScale,60000
3290_00,Steps,StepCancelShortDash.MaxAcceleration,60000
3290_00,Steps,StepCancelShortDash.BrakingDeceleration,30000
3290_00,Steps,StepCancelShortDash.ElapsedTimeToOT,0.033333
3290_00,Steps,StepCancelShortDash.Duration,0.333333
3290_00,Steps,StepCancelShortDash.CoolTime,0.416667
3290_00,Steps,StepCancelShortDash.bIsStopClearSpeed,true
3290_00,Steps,StepCancelShortDash.StopBrakingDeceleration,10000000
3290_00,Steps,StepCancelShortDash.SpCost,1325
3290_00,DragonDash,SpCostIN,500
3290_00,DragonDash,SpCostLP,3920
3290_00,DragonDash,SpCostBK,5200
3290_00,DragonDash,HighSpeedSpCostLP,4900
3290_00,ZBurstDash,SpCostIN,10000
3290_00,ZBurstDash,SpCostLP,11000
3290_00,ZBurstDash,BurstSmashSpCostLP,3500
3290_00,DashUpDown,SpCostUpIN,1000
3290_00,DashUpDown,SpCostUpLP,7840
3290_00,DashUpDown,SpCostDownIN,1000
3290_00,DashUpDown,SpCostDownLP,7840
3290_00,DragonHoming,SpCostIN,250
3290_00,DragonHoming,SpCostLP,3500
3300_00,Character,DestroyedPower,3
3300_00,Character,AbilityFlag.SparkingArmor,false
3300_00,Character,AbilityFlag.AutoReflect,false
3300_00,Character,AbilityFlag.bCanFly,false
3300_00,Character,AbilityFlag.bCanHighSpeedMove,false
3300_00,Character,AbilityFlag.bCanSuperHighSpeedMove,false
3300_00,Character,ActionFlag.DragonTornado,true
3300_00,Character,ActionFlag.PowerPress,true
3300_00,Character,ActionFlag.DeltaStorm,true
3300_00,Character,ChaseChangeBlastSlot,EKoratBlastSlotType::BlastSkill1
3300_00,Character,HPTriggerBuff[0].TriggerHP,10000
3300_00,Numeric,Life,40000
3300_00,Numeric,SPAutoRecoverySpeed,1750
3300_00,Numeric,SPAutoRecoverySpeedScaleUnderOneGauge,1.3
3300_00,Numeric,SPChargeSpeed,7
3300_00,Numeric,SPChargeSpeedUnderAutoRecoveryLimit,10.5
3300_00,Numeric,SparkingModeGaugeDecreaseSpeed,2800
3300_00,Numeric,BlastStock,6
3300_00,Numeric,AttackChargeSpeedsBySmashLevel[0],3
3300_00,Numeric,AttackChargeSpeedsBySmashLevel[1],5.4
3300_00,Numeric,AttackChargeSpeedsBySmashLevel[2],7.5
3300_00,Numeric,PursuitBaseLimit,2
3300_00,Numeric,PursuitLimitDragonHoming,0
3300_00,Numeric,PursuitLimitVanishingAttack,0
3300_00,Numeric,PursuitBaseLimitAddAtSparking,2
3300_00,Numeric,PursuitLimitDragonHomingAddAtSparking,0
3300_00,Numeric,PursuitLimitVanishingAttackAddAtSparking,0
3300_00,Numeric,PursuitLimitLightningAttackAddAtSparking,0
3300_00,Numeric,IdealPositionMidAirKick,68
3300_00,Numeric,ReactionSplitHighBorder,0.7
3300_00,Numeric,ReactionSplitMidBorder,0.35
3300_00,Numeric,ReactionSplitLowBorder,0.175
3300_00,Numeric,BulletNum,5
3300_00,Numeric,JumpBulletNum,3
3300_00,Numeric,JumpBulletSetNum,1
3300_00,Numeric,DashBulletNum,3
3300_00,Numeric,RushBulletLimit,5
3300_00,Numeric,SmashBulletLimit,1
3300_00,Numeric,RepelSkillGaugeGainRate,1.6
3300_00,Numeric,AttackBreakSkillGaugeGain,0.15
3300_00,Numeric,FastAvoidSkillGaugeGain,0.05
3300_00,Numeric,ThrowBreakSkillGaugeGain,0.1
3300_00,Numeric,BackAttackedSkillGaugeGain,0.03
3300_00,Numeric,LastOneHPSkillGaugeGain,1
3300_00,Numeric,ImpactStartSkillGaugeGain,1
3300_00,Numeric,RushOffsetSkillGaugeGain,0.05
3300_00,Numeric,CollisionOffsetSkillGaugeGain,0.5
3300_00,Numeric,DragonHomingChangeTrajectorySkillGaugeGain,0.1
3300_00,Numeric,BurstSmashGaugeGain,0.1
3300_00,Steps,StepShortDash.AddToSpeedScale,60000
3300_00,Steps,StepShortDash.MaxAcceleration,60000
3300_00,Steps,StepShortDash.BrakingDeceleration,30000
3300_00,Steps,StepShortDash.ElapsedTimeToOT,0.033333
3300_00,Steps,StepShortDash.Duration,0.333333
3300_00,Steps,StepShortDash.CoolTime,0.05
3300_00,Steps,StepShortDash.bIsStopClearSpeed,true
3300_00,Steps,StepShortDash.StopBrakingDeceleration,10000000
3300_00,Steps,StepShortDash.SpCost,1590
3300_00,Steps,StepCancelShortDash.AddToSpeedScale,60000
3300_00,Steps,StepCancelShortDash.MaxAcceleration,60000
3300_00,Steps,StepCancelShortDash.BrakingDeceleration,30000
3300_00,Steps,StepCancelShortDash.ElapsedTimeToOT,0.033333
3300_00,Steps,StepCancelShortDash.Duration,0.333333
3300_00,Steps,StepCancelShortDash.CoolTime,0.416667
3300_00,Steps,StepCancelShortDash.bIsStopClearSpeed,true
3300_00,Steps,StepCancelShortDash.StopBrakingDeceleration,10000000
3300_00,Steps,StepCancelShortDash.SpCost,795
3300_00,DragonDash,SpCostIN,500
3300_00,DragonDash,SpCostLP,3920
3300_00,DragonDash,SpCostBK,5200
3300_00,DragonDash,HighSpeedSpCostLP,4900
3300_00,ZBurstDash,SpCostIN,10000
3300_00,ZBurstDash,SpCostLP,11000
3300_00,ZBurstDash,BurstSmashSpCostLP,3500
3300_00,DashUpDown,SpCostUpIN,1000
3300_00,DashUpDown,SpCostUpLP,7840
3300_00,DashUpDown,SpCostDownIN,1000
3300_00,DashUpDown,SpCostDownLP,7840
3300_00,DragonHoming,SpCostIN,250
3300_00,DragonHoming,SpCostLP,3500
3310_00,Character,DestroyedPower,3
3310_00,Character,AbilityFlag.SparkingArmor,false
3310_00,Character,AbilityFlag.AutoReflect,false
3310_00,Character,AbilityFlag.bCanHighSpeedMove,false
3310_00,Character,AbilityFlag.bCanSuperHighSpeedMove,false
3310_00,Character,ActionFlag.DragonTornado,true
3310_00,Character,ActionFlag.HeavyCrash,true
3310_00,Character,ActionFlag.PowerPress,true
3310_00,Character,ChaseChangeBlastSlot,EKoratBlastSlotType::BlastSkill1
3310_00,Numeric,Life,40000
3310_00,Numeric,SPAutoRecoverySpeed,1750
3310_00,Numeric,SPAutoRecoverySpeedScaleUnderOneGauge,1.3
3310_00,Numeric,SPChargeSpeed,7
3310_00,Numeric,SPChargeSpeedUnderAutoRecoveryLimit,10.5
3310_00,Numeric,SparkingModeGaugeDecreaseSpeed,2800
3310_00,Numeric,AttackChargeSpeedsBySmashLevel[0],3
3310_00,Numeric,AttackChargeSpeedsBySmashLevel[1],5.4
3310_00,Numeric,AttackChargeSpeedsBySmashLevel[2],7.5
3310_00,Numeric,PursuitBaseLimit,2
3310_00,Numeric,PursuitLimitDragonHoming,0
3310_00,Numeric,PursuitLimitVanishingAttack,0
3310_00,Numeric,PursuitBaseLimitAddAtSparking,2
3310_00,Numeric,PursuitLimitDragonHomingAddAtSparking,0
3310_00,Numeric,PursuitLimitVanishingAttackAddAtSparking,0
3310_00,Numeric,PursuitLimitLightningAttackAddAtSparking,0
3310_00,Numeric,IdealPositionMidAirKick,86
3310_00,Numeric,ReactionSplitHighBorder,0.6
3310_00,Numeric,ReactionSplitMidBorder,0.4
3310_00,Numeric,ReactionSplitLowBorder,0.2
3310_00,Numeric,BulletNum,5
3310_00,Numeric,JumpBulletNum,3
3310_00,Numeric,JumpBulletSetNum,1
3310_00,Numeric,DashBulletNum,3
3310_00,Numeric,RushBulletLimit,5
3310_00,Numeric,SmashBulletLimit,1
3310_00,Numeric,RepelSkillGaugeGainRate,1.1
3310_00,Numeric,AttackBreakSkillGaugeGain,0.15
3310_00,Numeric,FastAvoidSkillGaugeGain,0.05
3310_00,Numeric,ThrowBreakSkillGaugeGain,0.1
3310_00,Numeric,BackAttackedSkillGaugeGain,0.03
3310_00,Numeric,LastOneHPSkillGaugeGain,1
3310_00,Numeric,ImpactStartSkillGaugeGain,1
3310_00,Numeric,RushOffsetSkillGaugeGain,0.05
3310_00,Numeric,CollisionOffsetSkillGaugeGain,0.5
3310_00,Numeric,DragonHomingChangeTrajectorySkillGaugeGain,0.1
3310_00,Numeric,BurstSmashGaugeGain,0.1
3310_00,Numeric,ExParam,20
3310_00,Steps,StepShortDash.AddToSpeedScale,60000
3310_00,Steps,StepShortDash.MaxAcceleration,60000
3310_00,Steps,StepShortDash.BrakingDeceleration,30000
3310_00,Steps,StepShortDash.ElapsedTimeToOT,0.033333
3310_00,Steps,StepShortDash.Duration,0.333333
3310_00,Steps,StepShortDash.CoolTime,0.05
3310_00,Steps,StepShortDash.bIsStopClearSpeed,true
3310_00,Steps,StepShortDash.StopBrakingDeceleration,10000000
3310_00,Steps,StepShortDash.SpCost,2650
3310_00,Steps,StepCancelShortDash.AddToSpeedScale,60000
3310_00,Steps,StepCancelShortDash.MaxAcceleration,60000
3310_00,Steps,StepCancelShortDash.BrakingDeceleration,30000
3310_00,Steps,StepCancelShortDash.ElapsedTimeToOT,0.033333
3310_00,Steps,StepCancelShortDash.Duration,0.333333
3310_00,Steps,StepCancelShortDash.CoolTime,0.416667
3310_00,Steps,StepCancelShortDash.bIsStopClearSpeed,true
3310_00,Steps,StepCancelShortDash.StopBrakingDeceleration,10000000
3310_00,Steps,StepCancelShortDash.SpCost,1325
3310_00,DragonDash,SpCostIN,500
3310_00,DragonDash,SpCostLP,3920
3310_00,DragonDash,SpCostBK,5200
3310_00,DragonDash,HighSpeedSpCostLP,4900
3310_00,ZBurstDash,SpCostIN,10000
3310_00,ZBurstDash,SpCostLP,11000
3310_00,ZBurstDash,BurstSmashSpCostLP,3500
3310_00,DashUpDown,SpCostUpIN,1000
3310_00,DashUpDown,SpCostUpLP,7840
3310_00,DashUpDown,SpCostDownIN,1000
3310_00,DashUpDown,SpCostDownLP,7840
3310_00,DragonHoming,SpCostIN,250
3310_00,DragonHoming,SpCostLP,3500
3310_10,Character,DestroyedPower,4
3310_10,Character,AbilityFlag.HyperArmor,true
3310_10,Character,AbilityFlag.bCannotCrashImpact,true
3310_10,Character,AbilityFlag.bCanHighSpeedMove,false
3310_10,Character,AbilityFlag.bCanSuperHighSpeedMove,false
3310_10,Character,ActionFlag.LiftStrike,true
3310_10,Character,ActionFlag.GrandSlash,true
3310_10,Character,ActionFlag.LightningAttack,true
3310_10,Character,ActionFlag.DragonTornado,true
3310_10,Character,ActionFlag.CannonCombo,true
3310_10,Character,ActionFlag.SpiralSlash,true
3310_10,Character,ActionFlag.RollingHurricane,true
3310_10,Character,ActionFlag.EnergyStorm,true
3310_10,Character,ActionFlag.TriAttack,true
3310_10,Character,ActionFlag.AirRush,true
3310_10,Character,ActionFlag.SparkingRush,true
3310_10,Character,ActionFlag.SuperZCounter,true
3310_10,Character,ChaseChangeBlastSlot,EKoratBlastSlotType::BlastSkill1
3310_10,Numeric,Life,45000
3310_10,Numeric,DamageRate,0.95
3310_10,Numeric,SPAutoRecoverySpeed,1500
3310_10,Numeric,SPAutoRecoverySpeedScaleUnderOneGauge,1.3
3310_10,Numeric,SPChargeSpeed,8
3310_10,Numeric,SPChargeSpeedUnderAutoRecoveryLimit,10.5
3310_10,Numeric,SparkingModeGaugeDecreaseSpeed,2800
3310_10,Numeric,GuardCrashedByCombativesBlastSpDamageRate,0
3310_10,Numeric,AttackChargeSpeedsBySmashLevel[0],3
3310_10,Numeric,AttackChargeSpeedsBySmashLevel[1],5.4
3310_10,Numeric,AttackChargeSpeedsBySmashLevel[2],7.5
3310_10,Numeric,PursuitBaseLimit,1
3310_10,Numeric,PursuitLimitDragonHoming,0
3310_10,Numeric,PursuitLimitVanishingAttack,0
3310_10,Numeric,PursuitLimitLightningAttack,0
3310_10,Numeric,PursuitBaseLimitAddAtSparking,1
3310_10,Numeric,PursuitLimitDragonHomingAddAtSparking,0
3310_10,Numeric,PursuitLimitVanishingAttackAddAtSparking,0
3310_10,Numeric,PursuitLimitLightningAttackAddAtSparking,0
3310_10,Numeric,ReactionSplitHighBorder,0.6
3310_10,Numeric,ReactionSplitMidBorder,0.4
3310_10,Numeric,ReactionSplitLowBorder,0.2
3310_10,Numeric,BulletNum,3
3310_10,Numeric,JumpBulletNum,3
3310_10,Numeric,JumpBulletSetNum,1
3310_10,Numeric,DashBulletNum,3
3310_10,Numeric,RushBulletLimit,3
3310_10,Numeric,SmashBulletLimit,1
3310_10,Numeric,RepelSkillGaugeGainRate,1.1
3310_10,Numeric,AttackBreakSkillGaugeGain,0.15
3310_10,Numeric,FastAvoidSkillGaugeGain,0.05
3310_10,Numeric,ThrowBreakSkillGaugeGain,0.1
3310_10,Numeric,BackAttackedSkillGaugeGain,0.03
3310_10,Numeric,LastOneHPSkillGaugeGain,1
3310_10,Numeric,ImpactStartSkillGaugeGain,1
3310_10,Numeric,RushOffsetSkillGaugeGain,0.05
3310_10,Numeric,CollisionOffsetSkillGaugeGain,0.5
3310_10,Numeric,DragonHomingChangeTrajectorySkillGaugeGain,0.1
3310_10,Numeric,BurstSmashGaugeGain,0.1
3310_10,Numeric,ExParam,20
3310_10,Steps,StepShortDash.AddToSpeedScale,60000
3310_10,Steps,StepShortDash.MaxAcceleration,60000
3310_10,Steps,StepShortDash.BrakingDeceleration,30000
3310_10,Steps,StepShortDash.ElapsedTimeToOT,0.033333
3310_10,Steps,StepShortDash.Duration,0.333333
3310_10,Steps,StepShortDash.CoolTime,0.05
3310_10,Steps,StepShortDash.bIsStopClearSpeed,true
3310_10,Steps,StepShortDash.StopBrakingDeceleration,10000000
3310_10,Steps,StepShortDash.SpCost,5150
3310_10,Steps,StepCancelShortDash.AddToSpeedScale,60000
3310_10,Steps,StepCancelShortDash.MaxAcceleration,60000
3310_10,Steps,StepCancelShortDash.BrakingDeceleration,30000
3310_10,Steps,StepCancelShortDash.ElapsedTimeToOT,0.033333
3310_10,Steps,StepCancelShortDash.Duration,0.333333
3310_10,Steps,StepCancelShortDash.CoolTime,0.416667
3310_10,Steps,StepCancelShortDash.bIsStopClearSpeed,true
3310_10,Steps,StepCancelShortDash.StopBrakingDeceleration,10000000
3310_10,Steps,StepCancelShortDash.SpCost,2575
3310_10,DragonDash,SpCostIN,500
3310_10,DragonDash,SpCostLP,3920
3310_10,DragonDash,SpCostBK,5200
3310_10,DragonDash,HighSpeedSpCostLP,4900
3310_10,ZBurstDash,SpCostIN,20000
3310_10,ZBurstDash,BurstSmashSpCostLP,3500
3310_10,DashUpDown,SpCostUpIN,1000
3310_10,DashUpDown,SpCostUpLP,7840
3310_10,DashUpDown,SpCostDownIN,1000
3310_10,DashUpDown,SpCostDownLP,7840
3310_10,DragonHoming,SpCostIN,250
3310_10,DragonHoming,SpCostLP,3500
3320_00,Character,DestroyedPower,3
3320_00,Character,AbilityFlag.SparkingArmor,false
3320_00,Character,AbilityFlag.AutoReflect,false
3320_00,Character,AbilityFlag.bCanHighSpeedMove,false
3320_00,Character,AbilityFlag.bCanSuperHighSpeedMove,false
3320_00,Character,ActionFlag.DragonTornado,true
3320_00,Character,ActionFlag.PowerPress,true
3320_00,Character,ActionFlag.TriAttack,true
3320_00,Character,ActionFlag.DeltaStorm,true
3320_00,Character,ChaseChangeBlastSlot,EKoratBlastSlotType::BlastSkill1
3320_00,Numeric,Life,40000
3320_00,Numeric,SPAutoRecoverySpeed,1750
3320_00,Numeric,SPAutoRecoverySpeedScaleUnderOneGauge,1.3
3320_00,Numeric,SPChargeSpeed,7
3320_00,Numeric,SPChargeSpeedUnderAutoRecoveryLimit,10.5
3320_00,Numeric,SparkingModeGaugeDecreaseSpeed,2800
3320_00,Numeric,BlastStock,4
3320_00,Numeric,AttackChargeSpeedsBySmashLevel[0],3
3320_00,Numeric,AttackChargeSpeedsBySmashLevel[1],5.4
3320_00,Numeric,AttackChargeSpeedsBySmashLevel[2],7.5
3320_00,Numeric,PursuitBaseLimit,2
3320_00,Numeric,PursuitLimitDragonHoming,0
3320_00,Numeric,PursuitLimitVanishingAttack,0
3320_00,Numeric,PursuitBaseLimitAddAtSparking,2
3320_00,Numeric,PursuitLimitDragonHomingAddAtSparking,0
3320_00,Numeric,PursuitLimitVanishingAttackAddAtSparking,0
3320_00,Numeric,PursuitLimitLightningAttackAddAtSparking,0
3320_00,Numeric,IdealPositionMidAirKick,72
3320_00,Numeric,ReactionSplitHighBorder,0.7
3320_00,Numeric,ReactionSplitMidBorder,0.35
3320_00,Numeric,ReactionSplitLowBorder,0.175
3320_00,Numeric,BulletNum,5
3320_00,Numeric,JumpBulletSetNum,1
3320_00,Numeric,DashBulletNum,3
3320_00,Numeric,RushBulletLimit,5
3320_00,Numeric,SmashBulletLimit,1
3320_00,Numeric,RepelSkillGaugeGainRate,1.6
3320_00,Numeric,AttackBreakSkillGaugeGain,0.15
3320_00,Numeric,FastAvoidSkillGaugeGain,0.05
3320_00,Numeric,ThrowBreakSkillGaugeGain,0.1
3320_00,Numeric,BackAttackedSkillGaugeGain,0.03
3320_00,Numeric,LastOneHPSkillGaugeGain,1
3320_00,Numeric,ImpactStartSkillGaugeGain,1
3320_00,Numeric,RushOffsetSkillGaugeGain,0.05
3320_00,Numeric,CollisionOffsetSkillGaugeGain,0.5
3320_00,Numeric,DragonHomingChangeTrajectorySkillGaugeGain,0.1
3320_00,Numeric,BurstSmashGaugeGain,0.1
3320_00,Numeric,ExParam,4
3320_00,Numeric,ForceBlastEraseBlastGroups[0],GR0000_00B1
3320_00,Steps,StepShortDash.AddToSpeedScale,60000
3320_00,Steps,StepShortDash.MaxAcceleration,60000
3320_00,Steps,StepShortDash.BrakingDeceleration,30000
3320_00,Steps,StepShortDash.ElapsedTimeToOT,0.033333
3320_00,Steps,StepShortDash.Duration,0.333333
3320_00,Steps,StepShortDash.CoolTime,0.05
3320_00,Steps,StepShortDash.bIsStopClearSpeed,true
3320_00,Steps,StepShortDash.StopBrakingDeceleration,10000000
3320_00,Steps,StepShortDash.SpCost,2650
3320_00,Steps,StepCancelShortDash.AddToSpeedScale,60000
3320_00,Steps,StepCancelShortDash.MaxAcceleration,60000
3320_00,Steps,StepCancelShortDash.BrakingDeceleration,30000
3320_00,Steps,StepCancelShortDash.ElapsedTimeToOT,0.033333
3320_00,Steps,StepCancelShortDash.Duration,0.333333
3320_00,Steps,StepCancelShortDash.CoolTime,0.416667
3320_00,Steps,StepCancelShortDash.bIsStopClearSpeed,true
3320_00,Steps,StepCancelShortDash.StopBrakingDeceleration,10000000
3320_00,Steps,StepCancelShortDash.SpCost,1325
3320_00,DragonDash,SpCostIN,500
3320_00,DragonDash,SpCostLP,3920
3320_00,DragonDash,SpCostBK,5200
3320_00,DragonDash,HighSpeedSpCostLP,4900
3320_00,ZBurstDash,SpCostIN,10000
3320_00,ZBurstDash,SpCostLP,11000
3320_00,ZBurstDash,BurstSmashSpCostLP,3500
3320_00,DashUpDown,SpCostUpIN,1000
3320_00,DashUpDown,SpCostUpLP,7840
3320_00,DashUpDown,SpCostDownIN,1000
3320_00,DashUpDown,SpCostDownLP,7840
3320_00,DragonHoming,SpCostIN,250
3320_00,DragonHoming,SpCostLP,3500
3330_00,Character,DestroyedPower,2
3330_00,Character,AbilityFlag.SparkingArmor,false
3330_00,Character,AbilityFlag.AutoReflect,false
3330_00,Character,AbilityFlag.CannotShoot,true
3330_00,Character,AbilityFlag.CannotShootReplaceAction,actHFN
3330_00,Character,AbilityFlag.bCanFly,false
3330_00,Character,AbilityFlag.bCanHighSpeedMove,false
3330_00,Character,AbilityFlag.bCanSuperHighSpeedMove,false
3330_00,Character,ActionFlag.HeavyCrash,true
3330_00,Character,ActionFlag.DawnThrow,true
3330_00,Character,ActionFlag.PowerPress,true
3330_00,Character,ActionFlag.AirRush,true
3330_00,Character,ChaseChangeBlastSlot,EKoratBlastSlotType::BlastSkill2
3330_00,Numeric,Life,35000
3330_00,Numeric,DamageRate,1.1
3330_00,Numeric,SPAutoRecoverySpeed,1750
3330_00,Numeric,SPAutoRecoverySpeedScaleUnderOneGauge,1.3
3330_00,Numeric,SPChargeSpeed,7
3330_00,Numeric,SPChargeSpeedUnderAutoRecoveryLimit,10.5
3330_00,Numeric,SparkingModeGaugeDecreaseSpeed,2800
3330_00,Numeric,BlastStock,4
3330_00,Numeric,InitialBlastStock,2
3330_00,Numeric,AttackChargeSpeedsBySmashLevel[0],3
3330_00,Numeric,AttackChargeSpeedsBySmashLevel[1],5.4
3330_00,Numeric,AttackChargeSpeedsBySmashLevel[2],7.5
3330_00,Numeric,PursuitBaseLimit,2
3330_00,Numeric,PursuitLimitDragonHoming,0
3330_00,Numeric,PursuitLimitVanishingAttack,0
3330_00,Numeric,PursuitBaseLimitAddAtSparking,4
3330_00,Numeric,PursuitLimitDragonHomingAddAtSparking,0
3330_00,Numeric,PursuitLimitVanishingAttackAddAtSparking,0
3330_00,Numeric,PursuitLimitLightningAttackAddAtSparking,0
3330_00,Numeric,IdealPositionMidAirKick,64
3330_00,Numeric,ReactionSplitHighBorder,0.6
3330_00,Numeric,ReactionSplitMidBorder,0.4
3330_00,Numeric,ReactionSplitLowBorder,0.2
3330_00,Numeric,BulletNum,0
3330_00,Numeric,JumpBulletNum,0
3330_00,Numeric,JumpBulletSetNum,1
3330_00,Numeric,DashBulletNum,0
3330_00,Numeric,RushBulletLimit,0
3330_00,Numeric,SmashBulletLimit,1
3330_00,Numeric,RepelSkillGaugeGainRate,1.6
3330_00,Numeric,AttackBreakSkillGaugeGain,0.15
3330_00,Numeric,FastAvoidSkillGaugeGain,0.05
3330_00,Numeric,ThrowBreakSkillGaugeGain,0.1
3330_00,Numeric,BackAttackedSkillGaugeGain,0.03
3330_00,Numeric,LastOneHPSkillGaugeGain,1
3330_00,Numeric,ImpactStartSkillGaugeGain,1
3330_00,Numeric,RushOffsetSkillGaugeGain,0.05
3330_00,Numeric,CollisionOffsetSkillGaugeGain,0.5
3330_00,Numeric,DragonHomingChangeTrajectorySkillGaugeGain,0.1
3330_00,Numeric,BurstSmashGaugeGain,0.1
3330_00,Steps,StepShortDash.AddToSpeedScale,60000
3330_00,Steps,StepShortDash.MaxAcceleration,60000
3330_00,Steps,StepShortDash.BrakingDeceleration,30000
3330_00,Steps,StepShortDash.ElapsedTimeToOT,0.033333
3330_00,Steps,StepShortDash.Duration,0.333333
3330_00,Steps,StepShortDash.CoolTime,0.05
3330_00,Steps,StepShortDash.bIsStopClearSpeed,true
3330_00,Steps,StepShortDash.StopBrakingDeceleration,10000000
3330_00,Steps,StepShortDash.SpCost,2650
3330_00,Steps,StepCancelShortDash.AddToSpeedScale,60000
3330_00,Steps,StepCancelShortDash.MaxAcceleration,60000
3330_00,Steps,StepCancelShortDash.BrakingDeceleration,30000
3330_00,Steps,StepCancelShortDash.ElapsedTimeToOT,0.033333
3330_00,Steps,StepCancelShortDash.Duration,0.333333
3330_00,Steps,StepCancelShortDash.CoolTime,0.416667
3330_00,Steps,StepCancelShortDash.bIsStopClearSpeed,true
3330_00,Steps,StepCancelShortDash.StopBrakingDeceleration,10000000
3330_00,Steps,StepCancelShortDash.SpCost,1325
3330_00,DragonDash,SpCostIN,500
3330_00,DragonDash,SpCostLP,3920
3330_00,DragonDash,SpCostBK,5200
3330_00,DragonDash,HighSpeedSpCostLP,4900
3330_00,ZBurstDash,SpCostIN,10000
3330_00,ZBurstDash,SpCostLP,11000
3330_00,ZBurstDash,BurstSmashSpCostLP,3500
3330_00,DashUpDown,SpCostUpIN,1000
3330_00,DashUpDown,SpCostUpLP,7840
3330_00,DashUpDown,SpCostDownIN,1000
3330_00,DashUpDown,SpCostDownLP,7840
3330_00,DragonHoming,SpCostIN,250
3330_00,DragonHoming,SpCostLP,3500
3350_00,Character,DestroyedPower,3
3350_00,Character,AbilityFlag.SparkingArmor,false
3350_00,Character,AbilityFlag.AutoReflect,false
3350_00,Character,AbilityFlag.bCanHighSpeedMove,false
3350_00,Character,AbilityFlag.bCanSuperHighSpeedMove,false
3350_00,Character,ActionFlag.PowerPress,true
3350_00,Character,ActionFlag.TriAttack,true
3350_00,Character,ActionFlag.AirRush,true
3350_00,Character,ChaseChangeBlastSlot,EKoratBlastSlotType::BlastSkill1
3350_00,Character,HPTriggerBuff[0].TriggerHP,10000
3350_00,Numeric,Life,40000
3350_00,Numeric,SPAutoRecoverySpeed,1750
3350_00,Numeric,SPAutoRecoverySpeedScaleUnderOneGauge,1.3
3350_00,Numeric,SPChargeSpeed,7
3350_00,Numeric,SPChargeSpeedUnderAutoRecoveryLimit,10.5
3350_00,Numeric,SparkingModeGaugeDecreaseSpeed,2800
3350_00,Numeric,AttackChargeSpeedsBySmashLevel[0],3
3350_00,Numeric,AttackChargeSpeedsBySmashLevel[1],5.4
3350_00,Numeric,AttackChargeSpeedsBySmashLevel[2],7.5
3350_00,Numeric,PursuitBaseLimit,2
3350_00,Numeric,PursuitLimitDragonHoming,0
3350_00,Numeric,PursuitLimitVanishingAttack,0
3350_00,Numeric,PursuitBaseLimitAddAtSparking,2
3350_00,Numeric,PursuitLimitDragonHomingAddAtSparking,0
3350_00,Numeric,PursuitLimitVanishingAttackAddAtSparking,0
3350_00,Numeric,PursuitLimitLightningAttackAddAtSparking,0
3350_00,Numeric,IdealPositionMidAirKick,68
3350_00,Numeric,ReactionSplitHighBorder,0.7
3350_00,Numeric,ReactionSplitMidBorder,0.35
3350_00,Numeric,ReactionSplitLowBorder,0.175
3350_00,Numeric,BulletNum,7
3350_00,Numeric,JumpBulletNum,6
3350_00,Numeric,JumpBulletSetNum,1
3350_00,Numeric,RushBulletLimit,7
3350_00,Numeric,SmashBulletLimit,1
3350_00,Numeric,RepelSkillGaugeGainRate,1.1
3350_00,Numeric,AttackBreakSkillGaugeGain,0.15
3350_00,Numeric,FastAvoidSkillGaugeGain,0.05
3350_00,Numeric,ThrowBreakSkillGaugeGain,0.1
3350_00,Numeric,BackAttackedSkillGaugeGain,0.03
3350_00,Numeric,LastOneHPSkillGaugeGain,1
3350_00,Numeric,ImpactStartSkillGaugeGain,1
3350_00,Numeric,RushOffsetSkillGaugeGain,0.05
3350_00,Numeric,CollisionOffsetSkillGaugeGain,0.5
3350_00,Numeric,DragonHomingChangeTrajectorySkillGaugeGain,0.1
3350_00,Numeric,BurstSmashGaugeGain,0.1
3350_00,Numeric,ExParam,7
3350_00,Steps,StepShortDash.AddToSpeedScale,60000
3350_00,Steps,StepShortDash.MaxAcceleration,60000
3350_00,Steps,StepShortDash.BrakingDeceleration,30000
3350_00,Steps,StepShortDash.ElapsedTimeToOT,0.033333
3350_00,Steps,StepShortDash.Duration,0.333333
3350_00,Steps,StepShortDash.CoolTime,0.05
3350_00,Steps,StepShortDash.bIsStopClearSpeed,true
3350_00,Steps,StepShortDash.StopBrakingDeceleration,10000000
3350_00,Steps,StepShortDash.SpCost,2650
3350_00,Steps,StepCancelShortDash.AddToSpeedScale,60000
3350_00,Steps,StepCancelShortDash.MaxAcceleration,60000
3350_00,Steps,StepCancelShortDash.BrakingDeceleration,30000
3350_00,Steps,StepCancelShortDash.ElapsedTimeToOT,0.033333
3350_00,Steps,StepCancelShortDash.Duration,0.333333
3350_00,Steps,StepCancelShortDash.CoolTime,0.416667
3350_00,Steps,StepCancelShortDash.bIsStopClearSpeed,true
3350_00,Steps,StepCancelShortDash.StopBrakingDeceleration,10000000
3350_00,Steps,StepCancelShortDash.SpCost,1325
3350_00,DragonDash,SpCostIN,500
3350_00,DragonDash,SpCostLP,3920
3350_00,DragonDash,SpCostBK,5200
3350_00,DragonDash,HighSpeedSpCostLP,4900
3350_00,ZBurstDash,SpCostIN,10000
3350_00,ZBurstDash,SpCostLP,11000
3350_00,ZBurstDash,BurstSmashSpCostLP,3500
3350_00,DashUpDown,SpCostUpIN,1000
3350_00,DashUpDown,SpCostUpLP,7840
3350_00,DashUpDown,SpCostDownIN,1000
3350_00,DashUpDown,SpCostDownLP,7840
3350_00,DragonHoming,SpCostIN,250
3350_00,DragonHoming,SpCostLP,3500
3360_00,Character,AbilityFlag.SparkingArmor,false
3360_00,Character,AbilityFlag.AutoReflect,false
3360_00,Character,AbilityFlag.bCanHighSpeedMove,false
3360_00,Character,AbilityFlag.bCanSuperHighSpeedMove,false
3360_00,Character,ActionFlag.HeavyCrash,true
3360_00,Character,ActionFlag.PowerPress,true
3360_00,Character,ActionFlag.AirRush,true
3360_00,Character,ChaseChangeBlastSlot,EKoratBlastSlotType::BlastSkill2
3360_00,Numeric,Life,40000
3360_00,Numeric,DamageRate,1.1
3360_00,Numeric,InitialSP,10000
3360_00,Numeric,SPAutoRecoverySpeed,1750
3360_00,Numeric,SPAutoRecoverySpeedScaleUnderOneGauge,1.3
3360_00,Numeric,SPChargeSpeed,7
3360_00,Numeric,SPChargeSpeedUnderAutoRecoveryLimit,10.5
3360_00,Numeric,SparkingModeGaugeDecreaseSpeed,2800
3360_00,Numeric,BlastStock,6
3360_00,Numeric,AttackChargeSpeedsBySmashLevel[0],3
3360_00,Numeric,AttackChargeSpeedsBySmashLevel[1],5.4
3360_00,Numeric,AttackChargeSpeedsBySmashLevel[2],7.5
3360_00,Numeric,PursuitBaseLimit,2
3360_00,Numeric,PursuitLimitDragonHoming,0
3360_00,Numeric,PursuitLimitVanishingAttack,0
3360_00,Numeric,PursuitBaseLimitAddAtSparking,2
3360_00,Numeric,PursuitLimitDragonHomingAddAtSparking,0
3360_00,Numeric,PursuitLimitVanishingAttackAddAtSparking,0
3360_00,Numeric,PursuitLimitLightningAttackAddAtSparking,0
3360_00,Numeric,IdealPositionMidAirKick,62
3360_00,Numeric,ReactionSplitHighBorder,0.6
3360_00,Numeric,ReactionSplitMidBorder,0.4
3360_00,Numeric,ReactionSplitLowBorder,0.2
3360_00,Numeric,JumpBulletNum,8
3360_00,Numeric,JumpBulletSetNum,1
3360_00,Numeric,DashBulletNum,8
3360_00,Numeric,RushBulletLimit,10
3360_00,Numeric,SmashBulletLimit,1
3360_00,Numeric,AttackBreakSkillGaugeGain,0.15
3360_00,Numeric,FastAvoidSkillGaugeGain,0.05
3360_00,Numeric,ThrowBreakSkillGaugeGain,0.1
3360_00,Numeric,BackAttackedSkillGaugeGain,0.03
3360_00,Numeric,LastOneHPSkillGaugeGain,1
3360_00,Numeric,ImpactStartSkillGaugeGain,1
3360_00,Numeric,RushOffsetSkillGaugeGain,0.05
3360_00,Numeric,CollisionOffsetSkillGaugeGain,0.5
3360_00,Numeric,DragonHomingChangeTrajectorySkillGaugeGain,0.1
3360_00,Numeric,BurstSmashGaugeGain,0.1
3360_00,Numeric,ExParam,16
3360_00,Steps,StepShortDash.AddToSpeedScale,60000
3360_00,Steps,StepShortDash.MaxAcceleration,60000
3360_00,Steps,StepShortDash.BrakingDeceleration,30000
3360_00,Steps,StepShortDash.ElapsedTimeToOT,0.033333
3360_00,Steps,StepShortDash.Duration,0.333333
3360_00,Steps,StepShortDash.CoolTime,0.05
3360_00,Steps,StepShortDash.bIsStopClearSpeed,true
3360_00,Steps,StepShortDash.StopBrakingDeceleration,10000000
3360_00,Steps,StepShortDash.SpCost,2650
3360_00,Steps,StepCancelShortDash.AddToSpeedScale,60000
3360_00,Steps,StepCancelShortDash.MaxAcceleration,60000
3360_00,Steps,StepCancelShortDash.BrakingDeceleration,30000
3360_00,Steps,StepCancelShortDash.ElapsedTimeToOT,0.033333
3360_00,Steps,StepCancelShortDash.Duration,0.333333
3360_00,Steps,StepCancelShortDash.CoolTime,0.416667
3360_00,Steps,StepCancelShortDash.bIsStopClearSpeed,true
3360_00,Steps,StepCancelShortDash.StopBrakingDeceleration,10000000
3360_00,Steps,StepCancelShortDash.SpCost,1325
3360_00,DragonDash,SpCostIN,500
3360_00,DragonDash,SpCostLP,3920
3360_00,DragonDash,SpCostBK,5200
3360_00,DragonDash,HighSpeedSpCostLP,4900
3360_00,ZBurstDash,SpCostIN,10000
3360_00,ZBurstDash,SpCostLP,11000
3360_00,ZBurstDash,BurstSmashSpCostLP,3500
3360_00,DashUpDown,SpCostUpIN,1000
3360_00,DashUpDown,SpCostUpLP,7840
3360_00,DashUpDown,SpCostDownIN,1000
3360_00,DashUpDown,SpCostDownLP,7840
3360_00,DragonHoming,SpCostIN,250
3360_00,DragonHoming,SpCostLP,3500
