file,field,value
Combatives_0000_00_07_actULT2HI,Power,0
Combatives_0000_00_07_actULT2HI,ArmorBreakLevel,ブラスト
Combatives_0000_00_07_actULT2HI,bReduceZSearchAfterHit,true
Combatives_0000_00_07_actULT2HI,ReduceZSearchEffectTime,0.9
Combatives_0000_00_07_actULT2HI,bDamageCostumeEnable,true
Combatives_0000_00_07_actULT2HI,bDamageCostumeWreck,true
Combatives_0000_00_07_actULT2HI,bScratchCostumeEnable,true
Combatives_0000_00_actDTWFT,Power,0
Combatives_0000_00_actDTWFT,ArmorBreakLevel,投げ系
Combatives_0000_00_actDTWFT,bScratchCostumeEnable,true
Combatives_0000_00_actSPM2_ADMHI,Power,0
Combatives_0000_00_actSPM2_ADMHI,ArmorBreakLevel,ブラスト
Combatives_0000_00_actTRWFT,Power,0
Combatives_0000_00_actTRWFT,ArmorBreakLevel,投げ系
Combatives_0000_00_actTRWFT,bScratchCostumeEnable,true
Combatives_0000_00_actTRWR,Power,0
Combatives_0000_00_actULTHI,Power,0
Combatives_0000_00_actULTHI,ArmorBreakLevel,ブラスト
Combatives_0000_00_actULTHI,bReduceZSearchAfterHit,true
Combatives_0000_00_actULTHI,ReduceZSearchEffectTime,0.9
Combatives_0000_00_actULTHI,bDamageCostumeEnable,true
Combatives_0000_00_actULTHI,bDamageCostumeWreck,true
Combatives_0000_00_actULTHI,bScratchCostumeEnable,true
Combatives_0000_10_actDTWFT,Power,0
Combatives_0000_10_actDTWFT,ArmorBreakLevel,投げ系
Combatives_0000_10_actDTWFT,bScratchCostumeEnable,true
Combatives_0000_10_actEXA1,Power,0
Combatives_0000_10_actEXA1,bBuffAvoidable,true
Combatives_0000_10_actSPM2_ADMHI,Power,0
Combatives_0000_10_actSPM2_ADMHI,ArmorBreakLevel,ブラスト
Combatives_0000_10_actSPM2_ADMHI,bDamageCostumeEnable,true
Combatives_0000_10_actSPM2_ADMHI,bScratchCostumeEnable,true
Combatives_0000_10_actTRWFT,Power,0
Combatives_0000_10_actTRWFT,ArmorBreakLevel,投げ系
Combatives_0000_10_actTRWFT,bScratchCostumeEnable,true
Combatives_0000_10_actTRWR,Power,0
Combatives_0000_10_actULTHI,Power,0
Combatives_0000_10_actULTHI,ArmorBreakLevel,ブラスト
Combatives_0000_10_actULTHI,bReduceZSearchAfterHit,true
Combatives_0000_10_actULTHI,ReduceZSearchEffectTime,0.9
Combatives_0000_10_actULTHI,bDamageCostumeEnable,true
Combatives_0000_10_actULTHI,bDamageCostumeWreck,true
Combatives_0000_10_actULTHI,bScratchCostumeEnable,true
Combatives_0000_11_07_actULT2HI,Power,0
Combatives_0000_11_07_actULT2HI,ArmorBreakLevel,ブラスト
Combatives_0000_11_07_actULT2HI,bReduceZSearchAfterHit,true
Combatives_0000_11_07_actULT2HI,ReduceZSearchEffectTime,0.9
Combatives_0000_11_07_actULT2HI,bDamageCostumeEnable,true
Combatives_0000_11_07_actULT2HI,bDamageCostumeWreck,true
Combatives_0000_11_07_actULT2HI,bScratchCostumeEnable,true
Combatives_0000_11_actDTWFT,Power,0
Combatives_0000_11_actDTWFT,ArmorBreakLevel,投げ系
Combatives_0000_11_actDTWFT,bScratchCostumeEnable,true
Combatives_0000_11_actSPM2_ADMHI,Power,0
Combatives_0000_11_actSPM2_ADMHI,ArmorBreakLevel,ブラスト
Combatives_0000_11_actTRWFT,Power,0
Combatives_0000_11_actTRWFT,ArmorBreakLevel,投げ系
Combatives_0000_11_actTRWFT,bScratchCostumeEnable,true
Combatives_0000_11_actTRWR,Power,0
Combatives_0000_11_actULT_SDMHI,Power,0
Combatives_0000_11_actULT_SDMHI,ArmorBreakLevel,ブラスト
Combatives_0000_11_actULT_SDMHI,bReduceZSearchAfterHit,true
Combatives_0000_11_actULT_SDMHI,ReduceZSearchEffectTime,3
Combatives_0000_11_actULT_SDMHI,bDamageCostumeEnable,true
Combatives_0000_11_actULT_SDMHI,bDamageCostumeWreck,true
Combatives_0000_11_actULT_SDMHI,bScratchCostumeEnable,true
Combatives_0000_11_actULTHD1P,Power,12500
Combatives_0000_11_actULTHD1P,ArmorBreakLevel,ブラスト
Combatives_0000_20_03_actULT2HI,Power,0
Combatives_0000_20_03_actULT2HI,ArmorBreakLevel,ブラスト
Combatives_0000_20_03_actULT2HI,bReduceZSearchAfterHit,true
Combatives_0000_20_03_actULT2HI,ReduceZSearchEffectTime,0.9
Combatives_0000_20_03_actULT2HI,bDamageCostumeEnable,true
Combatives_0000_20_03_actULT2HI,bDamageCostumeWreck,true
Combatives_0000_20_03_actULT2HI,bScratchCostumeEnable,true
Combatives_0000_20_actDTWFT,Power,0
Combatives_0000_20_actDTWFT,ArmorBreakLevel,投げ系
Combatives_0000_20_actDTWFT,bScratchCostumeEnable,true
Combatives_0000_20_actSPM2HI,Power,0
Combatives_0000_20_actSPM2HI,ArmorBreakLevel,ブラスト
Combatives_0000_20_actTRWFT,Power,0
Combatives_0000_20_actTRWFT,ArmorBreakLevel,投げ系
Combatives_0000_20_actTRWFT,bScratchCostumeEnable,true
Combatives_0000_20_actTRWR,Power,0
Combatives_0000_20_actULTHD1P,Power,13500
Combatives_0000_20_actULTHD1P,ArmorBreakLevel,ブラスト
Combatives_0000_20_actULTHI,Power,0
Combatives_0000_20_actULTHI,ArmorBreakLevel,ブラスト
Combatives_0000_20_actULTHI,bReduceZSearchAfterHit,true
Combatives_0000_20_actULTHI,ReduceZSearchEffectTime,0.9
Combatives_0000_20_actULTHI,bDamageCostumeEnable,true
Combatives_0000_20_actULTHI,bDamageCostumeWreck,true
Combatives_0000_20_actULTHI,bScratchCostumeEnable,true
Combatives_0000_21_05_actULT2HI,Power,0
Combatives_0000_21_05_actULT2HI,ArmorBreakLevel,ブラスト
Combatives_0000_21_05_actULT2HI,bReduceZSearchAfterHit,true
Combatives_0000_21_05_actULT2HI,ReduceZSearchEffectTime,0.9
Combatives_0000_21_05_actULT2HI,bDamageCostumeEnable,true
Combatives_0000_21_05_actULT2HI,bDamageCostumeWreck,true
Combatives_0000_21_05_actULT2HI,bScratchCostumeEnable,true
Combatives_0000_21_actDTWFT,Power,0
Combatives_0000_21_actDTWFT,ArmorBreakLevel,投げ系
Combatives_0000_21_actDTWFT,bScratchCostumeEnable,true
Combatives_0000_21_actEXA1,Power,0
Combatives_0000_21_actEXA1,bBuffAvoidable,true
Combatives_0000_21_actSPM2_ADMHI,Power,0
Combatives_0000_21_actSPM2_ADMHI,ArmorBreakLevel,ブラスト
Combatives_0000_21_actSPM2_ADMHI,bScratchCostumeEnable,true
Combatives_0000_21_actTRWFT,Power,0
Combatives_0000_21_actTRWFT,ArmorBreakLevel,投げ系
Combatives_0000_21_actTRWFT,bScratchCostumeEnable,true
Combatives_0000_21_actTRWR,Power,0
Combatives_0000_21_actULTHI,Power,0
Combatives_0000_21_actULTHI,ArmorBreakLevel,ブラスト
Combatives_0000_21_actULTHI,bReduceZSearchAfterHit,true
Combatives_0000_21_actULTHI,ReduceZSearchEffectTime,0.9
Combatives_0000_21_actULTHI,bDamageCostumeEnable,true
Combatives_0000_21_actULTHI,bDamageCostumeWreck,true
Combatives_0000_21_actULTHI,bScratchCostumeEnable,true
Combatives_0000_22_actDTWFT,Power,0
Combatives_0000_22_actDTWFT,ArmorBreakLevel,投げ系
Combatives_0000_22_actDTWFT,bScratchCostumeEnable,true
Combatives_0000_22_actSPM2_ADMHI,Power,0
Combatives_0000_22_actSPM2_ADMHI,ArmorBreakLevel,ブラスト
Combatives_0000_22_actSPM2_ADMHI,bDamageCostumeEnable,true
Combatives_0000_22_actSPM2_ADMHI,bScratchCostumeEnable,true
Combatives_0000_22_actTRWFT,Power,0
Combatives_0000_22_actTRWFT,ArmorBreakLevel,投げ系
Combatives_0000_22_actTRWFT,bScratchCostumeEnable,true
Combatives_0000_22_actTRWR,Power,0
Combatives_0000_22_actULT_SDMHI,Power,0
Combatives_0000_22_actULT_SDMHI,ArmorBreakLevel,ブラスト
Combatives_0000_22_actULT_SDMHI,bReduceZSearchAfterHit,true
Combatives_0000_22_actULT_SDMHI,ReduceZSearchEffectTime,3
Combatives_0000_22_actULT_SDMHI,bDamageCostumeEnable,true
Combatives_0000_22_actULT_SDMHI,bDamageCostumeWreck,true
Combatives_0000_22_actULT_SDMHI,bScratchCostumeEnable,true
Combatives_0000_22_actULTHD1P,Power,12500
Combatives_0000_22_actULTHD1P,ArmorBreakLevel,ブラスト
Combatives_0000_23_actDTWFT,Power,0
Combatives_0000_23_actDTWFT,ArmorBreakLevel,投げ系
Combatives_0000_23_actDTWFT,bScratchCostumeEnable,true
Combatives_0000_23_actEXA1,Power,0
Combatives_0000_23_actEXA1,bBuffAvoidable,true
Combatives_0000_23_actSPM2HI,Power,0
Combatives_0000_23_actSPM2HI,ArmorBreakLevel,ブラスト
Combatives_0000_23_actSPM2HI,bDamageCostumeEnable,true
Combatives_0000_23_actSPM2HI,bScratchCostumeEnable,true
Combatives_0000_23_actTRWFT,Power,0
Combatives_0000_23_actTRWFT,ArmorBreakLevel,投げ系
Combatives_0000_23_actTRWFT,bScratchCostumeEnable,true
Combatives_0000_23_actTRWR,Power,0
Combatives_0000_23_actULTHI,Power,0
Combatives_0000_23_actULTHI,ArmorBreakLevel,ブラスト
Combatives_0000_33_actDTWFT,Power,0
Combatives_0000_33_actDTWFT,ArmorBreakLevel,投げ系
Combatives_0000_33_actDTWFT,bScratchCostumeEnable,true
Combatives_0000_33_actEXA1,Power,0
Combatives_0000_33_actEXA1,bBuffAvoidable,true
Combatives_0000_33_actSPM2_ADMHI,Power,0
Combatives_0000_33_actSPM2_ADMHI,ArmorBreakLevel,ブラスト
Combatives_0000_33_actSPM2_ADMHI,bDamageCostumeEnable,true
Combatives_0000_33_actSPM2_ADMHI,bScratchCostumeEnable,true
Combatives_0000_33_actTRWFT,Power,0
Combatives_0000_33_actTRWFT,ArmorBreakLevel,投げ系
Combatives_0000_33_actTRWFT,bScratchCostumeEnable,true
Combatives_0000_33_actTRWR,Power,0
Combatives_0000_33_actULTHI,Power,0
Combatives_0000_33_actULTHI,ArmorBreakLevel,ブラスト
Combatives_0000_33_actULTHI,bScratchCostumeEnable,true
Combatives_0000_40_08_actULT2HI,Power,0
Combatives_0000_40_08_actULT2HI,ArmorBreakLevel,ブラスト
Combatives_0000_40_08_actULT2HI,bReduceZSearchAfterHit,true
Combatives_0000_40_08_actULT2HI,ReduceZSearchEffectTime,3
Combatives_0000_40_08_actULT2HI,bDamageCostumeEnable,true
Combatives_0000_40_08_actULT2HI,bDamageCostumeWreck,true
Combatives_0000_40_08_actULT2HI,bScratchCostumeEnable,true
Combatives_0000_40_actDTWFT,Power,0
Combatives_0000_40_actDTWFT,ArmorBreakLevel,投げ系
Combatives_0000_40_actDTWFT,bScratchCostumeEnable,true
Combatives_0000_40_actSPM2_ADMHI,Power,0
Combatives_0000_40_actSPM2_ADMHI,ArmorBreakLevel,ブラスト
Combatives_0000_40_actSPM2_ADMHI,bDamageCostumeEnable,true
Combatives_0000_40_actSPM2_ADMHI,bScratchCostumeEnable,true
Combatives_0000_40_actSPM4_ADMHI,Power,0
Combatives_0000_40_actSPM4_ADMHI,ArmorBreakLevel,ブラスト
Combatives_0000_40_actTRWFT,Power,0
Combatives_0000_40_actTRWFT,ArmorBreakLevel,投げ系
Combatives_0000_40_actTRWFT,bScratchCostumeEnable,true
Combatives_0000_40_actTRWR,Power,0
Combatives_0000_40_actULT_SDMHI,Power,0
Combatives_0000_40_actULT_SDMHI,ArmorBreakLevel,ブラスト
Combatives_0000_40_actULT_SDMHI,bReduceZSearchAfterHit,true
Combatives_0000_40_actULT_SDMHI,ReduceZSearchEffectTime,3
Combatives_0000_40_actULT_SDMHI,bDamageCostumeEnable,true
Combatives_0000_40_actULT_SDMHI,bDamageCostumeWreck,true
Combatives_0000_40_actULT_SDMHI,bScratchCostumeEnable,true
Combatives_0000_40_actULTHD1P,Power,14000
Combatives_0000_40_actULTHD1P,ArmorBreakLevel,ブラスト
Combatives_0000_41_actDTWFT,Power,0
Combatives_0000_41_actDTWFT,ArmorBreakLevel,投げ系
Combatives_0000_41_actDTWFT,bScratchCostumeEnable,true
Combatives_0000_41_actEXA1,Power,0
Combatives_0000_41_actEXA1,bBuffAvoidable,true
Combatives_0000_41_actSPM2_ADMHI,Power,0
Combatives_0000_41_actSPM2_ADMHI,ArmorBreakLevel,ブラスト
Combatives_0000_41_actSPM2_ADMHI,bDamageCostumeEnable,true
Combatives_0000_41_actSPM2_ADMHI,bScratchCostumeEnable,true
Combatives_0000_41_actTRWFT,Power,0
Combatives_0000_41_actTRWFT,ArmorBreakLevel,投げ系
Combatives_0000_41_actTRWFT,bScratchCostumeEnable,true
Combatives_0000_41_actTRWR,Power,0
Combatives_0000_41_actULTHI,Power,0
Combatives_0000_41_actULTHI,ArmorBreakLevel,ブラスト
Combatives_0000_41_actULTHI,bReduceZSearchAfterHit,true
Combatives_0000_41_actULTHI,ReduceZSearchEffectTime,0.9
Combatives_0000_41_actULTHI,bDamageCostumeEnable,true
Combatives_0000_41_actULTHI,bDamageCostumeWreck,true
Combatives_0000_41_actULTHI,bScratchCostumeEnable,true
Combatives_0000_43_09_actULT2HI,Power,0
Combatives_0000_43_09_actULT2HI,ArmorBreakLevel,ブラスト
Combatives_0000_43_09_actULT2HI,bReduceZSearchAfterHit,true
Combatives_0000_43_09_actULT2HI,ReduceZSearchEffectTime,0.9
Combatives_0000_43_09_actULT2HI,bDamageCostumeEnable,true
Combatives_0000_43_09_actULT2HI,bDamageCostumeWreck,true
Combatives_0000_43_09_actULT2HI,bScratchCostumeEnable,true
Combatives_0000_43_actDTWFT,Power,0
Combatives_0000_43_actDTWFT,ArmorBreakLevel,投げ系
Combatives_0000_43_actDTWFT,bScratchCostumeEnable,true
Combatives_0000_43_actSPM2_ADMHI,Power,0
Combatives_0000_43_actSPM2_ADMHI,ArmorBreakLevel,ブラスト
Combatives_0000_43_actTRWFT,Power,0
Combatives_0000_43_actTRWFT,ArmorBreakLevel,投げ系
Combatives_0000_43_actTRWFT,bScratchCostumeEnable,true
Combatives_0000_43_actTRWR,Power,0
Combatives_0000_43_actULTHI,Power,0
Combatives_0000_43_actULTHI,ArmorBreakLevel,ブラスト
Combatives_0000_43_actULTHI,bReduceZSearchAfterHit,true
Combatives_0000_43_actULTHI,ReduceZSearchEffectTime,0.9
Combatives_0000_43_actULTHI,bDamageCostumeEnable,true
Combatives_0000_43_actULTHI,bDamageCostumeWreck,true
Combatives_0000_43_actULTHI,bScratchCostumeEnable,true
Combatives_0000_50_actDTWFT,Power,0
Combatives_0000_50_actDTWFT,ArmorBreakLevel,投げ系
Combatives_0000_50_actDTWFT,bScratchCostumeEnable,true
Combatives_0000_50_actEXA1,Power,0
Combatives_0000_50_actEXA1,bBuffAvoidable,true
Combatives_0000_50_actSPM2_ADMHI,Power,0
Combatives_0000_50_actSPM2_ADMHI,ArmorBreakLevel,ブラスト
Combatives_0000_50_actSPM2_ADMHI,bScratchCostumeEnable,true
Combatives_0000_50_actTRWFT,Power,0
Combatives_0000_50_actTRWFT,ArmorBreakLevel,投げ系
Combatives_0000_50_actTRWFT,bScratchCostumeEnable,true
Combatives_0000_50_actTRWR,Power,0
Combatives_0000_50_actULTHI,Power,0
Combatives_0000_50_actULTHI,ArmorBreakLevel,ブラスト
Combatives_0000_50_actULTHI,bReduceZSearchAfterHit,true
Combatives_0000_50_actULTHI,ReduceZSearchEffectTime,0.9
Combatives_0000_50_actULTHI,bDamageCostumeEnable,true
Combatives_0000_50_actULTHI,bDamageCostumeWreck,true
Combatives_0000_50_actULTHI,bScratchCostumeEnable,true
Combatives_0000_51_actDTWFT,Power,0
Combatives_0000_51_actDTWFT,ArmorBreakLevel,投げ系
Combatives_0000_51_actDTWFT,bScratchCostumeEnable,true
Combatives_0000_51_actEXA1,Power,0
Combatives_0000_51_actEXA1,bBuffAvoidable,true
Combatives_0000_51_actSPM2_ADMHI,Power,0
Combatives_0000_51_actSPM2_ADMHI,ArmorBreakLevel,ブラスト
Combatives_0000_51_actTRWFT,Power,0
Combatives_0000_51_actTRWFT,ArmorBreakLevel,投げ系
Combatives_0000_51_actTRWFT,bScratchCostumeEnable,true
Combatives_0000_51_actTRWR,Power,0
Combatives_0000_51_actULTHI,Power,0
Combatives_0000_51_actULTHI,ArmorBreakLevel,ブラスト
Combatives_0000_51_actULTHI,bReduceZSearchAfterHit,true
Combatives_0000_51_actULTHI,ReduceZSearchEffectTime,0.9
Combatives_0000_51_actULTHI,bDamageCostumeEnable,true
Combatives_0000_51_actULTHI,bDamageCostumeWreck,true
Combatives_0000_51_actULTHI,bScratchCostumeEnable,true
Combatives_0001_42_actDTWFT,Power,0
Combatives_0001_42_actDTWFT,ArmorBreakLevel,投げ系
Combatives_0001_42_actDTWFT,bScratchCostumeEnable,true
Combatives_0001_42_actEXA1,Power,0
Combatives_0001_42_actEXA1,bBuffAvoidable,true
Combatives_0001_42_actSPM2_ADMHI,Power,0
Combatives_0001_42_actSPM2_ADMHI,ArmorBreakLevel,ブラスト
Combatives_0001_42_actSPM2_ADMHI,bDamageCostumeEnable,true
Combatives_0001_42_actSPM2_ADMHI,bScratchCostumeEnable,true
Combatives_0001_42_actTRWFT,Power,0
Combatives_0001_42_actTRWFT,ArmorBreakLevel,投げ系
Combatives_0001_42_actTRWFT,bScratchCostumeEnable,true
Combatives_0001_42_actTRWR,Power,0
Combatives_0001_42_actULTHI,Power,0
Combatives_0001_42_actULTHI,ArmorBreakLevel,ブラスト
Combatives_0001_42_actULTHI,bReduceZSearchAfterHit,true
Combatives_0001_42_actULTHI,ReduceZSearchEffectTime,0.9
Combatives_0001_42_actULTHI,bDamageCostumeEnable,true
Combatives_0001_42_actULTHI,bDamageCostumeWreck,true
Combatives_0001_42_actULTHI,bScratchCostumeEnable,true
Combatives_0002_30_actDTWFT,Power,0
Combatives_0002_30_actDTWFT,ArmorBreakLevel,投げ系
Combatives_0002_30_actDTWFT,bScratchCostumeEnable,true
Combatives_0002_30_actSPM2_ADMHI,Power,0
Combatives_0002_30_actSPM2_ADMHI,ArmorBreakLevel,ブラスト
Combatives_0002_30_actTRWFT,Power,0
Combatives_0002_30_actTRWFT,ArmorBreakLevel,投げ系
Combatives_0002_30_actTRWFT,bScratchCostumeEnable,true
Combatives_0002_30_actTRWR,Power,0
Combatives_0002_30_actULTHD1P,Power,13000
Combatives_0002_30_actULTHD1P,ArmorBreakLevel,ブラスト
Combatives_0002_30_actULTHI,Power,0
Combatives_0002_30_actULTHI,ArmorBreakLevel,ブラスト
Combatives_0002_30_actULTHI,bReduceZSearchAfterHit,true
Combatives_0002_30_actULTHI,ReduceZSearchEffectTime,0.9
Combatives_0002_30_actULTHI,bDamageCostumeEnable,true
Combatives_0002_30_actULTHI,bDamageCostumeWreck,true
Combatives_0002_30_actULTHI,bScratchCostumeEnable,true
Combatives_0002_31_actDTWFT,Power,0
Combatives_0002_31_actDTWFT,ArmorBreakLevel,投げ系
Combatives_0002_31_actDTWFT,bScratchCostumeEnable,true
Combatives_0002_31_actEXA1,Power,0
Combatives_0002_31_actEXA1,bBuffAvoidable,true
Combatives_0002_31_actSPM2_ADMHI,Power,0
Combatives_0002_31_actSPM2_ADMHI,ArmorBreakLevel,ブラスト
Combatives_0002_31_actSPM2_ADMHI,bScratchCostumeEnable,true
Combatives_0002_31_actTRWFT,Power,0
Combatives_0002_31_actTRWFT,ArmorBreakLevel,投げ系
Combatives_0002_31_actTRWFT,bScratchCostumeEnable,true
Combatives_0002_31_actTRWR,Power,0
Combatives_0002_31_actULTHI,Power,0
Combatives_0002_31_actULTHI,ArmorBreakLevel,ブラスト
Combatives_0002_31_actULTHI,bReduceZSearchAfterHit,true
Combatives_0002_31_actULTHI,ReduceZSearchEffectTime,0.9
Combatives_0002_31_actULTHI,bDamageCostumeEnable,true
Combatives_0002_31_actULTHI,bDamageCostumeWreck,true
Combatives_0002_31_actULTHI,bScratchCostumeEnable,true
Combatives_0002_32_actDTWFT,Power,0
Combatives_0002_32_actDTWFT,ArmorBreakLevel,投げ系
Combatives_0002_32_actDTWFT,bScratchCostumeEnable,true
Combatives_0002_32_actEXA1,Power,0
Combatives_0002_32_actEXA1,bBuffAvoidable,true
Combatives_0002_32_actSPM2_ADMHI,Power,0
Combatives_0002_32_actSPM2_ADMHI,ArmorBreakLevel,ブラスト
Combatives_0002_32_actSPM2_ADMHI,bScratchCostumeEnable,true
Combatives_0002_32_actTRWFT,Power,0
Combatives_0002_32_actTRWFT,ArmorBreakLevel,投げ系
Combatives_0002_32_actTRWFT,bScratchCostumeEnable,true
Combatives_0002_32_actTRWR,Power,0
Combatives_0002_32_actULTHI,Power,0
Combatives_0002_32_actULTHI,ArmorBreakLevel,ブラスト
Combatives_0002_32_actULTHI,bReduceZSearchAfterHit,true
Combatives_0002_32_actULTHI,ReduceZSearchEffectTime,0.9
Combatives_0002_32_actULTHI,bDamageCostumeEnable,true
Combatives_0002_32_actULTHI,bDamageCostumeWreck,true
Combatives_0002_32_actULTHI,bScratchCostumeEnable,true
Combatives_0002_50_actDTWFT,Power,0
Combatives_0002_50_actDTWFT,ArmorBreakLevel,投げ系
Combatives_0002_50_actDTWFT,bScratchCostumeEnable,true
Combatives_0002_50_actEXA1,Power,0
Combatives_0002_50_actEXA1,bBuffAvoidable,true
Combatives_0002_50_actSPM2HI,Power,0
Combatives_0002_50_actSPM2HI,ArmorBreakLevel,ブラスト
Combatives_0002_50_actTRWFT,Power,0
Combatives_0002_50_actTRWFT,ArmorBreakLevel,投げ系
Combatives_0002_50_actTRWFT,bScratchCostumeEnable,true
Combatives_0002_50_actTRWR,Power,0
Combatives_0002_50_actULTHI,Power,0
Combatives_0002_50_actULTHI,ArmorBreakLevel,ブラスト
Combatives_0020_00_actDTWFT,Power,0
Combatives_0020_00_actDTWFT,ArmorBreakLevel,投げ系
Combatives_0020_00_actDTWFT,bScratchCostumeEnable,true
Combatives_0020_00_actEXA1,Power,0
Combatives_0020_00_actEXA1,bBuffAvoidable,true
Combatives_0020_00_actEXA1,DestructionFieldScale,8
Combatives_0020_00_actSPM2HI,Power,0
Combatives_0020_00_actSPM2HI,ArmorBreakLevel,ブラスト
Combatives_0020_00_actSPM2HI,bScratchCostumeEnable,true
Combatives_0020_00_actTRWFT,Power,0
Combatives_0020_00_actTRWFT,ArmorBreakLevel,投げ系
Combatives_0020_00_actTRWFT,bScratchCostumeEnable,true
Combatives_0020_00_actTRWR,Power,0
Combatives_0020_00_actULTHI,Power,0
Combatives_0020_00_actULTHI,ArmorBreakLevel,ブラスト
Combatives_0020_00_actULTHI,bReduceZSearchAfterHit,true
Combatives_0020_00_actULTHI,ReduceZSearchEffectTime,0.9
Combatives_0020_00_actULTHI,bDamageCostumeEnable,true
Combatives_0020_00_actULTHI,bDamageCostumeWreck,true
Combatives_0020_00_actULTHI,bScratchCostumeEnable,true
Combatives_0020_10_actDTWFT,Power,0
Combatives_0020_10_actDTWFT,ArmorBreakLevel,投げ系
Combatives_0020_10_actDTWFT,bScratchCostumeEnable,true
Combatives_0020_10_actEXA1,Power,0
Combatives_0020_10_actEXA1,bBuffAvoidable,true
Combatives_0020_10_actEXA1,DestructionFieldScale,8
Combatives_0020_10_actSPM2_ADMHI,Power,0
Combatives_0020_10_actSPM2_ADMHI,ArmorBreakLevel,ブラスト
Combatives_0020_10_actSPM2_ADMHI,bScratchCostumeEnable,true
Combatives_0020_10_actTRWFT,Power,0
Combatives_0020_10_actTRWFT,ArmorBreakLevel,投げ系
Combatives_0020_10_actTRWFT,bScratchCostumeEnable,true
Combatives_0020_10_actTRWR,Power,0
Combatives_0020_10_actULTHI,Power,0
Combatives_0020_10_actULTHI,ArmorBreakLevel,ブラスト
Combatives_0020_10_actULTHI,bReduceZSearchAfterHit,true
Combatives_0020_10_actULTHI,ReduceZSearchEffectTime,0.9
Combatives_0020_10_actULTHI,bDamageCostumeEnable,true
Combatives_0020_10_actULTHI,bDamageCostumeWreck,true
Combatives_0020_10_actULTHI,bScratchCostumeEnable,true
Combatives_0020_11_actDTWFT,Power,0
Combatives_0020_11_actDTWFT,ArmorBreakLevel,投げ系
Combatives_0020_11_actDTWFT,bScratchCostumeEnable,true
Combatives_0020_11_actEXA1,Power,0
Combatives_0020_11_actEXA1,bBuffAvoidable,true
Combatives_0020_11_actEXA1,DestructionFieldScale,8
Combatives_0020_11_actSPM2_ADMHI,Power,0
Combatives_0020_11_actSPM2_ADMHI,ArmorBreakLevel,ブラスト
Combatives_0020_11_actSPM2HD1P,Power,6000
Combatives_0020_11_actSPM2HD1P,ArmorBreakLevel,ブラスト
Combatives_0020_11_actTRWFT,Power,0
Combatives_0020_11_actTRWFT,ArmorBreakLevel,投げ系
Combatives_0020_11_actTRWFT,bScratchCostumeEnable,true
Combatives_0020_11_actTRWR,Power,0
Combatives_0020_11_actULTHD1P,Power,12000
Combatives_0020_11_actULTHD1P,ArmorBreakLevel,ブラスト
Combatives_0020_11_actULTHI,Power,0
Combatives_0020_11_actULTHI,ArmorBreakLevel,ブラスト
Combatives_0020_11_actULTHI,bReduceZSearchAfterHit,true
Combatives_0020_11_actULTHI,ReduceZSearchEffectTime,0.9
Combatives_0020_11_actULTHI,bDamageCostumeEnable,true
Combatives_0020_11_actULTHI,bDamageCostumeWreck,true
Combatives_0020_11_actULTHI,bScratchCostumeEnable,true
Combatives_0020_30_actDTWFT,Power,0
Combatives_0020_30_actDTWFT,ArmorBreakLevel,投げ系
Combatives_0020_30_actDTWFT,bScratchCostumeEnable,true
Combatives_0020_30_actEXA1,Power,0
Combatives_0020_30_actEXA1,bBuffAvoidable,true
Combatives_0020_30_actSPM1HI,Power,0
Combatives_0020_30_actSPM1HI,ArmorBreakLevel,ブラスト
Combatives_0020_30_actSPM1HI,bDamageCostumeEnable,true
Combatives_0020_30_actSPM1HI,bScratchCostumeEnable,true
Combatives_0020_30_actTRWFT,Power,0
Combatives_0020_30_actTRWFT,ArmorBreakLevel,投げ系
Combatives_0020_30_actTRWFT,bScratchCostumeEnable,true
Combatives_0020_30_actTRWR,Power,0
Combatives_0020_30_actULTHI,Power,0
Combatives_0020_30_actULTHI,ArmorBreakLevel,ブラスト
Combatives_0020_30_actULTHI,bReduceZSearchAfterHit,true
Combatives_0020_30_actULTHI,ReduceZSearchEffectTime,0.9
Combatives_0020_30_actULTHI,bDamageCostumeEnable,true
Combatives_0020_30_actULTHI,bDamageCostumeWreck,true
Combatives_0020_30_actULTHI,bScratchCostumeEnable,true
Combatives_0020_31_actDTWFT,Power,0
Combatives_0020_31_actDTWFT,ArmorBreakLevel,投げ系
Combatives_0020_31_actDTWFT,bScratchCostumeEnable,true
Combatives_0020_31_actEXA1,Power,0
Combatives_0020_31_actEXA1,bBuffAvoidable,true
Combatives_0020_31_actEXA1,DestructionFieldScale,8
Combatives_0020_31_actSPM2_ADMHI,Power,0
Combatives_0020_31_actSPM2_ADMHI,ArmorBreakLevel,ブラスト
Combatives_0020_31_actSPM2_ADMHI,bScratchCostumeEnable,true
Combatives_0020_31_actTRWFT,Power,0
Combatives_0020_31_actTRWFT,ArmorBreakLevel,投げ系
Combatives_0020_31_actTRWFT,bScratchCostumeEnable,true
Combatives_0020_31_actTRWR,Power,0
Combatives_0020_31_actULTHI,Power,0
Combatives_0020_31_actULTHI,ArmorBreakLevel,ブラスト
Combatives_0020_31_actULTHI,bReduceZSearchAfterHit,true
Combatives_0020_31_actULTHI,ReduceZSearchEffectTime,0.9
Combatives_0020_31_actULTHI,bDamageCostumeEnable,true
Combatives_0020_31_actULTHI,bDamageCostumeWreck,true
Combatives_0020_31_actULTHI,bScratchCostumeEnable,true
Combatives_0020_32_actDTWFT,Power,0
Combatives_0020_32_actDTWFT,ArmorBreakLevel,投げ系
Combatives_0020_32_actDTWFT,bScratchCostumeEnable,true
Combatives_0020_32_actEXA1,Power,0
Combatives_0020_32_actEXA1,bBuffAvoidable,true
Combatives_0020_32_actEXA1,DestructionFieldScale,8
Combatives_0020_32_actSPM2_ADMHI,Power,0
Combatives_0020_32_actSPM2_ADMHI,ArmorBreakLevel,ブラスト
Combatives_0020_32_actSPM2_ADMHI,bScratchCostumeEnable,true
Combatives_0020_32_actTRWFT,Power,0
Combatives_0020_32_actTRWFT,ArmorBreakLevel,投げ系
Combatives_0020_32_actTRWFT,bScratchCostumeEnable,true
Combatives_0020_32_actTRWR,Power,0
Combatives_0020_32_actULTHD1P,Power,12500
Combatives_0020_32_actULTHD1P,ArmorBreakLevel,ブラスト
Combatives_0020_32_actULTHI,Power,0
Combatives_0020_32_actULTHI,ArmorBreakLevel,ブラスト
Combatives_0020_32_actULTHI,bReduceZSearchAfterHit,true
Combatives_0020_32_actULTHI,ReduceZSearchEffectTime,0.9
Combatives_0020_32_actULTHI,bDamageCostumeEnable,true
Combatives_0020_32_actULTHI,bDamageCostumeWreck,true
Combatives_0020_32_actULTHI,bScratchCostumeEnable,true
Combatives_0020_40_actDTWFT,Power,0
Combatives_0020_40_actDTWFT,ArmorBreakLevel,投げ系
Combatives_0020_40_actDTWFT,bScratchCostumeEnable,true
Combatives_0020_40_actEXA1,Power,0
Combatives_0020_40_actEXA1,bBuffAvoidable,true
Combatives_0020_40_actSPM2_ADMHI,Power,0
Combatives_0020_40_actSPM2_ADMHI,ArmorBreakLevel,ブラスト
Combatives_0020_40_actSPM2_ADMHI,bDamageCostumeEnable,true
Combatives_0020_40_actSPM2_ADMHI,bScratchCostumeEnable,true
Combatives_0020_40_actTRWFT,Power,0
Combatives_0020_40_actTRWFT,ArmorBreakLevel,投げ系
Combatives_0020_40_actTRWFT,bScratchCostumeEnable,true
Combatives_0020_40_actTRWR,Power,0
Combatives_0020_40_actULTHD1P,Power,16000
Combatives_0020_40_actULTHD1P,ArmorBreakLevel,ブラスト
Combatives_0020_40_actULTHI,Power,0
Combatives_0020_40_actULTHI,ArmorBreakLevel,ブラスト
Combatives_0020_40_actULTHI,bReduceZSearchAfterHit,true
Combatives_0020_40_actULTHI,ReduceZSearchEffectTime,0.9
Combatives_0020_40_actULTHI,bDamageCostumeEnable,true
Combatives_0020_40_actULTHI,bDamageCostumeWreck,true
Combatives_0020_40_actULTHI,bScratchCostumeEnable,true
Combatives_0020_50_actDTWFT,Power,0
Combatives_0020_50_actDTWFT,ArmorBreakLevel,投げ系
Combatives_0020_50_actDTWFT,bScratchCostumeEnable,true
Combatives_0020_50_actEXA1,Power,0
Combatives_0020_50_actEXA1,bBuffAvoidable,true
Combatives_0020_50_actEXA1,DestructionFieldScale,8
Combatives_0020_50_actSPM2_ADMHI,Power,0
Combatives_0020_50_actSPM2_ADMHI,ArmorBreakLevel,ブラスト
Combatives_0020_50_actTRWFT,Power,0
Combatives_0020_50_actTRWFT,ArmorBreakLevel,投げ系
Combatives_0020_50_actTRWFT,bScratchCostumeEnable,true
Combatives_0020_50_actTRWR,Power,0
Combatives_0020_50_actULTHI,Power,0
Combatives_0020_50_actULTHI,ArmorBreakLevel,ブラスト
Combatives_0020_50_actULTHI,bReduceZSearchAfterHit,true
Combatives_0020_50_actULTHI,ReduceZSearchEffectTime,0.9
Combatives_0020_50_actULTHI,bDamageCostumeEnable,true
Combatives_0020_50_actULTHI,bDamageCostumeWreck,true
Combatives_0020_50_actULTHI,bScratchCostumeEnable,true
Combatives_0020_60_actDTWFT,Power,0
Combatives_0020_60_actDTWFT,ArmorBreakLevel,投げ系
Combatives_0020_60_actDTWFT,bScratchCostumeEnable,true
Combatives_0020_60_actEXA1,Power,0
Combatives_0020_60_actEXA1,bBuffAvoidable,true
Combatives_0020_60_actEXA1,DestructionFieldScale,8
Combatives_0020_60_actSPM2_ADMHI,Power,0
Combatives_0020_60_actSPM2_ADMHI,ArmorBreakLevel,ブラスト
Combatives_0020_60_actTRWFT,Power,0
Combatives_0020_60_actTRWFT,ArmorBreakLevel,投げ系
Combatives_0020_60_actTRWFT,bScratchCostumeEnable,true
Combatives_0020_60_actTRWR,Power,0
Combatives_0020_60_actTRWR,ArmorBreakLevel,気合砲
Combatives_0020_60_actULTHI,Power,0
Combatives_0020_60_actULTHI,ArmorBreakLevel,ブラスト
Combatives_0020_60_actULTHI,bReduceZSearchAfterHit,true
Combatives_0020_60_actULTHI,ReduceZSearchEffectTime,0.9
Combatives_0020_60_actULTHI,bDamageCostumeEnable,true
Combatives_0020_60_actULTHI,bDamageCostumeWreck,true
Combatives_0020_60_actULTHI,bScratchCostumeEnable,true
Combatives_0020_61_actDTWFT,Power,0
Combatives_0020_61_actDTWFT,ArmorBreakLevel,投げ系
Combatives_0020_61_actDTWFT,bScratchCostumeEnable,true
Combatives_0020_61_actSPM1_SRPHI,Power,0
Combatives_0020_61_actSPM1_SRPHI,ArmorBreakLevel,ブラスト
Combatives_0020_61_actSPM1_SRPHI,bDamageCostumeEnable,true
Combatives_0020_61_actSPM1_SRPHI,bScratchCostumeEnable,true
Combatives_0020_61_actSPM1HD1P,Power,3900
Combatives_0020_61_actSPM1HD1P,ArmorBreakLevel,ブラスト
Combatives_0020_61_actSPM2_ADMHI,Power,0
Combatives_0020_61_actSPM2_ADMHI,ArmorBreakLevel,ブラスト
Combatives_0020_61_actTRWFT,Power,0
Combatives_0020_61_actTRWFT,ArmorBreakLevel,投げ系
Combatives_0020_61_actTRWFT,bScratchCostumeEnable,true
Combatives_0020_61_actTRWR,Power,0
Combatives_0020_61_actTRWR,ArmorBreakLevel,気合砲
Combatives_0020_61_actULTHI,Power,0
Combatives_0020_61_actULTHI,ArmorBreakLevel,ブラスト
Combatives_0020_61_actULTHI,bReduceZSearchAfterHit,true
Combatives_0020_61_actULTHI,ReduceZSearchEffectTime,0.9
Combatives_0020_61_actULTHI,bDamageCostumeEnable,true
Combatives_0020_61_actULTHI,bDamageCostumeWreck,true
Combatives_0020_61_actULTHI,bScratchCostumeEnable,true
Combatives_0020_63_04_actULT2HI,Power,0
Combatives_0020_63_04_actULT2HI,ArmorBreakLevel,ブラスト
Combatives_0020_63_04_actULT2HI,bReduceZSearchAfterHit,true
Combatives_0020_63_04_actULT2HI,ReduceZSearchEffectTime,0.9
Combatives_0020_63_04_actULT2HI,bDamageCostumeEnable,true
Combatives_0020_63_04_actULT2HI,bDamageCostumeWreck,true
Combatives_0020_63_04_actULT2HI,bScratchCostumeEnable,true
Combatives_0020_63_actDTWFT,Power,0
Combatives_0020_63_actDTWFT,ArmorBreakLevel,投げ系
Combatives_0020_63_actDTWFT,bScratchCostumeEnable,true
Combatives_0020_63_actEXA1,Power,0
Combatives_0020_63_actEXA1,bBuffAvoidable,true
Combatives_0020_63_actSPM2_ADMHI,Power,0
Combatives_0020_63_actSPM2_ADMHI,ArmorBreakLevel,ブラスト
Combatives_0020_63_actSPM2_ADMHI,bDamageCostumeEnable,true
Combatives_0020_63_actSPM2_ADMHI,bScratchCostumeEnable,true
Combatives_0020_63_actTRWFT,Power,0
Combatives_0020_63_actTRWFT,ArmorBreakLevel,投げ系
Combatives_0020_63_actTRWFT,bScratchCostumeEnable,true
Combatives_0020_63_actTRWR,Power,0
Combatives_0020_63_actULTHI,Power,0
Combatives_0020_63_actULTHI,ArmorBreakLevel,ブラスト
Combatives_0020_63_actULTHI,bReduceZSearchAfterHit,true
Combatives_0020_63_actULTHI,ReduceZSearchEffectTime,0.9
Combatives_0020_63_actULTHI,bDamageCostumeEnable,true
Combatives_0020_63_actULTHI,bDamageCostumeWreck,true
Combatives_0020_63_actULTHI,bScratchCostumeEnable,true
Combatives_0021_20_actDTWFT,Power,0
Combatives_0021_20_actDTWFT,ArmorBreakLevel,投げ系
Combatives_0021_20_actDTWFT,bScratchCostumeEnable,true
Combatives_0021_20_actEXA1,Power,0
Combatives_0021_20_actEXA1,bBuffAvoidable,true
Combatives_0021_20_actSPM2_ADMHI,Power,0
Combatives_0021_20_actSPM2_ADMHI,ArmorBreakLevel,ブラスト
Combatives_0021_20_actTRWFT,Power,0
Combatives_0021_20_actTRWFT,ArmorBreakLevel,投げ系
Combatives_0021_20_actTRWFT,bScratchCostumeEnable,true
Combatives_0021_20_actTRWR,Power,0
Combatives_0021_20_actULTHD1P,Power,13000
Combatives_0021_20_actULTHD1P,ArmorBreakLevel,ブラスト
Combatives_0021_20_actULTHI,Power,0
Combatives_0021_20_actULTHI,ArmorBreakLevel,ブラスト
Combatives_0021_20_actULTHI,bReduceZSearchAfterHit,true
Combatives_0021_20_actULTHI,ReduceZSearchEffectTime,0.9
Combatives_0021_20_actULTHI,bDamageCostumeEnable,true
Combatives_0021_20_actULTHI,bDamageCostumeWreck,true
Combatives_0021_20_actULTHI,bScratchCostumeEnable,true
Combatives_0022_62_actDTWFT,Power,0
Combatives_0022_62_actDTWFT,ArmorBreakLevel,投げ系
Combatives_0022_62_actDTWFT,bScratchCostumeEnable,true
Combatives_0022_62_actEXA1,Power,0
Combatives_0022_62_actEXA1,bBuffAvoidable,true
Combatives_0022_62_actEXA1,DestructionFieldScale,8
Combatives_0022_62_actSPM1HD1P,Power,3900
Combatives_0022_62_actSPM1HD1P,ArmorBreakLevel,ブラスト
Combatives_0022_62_actSPM1HD1P,bBuffAvoidable,true
Combatives_0022_62_actSPM1HI,Power,0
Combatives_0022_62_actSPM1HI,ArmorBreakLevel,ブラスト
Combatives_0022_62_actSPM2_ADMHI,Power,0
Combatives_0022_62_actSPM2_ADMHI,ArmorBreakLevel,ブラスト
Combatives_0022_62_actSPM2_ADMHI,bDamageCostumeEnable,true
Combatives_0022_62_actSPM2_ADMHI,bScratchCostumeEnable,true
Combatives_0022_62_actTRWFT,Power,0
Combatives_0022_62_actTRWFT,ArmorBreakLevel,投げ系
Combatives_0022_62_actTRWFT,bScratchCostumeEnable,true
Combatives_0022_62_actTRWR,Power,0
Combatives_0022_62_actULTHI,Power,0
Combatives_0022_62_actULTHI,ArmorBreakLevel,ブラスト
Combatives_0022_62_actULTHI,bReduceZSearchAfterHit,true
Combatives_0022_62_actULTHI,ReduceZSearchEffectTime,0.9
Combatives_0022_62_actULTHI,bDamageCostumeEnable,true
Combatives_0022_62_actULTHI,bDamageCostumeWreck,true
Combatives_0022_62_actULTHI,bScratchCostumeEnable,true
Combatives_0023_00_actEXA1,Power,0
Combatives_0023_00_actEXA1,bBuffAvoidable,true
Combatives_0023_00_actEXA1,DestructionFieldScale,8
Combatives_0023_00_actSPM2_ADMHI,Power,0
Combatives_0023_00_actSPM2_ADMHI,ArmorBreakLevel,ブラスト
Combatives_0023_00_actSPM2_ADMHI,bScratchCostumeEnable,true
Combatives_0023_00_actULTHD1P,Power,14000
Combatives_0023_00_actULTHD1P,ArmorBreakLevel,ブラスト
Combatives_0023_00_actULTHI,Power,0
Combatives_0023_00_actULTHI,ArmorBreakLevel,ブラスト
Combatives_0023_00_actULTHI,bReduceZSearchAfterHit,true
Combatives_0023_00_actULTHI,ReduceZSearchEffectTime,0.9
Combatives_0023_00_actULTHI,bDamageCostumeEnable,true
Combatives_0023_00_actULTHI,bDamageCostumeWreck,true
Combatives_0023_00_actULTHI,bScratchCostumeEnable,true
Combatives_0030_00_actDTWFT,Power,0
Combatives_0030_00_actDTWFT,ArmorBreakLevel,投げ系
Combatives_0030_00_actDTWFT,bScratchCostumeEnable,true
Combatives_0030_00_actEXA1,Power,0
Combatives_0030_00_actEXA1,bBuffAvoidable,true
Combatives_0030_00_actTRWFT,Power,0
Combatives_0030_00_actTRWFT,ArmorBreakLevel,投げ系
Combatives_0030_00_actTRWFT,bScratchCostumeEnable,true
Combatives_0030_00_actTRWR,Power,0
Combatives_0030_00_actULTHI,Power,0
Combatives_0030_00_actULTHI,ArmorBreakLevel,ブラスト
Combatives_0030_00_actULTHI,bReduceZSearchAfterHit,true
Combatives_0030_00_actULTHI,ReduceZSearchEffectTime,0.9
Combatives_0030_00_actULTHI,bDamageCostumeEnable,true
Combatives_0030_00_actULTHI,bDamageCostumeWreck,true
Combatives_0030_00_actULTHI,bScratchCostumeEnable,true
Combatives_0031_00_actDTWFT,Power,0
Combatives_0031_00_actDTWFT,ArmorBreakLevel,投げ系
Combatives_0031_00_actDTWFT,bScratchCostumeEnable,true
Combatives_0031_00_actEXA1,Power,0
Combatives_0031_00_actEXA1,bBuffAvoidable,true
Combatives_0031_00_actSPM2_ADMHI,Power,0
Combatives_0031_00_actSPM2_ADMHI,ArmorBreakLevel,ブラスト
Combatives_0031_00_actSPM2_ADMHI,bScratchCostumeEnable,true
Combatives_0031_00_actTRWFT,Power,0
Combatives_0031_00_actTRWFT,ArmorBreakLevel,投げ系
Combatives_0031_00_actTRWFT,bScratchCostumeEnable,true
Combatives_0031_00_actTRWR,Power,0
Combatives_0031_00_actULTHI,Power,0
Combatives_0031_00_actULTHI,ArmorBreakLevel,ブラスト
Combatives_0031_00_actULTHI,bReduceZSearchAfterHit,true
Combatives_0031_00_actULTHI,ReduceZSearchEffectTime,0.9
Combatives_0031_00_actULTHI,bDamageCostumeEnable,true
Combatives_0031_00_actULTHI,bDamageCostumeWreck,true
Combatives_0031_00_actULTHI,bScratchCostumeEnable,true
Combatives_0031_01_actDTWFT,Power,0
Combatives_0031_01_actDTWFT,ArmorBreakLevel,投げ系
Combatives_0031_01_actDTWFT,bScratchCostumeEnable,true
Combatives_0031_01_actEXA1,Power,0
Combatives_0031_01_actEXA1,bBuffAvoidable,true
Combatives_0031_01_actEXA1,DestructionFieldScale,8
Combatives_0031_01_actSPM2_ADMHI,Power,0
Combatives_0031_01_actSPM2_ADMHI,ArmorBreakLevel,ブラスト
Combatives_0031_01_actTRWFT,Power,0
Combatives_0031_01_actTRWFT,ArmorBreakLevel,投げ系
Combatives_0031_01_actTRWFT,bScratchCostumeEnable,true
Combatives_0031_01_actTRWR,Power,0
Combatives_0031_01_actULTHD1P,Power,10500
Combatives_0031_01_actULTHD1P,ArmorBreakLevel,ブラスト
Combatives_0031_01_actULTHI,Power,0
Combatives_0031_01_actULTHI,ArmorBreakLevel,ブラスト
Combatives_0031_01_actULTHI,bReduceZSearchAfterHit,true
Combatives_0031_01_actULTHI,ReduceZSearchEffectTime,0.9
Combatives_0031_01_actULTHI,bDamageCostumeEnable,true
Combatives_0031_01_actULTHI,bDamageCostumeWreck,true
Combatives_0031_01_actULTHI,bScratchCostumeEnable,true
Combatives_0031_02_04_actULT2HI,Power,0
Combatives_0031_02_04_actULT2HI,ArmorBreakLevel,ブラスト
Combatives_0031_02_04_actULT2HI,bReduceZSearchAfterHit,true
Combatives_0031_02_04_actULT2HI,ReduceZSearchEffectTime,0.9
Combatives_0031_02_04_actULT2HI,bDamageCostumeEnable,true
Combatives_0031_02_04_actULT2HI,bDamageCostumeWreck,true
Combatives_0031_02_04_actULT2HI,bScratchCostumeEnable,true
Combatives_0031_02_actDTWFT,Power,0
Combatives_0031_02_actDTWFT,ArmorBreakLevel,投げ系
Combatives_0031_02_actDTWFT,bScratchCostumeEnable,true
Combatives_0031_02_actEXA1,Power,0
Combatives_0031_02_actEXA1,bBuffAvoidable,true
Combatives_0031_02_actEXA1,DestructionFieldScale,8
Combatives_0031_02_actSPM2_ADMHI,Power,0
Combatives_0031_02_actSPM2_ADMHI,ArmorBreakLevel,ブラスト
Combatives_0031_02_actTRWFT,Power,0
Combatives_0031_02_actTRWFT,ArmorBreakLevel,投げ系
Combatives_0031_02_actTRWFT,bScratchCostumeEnable,true
Combatives_0031_02_actTRWR,Power,0
Combatives_0031_02_actULTHI,Power,0
Combatives_0031_02_actULTHI,ArmorBreakLevel,ブラスト
Combatives_0031_02_actULTHI,bReduceZSearchAfterHit,true
Combatives_0031_02_actULTHI,ReduceZSearchEffectTime,0.9
Combatives_0031_02_actULTHI,bDamageCostumeEnable,true
Combatives_0031_02_actULTHI,bDamageCostumeWreck,true
Combatives_0031_02_actULTHI,bScratchCostumeEnable,true
Combatives_0032_00_06_actULT2HI,Power,0
Combatives_0032_00_06_actULT2HI,ArmorBreakLevel,ブラスト
Combatives_0032_00_06_actULT2HI,bReduceZSearchAfterHit,true
Combatives_0032_00_06_actULT2HI,ReduceZSearchEffectTime,0.9
Combatives_0032_00_06_actULT2HI,bDamageCostumeEnable,true
Combatives_0032_00_06_actULT2HI,bDamageCostumeWreck,true
Combatives_0032_00_06_actULT2HI,bScratchCostumeEnable,true
Combatives_0032_00_07_actULT3HI,Power,0
Combatives_0032_00_07_actULT3HI,ArmorBreakLevel,ブラスト
Combatives_0032_00_07_actULT3HI,bReduceZSearchAfterHit,true
Combatives_0032_00_07_actULT3HI,ReduceZSearchEffectTime,0.9
Combatives_0032_00_07_actULT3HI,bDamageCostumeEnable,true
Combatives_0032_00_07_actULT3HI,bDamageCostumeWreck,true
Combatives_0032_00_07_actULT3HI,bScratchCostumeEnable,true
Combatives_0032_00_actDTWFT,Power,0
Combatives_0032_00_actDTWFT,ArmorBreakLevel,投げ系
Combatives_0032_00_actDTWFT,bScratchCostumeEnable,true
Combatives_0032_00_actEXA1,Power,0
Combatives_0032_00_actEXA1,bBuffAvoidable,true
Combatives_0032_00_actSPM2_ADMHI,Power,0
Combatives_0032_00_actSPM2_ADMHI,ArmorBreakLevel,ブラスト
Combatives_0032_00_actTRWFT,Power,0
Combatives_0032_00_actTRWFT,ArmorBreakLevel,投げ系
Combatives_0032_00_actTRWFT,bScratchCostumeEnable,true
Combatives_0032_00_actTRWR,Power,0
Combatives_0032_00_actULTHI,Power,0
Combatives_0032_00_actULTHI,ArmorBreakLevel,ブラスト
Combatives_0032_00_actULTHI,bReduceZSearchAfterHit,true
Combatives_0032_00_actULTHI,ReduceZSearchEffectTime,0.9
Combatives_0032_00_actULTHI,bDamageCostumeEnable,true
Combatives_0032_00_actULTHI,bDamageCostumeWreck,true
Combatives_0032_00_actULTHI,bScratchCostumeEnable,true
Combatives_0032_01_05_actULT2HI,Power,0
Combatives_0032_01_05_actULT2HI,ArmorBreakLevel,ブラスト
Combatives_0032_01_05_actULT2HI,bReduceZSearchAfterHit,true
Combatives_0032_01_05_actULT2HI,ReduceZSearchEffectTime,0.9
Combatives_0032_01_05_actULT2HI,bDamageCostumeEnable,true
Combatives_0032_01_05_actULT2HI,bDamageCostumeWreck,true
Combatives_0032_01_05_actULT2HI,bScratchCostumeEnable,true
Combatives_0032_01_actDTWFT,Power,0
Combatives_0032_01_actDTWFT,ArmorBreakLevel,投げ系
Combatives_0032_01_actDTWFT,bScratchCostumeEnable,true
Combatives_0032_01_actEXA1,Power,0
Combatives_0032_01_actEXA1,bBuffAvoidable,true
Combatives_0032_01_actEXA1,DestructionFieldScale,8
Combatives_0032_01_actSPM2_ADMHI,Power,0
Combatives_0032_01_actSPM2_ADMHI,ArmorBreakLevel,ブラスト
Combatives_0032_01_actSPM2_ADMHI,bScratchCostumeEnable,true
Combatives_0032_01_actTRWFT,Power,0
Combatives_0032_01_actTRWFT,ArmorBreakLevel,投げ系
Combatives_0032_01_actTRWFT,bScratchCostumeEnable,true
Combatives_0032_01_actTRWR,Power,0
Combatives_0032_01_actULTHI,Power,0
Combatives_0032_01_actULTHI,ArmorBreakLevel,ブラスト
Combatives_0032_01_actULTHI,bReduceZSearchAfterHit,true
Combatives_0032_01_actULTHI,ReduceZSearchEffectTime,0.9
Combatives_0032_01_actULTHI,bDamageCostumeEnable,true
Combatives_0032_01_actULTHI,bDamageCostumeWreck,true
Combatives_0032_01_actULTHI,bScratchCostumeEnable,true
Combatives_0032_02_actDTWFT,Power,0
Combatives_0032_02_actDTWFT,ArmorBreakLevel,投げ系
Combatives_0032_02_actDTWFT,bScratchCostumeEnable,true
Combatives_0032_02_actEXA1,Power,0
Combatives_0032_02_actEXA1,bBuffAvoidable,true
Combatives_0032_02_actEXA1,DestructionFieldScale,8
Combatives_0032_02_actSPM2_ADMHI,Power,0
Combatives_0032_02_actSPM2_ADMHI,ArmorBreakLevel,ブラスト
Combatives_0032_02_actSPM2_ADMHI,bScratchCostumeEnable,true
Combatives_0032_02_actTRWFT,Power,0
Combatives_0032_02_actTRWFT,ArmorBreakLevel,投げ系
Combatives_0032_02_actTRWFT,bScratchCostumeEnable,true
Combatives_0032_02_actTRWR,Power,0
Combatives_0032_02_actULTHI,Power,0
Combatives_0032_02_actULTHI,ArmorBreakLevel,ブラスト
Combatives_0032_02_actULTHI,bReduceZSearchAfterHit,true
Combatives_0032_02_actULTHI,ReduceZSearchEffectTime,0.9
Combatives_0032_02_actULTHI,bDamageCostumeEnable,true
Combatives_0032_02_actULTHI,bDamageCostumeWreck,true
Combatives_0032_02_actULTHI,bScratchCostumeEnable,true
Combatives_0032_10_actDTWFT,Power,0
Combatives_0032_10_actDTWFT,ArmorBreakLevel,投げ系
Combatives_0032_10_actDTWFT,bScratchCostumeEnable,true
Combatives_0032_10_actEXA1,Power,0
Combatives_0032_10_actEXA1,bBuffAvoidable,true
Combatives_0032_10_actSPM2_ADMHI,Power,0
Combatives_0032_10_actSPM2_ADMHI,ArmorBreakLevel,ブラスト
Combatives_0032_10_actTRWFT,Power,0
Combatives_0032_10_actTRWFT,ArmorBreakLevel,投げ系
Combatives_0032_10_actTRWFT,bScratchCostumeEnable,true
Combatives_0032_10_actTRWR,Power,0
Combatives_0032_10_actULTHI,Power,0
Combatives_0032_10_actULTHI,ArmorBreakLevel,ブラスト
Combatives_0032_20_actDTWFT,Power,0
Combatives_0032_20_actDTWFT,ArmorBreakLevel,投げ系
Combatives_0032_20_actDTWFT,bScratchCostumeEnable,true
Combatives_0032_20_actEXA1,Power,0
Combatives_0032_20_actEXA1,bBuffAvoidable,true
Combatives_0032_20_actSPM2_ADMHI,Power,0
Combatives_0032_20_actSPM2_ADMHI,ArmorBreakLevel,ブラスト
Combatives_0032_20_actSPM2_ADMHI,bScratchCostumeEnable,true
Combatives_0032_20_actTRWFT,Power,0
Combatives_0032_20_actTRWFT,ArmorBreakLevel,投げ系
Combatives_0032_20_actTRWFT,bScratchCostumeEnable,true
Combatives_0032_20_actTRWR,Power,0
Combatives_0032_20_actULTHI,Power,0
Combatives_0032_20_actULTHI,ArmorBreakLevel,ブラスト
Combatives_0032_20_actULTHI,bReduceZSearchAfterHit,true
Combatives_0032_20_actULTHI,ReduceZSearchEffectTime,0.9
Combatives_0032_20_actULTHI,bDamageCostumeEnable,true
Combatives_0032_20_actULTHI,bDamageCostumeWreck,true
Combatives_0032_20_actULTHI,bScratchCostumeEnable,true
Combatives_0032_30_actDTWFT,Power,0
Combatives_0032_30_actDTWFT,ArmorBreakLevel,投げ系
Combatives_0032_30_actDTWFT,bScratchCostumeEnable,true
Combatives_0032_30_actEXA1,Power,0
Combatives_0032_30_actEXA1,bBuffAvoidable,true
Combatives_0032_30_actSPM2_ADMHI,Power,0
Combatives_0032_30_actSPM2_ADMHI,ArmorBreakLevel,ブラスト
Combatives_0032_30_actSPM2_ADMHI,bDamageCostumeEnable,true
Combatives_0032_30_actSPM2_ADMHI,bScratchCostumeEnable,true
Combatives_0032_30_actTRWFT,Power,0
Combatives_0032_30_actTRWFT,ArmorBreakLevel,投げ系
Combatives_0032_30_actTRWFT,bScratchCostumeEnable,true
Combatives_0032_30_actTRWR,Power,0
Combatives_0032_30_actULTHI,Power,0
Combatives_0032_30_actULTHI,ArmorBreakLevel,ブラスト
Combatives_0032_30_actULTHI,bReduceZSearchAfterHit,true
Combatives_0032_30_actULTHI,ReduceZSearchEffectTime,0.9
Combatives_0032_30_actULTHI,bDamageCostumeEnable,true
Combatives_0032_30_actULTHI,bDamageCostumeWreck,true
Combatives_0032_30_actULTHI,bScratchCostumeEnable,true
Combatives_0032_31_actDTWFT,Power,0
Combatives_0032_31_actDTWFT,ArmorBreakLevel,投げ系
Combatives_0032_31_actDTWFT,bScratchCostumeEnable,true
Combatives_0032_31_actEXA1,Power,0
Combatives_0032_31_actEXA1,bBuffAvoidable,true
Combatives_0032_31_actSPM2_ADMHI,Power,0
Combatives_0032_31_actSPM2_ADMHI,ArmorBreakLevel,ブラスト
Combatives_0032_31_actSPM2_ADMHI,bDamageCostumeEnable,true
Combatives_0032_31_actSPM2_ADMHI,bScratchCostumeEnable,true
Combatives_0032_31_actTRWFT,Power,0
Combatives_0032_31_actTRWFT,ArmorBreakLevel,投げ系
Combatives_0032_31_actTRWFT,bScratchCostumeEnable,true
Combatives_0032_31_actTRWR,Power,0
Combatives_0032_31_actULTHI,Power,0
Combatives_0032_31_actULTHI,ArmorBreakLevel,ブラスト
Combatives_0032_31_actULTHI,bReduceZSearchAfterHit,true
Combatives_0032_31_actULTHI,ReduceZSearchEffectTime,0.9
Combatives_0032_31_actULTHI,bDamageCostumeEnable,true
Combatives_0032_31_actULTHI,bDamageCostumeWreck,true
Combatives_0032_31_actULTHI,bScratchCostumeEnable,true
Combatives_0040_00_03_actULT2HI,Power,0
Combatives_0040_00_03_actULT2HI,ArmorBreakLevel,ブラスト
Combatives_0040_00_03_actULT2HI,bReduceZSearchAfterHit,true
Combatives_0040_00_03_actULT2HI,ReduceZSearchEffectTime,0.9
Combatives_0040_00_03_actULT2HI,bDamageCostumeEnable,true
Combatives_0040_00_03_actULT2HI,bDamageCostumeWreck,true
Combatives_0040_00_03_actULT2HI,bScratchCostumeEnable,true
Combatives_0040_00_actDTWFT,Power,0
Combatives_0040_00_actDTWFT,ArmorBreakLevel,投げ系
Combatives_0040_00_actDTWFT,bScratchCostumeEnable,true
Combatives_0040_00_actSPM2HI,Power,0
Combatives_0040_00_actSPM2HI,ArmorBreakLevel,ブラスト
Combatives_0040_00_actSPM2HI,bDamageCostumeEnable,true
Combatives_0040_00_actSPM2HI,bScratchCostumeEnable,true
Combatives_0040_00_actTRWFT,Power,0
Combatives_0040_00_actTRWFT,ArmorBreakLevel,投げ系
Combatives_0040_00_actTRWFT,bScratchCostumeEnable,true
Combatives_0040_00_actTRWR,Power,0
Combatives_0040_10_03_actULT2HI,Power,0
Combatives_0040_10_03_actULT2HI,ArmorBreakLevel,ブラスト
Combatives_0040_10_03_actULT2HI,bReduceZSearchAfterHit,true
Combatives_0040_10_03_actULT2HI,ReduceZSearchEffectTime,0.9
Combatives_0040_10_03_actULT2HI,bDamageCostumeEnable,true
Combatives_0040_10_03_actULT2HI,bDamageCostumeWreck,true
Combatives_0040_10_03_actULT2HI,bScratchCostumeEnable,true
Combatives_0040_10_actDTWFT,Power,0
Combatives_0040_10_actDTWFT,ArmorBreakLevel,投げ系
Combatives_0040_10_actDTWFT,bScratchCostumeEnable,true
Combatives_0040_10_actSPM2HI,Power,0
Combatives_0040_10_actSPM2HI,ArmorBreakLevel,ブラスト
Combatives_0040_10_actSPM2HI,bDamageCostumeEnable,true
Combatives_0040_10_actSPM2HI,bScratchCostumeEnable,true
Combatives_0040_10_actTRWFT,Power,0
Combatives_0040_10_actTRWFT,ArmorBreakLevel,投げ系
Combatives_0040_10_actTRWFT,bScratchCostumeEnable,true
Combatives_0040_10_actTRWR,Power,0
Combatives_0040_10_actULTHI,Power,0
Combatives_0040_10_actULTHI,ArmorBreakLevel,ブラスト
Combatives_0040_10_actULTHI,bReduceZSearchAfterHit,true
Combatives_0040_10_actULTHI,ReduceZSearchEffectTime,0.9
Combatives_0040_10_actULTHI,bDamageCostumeEnable,true
Combatives_0040_10_actULTHI,bDamageCostumeWreck,true
Combatives_0040_10_actULTHI,bScratchCostumeEnable,true
Combatives_0040_20_actDTWFT,Power,0
Combatives_0040_20_actDTWFT,ArmorBreakLevel,投げ系
Combatives_0040_20_actDTWFT,bScratchCostumeEnable,true
Combatives_0040_20_actEXA1,Power,0
Combatives_0040_20_actEXA1,bBuffAvoidable,true
Combatives_0040_20_actSPM2_ADMHI,Power,0
Combatives_0040_20_actSPM2_ADMHI,ArmorBreakLevel,ブラスト
Combatives_0040_20_actSPM2_ADMHI,bDamageCostumeEnable,true
Combatives_0040_20_actSPM2_ADMHI,bScratchCostumeEnable,true
Combatives_0040_20_actTRWFT,Power,0
Combatives_0040_20_actTRWFT,ArmorBreakLevel,投げ系
Combatives_0040_20_actTRWFT,bScratchCostumeEnable,true
Combatives_0040_20_actTRWR,Power,0
Combatives_0040_20_actULTHI,Power,0
Combatives_0040_20_actULTHI,ArmorBreakLevel,ブラスト
Combatives_0040_20_actULTHI,bDamageCostumeEnable,true
Combatives_0040_20_actULTHI,bDamageCostumeWreck,true
Combatives_0040_20_actULTHI,bScratchCostumeEnable,true
Combatives_0050_00_06_actULT2HI,Power,0
Combatives_0050_00_06_actULT2HI,ArmorBreakLevel,ブラスト
Combatives_0050_00_06_actULT2HI,bReduceZSearchAfterHit,true
Combatives_0050_00_06_actULT2HI,ReduceZSearchEffectTime,0.9
Combatives_0050_00_06_actULT2HI,bDamageCostumeEnable,true
Combatives_0050_00_06_actULT2HI,bDamageCostumeWreck,true
Combatives_0050_00_06_actULT2HI,bScratchCostumeEnable,true
Combatives_0050_00_actDTWFT,Power,0
Combatives_0050_00_actDTWFT,ArmorBreakLevel,投げ系
Combatives_0050_00_actDTWFT,bScratchCostumeEnable,true
Combatives_0050_00_actTRWFT,Power,0
Combatives_0050_00_actTRWFT,ArmorBreakLevel,投げ系
Combatives_0050_00_actTRWFT,bScratchCostumeEnable,true
Combatives_0050_00_actTRWR,Power,0
Combatives_0050_00_actULTHD1P,Power,8000
Combatives_0050_00_actULTHD1P,ArmorBreakLevel,ブラスト
Combatives_0050_00_actULTHI,Power,0
Combatives_0050_00_actULTHI,ArmorBreakLevel,ブラスト
Combatives_0050_00_actULTHI,bDamageCostumeEnable,true
Combatives_0050_00_actULTHI,bDamageCostumeWreck,true
Combatives_0050_00_actULTHI,bScratchCostumeEnable,true
Combatives_0060_00_actDTWFT,Power,0
Combatives_0060_00_actDTWFT,ArmorBreakLevel,投げ系
Combatives_0060_00_actDTWFT,bScratchCostumeEnable,true
Combatives_0060_00_actEXA1,Power,0
Combatives_0060_00_actEXA1,bBuffAvoidable,true
Combatives_0060_00_actSPM2HD1P,Power,6700
Combatives_0060_00_actSPM2HD1P,ArmorBreakLevel,気合砲
Combatives_0060_00_actSPM2HD1P,bBuffAvoidable,true
Combatives_0060_00_actSPM2HD1P,bScratchCostumeEnable,true
Combatives_0060_00_actSPM2HI,Power,0
Combatives_0060_00_actSPM2HI,ArmorBreakLevel,ブラスト
Combatives_0060_00_actTRWFT,Power,0
Combatives_0060_00_actTRWFT,ArmorBreakLevel,投げ系
Combatives_0060_00_actTRWFT,bScratchCostumeEnable,true
Combatives_0060_00_actTRWR,Power,0
Combatives_0060_00_actULT_SRPHI,Power,0
Combatives_0060_00_actULT_SRPHI,ArmorBreakLevel,ブラスト
Combatives_0060_00_actULT_SRPHI,bDamageCostumeEnable,true
Combatives_0060_00_actULT_SRPHI,bDamageCostumeWreck,true
Combatives_0060_00_actULT_SRPHI,bScratchCostumeEnable,true
Combatives_0060_00_actULTHD1P,Power,12000
Combatives_0060_00_actULTHD1P,ArmorBreakLevel,ブラスト
Combatives_0070_00_actDTWFT,Power,0
Combatives_0070_00_actDTWFT,ArmorBreakLevel,投げ系
Combatives_0070_00_actDTWFT,bScratchCostumeEnable,true
Combatives_0070_00_actSPM2_ADMHI,Power,0
Combatives_0070_00_actSPM2_ADMHI,ArmorBreakLevel,ブラスト
Combatives_0070_00_actSPM2_ADMHI,bDamageCostumeEnable,true
Combatives_0070_00_actSPM2_ADMHI,bScratchCostumeEnable,true
Combatives_0070_00_actTRWFT,Power,0
Combatives_0070_00_actTRWFT,ArmorBreakLevel,投げ系
Combatives_0070_00_actTRWFT,bScratchCostumeEnable,true
Combatives_0070_00_actTRWR,Power,0
Combatives_0070_00_actULTHI,Power,0
Combatives_0070_00_actULTHI,ArmorBreakLevel,ブラスト
Combatives_0070_00_actULTHI,bReduceZSearchAfterHit,true
Combatives_0070_00_actULTHI,ReduceZSearchEffectTime,0.9
Combatives_0070_00_actULTHI,bDamageCostumeEnable,true
Combatives_0070_00_actULTHI,bDamageCostumeWreck,true
Combatives_0070_00_actULTHI,bScratchCostumeEnable,true
Combatives_0080_00_actDTWFT,Power,0
Combatives_0080_00_actDTWFT,ArmorBreakLevel,投げ系
Combatives_0080_00_actDTWFT,bScratchCostumeEnable,true
Combatives_0080_00_actEXA1,Power,0
Combatives_0080_00_actEXA1,bBuffAvoidable,true
Combatives_0080_00_actTRWFT,Power,0
Combatives_0080_00_actTRWFT,ArmorBreakLevel,投げ系
Combatives_0080_00_actTRWFT,bScratchCostumeEnable,true
Combatives_0080_00_actTRWR,Power,0
Combatives_0080_00_actULTHI,Power,0
Combatives_0080_00_actULTHI,ArmorBreakLevel,ブラスト
Combatives_0080_00_actULTHI,bReduceZSearchAfterHit,true
Combatives_0080_00_actULTHI,ReduceZSearchEffectTime,0.9
Combatives_0080_00_actULTHI,bDamageCostumeEnable,true
Combatives_0080_00_actULTHI,bDamageCostumeWreck,true
Combatives_0080_00_actULTHI,bScratchCostumeEnable,true
Combatives_0080_01_actDTWFT,Power,0
Combatives_0080_01_actDTWFT,ArmorBreakLevel,投げ系
Combatives_0080_01_actDTWFT,bScratchCostumeEnable,true
Combatives_0080_01_actEXA1,Power,700
Combatives_0080_01_actEXA1,Shave,230
Combatives_0080_01_actEXA1,ArmorBreakLevel,スマッシュ格闘系(フルパワー)
Combatives_0080_01_actEXA1,bBuffAvoidable,true
Combatives_0080_01_actEXA1,DestructionFieldScale,8
Combatives_0080_01_actTRWFT,Power,0
Combatives_0080_01_actTRWFT,ArmorBreakLevel,投げ系
Combatives_0080_01_actTRWFT,bScratchCostumeEnable,true
Combatives_0080_01_actTRWR,Power,0
Combatives_0080_01_actULTHI,Power,0
Combatives_0080_01_actULTHI,ArmorBreakLevel,ブラスト
Combatives_0080_01_actULTHI,bReduceZSearchAfterHit,true
Combatives_0080_01_actULTHI,ReduceZSearchEffectTime,0.9
Combatives_0080_01_actULTHI,bDamageCostumeEnable,true
Combatives_0080_01_actULTHI,bDamageCostumeWreck,true
Combatives_0080_01_actULTHI,bScratchCostumeEnable,true
Combatives_0080_10_actDTWFT,Power,0
Combatives_0080_10_actDTWFT,ArmorBreakLevel,投げ系
Combatives_0080_10_actDTWFT,bScratchCostumeEnable,true
Combatives_0080_10_actEXA1,Power,0
Combatives_0080_10_actEXA1,bBuffAvoidable,true
Combatives_0080_10_actEXA1,DestructionFieldScale,8
Combatives_0080_10_actSPM2_ADMHI,Power,0
Combatives_0080_10_actSPM2_ADMHI,ArmorBreakLevel,ブラスト
Combatives_0080_10_actTRWFT,Power,0
Combatives_0080_10_actTRWFT,ArmorBreakLevel,投げ系
Combatives_0080_10_actTRWFT,bScratchCostumeEnable,true
Combatives_0080_10_actTRWR,Power,0
Combatives_0080_10_actULTHI,Power,0
Combatives_0080_10_actULTHI,ArmorBreakLevel,ブラスト
Combatives_0080_10_actULTHI,bReduceZSearchAfterHit,true
Combatives_0080_10_actULTHI,ReduceZSearchEffectTime,0.9
Combatives_0080_10_actULTHI,bDamageCostumeEnable,true
Combatives_0080_10_actULTHI,bDamageCostumeWreck,true
Combatives_0080_10_actULTHI,bScratchCostumeEnable,true
Combatives_0080_11_actDTWFT,Power,0
Combatives_0080_11_actDTWFT,ArmorBreakLevel,投げ系
Combatives_0080_11_actDTWFT,bScratchCostumeEnable,true
Combatives_0080_11_actEXA1,Power,0
Combatives_0080_11_actEXA1,bBuffAvoidable,true
Combatives_0080_11_actEXA1,DestructionFieldScale,8
Combatives_0080_11_actSPM2_ADMHI,Power,0
Combatives_0080_11_actSPM2_ADMHI,ArmorBreakLevel,ブラスト
Combatives_0080_11_actTRWFT,Power,0
Combatives_0080_11_actTRWFT,ArmorBreakLevel,投げ系
Combatives_0080_11_actTRWFT,bScratchCostumeEnable,true
Combatives_0080_11_actTRWR,Power,0
Combatives_0080_11_actULTHI,Power,0
Combatives_0080_11_actULTHI,ArmorBreakLevel,ブラスト
Combatives_0080_11_actULTHI,bDamageCostumeEnable,true
Combatives_0080_11_actULTHI,bDamageCostumeWreck,true
Combatives_0080_11_actULTHI,bScratchCostumeEnable,true
Combatives_0080_30_actDTWFT,Power,0
Combatives_0080_30_actDTWFT,ArmorBreakLevel,投げ系
Combatives_0080_30_actDTWFT,bScratchCostumeEnable,true
Combatives_0080_30_actSPM2HI,Power,0
Combatives_0080_30_actSPM2HI,ArmorBreakLevel,ブラスト
Combatives_0080_30_actSPM2HI,bDamageCostumeEnable,true
Combatives_0080_30_actSPM2HI,bScratchCostumeEnable,true
Combatives_0080_30_actTRWFT,Power,0
Combatives_0080_30_actTRWFT,ArmorBreakLevel,投げ系
Combatives_0080_30_actTRWFT,bScratchCostumeEnable,true
Combatives_0080_30_actTRWR,Power,0
Combatives_0080_30_actULTHI,Power,0
Combatives_0080_30_actULTHI,ArmorBreakLevel,ブラスト
Combatives_0080_30_actULTHI,bReduceZSearchAfterHit,true
Combatives_0080_30_actULTHI,ReduceZSearchEffectTime,0.9
Combatives_0080_30_actULTHI,bDamageCostumeEnable,true
Combatives_0080_30_actULTHI,bDamageCostumeWreck,true
Combatives_0080_30_actULTHI,bScratchCostumeEnable,true
Combatives_0080_31_actDTWFT,Power,0
Combatives_0080_31_actDTWFT,ArmorBreakLevel,投げ系
Combatives_0080_31_actDTWFT,bScratchCostumeEnable,true
Combatives_0080_31_actEXA1,Power,0
Combatives_0080_31_actEXA1,bBuffAvoidable,true
Combatives_0080_31_actEXA1,DestructionFieldScale,8
Combatives_0080_31_actSPM2_ADMHI,Power,0
Combatives_0080_31_actSPM2_ADMHI,ArmorBreakLevel,ブラスト
Combatives_0080_31_actSPM2_ADMHI,bDamageCostumeEnable,true
Combatives_0080_31_actSPM2_ADMHI,bScratchCostumeEnable,true
Combatives_0080_31_actTRWFT,Power,0
Combatives_0080_31_actTRWFT,ArmorBreakLevel,投げ系
Combatives_0080_31_actTRWFT,bScratchCostumeEnable,true
Combatives_0080_31_actTRWR,Power,0
Combatives_0080_31_actULTHI,Power,0
Combatives_0080_31_actULTHI,ArmorBreakLevel,ブラスト
Combatives_0080_31_actULTHI,bDamageCostumeEnable,true
Combatives_0080_31_actULTHI,bDamageCostumeWreck,true
Combatives_0080_31_actULTHI,bScratchCostumeEnable,true
Combatives_0081_20_actDTWFT,Power,0
Combatives_0081_20_actDTWFT,ArmorBreakLevel,投げ系
Combatives_0081_20_actDTWFT,bScratchCostumeEnable,true
Combatives_0081_20_actEXA1,Power,0
Combatives_0081_20_actEXA1,bBuffAvoidable,true
Combatives_0081_20_actEXA1,DestructionFieldScale,8
Combatives_0081_20_actSPM2_ADMHI,Power,0
Combatives_0081_20_actSPM2_ADMHI,ArmorBreakLevel,ブラスト
Combatives_0081_20_actSPM2_ADMHI,bDamageCostumeEnable,true
Combatives_0081_20_actSPM2_ADMHI,bScratchCostumeEnable,true
Combatives_0081_20_actTRWFT,Power,0
Combatives_0081_20_actTRWFT,ArmorBreakLevel,投げ系
Combatives_0081_20_actTRWFT,bScratchCostumeEnable,true
Combatives_0081_20_actTRWR,Power,0
Combatives_0081_20_actULTHI,Power,0
Combatives_0081_20_actULTHI,ArmorBreakLevel,ブラスト
Combatives_0081_20_actULTHI,bReduceZSearchAfterHit,true
Combatives_0081_20_actULTHI,ReduceZSearchEffectTime,0.9
Combatives_0081_20_actULTHI,bDamageCostumeEnable,true
Combatives_0081_20_actULTHI,bDamageCostumeWreck,true
Combatives_0081_20_actULTHI,bScratchCostumeEnable,true
Combatives_0082_00_actDTWFT,Power,0
Combatives_0082_00_actDTWFT,ArmorBreakLevel,投げ系
Combatives_0082_00_actDTWFT,bScratchCostumeEnable,true
Combatives_0082_00_actSPM2HI,Power,0
Combatives_0082_00_actSPM2HI,ArmorBreakLevel,ブラスト
Combatives_0082_00_actTRWFT,Power,0
Combatives_0082_00_actTRWFT,ArmorBreakLevel,投げ系
Combatives_0082_00_actTRWFT,bScratchCostumeEnable,true
Combatives_0082_00_actTRWR,Power,0
Combatives_0082_00_actULTHI,Power,0
Combatives_0082_00_actULTHI,ArmorBreakLevel,ブラスト
Combatives_0082_00_actULTHI,bReduceZSearchAfterHit,true
Combatives_0082_00_actULTHI,ReduceZSearchEffectTime,0.9
Combatives_0082_00_actULTHI,bDamageCostumeEnable,true
Combatives_0082_00_actULTHI,bDamageCostumeWreck,true
Combatives_0082_00_actULTHI,bScratchCostumeEnable,true
Combatives_0082_01_actDTWFT,Power,0
Combatives_0082_01_actDTWFT,ArmorBreakLevel,投げ系
Combatives_0082_01_actDTWFT,bScratchCostumeEnable,true
Combatives_0082_01_actSPM2HI,Power,0
Combatives_0082_01_actSPM2HI,ArmorBreakLevel,ブラスト
Combatives_0082_01_actTRWFT,Power,0
Combatives_0082_01_actTRWFT,ArmorBreakLevel,投げ系
Combatives_0082_01_actTRWFT,bScratchCostumeEnable,true
Combatives_0082_01_actTRWR,Power,0
Combatives_0082_01_actULTHI,Power,0
Combatives_0082_01_actULTHI,ArmorBreakLevel,ブラスト
Combatives_0082_01_actULTHI,bReduceZSearchAfterHit,true
Combatives_0082_01_actULTHI,ReduceZSearchEffectTime,0.9
Combatives_0082_01_actULTHI,bDamageCostumeEnable,true
Combatives_0082_01_actULTHI,bDamageCostumeWreck,true
Combatives_0082_01_actULTHI,bScratchCostumeEnable,true
Combatives_0090_00_actDTWFT,Power,0
Combatives_0090_00_actDTWFT,ArmorBreakLevel,投げ系
Combatives_0090_00_actDTWFT,bScratchCostumeEnable,true
Combatives_0090_00_actSPM2_ADMHI,Power,0
Combatives_0090_00_actSPM2_ADMHI,ArmorBreakLevel,ブラスト
Combatives_0090_00_actSPM2HD1P,Power,5700
Combatives_0090_00_actSPM2HD1P,ArmorBreakLevel,ブラスト
Combatives_0090_00_actTRWFT,Power,0
Combatives_0090_00_actTRWFT,ArmorBreakLevel,投げ系
Combatives_0090_00_actTRWFT,bScratchCostumeEnable,true
Combatives_0090_00_actTRWR,Power,0
Combatives_0090_00_actULTHI,Power,0
Combatives_0090_00_actULTHI,ArmorBreakLevel,ブラスト
Combatives_0090_00_actULTHI,bReduceZSearchAfterHit,true
Combatives_0090_00_actULTHI,ReduceZSearchEffectTime,0.9
Combatives_0090_00_actULTHI,bDamageCostumeEnable,true
Combatives_0090_00_actULTHI,bDamageCostumeWreck,true
Combatives_0090_00_actULTHI,bScratchCostumeEnable,true
Combatives_0090_01_actDTWFT,Power,0
Combatives_0090_01_actDTWFT,ArmorBreakLevel,投げ系
Combatives_0090_01_actDTWFT,bScratchCostumeEnable,true
Combatives_0090_01_actSPM2_ADMHI,Power,0
Combatives_0090_01_actSPM2_ADMHI,ArmorBreakLevel,ブラスト
Combatives_0090_01_actTRWFT,Power,0
Combatives_0090_01_actTRWFT,ArmorBreakLevel,投げ系
Combatives_0090_01_actTRWFT,bScratchCostumeEnable,true
Combatives_0090_01_actTRWR,Power,0
Combatives_0090_01_actULTHI,Power,0
Combatives_0090_01_actULTHI,ArmorBreakLevel,ブラスト
Combatives_0090_01_actULTHI,bReduceZSearchAfterHit,true
Combatives_0090_01_actULTHI,ReduceZSearchEffectTime,0.9
Combatives_0090_01_actULTHI,bDamageCostumeEnable,true
Combatives_0090_01_actULTHI,bDamageCostumeWreck,true
Combatives_0090_01_actULTHI,bScratchCostumeEnable,true
Combatives_0100_00_actDTWFT,Power,0
Combatives_0100_00_actDTWFT,ArmorBreakLevel,投げ系
Combatives_0100_00_actDTWFT,bScratchCostumeEnable,true
Combatives_0100_00_actEXA1,Power,0
Combatives_0100_00_actEXA1,bBuffAvoidable,true
Combatives_0100_00_actEXA1,DestructionFieldScale,8
Combatives_0100_00_actSPM2_ADMHI,Power,0
Combatives_0100_00_actSPM2_ADMHI,ArmorBreakLevel,ブラスト
Combatives_0100_00_actTRWFT,Power,0
Combatives_0100_00_actTRWFT,ArmorBreakLevel,投げ系
Combatives_0100_00_actTRWFT,bScratchCostumeEnable,true
Combatives_0100_00_actTRWR,Power,0
Combatives_0100_00_actULTHI,Power,0
Combatives_0100_00_actULTHI,ArmorBreakLevel,ブラスト
Combatives_0100_00_actULTHI,bReduceZSearchAfterHit,true
Combatives_0100_00_actULTHI,ReduceZSearchEffectTime,0.9
Combatives_0100_00_actULTHI,bDamageCostumeEnable,true
Combatives_0100_00_actULTHI,bDamageCostumeWreck,true
Combatives_0100_00_actULTHI,bScratchCostumeEnable,true
Combatives_0100_01_actDTWFT,Power,0
Combatives_0100_01_actDTWFT,ArmorBreakLevel,投げ系
Combatives_0100_01_actDTWFT,bScratchCostumeEnable,true
Combatives_0100_01_actEXA1,Power,0
Combatives_0100_01_actEXA1,bBuffAvoidable,true
Combatives_0100_01_actSPM2_ADMHI,Power,0
Combatives_0100_01_actSPM2_ADMHI,ArmorBreakLevel,ブラスト
Combatives_0100_01_actSPM2_ADMHI,bDamageCostumeEnable,true
Combatives_0100_01_actSPM2_ADMHI,bScratchCostumeEnable,true
Combatives_0100_01_actTRWFT,Power,0
Combatives_0100_01_actTRWFT,ArmorBreakLevel,投げ系
Combatives_0100_01_actTRWFT,bScratchCostumeEnable,true
Combatives_0100_01_actTRWR,Power,0
Combatives_0100_01_actULTHI,Power,0
Combatives_0100_01_actULTHI,ArmorBreakLevel,ブラスト
Combatives_0100_02_actDTWFT,Power,0
Combatives_0100_02_actDTWFT,ArmorBreakLevel,投げ系
Combatives_0100_02_actDTWFT,bScratchCostumeEnable,true
Combatives_0100_02_actEXA1,Power,0
Combatives_0100_02_actEXA1,bBuffAvoidable,true
Combatives_0100_02_actSPM2_ADMHI,Power,0
Combatives_0100_02_actSPM2_ADMHI,ArmorBreakLevel,ブラスト
Combatives_0100_02_actTRWFT,Power,0
Combatives_0100_02_actTRWFT,ArmorBreakLevel,投げ系
Combatives_0100_02_actTRWFT,bScratchCostumeEnable,true
Combatives_0100_02_actTRWR,Power,0
Combatives_0100_02_actULTHI,Power,0
Combatives_0100_02_actULTHI,ArmorBreakLevel,ブラスト
Combatives_0100_02_actULTHI,bReduceZSearchAfterHit,true
Combatives_0100_02_actULTHI,ReduceZSearchEffectTime,0.9
Combatives_0100_02_actULTHI,bDamageCostumeEnable,true
Combatives_0100_02_actULTHI,bDamageCostumeWreck,true
Combatives_0100_02_actULTHI,bScratchCostumeEnable,true
Combatives_0110_00_actDTWFT,Power,0
Combatives_0110_00_actDTWFT,ArmorBreakLevel,投げ系
Combatives_0110_00_actDTWFT,bScratchCostumeEnable,true
Combatives_0110_00_actEXA1,Power,0
Combatives_0110_00_actEXA1,bBuffAvoidable,true
Combatives_0110_00_actSPM2_ADMHI,Power,0
Combatives_0110_00_actSPM2_ADMHI,ArmorBreakLevel,ブラスト
Combatives_0110_00_actSPM2_ADMHI,bDamageCostumeEnable,true
Combatives_0110_00_actSPM2_ADMHI,bScratchCostumeEnable,true
Combatives_0110_00_actTRWFT,Power,0
Combatives_0110_00_actTRWFT,ArmorBreakLevel,投げ系
Combatives_0110_00_actTRWFT,bScratchCostumeEnable,true
Combatives_0110_00_actTRWR,Power,0
Combatives_0110_00_actULTHI,Power,0
Combatives_0110_00_actULTHI,ArmorBreakLevel,ブラスト
Combatives_0110_00_actULTHI,bReduceZSearchAfterHit,true
Combatives_0110_00_actULTHI,ReduceZSearchEffectTime,0.9
Combatives_0110_00_actULTHI,bDamageCostumeEnable,true
Combatives_0110_00_actULTHI,bDamageCostumeWreck,true
Combatives_0110_00_actULTHI,bScratchCostumeEnable,true
Combatives_0110_01_actDTWFT,Power,0
Combatives_0110_01_actDTWFT,ArmorBreakLevel,投げ系
Combatives_0110_01_actDTWFT,bScratchCostumeEnable,true
Combatives_0110_01_actEXA1,Power,0
Combatives_0110_01_actEXA1,bBuffAvoidable,true
Combatives_0110_01_actFLK1,Power,250
Combatives_0110_01_actFLK1,EnergyGain,300
Combatives_0110_01_actFLK1,SuperZCounterTakeType,EKoratSuperZCounterTakeType::Take
Combatives_0110_01_actFLK1,ArmorBreakLevel,舞空脚
Combatives_0110_01_actFLK1,bSuperCounterAvoidable,true
Combatives_0110_01_actFLK1,bBuffAvoidable,true
Combatives_0110_01_actFLK1,bInterruptGuard,true
Combatives_0110_01_actFLK1,DestructionFieldScale,3
Combatives_0110_01_actFLK1-4,Power,250
Combatives_0110_01_actFLK1-4,EnergyGain,300
Combatives_0110_01_actFLK1-4,SuperZCounterTakeType,EKoratSuperZCounterTakeType::Take
Combatives_0110_01_actFLK1-4,ArmorBreakLevel,舞空脚
Combatives_0110_01_actFLK1-4,bSuperCounterAvoidable,true
Combatives_0110_01_actFLK1-4,bBuffAvoidable,true
Combatives_0110_01_actFLK1-4,DestructionFieldScale,3
Combatives_0110_01_actFLK3,Power,250
Combatives_0110_01_actFLK3,EnergyGain,300
Combatives_0110_01_actFLK3,SuperZCounterTakeType,EKoratSuperZCounterTakeType::Take
Combatives_0110_01_actFLK3,ArmorBreakLevel,舞空脚
Combatives_0110_01_actFLK3,bSuperCounterAvoidable,true
Combatives_0110_01_actFLK3,bBuffAvoidable,true
Combatives_0110_01_actFLK3,DestructionFieldScale,3
Combatives_0110_01_actSPM2_ADMHI,Power,0
Combatives_0110_01_actSPM2_ADMHI,ArmorBreakLevel,ブラスト
Combatives_0110_01_actTRWFT,Power,0
Combatives_0110_01_actTRWFT,ArmorBreakLevel,投げ系
Combatives_0110_01_actTRWFT,bScratchCostumeEnable,true
Combatives_0110_01_actTRWR,Power,0
Combatives_0110_01_actULT2HI,Power,0
Combatives_0110_01_actULT2HI,ArmorBreakLevel,ブラスト
Combatives_0110_01_actULTHI,Power,0
Combatives_0110_01_actULTHI,ArmorBreakLevel,ブラスト
Combatives_0110_01_actULTHI,bReduceZSearchAfterHit,true
Combatives_0110_01_actULTHI,ReduceZSearchEffectTime,0.9
Combatives_0110_01_actULTHI,bDamageCostumeEnable,true
Combatives_0110_01_actULTHI,bDamageCostumeWreck,true
Combatives_0110_01_actULTHI,bScratchCostumeEnable,true
Combatives_0110_02_actDTWFT,Power,0
Combatives_0110_02_actDTWFT,ArmorBreakLevel,投げ系
Combatives_0110_02_actDTWFT,bScratchCostumeEnable,true
Combatives_0110_02_actEXA1,Power,0
Combatives_0110_02_actEXA1,bBuffAvoidable,true
Combatives_0110_02_actSPM2_ADMHI,Power,0
Combatives_0110_02_actSPM2_ADMHI,ArmorBreakLevel,ブラスト
Combatives_0110_02_actTRWFT,Power,0
Combatives_0110_02_actTRWFT,ArmorBreakLevel,投げ系
Combatives_0110_02_actTRWFT,bScratchCostumeEnable,true
Combatives_0110_02_actTRWR,Power,0
Combatives_0110_02_actULTHI,Power,0
Combatives_0110_02_actULTHI,ArmorBreakLevel,ブラスト
Combatives_0110_02_actULTHI,bReduceZSearchAfterHit,true
Combatives_0110_02_actULTHI,ReduceZSearchEffectTime,0.9
Combatives_0110_02_actULTHI,bDamageCostumeEnable,true
Combatives_0110_02_actULTHI,bDamageCostumeWreck,true
Combatives_0110_02_actULTHI,bScratchCostumeEnable,true
Combatives_0110_03_actDTWFT,Power,0
Combatives_0110_03_actDTWFT,ArmorBreakLevel,投げ系
Combatives_0110_03_actDTWFT,bScratchCostumeEnable,true
Combatives_0110_03_actEXA1,Power,0
Combatives_0110_03_actEXA1,bBuffAvoidable,true
Combatives_0110_03_actEXA2,Power,750
Combatives_0110_03_actEXA2,Shave,188
Combatives_0110_03_actEXA2,ArmorBreakLevel,ブラスト
Combatives_0110_03_actEXA2,bBuffAvoidable,true
Combatives_0110_03_actSPM2_ADMHI,Power,0
Combatives_0110_03_actSPM2_ADMHI,ArmorBreakLevel,ブラスト
Combatives_0110_03_actSPM2_ADMHI,bScratchCostumeEnable,true
Combatives_0110_03_actTRWFT,Power,0
Combatives_0110_03_actTRWFT,ArmorBreakLevel,投げ系
Combatives_0110_03_actTRWFT,bScratchCostumeEnable,true
Combatives_0110_03_actTRWR,Power,0
Combatives_0110_03_actULTHI,Power,0
Combatives_0110_03_actULTHI,ArmorBreakLevel,ブラスト
Combatives_0110_03_actULTHI,bReduceZSearchAfterHit,true
Combatives_0110_03_actULTHI,ReduceZSearchEffectTime,0.9
Combatives_0110_03_actULTHI,bDamageCostumeEnable,true
Combatives_0110_03_actULTHI,bDamageCostumeWreck,true
Combatives_0110_03_actULTHI,bScratchCostumeEnable,true
Combatives_0110_04_actDTWFT,Power,0
Combatives_0110_04_actDTWFT,ArmorBreakLevel,投げ系
Combatives_0110_04_actDTWFT,bScratchCostumeEnable,true
Combatives_0110_04_actEXA1,Power,0
Combatives_0110_04_actEXA1,bBuffAvoidable,true
Combatives_0110_04_actSPM2_ADMHI,Power,0
Combatives_0110_04_actSPM2_ADMHI,ArmorBreakLevel,ブラスト
Combatives_0110_04_actTRWFT,Power,0
Combatives_0110_04_actTRWFT,ArmorBreakLevel,投げ系
Combatives_0110_04_actTRWFT,bScratchCostumeEnable,true
Combatives_0110_04_actTRWR,Power,0
Combatives_0110_04_actULTHI,Power,0
Combatives_0110_04_actULTHI,ArmorBreakLevel,ブラスト
Combatives_0120_00_actDTWFT,Power,0
Combatives_0120_00_actDTWFT,ArmorBreakLevel,投げ系
Combatives_0120_00_actDTWFT,bScratchCostumeEnable,true
Combatives_0120_00_actSPM2_ADMHI,Power,0
Combatives_0120_00_actSPM2_ADMHI,ArmorBreakLevel,ブラスト
Combatives_0120_00_actTRWFT,Power,0
Combatives_0120_00_actTRWFT,ArmorBreakLevel,投げ系
Combatives_0120_00_actTRWFT,bScratchCostumeEnable,true
Combatives_0120_00_actTRWR,Power,0
Combatives_0120_00_actULTHI,Power,0
Combatives_0120_00_actULTHI,ArmorBreakLevel,ブラスト
Combatives_0120_00_actULTHI,bReduceZSearchAfterHit,true
Combatives_0120_00_actULTHI,ReduceZSearchEffectTime,0.9
Combatives_0120_00_actULTHI,bDamageCostumeEnable,true
Combatives_0120_00_actULTHI,bDamageCostumeWreck,true
Combatives_0120_00_actULTHI,bScratchCostumeEnable,true
Combatives_0120_01_actDTWFT,Power,0
Combatives_0120_01_actDTWFT,ArmorBreakLevel,投げ系
Combatives_0120_01_actDTWFT,bScratchCostumeEnable,true
Combatives_0120_01_actSPM2_ADMHI,Power,0
Combatives_0120_01_actSPM2_ADMHI,ArmorBreakLevel,ブラスト
Combatives_0120_01_actSPM2_ADMHI,bDamageCostumeEnable,true
Combatives_0120_01_actSPM2_ADMHI,bScratchCostumeEnable,true
Combatives_0120_01_actTRWFT,Power,0
Combatives_0120_01_actTRWFT,ArmorBreakLevel,投げ系
Combatives_0120_01_actTRWFT,bScratchCostumeEnable,true
Combatives_0120_01_actTRWR,Power,0
Combatives_0120_01_actULTHI,Power,0
Combatives_0120_01_actULTHI,ArmorBreakLevel,ブラスト
Combatives_0120_01_actULTHI,bReduceZSearchAfterHit,true
Combatives_0120_01_actULTHI,ReduceZSearchEffectTime,0.9
Combatives_0120_01_actULTHI,bDamageCostumeEnable,true
Combatives_0120_01_actULTHI,bDamageCostumeWreck,true
Combatives_0120_01_actULTHI,bScratchCostumeEnable,true
Combatives_0120_02_actDTWFT,Power,0
Combatives_0120_02_actDTWFT,ArmorBreakLevel,投げ系
Combatives_0120_02_actDTWFT,bScratchCostumeEnable,true
Combatives_0120_02_actEXA1,Power,0
Combatives_0120_02_actEXA1,bBuffAvoidable,true
Combatives_0120_02_actSPM2_ADMHI,Power,0
Combatives_0120_02_actSPM2_ADMHI,ArmorBreakLevel,ブラスト
Combatives_0120_02_actSPM2_ADMHI,bScratchCostumeEnable,true
Combatives_0120_02_actTRWFT,Power,0
Combatives_0120_02_actTRWFT,ArmorBreakLevel,投げ系
Combatives_0120_02_actTRWFT,bScratchCostumeEnable,true
Combatives_0120_02_actTRWR,Power,0
Combatives_0120_02_actULTHI,Power,0
Combatives_0120_02_actULTHI,ArmorBreakLevel,ブラスト
Combatives_0120_02_actULTHI,bReduceZSearchAfterHit,true
Combatives_0120_02_actULTHI,ReduceZSearchEffectTime,0.9
Combatives_0121_00_actDTWFT,Power,0
Combatives_0121_00_actDTWFT,ArmorBreakLevel,投げ系
Combatives_0121_00_actDTWFT,bScratchCostumeEnable,true
Combatives_0121_00_actEXA1,Power,0
Combatives_0121_00_actEXA1,bBuffAvoidable,true
Combatives_0121_00_actSPM2_ADMHI,Power,0
Combatives_0121_00_actSPM2_ADMHI,ArmorBreakLevel,ブラスト
Combatives_0121_00_actTRWFT,Power,0
Combatives_0121_00_actTRWFT,ArmorBreakLevel,投げ系
Combatives_0121_00_actTRWFT,bScratchCostumeEnable,true
Combatives_0121_00_actTRWR,Power,0
Combatives_0121_00_actULTHI,Power,0
Combatives_0121_00_actULTHI,ArmorBreakLevel,ブラスト
Combatives_0121_00_actULTHI,bReduceZSearchAfterHit,true
Combatives_0121_00_actULTHI,ReduceZSearchEffectTime,0.9
Combatives_0121_00_actULTHI,bDamageCostumeEnable,true
Combatives_0121_00_actULTHI,bDamageCostumeWreck,true
Combatives_0121_00_actULTHI,bScratchCostumeEnable,true
Combatives_0130_00_04_actULT2HI,Power,0
Combatives_0130_00_04_actULT2HI,ArmorBreakLevel,ブラスト
Combatives_0130_00_04_actULT2HI,bReduceZSearchAfterHit,true
Combatives_0130_00_04_actULT2HI,ReduceZSearchEffectTime,0.9
Combatives_0130_00_04_actULT2HI,bDamageCostumeEnable,true
Combatives_0130_00_04_actULT2HI,bDamageCostumeWreck,true
Combatives_0130_00_04_actULT2HI,bScratchCostumeEnable,true
Combatives_0130_00_actDTWFT,Power,0
Combatives_0130_00_actDTWFT,ArmorBreakLevel,投げ系
Combatives_0130_00_actDTWFT,bScratchCostumeEnable,true
Combatives_0130_00_actSPM1HD1P,Power,5700
Combatives_0130_00_actSPM1HD1P,ArmorBreakLevel,ブラスト
Combatives_0130_00_actSPM1HI,Power,0
Combatives_0130_00_actSPM1HI,ArmorBreakLevel,ブラスト
Combatives_0130_00_actSPM2HI,Power,0
Combatives_0130_00_actSPM2HI,ArmorBreakLevel,ブラスト
Combatives_0130_00_actTRWFT,Power,0
Combatives_0130_00_actTRWFT,ArmorBreakLevel,投げ系
Combatives_0130_00_actTRWFT,bScratchCostumeEnable,true
Combatives_0130_00_actTRWR,Power,0
Combatives_0130_00_actULTHI,Power,0
Combatives_0130_00_actULTHI,ArmorBreakLevel,ブラスト
Combatives_0140_00_actDTWFT,Power,0
Combatives_0140_00_actDTWFT,ArmorBreakLevel,投げ系
Combatives_0140_00_actDTWFT,bScratchCostumeEnable,true
Combatives_0140_00_actEXA1,Power,0
Combatives_0140_00_actEXA1,bBuffAvoidable,true
Combatives_0140_00_actSPM2_ADMHI,Power,0
Combatives_0140_00_actSPM2_ADMHI,ArmorBreakLevel,ブラスト
Combatives_0140_00_actTRWFT,Power,0
Combatives_0140_00_actTRWFT,ArmorBreakLevel,投げ系
Combatives_0140_00_actTRWFT,bScratchCostumeEnable,true
Combatives_0140_00_actTRWR,Power,0
Combatives_0140_00_actULTHD1P,Power,12500
Combatives_0140_00_actULTHD1P,PowerDpMultiplier[0],1
Combatives_0140_00_actULTHD1P,PowerDpMultiplier[1],1
Combatives_0140_00_actULTHD1P,PowerDpMultiplier[2],1.05
Combatives_0140_00_actULTHD1P,PowerDpMultiplier[3],1.1
Combatives_0140_00_actULTHD1P,PowerDpMultiplier[4],1.15
Combatives_0140_00_actULTHD1P,PowerDpMultiplier[5],1.2
Combatives_0140_00_actULTHD1P,PowerDpMultiplier[6],1.25
Combatives_0140_00_actULTHD1P,PowerDpMultiplier[7],1.3
Combatives_0140_00_actULTHD1P,PowerDpMultiplier[8],1.35
Combatives_0140_00_actULTHD1P,PowerDpMultiplier[9],1.4
Combatives_0140_00_actULTHD1P,PowerDpMultiplier[10],1.45
Combatives_0140_00_actULTHD1P,ArmorBreakLevel,ブラスト
Combatives_0140_00_actULTHD1Pfn,Power,12500
Combatives_0140_00_actULTHD1Pfn,PowerDpMultiplier[0],1
Combatives_0140_00_actULTHD1Pfn,PowerDpMultiplier[1],1
Combatives_0140_00_actULTHD1Pfn,PowerDpMultiplier[2],1.05
Combatives_0140_00_actULTHD1Pfn,PowerDpMultiplier[3],1.1
Combatives_0140_00_actULTHD1Pfn,PowerDpMultiplier[4],1.15
Combatives_0140_00_actULTHD1Pfn,PowerDpMultiplier[5],1.2
Combatives_0140_00_actULTHD1Pfn,PowerDpMultiplier[6],1.25
Combatives_0140_00_actULTHD1Pfn,PowerDpMultiplier[7],1.3
Combatives_0140_00_actULTHD1Pfn,PowerDpMultiplier[8],1.35
Combatives_0140_00_actULTHD1Pfn,PowerDpMultiplier[9],1.4
Combatives_0140_00_actULTHD1Pfn,PowerDpMultiplier[10],1.45
Combatives_0140_00_actULTHD1Pfn,ArmorBreakLevel,ブラスト
Combatives_0140_00_actULTHD1Pfn,bBuffAvoidable,true
Combatives_0140_00_actULTHD1Pfn,bReceiveSelfDamage,true
Combatives_0140_00_actULTHD1Pfn,SelfDamagePower,7500
Combatives_0140_00_actULTHD1Pfn,SelfDamagePowerDpMultiplier[0],1
Combatives_0140_00_actULTHD1Pfn,SelfDamagePowerDpMultiplier[1],1.05
Combatives_0140_00_actULTHD1Pfn,SelfDamagePowerDpMultiplier[2],1.1
Combatives_0140_00_actULTHD1Pfn,SelfDamagePowerDpMultiplier[3],1.15
Combatives_0140_00_actULTHD1Pfn,SelfDamagePowerDpMultiplier[4],1.2
Combatives_0140_00_actULTHD1Pfn,SelfDamagePowerDpMultiplier[5],1.25
Combatives_0140_00_actULTHD1Pfn,SelfDamagePowerDpMultiplier[6],1.3
Combatives_0140_00_actULTHD1Pfn,SelfDamagePowerDpMultiplier[7],1.35
Combatives_0140_00_actULTHD1Pfn,SelfDamagePowerDpMultiplier[8],1.4
Combatives_0140_00_actULTHD1Pfn,SelfDamagePowerDpMultiplier[9],1.45
Combatives_0140_00_actULTHI,Power,0
Combatives_0140_00_actULTHI,ArmorBreakLevel,ブラスト
Combatives_0140_00_actULTHI,bReceiveSelfDamage,true
Combatives_0140_00_actULTHI,SelfDamagePower,5000
Combatives_0140_00_actULTHI,SelfDamagePowerDpMultiplier[0],1
Combatives_0140_00_actULTHI,SelfDamagePowerDpMultiplier[1],1
Combatives_0140_00_actULTHI,SelfDamagePowerDpMultiplier[2],1.1
Combatives_0140_00_actULTHI,SelfDamagePowerDpMultiplier[3],1.2
Combatives_0140_00_actULTHI,SelfDamagePowerDpMultiplier[4],1.3
Combatives_0140_00_actULTHI,SelfDamagePowerDpMultiplier[5],1.4
Combatives_0140_00_actULTHI,SelfDamagePowerDpMultiplier[6],1.6
Combatives_0140_00_actULTHI,SelfDamagePowerDpMultiplier[7],1.8
Combatives_0140_00_actULTHI,SelfDamagePowerDpMultiplier[8],2
Combatives_0140_00_actULTHI,SelfDamagePowerDpMultiplier[9],2.5
Combatives_0140_00_actULTHI,SelfDamagePowerDpMultiplier[10],3
Combatives_0141_00_actDTWFT,Power,0
Combatives_0141_00_actDTWFT,ArmorBreakLevel,投げ系
Combatives_0141_00_actDTWFT,bScratchCostumeEnable,true
Combatives_0141_00_actEXA1,Power,0
Combatives_0141_00_actEXA1,bBuffAvoidable,true
Combatives_0141_00_actSPM2_ADMHI,Power,0
Combatives_0141_00_actSPM2_ADMHI,ArmorBreakLevel,ブラスト
Combatives_0141_00_actTRWFT,Power,0
Combatives_0141_00_actTRWFT,ArmorBreakLevel,投げ系
Combatives_0141_00_actTRWFT,bScratchCostumeEnable,true
Combatives_0141_00_actTRWR,Power,0
Combatives_0141_00_actULTHI,Power,0
Combatives_0141_00_actULTHI,ArmorBreakLevel,ブラスト
Combatives_0141_00_actULTHI,bReduceZSearchAfterHit,true
Combatives_0141_00_actULTHI,ReduceZSearchEffectTime,0.9
Combatives_0141_00_actULTHI,bDamageCostumeEnable,true
Combatives_0141_00_actULTHI,bDamageCostumeWreck,true
Combatives_0141_00_actULTHI,bScratchCostumeEnable,true
Combatives_0150_00_actDTWFT,Power,0
Combatives_0150_00_actDTWFT,ArmorBreakLevel,投げ系
Combatives_0150_00_actDTWFT,bScratchCostumeEnable,true
Combatives_0150_00_actEXA1,Power,0
Combatives_0150_00_actEXA1,bBuffAvoidable,true
Combatives_0150_00_actSPM2_ADMHI,Power,0
Combatives_0150_00_actSPM2_ADMHI,ArmorBreakLevel,ブラスト
Combatives_0150_00_actTRWFT,Power,0
Combatives_0150_00_actTRWFT,ArmorBreakLevel,投げ系
Combatives_0150_00_actTRWFT,bScratchCostumeEnable,true
Combatives_0150_00_actTRWR,Power,0
Combatives_0150_00_actULTHI,Power,0
Combatives_0150_00_actULTHI,ArmorBreakLevel,ブラスト
Combatives_0150_00_actULTHI,bReduceZSearchAfterHit,true
Combatives_0150_00_actULTHI,ReduceZSearchEffectTime,0.9
Combatives_0150_00_actULTHI,bDamageCostumeEnable,true
Combatives_0150_00_actULTHI,bDamageCostumeWreck,true
Combatives_0150_00_actULTHI,bScratchCostumeEnable,true
Combatives_0151_00_actDTWFT,Power,0
Combatives_0151_00_actDTWFT,ArmorBreakLevel,投げ系
Combatives_0151_00_actDTWFT,bScratchCostumeEnable,true
Combatives_0151_00_actEXA1,Power,0
Combatives_0151_00_actEXA1,bBuffAvoidable,true
Combatives_0151_00_actEXA1,DestructionFieldScale,8
Combatives_0151_00_actSPM2_ADMHI,Power,0
Combatives_0151_00_actSPM2_ADMHI,ArmorBreakLevel,ブラスト
Combatives_0151_00_actSPM2_ADMHI,bDamageCostumeEnable,true
Combatives_0151_00_actSPM2_ADMHI,bScratchCostumeEnable,true
Combatives_0151_00_actTRWFT,Power,0
Combatives_0151_00_actTRWFT,ArmorBreakLevel,投げ系
Combatives_0151_00_actTRWFT,bScratchCostumeEnable,true
Combatives_0151_00_actTRWR,Power,0
Combatives_0151_00_actULTHI,Power,0
Combatives_0151_00_actULTHI,ArmorBreakLevel,ブラスト
Combatives_0152_00_actDTWFT,Power,0
Combatives_0152_00_actDTWFT,ArmorBreakLevel,投げ系
Combatives_0152_00_actDTWFT,bScratchCostumeEnable,true
Combatives_0152_00_actSPM2_ADMHI,Power,0
Combatives_0152_00_actSPM2_ADMHI,ArmorBreakLevel,ブラスト
Combatives_0152_00_actTRWFT,Power,0
Combatives_0152_00_actTRWFT,ArmorBreakLevel,投げ系
Combatives_0152_00_actTRWFT,bScratchCostumeEnable,true
Combatives_0152_00_actTRWR,Power,0
Combatives_0152_00_actULTHI,Power,0
Combatives_0152_00_actULTHI,ArmorBreakLevel,ブラスト
Combatives_0152_00_actULTHI,bReduceZSearchAfterHit,true
Combatives_0152_00_actULTHI,ReduceZSearchEffectTime,0.9
Combatives_0152_00_actULTHI,bDamageCostumeEnable,true
Combatives_0152_00_actULTHI,bDamageCostumeWreck,true
Combatives_0152_00_actULTHI,bScratchCostumeEnable,true
Combatives_0153_00_actDTWFT,Power,0
Combatives_0153_00_actDTWFT,ArmorBreakLevel,投げ系
Combatives_0153_00_actDTWFT,bScratchCostumeEnable,true
Combatives_0153_00_actEXA1,Power,0
Combatives_0153_00_actEXA1,bBuffAvoidable,true
Combatives_0153_00_actSPM2_ADMHI,Power,0
Combatives_0153_00_actSPM2_ADMHI,ArmorBreakLevel,ブラスト
Combatives_0153_00_actSPM2_ADMHI,bDamageCostumeEnable,true
Combatives_0153_00_actSPM2_ADMHI,bScratchCostumeEnable,true
Combatives_0153_00_actTRWFT,Power,0
Combatives_0153_00_actTRWFT,ArmorBreakLevel,投げ系
Combatives_0153_00_actTRWFT,bScratchCostumeEnable,true
Combatives_0153_00_actTRWR,Power,0
Combatives_0153_00_actULTHI,Power,0
Combatives_0153_00_actULTHI,ArmorBreakLevel,ブラスト
Combatives_0153_00_actULTHI,bReduceZSearchAfterHit,true
Combatives_0153_00_actULTHI,ReduceZSearchEffectTime,0.9
Combatives_0153_00_actULTHI,bDamageCostumeEnable,true
Combatives_0153_00_actULTHI,bDamageCostumeWreck,true
Combatives_0153_00_actULTHI,bScratchCostumeEnable,true
Combatives_0153_10_actDTWFT,Power,0
Combatives_0153_10_actDTWFT,ArmorBreakLevel,投げ系
Combatives_0153_10_actDTWFT,bScratchCostumeEnable,true
Combatives_0153_10_actEXA1,Power,0
Combatives_0153_10_actEXA1,bBuffAvoidable,true
Combatives_0153_10_actSPM2_ADMHI,Power,0
Combatives_0153_10_actSPM2_ADMHI,ArmorBreakLevel,ブラスト
Combatives_0153_10_actTRWFT,Power,0
Combatives_0153_10_actTRWFT,ArmorBreakLevel,投げ系
Combatives_0153_10_actTRWFT,bScratchCostumeEnable,true
Combatives_0153_10_actTRWR,Power,0
Combatives_0153_10_actULTHI,Power,0
Combatives_0153_10_actULTHI,ArmorBreakLevel,ブラスト
Combatives_0153_10_actULTHI,bReduceZSearchAfterHit,true
Combatives_0153_10_actULTHI,ReduceZSearchEffectTime,0.9
Combatives_0153_10_actULTHI,bDamageCostumeEnable,true
Combatives_0153_10_actULTHI,bDamageCostumeWreck,true
Combatives_0153_10_actULTHI,bScratchCostumeEnable,true
Combatives_0153_20_02_actULT2HI,Power,0
Combatives_0153_20_02_actULT2HI,ArmorBreakLevel,ブラスト
Combatives_0153_20_02_actULT2HI,bReduceZSearchAfterHit,true
Combatives_0153_20_02_actULT2HI,ReduceZSearchEffectTime,0.9
Combatives_0153_20_02_actULT2HI,bDamageCostumeEnable,true
Combatives_0153_20_02_actULT2HI,bDamageCostumeWreck,true
Combatives_0153_20_02_actULT2HI,bScratchCostumeEnable,true
Combatives_0153_20_actDTWFT,Power,0
Combatives_0153_20_actDTWFT,ArmorBreakLevel,投げ系
Combatives_0153_20_actDTWFT,bScratchCostumeEnable,true
Combatives_0153_20_actEXA1,Power,0
Combatives_0153_20_actEXA1,bBuffAvoidable,true
Combatives_0153_20_actSPM2_ADMHI,Power,0
Combatives_0153_20_actSPM2_ADMHI,ArmorBreakLevel,ブラスト
Combatives_0153_20_actSPM2_ADMHI,bDamageCostumeEnable,true
Combatives_0153_20_actSPM2_ADMHI,bScratchCostumeEnable,true
Combatives_0153_20_actSPM2SM,Power,0
Combatives_0153_20_actSPM2SM,bNoKnockDownAttack,true
Combatives_0153_20_actSPM2SM,DestructionFieldScale,7
Combatives_0153_20_actSPM2SM,bEnergyBulletCollision,true
Combatives_0153_20_actSPM2SM,EnergyBulletCollisionPriority,210
Combatives_0153_20_actSPM2SM,bEnergyBullectCollisionSpecial,true
Combatives_0153_20_actSPMSI_Throw,Power,0
Combatives_0153_20_actSPMSI_Throw,bNoKnockDownAttack,true
Combatives_0153_20_actSPMSI_Throw,SuperZCounterTakeType,EKoratSuperZCounterTakeType::Teleport
Combatives_0153_20_actSPMSI_Throw,ArmorBreakLevel,ブラスト
Combatives_0153_20_actSPMSI_Throw,bBuffAvoidable,true
Combatives_0153_20_actSPMSI_Throw,bAvoidHistep,true
Combatives_0153_20_actSPMSI_Throw,DestructionFieldScale,7
Combatives_0153_20_actSPMSI_Throw,bEnergyBulletCollision,true
Combatives_0153_20_actSPMSI_Throw,EnergyBulletCollisionPriority,210
Combatives_0153_20_actSPMSI_Throw,bEnergyBullectCollisionSpecial,true
Combatives_0153_20_actTRWFT,Power,0
Combatives_0153_20_actTRWFT,ArmorBreakLevel,投げ系
Combatives_0153_20_actTRWFT,bScratchCostumeEnable,true
Combatives_0153_20_actTRWR,Power,0
Combatives_0153_20_actULTHD1P,Power,12500
Combatives_0153_20_actULTHD1P,ArmorBreakLevel,ブラスト
Combatives_0153_20_actULTHI,Power,0
Combatives_0153_20_actULTHI,ArmorBreakLevel,ブラスト
Combatives_0153_20_actULTHI,bReduceZSearchAfterHit,true
Combatives_0153_20_actULTHI,ReduceZSearchEffectTime,0.9
Combatives_0153_20_actULTHI,bDamageCostumeEnable,true
Combatives_0153_20_actULTHI,bDamageCostumeWreck,true
Combatives_0153_20_actULTHI,bScratchCostumeEnable,true
Combatives_0154_00_actDTWFT,Power,0
Combatives_0154_00_actDTWFT,ArmorBreakLevel,投げ系
Combatives_0154_00_actDTWFT,bScratchCostumeEnable,true
Combatives_0154_00_actEXA1,Power,0
Combatives_0154_00_actEXA1,bBuffAvoidable,true
Combatives_0154_00_actSPM2SI,Power,6000
Combatives_0154_00_actSPM2SI,Shave,1200
Combatives_0154_00_actSPM2SI,ArmorBreakLevel,ブラスト
Combatives_0154_00_actSPM2SI,bBuffAvoidable,true
Combatives_0154_00_actSPM2SI,bAvoidHistep,true
Combatives_0154_00_actSPM2SI,DestructionFieldScale,7
Combatives_0154_00_actSPM2SI,bEnergyBulletCollision,true
Combatives_0154_00_actSPM2SI,EnergyBulletCollisionPriority,210
Combatives_0154_00_actSPM2SI,bEnergyBullectCollisionSpecial,true
Combatives_0154_00_actSPM2SM,Power,0
Combatives_0154_00_actSPM2SM,bNoKnockDownAttack,true
Combatives_0154_00_actSPM2SM,DestructionFieldScale,7
Combatives_0154_00_actSPM2SM,bEnergyBulletCollision,true
Combatives_0154_00_actSPM2SM,EnergyBulletCollisionPriority,210
Combatives_0154_00_actSPM2SM,bEnergyBullectCollisionSpecial,true
Combatives_0154_00_actTRWFT,Power,0
Combatives_0154_00_actTRWFT,ArmorBreakLevel,投げ系
Combatives_0154_00_actTRWFT,bScratchCostumeEnable,true
Combatives_0154_00_actTRWR,Power,0
Combatives_0154_00_actULTHI,Power,0
Combatives_0154_00_actULTHI,ArmorBreakLevel,ブラスト
Combatives_0154_00_actULTHI,bReduceZSearchAfterHit,true
Combatives_0154_00_actULTHI,ReduceZSearchEffectTime,0.9
Combatives_0154_00_actULTHI,bDamageCostumeEnable,true
Combatives_0154_00_actULTHI,bDamageCostumeWreck,true
Combatives_0154_00_actULTHI,bScratchCostumeEnable,true
Combatives_0155_00_actDTWFT,Power,0
Combatives_0155_00_actDTWFT,ArmorBreakLevel,投げ系
Combatives_0155_00_actDTWFT,bScratchCostumeEnable,true
Combatives_0155_00_actEXA1,Power,0
Combatives_0155_00_actEXA1,bBuffAvoidable,true
Combatives_0155_00_actSPM2_ADMHI,Power,0
Combatives_0155_00_actSPM2_ADMHI,ArmorBreakLevel,ブラスト
Combatives_0155_00_actTRWFT,Power,0
Combatives_0155_00_actTRWFT,ArmorBreakLevel,投げ系
Combatives_0155_00_actTRWFT,bScratchCostumeEnable,true
Combatives_0155_00_actTRWR,Power,0
Combatives_0155_00_actULTHI,Power,0
Combatives_0155_00_actULTHI,ArmorBreakLevel,ブラスト
Combatives_0155_00_actULTHI,bReduceZSearchAfterHit,true
Combatives_0155_00_actULTHI,ReduceZSearchEffectTime,0.9
Combatives_0155_00_actULTHI,bDamageCostumeEnable,true
Combatives_0155_00_actULTHI,bDamageCostumeWreck,true
Combatives_0155_00_actULTHI,bScratchCostumeEnable,true
Combatives_0160_00_actDTWFT,Power,0
Combatives_0160_00_actDTWFT,ArmorBreakLevel,投げ系
Combatives_0160_00_actDTWFT,bScratchCostumeEnable,true
Combatives_0160_00_actTRW1P_1,Power,700
Combatives_0160_00_actTRW1P_1,ArmorBreakLevel,投げ系
Combatives_0160_00_actTRW1P_2D,Power,2000
Combatives_0160_00_actTRW1P_2D,EnergyDamage,10000
Combatives_0160_00_actTRW1P_2D,ArmorBreakLevel,投げ系
Combatives_0160_00_actTRWFT,Power,0
Combatives_0160_00_actTRWFT,ArmorBreakLevel,投げ系
Combatives_0160_00_actTRWFT,bScratchCostumeEnable,true
Combatives_0160_00_actTRWR,Power,0
Combatives_0160_00_actULTHD1P_1,Power,2730
Combatives_0160_00_actULTHD1P_1,ArmorBreakLevel,ブラスト
Combatives_0160_00_actULTHD1P_2D,Power,9270
Combatives_0160_00_actULTHD1P_2D,ArmorBreakLevel,ブラスト
Combatives_0160_00_actULTHI,Power,0
Combatives_0160_00_actULTHI,ArmorBreakLevel,ブラスト
Combatives_0161_00_actDTWFT,Power,0
Combatives_0161_00_actDTWFT,ArmorBreakLevel,投げ系
Combatives_0161_00_actDTWFT,bScratchCostumeEnable,true
Combatives_0161_00_actSPM2HD1P_2D,Power,3970
Combatives_0161_00_actSPM2HD1P_2D,ArmorBreakLevel,ブラスト
Combatives_0161_00_actSPM2HI,Power,0
Combatives_0161_00_actSPM2HI,ArmorBreakLevel,ブラスト
Combatives_0161_00_actTRW1P_1,Power,800
Combatives_0161_00_actTRW1P_1,ArmorBreakLevel,投げ系
Combatives_0161_00_actTRWFT,Power,0
Combatives_0161_00_actTRWFT,ArmorBreakLevel,投げ系
Combatives_0161_00_actTRWFT,bScratchCostumeEnable,true
Combatives_0161_00_actTRWR,Power,0
Combatives_0161_00_actULTHI,Power,0
Combatives_0161_00_actULTHI,ArmorBreakLevel,ブラスト
Combatives_0161_00_actULTHI,bReduceZSearchAfterHit,true
Combatives_0161_00_actULTHI,ReduceZSearchEffectTime,0.9
Combatives_0161_00_actULTHI,bDamageCostumeEnable,true
Combatives_0161_00_actULTHI,bDamageCostumeWreck,true
Combatives_0161_00_actULTHI,bScratchCostumeEnable,true
Combatives_0162_00_actDTWFT,Power,0
Combatives_0162_00_actDTWFT,ArmorBreakLevel,投げ系
Combatives_0162_00_actDTWFT,bScratchCostumeEnable,true
Combatives_0162_00_actTRWFT,Power,0
Combatives_0162_00_actTRWFT,ArmorBreakLevel,投げ系
Combatives_0162_00_actTRWR,Power,0
Combatives_0162_00_actULTHI,Power,0
Combatives_0162_00_actULTHI,ArmorBreakLevel,ブラスト
Combatives_0162_00_actULTHI,bDamageCostumeEnable,true
Combatives_0162_00_actULTHI,bDamageCostumeWreck,true
Combatives_0162_00_actULTHI,bScratchCostumeEnable,true
Combatives_0162_01_actDTWFT,Power,0
Combatives_0162_01_actDTWFT,ArmorBreakLevel,投げ系
Combatives_0162_01_actDTWFT,bScratchCostumeEnable,true
Combatives_0162_01_actEXA1,Power,0
Combatives_0162_01_actEXA1,bBuffAvoidable,true
Combatives_0162_01_actSPM2_ADMHI,Power,0
Combatives_0162_01_actSPM2_ADMHI,ArmorBreakLevel,ブラスト
Combatives_0162_01_actTRWFT,Power,0
Combatives_0162_01_actTRWFT,ArmorBreakLevel,投げ系
Combatives_0162_01_actTRWFT,bScratchCostumeEnable,true
Combatives_0162_01_actTRWR,Power,0
Combatives_0162_01_actULTHI,Power,0
Combatives_0162_01_actULTHI,ArmorBreakLevel,ブラスト
Combatives_0162_01_actULTHI,bReduceZSearchAfterHit,true
Combatives_0162_01_actULTHI,ReduceZSearchEffectTime,0.9
Combatives_0162_01_actULTHI,bDamageCostumeEnable,true
Combatives_0162_01_actULTHI,bDamageCostumeWreck,true
Combatives_0162_01_actULTHI,bScratchCostumeEnable,true
Combatives_0163_00_actDTWFT,Power,0
Combatives_0163_00_actDTWFT,ArmorBreakLevel,投げ系
Combatives_0163_00_actDTWFT,bScratchCostumeEnable,true
Combatives_0163_00_actSPM2_ADMHI,Power,0
Combatives_0163_00_actSPM2_ADMHI,ArmorBreakLevel,ブラスト
Combatives_0163_00_actTRWFT,Power,0
Combatives_0163_00_actTRWFT,ArmorBreakLevel,投げ系
Combatives_0163_00_actTRWFT,bScratchCostumeEnable,true
Combatives_0163_00_actTRWR,Power,0
Combatives_0163_00_actULTHI,Power,0
Combatives_0163_00_actULTHI,ArmorBreakLevel,ブラスト
Combatives_0163_00_actULTHI,bReduceZSearchAfterHit,true
Combatives_0163_00_actULTHI,ReduceZSearchEffectTime,0.9
Combatives_0163_00_actULTHI,bDamageCostumeEnable,true
Combatives_0163_00_actULTHI,bDamageCostumeWreck,true
Combatives_0163_00_actULTHI,bScratchCostumeEnable,true
Combatives_0170_00_actDTWFT,Power,0
Combatives_0170_00_actDTWFT,ArmorBreakLevel,投げ系
Combatives_0170_00_actDTWFT,bScratchCostumeEnable,true
Combatives_0170_00_actSPM1HI,Power,0
Combatives_0170_00_actSPM1HI,ArmorBreakLevel,ブラスト
Combatives_0170_00_actTRWFT,Power,0
Combatives_0170_00_actTRWFT,ArmorBreakLevel,投げ系
Combatives_0170_00_actTRWFT,bScratchCostumeEnable,true
Combatives_0170_00_actTRWR,Power,0
Combatives_0170_00_actULTHI,Power,0
Combatives_0170_00_actULTHI,ArmorBreakLevel,ブラスト
Combatives_0170_00_actULTHI,bReduceZSearchAfterHit,true
Combatives_0170_00_actULTHI,ReduceZSearchEffectTime,0.9
Combatives_0170_00_actULTHI,bDamageCostumeEnable,true
Combatives_0170_00_actULTHI,bDamageCostumeWreck,true
Combatives_0170_00_actULTHI,bScratchCostumeEnable,true
Combatives_0171_00_actDTWFT,Power,0
Combatives_0171_00_actDTWFT,ArmorBreakLevel,投げ系
Combatives_0171_00_actDTWFT,bScratchCostumeEnable,true
Combatives_0171_00_actEXA1,Power,0
Combatives_0171_00_actEXA1,bBuffAvoidable,true
Combatives_0171_00_actSPM2_ADMHI,Power,0
Combatives_0171_00_actSPM2_ADMHI,ArmorBreakLevel,ブラスト
Combatives_0171_00_actSPM2_ADMHI,bScratchCostumeEnable,true
Combatives_0171_00_actTRWFT,Power,0
Combatives_0171_00_actTRWFT,ArmorBreakLevel,投げ系
Combatives_0171_00_actTRWFT,bScratchCostumeEnable,true
Combatives_0171_00_actTRWR,Power,0
Combatives_0171_00_actULTHI,Power,0
Combatives_0171_00_actULTHI,ArmorBreakLevel,ブラスト
Combatives_0171_00_actULTHI,bReduceZSearchAfterHit,true
Combatives_0171_00_actULTHI,ReduceZSearchEffectTime,0.9
Combatives_0171_00_actULTHI,bDamageCostumeEnable,true
Combatives_0171_00_actULTHI,bDamageCostumeWreck,true
Combatives_0171_00_actULTHI,bScratchCostumeEnable,true
Combatives_0172_00_actDTWFT,Power,0
Combatives_0172_00_actDTWFT,ArmorBreakLevel,投げ系
Combatives_0172_00_actDTWFT,bScratchCostumeEnable,true
Combatives_0172_00_actEXA1,Power,0
Combatives_0172_00_actEXA1,bBuffAvoidable,true
Combatives_0172_00_actSPM2_ADMHI,Power,0
Combatives_0172_00_actSPM2_ADMHI,ArmorBreakLevel,ブラスト
Combatives_0172_00_actTRWFT,Power,0
Combatives_0172_00_actTRWFT,ArmorBreakLevel,投げ系
Combatives_0172_00_actTRWFT,bScratchCostumeEnable,true
Combatives_0172_00_actTRWR,Power,0
Combatives_0172_00_actULTHI,Power,0
Combatives_0172_00_actULTHI,ArmorBreakLevel,ブラスト
Combatives_0172_00_actULTHI,bReduceZSearchAfterHit,true
Combatives_0172_00_actULTHI,ReduceZSearchEffectTime,0.9
Combatives_0172_00_actULTHI,bDamageCostumeEnable,true
Combatives_0172_00_actULTHI,bDamageCostumeWreck,true
Combatives_0172_00_actULTHI,bScratchCostumeEnable,true
Combatives_0172_10_actDTWFT,Power,0
Combatives_0172_10_actDTWFT,ArmorBreakLevel,投げ系
Combatives_0172_10_actDTWFT,bScratchCostumeEnable,true
Combatives_0172_10_actEXA1,Power,0
Combatives_0172_10_actEXA1,bBuffAvoidable,true
Combatives_0172_10_actEXA1,DestructionFieldScale,8
Combatives_0172_10_actSPM1HD1P,Power,5700
Combatives_0172_10_actSPM1HD1P,ArmorBreakLevel,ブラスト
Combatives_0172_10_actSPM1HI,Power,0
Combatives_0172_10_actSPM1HI,ArmorBreakLevel,ブラスト
Combatives_0172_10_actSPM1HI,bDamageCostumeEnable,true
Combatives_0172_10_actSPM1HI,bScratchCostumeEnable,true
Combatives_0172_10_actSPM2_ADMHI,Power,0
Combatives_0172_10_actSPM2_ADMHI,ArmorBreakLevel,ブラスト
Combatives_0172_10_actSPM2_ADMHI,bDamageCostumeEnable,true
Combatives_0172_10_actSPM2_ADMHI,bScratchCostumeEnable,true
Combatives_0172_10_actTRWFT,Power,0
Combatives_0172_10_actTRWFT,ArmorBreakLevel,投げ系
Combatives_0172_10_actTRWFT,bScratchCostumeEnable,true
Combatives_0172_10_actTRWR,Power,0
Combatives_0172_10_actULTHI,Power,0
Combatives_0172_10_actULTHI,ArmorBreakLevel,ブラスト
Combatives_0172_10_actULTHI,bReduceZSearchAfterHit,true
Combatives_0172_10_actULTHI,ReduceZSearchEffectTime,0.9
Combatives_0172_10_actULTHI,bDamageCostumeEnable,true
Combatives_0172_10_actULTHI,bDamageCostumeWreck,true
Combatives_0172_10_actULTHI,bScratchCostumeEnable,true
Combatives_0172_11_actDTWFT,Power,0
Combatives_0172_11_actDTWFT,ArmorBreakLevel,投げ系
Combatives_0172_11_actDTWFT,bScratchCostumeEnable,true
Combatives_0172_11_actEXA1,Power,0
Combatives_0172_11_actEXA1,bBuffAvoidable,true
Combatives_0172_11_actSPM2_ADMHI,Power,0
Combatives_0172_11_actSPM2_ADMHI,ArmorBreakLevel,ブラスト
Combatives_0172_11_actTRWFT,Power,0
Combatives_0172_11_actTRWFT,ArmorBreakLevel,投げ系
Combatives_0172_11_actTRWFT,bScratchCostumeEnable,true
Combatives_0172_11_actTRWR,Power,0
Combatives_0172_11_actULTHI,Power,0
Combatives_0172_11_actULTHI,ArmorBreakLevel,ブラスト
Combatives_0172_11_actULTHI,bReduceZSearchAfterHit,true
Combatives_0172_11_actULTHI,ReduceZSearchEffectTime,0.9
Combatives_0172_11_actULTHI,bDamageCostumeEnable,true
Combatives_0172_11_actULTHI,bDamageCostumeWreck,true
Combatives_0172_11_actULTHI,bScratchCostumeEnable,true
Combatives_0173_00_actDTWFT,Power,0
Combatives_0173_00_actDTWFT,ArmorBreakLevel,投げ系
Combatives_0173_00_actDTWFT,bScratchCostumeEnable,true
Combatives_0173_00_actEXA1,Power,0
Combatives_0173_00_actEXA1,bBuffAvoidable,true
Combatives_0173_00_actRSHA3,EnergyGain,300
Combatives_0173_00_actRSHA3,SmashLevelGaugeIncrement,0.2
Combatives_0173_00_actRSHA3,SuperZCounterTakeType,EKoratSuperZCounterTakeType::Take
Combatives_0173_00_actRSHA3,ArmorBreakLevel,ラッシュ格闘A3発目
Combatives_0173_00_actRSHA3,bSuperCounterAvoidable,true
Combatives_0173_00_actRSHA3,bSuperSelfishness,true
Combatives_0173_00_actRSHA3,bBuffAvoidable,true
Combatives_0173_00_actRSHA3,bPossibleAscertain,true
Combatives_0173_00_actRSHA3,DestructionFieldScale,5
Combatives_0173_00_actRSHB3M3_3F,Power,100
Combatives_0173_00_actRSHB3M3_3F,EnergyGain,300
Combatives_0173_00_actRSHB3M3_3F,SmashLevelGaugeIncrement,0.1
Combatives_0173_00_actRSHB3M3_3F,SuperZCounterTakeType,EKoratSuperZCounterTakeType::Take
Combatives_0173_00_actRSHB3M3_3F,ArmorBreakLevel,ラッシュ格闘A3発目
Combatives_0173_00_actRSHB3M3_3F,bSuperCounterAvoidable,true
Combatives_0173_00_actRSHB3M3_3F,bSuperSelfishness,true
Combatives_0173_00_actRSHB3M3_3F,bBuffAvoidable,true
Combatives_0173_00_actRSHB3M3_3F,bPossibleAscertain,true
Combatives_0173_00_actSPM2HI,Power,0
Combatives_0173_00_actSPM2HI,ArmorBreakLevel,ブラスト
Combatives_0173_00_actTRWFT,Power,0
Combatives_0173_00_actTRWFT,ArmorBreakLevel,投げ系
Combatives_0173_00_actTRWFT,bScratchCostumeEnable,true
Combatives_0173_00_actTRWR,Power,0
Combatives_0173_00_actULTHI,Power,0
Combatives_0173_00_actULTHI,ArmorBreakLevel,ブラスト
Combatives_0173_00_actULTHI,bReduceZSearchAfterHit,true
Combatives_0173_00_actULTHI,ReduceZSearchEffectTime,0.9
Combatives_0173_00_actULTHI,bDamageCostumeEnable,true
Combatives_0173_00_actULTHI,bDamageCostumeWreck,true
Combatives_0173_00_actULTHI,bScratchCostumeEnable,true
Combatives_0180_00_actDTWFT,Power,0
Combatives_0180_00_actDTWFT,ArmorBreakLevel,投げ系
Combatives_0180_00_actDTWFT,bScratchCostumeEnable,true
Combatives_0180_00_actEXA1,Power,0
Combatives_0180_00_actEXA1,bBuffAvoidable,true
Combatives_0180_00_actSPM1HI,Power,8500
Combatives_0180_00_actSPM1HI,ArmorBreakLevel,ブラスト
Combatives_0180_00_actSPM1HISA,Power,1
Combatives_0180_00_actSPM1HISA,ArmorBreakLevel,ブラスト
Combatives_0180_00_actSPM1HISA,bBuffAvoidable,true
Combatives_0180_00_actSPM2_ADMHI,Power,0
Combatives_0180_00_actSPM2_ADMHI,ArmorBreakLevel,ブラスト
Combatives_0180_00_actSPM2_ADMHI,bDamageCostumeEnable,true
Combatives_0180_00_actSPM2_ADMHI,bScratchCostumeEnable,true
Combatives_0180_00_actSPM2HD1P,Power,6350
Combatives_0180_00_actSPM2HD1P,ArmorBreakLevel,ブラスト
Combatives_0180_00_actTRWFT,Power,0
Combatives_0180_00_actTRWFT,ArmorBreakLevel,投げ系
Combatives_0180_00_actTRWFT,bScratchCostumeEnable,true
Combatives_0180_00_actTRWR,Power,0
Combatives_0180_00_actULTHD1P,Power,16750
Combatives_0180_00_actULTHD1P,ArmorBreakLevel,ブラスト
Combatives_0180_00_actULTHI,Power,0
Combatives_0180_00_actULTHI,ArmorBreakLevel,ブラスト
Combatives_0180_actSINtG,Power,950
Combatives_0180_actSINtG,SuperZCounterTakeType,EKoratSuperZCounterTakeType::Take
Combatives_0180_actSINtG,ArmorBreakLevel,ブラスト
Combatives_0180_actSINtG,DestructionFieldScale,7
Combatives_0180_actSINtG_SPM1,Power,700
Combatives_0180_actSINtG_SPM1,SuperZCounterTakeType,EKoratSuperZCounterTakeType::Take
Combatives_0180_actSINtG_SPM1,ArmorBreakLevel,ブラスト
Combatives_0180_actSINtG_SPM1,DestructionFieldScale,7
Combatives_0180_actSINtGUB,Power,1600
Combatives_0180_actSINtGUB,SuperZCounterTakeType,EKoratSuperZCounterTakeType::Take
Combatives_0180_actSINtGUB,ArmorBreakLevel,ブラスト
Combatives_0180_actSINtGUB,DestructionFieldScale,7
Combatives_0190_00_actDTWFT,Power,0
Combatives_0190_00_actDTWFT,ArmorBreakLevel,投げ系
Combatives_0190_00_actDTWFT,bScratchCostumeEnable,true
Combatives_0190_00_actEXA1,Power,0
Combatives_0190_00_actEXA1,bBuffAvoidable,true
Combatives_0190_00_actSPM2_ADMHI,Power,0
Combatives_0190_00_actSPM2_ADMHI,ArmorBreakLevel,ブラスト
Combatives_0190_00_actSPM2_ADMHI,bScratchCostumeEnable,true
Combatives_0190_00_actTRWFT,Power,0
Combatives_0190_00_actTRWFT,ArmorBreakLevel,投げ系
Combatives_0190_00_actTRWR,Power,0
Combatives_0190_00_actULTHI,Power,0
Combatives_0190_00_actULTHI,ArmorBreakLevel,ブラスト
Combatives_0190_00_actULTHI,bReduceZSearchAfterHit,true
Combatives_0190_00_actULTHI,ReduceZSearchEffectTime,0.9
Combatives_0190_00_actULTHI,bDamageCostumeEnable,true
Combatives_0190_00_actULTHI,bDamageCostumeWreck,true
Combatives_0190_00_actULTHI,bScratchCostumeEnable,true
Combatives_0190_00_actULTHI,bReceiveSelfDamage,true
Combatives_0190_00_actULTHI,SelfDamagePower,999999
Combatives_0210_00_actDTWFT,Power,0
Combatives_0210_00_actDTWFT,ArmorBreakLevel,投げ系
Combatives_0210_00_actDTWFT,bScratchCostumeEnable,true
Combatives_0210_00_actEXA1,Power,0
Combatives_0210_00_actEXA1,bBuffAvoidable,true
Combatives_0210_00_actSPM1SI,Power,6000
Combatives_0210_00_actSPM1SI,Shave,1200
Combatives_0210_00_actSPM1SI,ArmorBreakLevel,ブラスト
Combatives_0210_00_actSPM1SI,bBuffAvoidable,true
Combatives_0210_00_actSPM1SI,bAvoidHistep,true
Combatives_0210_00_actSPM1SI,DestructionFieldScale,7
Combatives_0210_00_actSPM2_ADMHI,Power,0
Combatives_0210_00_actSPM2_ADMHI,ArmorBreakLevel,ブラスト
Combatives_0210_00_actTRWFT,Power,0
Combatives_0210_00_actTRWFT,ArmorBreakLevel,投げ系
Combatives_0210_00_actTRWFT,bScratchCostumeEnable,true
Combatives_0210_00_actTRWR,Power,0
Combatives_0210_00_actULTHI,Power,0
Combatives_0210_00_actULTHI,ArmorBreakLevel,ブラスト
Combatives_0220_00_actDTWFT,Power,0
Combatives_0220_00_actDTWFT,ArmorBreakLevel,投げ系
Combatives_0220_00_actDTWFT,bScratchCostumeEnable,true
Combatives_0220_00_actSPM1SI,Power,6000
Combatives_0220_00_actSPM1SI,Shave,1200
Combatives_0220_00_actSPM1SI,ArmorBreakLevel,ブラスト
Combatives_0220_00_actSPM1SI,bBuffAvoidable,true
Combatives_0220_00_actSPM1SI,bAvoidHistep,true
Combatives_0220_00_actSPM1SI,DestructionFieldScale,7
Combatives_0220_00_actSPM1SI,bEnergyBulletCollision,true
Combatives_0220_00_actSPM1SI,EnergyBulletCollisionPriority,210
Combatives_0220_00_actSPM1SI,bEnergyBullectCollisionSpecial,true
Combatives_0220_00_actSPM1SM,Power,0
Combatives_0220_00_actSPM1SM,bNoKnockDownAttack,true
Combatives_0220_00_actSPM1SM,DestructionFieldScale,7
Combatives_0220_00_actSPM1SM,bEnergyBulletCollision,true
Combatives_0220_00_actSPM1SM,EnergyBulletCollisionPriority,210
Combatives_0220_00_actSPM1SM,bEnergyBullectCollisionSpecial,true
Combatives_0220_00_actSPM2_ADMHI,Power,0
Combatives_0220_00_actSPM2_ADMHI,ArmorBreakLevel,ブラスト
Combatives_0220_00_actTRWFT,Power,0
Combatives_0220_00_actTRWFT,ArmorBreakLevel,投げ系
Combatives_0220_00_actTRWFT,bScratchCostumeEnable,true
Combatives_0220_00_actTRWR,Power,0
Combatives_0220_00_actULTHI,Power,0
Combatives_0220_00_actULTHI,ArmorBreakLevel,ブラスト
Combatives_0220_00_actULTHI,bDamageCostumeEnable,true
Combatives_0220_00_actULTHI,bDamageCostumeWreck,true
Combatives_0220_00_actULTHI,bScratchCostumeEnable,true
Combatives_0230_00_actDTWFT,Power,0
Combatives_0230_00_actDTWFT,ArmorBreakLevel,投げ系
Combatives_0230_00_actDTWFT,bScratchCostumeEnable,true
Combatives_0230_00_actSPM2_ADMHI,Power,0
Combatives_0230_00_actSPM2_ADMHI,ArmorBreakLevel,ブラスト
Combatives_0230_00_actSPM2_ADMHI,bDamageCostumeEnable,true
Combatives_0230_00_actSPM2_ADMHI,bScratchCostumeEnable,true
Combatives_0230_00_actTRWFT,Power,0
Combatives_0230_00_actTRWFT,ArmorBreakLevel,投げ系
Combatives_0230_00_actTRWFT,bScratchCostumeEnable,true
Combatives_0230_00_actTRWR,Power,0
Combatives_0230_00_actULT_SDMHI,Power,0
Combatives_0230_00_actULT_SDMHI,ArmorBreakLevel,ブラスト
Combatives_0230_00_actULT_SDMHI,bReduceZSearchAfterHit,true
Combatives_0230_00_actULT_SDMHI,ReduceZSearchEffectTime,3
Combatives_0230_00_actULT_SDMHI,bDamageCostumeEnable,true
Combatives_0230_00_actULT_SDMHI,bDamageCostumeWreck,true
Combatives_0230_00_actULT_SDMHI,bScratchCostumeEnable,true
Combatives_0240_00_actDTWFT,Power,0
Combatives_0240_00_actDTWFT,ArmorBreakLevel,投げ系
Combatives_0240_00_actDTWFT,bScratchCostumeEnable,true
Combatives_0240_00_actSPM2HI,Power,0
Combatives_0240_00_actSPM2HI,ArmorBreakLevel,ブラスト
Combatives_0240_00_actTRWFT,Power,0
Combatives_0240_00_actTRWFT,ArmorBreakLevel,投げ系
Combatives_0240_00_actTRWFT,bScratchCostumeEnable,true
Combatives_0240_00_actTRWR,Power,0
Combatives_0240_00_actULTHI,Power,0
Combatives_0240_00_actULTHI,ArmorBreakLevel,ブラスト
Combatives_0240_00_actULTHI,bReduceZSearchAfterHit,true
Combatives_0240_00_actULTHI,ReduceZSearchEffectTime,0.9
Combatives_0240_00_actULTHI,bDamageCostumeEnable,true
Combatives_0240_00_actULTHI,bDamageCostumeWreck,true
Combatives_0240_00_actULTHI,bScratchCostumeEnable,true
Combatives_0240_01_actDTWFT,Power,0
Combatives_0240_01_actDTWFT,ArmorBreakLevel,投げ系
Combatives_0240_01_actDTWFT,bScratchCostumeEnable,true
Combatives_0240_01_actSPM2HI,Power,0
Combatives_0240_01_actSPM2HI,ArmorBreakLevel,ブラスト
Combatives_0240_01_actTRWFT,Power,0
Combatives_0240_01_actTRWFT,ArmorBreakLevel,投げ系
Combatives_0240_01_actTRWFT,bScratchCostumeEnable,true
Combatives_0240_01_actTRWR,Power,0
Combatives_0240_01_actULTHI,Power,0
Combatives_0240_01_actULTHI,ArmorBreakLevel,ブラスト
Combatives_0240_01_actULTHI,bReduceZSearchAfterHit,true
Combatives_0240_01_actULTHI,ReduceZSearchEffectTime,0.9
Combatives_0240_01_actULTHI,bDamageCostumeEnable,true
Combatives_0240_01_actULTHI,bDamageCostumeWreck,true
Combatives_0240_01_actULTHI,bScratchCostumeEnable,true
Combatives_0260_00_actDTWFT,Power,0
Combatives_0260_00_actDTWFT,ArmorBreakLevel,投げ系
Combatives_0260_00_actDTWFT,bScratchCostumeEnable,true
Combatives_0260_00_actEXA1,Power,0
Combatives_0260_00_actEXA1,bBuffAvoidable,true
Combatives_0260_00_actSPM2_ADMHI,Power,0
Combatives_0260_00_actSPM2_ADMHI,ArmorBreakLevel,ブラスト
Combatives_0260_00_actTRWFT,Power,0
Combatives_0260_00_actTRWFT,ArmorBreakLevel,投げ系
Combatives_0260_00_actTRWFT,bScratchCostumeEnable,true
Combatives_0260_00_actTRWR,Power,0
Combatives_0260_00_actULTHI,Power,0
Combatives_0260_00_actULTHI,ArmorBreakLevel,ブラスト
Combatives_0270_00_actDTWFT,Power,0
Combatives_0270_00_actDTWFT,ArmorBreakLevel,投げ系
Combatives_0270_00_actDTWFT,bScratchCostumeEnable,true
Combatives_0270_00_actEXA1,Power,0
Combatives_0270_00_actEXA1,bBuffAvoidable,true
Combatives_0270_00_actSPM1_ADMHI,Power,0
Combatives_0270_00_actSPM1_ADMHI,ArmorBreakLevel,ブラスト
Combatives_0270_00_actSPM2SI,Power,6000
Combatives_0270_00_actSPM2SI,Shave,1200
Combatives_0270_00_actSPM2SI,ArmorBreakLevel,ブラスト
Combatives_0270_00_actSPM2SI,bBuffAvoidable,true
Combatives_0270_00_actSPM2SI,bAvoidHistep,true
Combatives_0270_00_actSPM2SI,DestructionFieldScale,7
Combatives_0270_00_actTRWFT,Power,0
Combatives_0270_00_actTRWFT,ArmorBreakLevel,投げ系
Combatives_0270_00_actTRWFT,bScratchCostumeEnable,true
Combatives_0270_00_actTRWR,Power,0
Combatives_0270_00_actULTHI,Power,0
Combatives_0270_00_actULTHI,ArmorBreakLevel,ブラスト
Combatives_0270_00_actULTHI,bScratchCostumeEnable,true
Combatives_0280_00_actDTWFT,Power,0
Combatives_0280_00_actDTWFT,ArmorBreakLevel,投げ系
Combatives_0280_00_actDTWFT,bScratchCostumeEnable,true
Combatives_0280_00_actEXA1,Power,0
Combatives_0280_00_actEXA1,bBuffAvoidable,true
Combatives_0280_00_actSPM1SI,Power,6000
Combatives_0280_00_actSPM1SI,Shave,1200
Combatives_0280_00_actSPM1SI,ArmorBreakLevel,ブラスト
Combatives_0280_00_actSPM1SI,bBuffAvoidable,true
Combatives_0280_00_actSPM1SI,bAvoidHistep,true
Combatives_0280_00_actSPM1SI,DestructionFieldScale,7
Combatives_0280_00_actTRWFT,Power,0
Combatives_0280_00_actTRWFT,ArmorBreakLevel,投げ系
Combatives_0280_00_actTRWFT,bScratchCostumeEnable,true
Combatives_0280_00_actTRWR,Power,0
Combatives_0280_00_actULTHI,Power,0
Combatives_0280_00_actULTHI,ArmorBreakLevel,ブラスト
Combatives_0301_00_actDTWFT,Power,0
Combatives_0301_00_actDTWFT,ArmorBreakLevel,投げ系
Combatives_0301_00_actDTWFT,bScratchCostumeEnable,true
Combatives_0301_00_actEXA1,Power,0
Combatives_0301_00_actEXA1,bBuffAvoidable,true
Combatives_0301_00_actSPM2HI,Power,0
Combatives_0301_00_actSPM2HI,ArmorBreakLevel,ブラスト
Combatives_0301_00_actTRWFT,Power,0
Combatives_0301_00_actTRWFT,ArmorBreakLevel,投げ系
Combatives_0301_00_actTRWFT,bScratchCostumeEnable,true
Combatives_0301_00_actTRWR,Power,0
Combatives_0301_00_actULTHI,Power,0
Combatives_0301_00_actULTHI,ArmorBreakLevel,ブラスト
Combatives_0310_00_actDTWFT,Power,0
Combatives_0310_00_actDTWFT,ArmorBreakLevel,投げ系
Combatives_0310_00_actDTWFT,bScratchCostumeEnable,true
Combatives_0310_00_actSPM2HI,Power,0
Combatives_0310_00_actSPM2HI,ArmorBreakLevel,ブラスト
Combatives_0310_00_actTRWFT,Power,0
Combatives_0310_00_actTRWFT,ArmorBreakLevel,投げ系
Combatives_0310_00_actTRWFT,bScratchCostumeEnable,true
Combatives_0310_00_actTRWR,Power,0
Combatives_0310_00_actULTHI,Power,0
Combatives_0310_00_actULTHI,ArmorBreakLevel,ブラスト
Combatives_0310_00_actULTHI,bReduceZSearchAfterHit,true
Combatives_0310_00_actULTHI,ReduceZSearchEffectTime,0.9
Combatives_0310_00_actULTHI,bDamageCostumeEnable,true
Combatives_0310_00_actULTHI,bDamageCostumeWreck,true
Combatives_0310_00_actULTHI,bScratchCostumeEnable,true
Combatives_0310_01_actDTWFT,Power,0
Combatives_0310_01_actDTWFT,ArmorBreakLevel,投げ系
Combatives_0310_01_actDTWFT,bScratchCostumeEnable,true
Combatives_0310_01_actSPM2HI,Power,0
Combatives_0310_01_actSPM2HI,ArmorBreakLevel,ブラスト
Combatives_0310_01_actSPM2HI,bDamageCostumeEnable,true
Combatives_0310_01_actSPM2HI,bScratchCostumeEnable,true
Combatives_0310_01_actTRWFT,Power,0
Combatives_0310_01_actTRWFT,ArmorBreakLevel,投げ系
Combatives_0310_01_actTRWFT,bScratchCostumeEnable,true
Combatives_0310_01_actTRWR,Power,0
Combatives_0310_01_actULTHI,Power,0
Combatives_0310_01_actULTHI,ArmorBreakLevel,ブラスト
Combatives_0310_01_actULTHI,bReduceZSearchAfterHit,true
Combatives_0310_01_actULTHI,ReduceZSearchEffectTime,0.9
Combatives_0310_01_actULTHI,bDamageCostumeEnable,true
Combatives_0310_01_actULTHI,bDamageCostumeWreck,true
Combatives_0310_01_actULTHI,bScratchCostumeEnable,true
Combatives_0320_00_actDTWFT,Power,0
Combatives_0320_00_actDTWFT,ArmorBreakLevel,投げ系
Combatives_0320_00_actDTWFT,bScratchCostumeEnable,true
Combatives_0320_00_actEXA1,Power,0
Combatives_0320_00_actEXA1,bBuffAvoidable,true
Combatives_0320_00_actSPM2HI,Power,0
Combatives_0320_00_actSPM2HI,ArmorBreakLevel,ブラスト
Combatives_0320_00_actTRWFT,Power,0
Combatives_0320_00_actTRWFT,ArmorBreakLevel,投げ系
Combatives_0320_00_actTRWFT,bScratchCostumeEnable,true
Combatives_0320_00_actTRWR,Power,0
Combatives_0320_00_actULTHI,Power,0
Combatives_0320_00_actULTHI,ArmorBreakLevel,ブラスト
Combatives_0320_00_actULTHI,bReduceZSearchAfterHit,true
Combatives_0320_00_actULTHI,ReduceZSearchEffectTime,0.9
Combatives_0320_00_actULTHI,bDamageCostumeEnable,true
Combatives_0320_00_actULTHI,bDamageCostumeWreck,true
Combatives_0320_00_actULTHI,bScratchCostumeEnable,true
Combatives_0330_00_actDTWFT,Power,0
Combatives_0330_00_actDTWFT,ArmorBreakLevel,投げ系
Combatives_0330_00_actDTWFT,bScratchCostumeEnable,true
Combatives_0330_00_actEXA1,Power,0
Combatives_0330_00_actEXA1,bBuffAvoidable,true
Combatives_0330_00_actSPM2_ADMHI,Power,0
Combatives_0330_00_actSPM2_ADMHI,ArmorBreakLevel,ブラスト
Combatives_0330_00_actTRWFT,Power,0
Combatives_0330_00_actTRWFT,ArmorBreakLevel,投げ系
Combatives_0330_00_actTRWFT,bScratchCostumeEnable,true
Combatives_0330_00_actTRWR,Power,0
Combatives_0330_00_actULTHI,Power,0
Combatives_0330_00_actULTHI,ArmorBreakLevel,ブラスト
Combatives_0330_00_actULTHI,bReduceZSearchAfterHit,true
Combatives_0330_00_actULTHI,ReduceZSearchEffectTime,0.9
Combatives_0330_00_actULTHI,bDamageCostumeEnable,true
Combatives_0330_00_actULTHI,bDamageCostumeWreck,true
Combatives_0330_00_actULTHI,bScratchCostumeEnable,true
Combatives_0330_00_actULTHI,bReceiveSelfDamage,true
Combatives_0330_00_actULTHI,SelfDamagePower,999999
Combatives_0340_00_actDTWFT,Power,0
Combatives_0340_00_actDTWFT,ArmorBreakLevel,投げ系
Combatives_0340_00_actDTWFT,bScratchCostumeEnable,true
Combatives_0340_00_actEXA1,Power,0
Combatives_0340_00_actEXA1,bBuffAvoidable,true
Combatives_0340_00_actTRWFT,Power,0
Combatives_0340_00_actTRWFT,ArmorBreakLevel,投げ系
Combatives_0340_00_actTRWFT,bScratchCostumeEnable,true
Combatives_0340_00_actTRWR,Power,0
Combatives_0340_00_actULT_SRPHI,Power,0
Combatives_0340_00_actULT_SRPHI,ArmorBreakLevel,ブラスト
Combatives_0340_00_actULT_SRPHI,bReduceZSearchAfterHit,true
Combatives_0340_00_actULT_SRPHI,ReduceZSearchEffectTime,3
Combatives_0340_00_actULT_SRPHI,bDamageCostumeEnable,true
Combatives_0340_00_actULT_SRPHI,bDamageCostumeWreck,true
Combatives_0340_00_actULT_SRPHI,bScratchCostumeEnable,true
Combatives_0350_00_actDTWFT,Power,0
Combatives_0350_00_actDTWFT,ArmorBreakLevel,投げ系
Combatives_0350_00_actDTWFT,bScratchCostumeEnable,true
Combatives_0350_00_actEXA1,Power,0
Combatives_0350_00_actEXA1,bBuffAvoidable,true
Combatives_0350_00_actSPM2HD1P,Power,6000
Combatives_0350_00_actSPM2HD1P,ArmorBreakLevel,気合砲
Combatives_0350_00_actSPM2HD1P,bBuffAvoidable,true
Combatives_0350_00_actSPM2HI,Power,0
Combatives_0350_00_actSPM2HI,ArmorBreakLevel,ブラスト
Combatives_0350_00_actTRWFT,Power,0
Combatives_0350_00_actTRWFT,ArmorBreakLevel,投げ系
Combatives_0350_00_actTRWFT,bScratchCostumeEnable,true
Combatives_0350_00_actTRWR,Power,0
Combatives_0350_00_actULTHD1P,Power,12000
Combatives_0350_00_actULTHD1P,ArmorBreakLevel,ブラスト
Combatives_0350_00_actULTHD1P,bReduceZSearchAfterHit,true
Combatives_0350_00_actULTHD1P,ReduceZSearchEffectTime,3
Combatives_0350_00_actULTHI,Power,0
Combatives_0350_00_actULTHI,ArmorBreakLevel,ブラスト
Combatives_0350_00_actULTHI,bDamageCostumeEnable,true
Combatives_0350_00_actULTHI,bDamageCostumeWreck,true
Combatives_0350_00_actULTHI,bScratchCostumeEnable,true
Combatives_0351_00_actDTWFT,Power,0
Combatives_0351_00_actDTWFT,ArmorBreakLevel,投げ系
Combatives_0351_00_actDTWFT,bScratchCostumeEnable,true
Combatives_0351_00_actEXA1,Power,0
Combatives_0351_00_actEXA1,bBuffAvoidable,true
Combatives_0351_00_actSPM2_ADMHI,Power,0
Combatives_0351_00_actSPM2_ADMHI,ArmorBreakLevel,ブラスト
Combatives_0351_00_actTRWFT,Power,0
Combatives_0351_00_actTRWFT,ArmorBreakLevel,投げ系
Combatives_0351_00_actTRWFT,bScratchCostumeEnable,true
Combatives_0351_00_actTRWR,Power,0
Combatives_0351_00_actULTHI,Power,0
Combatives_0351_00_actULTHI,ArmorBreakLevel,ブラスト
Combatives_0351_00_actULTHI,bReduceZSearchAfterHit,true
Combatives_0351_00_actULTHI,ReduceZSearchEffectTime,0.9
Combatives_0351_00_actULTHI,bScratchCostumeEnable,true
Combatives_0360_00_actDTWFT,Power,0
Combatives_0360_00_actDTWFT,ArmorBreakLevel,投げ系
Combatives_0360_00_actDTWFT,bScratchCostumeEnable,true
Combatives_0360_00_actEXA1,Power,0
Combatives_0360_00_actEXA1,bBuffAvoidable,true
Combatives_0360_00_actSPM2SI,Power,6000
Combatives_0360_00_actSPM2SI,Shave,1200
Combatives_0360_00_actSPM2SI,ArmorBreakLevel,ブラスト
Combatives_0360_00_actSPM2SI,bBuffAvoidable,true
Combatives_0360_00_actSPM2SI,bAvoidHistep,true
Combatives_0360_00_actSPM2SI,bScratchCostumeEnable,true
Combatives_0360_00_actSPM2SI,DestructionFieldScale,7
Combatives_0360_00_actTRWFT,Power,0
Combatives_0360_00_actTRWFT,ArmorBreakLevel,投げ系
Combatives_0360_00_actTRWFT,bScratchCostumeEnable,true
Combatives_0360_00_actTRWR,Power,0
Combatives_0360_00_actULTHI,Power,0
Combatives_0360_00_actULTHI,ArmorBreakLevel,ブラスト
Combatives_0360_00_actULTHI,bReduceZSearchAfterHit,true
Combatives_0360_00_actULTHI,ReduceZSearchEffectTime,0.9
Combatives_0360_00_actULTHI,bDamageCostumeEnable,true
Combatives_0360_00_actULTHI,bDamageCostumeWreck,true
Combatives_0360_00_actULTHI,bScratchCostumeEnable,true
Combatives_0370_00_actDTWFT,Power,0
Combatives_0370_00_actDTWFT,ArmorBreakLevel,投げ系
Combatives_0370_00_actDTWFT,bScratchCostumeEnable,true
Combatives_0370_00_actEXA1,Power,0
Combatives_0370_00_actEXA1,bBuffAvoidable,true
Combatives_0370_00_actSPM2_ADMHI,Power,0
Combatives_0370_00_actSPM2_ADMHI,ArmorBreakLevel,ブラスト
Combatives_0370_00_actSPM2_ADMHI,bScratchCostumeEnable,true
Combatives_0370_00_actTRWFT,Power,0
Combatives_0370_00_actTRWFT,ArmorBreakLevel,投げ系
Combatives_0370_00_actTRWFT,bScratchCostumeEnable,true
Combatives_0370_00_actTRWR,Power,0
Combatives_0370_00_actULTHI,Power,0
Combatives_0370_00_actULTHI,ArmorBreakLevel,ブラスト
Combatives_0370_00_actULTHI,bReduceZSearchAfterHit,true
Combatives_0370_00_actULTHI,ReduceZSearchEffectTime,0.9
Combatives_0370_00_actULTHI,bDamageCostumeEnable,true
Combatives_0370_00_actULTHI,bDamageCostumeWreck,true
Combatives_0370_00_actULTHI,bScratchCostumeEnable,true
Combatives_0380_00_actDTWFT,Power,0
Combatives_0380_00_actDTWFT,ArmorBreakLevel,投げ系
Combatives_0380_00_actDTWFT,bScratchCostumeEnable,true
Combatives_0380_00_actSPM2_ADMHI,Power,0
Combatives_0380_00_actSPM2_ADMHI,ArmorBreakLevel,ブラスト
Combatives_0380_00_actSPM2_ADMHI,bDamageCostumeEnable,true
Combatives_0380_00_actSPM2_ADMHI,bScratchCostumeEnable,true
Combatives_0380_00_actTRWFT,Power,0
Combatives_0380_00_actTRWFT,ArmorBreakLevel,投げ系
Combatives_0380_00_actTRWFT,bScratchCostumeEnable,true
Combatives_0380_00_actTRWR,Power,0
Combatives_0380_00_actULTHD1P,Power,0
Combatives_0380_00_actULTHD1P,ArmorBreakLevel,ブラスト
Combatives_0380_00_actULTHI,Power,0
Combatives_0380_00_actULTHI,ArmorBreakLevel,ブラスト
Combatives_0390_00_actDTWFT,Power,0
Combatives_0390_00_actDTWFT,ArmorBreakLevel,投げ系
Combatives_0390_00_actDTWFT,bScratchCostumeEnable,true
Combatives_0390_00_actEXA1,Power,0
Combatives_0390_00_actEXA1,bBuffAvoidable,true
Combatives_0390_00_actSPM2_ADMHI,Power,0
Combatives_0390_00_actSPM2_ADMHI,ArmorBreakLevel,ブラスト
Combatives_0390_00_actSPM2_ADMHI,bScratchCostumeEnable,true
Combatives_0390_00_actTRWFT,Power,0
Combatives_0390_00_actTRWFT,ArmorBreakLevel,投げ系
Combatives_0390_00_actTRWFT,bScratchCostumeEnable,true
Combatives_0390_00_actTRWR,Power,0
Combatives_0390_00_actULTHI,Power,0
Combatives_0390_00_actULTHI,ArmorBreakLevel,ブラスト
Combatives_0390_00_actULTHI,bReduceZSearchAfterHit,true
Combatives_0390_00_actULTHI,ReduceZSearchEffectTime,0.9
Combatives_0390_00_actULTHI,bDamageCostumeEnable,true
Combatives_0390_00_actULTHI,bDamageCostumeWreck,true
Combatives_0390_00_actULTHI,bScratchCostumeEnable,true
Combatives_0400_00_actDTWFT,Power,0
Combatives_0400_00_actDTWFT,ArmorBreakLevel,投げ系
Combatives_0400_00_actDTWFT,bScratchCostumeEnable,true
Combatives_0400_00_actEXA1,Power,0
Combatives_0400_00_actEXA1,bBuffAvoidable,true
Combatives_0400_00_actFLK_1,Power,150
Combatives_0400_00_actFLK_1,EnergyGain,200
Combatives_0400_00_actFLK_1,SuperZCounterTakeType,EKoratSuperZCounterTakeType::Take
Combatives_0400_00_actFLK_1,ArmorBreakLevel,舞空脚
Combatives_0400_00_actFLK_1,bSuperCounterAvoidable,true
Combatives_0400_00_actFLK_1,bBuffAvoidable,true
Combatives_0400_00_actFLK_1,bInterruptGuard,true
Combatives_0400_00_actFLK_1,DestructionFieldScale,3
Combatives_0400_00_actFLK_2-4,Power,150
Combatives_0400_00_actFLK_2-4,EnergyGain,200
Combatives_0400_00_actFLK_2-4,SuperZCounterTakeType,EKoratSuperZCounterTakeType::Take
Combatives_0400_00_actFLK_2-4,ArmorBreakLevel,舞空脚
Combatives_0400_00_actFLK_2-4,bSuperCounterAvoidable,true
Combatives_0400_00_actFLK_2-4,bBuffAvoidable,true
Combatives_0400_00_actFLK_2-4,bNoStopEnduringArmor,true
Combatives_0400_00_actFLK_2-4,DestructionFieldScale,3
Combatives_0400_00_actGSFP_1S,Power,100
Combatives_0400_00_actGSFP_1S,EnergyGain,110
Combatives_0400_00_actGSFP_1S,SmashLevelGaugeIncrement,0.1
Combatives_0400_00_actGSFP_1S,SuperZCounterTakeType,EKoratSuperZCounterTakeType::Take
Combatives_0400_00_actGSFP_1S,ArmorBreakLevel,ラッシュ格闘A1発目
Combatives_0400_00_actGSFP_1S,bSuperCounterAvoidable,true
Combatives_0400_00_actGSFP_1S,bBuffAvoidable,true
Combatives_0400_00_actGSFP_1S,bAvoidHistep,true
Combatives_0400_00_actGSFP_1S,DestructionFieldScale,5
Combatives_0400_00_actGSFP_2-6,Power,100
Combatives_0400_00_actGSFP_2-6,EnergyGain,110
Combatives_0400_00_actGSFP_2-6,SmashLevelGaugeIncrement,0.1
Combatives_0400_00_actGSFP_2-6,SuperZCounterTakeType,EKoratSuperZCounterTakeType::Take
Combatives_0400_00_actGSFP_2-6,ArmorBreakLevel,ラッシュ格闘A1発目
Combatives_0400_00_actGSFP_2-6,bSuperCounterAvoidable,true
Combatives_0400_00_actGSFP_2-6,bBuffAvoidable,true
Combatives_0400_00_actGSFP_2-6,DestructionFieldScale,5
Combatives_0400_00_actGSFP_4F,Power,600
Combatives_0400_00_actGSFP_4F,EnergyGain,770
Combatives_0400_00_actGSFP_4F,SmashLevelGaugeIncrement,0.1
Combatives_0400_00_actGSFP_4F,SuperZCounterTakeType,EKoratSuperZCounterTakeType::Take
Combatives_0400_00_actGSFP_4F,ArmorBreakLevel,グランドスラッシュ・リフトストライク
Combatives_0400_00_actGSFP_4F,bSuperCounterAvoidable,true
Combatives_0400_00_actGSFP_4F,bBuffAvoidable,true
Combatives_0400_00_actGSFP_4F,DestructionFieldScale,5
Combatives_0400_00_actGSN_1,Power,100
Combatives_0400_00_actGSN_1,EnergyGain,110
Combatives_0400_00_actGSN_1,SmashLevelGaugeIncrement,0.1
Combatives_0400_00_actGSN_1,SuperZCounterTakeType,EKoratSuperZCounterTakeType::Take
Combatives_0400_00_actGSN_1,ArmorBreakLevel,グランドスラッシュ・リフトストライク
Combatives_0400_00_actGSN_1,bSuperCounterAvoidable,true
Combatives_0400_00_actGSN_1,bBuffAvoidable,true
Combatives_0400_00_actGSN_1,bAvoidHistep,true
Combatives_0400_00_actGSN_1,bInterruptGuard,true
Combatives_0400_00_actGSN_1,DestructionFieldScale,5
Combatives_0400_00_actGSN_1S,Power,100
Combatives_0400_00_actGSN_1S,EnergyGain,110
Combatives_0400_00_actGSN_1S,SmashLevelGaugeIncrement,0.1
Combatives_0400_00_actGSN_1S,SuperZCounterTakeType,EKoratSuperZCounterTakeType::Take
Combatives_0400_00_actGSN_1S,ArmorBreakLevel,ラッシュ格闘A1発目
Combatives_0400_00_actGSN_1S,bSuperCounterAvoidable,true
Combatives_0400_00_actGSN_1S,bBuffAvoidable,true
Combatives_0400_00_actGSN_1S,bAvoidHistep,true
Combatives_0400_00_actGSN_1S,bInterruptGuard,true
Combatives_0400_00_actGSN_1S,DestructionFieldScale,5
Combatives_0400_00_actGSN_2-6,Power,100
Combatives_0400_00_actGSN_2-6,EnergyGain,110
Combatives_0400_00_actGSN_2-6,SmashLevelGaugeIncrement,0.1
Combatives_0400_00_actGSN_2-6,SuperZCounterTakeType,EKoratSuperZCounterTakeType::Take
Combatives_0400_00_actGSN_2-6,ArmorBreakLevel,ラッシュ格闘A1発目
Combatives_0400_00_actGSN_2-6,bSuperCounterAvoidable,true
Combatives_0400_00_actGSN_2-6,bBuffAvoidable,true
Combatives_0400_00_actGSN_2-6,bAvoidHistep,true
Combatives_0400_00_actGSN_2-6,DestructionFieldScale,5
Combatives_0400_00_actGSP_1,Power,200
Combatives_0400_00_actGSP_1,EnergyGain,440
Combatives_0400_00_actGSP_1,SmashLevelGaugeIncrement,0.1
Combatives_0400_00_actGSP_1,SuperZCounterTakeType,EKoratSuperZCounterTakeType::Take
Combatives_0400_00_actGSP_1,ArmorBreakLevel,グランドスラッシュ・リフトストライク
Combatives_0400_00_actGSP_1,bSuperCounterAvoidable,true
Combatives_0400_00_actGSP_1,bBuffAvoidable,true
Combatives_0400_00_actGSP_1,bAvoidHistep,true
Combatives_0400_00_actGSP_1,DestructionFieldScale,5
Combatives_0400_00_actSPM2_ADMHI,Power,0
Combatives_0400_00_actSPM2_ADMHI,ArmorBreakLevel,ブラスト
Combatives_0400_00_actTRWFT,Power,0
Combatives_0400_00_actTRWFT,ArmorBreakLevel,投げ系
Combatives_0400_00_actTRWFT,bScratchCostumeEnable,true
Combatives_0400_00_actTRWR,Power,0
Combatives_0400_00_actULTHI,Power,0
Combatives_0400_00_actULTHI,ArmorBreakLevel,ブラスト
Combatives_0400_00_actULTHI,bDamageCostumeEnable,true
Combatives_0400_00_actULTHI,bDamageCostumeWreck,true
Combatives_0400_00_actULTHI,bScratchCostumeEnable,true
Combatives_0410_00_actDTWFT,Power,0
Combatives_0410_00_actDTWFT,ArmorBreakLevel,投げ系
Combatives_0410_00_actDTWFT,bScratchCostumeEnable,true
Combatives_0410_00_actEXA1,Power,0
Combatives_0410_00_actEXA1,bBuffAvoidable,true
Combatives_0410_00_actEXA1,DestructionFieldScale,8
Combatives_0410_00_actSPM2_ADMHI,Power,0
Combatives_0410_00_actSPM2_ADMHI,ArmorBreakLevel,ブラスト
Combatives_0410_00_actSPM2_ADMHI,bDamageCostumeEnable,true
Combatives_0410_00_actSPM2_ADMHI,bScratchCostumeEnable,true
Combatives_0410_00_actTRWFT,Power,0
Combatives_0410_00_actTRWFT,ArmorBreakLevel,投げ系
Combatives_0410_00_actTRWFT,bScratchCostumeEnable,true
Combatives_0410_00_actTRWR,Power,0
Combatives_0410_00_actULTHI,Power,0
Combatives_0410_00_actULTHI,ArmorBreakLevel,ブラスト
Combatives_0410_00_actULTHI,bDamageCostumeEnable,true
Combatives_0410_00_actULTHI,bDamageCostumeWreck,true
Combatives_0410_00_actULTHI,bScratchCostumeEnable,true
Combatives_0420_00_actDTWFT,Power,0
Combatives_0420_00_actDTWFT,ArmorBreakLevel,投げ系
Combatives_0420_00_actDTWFT,bScratchCostumeEnable,true
Combatives_0420_00_actEXA1,Power,0
Combatives_0420_00_actEXA1,bBuffAvoidable,true
Combatives_0420_00_actSPM2_ADMHI,Power,0
Combatives_0420_00_actSPM2_ADMHI,ArmorBreakLevel,ブラスト
Combatives_0420_00_actSPM2_ADMHI,bScratchCostumeEnable,true
Combatives_0420_00_actTRWFT,Power,0
Combatives_0420_00_actTRWFT,ArmorBreakLevel,投げ系
Combatives_0420_00_actTRWR,Power,0
Combatives_0420_00_actULTHI,Power,0
Combatives_0420_00_actULTHI,ArmorBreakLevel,ブラスト
Combatives_0420_00_actULTHI,bDamageCostumeEnable,true
Combatives_0420_00_actULTHI,bDamageCostumeWreck,true
Combatives_0420_00_actULTHI,bScratchCostumeEnable,true
Combatives_0430_00_actDTWFT,Power,0
Combatives_0430_00_actDTWFT,ArmorBreakLevel,投げ系
Combatives_0430_00_actDTWFT,bScratchCostumeEnable,true
Combatives_0430_00_actEXA1,Power,0
Combatives_0430_00_actEXA1,bBuffAvoidable,true
Combatives_0430_00_actEXA1,DestructionFieldScale,8
Combatives_0430_00_actSPM2_ADMHI,Power,0
Combatives_0430_00_actSPM2_ADMHI,ArmorBreakLevel,ブラスト
Combatives_0430_00_actSPM2_ADMHI,bDamageCostumeEnable,true
Combatives_0430_00_actSPM2_ADMHI,bScratchCostumeEnable,true
Combatives_0430_00_actTRWFT,Power,0
Combatives_0430_00_actTRWFT,ArmorBreakLevel,投げ系
Combatives_0430_00_actTRWFT,bScratchCostumeEnable,true
Combatives_0430_00_actTRWR,Power,0
Combatives_0430_00_actULTHI,Power,0
Combatives_0430_00_actULTHI,ArmorBreakLevel,ブラスト
Combatives_0430_00_actULTHI,bReduceZSearchAfterHit,true
Combatives_0430_00_actULTHI,ReduceZSearchEffectTime,0.9
Combatives_0430_00_actULTHI,bDamageCostumeEnable,true
Combatives_0430_00_actULTHI,bDamageCostumeWreck,true
Combatives_0430_00_actULTHI,bScratchCostumeEnable,true
Combatives_0440_00_actDTWFT,Power,0
Combatives_0440_00_actDTWFT,ArmorBreakLevel,投げ系
Combatives_0440_00_actDTWFT,bScratchCostumeEnable,true
Combatives_0440_00_actSPM2HI,Power,0
Combatives_0440_00_actSPM2HI,ArmorBreakLevel,ブラスト
Combatives_0440_00_actSPM2HI,bDamageCostumeEnable,true
Combatives_0440_00_actSPM2HI,bScratchCostumeEnable,true
Combatives_0440_00_actTRWFT,Power,0
Combatives_0440_00_actTRWFT,ArmorBreakLevel,投げ系
Combatives_0440_00_actTRWFT,bScratchCostumeEnable,true
Combatives_0440_00_actTRWR,Power,0
Combatives_0440_00_actULTHI,Power,0
Combatives_0440_00_actULTHI,ArmorBreakLevel,ブラスト
Combatives_0440_00_actULTHI,bReduceZSearchAfterHit,true
Combatives_0440_00_actULTHI,ReduceZSearchEffectTime,0.9
Combatives_0440_00_actULTHI,bDamageCostumeEnable,true
Combatives_0440_00_actULTHI,bDamageCostumeWreck,true
Combatives_0440_00_actULTHI,bScratchCostumeEnable,true
Combatives_0440_00_actULTHI,bReceiveSelfDamage,true
Combatives_0440_00_actULTHI,SelfDamagePower,999999
Combatives_0450_00_01_actULT2HI,Power,0
Combatives_0450_00_01_actULT2HI,ArmorBreakLevel,ブラスト
Combatives_0450_00_01_actULT2HI,bReduceZSearchAfterHit,true
Combatives_0450_00_01_actULT2HI,ReduceZSearchEffectTime,0.9
Combatives_0450_00_01_actULT2HI,bDamageCostumeEnable,true
Combatives_0450_00_01_actULT2HI,bDamageCostumeWreck,true
Combatives_0450_00_01_actULT2HI,bScratchCostumeEnable,true
Combatives_0450_00_actDTWFT,Power,0
Combatives_0450_00_actDTWFT,ArmorBreakLevel,投げ系
Combatives_0450_00_actDTWFT,bScratchCostumeEnable,true
Combatives_0450_00_actEXA1,Power,0
Combatives_0450_00_actEXA1,bBuffAvoidable,true
Combatives_0450_00_actSPM2_ADMHI,Power,0
Combatives_0450_00_actSPM2_ADMHI,ArmorBreakLevel,ブラスト
Combatives_0450_00_actSPM2_ADMHI,bDamageCostumeEnable,true
Combatives_0450_00_actSPM2_ADMHI,bScratchCostumeEnable,true
Combatives_0450_00_actTRWFT,Power,0
Combatives_0450_00_actTRWFT,ArmorBreakLevel,投げ系
Combatives_0450_00_actTRWFT,bScratchCostumeEnable,true
Combatives_0450_00_actTRWR,Power,0
Combatives_0450_00_actULTHI,Power,0
Combatives_0450_00_actULTHI,ArmorBreakLevel,ブラスト
Combatives_0450_00_actULTHI,bReduceZSearchAfterHit,true
Combatives_0450_00_actULTHI,ReduceZSearchEffectTime,0.9
Combatives_0450_00_actULTHI,bDamageCostumeEnable,true
Combatives_0450_00_actULTHI,bDamageCostumeWreck,true
Combatives_0450_00_actULTHI,bScratchCostumeEnable,true
Combatives_0450_10_actDTWFT,Power,0
Combatives_0450_10_actDTWFT,ArmorBreakLevel,投げ系
Combatives_0450_10_actDTWFT,bScratchCostumeEnable,true
Combatives_0450_10_actEXA1,Power,0
Combatives_0450_10_actEXA1,bBuffAvoidable,true
Combatives_0450_10_actSPM2_ADMHI,Power,0
Combatives_0450_10_actSPM2_ADMHI,ArmorBreakLevel,ブラスト
Combatives_0450_10_actTRWFT,Power,0
Combatives_0450_10_actTRWFT,ArmorBreakLevel,投げ系
Combatives_0450_10_actTRWFT,bScratchCostumeEnable,true
Combatives_0450_10_actTRWR,Power,0
Combatives_0450_10_actULTHI,Power,0
Combatives_0450_10_actULTHI,ArmorBreakLevel,ブラスト
Combatives_0450_10_actULTHI,bReduceZSearchAfterHit,true
Combatives_0450_10_actULTHI,ReduceZSearchEffectTime,0.9
Combatives_0450_10_actULTHI,bDamageCostumeEnable,true
Combatives_0450_10_actULTHI,bDamageCostumeWreck,true
Combatives_0450_10_actULTHI,bScratchCostumeEnable,true
Combatives_0450_10_actULTHI,bReceiveSelfDamage,true
Combatives_0450_10_actULTHI,SelfDamagePower,20000
Combatives_0451_00_actDTWFT,Power,0
Combatives_0451_00_actDTWFT,ArmorBreakLevel,投げ系
Combatives_0451_00_actDTWFT,bScratchCostumeEnable,true
Combatives_0451_00_actEXA1,Power,0
Combatives_0451_00_actEXA1,bBuffAvoidable,true
Combatives_0451_00_actTRWFT,Power,0
Combatives_0451_00_actTRWFT,ArmorBreakLevel,投げ系
Combatives_0451_00_actTRWFT,bScratchCostumeEnable,true
Combatives_0451_00_actTRWR,Power,0
Combatives_0451_00_actULT_SRPHI,Power,0
Combatives_0451_00_actULT_SRPHI,ArmorBreakLevel,ブラスト
Combatives_0451_00_actULT_SRPHI,bReduceZSearchAfterHit,true
Combatives_0451_00_actULT_SRPHI,ReduceZSearchEffectTime,3
Combatives_0451_00_actULT_SRPHI,bDamageCostumeEnable,true
Combatives_0451_00_actULT_SRPHI,bDamageCostumeWreck,true
Combatives_0451_00_actULT_SRPHI,bScratchCostumeEnable,true
Combatives_0460_00_actDTWFT,Power,0
Combatives_0460_00_actDTWFT,ArmorBreakLevel,投げ系
Combatives_0460_00_actDTWFT,bScratchCostumeEnable,true
Combatives_0460_00_actEXA1,Power,0
Combatives_0460_00_actEXA1,bBuffAvoidable,true
Combatives_0460_00_actTRWFT,Power,0
Combatives_0460_00_actTRWFT,ArmorBreakLevel,投げ系
Combatives_0460_00_actTRWFT,bScratchCostumeEnable,true
Combatives_0460_00_actTRWR,Power,0
Combatives_0460_00_actULT_SRPHI,Power,0
Combatives_0460_00_actULT_SRPHI,ArmorBreakLevel,ブラスト
Combatives_0460_00_actULT_SRPHI,bReduceZSearchAfterHit,true
Combatives_0460_00_actULT_SRPHI,ReduceZSearchEffectTime,3
Combatives_0460_00_actULT_SRPHI,bDamageCostumeEnable,true
Combatives_0460_00_actULT_SRPHI,bDamageCostumeWreck,true
Combatives_0460_00_actULT_SRPHI,bScratchCostumeEnable,true
Combatives_0470_00_actDTWFT,Power,0
Combatives_0470_00_actDTWFT,ArmorBreakLevel,投げ系
Combatives_0470_00_actDTWFT,bScratchCostumeEnable,true
Combatives_0470_00_actSPM2HI,Power,0
Combatives_0470_00_actSPM2HI,ArmorBreakLevel,ブラスト
Combatives_0470_00_actTRW1P_1,Power,950
Combatives_0470_00_actTRW1P_1,ArmorBreakLevel,投げ系
Combatives_0470_00_actTRW1P_2D,Power,1550
Combatives_0470_00_actTRW1P_2D,EnergyDamage,10000
Combatives_0470_00_actTRW1P_2D,ArmorBreakLevel,投げ系
Combatives_0470_00_actTRWFT,Power,0
Combatives_0470_00_actTRWFT,ArmorBreakLevel,投げ系
Combatives_0470_00_actTRWFT,bScratchCostumeEnable,true
Combatives_0470_00_actTRWR,Power,0
Combatives_0470_00_actULTHD1P_1,Power,2730
Combatives_0470_00_actULTHD1P_1,ArmorBreakLevel,ブラスト
Combatives_0470_00_actULTHD1P_2D,Power,9270
Combatives_0470_00_actULTHD1P_2D,ArmorBreakLevel,ブラスト
Combatives_0470_00_actULTHI,Power,0
Combatives_0470_00_actULTHI,ArmorBreakLevel,ブラスト
Combatives_0470_00_actULTHI,bReduceZSearchAfterHit,true
Combatives_0470_00_actULTHI,ReduceZSearchEffectTime,0.9
Combatives_0470_00_actULTHI,bDamageCostumeEnable,true
Combatives_0470_00_actULTHI,bDamageCostumeWreck,true
Combatives_0470_00_actULTHI,bScratchCostumeEnable,true
Combatives_0480_00_actDTWFT,Power,0
Combatives_0480_00_actDTWFT,ArmorBreakLevel,投げ系
Combatives_0480_00_actDTWFT,bScratchCostumeEnable,true
Combatives_0480_00_actEXA1,Power,0
Combatives_0480_00_actEXA1,bBuffAvoidable,true
Combatives_0480_00_actSPM2_ADMHI,Power,0
Combatives_0480_00_actSPM2_ADMHI,ArmorBreakLevel,ブラスト
Combatives_0480_00_actSPM2_ADMHI,bDamageCostumeEnable,true
Combatives_0480_00_actSPM2_ADMHI,bScratchCostumeEnable,true
Combatives_0480_00_actTRW1P_1,Power,2300
Combatives_0480_00_actTRW1P_1,ArmorBreakLevel,投げ系
Combatives_0480_00_actTRW1P_2D,Power,800
Combatives_0480_00_actTRW1P_2D,EnergyDamage,15000
Combatives_0480_00_actTRW1P_2D,ArmorBreakLevel,投げ系
Combatives_0480_00_actTRWFT,Power,0
Combatives_0480_00_actTRWFT,ArmorBreakLevel,投げ系
Combatives_0480_00_actTRWFT,bScratchCostumeEnable,true
Combatives_0480_00_actTRWR,Power,0
Combatives_0480_00_actULTHD1P_1,Power,2730
Combatives_0480_00_actULTHD1P_1,ArmorBreakLevel,ブラスト
Combatives_0480_00_actULTHD1P_2D,Power,9270
Combatives_0480_00_actULTHD1P_2D,ArmorBreakLevel,ブラスト
Combatives_0480_00_actULTHI,Power,0
Combatives_0480_00_actULTHI,ArmorBreakLevel,ブラスト
Combatives_0480_00_actULTHI,bReduceZSearchAfterHit,true
Combatives_0480_00_actULTHI,ReduceZSearchEffectTime,0.9
Combatives_0480_00_actULTHI,bDamageCostumeEnable,true
Combatives_0480_00_actULTHI,bDamageCostumeWreck,true
Combatives_0480_00_actULTHI,bScratchCostumeEnable,true
Combatives_0490_00_actDTWFT,Power,0
Combatives_0490_00_actDTWFT,ArmorBreakLevel,投げ系
Combatives_0490_00_actDTWFT,bScratchCostumeEnable,true
Combatives_0490_00_actEXA1,Power,0
Combatives_0490_00_actEXA1,bBuffAvoidable,true
Combatives_0490_00_actSPM1_ADMHI,Power,0
Combatives_0490_00_actSPM1_ADMHI,ArmorBreakLevel,ブラスト
Combatives_0490_00_actSPM1_ADMHI,bDamageCostumeEnable,true
Combatives_0490_00_actSPM1_ADMHI,bScratchCostumeEnable,true
Combatives_0490_00_actTRWFT,Power,0
Combatives_0490_00_actTRWFT,ArmorBreakLevel,投げ系
Combatives_0490_00_actTRWFT,bScratchCostumeEnable,true
Combatives_0490_00_actTRWR,Power,0
Combatives_0490_00_actULTHI,Power,0
Combatives_0490_00_actULTHI,ArmorBreakLevel,ブラスト
Combatives_0490_00_actULTHI,bReduceZSearchAfterHit,true
Combatives_0490_00_actULTHI,ReduceZSearchEffectTime,0.9
Combatives_0490_00_actULTHI,bDamageCostumeEnable,true
Combatives_0490_00_actULTHI,bDamageCostumeWreck,true
Combatives_0490_00_actULTHI,bScratchCostumeEnable,true
Combatives_0500_00_actDTWFT,Power,0
Combatives_0500_00_actDTWFT,ArmorBreakLevel,投げ系
Combatives_0500_00_actDTWFT,bScratchCostumeEnable,true
Combatives_0500_00_actTRWFT,Power,0
Combatives_0500_00_actTRWFT,ArmorBreakLevel,投げ系
Combatives_0500_00_actTRWFT,bScratchCostumeEnable,true
Combatives_0500_00_actTRWR,Power,0
Combatives_0500_00_actTRWR,ArmorBreakLevel,気合砲
Combatives_0500_00_actULTHI,Power,0
Combatives_0500_00_actULTHI,ArmorBreakLevel,ブラスト
Combatives_0500_00_actULTHI,bReduceZSearchAfterHit,true
Combatives_0500_00_actULTHI,ReduceZSearchEffectTime,0.9
Combatives_0500_00_actULTHI,bDamageCostumeEnable,true
Combatives_0500_00_actULTHI,bDamageCostumeWreck,true
Combatives_0500_00_actULTHI,bScratchCostumeEnable,true
Combatives_0510_00_actDTWFT,Power,0
Combatives_0510_00_actDTWFT,ArmorBreakLevel,投げ系
Combatives_0510_00_actDTWFT,bScratchCostumeEnable,true
Combatives_0510_00_actEXA1,Power,0
Combatives_0510_00_actEXA1,bBuffAvoidable,true
Combatives_0510_00_actEXA1,DestructionFieldScale,8
Combatives_0510_00_actSPM2_ADMHI,Power,0
Combatives_0510_00_actSPM2_ADMHI,ArmorBreakLevel,ブラスト
Combatives_0510_00_actSPM2_ADMHI,bScratchCostumeEnable,true
Combatives_0510_00_actTRWFT,Power,0
Combatives_0510_00_actTRWFT,ArmorBreakLevel,投げ系
Combatives_0510_00_actTRWFT,bScratchCostumeEnable,true
Combatives_0510_00_actTRWR,Power,0
Combatives_0510_00_actULTHI,Power,0
Combatives_0510_00_actULTHI,ArmorBreakLevel,ブラスト
Combatives_0510_00_actULTHI,bReduceZSearchAfterHit,true
Combatives_0510_00_actULTHI,ReduceZSearchEffectTime,0.9
Combatives_0510_00_actULTHI,bDamageCostumeEnable,true
Combatives_0510_00_actULTHI,bDamageCostumeWreck,true
Combatives_0510_00_actULTHI,bScratchCostumeEnable,true
Combatives_0540_00_actDTWFT,Power,0
Combatives_0540_00_actDTWFT,ArmorBreakLevel,投げ系
Combatives_0540_00_actDTWFT,bScratchCostumeEnable,true
Combatives_0540_00_actEXA1,Power,0
Combatives_0540_00_actEXA1,bBuffAvoidable,true
Combatives_0540_00_actSPM2_ADMHI,Power,0
Combatives_0540_00_actSPM2_ADMHI,ArmorBreakLevel,ブラスト
Combatives_0540_00_actSPM2_ADMHI,bDamageCostumeEnable,true
Combatives_0540_00_actSPM2_ADMHI,bScratchCostumeEnable,true
Combatives_0540_00_actTRWFT,Power,0
Combatives_0540_00_actTRWFT,ArmorBreakLevel,投げ系
Combatives_0540_00_actTRWFT,bScratchCostumeEnable,true
Combatives_0540_00_actTRWR,Power,0
Combatives_0540_00_actULTSI,Power,12000
Combatives_0540_00_actULTSI,ArmorBreakLevel,ブラスト
Combatives_0540_00_actULTSI,bBuffAvoidable,true
Combatives_0540_00_actULTSI,bAvoidHistep,true
Combatives_0540_00_actULTSI,DestructionFieldScale,7
Combatives_0550_00_actDTWFT,Power,0
Combatives_0550_00_actDTWFT,ArmorBreakLevel,投げ系
Combatives_0550_00_actDTWFT,bScratchCostumeEnable,true
Combatives_0550_00_actEXA1,Power,0
Combatives_0550_00_actEXA1,bBuffAvoidable,true
Combatives_0550_00_actSPM2_ADMHI,Power,0
Combatives_0550_00_actSPM2_ADMHI,ArmorBreakLevel,ブラスト
Combatives_0550_00_actTRWFT,Power,0
Combatives_0550_00_actTRWFT,ArmorBreakLevel,投げ系
Combatives_0550_00_actTRWFT,bScratchCostumeEnable,true
Combatives_0550_00_actTRWR,Power,0
Combatives_0550_00_actULTHI,Power,0
Combatives_0550_00_actULTHI,ArmorBreakLevel,ブラスト
Combatives_0550_00_actULTHI,bReduceZSearchAfterHit,true
Combatives_0550_00_actULTHI,ReduceZSearchEffectTime,0.9
Combatives_0550_00_actULTHI,bDamageCostumeEnable,true
Combatives_0550_00_actULTHI,bDamageCostumeWreck,true
Combatives_0550_00_actULTHI,bScratchCostumeEnable,true
Combatives_0551_00_actDTWFT,Power,0
Combatives_0551_00_actDTWFT,ArmorBreakLevel,投げ系
Combatives_0551_00_actDTWFT,bScratchCostumeEnable,true
Combatives_0551_00_actEXA1,Power,0
Combatives_0551_00_actEXA1,bBuffAvoidable,true
Combatives_0551_00_actSPM1HI,Power,0
Combatives_0551_00_actSPM1HI,ArmorBreakLevel,ブラスト
Combatives_0551_00_actTRWFT,Power,0
Combatives_0551_00_actTRWFT,ArmorBreakLevel,投げ系
Combatives_0551_00_actTRWFT,bScratchCostumeEnable,true
Combatives_0551_00_actTRWR,Power,0
Combatives_0551_00_actULTHI,Power,0
Combatives_0551_00_actULTHI,ArmorBreakLevel,ブラスト
Combatives_0551_00_actULTHI,bReduceZSearchAfterHit,true
Combatives_0551_00_actULTHI,ReduceZSearchEffectTime,0.9
Combatives_0551_00_actULTHI,bDamageCostumeEnable,true
Combatives_0551_00_actULTHI,bDamageCostumeWreck,true
Combatives_0551_00_actULTHI,bScratchCostumeEnable,true
Combatives_0552_00_actDTWFT,Power,0
Combatives_0552_00_actDTWFT,ArmorBreakLevel,投げ系
Combatives_0552_00_actDTWFT,bScratchCostumeEnable,true
Combatives_0552_00_actEXA1,Power,0
Combatives_0552_00_actEXA1,bBuffAvoidable,true
Combatives_0552_00_actSPM2_ADMHI,Power,0
Combatives_0552_00_actSPM2_ADMHI,ArmorBreakLevel,ブラスト
Combatives_0552_00_actTRWFT,Power,0
Combatives_0552_00_actTRWFT,ArmorBreakLevel,投げ系
Combatives_0552_00_actTRWFT,bScratchCostumeEnable,true
Combatives_0552_00_actTRWR,Power,0
Combatives_0552_00_actULTHI,Power,0
Combatives_0552_00_actULTHI,ArmorBreakLevel,ブラスト
Combatives_0552_00_actULTHI,bReduceZSearchAfterHit,true
Combatives_0552_00_actULTHI,ReduceZSearchEffectTime,0.9
Combatives_0552_00_actULTHI,bDamageCostumeEnable,true
Combatives_0552_00_actULTHI,bDamageCostumeWreck,true
Combatives_0552_00_actULTHI,bScratchCostumeEnable,true
Combatives_0553_00_actDTWFT,Power,0
Combatives_0553_00_actDTWFT,ArmorBreakLevel,投げ系
Combatives_0553_00_actDTWFT,bScratchCostumeEnable,true
Combatives_0553_00_actSPM2HI,Power,0
Combatives_0553_00_actSPM2HI,ArmorBreakLevel,ブラスト
Combatives_0553_00_actTRWFT,Power,0
Combatives_0553_00_actTRWFT,ArmorBreakLevel,投げ系
Combatives_0553_00_actTRWFT,bScratchCostumeEnable,true
Combatives_0553_00_actTRWR,Power,0
Combatives_0553_00_actTRWR,ArmorBreakLevel,気合砲
Combatives_0553_00_actULTHI,Power,0
Combatives_0553_00_actULTHI,ArmorBreakLevel,ブラスト
Combatives_0553_00_actULTHI,bDamageCostumeEnable,true
Combatives_0553_00_actULTHI,bDamageCostumeWreck,true
Combatives_0553_00_actULTHI,bScratchCostumeEnable,true
Combatives_0553_00_actULTHIWL,Power,0
Combatives_0553_00_actULTHIWL,ArmorBreakLevel,ブラスト
Combatives_0553_00_actULTHIWL,bDamageCostumeEnable,true
Combatives_0553_00_actULTHIWL,bDamageCostumeWreck,true
Combatives_0553_00_actULTHIWL,bScratchCostumeEnable,true
Combatives_0554_00_actDTWFT,Power,0
Combatives_0554_00_actDTWFT,ArmorBreakLevel,投げ系
Combatives_0554_00_actDTWFT,bScratchCostumeEnable,true
Combatives_0554_00_actEXA1,Power,0
Combatives_0554_00_actEXA1,bBuffAvoidable,true
Combatives_0554_00_actSPM2_ADMHI,Power,0
Combatives_0554_00_actSPM2_ADMHI,ArmorBreakLevel,ブラスト
Combatives_0554_00_actTRWFT,Power,0
Combatives_0554_00_actTRWFT,ArmorBreakLevel,投げ系
Combatives_0554_00_actTRWFT,bScratchCostumeEnable,true
Combatives_0554_00_actTRWR,Power,0
Combatives_0554_00_actULTHI,Power,0
Combatives_0554_00_actULTHI,ArmorBreakLevel,ブラスト
Combatives_0554_00_actULTHI,bReduceZSearchAfterHit,true
Combatives_0554_00_actULTHI,ReduceZSearchEffectTime,0.9
Combatives_0554_00_actULTHI,bDamageCostumeEnable,true
Combatives_0554_00_actULTHI,bDamageCostumeWreck,true
Combatives_0554_00_actULTHI,bScratchCostumeEnable,true
Combatives_0555_00_actDTWFT,Power,0
Combatives_0555_00_actDTWFT,ArmorBreakLevel,投げ系
Combatives_0555_00_actDTWFT,bScratchCostumeEnable,true
Combatives_0555_00_actSPM2HI,Power,0
Combatives_0555_00_actSPM2HI,ArmorBreakLevel,ブラスト
Combatives_0555_00_actSPM2HI,bDamageCostumeEnable,true
Combatives_0555_00_actSPM2HI,bScratchCostumeEnable,true
Combatives_0555_00_actTRWFT,Power,0
Combatives_0555_00_actTRWFT,ArmorBreakLevel,投げ系
Combatives_0555_00_actTRWR,Power,0
Combatives_0555_00_actTRWR,ArmorBreakLevel,気合砲
Combatives_0555_00_actULTHI,Power,0
Combatives_0555_00_actULTHI,ArmorBreakLevel,ブラスト
Combatives_0555_00_actULTHI,bReduceZSearchAfterHit,true
Combatives_0555_00_actULTHI,ReduceZSearchEffectTime,0.9
Combatives_0555_00_actULTHI,bDamageCostumeEnable,true
Combatives_0555_00_actULTHI,bDamageCostumeWreck,true
Combatives_0555_00_actULTHI,bScratchCostumeEnable,true
Combatives_0561_00_actDTWFT,Power,0
Combatives_0561_00_actDTWFT,ArmorBreakLevel,投げ系
Combatives_0561_00_actDTWFT,bScratchCostumeEnable,true
Combatives_0561_00_actEXA1,Power,0
Combatives_0561_00_actEXA1,bBuffAvoidable,true
Combatives_0561_00_actSPM2_ADMHI,Power,0
Combatives_0561_00_actSPM2_ADMHI,ArmorBreakLevel,ブラスト
Combatives_0561_00_actTRWFT,Power,0
Combatives_0561_00_actTRWFT,ArmorBreakLevel,投げ系
Combatives_0561_00_actTRWFT,bScratchCostumeEnable,true
Combatives_0561_00_actTRWR,Power,0
Combatives_0561_00_actULTHI,Power,0
Combatives_0561_00_actULTHI,ArmorBreakLevel,ブラスト
Combatives_0561_00_actULTHI,bDamageCostumeEnable,true
Combatives_0561_00_actULTHI,bDamageCostumeWreck,true
Combatives_0561_00_actULTHI,bScratchCostumeEnable,true
Combatives_0570_00_actSPM2SI,Power,6000
Combatives_0570_00_actSPM2SI,Shave,1200
Combatives_0570_00_actSPM2SI,ArmorBreakLevel,ブラスト
Combatives_0570_00_actSPM2SI,bBuffAvoidable,true
Combatives_0570_00_actSPM2SI,bAvoidHistep,true
Combatives_0570_00_actSPM2SI,DestructionFieldScale,7
Combatives_0570_00_actTRWFT,Power,0
Combatives_0570_00_actTRWFT,ArmorBreakLevel,投げ系
Combatives_0570_00_actTRWFT,bScratchCostumeEnable,true
Combatives_0570_00_actULT_B_BOM,Power,750
Combatives_0570_00_actULT_B_BOM,Shave,188
Combatives_0570_00_actULT_B_BOM,ArmorBreakLevel,ブラスト
Combatives_0570_00_actULT_B_BOM,DestructionFieldScale,0
Combatives_0570_00_actULT_B_BOM,bEnergyBulletCollision,true
Combatives_0570_00_actULT_B_BOM,EnergyBulletCollisionPriority,95
Combatives_0570_00_actULT_B_BOM,OffsetPitch,360
Combatives_0570_00_actULT_B_BOM,OffsetYaw,360
Combatives_0570_00_actULT_SDMHI,Power,0
Combatives_0570_00_actULT_SDMHI,ArmorBreakLevel,ブラスト
Combatives_0570_00_actULT_SDMHI,bReduceZSearchAfterHit,true
Combatives_0570_00_actULT_SDMHI,ReduceZSearchEffectTime,3
Combatives_0570_00_actULT_SDMHI,bDamageCostumeEnable,true
Combatives_0570_00_actULT_SDMHI,bDamageCostumeWreck,true
Combatives_0570_00_actULT_SDMHI,bScratchCostumeEnable,true
Combatives_0580_00_actDTWFT,Power,0
Combatives_0580_00_actDTWFT,ArmorBreakLevel,投げ系
Combatives_0580_00_actDTWFT,bScratchCostumeEnable,true
Combatives_0580_00_actEXA1,Power,0
Combatives_0580_00_actEXA1,bBuffAvoidable,true
Combatives_0580_00_actEXA1,DestructionFieldScale,8
Combatives_0580_00_actSPM2_ADMHI,Power,0
Combatives_0580_00_actSPM2_ADMHI,ArmorBreakLevel,ブラスト
Combatives_0580_00_actSPM2_ADMHI,bScratchCostumeEnable,true
Combatives_0580_00_actTRWFT,Power,0
Combatives_0580_00_actTRWFT,ArmorBreakLevel,投げ系
Combatives_0580_00_actTRWFT,bScratchCostumeEnable,true
Combatives_0580_00_actTRWR,Power,0
Combatives_0580_00_actULTHI,Power,0
Combatives_0580_00_actULTHI,ArmorBreakLevel,ブラスト
Combatives_0580_00_actULTHI,bDamageCostumeEnable,true
Combatives_0580_00_actULTHI,bDamageCostumeWreck,true
Combatives_0580_00_actULTHI,bScratchCostumeEnable,true
Combatives_0590_00_actDTWFT,Power,0
Combatives_0590_00_actDTWFT,ArmorBreakLevel,投げ系
Combatives_0590_00_actDTWFT,bScratchCostumeEnable,true
Combatives_0590_00_actEXA1,Power,0
Combatives_0590_00_actEXA1,bBuffAvoidable,true
Combatives_0590_00_actEXA1,DestructionFieldScale,8
Combatives_0590_00_actSPM2_ADMHI,Power,0
Combatives_0590_00_actSPM2_ADMHI,ArmorBreakLevel,ブラスト
Combatives_0590_00_actSPM2_ADMHI,bDamageCostumeEnable,true
Combatives_0590_00_actSPM2_ADMHI,bScratchCostumeEnable,true
Combatives_0590_00_actTRWFT,Power,0
Combatives_0590_00_actTRWFT,ArmorBreakLevel,投げ系
Combatives_0590_00_actTRWFT,bScratchCostumeEnable,true
Combatives_0590_00_actTRWR,Power,0
Combatives_0590_00_actULTHI,Power,0
Combatives_0590_00_actULTHI,ArmorBreakLevel,ブラスト
Combatives_0590_00_actULTHI,bReduceZSearchAfterHit,true
Combatives_0590_00_actULTHI,ReduceZSearchEffectTime,0.9
Combatives_0590_00_actULTHI,bDamageCostumeEnable,true
Combatives_0590_00_actULTHI,bDamageCostumeWreck,true
Combatives_0590_00_actULTHI,bScratchCostumeEnable,true
Combatives_0591_00_actEXA1,Power,0
Combatives_0591_00_actEXA1,bBuffAvoidable,true
Combatives_0591_00_actEXA1,DestructionFieldScale,8
Combatives_0591_00_actSPM2_ADMHI,Power,0
Combatives_0591_00_actSPM2_ADMHI,ArmorBreakLevel,ブラスト
Combatives_0591_00_actSPM2_ADMHI,bDamageCostumeEnable,true
Combatives_0591_00_actSPM2_ADMHI,bScratchCostumeEnable,true
Combatives_0591_00_actULTHI,Power,0
Combatives_0591_00_actULTHI,ArmorBreakLevel,ブラスト
Combatives_0591_00_actULTHI,bReduceZSearchAfterHit,true
Combatives_0591_00_actULTHI,ReduceZSearchEffectTime,0.9
Combatives_0591_00_actULTHI,bDamageCostumeEnable,true
Combatives_0591_00_actULTHI,bDamageCostumeWreck,true
Combatives_0591_00_actULTHI,bScratchCostumeEnable,true
Combatives_0600_00_actDTWFT,Power,0
Combatives_0600_00_actDTWFT,ArmorBreakLevel,投げ系
Combatives_0600_00_actDTWFT,bScratchCostumeEnable,true
Combatives_0600_00_actEXA1,Power,0
Combatives_0600_00_actEXA1,bBuffAvoidable,true
Combatives_0600_00_actSPM2_ADMHI,Power,0
Combatives_0600_00_actSPM2_ADMHI,ArmorBreakLevel,ブラスト
Combatives_0600_00_actSPM2_ADMHI,bDamageCostumeEnable,true
Combatives_0600_00_actSPM2_ADMHI,bScratchCostumeEnable,true
Combatives_0600_00_actTRWFT,Power,0
Combatives_0600_00_actTRWFT,ArmorBreakLevel,投げ系
Combatives_0600_00_actTRWFT,bScratchCostumeEnable,true
Combatives_0600_00_actTRWR,Power,0
Combatives_0600_00_actULTHI,Power,0
Combatives_0600_00_actULTHI,ArmorBreakLevel,ブラスト
Combatives_0600_00_actULTHI,bReduceZSearchAfterHit,true
Combatives_0600_00_actULTHI,ReduceZSearchEffectTime,0.9
Combatives_0600_00_actULTHI,bDamageCostumeEnable,true
Combatives_0600_00_actULTHI,bDamageCostumeWreck,true
Combatives_0600_00_actULTHI,bScratchCostumeEnable,true
Combatives_0600_10_actDTWFT,Power,0
Combatives_0600_10_actDTWFT,ArmorBreakLevel,投げ系
Combatives_0600_10_actDTWFT,bScratchCostumeEnable,true
Combatives_0600_10_actEXA1,Power,0
Combatives_0600_10_actEXA1,bBuffAvoidable,true
Combatives_0600_10_actSPM2_ADMHI,Power,0
Combatives_0600_10_actSPM2_ADMHI,ArmorBreakLevel,ブラスト
Combatives_0600_10_actSPM2_ADMHI,bScratchCostumeEnable,true
Combatives_0600_10_actTRWFT,Power,0
Combatives_0600_10_actTRWFT,ArmorBreakLevel,投げ系
Combatives_0600_10_actTRWFT,bScratchCostumeEnable,true
Combatives_0600_10_actTRWR,Power,0
Combatives_0600_10_actULTHI,Power,0
Combatives_0600_10_actULTHI,ArmorBreakLevel,ブラスト
Combatives_0600_10_actULTHI,bReduceZSearchAfterHit,true
Combatives_0600_10_actULTHI,ReduceZSearchEffectTime,0.9
Combatives_0600_10_actULTHI,bDamageCostumeEnable,true
Combatives_0600_10_actULTHI,bDamageCostumeWreck,true
Combatives_0600_10_actULTHI,bScratchCostumeEnable,true
Combatives_0601_00_actDTWFT,Power,0
Combatives_0601_00_actDTWFT,ArmorBreakLevel,投げ系
Combatives_0601_00_actDTWFT,bScratchCostumeEnable,true
Combatives_0601_00_actEXA1,Power,0
Combatives_0601_00_actEXA1,bBuffAvoidable,true
Combatives_0601_00_actSPM2_ADMHI,Power,0
Combatives_0601_00_actSPM2_ADMHI,ArmorBreakLevel,ブラスト
Combatives_0601_00_actTRWFT,Power,0
Combatives_0601_00_actTRWFT,ArmorBreakLevel,投げ系
Combatives_0601_00_actTRWFT,bScratchCostumeEnable,true
Combatives_0601_00_actTRWR,Power,0
Combatives_0601_00_actULTHI,Power,0
Combatives_0601_00_actULTHI,ArmorBreakLevel,ブラスト
Combatives_0601_00_actULTHI,bReduceZSearchAfterHit,true
Combatives_0601_00_actULTHI,ReduceZSearchEffectTime,0.9
Combatives_0601_00_actULTHI,bDamageCostumeEnable,true
Combatives_0601_00_actULTHI,bDamageCostumeWreck,true
Combatives_0601_00_actULTHI,bScratchCostumeEnable,true
Combatives_0610_00_actDTWFT,Power,0
Combatives_0610_00_actDTWFT,ArmorBreakLevel,投げ系
Combatives_0610_00_actDTWFT,bScratchCostumeEnable,true
Combatives_0610_00_actSPM2HI,Power,0
Combatives_0610_00_actSPM2HI,ArmorBreakLevel,ブラスト
Combatives_0610_00_actTRWFT,Power,0
Combatives_0610_00_actTRWFT,ArmorBreakLevel,投げ系
Combatives_0610_00_actTRWFT,bScratchCostumeEnable,true
Combatives_0610_00_actTRWR,Power,0
Combatives_0610_00_actULTHI,Power,0
Combatives_0610_00_actULTHI,ArmorBreakLevel,ブラスト
Combatives_0620_00_actDTWFT,Power,0
Combatives_0620_00_actDTWFT,ArmorBreakLevel,投げ系
Combatives_0620_00_actDTWFT,bScratchCostumeEnable,true
Combatives_0620_00_actEXA1,Power,0
Combatives_0620_00_actEXA1,bBuffAvoidable,true
Combatives_0620_00_actSPM2_ADMHI,Power,0
Combatives_0620_00_actSPM2_ADMHI,ArmorBreakLevel,ブラスト
Combatives_0620_00_actTRWFT,Power,0
Combatives_0620_00_actTRWFT,ArmorBreakLevel,投げ系
Combatives_0620_00_actTRWFT,bScratchCostumeEnable,true
Combatives_0620_00_actTRWR,Power,0
Combatives_0620_00_actULTHI,Power,0
Combatives_0620_00_actULTHI,ArmorBreakLevel,ブラスト
Combatives_0620_00_actULTHI,bReduceZSearchAfterHit,true
Combatives_0620_00_actULTHI,ReduceZSearchEffectTime,0.9
Combatives_0620_00_actULTHI,bDamageCostumeEnable,true
Combatives_0620_00_actULTHI,bDamageCostumeWreck,true
Combatives_0620_00_actULTHI,bScratchCostumeEnable,true
Combatives_0621_00_actDTWFT,Power,0
Combatives_0621_00_actDTWFT,ArmorBreakLevel,投げ系
Combatives_0621_00_actDTWFT,bScratchCostumeEnable,true
Combatives_0621_00_actEXA1,Power,0
Combatives_0621_00_actEXA1,bBuffAvoidable,true
Combatives_0621_00_actSPM2_ADMHI,Power,0
Combatives_0621_00_actSPM2_ADMHI,ArmorBreakLevel,ブラスト
Combatives_0621_00_actSPM2_ADMHI,bDamageCostumeEnable,true
Combatives_0621_00_actSPM2_ADMHI,bScratchCostumeEnable,true
Combatives_0621_00_actTRWFT,Power,0
Combatives_0621_00_actTRWFT,ArmorBreakLevel,投げ系
Combatives_0621_00_actTRWFT,bScratchCostumeEnable,true
Combatives_0621_00_actTRWR,Power,0
Combatives_0621_00_actULTHI,Power,0
Combatives_0621_00_actULTHI,ArmorBreakLevel,ブラスト
Combatives_0621_00_actULTHI,bReduceZSearchAfterHit,true
Combatives_0621_00_actULTHI,ReduceZSearchEffectTime,0.9
Combatives_0621_00_actULTHI,bDamageCostumeEnable,true
Combatives_0621_00_actULTHI,bDamageCostumeWreck,true
Combatives_0621_00_actULTHI,bScratchCostumeEnable,true
Combatives_0630_00_actDTWFT,Power,0
Combatives_0630_00_actDTWFT,ArmorBreakLevel,投げ系
Combatives_0630_00_actDTWFT,bScratchCostumeEnable,true
Combatives_0630_00_actEXA1,Power,0
Combatives_0630_00_actEXA1,bBuffAvoidable,true
Combatives_0630_00_actSPM2_ADMHI,Power,0
Combatives_0630_00_actSPM2_ADMHI,ArmorBreakLevel,ブラスト
Combatives_0630_00_actSPM2_ADMHI,bDamageCostumeEnable,true
Combatives_0630_00_actSPM2_ADMHI,bScratchCostumeEnable,true
Combatives_0630_00_actTRWFT,Power,0
Combatives_0630_00_actTRWFT,ArmorBreakLevel,投げ系
Combatives_0630_00_actTRWFT,bScratchCostumeEnable,true
Combatives_0630_00_actTRWR,Power,0
Combatives_0630_00_actULTHI,Power,0
Combatives_0630_00_actULTHI,ArmorBreakLevel,ブラスト
Combatives_0630_00_actULTHI,bReduceZSearchAfterHit,true
Combatives_0630_00_actULTHI,ReduceZSearchEffectTime,0.9
Combatives_0630_00_actULTHI,bDamageCostumeEnable,true
Combatives_0630_00_actULTHI,bDamageCostumeWreck,true
Combatives_0630_00_actULTHI,bScratchCostumeEnable,true
Combatives_0631_00_actDTWFT,Power,0
Combatives_0631_00_actDTWFT,ArmorBreakLevel,投げ系
Combatives_0631_00_actDTWFT,bScratchCostumeEnable,true
Combatives_0631_00_actEXA1,Power,0
Combatives_0631_00_actEXA1,bBuffAvoidable,true
Combatives_0631_00_actSPM2_ADMHI,Power,0
Combatives_0631_00_actSPM2_ADMHI,ArmorBreakLevel,ブラスト
Combatives_0631_00_actTRWFT,Power,0
Combatives_0631_00_actTRWFT,ArmorBreakLevel,投げ系
Combatives_0631_00_actTRWFT,bScratchCostumeEnable,true
Combatives_0631_00_actTRWR,Power,0
Combatives_0631_00_actULTHI,Power,0
Combatives_0631_00_actULTHI,ArmorBreakLevel,ブラスト
Combatives_0631_00_actULTHI,bReduceZSearchAfterHit,true
Combatives_0631_00_actULTHI,ReduceZSearchEffectTime,0.9
Combatives_0631_00_actULTHI,bDamageCostumeEnable,true
Combatives_0631_00_actULTHI,bDamageCostumeWreck,true
Combatives_0631_00_actULTHI,bScratchCostumeEnable,true
Combatives_0640_00_actDTWFT,Power,0
Combatives_0640_00_actDTWFT,ArmorBreakLevel,投げ系
Combatives_0640_00_actDTWFT,bScratchCostumeEnable,true
Combatives_0640_00_actEXA1,Power,0
Combatives_0640_00_actEXA1,bBuffAvoidable,true
Combatives_0640_00_actSPM2_ADMHI,Power,0
Combatives_0640_00_actSPM2_ADMHI,ArmorBreakLevel,ブラスト
Combatives_0640_00_actSPM2_ADMHI,bScratchCostumeEnable,true
Combatives_0640_00_actTRWFT,Power,0
Combatives_0640_00_actTRWFT,ArmorBreakLevel,投げ系
Combatives_0640_00_actTRWFT,bScratchCostumeEnable,true
Combatives_0640_00_actTRWR,Power,0
Combatives_0640_00_actULTHI,Power,0
Combatives_0640_00_actULTHI,ArmorBreakLevel,ブラスト
Combatives_0650_00_actRSHB2_1,Power,150
Combatives_0650_00_actRSHB2_1,EnergyGain,150
Combatives_0650_00_actRSHB2_1,SmashLevelGaugeIncrement,0.05
Combatives_0650_00_actRSHB2_1,SuperZCounterTakeType,EKoratSuperZCounterTakeType::Take
Combatives_0650_00_actRSHB2_1,ArmorBreakLevel,巨大キャララッシュテスト用
Combatives_0650_00_actRSHB2_1,bSuperCounterAvoidable,true
Combatives_0650_00_actRSHB2_1,bSuperSelfishness,true
Combatives_0650_00_actRSHB2_1,bBuffAvoidable,true
Combatives_0650_00_actRSHB2_1,bPossibleAscertain,true
Combatives_0650_00_actRSHB2_1,DestructionFieldScale,150
Combatives_0650_00_actRSHB2_2,Power,150
Combatives_0650_00_actRSHB2_2,EnergyGain,150
Combatives_0650_00_actRSHB2_2,SmashLevelGaugeIncrement,0.05
Combatives_0650_00_actRSHB2_2,SuperZCounterTakeType,EKoratSuperZCounterTakeType::Take
Combatives_0650_00_actRSHB2_2,ArmorBreakLevel,巨大キャララッシュテスト用
Combatives_0650_00_actRSHB2_2,bSuperCounterAvoidable,true
Combatives_0650_00_actRSHB2_2,bSuperSelfishness,true
Combatives_0650_00_actRSHB2_2,bBuffAvoidable,true
Combatives_0650_00_actRSHB2_2,bPossibleAscertain,true
Combatives_0650_00_actRSHB2_2,DestructionFieldScale,150
Combatives_0650_00_actTRWFT,Power,0
Combatives_0650_00_actTRWFT,ArmorBreakLevel,投げ系
Combatives_0650_00_actTRWFT,bScratchCostumeEnable,true
Combatives_0650_00_actULTHI,Power,0
Combatives_0650_00_actULTHI,ArmorBreakLevel,ブラスト
Combatives_0650_00_actULTHI,ReduceZSearchEffectTime,5
Combatives_0650_00_actULTHI,bScratchCostumeEnable,true
Combatives_0651_00_actDTWFT,Power,0
Combatives_0651_00_actDTWFT,ArmorBreakLevel,投げ系
Combatives_0651_00_actDTWFT,bScratchCostumeEnable,true
Combatives_0651_00_actEXA1,Power,0
Combatives_0651_00_actEXA1,bBuffAvoidable,true
Combatives_0651_00_actSPM2_ADMHI,Power,0
Combatives_0651_00_actSPM2_ADMHI,ArmorBreakLevel,ブラスト
Combatives_0651_00_actTRWFT,Power,0
Combatives_0651_00_actTRWFT,ArmorBreakLevel,投げ系
Combatives_0651_00_actTRWFT,bScratchCostumeEnable,true
Combatives_0651_00_actTRWR,Power,0
Combatives_0651_00_actULTHI,Power,0
Combatives_0651_00_actULTHI,ArmorBreakLevel,ブラスト
Combatives_0651_00_actULTHI,bDamageCostumeEnable,true
Combatives_0651_00_actULTHI,bDamageCostumeWreck,true
Combatives_0651_00_actULTHI,bScratchCostumeEnable,true
Combatives_0660_00_actDTWFT,Power,0
Combatives_0660_00_actDTWFT,ArmorBreakLevel,投げ系
Combatives_0660_00_actDTWFT,bScratchCostumeEnable,true
Combatives_0660_00_actEXA1,Power,0
Combatives_0660_00_actEXA1,bBuffAvoidable,true
Combatives_0660_00_actFLK,Power,150
Combatives_0660_00_actFLK,EnergyGain,300
Combatives_0660_00_actFLK,SuperZCounterTakeType,EKoratSuperZCounterTakeType::Take
Combatives_0660_00_actFLK,ArmorBreakLevel,舞空脚
Combatives_0660_00_actFLK,bSuperCounterAvoidable,true
Combatives_0660_00_actFLK,bBuffAvoidable,true
Combatives_0660_00_actFLK,bInterruptGuard,true
Combatives_0660_00_actFLK,DestructionFieldScale,3
Combatives_0660_00_actFLK2-3,Power,150
Combatives_0660_00_actFLK2-3,EnergyGain,300
Combatives_0660_00_actFLK2-3,SuperZCounterTakeType,EKoratSuperZCounterTakeType::Take
Combatives_0660_00_actFLK2-3,ArmorBreakLevel,舞空脚
Combatives_0660_00_actFLK2-3,bSuperCounterAvoidable,true
Combatives_0660_00_actFLK2-3,bBuffAvoidable,true
Combatives_0660_00_actFLK2-3,DestructionFieldScale,3
Combatives_0660_00_actFR1,Power,100
Combatives_0660_00_actFR1,SuperZCounterTakeType,EKoratSuperZCounterTakeType::Take
Combatives_0660_00_actFR1,ArmorBreakLevel,追撃系
Combatives_0660_00_actFR1,bSuperCounterAvoidable,true
Combatives_0660_00_actFR1,bBuffAvoidable,true
Combatives_0660_00_actSPM2_ADMHI,Power,0
Combatives_0660_00_actSPM2_ADMHI,ArmorBreakLevel,ブラスト
Combatives_0660_00_actTRWFT,Power,0
Combatives_0660_00_actTRWFT,ArmorBreakLevel,投げ系
Combatives_0660_00_actTRWFT,bScratchCostumeEnable,true
Combatives_0660_00_actTRWR,Power,0
Combatives_0660_00_actULTHI,Power,0
Combatives_0660_00_actULTHI,ArmorBreakLevel,ブラスト
Combatives_0670_00_actTRWFT,Power,0
Combatives_0670_00_actTRWFT,ArmorBreakLevel,投げ系
Combatives_0670_00_actTRWFT,bScratchCostumeEnable,true
Combatives_0670_00_actTRWR,Power,0
Combatives_0670_00_actULTHD1P,Power,13000
Combatives_0670_00_actULTHD1P,ArmorBreakLevel,ブラスト
Combatives_0670_00_actULTHI,Power,0
Combatives_0670_00_actULTHI,ArmorBreakLevel,ブラスト
Combatives_0670_00_actULTHI,bReduceZSearchAfterHit,true
Combatives_0670_00_actULTHI,ReduceZSearchEffectTime,0.9
Combatives_0670_00_actULTHI,bDamageCostumeEnable,true
Combatives_0670_00_actULTHI,bDamageCostumeWreck,true
Combatives_0670_00_actULTHI,bScratchCostumeEnable,true
Combatives_0680_00_actDTWFT,Power,0
Combatives_0680_00_actDTWFT,ArmorBreakLevel,投げ系
Combatives_0680_00_actDTWFT,bScratchCostumeEnable,true
Combatives_0680_00_actEXA1,Power,0
Combatives_0680_00_actEXA1,bBuffAvoidable,true
Combatives_0680_00_actEXA1,DestructionFieldScale,8
Combatives_0680_00_actSPM2_ADMHI,Power,0
Combatives_0680_00_actSPM2_ADMHI,ArmorBreakLevel,ブラスト
Combatives_0680_00_actSPM2_ADMHI,bScratchCostumeEnable,true
Combatives_0680_00_actTRWFT,Power,0
Combatives_0680_00_actTRWFT,ArmorBreakLevel,投げ系
Combatives_0680_00_actTRWFT,bScratchCostumeEnable,true
Combatives_0680_00_actTRWR,Power,0
Combatives_0680_00_actULTHI,Power,0
Combatives_0680_00_actULTHI,ArmorBreakLevel,ブラスト
Combatives_0680_00_actULTHI,bReduceZSearchAfterHit,true
Combatives_0680_00_actULTHI,ReduceZSearchEffectTime,0.9
Combatives_0680_00_actULTHI,bDamageCostumeEnable,true
Combatives_0680_00_actULTHI,bDamageCostumeWreck,true
Combatives_0680_00_actULTHI,bScratchCostumeEnable,true
Combatives_0680_01_actDTWFT,Power,0
Combatives_0680_01_actDTWFT,ArmorBreakLevel,投げ系
Combatives_0680_01_actDTWFT,bScratchCostumeEnable,true
Combatives_0680_01_actEXA1,Power,0
Combatives_0680_01_actEXA1,bBuffAvoidable,true
Combatives_0680_01_actSPM2_ADMHI,Power,0
Combatives_0680_01_actSPM2_ADMHI,ArmorBreakLevel,ブラスト
Combatives_0680_01_actTRWFT,Power,0
Combatives_0680_01_actTRWFT,ArmorBreakLevel,投げ系
Combatives_0680_01_actTRWFT,bScratchCostumeEnable,true
Combatives_0680_01_actTRWR,Power,0
Combatives_0680_01_actULTHI,Power,0
Combatives_0680_01_actULTHI,ArmorBreakLevel,ブラスト
Combatives_0680_01_actULTHI,bReduceZSearchAfterHit,true
Combatives_0680_01_actULTHI,ReduceZSearchEffectTime,0.9
Combatives_0680_01_actULTHI,bDamageCostumeEnable,true
Combatives_0680_01_actULTHI,bDamageCostumeWreck,true
Combatives_0680_01_actULTHI,bScratchCostumeEnable,true
Combatives_0680_02_actDTWFT,Power,0
Combatives_0680_02_actDTWFT,ArmorBreakLevel,投げ系
Combatives_0680_02_actDTWFT,bScratchCostumeEnable,true
Combatives_0680_02_actEXA1,Power,0
Combatives_0680_02_actEXA1,bBuffAvoidable,true
Combatives_0680_02_actEXA1,DestructionFieldScale,8
Combatives_0680_02_actSPM2_ADMHI,Power,0
Combatives_0680_02_actSPM2_ADMHI,ArmorBreakLevel,ブラスト
Combatives_0680_02_actSPM2_ADMHI,bScratchCostumeEnable,true
Combatives_0680_02_actTRWFT,Power,0
Combatives_0680_02_actTRWFT,ArmorBreakLevel,投げ系
Combatives_0680_02_actTRWFT,bScratchCostumeEnable,true
Combatives_0680_02_actTRWR,Power,0
Combatives_0680_02_actULTHD1P,Power,11000
Combatives_0680_02_actULTHD1P,ArmorBreakLevel,ブラスト
Combatives_0680_02_actULTHI,Power,0
Combatives_0680_02_actULTHI,ArmorBreakLevel,ブラスト
Combatives_0680_02_actULTHI,bReduceZSearchAfterHit,true
Combatives_0680_02_actULTHI,ReduceZSearchEffectTime,0.9
Combatives_0680_02_actULTHI,bDamageCostumeEnable,true
Combatives_0680_02_actULTHI,bDamageCostumeWreck,true
Combatives_0680_02_actULTHI,bScratchCostumeEnable,true
Combatives_0681_00_actEXA1,Power,0
Combatives_0681_00_actEXA1,bBuffAvoidable,true
Combatives_0681_00_actEXA1,DestructionFieldScale,8
Combatives_0681_00_actSPM2_ADMHI,Power,0
Combatives_0681_00_actSPM2_ADMHI,ArmorBreakLevel,ブラスト
Combatives_0681_00_actSPM2_ADMHI,bScratchCostumeEnable,true
Combatives_0681_00_actULTHD1P,Power,13000
Combatives_0681_00_actULTHD1P,ArmorBreakLevel,ブラスト
Combatives_0681_00_actULTHI,Power,0
Combatives_0681_00_actULTHI,ArmorBreakLevel,ブラスト
Combatives_0681_00_actULTHI,bReduceZSearchAfterHit,true
Combatives_0681_00_actULTHI,ReduceZSearchEffectTime,0.9
Combatives_0681_00_actULTHI,bDamageCostumeEnable,true
Combatives_0681_00_actULTHI,bDamageCostumeWreck,true
Combatives_0681_00_actULTHI,bScratchCostumeEnable,true
Combatives_0690_00_actDTWFT,Power,0
Combatives_0690_00_actDTWFT,ArmorBreakLevel,投げ系
Combatives_0690_00_actDTWFT,bScratchCostumeEnable,true
Combatives_0690_00_actEXA1,Power,0
Combatives_0690_00_actEXA1,bBuffAvoidable,true
Combatives_0690_00_actSPM2SI,Power,6000
Combatives_0690_00_actSPM2SI,Shave,1200
Combatives_0690_00_actSPM2SI,ArmorBreakLevel,ブラスト
Combatives_0690_00_actSPM2SI,bBuffAvoidable,true
Combatives_0690_00_actSPM2SI,bAvoidHistep,true
Combatives_0690_00_actSPM2SI,DestructionFieldScale,7
Combatives_0690_00_actSPM2SI,bEnergyBulletCollision,true
Combatives_0690_00_actSPM2SI,EnergyBulletCollisionPriority,210
Combatives_0690_00_actSPM2SI,bEnergyBullectCollisionSpecial,true
Combatives_0690_00_actSPM2SM,Power,0
Combatives_0690_00_actSPM2SM,bNoKnockDownAttack,true
Combatives_0690_00_actSPM2SM,DestructionFieldScale,7
Combatives_0690_00_actSPM2SM,bEnergyBulletCollision,true
Combatives_0690_00_actSPM2SM,EnergyBulletCollisionPriority,210
Combatives_0690_00_actSPM2SM,bEnergyBullectCollisionSpecial,true
Combatives_0690_00_actTRWFT,Power,0
Combatives_0690_00_actTRWFT,ArmorBreakLevel,投げ系
Combatives_0690_00_actTRWFT,bScratchCostumeEnable,true
Combatives_0690_00_actTRWR,Power,0
Combatives_0690_00_actULTHI,Power,0
Combatives_0690_00_actULTHI,ArmorBreakLevel,ブラスト
Combatives_0690_00_actULTHI,bReduceZSearchAfterHit,true
Combatives_0690_00_actULTHI,ReduceZSearchEffectTime,0.9
Combatives_0690_00_actULTHI,bDamageCostumeEnable,true
Combatives_0690_00_actULTHI,bDamageCostumeWreck,true
Combatives_0690_00_actULTHI,bScratchCostumeEnable,true
Combatives_0700_00_actDTWFT,Power,0
Combatives_0700_00_actDTWFT,ArmorBreakLevel,投げ系
Combatives_0700_00_actDTWFT,bScratchCostumeEnable,true
Combatives_0700_00_actEXA1,Power,0
Combatives_0700_00_actEXA1,bBuffAvoidable,true
Combatives_0700_00_actEXA1,DestructionFieldScale,8
Combatives_0700_00_actSPM1HI,Power,0
Combatives_0700_00_actSPM1HI,ArmorBreakLevel,ブラスト
Combatives_0700_00_actSPM1HI,bDamageCostumeEnable,true
Combatives_0700_00_actSPM1HI,bScratchCostumeEnable,true
Combatives_0700_00_actSPM2_ADMHI,Power,0
Combatives_0700_00_actSPM2_ADMHI,ArmorBreakLevel,ブラスト
Combatives_0700_00_actSPM2_ADMHI,bDamageCostumeEnable,true
Combatives_0700_00_actSPM2_ADMHI,bScratchCostumeEnable,true
Combatives_0700_00_actTRWR,Power,0
Combatives_0700_00_actULTHI,Power,0
Combatives_0700_00_actULTHI,ArmorBreakLevel,ブラスト
Combatives_0700_00_actULTHI,bDamageCostumeEnable,true
Combatives_0700_00_actULTHI,bDamageCostumeWreck,true
Combatives_0700_00_actULTHI,bScratchCostumeEnable,true
Combatives_0700_01_actDTWFT,Power,0
Combatives_0700_01_actDTWFT,ArmorBreakLevel,投げ系
Combatives_0700_01_actDTWFT,bScratchCostumeEnable,true
Combatives_0700_01_actEXA1,Power,0
Combatives_0700_01_actEXA1,bBuffAvoidable,true
Combatives_0700_01_actSPM1HD1P,Power,5700
Combatives_0700_01_actSPM1HD1P,ArmorBreakLevel,ブラスト
Combatives_0700_01_actSPM2_ADMHI,Power,0
Combatives_0700_01_actSPM2_ADMHI,ArmorBreakLevel,ブラスト
Combatives_0700_01_actTRWFT,Power,0
Combatives_0700_01_actTRWFT,ArmorBreakLevel,投げ系
Combatives_0700_01_actTRWFT,bScratchCostumeEnable,true
Combatives_0700_01_actTRWR,Power,0
Combatives_0700_01_actULTHI,Power,0
Combatives_0700_01_actULTHI,ArmorBreakLevel,ブラスト
Combatives_0700_01_actULTHI,bReduceZSearchAfterHit,true
Combatives_0700_01_actULTHI,ReduceZSearchEffectTime,0.9
Combatives_0700_01_actULTHI,bDamageCostumeEnable,true
Combatives_0700_01_actULTHI,bDamageCostumeWreck,true
Combatives_0700_01_actULTHI,bScratchCostumeEnable,true
Combatives_0710_00_actDTWFT,Power,0
Combatives_0710_00_actDTWFT,ArmorBreakLevel,投げ系
Combatives_0710_00_actDTWFT,bScratchCostumeEnable,true
Combatives_0710_00_actEXA1,Power,0
Combatives_0710_00_actEXA1,bBuffAvoidable,true
Combatives_0710_00_actSPM2_ADMHI,Power,0
Combatives_0710_00_actSPM2_ADMHI,ArmorBreakLevel,ブラスト
Combatives_0710_00_actTRWFT,Power,0
Combatives_0710_00_actTRWFT,ArmorBreakLevel,投げ系
Combatives_0710_00_actTRWFT,bScratchCostumeEnable,true
Combatives_0710_00_actTRWR,Power,0
Combatives_0710_00_actULTHI,Power,0
Combatives_0710_00_actULTHI,ArmorBreakLevel,ブラスト
Combatives_0710_00_actULTHI,bReduceZSearchAfterHit,true
Combatives_0710_00_actULTHI,ReduceZSearchEffectTime,0.9
Combatives_0710_00_actULTHI,bDamageCostumeEnable,true
Combatives_0710_00_actULTHI,bDamageCostumeWreck,true
Combatives_0710_00_actULTHI,bScratchCostumeEnable,true
Combatives_0720_00_actDTWFT,Power,0
Combatives_0720_00_actDTWFT,ArmorBreakLevel,投げ系
Combatives_0720_00_actDTWFT,bScratchCostumeEnable,true
Combatives_0720_00_actEXA1,Power,0
Combatives_0720_00_actEXA1,bBuffAvoidable,true
Combatives_0720_00_actSPM2_ADMHI,Power,0
Combatives_0720_00_actSPM2_ADMHI,ArmorBreakLevel,ブラスト
Combatives_0720_00_actTRWFT,Power,0
Combatives_0720_00_actTRWFT,ArmorBreakLevel,投げ系
Combatives_0720_00_actTRWFT,bScratchCostumeEnable,true
Combatives_0720_00_actTRWR,Power,0
Combatives_0720_00_actULTHI,Power,0
Combatives_0720_00_actULTHI,ArmorBreakLevel,ブラスト
Combatives_0720_00_actULTHI,bDamageCostumeEnable,true
Combatives_0720_00_actULTHI,bDamageCostumeWreck,true
Combatives_0720_00_actULTHI,bScratchCostumeEnable,true
Combatives_0730_00_actDTWFT,Power,0
Combatives_0730_00_actDTWFT,ArmorBreakLevel,投げ系
Combatives_0730_00_actDTWFT,bScratchCostumeEnable,true
Combatives_0730_00_actEXA1,Power,0
Combatives_0730_00_actEXA1,bBuffAvoidable,true
Combatives_0730_00_actSPM2_ADMHI,Power,0
Combatives_0730_00_actSPM2_ADMHI,ArmorBreakLevel,ブラスト
Combatives_0730_00_actTRWFT,Power,0
Combatives_0730_00_actTRWFT,ArmorBreakLevel,投げ系
Combatives_0730_00_actTRWFT,bScratchCostumeEnable,true
Combatives_0730_00_actTRWR,Power,0
Combatives_0730_00_actULTHD1P,Power,30000
Combatives_0730_00_actULTHD1P,ArmorBreakLevel,ブラスト
Combatives_0730_00_actULTHD1P,bBuffAvoidable,true
Combatives_0730_00_actULTHI,Power,0
Combatives_0730_00_actULTHI,ArmorBreakLevel,ブラスト
Combatives_0730_00_actULTHI,bReduceZSearchAfterHit,true
Combatives_0730_00_actULTHI,ReduceZSearchEffectTime,0.9
Combatives_0730_00_actULTHI,bDamageCostumeEnable,true
Combatives_0730_00_actULTHI,bDamageCostumeWreck,true
Combatives_0730_00_actULTHI,bScratchCostumeEnable,true
Combatives_0760_00_actDTWFT,Power,0
Combatives_0760_00_actDTWFT,ArmorBreakLevel,投げ系
Combatives_0760_00_actDTWFT,bScratchCostumeEnable,true
Combatives_0760_00_actSPM1SI,Power,6000
Combatives_0760_00_actSPM1SI,Shave,1200
Combatives_0760_00_actSPM1SI,ArmorBreakLevel,ブラスト
Combatives_0760_00_actSPM1SI,bBuffAvoidable,true
Combatives_0760_00_actSPM1SI,bAvoidHistep,true
Combatives_0760_00_actSPM1SI,DestructionFieldScale,7
Combatives_0760_00_actSPM2HI,Power,0
Combatives_0760_00_actSPM2HI,ArmorBreakLevel,ブラスト
Combatives_0760_00_actTRWFT,Power,0
Combatives_0760_00_actTRWFT,ArmorBreakLevel,投げ系
Combatives_0760_00_actTRWFT,bScratchCostumeEnable,true
Combatives_0760_00_actULTHI,Power,0
Combatives_0760_00_actULTHI,ArmorBreakLevel,ブラスト
Combatives_0780_00_actDTWFT,Power,0
Combatives_0780_00_actDTWFT,ArmorBreakLevel,投げ系
Combatives_0780_00_actDTWFT,bScratchCostumeEnable,true
Combatives_0780_00_actEXA1,Power,0
Combatives_0780_00_actEXA1,bBuffAvoidable,true
Combatives_0780_00_actSPM2_ADMHI,Power,0
Combatives_0780_00_actSPM2_ADMHI,ArmorBreakLevel,ブラスト
Combatives_0780_00_actTRWFT,Power,0
Combatives_0780_00_actTRWFT,ArmorBreakLevel,投げ系
Combatives_0780_00_actTRWFT,bScratchCostumeEnable,true
Combatives_0780_00_actTRWR,Power,0
Combatives_0780_00_actULTHI,Power,0
Combatives_0780_00_actULTHI,ArmorBreakLevel,ブラスト
Combatives_0780_00_actULTHI,bReduceZSearchAfterHit,true
Combatives_0780_00_actULTHI,ReduceZSearchEffectTime,0.9
Combatives_0780_00_actULTHI,bDamageCostumeEnable,true
Combatives_0780_00_actULTHI,bDamageCostumeWreck,true
Combatives_0780_00_actULTHI,bScratchCostumeEnable,true
Combatives_0790_00_actDTWFT,Power,0
Combatives_0790_00_actDTWFT,ArmorBreakLevel,投げ系
Combatives_0790_00_actDTWFT,bScratchCostumeEnable,true
Combatives_0790_00_actEXA1,Power,0
Combatives_0790_00_actEXA1,bBuffAvoidable,true
Combatives_0790_00_actSPM2_ADMHI,Power,0
Combatives_0790_00_actSPM2_ADMHI,ArmorBreakLevel,ブラスト
Combatives_0790_00_actTRWFT,Power,0
Combatives_0790_00_actTRWFT,ArmorBreakLevel,投げ系
Combatives_0790_00_actTRWFT,bScratchCostumeEnable,true
Combatives_0790_00_actTRWR,Power,0
Combatives_0790_00_actULTHI,Power,0
Combatives_0790_00_actULTHI,ArmorBreakLevel,ブラスト
Combatives_0790_00_actULTHI,bReduceZSearchAfterHit,true
Combatives_0790_00_actULTHI,ReduceZSearchEffectTime,0.9
Combatives_0790_00_actULTHI,bDamageCostumeEnable,true
Combatives_0790_00_actULTHI,bDamageCostumeWreck,true
Combatives_0790_00_actULTHI,bScratchCostumeEnable,true
Combatives_0800_00_actDTWFT,Power,0
Combatives_0800_00_actDTWFT,ArmorBreakLevel,投げ系
Combatives_0800_00_actDTWFT,bScratchCostumeEnable,true
Combatives_0800_00_actSPM2_ADMHI,Power,0
Combatives_0800_00_actSPM2_ADMHI,ArmorBreakLevel,ブラスト
Combatives_0800_00_actTRWFT,Power,0
Combatives_0800_00_actTRWFT,ArmorBreakLevel,投げ系
Combatives_0800_00_actTRWFT,bScratchCostumeEnable,true
Combatives_0800_00_actTRWR,Power,0
Combatives_0800_00_actULT_SDMHI,Power,0
Combatives_0800_00_actULT_SDMHI,ArmorBreakLevel,ブラスト
Combatives_0800_00_actULT_SDMHI,bReduceZSearchAfterHit,true
Combatives_0800_00_actULT_SDMHI,ReduceZSearchEffectTime,3
Combatives_0800_00_actULT_SDMHI,bDamageCostumeEnable,true
Combatives_0800_00_actULT_SDMHI,bDamageCostumeWreck,true
Combatives_0800_00_actULT_SDMHI,bScratchCostumeEnable,true
Combatives_0800_01_actDTWFT,Power,0
Combatives_0800_01_actDTWFT,ArmorBreakLevel,投げ系
Combatives_0800_01_actDTWFT,bScratchCostumeEnable,true
Combatives_0800_01_actEXA1,Power,0
Combatives_0800_01_actEXA1,bBuffAvoidable,true
Combatives_0800_01_actSPM2_ADMHI,Power,0
Combatives_0800_01_actSPM2_ADMHI,ArmorBreakLevel,ブラスト
Combatives_0800_01_actSPM2_ADMHI,bDamageCostumeEnable,true
Combatives_0800_01_actSPM2_ADMHI,bScratchCostumeEnable,true
Combatives_0800_01_actTRWFT,Power,0
Combatives_0800_01_actTRWFT,ArmorBreakLevel,投げ系
Combatives_0800_01_actTRWFT,bScratchCostumeEnable,true
Combatives_0800_01_actTRWR,Power,0
Combatives_0800_01_actULTHI,Power,0
Combatives_0800_01_actULTHI,ArmorBreakLevel,ブラスト
Combatives_0800_01_actULTHI,bReduceZSearchAfterHit,true
Combatives_0800_01_actULTHI,ReduceZSearchEffectTime,0.9
Combatives_0800_01_actULTHI,bDamageCostumeEnable,true
Combatives_0800_01_actULTHI,bDamageCostumeWreck,true
Combatives_0800_01_actULTHI,bScratchCostumeEnable,true
Combatives_0810_00_actDTWFT,Power,0
Combatives_0810_00_actDTWFT,ArmorBreakLevel,投げ系
Combatives_0810_00_actDTWFT,bScratchCostumeEnable,true
Combatives_0810_00_actEXA1,Power,0
Combatives_0810_00_actEXA1,bBuffAvoidable,true
Combatives_0810_00_actSPM2_ADMHI,Power,0
Combatives_0810_00_actSPM2_ADMHI,ArmorBreakLevel,ブラスト
Combatives_0810_00_actTRWFT,Power,0
Combatives_0810_00_actTRWFT,ArmorBreakLevel,投げ系
Combatives_0810_00_actTRWFT,bScratchCostumeEnable,true
Combatives_0810_00_actTRWR,Power,0
Combatives_0810_00_actULTHI,Power,0
Combatives_0810_00_actULTHI,ArmorBreakLevel,ブラスト
Combatives_0810_00_actULTHI,bReduceZSearchAfterHit,true
Combatives_0810_00_actULTHI,ReduceZSearchEffectTime,0.9
Combatives_0810_00_actULTHI,bDamageCostumeEnable,true
Combatives_0810_00_actULTHI,bDamageCostumeWreck,true
Combatives_0810_00_actULTHI,bScratchCostumeEnable,true
Combatives_0810_01_actDTWFT,Power,0
Combatives_0810_01_actDTWFT,ArmorBreakLevel,投げ系
Combatives_0810_01_actDTWFT,bScratchCostumeEnable,true
Combatives_0810_01_actEXA1,Power,0
Combatives_0810_01_actEXA1,bBuffAvoidable,true
Combatives_0810_01_actSPM2_ADMHI,Power,0
Combatives_0810_01_actSPM2_ADMHI,ArmorBreakLevel,ブラスト
Combatives_0810_01_actSPM2_ADMHI,bScratchCostumeEnable,true
Combatives_0810_01_actTRWFT,Power,0
Combatives_0810_01_actTRWFT,ArmorBreakLevel,投げ系
Combatives_0810_01_actTRWFT,bScratchCostumeEnable,true
Combatives_0810_01_actTRWR,Power,0
Combatives_0810_01_actULTHI,Power,0
Combatives_0810_01_actULTHI,ArmorBreakLevel,ブラスト
Combatives_0810_01_actULTHI,bReduceZSearchAfterHit,true
Combatives_0810_01_actULTHI,ReduceZSearchEffectTime,0.9
Combatives_0810_01_actULTHI,bDamageCostumeEnable,true
Combatives_0810_01_actULTHI,bDamageCostumeWreck,true
Combatives_0810_01_actULTHI,bScratchCostumeEnable,true
Combatives_0811_00_actDTWFT,Power,0
Combatives_0811_00_actDTWFT,ArmorBreakLevel,投げ系
Combatives_0811_00_actDTWFT,bScratchCostumeEnable,true
Combatives_0811_00_actEXA1,Power,0
Combatives_0811_00_actEXA1,bBuffAvoidable,true
Combatives_0811_00_actEXA1,DestructionFieldScale,8
Combatives_0811_00_actSPM2_ADMHI,Power,0
Combatives_0811_00_actSPM2_ADMHI,ArmorBreakLevel,ブラスト
Combatives_0811_00_actTRWFT,Power,0
Combatives_0811_00_actTRWFT,ArmorBreakLevel,投げ系
Combatives_0811_00_actTRWFT,bScratchCostumeEnable,true
Combatives_0811_00_actTRWR,Power,0
Combatives_0811_00_actULTHI,Power,0
Combatives_0811_00_actULTHI,ArmorBreakLevel,ブラスト
Combatives_0811_00_actULTHI,bReduceZSearchAfterHit,true
Combatives_0811_00_actULTHI,ReduceZSearchEffectTime,0.9
Combatives_0811_00_actULTHI,bDamageCostumeEnable,true
Combatives_0811_00_actULTHI,bDamageCostumeWreck,true
Combatives_0811_00_actULTHI,bScratchCostumeEnable,true
Combatives_0820_00_actDTWFT,Power,0
Combatives_0820_00_actDTWFT,ArmorBreakLevel,投げ系
Combatives_0820_00_actDTWFT,bScratchCostumeEnable,true
Combatives_0820_00_actEXA1,Power,0
Combatives_0820_00_actEXA1,bBuffAvoidable,true
Combatives_0820_00_actSPM2_ADMHI,Power,0
Combatives_0820_00_actSPM2_ADMHI,ArmorBreakLevel,ブラスト
Combatives_0820_00_actSPM2_ADMHI,bDamageCostumeEnable,true
Combatives_0820_00_actSPM2_ADMHI,bScratchCostumeEnable,true
Combatives_0820_00_actTRWFT,Power,0
Combatives_0820_00_actTRWFT,ArmorBreakLevel,投げ系
Combatives_0820_00_actTRWFT,bScratchCostumeEnable,true
Combatives_0820_00_actTRWR,Power,0
Combatives_0820_00_actULTHI,Power,0
Combatives_0820_00_actULTHI,ArmorBreakLevel,ブラスト
Combatives_0820_00_actULTHI,bReduceZSearchAfterHit,true
Combatives_0820_00_actULTHI,ReduceZSearchEffectTime,0.9
Combatives_0820_00_actULTHI,bDamageCostumeEnable,true
Combatives_0820_00_actULTHI,bDamageCostumeWreck,true
Combatives_0820_00_actULTHI,bScratchCostumeEnable,true
Combatives_0830_00_actDTWFT,Power,0
Combatives_0830_00_actDTWFT,ArmorBreakLevel,投げ系
Combatives_0830_00_actDTWFT,bScratchCostumeEnable,true
Combatives_0830_00_actSPM2HI,Power,0
Combatives_0830_00_actSPM2HI,ArmorBreakLevel,ブラスト
Combatives_0830_00_actTRWFT,Power,0
Combatives_0830_00_actTRWFT,ArmorBreakLevel,投げ系
Combatives_0830_00_actTRWFT,bScratchCostumeEnable,true
Combatives_0830_00_actTRWR,Power,0
Combatives_0830_00_actULTHI,Power,0
Combatives_0830_00_actULTHI,ArmorBreakLevel,ブラスト
Combatives_0830_00_actULTHI,bReduceZSearchAfterHit,true
Combatives_0830_00_actULTHI,ReduceZSearchEffectTime,0.9
Combatives_0830_00_actULTHI,bDamageCostumeEnable,true
Combatives_0830_00_actULTHI,bDamageCostumeWreck,true
Combatives_0830_00_actULTHI,bScratchCostumeEnable,true
Combatives_0870_00_actDTWFT,Power,0
Combatives_0870_00_actDTWFT,ArmorBreakLevel,投げ系
Combatives_0870_00_actDTWFT,bScratchCostumeEnable,true
Combatives_0870_00_actSPM2_ADMHI,Power,0
Combatives_0870_00_actSPM2_ADMHI,ArmorBreakLevel,ブラスト
Combatives_0870_00_actTRWFT,Power,0
Combatives_0870_00_actTRWFT,ArmorBreakLevel,投げ系
Combatives_0870_00_actTRWFT,bScratchCostumeEnable,true
Combatives_0870_00_actTRWR,Power,0
Combatives_0870_00_actULTHI,Power,0
Combatives_0870_00_actULTHI,ArmorBreakLevel,ブラスト
Combatives_0870_00_actULTHI,bReduceZSearchAfterHit,true
Combatives_0870_00_actULTHI,ReduceZSearchEffectTime,0.9
Combatives_0870_00_actULTHI,bDamageCostumeEnable,true
Combatives_0870_00_actULTHI,bDamageCostumeWreck,true
Combatives_0870_00_actULTHI,bScratchCostumeEnable,true
Combatives_0881_00_actDTWFT,Power,0
Combatives_0881_00_actDTWFT,ArmorBreakLevel,投げ系
Combatives_0881_00_actDTWFT,bScratchCostumeEnable,true
Combatives_0881_00_actEXA1,Power,0
Combatives_0881_00_actEXA1,bBuffAvoidable,true
Combatives_0881_00_actEXA1,DestructionFieldScale,8
Combatives_0881_00_actSPM2_ADMHI,Power,0
Combatives_0881_00_actSPM2_ADMHI,ArmorBreakLevel,ブラスト
Combatives_0881_00_actTRWFT,Power,0
Combatives_0881_00_actTRWFT,ArmorBreakLevel,投げ系
Combatives_0881_00_actTRWFT,bScratchCostumeEnable,true
Combatives_0881_00_actTRWR,Power,0
Combatives_0881_00_actULTHI,Power,0
Combatives_0881_00_actULTHI,ArmorBreakLevel,ブラスト
Combatives_0881_00_actULTHI,bReduceZSearchAfterHit,true
Combatives_0881_00_actULTHI,ReduceZSearchEffectTime,0.9
Combatives_0881_00_actULTHI,bDamageCostumeEnable,true
Combatives_0881_00_actULTHI,bDamageCostumeWreck,true
Combatives_0881_00_actULTHI,bScratchCostumeEnable,true
Combatives_0890_00_actDTWFT,Power,0
Combatives_0890_00_actDTWFT,ArmorBreakLevel,投げ系
Combatives_0890_00_actDTWFT,bScratchCostumeEnable,true
Combatives_0890_00_actEXA1,Power,0
Combatives_0890_00_actEXA1,bBuffAvoidable,true
Combatives_0890_00_actEXA1,DestructionFieldScale,8
Combatives_0890_00_actSPM2_ADMHI,Power,0
Combatives_0890_00_actSPM2_ADMHI,ArmorBreakLevel,ブラスト
Combatives_0890_00_actTRWFT,Power,0
Combatives_0890_00_actTRWFT,ArmorBreakLevel,投げ系
Combatives_0890_00_actTRWFT,bScratchCostumeEnable,true
Combatives_0890_00_actTRWR,Power,0
Combatives_0890_00_actULTHI,Power,0
Combatives_0890_00_actULTHI,ArmorBreakLevel,ブラスト
Combatives_0890_00_actULTHI,bReduceZSearchAfterHit,true
Combatives_0890_00_actULTHI,ReduceZSearchEffectTime,0.9
Combatives_0890_01_actDTWFT,Power,0
Combatives_0890_01_actDTWFT,ArmorBreakLevel,投げ系
Combatives_0890_01_actDTWFT,bScratchCostumeEnable,true
Combatives_0890_01_actEXA1,Power,0
Combatives_0890_01_actEXA1,bBuffAvoidable,true
Combatives_0890_01_actEXA1,DestructionFieldScale,8
Combatives_0890_01_actSPM2_ADMHI,Power,0
Combatives_0890_01_actSPM2_ADMHI,ArmorBreakLevel,ブラスト
Combatives_0890_01_actTRWFT,Power,0
Combatives_0890_01_actTRWFT,ArmorBreakLevel,投げ系
Combatives_0890_01_actTRWFT,bScratchCostumeEnable,true
Combatives_0890_01_actTRWR,Power,0
Combatives_0890_01_actULTHI,Power,0
Combatives_0890_01_actULTHI,ArmorBreakLevel,ブラスト
Combatives_0890_01_actULTHI,bReduceZSearchAfterHit,true
Combatives_0890_01_actULTHI,ReduceZSearchEffectTime,0.9
Combatives_0890_01_actULTHI,bDamageCostumeEnable,true
Combatives_0890_01_actULTHI,bDamageCostumeWreck,true
Combatives_0890_01_actULTHI,bScratchCostumeEnable,true
Combatives_0890_02_actDTWFT,Power,0
Combatives_0890_02_actDTWFT,ArmorBreakLevel,投げ系
Combatives_0890_02_actDTWFT,bScratchCostumeEnable,true
Combatives_0890_02_actEXA1,Power,0
Combatives_0890_02_actEXA1,bBuffAvoidable,true
Combatives_0890_02_actEXA1,DestructionFieldScale,8
Combatives_0890_02_actSPM2_ADMHI,Power,0
Combatives_0890_02_actSPM2_ADMHI,ArmorBreakLevel,ブラスト
Combatives_0890_02_actSPM2_ADMHI,bScratchCostumeEnable,true
Combatives_0890_02_actTRWFT,Power,0
Combatives_0890_02_actTRWFT,ArmorBreakLevel,投げ系
Combatives_0890_02_actTRWFT,bScratchCostumeEnable,true
Combatives_0890_02_actTRWR,Power,0
Combatives_0890_02_actULTHI,Power,0
Combatives_0890_02_actULTHI,ArmorBreakLevel,ブラスト
Combatives_0890_02_actULTHI,bReduceZSearchAfterHit,true
Combatives_0890_02_actULTHI,ReduceZSearchEffectTime,0.9
Combatives_0890_02_actULTHI,bDamageCostumeEnable,true
Combatives_0890_02_actULTHI,bDamageCostumeWreck,true
Combatives_0890_02_actULTHI,bScratchCostumeEnable,true
Combatives_0900_00_actDTWFT,Power,0
Combatives_0900_00_actDTWFT,ArmorBreakLevel,投げ系
Combatives_0900_00_actDTWFT,bScratchCostumeEnable,true
Combatives_0900_00_actEXA1,Power,0
Combatives_0900_00_actEXA1,bBuffAvoidable,true
Combatives_0900_00_actSPM2_ADMHI,Power,0
Combatives_0900_00_actSPM2_ADMHI,ArmorBreakLevel,ブラスト
Combatives_0900_00_actSPM2_ADMHI,bDamageCostumeEnable,true
Combatives_0900_00_actSPM2_ADMHI,bScratchCostumeEnable,true
Combatives_0900_00_actTRWFT,Power,0
Combatives_0900_00_actTRWFT,ArmorBreakLevel,投げ系
Combatives_0900_00_actTRWFT,bScratchCostumeEnable,true
Combatives_0900_00_actTRWR,Power,0
Combatives_0900_00_actULTHI,Power,0
Combatives_0900_00_actULTHI,ArmorBreakLevel,ブラスト
Combatives_0900_00_actULTHI,bReduceZSearchAfterHit,true
Combatives_0900_00_actULTHI,ReduceZSearchEffectTime,0.9
Combatives_0900_00_actULTHI,bDamageCostumeEnable,true
Combatives_0900_00_actULTHI,bDamageCostumeWreck,true
Combatives_0900_00_actULTHI,bScratchCostumeEnable,true
Combatives_0900_02_actDTWFT,Power,0
Combatives_0900_02_actDTWFT,ArmorBreakLevel,投げ系
Combatives_0900_02_actDTWFT,bScratchCostumeEnable,true
Combatives_0900_02_actEXA1,Power,0
Combatives_0900_02_actEXA1,bBuffAvoidable,true
Combatives_0900_02_actSPM2_ADMHI,Power,0
Combatives_0900_02_actSPM2_ADMHI,ArmorBreakLevel,ブラスト
Combatives_0900_02_actTRWFT,Power,0
Combatives_0900_02_actTRWFT,ArmorBreakLevel,投げ系
Combatives_0900_02_actTRWFT,bScratchCostumeEnable,true
Combatives_0900_02_actTRWR,Power,0
Combatives_0900_02_actULTHI,Power,0
Combatives_0900_02_actULTHI,ArmorBreakLevel,ブラスト
Combatives_0900_02_actULTHI,bReduceZSearchAfterHit,true
Combatives_0900_02_actULTHI,ReduceZSearchEffectTime,0.9
Combatives_0900_02_actULTHI,bDamageCostumeEnable,true
Combatives_0900_02_actULTHI,bDamageCostumeWreck,true
Combatives_0900_02_actULTHI,bScratchCostumeEnable,true
Combatives_0910_00_actDTWFT,Power,0
Combatives_0910_00_actDTWFT,ArmorBreakLevel,投げ系
Combatives_0910_00_actDTWFT,bScratchCostumeEnable,true
Combatives_0910_00_actTRWFT,Power,0
Combatives_0910_00_actTRWFT,ArmorBreakLevel,投げ系
Combatives_0910_00_actTRWFT,bScratchCostumeEnable,true
Combatives_0910_00_actTRWR,Power,0
Combatives_0910_00_actULTHI,Power,0
Combatives_0910_00_actULTHI,ArmorBreakLevel,ブラスト
Combatives_0910_00_actULTHI,bReduceZSearchAfterHit,true
Combatives_0910_00_actULTHI,ReduceZSearchEffectTime,0.9
Combatives_0910_00_actULTHI,bDamageCostumeEnable,true
Combatives_0910_00_actULTHI,bDamageCostumeWreck,true
Combatives_0910_00_actULTHI,bScratchCostumeEnable,true
Combatives_0911_00_actDTWFT,Power,0
Combatives_0911_00_actDTWFT,ArmorBreakLevel,投げ系
Combatives_0911_00_actDTWFT,bScratchCostumeEnable,true
Combatives_0911_00_actEXA1,Power,0
Combatives_0911_00_actEXA1,bBuffAvoidable,true
Combatives_0911_00_actSPM2_ADMHI,Power,0
Combatives_0911_00_actSPM2_ADMHI,ArmorBreakLevel,ブラスト
Combatives_0911_00_actSPM2_ADMHI,bDamageCostumeEnable,true
Combatives_0911_00_actSPM2_ADMHI,bScratchCostumeEnable,true
Combatives_0911_00_actTRWFT,Power,0
Combatives_0911_00_actTRWFT,ArmorBreakLevel,投げ系
Combatives_0911_00_actTRWFT,bScratchCostumeEnable,true
Combatives_0911_00_actTRWR,Power,0
Combatives_0911_00_actULTHI,Power,0
Combatives_0911_00_actULTHI,ArmorBreakLevel,ブラスト
Combatives_0911_00_actULTHI,bReduceZSearchAfterHit,true
Combatives_0911_00_actULTHI,ReduceZSearchEffectTime,0.9
Combatives_0911_00_actULTHI,bDamageCostumeEnable,true
Combatives_0911_00_actULTHI,bDamageCostumeWreck,true
Combatives_0911_00_actULTHI,bScratchCostumeEnable,true
Combatives_0912_00_actDTWFT,Power,0
Combatives_0912_00_actDTWFT,ArmorBreakLevel,投げ系
Combatives_0912_00_actDTWFT,bScratchCostumeEnable,true
Combatives_0912_00_actEXA1,Power,0
Combatives_0912_00_actEXA1,bBuffAvoidable,true
Combatives_0912_00_actSPM2_ADMHI,Power,0
Combatives_0912_00_actSPM2_ADMHI,ArmorBreakLevel,ブラスト
Combatives_0912_00_actSPM2_ADMHI,bDamageCostumeEnable,true
Combatives_0912_00_actSPM2_ADMHI,bScratchCostumeEnable,true
Combatives_0912_00_actTRWFT,Power,0
Combatives_0912_00_actTRWFT,ArmorBreakLevel,投げ系
Combatives_0912_00_actTRWFT,bScratchCostumeEnable,true
Combatives_0912_00_actTRWR,Power,0
Combatives_0912_00_actULTHI,Power,0
Combatives_0912_00_actULTHI,ArmorBreakLevel,ブラスト
Combatives_0912_00_actULTHI,bReduceZSearchAfterHit,true
Combatives_0912_00_actULTHI,ReduceZSearchEffectTime,0.9
Combatives_0912_00_actULTHI,bDamageCostumeEnable,true
Combatives_0912_00_actULTHI,bDamageCostumeWreck,true
Combatives_0912_00_actULTHI,bScratchCostumeEnable,true
Combatives_0920_00_actDTWFT,Power,0
Combatives_0920_00_actDTWFT,ArmorBreakLevel,投げ系
Combatives_0920_00_actDTWFT,bScratchCostumeEnable,true
Combatives_0920_00_actEXA1,Power,0
Combatives_0920_00_actEXA1,bBuffAvoidable,true
Combatives_0920_00_actSPM2_ADMHI,Power,0
Combatives_0920_00_actSPM2_ADMHI,ArmorBreakLevel,ブラスト
Combatives_0920_00_actTRWFT,Power,0
Combatives_0920_00_actTRWFT,ArmorBreakLevel,投げ系
Combatives_0920_00_actTRWFT,bScratchCostumeEnable,true
Combatives_0920_00_actTRWR,Power,0
Combatives_0920_00_actULTHI,Power,0
Combatives_0920_00_actULTHI,ArmorBreakLevel,ブラスト
Combatives_0920_00_actULTHI,bReduceZSearchAfterHit,true
Combatives_0920_00_actULTHI,ReduceZSearchEffectTime,0.9
Combatives_0920_00_actULTHI,bDamageCostumeEnable,true
Combatives_0920_00_actULTHI,bDamageCostumeWreck,true
Combatives_0920_00_actULTHI,bScratchCostumeEnable,true
Combatives_0920_01_actDTWFT,Power,0
Combatives_0920_01_actDTWFT,ArmorBreakLevel,投げ系
Combatives_0920_01_actDTWFT,bScratchCostumeEnable,true
Combatives_0920_01_actEXA1,Power,0
Combatives_0920_01_actEXA1,bBuffAvoidable,true
Combatives_0920_01_actSPM2_ADMHI,Power,0
Combatives_0920_01_actSPM2_ADMHI,ArmorBreakLevel,ブラスト
Combatives_0920_01_actTRWFT,Power,0
Combatives_0920_01_actTRWFT,ArmorBreakLevel,投げ系
Combatives_0920_01_actTRWFT,bScratchCostumeEnable,true
Combatives_0920_01_actTRWR,Power,0
Combatives_0920_01_actULTHI,Power,0
Combatives_0920_01_actULTHI,ArmorBreakLevel,ブラスト
Combatives_0920_01_actULTHI,bReduceZSearchAfterHit,true
Combatives_0920_01_actULTHI,ReduceZSearchEffectTime,0.9
Combatives_0920_01_actULTHI,bDamageCostumeEnable,true
Combatives_0920_01_actULTHI,bDamageCostumeWreck,true
Combatives_0920_01_actULTHI,bScratchCostumeEnable,true
Combatives_0920_02_actDTWFT,Power,0
Combatives_0920_02_actDTWFT,ArmorBreakLevel,投げ系
Combatives_0920_02_actDTWFT,bScratchCostumeEnable,true
Combatives_0920_02_actEXA1,Power,0
Combatives_0920_02_actEXA1,bBuffAvoidable,true
Combatives_0920_02_actSPM2_ADMHI,Power,0
Combatives_0920_02_actSPM2_ADMHI,ArmorBreakLevel,ブラスト
Combatives_0920_02_actSPM2_ADMHI,bDamageCostumeEnable,true
Combatives_0920_02_actSPM2_ADMHI,bScratchCostumeEnable,true
Combatives_0920_02_actTRWFT,Power,0
Combatives_0920_02_actTRWFT,ArmorBreakLevel,投げ系
Combatives_0920_02_actTRWFT,bScratchCostumeEnable,true
Combatives_0920_02_actTRWR,Power,0
Combatives_0920_02_actULTHI,Power,0
Combatives_0920_02_actULTHI,ArmorBreakLevel,ブラスト
Combatives_0920_02_actULTHI,bReduceZSearchAfterHit,true
Combatives_0920_02_actULTHI,ReduceZSearchEffectTime,0.9
Combatives_0920_02_actULTHI,bDamageCostumeEnable,true
Combatives_0920_02_actULTHI,bDamageCostumeWreck,true
Combatives_0920_02_actULTHI,bScratchCostumeEnable,true
Combatives_0930_00_actDTWFT,Power,0
Combatives_0930_00_actDTWFT,ArmorBreakLevel,投げ系
Combatives_0930_00_actDTWFT,bScratchCostumeEnable,true
Combatives_0930_00_actEXA1,Power,0
Combatives_0930_00_actEXA1,bBuffAvoidable,true
Combatives_0930_00_actSPM2_ADMHI,Power,0
Combatives_0930_00_actSPM2_ADMHI,ArmorBreakLevel,ブラスト
Combatives_0930_00_actTRWFT,Power,0
Combatives_0930_00_actTRWFT,ArmorBreakLevel,投げ系
Combatives_0930_00_actTRWFT,bScratchCostumeEnable,true
Combatives_0930_00_actTRWR,Power,0
Combatives_0930_00_actULTHI,Power,0
Combatives_0930_00_actULTHI,ArmorBreakLevel,ブラスト
Combatives_0930_00_actULTHI,bDamageCostumeEnable,true
Combatives_0930_00_actULTHI,bDamageCostumeWreck,true
Combatives_0930_00_actULTHI,bScratchCostumeEnable,true
Combatives_0931_00_actDTWFT,Power,0
Combatives_0931_00_actDTWFT,ArmorBreakLevel,投げ系
Combatives_0931_00_actDTWFT,bScratchCostumeEnable,true
Combatives_0931_00_actEXA1,Power,0
Combatives_0931_00_actEXA1,bBuffAvoidable,true
Combatives_0931_00_actSPM2_ADMHI,Power,0
Combatives_0931_00_actSPM2_ADMHI,ArmorBreakLevel,ブラスト
Combatives_0931_00_actSPM2_ADMHI,bDamageCostumeEnable,true
Combatives_0931_00_actSPM2_ADMHI,bScratchCostumeEnable,true
Combatives_0931_00_actTRWFT,Power,0
Combatives_0931_00_actTRWFT,ArmorBreakLevel,投げ系
Combatives_0931_00_actTRWFT,bScratchCostumeEnable,true
Combatives_0931_00_actTRWR,Power,0
Combatives_0931_00_actULTHI,Power,0
Combatives_0931_00_actULTHI,ArmorBreakLevel,ブラスト
Combatives_0931_00_actULTHI,bReduceZSearchAfterHit,true
Combatives_0931_00_actULTHI,ReduceZSearchEffectTime,0.9
Combatives_0931_00_actULTHI,bDamageCostumeEnable,true
Combatives_0931_00_actULTHI,bDamageCostumeWreck,true
Combatives_0931_00_actULTHI,bScratchCostumeEnable,true
Combatives_0940_00_actDTWFT,Power,0
Combatives_0940_00_actDTWFT,ArmorBreakLevel,投げ系
Combatives_0940_00_actDTWFT,bScratchCostumeEnable,true
Combatives_0940_00_actSPM2HI,Power,0
Combatives_0940_00_actSPM2HI,ArmorBreakLevel,ブラスト
Combatives_0940_00_actTRWFT,Power,0
Combatives_0940_00_actTRWFT,ArmorBreakLevel,投げ系
Combatives_0940_00_actTRWFT,bScratchCostumeEnable,true
Combatives_0940_00_actTRWR,Power,0
Combatives_0940_00_actULTHI,Power,0
Combatives_0940_00_actULTHI,ArmorBreakLevel,ブラスト
Combatives_0940_00_actULTHI,bReduceZSearchAfterHit,true
Combatives_0940_00_actULTHI,ReduceZSearchEffectTime,0.9
Combatives_0940_00_actULTHI,bDamageCostumeEnable,true
Combatives_0940_00_actULTHI,bDamageCostumeWreck,true
Combatives_0940_00_actULTHI,bScratchCostumeEnable,true
Combatives_0941_00_actDTWFT,Power,0
Combatives_0941_00_actDTWFT,ArmorBreakLevel,投げ系
Combatives_0941_00_actDTWFT,bScratchCostumeEnable,true
Combatives_0941_00_actEXA1,Power,0
Combatives_0941_00_actEXA1,bBuffAvoidable,true
Combatives_0941_00_actSPM2_ADMHI,Power,0
Combatives_0941_00_actSPM2_ADMHI,ArmorBreakLevel,ブラスト
Combatives_0941_00_actSPM2_ADMHI,bDamageCostumeEnable,true
Combatives_0941_00_actSPM2_ADMHI,bScratchCostumeEnable,true
Combatives_0941_00_actTRWFT,Power,0
Combatives_0941_00_actTRWFT,ArmorBreakLevel,投げ系
Combatives_0941_00_actTRWFT,bScratchCostumeEnable,true
Combatives_0941_00_actTRWR,Power,0
Combatives_0941_00_actULTHI,Power,0
Combatives_0941_00_actULTHI,ArmorBreakLevel,ブラスト
Combatives_0941_00_actULTHI,bReduceZSearchAfterHit,true
Combatives_0941_00_actULTHI,ReduceZSearchEffectTime,0.9
Combatives_0941_00_actULTHI,bDamageCostumeEnable,true
Combatives_0941_00_actULTHI,bDamageCostumeWreck,true
Combatives_0941_00_actULTHI,bScratchCostumeEnable,true
Combatives_0950_00_actDTWFT,Power,0
Combatives_0950_00_actDTWFT,ArmorBreakLevel,投げ系
Combatives_0950_00_actDTWFT,bScratchCostumeEnable,true
Combatives_0950_00_actEXA1,Power,0
Combatives_0950_00_actEXA1,bBuffAvoidable,true
Combatives_0950_00_actSPM2_ADMHI,Power,0
Combatives_0950_00_actSPM2_ADMHI,ArmorBreakLevel,ブラスト
Combatives_0950_00_actTRWFT,Power,0
Combatives_0950_00_actTRWFT,ArmorBreakLevel,投げ系
Combatives_0950_00_actTRWFT,bScratchCostumeEnable,true
Combatives_0950_00_actTRWR,Power,0
Combatives_0950_00_actULTHI,Power,0
Combatives_0950_00_actULTHI,ArmorBreakLevel,ブラスト
Combatives_0950_00_actULTHI,bReduceZSearchAfterHit,true
Combatives_0950_00_actULTHI,ReduceZSearchEffectTime,0.9
Combatives_0950_00_actULTHI,bDamageCostumeEnable,true
Combatives_0950_00_actULTHI,bDamageCostumeWreck,true
Combatives_0950_00_actULTHI,bScratchCostumeEnable,true
Combatives_1000_00_actDTWFT,Power,0
Combatives_1000_00_actDTWFT,ArmorBreakLevel,投げ系
Combatives_1000_00_actDTWFT,bScratchCostumeEnable,true
Combatives_1000_00_actEXA1,Power,0
Combatives_1000_00_actEXA1,bBuffAvoidable,true
Combatives_1000_00_actSPM2_ADMHI,Power,0
Combatives_1000_00_actSPM2_ADMHI,ArmorBreakLevel,ブラスト
Combatives_1000_00_actSPM2_ADMHI,bScratchCostumeEnable,true
Combatives_1000_00_actTRWFT,Power,0
Combatives_1000_00_actTRWFT,ArmorBreakLevel,投げ系
Combatives_1000_00_actTRWFT,bScratchCostumeEnable,true
Combatives_1000_00_actTRWR,Power,0
Combatives_1000_00_actULTHI,Power,0
Combatives_1000_00_actULTHI,ArmorBreakLevel,ブラスト
Combatives_1000_00_actULTHI,bReduceZSearchAfterHit,true
Combatives_1000_00_actULTHI,ReduceZSearchEffectTime,0.9
Combatives_1000_00_actULTHI,bDamageCostumeEnable,true
Combatives_1000_00_actULTHI,bDamageCostumeWreck,true
Combatives_1000_00_actULTHI,bScratchCostumeEnable,true
Combatives_1190_00_actDTWFT,Power,0
Combatives_1190_00_actDTWFT,ArmorBreakLevel,投げ系
Combatives_1190_00_actDTWFT,bScratchCostumeEnable,true
Combatives_1190_00_actEXA1,Power,0
Combatives_1190_00_actEXA1,bBuffAvoidable,true
Combatives_1190_00_actSPM2_ADMHI,Power,0
Combatives_1190_00_actSPM2_ADMHI,ArmorBreakLevel,ブラスト
Combatives_1190_00_actTRWFT,Power,0
Combatives_1190_00_actTRWFT,ArmorBreakLevel,投げ系
Combatives_1190_00_actTRWFT,bScratchCostumeEnable,true
Combatives_1190_00_actTRWR,Power,0
Combatives_1190_00_actULTHI,Power,0
Combatives_1190_00_actULTHI,ArmorBreakLevel,ブラスト
Combatives_1190_00_actULTHI,bReduceZSearchAfterHit,true
Combatives_1190_00_actULTHI,ReduceZSearchEffectTime,0.9
Combatives_1190_00_actULTHI,bDamageCostumeEnable,true
Combatives_1190_00_actULTHI,bDamageCostumeWreck,true
Combatives_1190_00_actULTHI,bScratchCostumeEnable,true
Combatives_1321_00_actDTWFT,Power,0
Combatives_1321_00_actDTWFT,ArmorBreakLevel,投げ系
Combatives_1321_00_actDTWFT,bScratchCostumeEnable,true
Combatives_1321_00_actEXA1,Power,0
Combatives_1321_00_actEXA1,bBuffAvoidable,true
Combatives_1321_00_actSPM2SI,Power,6000
Combatives_1321_00_actSPM2SI,Shave,1200
Combatives_1321_00_actSPM2SI,ArmorBreakLevel,ブラスト
Combatives_1321_00_actSPM2SI,bBuffAvoidable,true
Combatives_1321_00_actSPM2SI,bAvoidHistep,true
Combatives_1321_00_actSPM2SI,DestructionFieldScale,7
Combatives_1321_00_actTRWFT,Power,0
Combatives_1321_00_actTRWFT,ArmorBreakLevel,投げ系
Combatives_1321_00_actTRWFT,bScratchCostumeEnable,true
Combatives_1321_00_actTRWR,Power,0
Combatives_1321_00_actULTHI,Power,0
Combatives_1321_00_actULTHI,ArmorBreakLevel,ブラスト
Combatives_1321_00_actULTHI,bScratchCostumeEnable,true
Combatives_1331_00_actDTWFT,Power,0
Combatives_1331_00_actDTWFT,ArmorBreakLevel,投げ系
Combatives_1331_00_actDTWFT,bScratchCostumeEnable,true
Combatives_1331_00_actEXA1,Power,0
Combatives_1331_00_actEXA1,bBuffAvoidable,true
Combatives_1331_00_actSPM1SI,Power,5000
Combatives_1331_00_actSPM1SI,Shave,1000
Combatives_1331_00_actSPM1SI,ArmorBreakLevel,ブラスト
Combatives_1331_00_actSPM1SI,bBuffAvoidable,true
Combatives_1331_00_actSPM1SI,bAvoidHistep,true
Combatives_1331_00_actSPM1SI,bScratchCostumeEnable,true
Combatives_1331_00_actSPM1SI,DestructionFieldScale,7
Combatives_1331_00_actSPM2_ADMHI,Power,0
Combatives_1331_00_actSPM2_ADMHI,ArmorBreakLevel,ブラスト
Combatives_1331_00_actSPM2HD1P,Power,5700
Combatives_1331_00_actSPM2HD1P,ArmorBreakLevel,ブラスト
Combatives_1331_00_actTRWFT,Power,0
Combatives_1331_00_actTRWFT,ArmorBreakLevel,投げ系
Combatives_1331_00_actTRWFT,bScratchCostumeEnable,true
Combatives_1331_00_actTRWR,Power,0
Combatives_1331_00_actULTHI,Power,0
Combatives_1331_00_actULTHI,ArmorBreakLevel,ブラスト
Combatives_1331_00_actULTHI,bReduceZSearchAfterHit,true
Combatives_1331_00_actULTHI,ReduceZSearchEffectTime,0.9
Combatives_1331_00_actULTHI,bDamageCostumeEnable,true
Combatives_1331_00_actULTHI,bDamageCostumeWreck,true
Combatives_1331_00_actULTHI,bScratchCostumeEnable,true
Combatives_1341_00_actDTWFT,Power,0
Combatives_1341_00_actDTWFT,ArmorBreakLevel,投げ系
Combatives_1341_00_actDTWFT,bScratchCostumeEnable,true
Combatives_1341_00_actEXA1,Power,0
Combatives_1341_00_actEXA1,bBuffAvoidable,true
Combatives_1341_00_actSPM2_ADMHI,Power,0
Combatives_1341_00_actSPM2_ADMHI,ArmorBreakLevel,ブラスト
Combatives_1341_00_actSPM2_ADMHI,bScratchCostumeEnable,true
Combatives_1341_00_actTRWFT,Power,0
Combatives_1341_00_actTRWFT,ArmorBreakLevel,投げ系
Combatives_1341_00_actTRWFT,bScratchCostumeEnable,true
Combatives_1341_00_actTRWR,Power,0
Combatives_1341_00_actULTHI,Power,0
Combatives_1341_00_actULTHI,ArmorBreakLevel,ブラスト
Combatives_1341_00_actULTHI,bReduceZSearchAfterHit,true
Combatives_1341_00_actULTHI,ReduceZSearchEffectTime,0.9
Combatives_1341_00_actULTHI,bDamageCostumeEnable,true
Combatives_1341_00_actULTHI,bDamageCostumeWreck,true
Combatives_1341_00_actULTHI,bScratchCostumeEnable,true
Combatives_1500_00_actEXA1,Power,0
Combatives_1500_00_actEXA1,bBuffAvoidable,true
Combatives_1500_00_actSPM1HI,Power,0
Combatives_1500_00_actSPM1HI,ArmorBreakLevel,ブラスト
Combatives_1500_00_actULTHI,Power,0
Combatives_1500_00_actULTHI,ArmorBreakLevel,ブラスト
Combatives_1500_00_actULTHI,bReduceZSearchAfterHit,true
Combatives_1500_00_actULTHI,ReduceZSearchEffectTime,0.9
Combatives_1500_00_actULTHI,bDamageCostumeEnable,true
Combatives_1500_00_actULTHI,bDamageCostumeWreck,true
Combatives_1500_00_actULTHI,bScratchCostumeEnable,true
Combatives_1960_00_actDTWFT,Power,0
Combatives_1960_00_actDTWFT,ArmorBreakLevel,投げ系
Combatives_1960_00_actDTWFT,bScratchCostumeEnable,true
Combatives_1960_00_actSPM2_ADMHI,Power,0
Combatives_1960_00_actSPM2_ADMHI,ArmorBreakLevel,ブラスト
Combatives_1960_00_actSPM2_ADMHI,bDamageCostumeEnable,true
Combatives_1960_00_actSPM2_ADMHI,bScratchCostumeEnable,true
Combatives_1960_00_actTRWFT,Power,0
Combatives_1960_00_actTRWFT,ArmorBreakLevel,投げ系
Combatives_1960_00_actTRWFT,bScratchCostumeEnable,true
Combatives_1960_00_actTRWR,Power,0
Combatives_1960_00_actULTHI,Power,0
Combatives_1960_00_actULTHI,ArmorBreakLevel,ブラスト
Combatives_1960_00_actULTHI,bReduceZSearchAfterHit,true
Combatives_1960_00_actULTHI,ReduceZSearchEffectTime,0.9
Combatives_1960_00_actULTHI,bDamageCostumeEnable,true
Combatives_1960_00_actULTHI,bDamageCostumeWreck,true
Combatives_1960_00_actULTHI,bScratchCostumeEnable,true
Combatives_3000_00_actDTWFT,Power,0
Combatives_3000_00_actDTWFT,ArmorBreakLevel,投げ系
Combatives_3000_00_actDTWFT,bScratchCostumeEnable,true
Combatives_3000_00_actEXA1,Power,0
Combatives_3000_00_actEXA1,bBuffAvoidable,true
Combatives_3000_00_actSPM2_ADMHI,Power,0
Combatives_3000_00_actSPM2_ADMHI,ArmorBreakLevel,ブラスト
Combatives_3000_00_actTRWFT,Power,0
Combatives_3000_00_actTRWFT,ArmorBreakLevel,投げ系
Combatives_3000_00_actTRWFT,bScratchCostumeEnable,true
Combatives_3000_00_actTRWR,Power,0
Combatives_3000_00_actULTHI,Power,0
Combatives_3000_00_actULTHI,ArmorBreakLevel,ブラスト
Combatives_3000_00_actULTHI,bReduceZSearchAfterHit,true
Combatives_3000_00_actULTHI,ReduceZSearchEffectTime,0.9
Combatives_3000_00_actULTHI,bDamageCostumeEnable,true
Combatives_3000_00_actULTHI,bDamageCostumeWreck,true
Combatives_3000_00_actULTHI,bScratchCostumeEnable,true
Combatives_3000_01_actDTWFT,Power,0
Combatives_3000_01_actDTWFT,ArmorBreakLevel,投げ系
Combatives_3000_01_actDTWFT,bScratchCostumeEnable,true
Combatives_3000_01_actEXA1,Power,0
Combatives_3000_01_actEXA1,bBuffAvoidable,true
Combatives_3000_01_actEXA1,DestructionFieldScale,8
Combatives_3000_01_actSPM2_ADMHI,Power,0
Combatives_3000_01_actSPM2_ADMHI,ArmorBreakLevel,ブラスト
Combatives_3000_01_actSPM2_ADMHI,bScratchCostumeEnable,true
Combatives_3000_01_actTRWFT,Power,0
Combatives_3000_01_actTRWFT,ArmorBreakLevel,投げ系
Combatives_3000_01_actTRWFT,bScratchCostumeEnable,true
Combatives_3000_01_actTRWR,Power,0
Combatives_3000_01_actULTHI,Power,0
Combatives_3000_01_actULTHI,ArmorBreakLevel,ブラスト
Combatives_3000_01_actULTHI,bReduceZSearchAfterHit,true
Combatives_3000_01_actULTHI,ReduceZSearchEffectTime,0.9
Combatives_3000_01_actULTHI,bDamageCostumeEnable,true
Combatives_3000_01_actULTHI,bDamageCostumeWreck,true
Combatives_3000_01_actULTHI,bScratchCostumeEnable,true
Combatives_3000_02_actDTWFT,Power,0
Combatives_3000_02_actDTWFT,ArmorBreakLevel,投げ系
Combatives_3000_02_actDTWFT,bScratchCostumeEnable,true
Combatives_3000_02_actEXA1,Power,0
Combatives_3000_02_actEXA1,bBuffAvoidable,true
Combatives_3000_02_actSPM2_ADMHI,Power,0
Combatives_3000_02_actSPM2_ADMHI,ArmorBreakLevel,ブラスト
Combatives_3000_02_actSPM2_ADMHI,bScratchCostumeEnable,true
Combatives_3000_02_actTRWFT,Power,0
Combatives_3000_02_actTRWFT,ArmorBreakLevel,投げ系
Combatives_3000_02_actTRWFT,bScratchCostumeEnable,true
Combatives_3000_02_actTRWR,Power,0
Combatives_3000_02_actULTHI,Power,0
Combatives_3000_02_actULTHI,ArmorBreakLevel,ブラスト
Combatives_3000_02_actULTHI,bReduceZSearchAfterHit,true
Combatives_3000_02_actULTHI,ReduceZSearchEffectTime,0.9
Combatives_3000_02_actULTHI,bDamageCostumeEnable,true
Combatives_3000_02_actULTHI,bDamageCostumeWreck,true
Combatives_3000_02_actULTHI,bScratchCostumeEnable,true
Combatives_3000_03_actDTWFT,Power,0
Combatives_3000_03_actDTWFT,ArmorBreakLevel,投げ系
Combatives_3000_03_actDTWFT,bScratchCostumeEnable,true
Combatives_3000_03_actEXA1,Power,0
Combatives_3000_03_actEXA1,bBuffAvoidable,true
Combatives_3000_03_actEXA1,DestructionFieldScale,8
Combatives_3000_03_actSPM2_ADMHI,Power,0
Combatives_3000_03_actSPM2_ADMHI,ArmorBreakLevel,ブラスト
Combatives_3000_03_actSPM2_ADMHI,bScratchCostumeEnable,true
Combatives_3000_03_actTRWFT,Power,0
Combatives_3000_03_actTRWFT,ArmorBreakLevel,投げ系
Combatives_3000_03_actTRWFT,bScratchCostumeEnable,true
Combatives_3000_03_actTRWR,Power,0
Combatives_3000_03_actULTHI,Power,0
Combatives_3000_03_actULTHI,ArmorBreakLevel,ブラスト
Combatives_3000_03_actULTHI,bReduceZSearchAfterHit,true
Combatives_3000_03_actULTHI,ReduceZSearchEffectTime,0.9
Combatives_3000_03_actULTHI,bDamageCostumeEnable,true
Combatives_3000_03_actULTHI,bDamageCostumeWreck,true
Combatives_3000_03_actULTHI,bScratchCostumeEnable,true
Combatives_3010_00_actDTWFT,Power,0
Combatives_3010_00_actDTWFT,ArmorBreakLevel,投げ系
Combatives_3010_00_actDTWFT,bScratchCostumeEnable,true
Combatives_3010_00_actSPM2HI,Power,0
Combatives_3010_00_actSPM2HI,ArmorBreakLevel,ブラスト
Combatives_3010_00_actSPM2HI,bScratchCostumeEnable,true
Combatives_3010_00_actTRWFT,Power,0
Combatives_3010_00_actTRWFT,ArmorBreakLevel,投げ系
Combatives_3010_00_actTRWFT,bScratchCostumeEnable,true
Combatives_3010_00_actTRWR,Power,0
Combatives_3010_00_actULTHI,Power,0
Combatives_3010_00_actULTHI,ArmorBreakLevel,ブラスト
Combatives_3010_00_actULTHI,bReduceZSearchAfterHit,true
Combatives_3010_00_actULTHI,ReduceZSearchEffectTime,0.9
Combatives_3010_00_actULTHI,bDamageCostumeEnable,true
Combatives_3010_00_actULTHI,bDamageCostumeWreck,true
Combatives_3010_00_actULTHI,bScratchCostumeEnable,true
Combatives_3010_01_actDTWFT,Power,0
Combatives_3010_01_actDTWFT,ArmorBreakLevel,投げ系
Combatives_3010_01_actDTWFT,bScratchCostumeEnable,true
Combatives_3010_01_actSPM2HI,Power,0
Combatives_3010_01_actSPM2HI,ArmorBreakLevel,ブラスト
Combatives_3010_01_actSPM2HI,bScratchCostumeEnable,true
Combatives_3010_01_actTRWFT,Power,0
Combatives_3010_01_actTRWFT,ArmorBreakLevel,投げ系
Combatives_3010_01_actTRWFT,bScratchCostumeEnable,true
Combatives_3010_01_actTRWR,Power,0
Combatives_3010_01_actULTHI,Power,0
Combatives_3010_01_actULTHI,ArmorBreakLevel,ブラスト
Combatives_3010_01_actULTHI,bReduceZSearchAfterHit,true
Combatives_3010_01_actULTHI,ReduceZSearchEffectTime,0.9
Combatives_3010_01_actULTHI,bDamageCostumeEnable,true
Combatives_3010_01_actULTHI,bDamageCostumeWreck,true
Combatives_3010_01_actULTHI,bScratchCostumeEnable,true
Combatives_3011_00_actDTWFT,Power,0
Combatives_3011_00_actDTWFT,ArmorBreakLevel,投げ系
Combatives_3011_00_actDTWFT,bScratchCostumeEnable,true
Combatives_3011_00_actSPM2HI,Power,0
Combatives_3011_00_actSPM2HI,ArmorBreakLevel,ブラスト
Combatives_3011_00_actSPM2HI,bScratchCostumeEnable,true
Combatives_3011_00_actTRWFT,Power,0
Combatives_3011_00_actTRWFT,ArmorBreakLevel,投げ系
Combatives_3011_00_actTRWFT,bScratchCostumeEnable,true
Combatives_3011_00_actTRWR,Power,0
Combatives_3011_00_actULTHI,Power,0
Combatives_3011_00_actULTHI,ArmorBreakLevel,ブラスト
Combatives_3011_00_actULTHI,bReduceZSearchAfterHit,true
Combatives_3011_00_actULTHI,ReduceZSearchEffectTime,0.9
Combatives_3011_00_actULTHI,bDamageCostumeEnable,true
Combatives_3011_00_actULTHI,bDamageCostumeWreck,true
Combatives_3011_00_actULTHI,bScratchCostumeEnable,true
Combatives_3012_00_actEXA1,Power,0
Combatives_3012_00_actEXA1,bBuffAvoidable,true
Combatives_3012_00_actEXA1,DestructionFieldScale,8
Combatives_3012_00_actSPM2_ADMHI,Power,0
Combatives_3012_00_actSPM2_ADMHI,ArmorBreakLevel,ブラスト
Combatives_3012_00_actSPM2_ADMHI,bDamageCostumeEnable,true
Combatives_3012_00_actSPM2_ADMHI,bScratchCostumeEnable,true
Combatives_3012_00_actSPM2SI,Power,6000
Combatives_3012_00_actSPM2SI,ArmorBreakLevel,ブラスト
Combatives_3012_00_actSPM2SI,bBuffAvoidable,true
Combatives_3012_00_actSPM2SI,bAvoidHistep,true
Combatives_3012_00_actSPM2SI,bScratchCostumeEnable,true
Combatives_3012_00_actSPM2SI,DestructionFieldScale,7
Combatives_3012_00_actULTHI,Power,0
Combatives_3012_00_actULTHI,ArmorBreakLevel,ブラスト
Combatives_3012_00_actULTHI,bReduceZSearchAfterHit,true
Combatives_3012_00_actULTHI,ReduceZSearchEffectTime,0.9
Combatives_3012_00_actULTHI,bDamageCostumeEnable,true
Combatives_3012_00_actULTHI,bDamageCostumeWreck,true
Combatives_3012_00_actULTHI,bScratchCostumeEnable,true
Combatives_3020_00_actDTWFT,Power,0
Combatives_3020_00_actDTWFT,ArmorBreakLevel,投げ系
Combatives_3020_00_actDTWFT,bScratchCostumeEnable,true
Combatives_3020_00_actSPM2HI,Power,0
Combatives_3020_00_actSPM2HI,ArmorBreakLevel,ブラスト
Combatives_3020_00_actTRWFT,Power,0
Combatives_3020_00_actTRWFT,ArmorBreakLevel,投げ系
Combatives_3020_00_actTRWFT,bScratchCostumeEnable,true
Combatives_3020_00_actTRWR,Power,0
Combatives_3020_00_actULTHI,Power,0
Combatives_3020_00_actULTHI,ArmorBreakLevel,ブラスト
Combatives_3020_00_actULTHI,bReduceZSearchAfterHit,true
Combatives_3020_00_actULTHI,ReduceZSearchEffectTime,0.9
Combatives_3020_00_actULTHI,bDamageCostumeEnable,true
Combatives_3020_00_actULTHI,bDamageCostumeWreck,true
Combatives_3020_00_actULTHI,bScratchCostumeEnable,true
Combatives_3030_00_actDTWFT,Power,0
Combatives_3030_00_actDTWFT,ArmorBreakLevel,投げ系
Combatives_3030_00_actDTWFT,bScratchCostumeEnable,true
Combatives_3030_00_actSPM2HI,Power,0
Combatives_3030_00_actSPM2HI,ArmorBreakLevel,ブラスト
Combatives_3030_00_actTRWFT,Power,0
Combatives_3030_00_actTRWFT,ArmorBreakLevel,投げ系
Combatives_3030_00_actTRWFT,bScratchCostumeEnable,true
Combatives_3030_00_actTRWR,Power,0
Combatives_3030_00_actULTHI,Power,0
Combatives_3030_00_actULTHI,ArmorBreakLevel,ブラスト
Combatives_3030_00_actULTHI,bReduceZSearchAfterHit,true
Combatives_3030_00_actULTHI,ReduceZSearchEffectTime,0.9
Combatives_3030_00_actULTHI,bDamageCostumeEnable,true
Combatives_3030_00_actULTHI,bDamageCostumeWreck,true
Combatives_3030_00_actULTHI,bScratchCostumeEnable,true
Combatives_3030_00_actULTHIG,Power,0
Combatives_3030_00_actULTHIG,ArmorBreakLevel,ブラスト
Combatives_3040_00_actEXA1,Power,0
Combatives_3040_00_actEXA1,bBuffAvoidable,true
Combatives_3040_00_actEXA1,DestructionFieldScale,8
Combatives_3040_00_actSPM2_ADMHI,Power,0
Combatives_3040_00_actSPM2_ADMHI,ArmorBreakLevel,ブラスト
Combatives_3040_00_actSPM2_ADMHI,bDamageCostumeEnable,true
Combatives_3040_00_actSPM2_ADMHI,bScratchCostumeEnable,true
Combatives_3040_00_actSPM2SI,Power,6000
Combatives_3040_00_actSPM2SI,ArmorBreakLevel,ブラスト
Combatives_3040_00_actSPM2SI,bBuffAvoidable,true
Combatives_3040_00_actSPM2SI,bAvoidHistep,true
Combatives_3040_00_actSPM2SI,bScratchCostumeEnable,true
Combatives_3040_00_actSPM2SI,DestructionFieldScale,7
Combatives_3040_00_actULTHI,Power,0
Combatives_3040_00_actULTHI,ArmorBreakLevel,ブラスト
Combatives_3040_00_actULTHI,bReduceZSearchAfterHit,true
Combatives_3040_00_actULTHI,ReduceZSearchEffectTime,0.9
Combatives_3040_00_actULTHI,bDamageCostumeEnable,true
Combatives_3040_00_actULTHI,bDamageCostumeWreck,true
Combatives_3040_00_actULTHI,bScratchCostumeEnable,true
Combatives_3050_00_actDTWFT,Power,0
Combatives_3050_00_actDTWFT,ArmorBreakLevel,投げ系
Combatives_3050_00_actDTWFT,bScratchCostumeEnable,true
Combatives_3050_00_actEXA1,Power,0
Combatives_3050_00_actEXA1,bBuffAvoidable,true
Combatives_3050_00_actSPM1HD1P,Power,6200
Combatives_3050_00_actSPM1HD1P,ArmorBreakLevel,ブラスト
Combatives_3050_00_actSPM2_ADMHI,Power,0
Combatives_3050_00_actSPM2_ADMHI,ArmorBreakLevel,ブラスト
Combatives_3050_00_actTRWFT,Power,0
Combatives_3050_00_actTRWFT,ArmorBreakLevel,投げ系
Combatives_3050_00_actTRWFT,bScratchCostumeEnable,true
Combatives_3050_00_actTRWR,Power,0
Combatives_3050_00_actULT2HI,Power,0
Combatives_3050_00_actULT2HI,ArmorBreakLevel,ブラスト
Combatives_3050_00_actULT2HI,bReduceZSearchAfterHit,true
Combatives_3050_00_actULT2HI,ReduceZSearchEffectTime,3
Combatives_3050_00_actULT2HI,bDamageCostumeEnable,true
Combatives_3050_00_actULT2HI,bDamageCostumeWreck,true
Combatives_3050_00_actULT2HI,bScratchCostumeEnable,true
Combatives_3050_00_actULTHI,Power,0
Combatives_3050_00_actULTHI,ArmorBreakLevel,ブラスト
Combatives_3050_00_actULTHI,bReduceZSearchAfterHit,true
Combatives_3050_00_actULTHI,ReduceZSearchEffectTime,0.9
Combatives_3050_01_actDTWFT,Power,0
Combatives_3050_01_actDTWFT,ArmorBreakLevel,投げ系
Combatives_3050_01_actDTWFT,bScratchCostumeEnable,true
Combatives_3050_01_actEXA1,Power,0
Combatives_3050_01_actEXA1,bBuffAvoidable,true
Combatives_3050_01_actSPM1HD1P,Power,6200
Combatives_3050_01_actSPM1HD1P,ArmorBreakLevel,ブラスト
Combatives_3050_01_actSPM1HI,Power,0
Combatives_3050_01_actSPM1HI,ArmorBreakLevel,ブラスト
Combatives_3050_01_actSPM2_ADMHI,Power,0
Combatives_3050_01_actSPM2_ADMHI,ArmorBreakLevel,ブラスト
Combatives_3050_01_actTRWFT,Power,0
Combatives_3050_01_actTRWFT,ArmorBreakLevel,投げ系
Combatives_3050_01_actTRWFT,bScratchCostumeEnable,true
Combatives_3050_01_actTRWR,Power,0
Combatives_3050_01_actULTHI,Power,0
Combatives_3050_01_actULTHI,ArmorBreakLevel,ブラスト
Combatives_3050_01_actULTHI,bReduceZSearchAfterHit,true
Combatives_3050_01_actULTHI,ReduceZSearchEffectTime,3
Combatives_3050_01_actULTHI,bDamageCostumeEnable,true
Combatives_3050_01_actULTHI,bDamageCostumeWreck,true
Combatives_3050_01_actULTHI,bScratchCostumeEnable,true
Combatives_3050_14_actDTWFT,Power,0
Combatives_3050_14_actDTWFT,ArmorBreakLevel,投げ系
Combatives_3050_14_actDTWFT,bScratchCostumeEnable,true
Combatives_3050_14_actSPM2_ADMHI,Power,0
Combatives_3050_14_actSPM2_ADMHI,ArmorBreakLevel,ブラスト
Combatives_3050_14_actSPM2_ADMHI,bDamageCostumeEnable,true
Combatives_3050_14_actTRWFT,Power,0
Combatives_3050_14_actTRWFT,ArmorBreakLevel,投げ系
Combatives_3050_14_actTRWFT,bScratchCostumeEnable,true
Combatives_3050_14_actTRWR,Power,0
Combatives_3050_14_actULTHI,Power,0
Combatives_3050_14_actULTHI,ArmorBreakLevel,ブラスト
Combatives_3050_14_actULTHI,bReduceZSearchAfterHit,true
Combatives_3050_14_actULTHI,ReduceZSearchEffectTime,0.9
Combatives_3050_14_actULTHI,bDamageCostumeEnable,true
Combatives_3050_14_actULTHI,bDamageCostumeWreck,true
Combatives_3050_14_actULTHI,bScratchCostumeEnable,true
Combatives_3060_00_actDTWFT,Power,0
Combatives_3060_00_actDTWFT,ArmorBreakLevel,投げ系
Combatives_3060_00_actDTWFT,bScratchCostumeEnable,true
Combatives_3060_00_actSPM2HI,Power,0
Combatives_3060_00_actSPM2HI,ArmorBreakLevel,ブラスト
Combatives_3060_00_actTRWFT,Power,0
Combatives_3060_00_actTRWFT,ArmorBreakLevel,投げ系
Combatives_3060_00_actTRWFT,bScratchCostumeEnable,true
Combatives_3060_00_actTRWR,Power,0
Combatives_3060_00_actULTHI,Power,0
Combatives_3060_00_actULTHI,ArmorBreakLevel,ブラスト
Combatives_3060_00_actULTHI,bReduceZSearchAfterHit,true
Combatives_3060_00_actULTHI,ReduceZSearchEffectTime,0.9
Combatives_3060_00_actULTHI,bDamageCostumeEnable,true
Combatives_3060_00_actULTHI,bDamageCostumeWreck,true
Combatives_3060_00_actULTHI,bScratchCostumeEnable,true
Combatives_3060_01_actDTWFT,Power,0
Combatives_3060_01_actDTWFT,ArmorBreakLevel,投げ系
Combatives_3060_01_actDTWFT,bScratchCostumeEnable,true
Combatives_3060_01_actEXA1,Power,0
Combatives_3060_01_actEXA1,bBuffAvoidable,true
Combatives_3060_01_actSPM2_ADMHI,Power,0
Combatives_3060_01_actSPM2_ADMHI,ArmorBreakLevel,ブラスト
Combatives_3060_01_actTRWFT,Power,0
Combatives_3060_01_actTRWFT,ArmorBreakLevel,投げ系
Combatives_3060_01_actTRWFT,bScratchCostumeEnable,true
Combatives_3060_01_actTRWR,Power,0
Combatives_3060_01_actULTHI,Power,0
Combatives_3060_01_actULTHI,ArmorBreakLevel,ブラスト
Combatives_3060_01_actULTHI,bReduceZSearchAfterHit,true
Combatives_3060_01_actULTHI,ReduceZSearchEffectTime,3
Combatives_3060_01_actULTHI,bDamageCostumeEnable,true
Combatives_3060_01_actULTHI,bDamageCostumeWreck,true
Combatives_3060_01_actULTHI,bScratchCostumeEnable,true
Combatives_3060_02_actDTWFT,Power,0
Combatives_3060_02_actDTWFT,ArmorBreakLevel,投げ系
Combatives_3060_02_actDTWFT,bScratchCostumeEnable,true
Combatives_3060_02_actSPM2HI,Power,0
Combatives_3060_02_actSPM2HI,ArmorBreakLevel,ブラスト
Combatives_3060_02_actTRWFT,Power,0
Combatives_3060_02_actTRWFT,ArmorBreakLevel,投げ系
Combatives_3060_02_actTRWFT,bScratchCostumeEnable,true
Combatives_3060_02_actTRWR,Power,0
Combatives_3060_02_actULTHI,Power,0
Combatives_3060_02_actULTHI,ArmorBreakLevel,ブラスト
Combatives_3060_02_actULTHI,bReduceZSearchAfterHit,true
Combatives_3060_02_actULTHI,ReduceZSearchEffectTime,0.9
Combatives_3060_02_actULTHI,bDamageCostumeEnable,true
Combatives_3060_02_actULTHI,bDamageCostumeWreck,true
Combatives_3060_02_actULTHI,bScratchCostumeEnable,true
Combatives_3060_03_actDTWFT,Power,0
Combatives_3060_03_actDTWFT,ArmorBreakLevel,投げ系
Combatives_3060_03_actDTWFT,bScratchCostumeEnable,true
Combatives_3060_03_actEXA1,Power,0
Combatives_3060_03_actEXA1,bBuffAvoidable,true
Combatives_3060_03_actSPM2_ADMHI,Power,0
Combatives_3060_03_actSPM2_ADMHI,ArmorBreakLevel,ブラスト
Combatives_3060_03_actTRWFT,Power,0
Combatives_3060_03_actTRWFT,ArmorBreakLevel,投げ系
Combatives_3060_03_actTRWFT,bScratchCostumeEnable,true
Combatives_3060_03_actTRWR,Power,0
Combatives_3060_03_actULTHI,Power,0
Combatives_3060_03_actULTHI,ArmorBreakLevel,ブラスト
Combatives_3060_03_actULTHI,bReduceZSearchAfterHit,true
Combatives_3060_03_actULTHI,ReduceZSearchEffectTime,3
Combatives_3060_03_actULTHI,bDamageCostumeEnable,true
Combatives_3060_03_actULTHI,bDamageCostumeWreck,true
Combatives_3060_03_actULTHI,bScratchCostumeEnable,true
Combatives_3070_00_actDTWFT,Power,0
Combatives_3070_00_actDTWFT,ArmorBreakLevel,投げ系
Combatives_3070_00_actDTWFT,bScratchCostumeEnable,true
Combatives_3070_00_actEXA1,Power,0
Combatives_3070_00_actEXA1,bBuffAvoidable,true
Combatives_3070_00_actSPM2_ADMHI,Power,0
Combatives_3070_00_actSPM2_ADMHI,ArmorBreakLevel,ブラスト
Combatives_3070_00_actTRWFT,Power,0
Combatives_3070_00_actTRWFT,ArmorBreakLevel,投げ系
Combatives_3070_00_actTRWFT,bScratchCostumeEnable,true
Combatives_3070_00_actTRWR,Power,0
Combatives_3070_00_actULTHI,Power,0
Combatives_3070_00_actULTHI,ArmorBreakLevel,ブラスト
Combatives_3070_00_actULTHI,bReduceZSearchAfterHit,true
Combatives_3070_00_actULTHI,ReduceZSearchEffectTime,3
Combatives_3070_00_actULTHI,bDamageCostumeEnable,true
Combatives_3070_00_actULTHI,bDamageCostumeWreck,true
Combatives_3070_00_actULTHI,bScratchCostumeEnable,true
Combatives_3080_00_actDTWFT,Power,0
Combatives_3080_00_actDTWFT,ArmorBreakLevel,投げ系
Combatives_3080_00_actDTWFT,bScratchCostumeEnable,true
Combatives_3080_00_actEXA1,Power,0
Combatives_3080_00_actEXA1,bBuffAvoidable,true
Combatives_3080_00_actSPM2_ADMHI,Power,0
Combatives_3080_00_actSPM2_ADMHI,ArmorBreakLevel,ブラスト
Combatives_3080_00_actTRWFT,Power,0
Combatives_3080_00_actTRWFT,ArmorBreakLevel,投げ系
Combatives_3080_00_actTRWFT,bScratchCostumeEnable,true
Combatives_3080_00_actTRWR,Power,0
Combatives_3080_00_actULTHI,Power,0
Combatives_3080_00_actULTHI,ArmorBreakLevel,ブラスト
Combatives_3080_00_actULTHI,bReduceZSearchAfterHit,true
Combatives_3080_00_actULTHI,ReduceZSearchEffectTime,3
Combatives_3080_00_actULTHI,bDamageCostumeEnable,true
Combatives_3080_00_actULTHI,bDamageCostumeWreck,true
Combatives_3080_00_actULTHI,bScratchCostumeEnable,true
Combatives_3100_03_actDTWFT,Power,0
Combatives_3100_03_actDTWFT,ArmorBreakLevel,投げ系
Combatives_3100_03_actDTWFT,bScratchCostumeEnable,true
Combatives_3100_03_actEXA1,Power,0
Combatives_3100_03_actEXA1,bBuffAvoidable,true
Combatives_3100_03_actSPM2_ADMHI,Power,0
Combatives_3100_03_actSPM2_ADMHI,ArmorBreakLevel,ブラスト
Combatives_3100_03_actTRWFT,Power,0
Combatives_3100_03_actTRWFT,ArmorBreakLevel,投げ系
Combatives_3100_03_actTRWFT,bScratchCostumeEnable,true
Combatives_3100_03_actTRWR,Power,0
Combatives_3100_03_actULTHI,Power,0
Combatives_3100_03_actULTHI,ArmorBreakLevel,ブラスト
Combatives_3100_03_actULTHI,bReduceZSearchAfterHit,true
Combatives_3100_03_actULTHI,ReduceZSearchEffectTime,3
Combatives_3100_03_actULTHI,bDamageCostumeEnable,true
Combatives_3100_03_actULTHI,bDamageCostumeWreck,true
Combatives_3100_03_actULTHI,bScratchCostumeEnable,true
Combatives_3110_00_actDTWFT,Power,0
Combatives_3110_00_actDTWFT,ArmorBreakLevel,投げ系
Combatives_3110_00_actDTWFT,bScratchCostumeEnable,true
Combatives_3110_00_actEXA1,Power,0
Combatives_3110_00_actEXA1,bBuffAvoidable,true
Combatives_3110_00_actSPM2_ADMHI,Power,0
Combatives_3110_00_actSPM2_ADMHI,ArmorBreakLevel,ブラスト
Combatives_3110_00_actSPM2SI,Power,6000
Combatives_3110_00_actSPM2SI,Shave,1200
Combatives_3110_00_actSPM2SI,ArmorBreakLevel,ブラスト
Combatives_3110_00_actSPM2SI,bBuffAvoidable,true
Combatives_3110_00_actSPM2SI,bAvoidHistep,true
Combatives_3110_00_actSPM2SI,DestructionFieldScale,7
Combatives_3110_00_actSPM2SI,bEnergyBulletCollision,true
Combatives_3110_00_actSPM2SI,EnergyBulletCollisionPriority,210
Combatives_3110_00_actSPM2SI,bEnergyBullectCollisionSpecial,true
Combatives_3110_00_actSPM2SM,Power,0
Combatives_3110_00_actSPM2SM,bNoKnockDownAttack,true
Combatives_3110_00_actSPM2SM,DestructionFieldScale,7
Combatives_3110_00_actSPM2SM,bEnergyBulletCollision,true
Combatives_3110_00_actSPM2SM,EnergyBulletCollisionPriority,210
Combatives_3110_00_actSPM2SM,bEnergyBullectCollisionSpecial,true
Combatives_3110_00_actTRWFT,Power,0
Combatives_3110_00_actTRWFT,ArmorBreakLevel,投げ系
Combatives_3110_00_actTRWFT,bScratchCostumeEnable,true
Combatives_3110_00_actTRWR,Power,0
Combatives_3110_00_actULTHI,Power,0
Combatives_3110_00_actULTHI,ArmorBreakLevel,ブラスト
Combatives_3120_04_actDTWFT,Power,0
Combatives_3120_04_actDTWFT,ArmorBreakLevel,投げ系
Combatives_3120_04_actDTWFT,bScratchCostumeEnable,true
Combatives_3120_04_actEXA1,Power,0
Combatives_3120_04_actEXA1,bBuffAvoidable,true
Combatives_3120_04_actSPM1HD1P,Power,6000
Combatives_3120_04_actSPM1HD1P,ArmorBreakLevel,ブラスト
Combatives_3120_04_actSPM2_ADMHI,Power,0
Combatives_3120_04_actSPM2_ADMHI,ArmorBreakLevel,ブラスト
Combatives_3120_04_actTRWFT,Power,0
Combatives_3120_04_actTRWFT,ArmorBreakLevel,投げ系
Combatives_3120_04_actTRWFT,bScratchCostumeEnable,true
Combatives_3120_04_actTRWR,Power,0
Combatives_3120_04_actULTHI,Power,0
Combatives_3120_04_actULTHI,ArmorBreakLevel,ブラスト
Combatives_3120_04_actULTHI,bReduceZSearchAfterHit,true
Combatives_3120_04_actULTHI,ReduceZSearchEffectTime,3
Combatives_3120_04_actULTHI,bDamageCostumeEnable,true
Combatives_3120_04_actULTHI,bDamageCostumeWreck,true
Combatives_3120_04_actULTHI,bScratchCostumeEnable,true
Combatives_3130_00_actDTWFT,Power,0
Combatives_3130_00_actDTWFT,ArmorBreakLevel,投げ系
Combatives_3130_00_actDTWFT,bScratchCostumeEnable,true
Combatives_3130_00_actSPM2HD1P,Power,4500
Combatives_3130_00_actSPM2HD1P,ArmorBreakLevel,ブラスト
Combatives_3130_00_actSPM2HI,Power,0
Combatives_3130_00_actSPM2HI,ArmorBreakLevel,ブラスト
Combatives_3130_00_actTRWFT,Power,0
Combatives_3130_00_actTRWFT,ArmorBreakLevel,投げ系
Combatives_3130_00_actTRWFT,bScratchCostumeEnable,true
Combatives_3130_00_actTRWR,Power,0
Combatives_3130_00_actULTHI,Power,0
Combatives_3130_00_actULTHI,ArmorBreakLevel,ブラスト
Combatives_3130_00_actULTHI,bReduceZSearchAfterHit,true
Combatives_3130_00_actULTHI,ReduceZSearchEffectTime,3
Combatives_3130_00_actULTHI,bDamageCostumeEnable,true
Combatives_3130_00_actULTHI,bDamageCostumeWreck,true
Combatives_3130_00_actULTHI,bScratchCostumeEnable,true
Combatives_3140_00_actDTWFT,Power,0
Combatives_3140_00_actDTWFT,ArmorBreakLevel,投げ系
Combatives_3140_00_actDTWFT,bScratchCostumeEnable,true
Combatives_3140_00_actEXA1,Power,0
Combatives_3140_00_actEXA1,bBuffAvoidable,true
Combatives_3140_00_actSPM2_ADMHI,Power,0
Combatives_3140_00_actSPM2_ADMHI,ArmorBreakLevel,ブラスト
Combatives_3140_00_actSPM2SI,Power,6000
Combatives_3140_00_actSPM2SI,Shave,1200
Combatives_3140_00_actSPM2SI,ArmorBreakLevel,ブラスト
Combatives_3140_00_actSPM2SI,bBuffAvoidable,true
Combatives_3140_00_actSPM2SI,bAvoidHistep,true
Combatives_3140_00_actSPM2SI,DestructionFieldScale,7
Combatives_3140_00_actSPM2SI,bEnergyBulletCollision,true
Combatives_3140_00_actSPM2SI,EnergyBulletCollisionPriority,210
Combatives_3140_00_actSPM2SI,bEnergyBullectCollisionSpecial,true
Combatives_3140_00_actSPM2SM,Power,0
Combatives_3140_00_actSPM2SM,bNoKnockDownAttack,true
Combatives_3140_00_actSPM2SM,DestructionFieldScale,7
Combatives_3140_00_actSPM2SM,bEnergyBulletCollision,true
Combatives_3140_00_actSPM2SM,EnergyBulletCollisionPriority,210
Combatives_3140_00_actSPM2SM,bEnergyBullectCollisionSpecial,true
Combatives_3140_00_actTRWFT,Power,0
Combatives_3140_00_actTRWFT,ArmorBreakLevel,投げ系
Combatives_3140_00_actTRWFT,bScratchCostumeEnable,true
Combatives_3140_00_actTRWR,Power,0
Combatives_3140_00_actULTHI,Power,0
Combatives_3140_00_actULTHI,ArmorBreakLevel,ブラスト
Combatives_3140_00_actULTHI,bReduceZSearchAfterHit,true
Combatives_3140_00_actULTHI,ReduceZSearchEffectTime,3
Combatives_3140_00_actULTHI,bScratchCostumeEnable,true
Combatives_3150_00_actEXA1,Power,0
Combatives_3150_00_actEXA1,bBuffAvoidable,true
Combatives_3150_00_actEXA1,DestructionFieldScale,8
Combatives_3150_00_actSPM1_ADMHI,Power,0
Combatives_3150_00_actSPM1_ADMHI,ArmorBreakLevel,ブラスト
Combatives_3150_00_actSPM1_ADMHI,bDamageCostumeEnable,true
Combatives_3150_00_actSPM1HD1P,Power,5700
Combatives_3150_00_actSPM1HD1P,ArmorBreakLevel,ブラスト
Combatives_3150_00_actSPM2_ADMHI,Power,0
Combatives_3150_00_actSPM2_ADMHI,ArmorBreakLevel,ブラスト
Combatives_3150_00_actSPM2_ADMHI,bDamageCostumeEnable,true
Combatives_3150_00_actSPM2_ADMHI,bScratchCostumeEnable,true
Combatives_3150_00_actTRWFT,Power,0
Combatives_3150_00_actTRWFT,ArmorBreakLevel,投げ系
Combatives_3150_00_actTRWFT,bScratchCostumeEnable,true
Combatives_3150_00_actULTHD1P,Power,12000
Combatives_3150_00_actULTHD1P,ArmorBreakLevel,ブラスト
Combatives_3150_00_actULTHI,Power,0
Combatives_3150_00_actULTHI,ArmorBreakLevel,ブラスト
Combatives_3150_00_actULTHI,bReduceZSearchAfterHit,true
Combatives_3150_00_actULTHI,ReduceZSearchEffectTime,3
Combatives_3150_00_actULTHI,bDamageCostumeEnable,true
Combatives_3150_00_actULTHI,bDamageCostumeWreck,true
Combatives_3150_00_actULTHI,bScratchCostumeEnable,true
Combatives_3160_00_actDTWFT,Power,0
Combatives_3160_00_actDTWFT,ArmorBreakLevel,投げ系
Combatives_3160_00_actDTWFT,bScratchCostumeEnable,true
Combatives_3160_00_actSPM2HI,Power,0
Combatives_3160_00_actSPM2HI,ArmorBreakLevel,ブラスト
Combatives_3160_00_actTRWFT,Power,0
Combatives_3160_00_actTRWFT,ArmorBreakLevel,投げ系
Combatives_3160_00_actTRWFT,bScratchCostumeEnable,true
Combatives_3160_00_actTRWR,Power,0
Combatives_3160_00_actULTHI,Power,0
Combatives_3160_00_actULTHI,ArmorBreakLevel,ブラスト
Combatives_3160_00_actULTHI,bReduceZSearchAfterHit,true
Combatives_3160_00_actULTHI,ReduceZSearchEffectTime,3
Combatives_3160_00_actULTHI,bDamageCostumeEnable,true
Combatives_3160_00_actULTHI,bDamageCostumeWreck,true
Combatives_3160_00_actULTHI,bScratchCostumeEnable,true
Combatives_3170_00_actDTWFT,Power,0
Combatives_3170_00_actDTWFT,ArmorBreakLevel,投げ系
Combatives_3170_00_actDTWFT,bScratchCostumeEnable,true
Combatives_3170_00_actSPM2HI,Power,0
Combatives_3170_00_actSPM2HI,ArmorBreakLevel,ブラスト
Combatives_3170_00_actTRWFT,Power,0
Combatives_3170_00_actTRWFT,ArmorBreakLevel,投げ系
Combatives_3170_00_actTRWFT,bScratchCostumeEnable,true
Combatives_3170_00_actTRWR,Power,0
Combatives_3170_00_actULTHI,Power,0
Combatives_3170_00_actULTHI,ArmorBreakLevel,ブラスト
Combatives_3170_00_actULTHI,bReduceZSearchAfterHit,true
Combatives_3170_00_actULTHI,ReduceZSearchEffectTime,0.9
Combatives_3170_00_actULTHI,bDamageCostumeEnable,true
Combatives_3170_00_actULTHI,bDamageCostumeWreck,true
Combatives_3170_00_actULTHI,bScratchCostumeEnable,true
Combatives_3190_00_actDTWFT,Power,0
Combatives_3190_00_actDTWFT,ArmorBreakLevel,投げ系
Combatives_3190_00_actDTWFT,bScratchCostumeEnable,true
Combatives_3190_00_actTRWFT,Power,0
Combatives_3190_00_actTRWFT,ArmorBreakLevel,投げ系
Combatives_3190_00_actTRWFT,bScratchCostumeEnable,true
Combatives_3190_00_actTRWR,Power,0
Combatives_3190_00_actULTHI,Power,0
Combatives_3190_00_actULTHI,ArmorBreakLevel,ブラスト
Combatives_3190_00_actULTHI,ReduceZSearchEffectTime,0.9
Combatives_3270_00_actDTWFT,Power,0
Combatives_3270_00_actDTWFT,ArmorBreakLevel,投げ系
Combatives_3270_00_actDTWFT,bScratchCostumeEnable,true
Combatives_3270_00_actSPM2_ADMHI,Power,0
Combatives_3270_00_actSPM2_ADMHI,ArmorBreakLevel,ブラスト
Combatives_3270_00_actTRWFT,Power,0
Combatives_3270_00_actTRWFT,ArmorBreakLevel,投げ系
Combatives_3270_00_actTRWFT,bScratchCostumeEnable,true
Combatives_3270_00_actTRWR,Power,0
Combatives_3270_00_actULTHI,Power,0
Combatives_3270_00_actULTHI,ArmorBreakLevel,ブラスト
Combatives_3270_00_actULTHI,bReduceZSearchAfterHit,true
Combatives_3270_00_actULTHI,ReduceZSearchEffectTime,0.9
Combatives_3270_00_actULTHI,bDamageCostumeEnable,true
Combatives_3270_00_actULTHI,bDamageCostumeWreck,true
Combatives_3270_00_actULTHI,bScratchCostumeEnable,true
Combatives_3270_01_actDTWFT,Power,0
Combatives_3270_01_actDTWFT,ArmorBreakLevel,投げ系
Combatives_3270_01_actDTWFT,bScratchCostumeEnable,true
Combatives_3270_01_actSPM2_ADMHI,Power,0
Combatives_3270_01_actSPM2_ADMHI,ArmorBreakLevel,ブラスト
Combatives_3270_01_actTRWFT,Power,0
Combatives_3270_01_actTRWFT,ArmorBreakLevel,投げ系
Combatives_3270_01_actTRWFT,bScratchCostumeEnable,true
Combatives_3270_01_actTRWR,Power,0
Combatives_3270_01_actULTHI,Power,0
Combatives_3270_01_actULTHI,ArmorBreakLevel,ブラスト
Combatives_3270_01_actULTHI,bReduceZSearchAfterHit,true
Combatives_3270_01_actULTHI,ReduceZSearchEffectTime,0.9
Combatives_3270_01_actULTHI,bDamageCostumeEnable,true
Combatives_3270_01_actULTHI,bDamageCostumeWreck,true
Combatives_3270_01_actULTHI,bScratchCostumeEnable,true
Combatives_3280_00_actDTWFT,Power,0
Combatives_3280_00_actDTWFT,ArmorBreakLevel,投げ系
Combatives_3280_00_actDTWFT,bScratchCostumeEnable,true
Combatives_3280_00_actSPM2_ADMHI,Power,0
Combatives_3280_00_actSPM2_ADMHI,ArmorBreakLevel,ブラスト
Combatives_3280_00_actSPM2_ADMHI,bDamageCostumeEnable,true
Combatives_3280_00_actSPM2_ADMHI,bScratchCostumeEnable,true
Combatives_3280_00_actTRWFT,Power,0
Combatives_3280_00_actTRWFT,ArmorBreakLevel,投げ系
Combatives_3280_00_actTRWFT,bScratchCostumeEnable,true
Combatives_3280_00_actTRWR,Power,0
Combatives_3280_00_actULTHI,Power,0
Combatives_3280_00_actULTHI,ArmorBreakLevel,ブラスト
Combatives_3280_00_actULTHI,bReduceZSearchAfterHit,true
Combatives_3280_00_actULTHI,ReduceZSearchEffectTime,0.9
Combatives_3280_00_actULTHI,bDamageCostumeEnable,true
Combatives_3280_00_actULTHI,bDamageCostumeWreck,true
Combatives_3280_00_actULTHI,bScratchCostumeEnable,true
Combatives_3280_01_actDTWFT,Power,0
Combatives_3280_01_actDTWFT,ArmorBreakLevel,投げ系
Combatives_3280_01_actDTWFT,bScratchCostumeEnable,true
Combatives_3280_01_actEXA1,Power,0
Combatives_3280_01_actEXA1,bBuffAvoidable,true
Combatives_3280_01_actSPM2_ADMHI,Power,0
Combatives_3280_01_actSPM2_ADMHI,ArmorBreakLevel,ブラスト
Combatives_3280_01_actTRWFT,Power,0
Combatives_3280_01_actTRWFT,ArmorBreakLevel,投げ系
Combatives_3280_01_actTRWFT,bScratchCostumeEnable,true
Combatives_3280_01_actTRWR,Power,0
Combatives_3280_01_actULTHI,Power,0
Combatives_3280_01_actULTHI,ArmorBreakLevel,ブラスト
Combatives_3280_01_actULTHI,bReduceZSearchAfterHit,true
Combatives_3280_01_actULTHI,ReduceZSearchEffectTime,0.9
Combatives_3280_01_actULTHI,bDamageCostumeEnable,true
Combatives_3280_01_actULTHI,bDamageCostumeWreck,true
Combatives_3280_01_actULTHI,bScratchCostumeEnable,true
Combatives_3290_00_actDTWFT,Power,0
Combatives_3290_00_actDTWFT,ArmorBreakLevel,投げ系
Combatives_3290_00_actDTWFT,bScratchCostumeEnable,true
Combatives_3290_00_actEXA1,Power,0
Combatives_3290_00_actEXA1,bBuffAvoidable,true
Combatives_3290_00_actSPM2_ADMHI,Power,0
Combatives_3290_00_actSPM2_ADMHI,ArmorBreakLevel,ブラスト
Combatives_3290_00_actSPM2_ADMHI,bDamageCostumeEnable,true
Combatives_3290_00_actSPM2_ADMHI,bScratchCostumeEnable,true
Combatives_3290_00_actTRWFT,Power,0
Combatives_3290_00_actTRWFT,ArmorBreakLevel,投げ系
Combatives_3290_00_actTRWFT,bScratchCostumeEnable,true
Combatives_3290_00_actTRWR,Power,0
Combatives_3290_00_actULTHI,Power,0
Combatives_3290_00_actULTHI,ArmorBreakLevel,ブラスト
Combatives_3290_00_actULTHI,bReduceZSearchAfterHit,true
Combatives_3290_00_actULTHI,ReduceZSearchEffectTime,0.9
Combatives_3290_00_actULTHI,bDamageCostumeEnable,true
Combatives_3290_00_actULTHI,bDamageCostumeWreck,true
Combatives_3290_00_actULTHI,bScratchCostumeEnable,true
Combatives_3300_00_actDTWFT,Power,0
Combatives_3300_00_actDTWFT,ArmorBreakLevel,投げ系
Combatives_3300_00_actDTWFT,bScratchCostumeEnable,true
Combatives_3300_00_actSPM2_ADMHI,Power,0
Combatives_3300_00_actSPM2_ADMHI,ArmorBreakLevel,ブラスト
Combatives_3300_00_actTRWFT,Power,0
Combatives_3300_00_actTRWFT,ArmorBreakLevel,投げ系
Combatives_3300_00_actTRWFT,bScratchCostumeEnable,true
Combatives_3300_00_actTRWR,Power,0
Combatives_3300_00_actULTHI,Power,0
Combatives_3300_00_actULTHI,ArmorBreakLevel,ブラスト
Combatives_3300_00_actULTHI,bReduceZSearchAfterHit,true
Combatives_3300_00_actULTHI,ReduceZSearchEffectTime,0.9
Combatives_3300_00_actULTHI,bDamageCostumeEnable,true
Combatives_3300_00_actULTHI,bDamageCostumeWreck,true
Combatives_3300_00_actULTHI,bScratchCostumeEnable,true
Combatives_3310_00_actDTWFT,Power,0
Combatives_3310_00_actDTWFT,ArmorBreakLevel,投げ系
Combatives_3310_00_actDTWFT,bScratchCostumeEnable,true
Combatives_3310_00_actSPM2HI,Power,0
Combatives_3310_00_actSPM2HI,ArmorBreakLevel,ブラスト
Combatives_3310_00_actSPM2HI,bDamageCostumeEnable,true
Combatives_3310_00_actSPM2HI,bScratchCostumeEnable,true
Combatives_3310_00_actTRWFT,Power,0
Combatives_3310_00_actTRWFT,ArmorBreakLevel,投げ系
Combatives_3310_00_actTRWFT,bScratchCostumeEnable,true
Combatives_3310_00_actTRWR,Power,0
Combatives_3310_00_actULTHI,Power,0
Combatives_3310_00_actULTHI,ArmorBreakLevel,ブラスト
Combatives_3310_00_actULTHI,bReduceZSearchAfterHit,true
Combatives_3310_00_actULTHI,ReduceZSearchEffectTime,0.9
Combatives_3310_00_actULTHI,bDamageCostumeEnable,true
Combatives_3310_00_actULTHI,bDamageCostumeWreck,true
Combatives_3310_00_actULTHI,bScratchCostumeEnable,true
Combatives_3310_10_actEXA1,Power,0
Combatives_3310_10_actEXA1,bBuffAvoidable,true
Combatives_3310_10_actEXA1,DestructionFieldScale,8
Combatives_3310_10_actSPM2_ADMHI,Power,0
Combatives_3310_10_actSPM2_ADMHI,ArmorBreakLevel,ブラスト
Combatives_3310_10_actSPM2_ADMHI,bDamageCostumeEnable,true
Combatives_3310_10_actSPM2_ADMHI,bScratchCostumeEnable,true
Combatives_3310_10_actSPM2SI,Power,6000
Combatives_3310_10_actSPM2SI,ArmorBreakLevel,ブラスト
Combatives_3310_10_actSPM2SI,bBuffAvoidable,true
Combatives_3310_10_actSPM2SI,bAvoidHistep,true
Combatives_3310_10_actSPM2SI,bScratchCostumeEnable,true
Combatives_3310_10_actSPM2SI,DestructionFieldScale,7
Combatives_3310_10_actULTHI,Power,0
Combatives_3310_10_actULTHI,ArmorBreakLevel,ブラスト
Combatives_3310_10_actULTHI,bReduceZSearchAfterHit,true
Combatives_3310_10_actULTHI,ReduceZSearchEffectTime,0.9
Combatives_3310_10_actULTHI,bDamageCostumeEnable,true
Combatives_3310_10_actULTHI,bDamageCostumeWreck,true
Combatives_3310_10_actULTHI,bScratchCostumeEnable,true
Combatives_3320_00_actDTWFT,Power,0
Combatives_3320_00_actDTWFT,ArmorBreakLevel,投げ系
Combatives_3320_00_actDTWFT,bScratchCostumeEnable,true
Combatives_3320_00_actSPM2HI,Power,0
Combatives_3320_00_actSPM2HI,ArmorBreakLevel,ブラスト
Combatives_3320_00_actTRWFT,Power,0
Combatives_3320_00_actTRWFT,ArmorBreakLevel,投げ系
Combatives_3320_00_actTRWFT,bScratchCostumeEnable,true
Combatives_3320_00_actTRWR,Power,0
Combatives_3320_00_actULTHI,Power,0
Combatives_3320_00_actULTHI,ArmorBreakLevel,ブラスト
Combatives_3320_00_actULTHI,bReduceZSearchAfterHit,true
Combatives_3320_00_actULTHI,ReduceZSearchEffectTime,0.9
Combatives_3320_00_actULTHI,bDamageCostumeEnable,true
Combatives_3320_00_actULTHI,bDamageCostumeWreck,true
Combatives_3320_00_actULTHI,bScratchCostumeEnable,true
Combatives_3330_00_actDTWFT,Power,0
Combatives_3330_00_actDTWFT,ArmorBreakLevel,投げ系
Combatives_3330_00_actDTWFT,bScratchCostumeEnable,true
Combatives_3330_00_actSPM2_ADMHI,Power,0
Combatives_3330_00_actSPM2_ADMHI,ArmorBreakLevel,ブラスト
Combatives_3330_00_actTRWFT,Power,0
Combatives_3330_00_actTRWFT,ArmorBreakLevel,投げ系
Combatives_3330_00_actTRWFT,bScratchCostumeEnable,true
Combatives_3330_00_actTRWR,Power,0
Combatives_3330_00_actULTHI,Power,0
Combatives_3330_00_actULTHI,ArmorBreakLevel,ブラスト
Combatives_3330_00_actULTHI,bReduceZSearchAfterHit,true
Combatives_3330_00_actULTHI,ReduceZSearchEffectTime,0.9
Combatives_3350_00_actDTWFT,Power,0
Combatives_3350_00_actDTWFT,ArmorBreakLevel,投げ系
Combatives_3350_00_actDTWFT,bScratchCostumeEnable,true
Combatives_3350_00_actEXA1,Power,0
Combatives_3350_00_actEXA1,bBuffAvoidable,true
Combatives_3350_00_actSPM2HD1P,Power,6000
Combatives_3350_00_actSPM2HD1P,ArmorBreakLevel,気合砲
Combatives_3350_00_actSPM2HD1P,bBuffAvoidable,true
Combatives_3350_00_actSPM2HI,Power,0
Combatives_3350_00_actSPM2HI,ArmorBreakLevel,ブラスト
Combatives_3350_00_actTRWFT,Power,0
Combatives_3350_00_actTRWFT,ArmorBreakLevel,投げ系
Combatives_3350_00_actTRWFT,bScratchCostumeEnable,true
Combatives_3350_00_actTRWR,Power,0
Combatives_3350_00_actULTHD1P,Power,12000
Combatives_3350_00_actULTHD1P,ArmorBreakLevel,ブラスト
Combatives_3350_00_actULTHD1P,bReduceZSearchAfterHit,true
Combatives_3350_00_actULTHD1P,ReduceZSearchEffectTime,3
Combatives_3350_00_actULTHI,Power,0
Combatives_3350_00_actULTHI,ArmorBreakLevel,ブラスト
Combatives_3350_00_actULTHI,bReduceZSearchAfterHit,true
Combatives_3350_00_actULTHI,ReduceZSearchEffectTime,0.9
Combatives_3350_00_actULTHI,bDamageCostumeEnable,true
Combatives_3350_00_actULTHI,bDamageCostumeWreck,true
Combatives_3350_00_actULTHI,bScratchCostumeEnable,true
Combatives_3360_00_actDTWFT,Power,0
Combatives_3360_00_actDTWFT,ArmorBreakLevel,投げ系
Combatives_3360_00_actDTWFT,bScratchCostumeEnable,true
Combatives_3360_00_actEXA1,Power,0
Combatives_3360_00_actEXA1,bBuffAvoidable,true
Combatives_3360_00_actSPM2_ADMHI,Power,0
Combatives_3360_00_actSPM2_ADMHI,ArmorBreakLevel,ブラスト
Combatives_3360_00_actTRWFT,Power,0
Combatives_3360_00_actTRWFT,ArmorBreakLevel,投げ系
Combatives_3360_00_actTRWFT,bScratchCostumeEnable,true
Combatives_3360_00_actTRWR,Power,0
Combatives_3360_00_actULTHI,Power,0
Combatives_3360_00_actULTHI,ArmorBreakLevel,ブラスト
Combatives_3360_00_actULTHI,bReduceZSearchAfterHit,true
Combatives_3360_00_actULTHI,ReduceZSearchEffectTime,0.9
Combatives_3360_00_actULTHI,bDamageCostumeEnable,true
Combatives_3360_00_actULTHI,bDamageCostumeWreck,true
Combatives_3360_00_actULTHI,bScratchCostumeEnable,true
Combatives_9994_00_actBLWB,Power,0
Combatives_9994_00_actBLWB,bNoKnockDownAttack,true
Combatives_9994_00_actBLWB,bNoMovementEnduringArmor,true
Combatives_9994_00_actBLWB,bNoStopEnduringArmor,true
Combatives_9994_00_actBLWB,DestructionFieldScale,200
Combatives_9994_00_actBLWF,Power,0
Combatives_9994_00_actBLWF,bNoKnockDownAttack,true
Combatives_9994_00_actBLWF,bNoMovementEnduringArmor,true
Combatives_9994_00_actBLWF,bNoStopEnduringArmor,true
Combatives_9994_00_actBLWF,DestructionFieldScale,200
Combatives_9994_00_actDTW,Power,1000
Combatives_9994_00_actDTW,SmashLevelGaugeIncrement,0.2
Combatives_9994_00_actDTW,SuperZCounterTakeType,EKoratSuperZCounterTakeType::Take
Combatives_9994_00_actDTW,ArmorBreakLevel,スマッシュ格闘系(フルパワー)
Combatives_9994_00_actDTW,bBuffAvoidable,true
Combatives_9994_00_actDTW,bAvoidHistep,true
Combatives_9994_00_actDTW,bScratchCostumeEnable,true
Combatives_9994_00_actDTW,DestructionFieldScale,7
Combatives_9994_00_actDTWFT,Power,0
Combatives_9994_00_actDTWFT,ArmorBreakLevel,投げ系
Combatives_9994_00_actDTWFT,bScratchCostumeEnable,true
Combatives_9994_00_actHFF,Power,1120
Combatives_9994_00_actHFF,EnergyGain,1350
Combatives_9994_00_actHFF,SuperZCounterTakeType,EKoratSuperZCounterTakeType::Take
Combatives_9994_00_actHFF,ArmorBreakLevel,ラッシュ派生系(フルパワー)
Combatives_9994_00_actHFF,bSuperCounterAvoidable,true
Combatives_9994_00_actHFF,bBuffAvoidable,true
Combatives_9994_00_actHFF,bAvoidHistep,true
Combatives_9994_00_actHFF,DestructionFieldScale,7
Combatives_9994_00_actHFN,Power,540
Combatives_9994_00_actHFN,EnergyGain,650
Combatives_9994_00_actHFN,SuperZCounterTakeType,EKoratSuperZCounterTakeType::Take
Combatives_9994_00_actHFN,ArmorBreakLevel,ラッシュ派生系
Combatives_9994_00_actHFN,bSuperCounterAvoidable,true
Combatives_9994_00_actHFN,bBuffAvoidable,true
Combatives_9994_00_actHFN,bAvoidHistep,true
Combatives_9994_00_actHFN,bInterruptGuard,true
Combatives_9994_00_actHFN,DestructionFieldScale,7
Combatives_9994_00_actHFP,Power,900
Combatives_9994_00_actHFP,EnergyGain,1000
Combatives_9994_00_actHFP,SuperZCounterTakeType,EKoratSuperZCounterTakeType::Take
Combatives_9994_00_actHFP,ArmorBreakLevel,ラッシュ派生系(パワー)
Combatives_9994_00_actHFP,bSuperCounterAvoidable,true
Combatives_9994_00_actHFP,bBuffAvoidable,true
Combatives_9994_00_actHFP,bAvoidHistep,true
Combatives_9994_00_actHFP,bInterruptGuard,true
Combatives_9994_00_actHFP,DestructionFieldScale,7
Combatives_9994_00_actPWFF,Power,1000
Combatives_9994_00_actPWFF,ArmorBreakLevel,スマッシュ格闘系(フルパワー)
Combatives_9994_00_actPWFF,DestructionFieldScale,7
Combatives_9994_00_actRSHA1,Power,420
Combatives_9994_00_actRSHA1,EnergyGain,300
Combatives_9994_00_actRSHA1,SmashLevelGaugeIncrement,0.1
Combatives_9994_00_actRSHA1,SuperZCounterTakeType,EKoratSuperZCounterTakeType::Take
Combatives_9994_00_actRSHA1,ArmorBreakLevel,ラッシュ格闘A1発目
Combatives_9994_00_actRSHA1,bSuperCounterAvoidable,true
Combatives_9994_00_actRSHA1,bSuperSelfishness,true
Combatives_9994_00_actRSHA1,bBuffAvoidable,true
Combatives_9994_00_actRSHA1,bPossibleAscertain,true
Combatives_9994_00_actRSHA1,DestructionFieldScale,150
Combatives_9994_00_actRSHA2,Power,420
Combatives_9994_00_actRSHA2,EnergyGain,300
Combatives_9994_00_actRSHA2,SmashLevelGaugeIncrement,0.1
Combatives_9994_00_actRSHA2,SuperZCounterTakeType,EKoratSuperZCounterTakeType::Take
Combatives_9994_00_actRSHA2,ArmorBreakLevel,ラッシュ格闘A2発目
Combatives_9994_00_actRSHA2,bSuperCounterAvoidable,true
Combatives_9994_00_actRSHA2,bSuperSelfishness,true
Combatives_9994_00_actRSHA2,bBuffAvoidable,true
Combatives_9994_00_actRSHA2,bPossibleAscertain,true
Combatives_9994_00_actRSHA2,DestructionFieldScale,150
Combatives_9994_00_actRSHA3,Power,420
Combatives_9994_00_actRSHA3,EnergyGain,300
Combatives_9994_00_actRSHA3,SmashLevelGaugeIncrement,0.2
Combatives_9994_00_actRSHA3,SuperZCounterTakeType,EKoratSuperZCounterTakeType::Take
Combatives_9994_00_actRSHA3,ArmorBreakLevel,ラッシュ格闘A3発目
Combatives_9994_00_actRSHA3,bSuperCounterAvoidable,true
Combatives_9994_00_actRSHA3,bSuperSelfishness,true
Combatives_9994_00_actRSHA3,bBuffAvoidable,true
Combatives_9994_00_actRSHA3,bPossibleAscertain,true
Combatives_9994_00_actRSHA3,DestructionFieldScale,150
Combatives_9994_00_actRSHA4,Power,520
Combatives_9994_00_actRSHA4,EnergyGain,300
Combatives_9994_00_actRSHA4,SmashLevelGaugeIncrement,0.2
Combatives_9994_00_actRSHA4,SuperZCounterTakeType,EKoratSuperZCounterTakeType::Take
Combatives_9994_00_actRSHA4,ArmorBreakLevel,ラッシュ格闘A4発目
Combatives_9994_00_actRSHA4,bSuperCounterAvoidable,true
Combatives_9994_00_actRSHA4,bSuperSelfishness,true
Combatives_9994_00_actRSHA4,bBuffAvoidable,true
Combatives_9994_00_actRSHA4,bPossibleAscertain,true
Combatives_9994_00_actRSHA4,DestructionFieldScale,150
Combatives_9994_00_actRSHB1,Power,420
Combatives_9994_00_actRSHB1,EnergyGain,300
Combatives_9994_00_actRSHB1,SmashLevelGaugeIncrement,0.1
Combatives_9994_00_actRSHB1,SuperZCounterTakeType,EKoratSuperZCounterTakeType::Take
Combatives_9994_00_actRSHB1,ArmorBreakLevel,ラッシュ格闘B1発目
Combatives_9994_00_actRSHB1,bSuperCounterAvoidable,true
Combatives_9994_00_actRSHB1,bSuperSelfishness,true
Combatives_9994_00_actRSHB1,bBuffAvoidable,true
Combatives_9994_00_actRSHB1,bPossibleAscertain,true
Combatives_9994_00_actRSHB1,DestructionFieldScale,150
Combatives_9994_00_actRSHB2,Power,420
Combatives_9994_00_actRSHB2,EnergyGain,300
Combatives_9994_00_actRSHB2,SmashLevelGaugeIncrement,0.1
Combatives_9994_00_actRSHB2,SuperZCounterTakeType,EKoratSuperZCounterTakeType::Take
Combatives_9994_00_actRSHB2,ArmorBreakLevel,ラッシュ格闘B2発目
Combatives_9994_00_actRSHB2,bSuperCounterAvoidable,true
Combatives_9994_00_actRSHB2,bSuperSelfishness,true
Combatives_9994_00_actRSHB2,bBuffAvoidable,true
Combatives_9994_00_actRSHB2,bPossibleAscertain,true
Combatives_9994_00_actRSHB2,DestructionFieldScale,150
Combatives_9994_00_actRSHB3,Power,420
Combatives_9994_00_actRSHB3,EnergyGain,300
Combatives_9994_00_actRSHB3,SmashLevelGaugeIncrement,0.2
Combatives_9994_00_actRSHB3,SuperZCounterTakeType,EKoratSuperZCounterTakeType::Take
Combatives_9994_00_actRSHB3,ArmorBreakLevel,ラッシュ格闘B3発目
Combatives_9994_00_actRSHB3,bSuperCounterAvoidable,true
Combatives_9994_00_actRSHB3,bSuperSelfishness,true
Combatives_9994_00_actRSHB3,bBuffAvoidable,true
Combatives_9994_00_actRSHB3,bPossibleAscertain,true
Combatives_9994_00_actRSHB3,DestructionFieldScale,500
Combatives_9994_00_actRSHB4,Power,520
Combatives_9994_00_actRSHB4,EnergyGain,300
Combatives_9994_00_actRSHB4,SmashLevelGaugeIncrement,0.2
Combatives_9994_00_actRSHB4,SuperZCounterTakeType,EKoratSuperZCounterTakeType::Take
Combatives_9994_00_actRSHB4,ArmorBreakLevel,ラッシュ格闘B4発目
Combatives_9994_00_actRSHB4,bSuperCounterAvoidable,true
Combatives_9994_00_actRSHB4,bSuperSelfishness,true
Combatives_9994_00_actRSHB4,bBuffAvoidable,true
Combatives_9994_00_actRSHB4,bPossibleAscertain,true
Combatives_9994_00_actRSHB4,DestructionFieldScale,150
Combatives_9994_00_actSCF,Power,1070
Combatives_9994_00_actSCF,EnergyGain,1350
Combatives_9994_00_actSCF,SmashLevelGaugeIncrement,0.4
Combatives_9994_00_actSCF,ArmorBreakLevel,気合砲・気爆波（フルパワー）
Combatives_9994_00_actSCF,bSuperCounterAvoidable,true
Combatives_9994_00_actSCF,bBuffAvoidable,true
Combatives_9994_00_actSCF,bInterruptGuard,true
Combatives_9994_00_actSCF,DestructionFieldScale,200
Combatives_9994_00_actSCN,Power,620
Combatives_9994_00_actSCN,EnergyGain,650
Combatives_9994_00_actSCN,SmashLevelGaugeIncrement,0.4
Combatives_9994_00_actSCN,ArmorBreakLevel,気合砲・気爆波
Combatives_9994_00_actSCN,bSuperCounterAvoidable,true
Combatives_9994_00_actSCN,bBuffAvoidable,true
Combatives_9994_00_actSCN,bInterruptGuard,true
Combatives_9994_00_actSCN,DestructionFieldScale,200
Combatives_9994_00_actSCP,Power,810
Combatives_9994_00_actSCP,EnergyGain,1000
Combatives_9994_00_actSCP,SmashLevelGaugeIncrement,0.4
Combatives_9994_00_actSCP,ArmorBreakLevel,気合砲・気爆波（パワー）
Combatives_9994_00_actSCP,bSuperCounterAvoidable,true
Combatives_9994_00_actSCP,bBuffAvoidable,true
Combatives_9994_00_actSCP,bInterruptGuard,true
Combatives_9994_00_actSCP,DestructionFieldScale,200
Combatives_9994_00_actSPC,Power,0
Combatives_9994_00_actSPC,bNoKnockDownAttack,true
Combatives_9994_00_actSPC,ArmorBreakLevel,ブラスト
Combatives_9994_00_actSPC,DestructionFieldScale,10
Combatives_9994_00_actSPC,bEnergyBulletCollision,true
Combatives_9994_00_actSPC,EnergyBulletCollisionPriority,9
Combatives_9994_00_actSPC,bEnergyBullectCollisionSpecial,true
Combatives_9994_00_actSPC,bForceDestroyBullet,true
Combatives_9994_00_actSPC,OffsetPitch,360
Combatives_9994_00_actSPC,OffsetYaw,360
Combatives_9994_00_actSPC_NoHIT,Power,0
Combatives_9994_00_actSPC_NoHIT,bNoKnockDownAttack,true
Combatives_9994_00_actSPC_NoHIT,DestructionFieldScale,0
Combatives_9994_00_actSPC_NoHIT,bEnergyBulletCollision,true
Combatives_9994_00_actSPC_NoHIT,EnergyBulletCollisionPriority,65536
Combatives_9994_00_actSPC_NoHIT,bEnergyBullectCollisionSpecial,true
Combatives_9994_00_actSPC_NoHIT,bForceDestroyBullet,true
Combatives_9994_00_actSPC_NoHIT,OffsetPitch,360
Combatives_9994_00_actSPC_NoHIT,OffsetYaw,360
Combatives_9994_00_actTRPF,Power,0
Combatives_9994_00_actTRPF,SuperZCounterTakeType,EKoratSuperZCounterTakeType::Take
Combatives_9994_00_actTRPF,ArmorBreakLevel,ブラスト
Combatives_9994_00_actTRPF,DestructionFieldScale,7
Combatives_9994_00_actTRW,Power,0
Combatives_9994_00_actTRW,ArmorBreakLevel,投げ系
Combatives_9994_00_actTRW,bSuperCounterAvoidable,true
Combatives_9994_00_actTRWFT,Power,0
Combatives_9994_00_actTRWFT,ArmorBreakLevel,投げ系
Combatives_9994_00_actTRWFT,bScratchCostumeEnable,true
Combatives_9994_00_actTRWR,Power,0
Combatives_9994_00_actVASF,Power,1000
Combatives_9994_00_actVASF,EnergyGain,300
Combatives_9994_00_actVASF,SmashLevelGaugeIncrement,0.5
Combatives_9994_00_actVASF,ArmorBreakLevel,バニシングアサルト(遠距離)
Combatives_9994_00_actVASF,bZCounterAvoidable,true
Combatives_9994_00_actVASF,bSuperCounterAvoidable,true
Combatives_9994_00_actVASF,bBuffAvoidable,true
Combatives_9994_00_actVASF,bScratchCostumeEnable,true
Combatives_9994_00_actVASF,DestructionFieldScale,200
Combatives_9994_00_actZBD,Power,1120
Combatives_9994_00_actZBD,EnergyGain,1350
Combatives_9994_00_actZBD,SmashLevelGaugeIncrement,0.2
Combatives_9994_00_actZBD,SuperZCounterTakeType,EKoratSuperZCounterTakeType::Take
Combatives_9994_00_actZBD,ArmorBreakLevel,追撃系
Combatives_9994_00_actZBD,bSuperCounterAvoidable,true
Combatives_9994_00_actZBD,bBuffAvoidable,true
Combatives_9994_00_actZBD,bAvoidHistep,true
Combatives_9994_00_actZBD,DestructionFieldScale,200
Combatives_9994_00_actZBD,bReceiveSelfDamage,true
Combatives_9994_00_actZCBAM,Power,1000
Combatives_9994_00_actZCBAM,ArmorBreakLevel,Zカウンター1&2
Combatives_9994_00_actZCBAM,bZCounterAvoidable,true
Combatives_9994_00_actZCBAM,bSuperCounterAvoidable,true
Combatives_9994_00_actZCBAM,bBuffAvoidable,true
Combatives_9994_00_actZCBAM,DestructionFieldScale,200
Combatives_9994_00_actZCBGM,Power,0
Combatives_9994_actBWF,Power,1070
Combatives_9994_actBWF,EnergyGain,1300
Combatives_9994_actBWF,SuperZCounterTakeType,EKoratSuperZCounterTakeType::Take
Combatives_9994_actBWF,ArmorBreakLevel,気合砲・気爆波（フルパワー）
Combatives_9994_actBWF,bSuperCounterAvoidable,true
Combatives_9994_actBWF,bBuffAvoidable,true
Combatives_9994_actBWF,DestructionFieldScale,10
Combatives_9994_actBWF,OffsetPitch,360
Combatives_9994_actBWF,OffsetYaw,360
Combatives_9994_actBWN,Power,620
Combatives_9994_actBWN,EnergyGain,650
Combatives_9994_actBWN,SuperZCounterTakeType,EKoratSuperZCounterTakeType::Take
Combatives_9994_actBWN,ArmorBreakLevel,気合砲・気爆波
Combatives_9994_actBWN,bSuperCounterAvoidable,true
Combatives_9994_actBWN,bBuffAvoidable,true
Combatives_9994_actBWN,bInterruptGuard,true
Combatives_9994_actBWN,DestructionFieldScale,10
Combatives_9994_actBWN,OffsetPitch,360
Combatives_9994_actBWN,OffsetYaw,360
Combatives_9994_actBWP,Power,810
Combatives_9994_actBWP,EnergyGain,1000
Combatives_9994_actBWP,SuperZCounterTakeType,EKoratSuperZCounterTakeType::Take
Combatives_9994_actBWP,ArmorBreakLevel,気合砲・気爆波（パワー）
Combatives_9994_actBWP,bSuperCounterAvoidable,true
Combatives_9994_actBWP,bBuffAvoidable,true
Combatives_9994_actBWP,bInterruptGuard,true
Combatives_9994_actBWP,DestructionFieldScale,10
Combatives_9994_actBWP,OffsetPitch,360
Combatives_9994_actBWP,OffsetYaw,360
Combatives_9994_actHC1,Power,280
Combatives_9994_actHC1,EnergyGain,650
Combatives_9994_actHC1,SuperZCounterTakeType,EKoratSuperZCounterTakeType::Take
Combatives_9994_actHC1,ArmorBreakLevel,ラッシュ派生のコンボ技
Combatives_9994_actHC1,bSuperCounterAvoidable,true
Combatives_9994_actHC1,bBuffAvoidable,true
Combatives_9994_actHC1,bAvoidHistep,true
Combatives_9994_actHC1,DestructionFieldScale,7
Combatives_9994_actHC2,Power,340
Combatives_9994_actHC2,EnergyGain,1000
Combatives_9994_actHC2,SuperZCounterTakeType,EKoratSuperZCounterTakeType::Take
Combatives_9994_actHC2,ArmorBreakLevel,ラッシュ派生のコンボ技
Combatives_9994_actHC2,bSuperCounterAvoidable,true
Combatives_9994_actHC2,bBuffAvoidable,true
Combatives_9994_actHC2,bAvoidHistep,true
Combatives_9994_actHC2,DestructionFieldScale,7
Combatives_9994_actHC3,Power,450
Combatives_9994_actHC3,EnergyGain,1350
Combatives_9994_actHC3,SuperZCounterTakeType,EKoratSuperZCounterTakeType::Take
Combatives_9994_actHC3,ArmorBreakLevel,ラッシュ派生のコンボ技
Combatives_9994_actHC3,bSuperCounterAvoidable,true
Combatives_9994_actHC3,bBuffAvoidable,true
Combatives_9994_actHC3,bAvoidHistep,true
Combatives_9994_actHC3,DestructionFieldScale,7
Combatives_9994_actPP1A,Power,190
Combatives_9994_actPP1A,SuperZCounterTakeType,EKoratSuperZCounterTakeType::Take
Combatives_9994_actPP1A,ArmorBreakLevel,ラッシュ派生のコンボ技
Combatives_9994_actPP1A,bSuperCounterAvoidable,true
Combatives_9994_actPP1A,bBuffAvoidable,true
Combatives_9994_actPP1A,DestructionFieldScale,150
Combatives_9994_actPP1A_F,Power,600
Combatives_9994_actPP1A_F,SuperZCounterTakeType,EKoratSuperZCounterTakeType::Take
Combatives_9994_actPP1A_F,ArmorBreakLevel,ラッシュ派生のコンボ技
Combatives_9994_actPP1A_F,bSuperCounterAvoidable,true
Combatives_9994_actPP1A_F,bBuffAvoidable,true
Combatives_9994_actRHFL,Power,450
Combatives_9994_actRHFL,EnergyGain,300
Combatives_9994_actRHFL,SuperZCounterTakeType,EKoratSuperZCounterTakeType::Take
Combatives_9994_actRHFL,ArmorBreakLevel,ローリングハンマー（フルパワー）
Combatives_9994_actRHFL,bSuperCounterAvoidable,true
Combatives_9994_actRHFL,bBuffAvoidable,true
Combatives_9994_actRHFL,bAvoidHistep,true
Combatives_9994_actRHFL,DestructionFieldScale,7
Combatives_9994_actRHFR,Power,450
Combatives_9994_actRHFR,EnergyGain,300
Combatives_9994_actRHFR,SuperZCounterTakeType,EKoratSuperZCounterTakeType::Take
Combatives_9994_actRHFR,ArmorBreakLevel,ローリングハンマー（フルパワー）
Combatives_9994_actRHFR,bSuperCounterAvoidable,true
Combatives_9994_actRHFR,bBuffAvoidable,true
Combatives_9994_actRHFR,bAvoidHistep,true
Combatives_9994_actRHFR,DestructionFieldScale,7
Combatives_9994_actRHNL,Power,270
Combatives_9994_actRHNL,EnergyGain,300
Combatives_9994_actRHNL,SuperZCounterTakeType,EKoratSuperZCounterTakeType::Take
Combatives_9994_actRHNL,ArmorBreakLevel,ローリングハンマー
Combatives_9994_actRHNL,bSuperCounterAvoidable,true
Combatives_9994_actRHNL,bBuffAvoidable,true
Combatives_9994_actRHNL,bAvoidHistep,true
Combatives_9994_actRHNL,bInterruptGuard,true
Combatives_9994_actRHNL,DestructionFieldScale,7
Combatives_9994_actRHNR,Power,270
Combatives_9994_actRHNR,EnergyGain,300
Combatives_9994_actRHNR,SuperZCounterTakeType,EKoratSuperZCounterTakeType::Take
Combatives_9994_actRHNR,ArmorBreakLevel,ローリングハンマー
Combatives_9994_actRHNR,bSuperCounterAvoidable,true
Combatives_9994_actRHNR,bBuffAvoidable,true
Combatives_9994_actRHNR,bAvoidHistep,true
Combatives_9994_actRHNR,bInterruptGuard,true
Combatives_9994_actRHNR,DestructionFieldScale,7
Combatives_9994_actRHPL,Power,340
Combatives_9994_actRHPL,EnergyGain,300
Combatives_9994_actRHPL,SuperZCounterTakeType,EKoratSuperZCounterTakeType::Take
Combatives_9994_actRHPL,ArmorBreakLevel,ローリングハンマー（パワー）
Combatives_9994_actRHPL,bSuperCounterAvoidable,true
Combatives_9994_actRHPL,bBuffAvoidable,true
Combatives_9994_actRHPL,bAvoidHistep,true
Combatives_9994_actRHPL,DestructionFieldScale,7
Combatives_9994_actRHPR,Power,340
Combatives_9994_actRHPR,EnergyGain,300
Combatives_9994_actRHPR,SuperZCounterTakeType,EKoratSuperZCounterTakeType::Take
Combatives_9994_actRHPR,ArmorBreakLevel,ローリングハンマー（パワー）
Combatives_9994_actRHPR,bSuperCounterAvoidable,true
Combatives_9994_actRHPR,bBuffAvoidable,true
Combatives_9994_actRHPR,bAvoidHistep,true
Combatives_9994_actRHPR,DestructionFieldScale,7
Combatives_9994_actSI1,Power,500
Combatives_9994_actSI1,EnergyGain,1300
Combatives_9994_actSI1,SuperZCounterTakeType,EKoratSuperZCounterTakeType::Take
Combatives_9994_actSI1,ArmorBreakLevel,ラッシュ派生のコンボ技
Combatives_9994_actSI1,bSuperCounterAvoidable,true
Combatives_9994_actSI1,bBuffAvoidable,true
Combatives_9994_actSI1,bAvoidHistep,true
Combatives_9994_actSI1,DestructionFieldScale,7
Combatives_9994_actTRW1P,Power,1000
Combatives_9994_actTRW1P,EnergyGain,1755
Combatives_9994_actTRW1P,ArmorBreakLevel,投げ系
Combatives_9998_00_actSPM2_ADMHI,Power,0
Combatives_9998_00_actSPM2_ADMHI,ArmorBreakLevel,ブラスト
Combatives_Common_actAHFN,Power,1000
Combatives_Common_actAHFN,EnergyGain,845
Combatives_Common_actAHFN,SuperZCounterTakeType,EKoratSuperZCounterTakeType::Take
Combatives_Common_actAHFN,ArmorBreakLevel,ヘビーフィニッシュ（パワー）
Combatives_Common_actAHFN,bSuperCounterAvoidable,true
Combatives_Common_actAHFN,bBuffAvoidable,true
Combatives_Common_actAHFN,bAvoidHistep,true
Combatives_Common_actAHFN,bPossibleAscertain,true
Combatives_Common_actAHFN,DestructionFieldScale,7
Combatives_Common_actARSHA1,Power,312
Combatives_Common_actARSHA1,EnergyGain,390
Combatives_Common_actARSHA1,SmashLevelGaugeIncrement,0.096
Combatives_Common_actARSHA1,SuperZCounterTakeType,EKoratSuperZCounterTakeType::Take
Combatives_Common_actARSHA1,ArmorBreakLevel,ラッシュ格闘A5発目
Combatives_Common_actARSHA1,bSuperCounterAvoidable,true
Combatives_Common_actARSHA1,bSuperSelfishness,true
Combatives_Common_actARSHA1,bBuffAvoidable,true
Combatives_Common_actARSHA1,bPossibleAscertain,true
Combatives_Common_actARSHA1,DestructionFieldScale,5
Combatives_Common_actARSHA1M2_1,Power,180
Combatives_Common_actARSHA1M2_1,EnergyGain,195
Combatives_Common_actARSHA1M2_1,SmashLevelGaugeIncrement,0.048
Combatives_Common_actARSHA1M2_1,SuperZCounterTakeType,EKoratSuperZCounterTakeType::Take
Combatives_Common_actARSHA1M2_1,ArmorBreakLevel,ラッシュ格闘A5発目
Combatives_Common_actARSHA1M2_1,bSuperCounterAvoidable,true
Combatives_Common_actARSHA1M2_1,bSuperSelfishness,true
Combatives_Common_actARSHA1M2_1,bBuffAvoidable,true
Combatives_Common_actARSHA1M2_1,bPossibleAscertain,true
Combatives_Common_actARSHA1M2_1,DestructionFieldScale,5
Combatives_Common_actARSHA1M2_2F,Power,180
Combatives_Common_actARSHA1M2_2F,EnergyGain,195
Combatives_Common_actARSHA1M2_2F,SmashLevelGaugeIncrement,0.048
Combatives_Common_actARSHA1M2_2F,SuperZCounterTakeType,EKoratSuperZCounterTakeType::Take
Combatives_Common_actARSHA1M2_2F,ArmorBreakLevel,ラッシュ格闘A5発目
Combatives_Common_actARSHA1M2_2F,bSuperCounterAvoidable,true
Combatives_Common_actARSHA1M2_2F,bSuperSelfishness,true
Combatives_Common_actARSHA1M2_2F,bBuffAvoidable,true
Combatives_Common_actARSHA1M2_2F,bPossibleAscertain,true
Combatives_Common_actARSHA1M2_2F,DestructionFieldScale,5
Combatives_Common_actARSHA1M3_1,Power,120
Combatives_Common_actARSHA1M3_1,EnergyGain,130
Combatives_Common_actARSHA1M3_1,SmashLevelGaugeIncrement,0.032
Combatives_Common_actARSHA1M3_1,SuperZCounterTakeType,EKoratSuperZCounterTakeType::Take
Combatives_Common_actARSHA1M3_1,ArmorBreakLevel,ラッシュ格闘A5発目
Combatives_Common_actARSHA1M3_1,bSuperCounterAvoidable,true
Combatives_Common_actARSHA1M3_1,bSuperSelfishness,true
Combatives_Common_actARSHA1M3_1,bBuffAvoidable,true
Combatives_Common_actARSHA1M3_1,bPossibleAscertain,true
Combatives_Common_actARSHA1M3_1,DestructionFieldScale,5
Combatives_Common_actARSHA1M3_2,Power,120
Combatives_Common_actARSHA1M3_2,EnergyGain,130
Combatives_Common_actARSHA1M3_2,SmashLevelGaugeIncrement,0.032
Combatives_Common_actARSHA1M3_2,SuperZCounterTakeType,EKoratSuperZCounterTakeType::Take
Combatives_Common_actARSHA1M3_2,ArmorBreakLevel,ラッシュ格闘A5発目
Combatives_Common_actARSHA1M3_2,bSuperCounterAvoidable,true
Combatives_Common_actARSHA1M3_2,bSuperSelfishness,true
Combatives_Common_actARSHA1M3_2,bBuffAvoidable,true
Combatives_Common_actARSHA1M3_2,bPossibleAscertain,true
Combatives_Common_actARSHA1M3_2,DestructionFieldScale,5
Combatives_Common_actARSHA1M3_3F,Power,120
Combatives_Common_actARSHA1M3_3F,EnergyGain,130
Combatives_Common_actARSHA1M3_3F,SmashLevelGaugeIncrement,0.032
Combatives_Common_actARSHA1M3_3F,SuperZCounterTakeType,EKoratSuperZCounterTakeType::Take
Combatives_Common_actARSHA1M3_3F,ArmorBreakLevel,ラッシュ格闘A5発目
Combatives_Common_actARSHA1M3_3F,bSuperCounterAvoidable,true
Combatives_Common_actARSHA1M3_3F,bSuperSelfishness,true
Combatives_Common_actARSHA1M3_3F,bBuffAvoidable,true
Combatives_Common_actARSHA1M3_3F,bPossibleAscertain,true
Combatives_Common_actARSHA1M3_3F,DestructionFieldScale,5
Combatives_Common_actARSHA2,Power,312
Combatives_Common_actARSHA2,EnergyGain,390
Combatives_Common_actARSHA2,SmashLevelGaugeIncrement,0.096
Combatives_Common_actARSHA2,SuperZCounterTakeType,EKoratSuperZCounterTakeType::Take
Combatives_Common_actARSHA2,ArmorBreakLevel,ラッシュ格闘A5発目
Combatives_Common_actARSHA2,bSuperCounterAvoidable,true
Combatives_Common_actARSHA2,bSuperSelfishness,true
Combatives_Common_actARSHA2,bBuffAvoidable,true
Combatives_Common_actARSHA2,bPossibleAscertain,true
Combatives_Common_actARSHA2,DestructionFieldScale,5
Combatives_Common_actARSHA2M2_1,Power,180
Combatives_Common_actARSHA2M2_1,EnergyGain,195
Combatives_Common_actARSHA2M2_1,SmashLevelGaugeIncrement,0.048
Combatives_Common_actARSHA2M2_1,SuperZCounterTakeType,EKoratSuperZCounterTakeType::Take
Combatives_Common_actARSHA2M2_1,ArmorBreakLevel,ラッシュ格闘A5発目
Combatives_Common_actARSHA2M2_1,bSuperCounterAvoidable,true
Combatives_Common_actARSHA2M2_1,bSuperSelfishness,true
Combatives_Common_actARSHA2M2_1,bBuffAvoidable,true
Combatives_Common_actARSHA2M2_1,bPossibleAscertain,true
Combatives_Common_actARSHA2M2_1,DestructionFieldScale,5
Combatives_Common_actARSHA2M2_2F,Power,180
Combatives_Common_actARSHA2M2_2F,EnergyGain,195
Combatives_Common_actARSHA2M2_2F,SmashLevelGaugeIncrement,0.048
Combatives_Common_actARSHA2M2_2F,SuperZCounterTakeType,EKoratSuperZCounterTakeType::Take
Combatives_Common_actARSHA2M2_2F,ArmorBreakLevel,ラッシュ格闘A5発目
Combatives_Common_actARSHA2M2_2F,bSuperCounterAvoidable,true
Combatives_Common_actARSHA2M2_2F,bSuperSelfishness,true
Combatives_Common_actARSHA2M2_2F,bBuffAvoidable,true
Combatives_Common_actARSHA2M2_2F,bPossibleAscertain,true
Combatives_Common_actARSHA2M2_2F,DestructionFieldScale,5
Combatives_Common_actARSHA2M3_1,Power,120
Combatives_Common_actARSHA2M3_1,EnergyGain,130
Combatives_Common_actARSHA2M3_1,SmashLevelGaugeIncrement,0.032
Combatives_Common_actARSHA2M3_1,SuperZCounterTakeType,EKoratSuperZCounterTakeType::Take
Combatives_Common_actARSHA2M3_1,ArmorBreakLevel,ラッシュ格闘A5発目
Combatives_Common_actARSHA2M3_1,bSuperCounterAvoidable,true
Combatives_Common_actARSHA2M3_1,bSuperSelfishness,true
Combatives_Common_actARSHA2M3_1,bBuffAvoidable,true
Combatives_Common_actARSHA2M3_1,bPossibleAscertain,true
Combatives_Common_actARSHA2M3_1,DestructionFieldScale,5
Combatives_Common_actARSHA2M3_2,Power,120
Combatives_Common_actARSHA2M3_2,EnergyGain,130
Combatives_Common_actARSHA2M3_2,SmashLevelGaugeIncrement,0.032
Combatives_Common_actARSHA2M3_2,SuperZCounterTakeType,EKoratSuperZCounterTakeType::Take
Combatives_Common_actARSHA2M3_2,ArmorBreakLevel,ラッシュ格闘A5発目
Combatives_Common_actARSHA2M3_2,bSuperCounterAvoidable,true
Combatives_Common_actARSHA2M3_2,bSuperSelfishness,true
Combatives_Common_actARSHA2M3_2,bBuffAvoidable,true
Combatives_Common_actARSHA2M3_2,bPossibleAscertain,true
Combatives_Common_actARSHA2M3_2,DestructionFieldScale,5
Combatives_Common_actARSHA2M3_3F,Power,120
Combatives_Common_actARSHA2M3_3F,EnergyGain,130
Combatives_Common_actARSHA2M3_3F,SmashLevelGaugeIncrement,0.032
Combatives_Common_actARSHA2M3_3F,SuperZCounterTakeType,EKoratSuperZCounterTakeType::Take
Combatives_Common_actARSHA2M3_3F,ArmorBreakLevel,ラッシュ格闘A5発目
Combatives_Common_actARSHA2M3_3F,bSuperCounterAvoidable,true
Combatives_Common_actARSHA2M3_3F,bSuperSelfishness,true
Combatives_Common_actARSHA2M3_3F,bBuffAvoidable,true
Combatives_Common_actARSHA2M3_3F,bPossibleAscertain,true
Combatives_Common_actARSHA2M3_3F,DestructionFieldScale,5
Combatives_Common_actARSHA3,Power,312
Combatives_Common_actARSHA3,EnergyGain,390
Combatives_Common_actARSHA3,SmashLevelGaugeIncrement,0.096
Combatives_Common_actARSHA3,SuperZCounterTakeType,EKoratSuperZCounterTakeType::Take
Combatives_Common_actARSHA3,ArmorBreakLevel,ラッシュ格闘A5発目
Combatives_Common_actARSHA3,bSuperCounterAvoidable,true
Combatives_Common_actARSHA3,bSuperSelfishness,true
Combatives_Common_actARSHA3,bBuffAvoidable,true
Combatives_Common_actARSHA3,bPossibleAscertain,true
Combatives_Common_actARSHA3,DestructionFieldScale,5
Combatives_Common_actARSHA3M2_1,Power,180
Combatives_Common_actARSHA3M2_1,EnergyGain,195
Combatives_Common_actARSHA3M2_1,SmashLevelGaugeIncrement,0.048
Combatives_Common_actARSHA3M2_1,SuperZCounterTakeType,EKoratSuperZCounterTakeType::Take
Combatives_Common_actARSHA3M2_1,ArmorBreakLevel,ラッシュ格闘A5発目
Combatives_Common_actARSHA3M2_1,bSuperCounterAvoidable,true
Combatives_Common_actARSHA3M2_1,bSuperSelfishness,true
Combatives_Common_actARSHA3M2_1,bBuffAvoidable,true
Combatives_Common_actARSHA3M2_1,bPossibleAscertain,true
Combatives_Common_actARSHA3M2_2F,Power,180
Combatives_Common_actARSHA3M2_2F,EnergyGain,195
Combatives_Common_actARSHA3M2_2F,SmashLevelGaugeIncrement,0.048
Combatives_Common_actARSHA3M2_2F,SuperZCounterTakeType,EKoratSuperZCounterTakeType::Take
Combatives_Common_actARSHA3M2_2F,ArmorBreakLevel,ラッシュ格闘A5発目
Combatives_Common_actARSHA3M2_2F,bSuperCounterAvoidable,true
Combatives_Common_actARSHA3M2_2F,bSuperSelfishness,true
Combatives_Common_actARSHA3M2_2F,bBuffAvoidable,true
Combatives_Common_actARSHA3M2_2F,bPossibleAscertain,true
Combatives_Common_actARSHA3M3_1,Power,120
Combatives_Common_actARSHA3M3_1,EnergyGain,130
Combatives_Common_actARSHA3M3_1,SmashLevelGaugeIncrement,0.032
Combatives_Common_actARSHA3M3_1,SuperZCounterTakeType,EKoratSuperZCounterTakeType::Take
Combatives_Common_actARSHA3M3_1,ArmorBreakLevel,ラッシュ格闘A5発目
Combatives_Common_actARSHA3M3_1,bSuperCounterAvoidable,true
Combatives_Common_actARSHA3M3_1,bSuperSelfishness,true
Combatives_Common_actARSHA3M3_1,bBuffAvoidable,true
Combatives_Common_actARSHA3M3_1,bPossibleAscertain,true
Combatives_Common_actARSHA3M3_2,Power,120
Combatives_Common_actARSHA3M3_2,EnergyGain,130
Combatives_Common_actARSHA3M3_2,SmashLevelGaugeIncrement,0.032
Combatives_Common_actARSHA3M3_2,SuperZCounterTakeType,EKoratSuperZCounterTakeType::Take
Combatives_Common_actARSHA3M3_2,ArmorBreakLevel,ラッシュ格闘A5発目
Combatives_Common_actARSHA3M3_2,bSuperCounterAvoidable,true
Combatives_Common_actARSHA3M3_2,bSuperSelfishness,true
Combatives_Common_actARSHA3M3_2,bBuffAvoidable,true
Combatives_Common_actARSHA3M3_2,bPossibleAscertain,true
Combatives_Common_actARSHA3M3_3F,Power,120
Combatives_Common_actARSHA3M3_3F,EnergyGain,130
Combatives_Common_actARSHA3M3_3F,SmashLevelGaugeIncrement,0.032
Combatives_Common_actARSHA3M3_3F,SuperZCounterTakeType,EKoratSuperZCounterTakeType::Take
Combatives_Common_actARSHA3M3_3F,ArmorBreakLevel,ラッシュ格闘A5発目
Combatives_Common_actARSHA3M3_3F,bSuperCounterAvoidable,true
Combatives_Common_actARSHA3M3_3F,bSuperSelfishness,true
Combatives_Common_actARSHA3M3_3F,bBuffAvoidable,true
Combatives_Common_actARSHA3M3_3F,bPossibleAscertain,true
Combatives_Common_actARSHA4,Power,432
Combatives_Common_actARSHA4,EnergyGain,390
Combatives_Common_actARSHA4,SmashLevelGaugeIncrement,0.096
Combatives_Common_actARSHA4,SuperZCounterTakeType,EKoratSuperZCounterTakeType::Take
Combatives_Common_actARSHA4,ArmorBreakLevel,ラッシュ格闘A5発目
Combatives_Common_actARSHA4,bSuperCounterAvoidable,true
Combatives_Common_actARSHA4,bSuperSelfishness,true
Combatives_Common_actARSHA4,bBuffAvoidable,true
Combatives_Common_actARSHA4,bPossibleAscertain,true
Combatives_Common_actARSHA4,DestructionFieldScale,5
Combatives_Common_actARSHA4M2_1,Power,240
Combatives_Common_actARSHA4M2_1,EnergyGain,195
Combatives_Common_actARSHA4M2_1,SmashLevelGaugeIncrement,0.048
Combatives_Common_actARSHA4M2_1,SuperZCounterTakeType,EKoratSuperZCounterTakeType::Take
Combatives_Common_actARSHA4M2_1,ArmorBreakLevel,ラッシュ格闘A5発目
Combatives_Common_actARSHA4M2_1,bSuperCounterAvoidable,true
Combatives_Common_actARSHA4M2_1,bSuperSelfishness,true
Combatives_Common_actARSHA4M2_1,bBuffAvoidable,true
Combatives_Common_actARSHA4M2_1,bPossibleAscertain,true
Combatives_Common_actARSHA4M2_1,DestructionFieldScale,5
Combatives_Common_actARSHA4M2_2F,EnergyGain,195
Combatives_Common_actARSHA4M2_2F,SmashLevelGaugeIncrement,0.048
Combatives_Common_actARSHA4M2_2F,SuperZCounterTakeType,EKoratSuperZCounterTakeType::Take
Combatives_Common_actARSHA4M2_2F,ArmorBreakLevel,ラッシュ格闘A5発目
Combatives_Common_actARSHA4M2_2F,bSuperCounterAvoidable,true
Combatives_Common_actARSHA4M2_2F,bSuperSelfishness,true
Combatives_Common_actARSHA4M2_2F,bBuffAvoidable,true
Combatives_Common_actARSHA4M2_2F,bPossibleAscertain,true
Combatives_Common_actARSHA4M2_2F,DestructionFieldScale,5
Combatives_Common_actARSHA4M3_1,Power,120
Combatives_Common_actARSHA4M3_1,EnergyGain,130
Combatives_Common_actARSHA4M3_1,SmashLevelGaugeIncrement,0.032
Combatives_Common_actARSHA4M3_1,SuperZCounterTakeType,EKoratSuperZCounterTakeType::Take
Combatives_Common_actARSHA4M3_1,ArmorBreakLevel,ラッシュ格闘A5発目
Combatives_Common_actARSHA4M3_1,bSuperCounterAvoidable,true
Combatives_Common_actARSHA4M3_1,bSuperSelfishness,true
Combatives_Common_actARSHA4M3_1,bBuffAvoidable,true
Combatives_Common_actARSHA4M3_1,bPossibleAscertain,true
Combatives_Common_actARSHA4M3_1,DestructionFieldScale,5
Combatives_Common_actARSHA4M3_2,Power,120
Combatives_Common_actARSHA4M3_2,EnergyGain,130
Combatives_Common_actARSHA4M3_2,SmashLevelGaugeIncrement,0.032
Combatives_Common_actARSHA4M3_2,SuperZCounterTakeType,EKoratSuperZCounterTakeType::Take
Combatives_Common_actARSHA4M3_2,ArmorBreakLevel,ラッシュ格闘A5発目
Combatives_Common_actARSHA4M3_2,bSuperCounterAvoidable,true
Combatives_Common_actARSHA4M3_2,bSuperSelfishness,true
Combatives_Common_actARSHA4M3_2,bBuffAvoidable,true
Combatives_Common_actARSHA4M3_2,bPossibleAscertain,true
Combatives_Common_actARSHA4M3_2,DestructionFieldScale,5
Combatives_Common_actARSHA4M3_3F,EnergyGain,130
Combatives_Common_actARSHA4M3_3F,SmashLevelGaugeIncrement,0.032
Combatives_Common_actARSHA4M3_3F,SuperZCounterTakeType,EKoratSuperZCounterTakeType::Take
Combatives_Common_actARSHA4M3_3F,ArmorBreakLevel,ラッシュ格闘A5発目
Combatives_Common_actARSHA4M3_3F,bSuperCounterAvoidable,true
Combatives_Common_actARSHA4M3_3F,bSuperSelfishness,true
Combatives_Common_actARSHA4M3_3F,bBuffAvoidable,true
Combatives_Common_actARSHA4M3_3F,bPossibleAscertain,true
Combatives_Common_actARSHA4M3_3F,DestructionFieldScale,5
Combatives_Common_actARSHA5,Power,600
Combatives_Common_actARSHA5,EnergyGain,390
Combatives_Common_actARSHA5,SmashLevelGaugeIncrement,0.096
Combatives_Common_actARSHA5,SuperZCounterTakeType,EKoratSuperZCounterTakeType::Take
Combatives_Common_actARSHA5,ArmorBreakLevel,ラッシュ格闘A5発目
Combatives_Common_actARSHA5,bSuperCounterAvoidable,true
Combatives_Common_actARSHA5,bSuperSelfishness,true
Combatives_Common_actARSHA5,bBuffAvoidable,true
Combatives_Common_actARSHA5,bPossibleAscertain,true
Combatives_Common_actARSHA5,DestructionFieldScale,5
Combatives_Common_actARSHB1,Power,336
Combatives_Common_actARSHB1,EnergyGain,390
Combatives_Common_actARSHB1,SmashLevelGaugeIncrement,0.096
Combatives_Common_actARSHB1,SuperZCounterTakeType,EKoratSuperZCounterTakeType::Take
Combatives_Common_actARSHB1,ArmorBreakLevel,ラッシュ格闘B5発目
Combatives_Common_actARSHB1,bSuperCounterAvoidable,true
Combatives_Common_actARSHB1,bSuperSelfishness,true
Combatives_Common_actARSHB1,bBuffAvoidable,true
Combatives_Common_actARSHB1,bPossibleAscertain,true
Combatives_Common_actARSHB1,DestructionFieldScale,5
Combatives_Common_actARSHB2,Power,336
Combatives_Common_actARSHB2,EnergyGain,390
Combatives_Common_actARSHB2,SmashLevelGaugeIncrement,0.096
Combatives_Common_actARSHB2,SuperZCounterTakeType,EKoratSuperZCounterTakeType::Take
Combatives_Common_actARSHB2,ArmorBreakLevel,ラッシュ格闘B5発目
Combatives_Common_actARSHB2,bSuperCounterAvoidable,true
Combatives_Common_actARSHB2,bSuperSelfishness,true
Combatives_Common_actARSHB2,bBuffAvoidable,true
Combatives_Common_actARSHB2,bPossibleAscertain,true
Combatives_Common_actARSHB2,DestructionFieldScale,5
Combatives_Common_actARSHB2M2_1,Power,180
Combatives_Common_actARSHB2M2_1,EnergyGain,195
Combatives_Common_actARSHB2M2_1,SmashLevelGaugeIncrement,0.048
Combatives_Common_actARSHB2M2_1,SuperZCounterTakeType,EKoratSuperZCounterTakeType::Take
Combatives_Common_actARSHB2M2_1,ArmorBreakLevel,ラッシュ格闘B5発目
Combatives_Common_actARSHB2M2_1,bSuperCounterAvoidable,true
Combatives_Common_actARSHB2M2_1,bSuperSelfishness,true
Combatives_Common_actARSHB2M2_1,bBuffAvoidable,true
Combatives_Common_actARSHB2M2_1,bPossibleAscertain,true
Combatives_Common_actARSHB2M2_1,DestructionFieldScale,5
Combatives_Common_actARSHB2M2_2F,Power,180
Combatives_Common_actARSHB2M2_2F,EnergyGain,195
Combatives_Common_actARSHB2M2_2F,SmashLevelGaugeIncrement,0.048
Combatives_Common_actARSHB2M2_2F,SuperZCounterTakeType,EKoratSuperZCounterTakeType::Take
Combatives_Common_actARSHB2M2_2F,ArmorBreakLevel,ラッシュ格闘B5発目
Combatives_Common_actARSHB2M2_2F,bSuperCounterAvoidable,true
Combatives_Common_actARSHB2M2_2F,bSuperSelfishness,true
Combatives_Common_actARSHB2M2_2F,bBuffAvoidable,true
Combatives_Common_actARSHB2M2_2F,bPossibleAscertain,true
Combatives_Common_actARSHB2M2_2F,DestructionFieldScale,5
Combatives_Common_actARSHB2M3_1-2,Power,120
Combatives_Common_actARSHB2M3_1-2,EnergyGain,130
Combatives_Common_actARSHB2M3_1-2,SmashLevelGaugeIncrement,0.048
Combatives_Common_actARSHB2M3_1-2,SuperZCounterTakeType,EKoratSuperZCounterTakeType::Take
Combatives_Common_actARSHB2M3_1-2,ArmorBreakLevel,ラッシュ格闘B5発目
Combatives_Common_actARSHB2M3_1-2,bSuperCounterAvoidable,true
Combatives_Common_actARSHB2M3_1-2,bSuperSelfishness,true
Combatives_Common_actARSHB2M3_1-2,bBuffAvoidable,true
Combatives_Common_actARSHB2M3_1-2,bPossibleAscertain,true
Combatives_Common_actARSHB2M3_1-2,DestructionFieldScale,5
Combatives_Common_actARSHB2M3_3F,Power,120
Combatives_Common_actARSHB2M3_3F,EnergyGain,130
Combatives_Common_actARSHB2M3_3F,SmashLevelGaugeIncrement,0.048
Combatives_Common_actARSHB2M3_3F,SuperZCounterTakeType,EKoratSuperZCounterTakeType::Take
Combatives_Common_actARSHB2M3_3F,ArmorBreakLevel,ラッシュ格闘B5発目
Combatives_Common_actARSHB2M3_3F,bSuperCounterAvoidable,true
Combatives_Common_actARSHB2M3_3F,bSuperSelfishness,true
Combatives_Common_actARSHB2M3_3F,bBuffAvoidable,true
Combatives_Common_actARSHB2M3_3F,bPossibleAscertain,true
Combatives_Common_actARSHB2M3_3F,DestructionFieldScale,5
Combatives_Common_actARSHB3,Power,336
Combatives_Common_actARSHB3,EnergyGain,390
Combatives_Common_actARSHB3,SmashLevelGaugeIncrement,0.096
Combatives_Common_actARSHB3,SuperZCounterTakeType,EKoratSuperZCounterTakeType::Take
Combatives_Common_actARSHB3,ArmorBreakLevel,ラッシュ格闘B5発目
Combatives_Common_actARSHB3,bSuperCounterAvoidable,true
Combatives_Common_actARSHB3,bSuperSelfishness,true
Combatives_Common_actARSHB3,bBuffAvoidable,true
Combatives_Common_actARSHB3,bPossibleAscertain,true
Combatives_Common_actARSHB3,DestructionFieldScale,5
Combatives_Common_actARSHB3M2_1,Power,180
Combatives_Common_actARSHB3M2_1,EnergyGain,195
Combatives_Common_actARSHB3M2_1,SmashLevelGaugeIncrement,0.048
Combatives_Common_actARSHB3M2_1,SuperZCounterTakeType,EKoratSuperZCounterTakeType::Take
Combatives_Common_actARSHB3M2_1,ArmorBreakLevel,ラッシュ格闘B5発目
Combatives_Common_actARSHB3M2_1,bSuperCounterAvoidable,true
Combatives_Common_actARSHB3M2_1,bSuperSelfishness,true
Combatives_Common_actARSHB3M2_1,bBuffAvoidable,true
Combatives_Common_actARSHB3M2_1,bPossibleAscertain,true
Combatives_Common_actARSHB3M2_2F,Power,180
Combatives_Common_actARSHB3M2_2F,EnergyGain,195
Combatives_Common_actARSHB3M2_2F,SmashLevelGaugeIncrement,0.048
Combatives_Common_actARSHB3M2_2F,SuperZCounterTakeType,EKoratSuperZCounterTakeType::Take
Combatives_Common_actARSHB3M2_2F,ArmorBreakLevel,ラッシュ格闘B5発目
Combatives_Common_actARSHB3M2_2F,bSuperCounterAvoidable,true
Combatives_Common_actARSHB3M2_2F,bSuperSelfishness,true
Combatives_Common_actARSHB3M2_2F,bBuffAvoidable,true
Combatives_Common_actARSHB3M2_2F,bPossibleAscertain,true
Combatives_Common_actARSHB3M3_1,Power,120
Combatives_Common_actARSHB3M3_1,EnergyGain,130
Combatives_Common_actARSHB3M3_1,SmashLevelGaugeIncrement,0.032
Combatives_Common_actARSHB3M3_1,SuperZCounterTakeType,EKoratSuperZCounterTakeType::Take
Combatives_Common_actARSHB3M3_1,ArmorBreakLevel,ラッシュ格闘B5発目
Combatives_Common_actARSHB3M3_1,bSuperCounterAvoidable,true
Combatives_Common_actARSHB3M3_1,bSuperSelfishness,true
Combatives_Common_actARSHB3M3_1,bBuffAvoidable,true
Combatives_Common_actARSHB3M3_1,bPossibleAscertain,true
Combatives_Common_actARSHB3M3_2,Power,120
Combatives_Common_actARSHB3M3_2,EnergyGain,130
Combatives_Common_actARSHB3M3_2,SmashLevelGaugeIncrement,0.032
Combatives_Common_actARSHB3M3_2,SuperZCounterTakeType,EKoratSuperZCounterTakeType::Take
Combatives_Common_actARSHB3M3_2,ArmorBreakLevel,ラッシュ格闘B5発目
Combatives_Common_actARSHB3M3_2,bSuperCounterAvoidable,true
Combatives_Common_actARSHB3M3_2,bSuperSelfishness,true
Combatives_Common_actARSHB3M3_2,bBuffAvoidable,true
Combatives_Common_actARSHB3M3_2,bPossibleAscertain,true
Combatives_Common_actARSHB3M3_3F,Power,120
Combatives_Common_actARSHB3M3_3F,EnergyGain,130
Combatives_Common_actARSHB3M3_3F,SmashLevelGaugeIncrement,0.032
Combatives_Common_actARSHB3M3_3F,SuperZCounterTakeType,EKoratSuperZCounterTakeType::Take
Combatives_Common_actARSHB3M3_3F,ArmorBreakLevel,ラッシュ格闘B5発目
Combatives_Common_actARSHB3M3_3F,bSuperCounterAvoidable,true
Combatives_Common_actARSHB3M3_3F,bSuperSelfishness,true
Combatives_Common_actARSHB3M3_3F,bBuffAvoidable,true
Combatives_Common_actARSHB3M3_3F,bPossibleAscertain,true
Combatives_Common_actARSHB4,Power,492
Combatives_Common_actARSHB4,EnergyGain,390
Combatives_Common_actARSHB4,SmashLevelGaugeIncrement,0.096
Combatives_Common_actARSHB4,SuperZCounterTakeType,EKoratSuperZCounterTakeType::Take
Combatives_Common_actARSHB4,ArmorBreakLevel,ラッシュ格闘B5発目
Combatives_Common_actARSHB4,bSuperCounterAvoidable,true
Combatives_Common_actARSHB4,bSuperSelfishness,true
Combatives_Common_actARSHB4,bBuffAvoidable,true
Combatives_Common_actARSHB4,bPossibleAscertain,true
Combatives_Common_actARSHB4,DestructionFieldScale,5
Combatives_Common_actARSHB4M2_1,Power,240
Combatives_Common_actARSHB4M2_1,EnergyGain,195
Combatives_Common_actARSHB4M2_1,SmashLevelGaugeIncrement,0.048
Combatives_Common_actARSHB4M2_1,SuperZCounterTakeType,EKoratSuperZCounterTakeType::Take
Combatives_Common_actARSHB4M2_1,ArmorBreakLevel,ラッシュ格闘B5発目
Combatives_Common_actARSHB4M2_1,bSuperCounterAvoidable,true
Combatives_Common_actARSHB4M2_1,bSuperSelfishness,true
Combatives_Common_actARSHB4M2_1,bBuffAvoidable,true
Combatives_Common_actARSHB4M2_1,bPossibleAscertain,true
Combatives_Common_actARSHB4M2_1,DestructionFieldScale,5
Combatives_Common_actARSHB4M2_2F,EnergyGain,195
Combatives_Common_actARSHB4M2_2F,SmashLevelGaugeIncrement,0.048
Combatives_Common_actARSHB4M2_2F,SuperZCounterTakeType,EKoratSuperZCounterTakeType::Take
Combatives_Common_actARSHB4M2_2F,ArmorBreakLevel,ラッシュ格闘B5発目
Combatives_Common_actARSHB4M2_2F,bSuperCounterAvoidable,true
Combatives_Common_actARSHB4M2_2F,bSuperSelfishness,true
Combatives_Common_actARSHB4M2_2F,bBuffAvoidable,true
Combatives_Common_actARSHB4M2_2F,bPossibleAscertain,true
Combatives_Common_actARSHB4M2_2F,DestructionFieldScale,5
Combatives_Common_actARSHB4M3_1,Power,120
Combatives_Common_actARSHB4M3_1,EnergyGain,130
Combatives_Common_actARSHB4M3_1,SmashLevelGaugeIncrement,0.032
Combatives_Common_actARSHB4M3_1,SuperZCounterTakeType,EKoratSuperZCounterTakeType::Take
Combatives_Common_actARSHB4M3_1,ArmorBreakLevel,ラッシュ格闘B5発目
Combatives_Common_actARSHB4M3_1,bSuperCounterAvoidable,true
Combatives_Common_actARSHB4M3_1,bSuperSelfishness,true
Combatives_Common_actARSHB4M3_1,bBuffAvoidable,true
Combatives_Common_actARSHB4M3_1,bPossibleAscertain,true
Combatives_Common_actARSHB4M3_1,DestructionFieldScale,5
Combatives_Common_actARSHB4M3_2,Power,120
Combatives_Common_actARSHB4M3_2,EnergyGain,130
Combatives_Common_actARSHB4M3_2,SmashLevelGaugeIncrement,0.032
Combatives_Common_actARSHB4M3_2,SuperZCounterTakeType,EKoratSuperZCounterTakeType::Take
Combatives_Common_actARSHB4M3_2,ArmorBreakLevel,ラッシュ格闘B5発目
Combatives_Common_actARSHB4M3_2,bSuperCounterAvoidable,true
Combatives_Common_actARSHB4M3_2,bSuperSelfishness,true
Combatives_Common_actARSHB4M3_2,bBuffAvoidable,true
Combatives_Common_actARSHB4M3_2,bPossibleAscertain,true
Combatives_Common_actARSHB4M3_2,DestructionFieldScale,5
Combatives_Common_actARSHB4M3_3F,EnergyGain,130
Combatives_Common_actARSHB4M3_3F,SmashLevelGaugeIncrement,0.032
Combatives_Common_actARSHB4M3_3F,SuperZCounterTakeType,EKoratSuperZCounterTakeType::Take
Combatives_Common_actARSHB4M3_3F,ArmorBreakLevel,ラッシュ格闘B5発目
Combatives_Common_actARSHB4M3_3F,bSuperCounterAvoidable,true
Combatives_Common_actARSHB4M3_3F,bSuperSelfishness,true
Combatives_Common_actARSHB4M3_3F,bBuffAvoidable,true
Combatives_Common_actARSHB4M3_3F,bPossibleAscertain,true
Combatives_Common_actARSHB4M3_3F,DestructionFieldScale,5
Combatives_Common_actARSHB4M4_1-3,Power,120
Combatives_Common_actARSHB4M4_1-3,EnergyGain,97
Combatives_Common_actARSHB4M4_1-3,SmashLevelGaugeIncrement,0.048
Combatives_Common_actARSHB4M4_1-3,SuperZCounterTakeType,EKoratSuperZCounterTakeType::Take
Combatives_Common_actARSHB4M4_1-3,ArmorBreakLevel,ラッシュ格闘B5発目
Combatives_Common_actARSHB4M4_1-3,bSuperCounterAvoidable,true
Combatives_Common_actARSHB4M4_1-3,bSuperSelfishness,true
Combatives_Common_actARSHB4M4_1-3,bBuffAvoidable,true
Combatives_Common_actARSHB4M4_1-3,bPossibleAscertain,true
Combatives_Common_actARSHB4M4_1-3,DestructionFieldScale,5
Combatives_Common_actARSHB4M4_4F,Power,180
Combatives_Common_actARSHB4M4_4F,EnergyGain,97
Combatives_Common_actARSHB4M4_4F,SmashLevelGaugeIncrement,0.048
Combatives_Common_actARSHB4M4_4F,SuperZCounterTakeType,EKoratSuperZCounterTakeType::Take
Combatives_Common_actARSHB4M4_4F,ArmorBreakLevel,ラッシュ格闘B5発目
Combatives_Common_actARSHB4M4_4F,bSuperCounterAvoidable,true
Combatives_Common_actARSHB4M4_4F,bSuperSelfishness,true
Combatives_Common_actARSHB4M4_4F,bBuffAvoidable,true
Combatives_Common_actARSHB4M4_4F,bPossibleAscertain,true
Combatives_Common_actARSHB4M4_4F,DestructionFieldScale,5
Combatives_Common_actARSHB5,Power,1008
Combatives_Common_actARSHB5,EnergyGain,390
Combatives_Common_actARSHB5,SmashLevelGaugeIncrement,0.096
Combatives_Common_actARSHB5,SuperZCounterTakeType,EKoratSuperZCounterTakeType::Take
Combatives_Common_actARSHB5,ArmorBreakLevel,ラッシュ格闘B5発目
Combatives_Common_actARSHB5,bSuperCounterAvoidable,true
Combatives_Common_actARSHB5,bSuperSelfishness,true
Combatives_Common_actARSHB5,bBuffAvoidable,true
Combatives_Common_actARSHB5,bPossibleAscertain,true
Combatives_Common_actARSHB5,DestructionFieldScale,5
Combatives_Common_actARSHB5M2_1,Power,540
Combatives_Common_actARSHB5M2_1,EnergyGain,195
Combatives_Common_actARSHB5M2_1,SmashLevelGaugeIncrement,0.048
Combatives_Common_actARSHB5M2_1,SuperZCounterTakeType,EKoratSuperZCounterTakeType::Take
Combatives_Common_actARSHB5M2_1,ArmorBreakLevel,ラッシュ格闘B5発目
Combatives_Common_actARSHB5M2_1,bSuperCounterAvoidable,true
Combatives_Common_actARSHB5M2_1,bSuperSelfishness,true
Combatives_Common_actARSHB5M2_1,bBuffAvoidable,true
Combatives_Common_actARSHB5M2_1,bPossibleAscertain,true
Combatives_Common_actARSHB5M2_1,DestructionFieldScale,5
Combatives_Common_actARSHB5M2_2F,Power,540
Combatives_Common_actARSHB5M2_2F,EnergyGain,195
Combatives_Common_actARSHB5M2_2F,SmashLevelGaugeIncrement,0.048
Combatives_Common_actARSHB5M2_2F,SuperZCounterTakeType,EKoratSuperZCounterTakeType::Take
Combatives_Common_actARSHB5M2_2F,ArmorBreakLevel,ラッシュ格闘B5発目
Combatives_Common_actARSHB5M2_2F,bSuperCounterAvoidable,true
Combatives_Common_actARSHB5M2_2F,bSuperSelfishness,true
Combatives_Common_actARSHB5M2_2F,bBuffAvoidable,true
Combatives_Common_actARSHB5M2_2F,bPossibleAscertain,true
Combatives_Common_actARSHB5M2_2F,DestructionFieldScale,5
Combatives_Common_actASMDF,Power,1000
Combatives_Common_actASMDF,EnergyGain,845
Combatives_Common_actASMDF,SmashLevelGaugeIncrement,0.096
Combatives_Common_actASMDF,SuperZCounterTakeType,EKoratSuperZCounterTakeType::Take
Combatives_Common_actASMDF,ArmorBreakLevel,ラッシュ派生のコンボ技
Combatives_Common_actASMDF,bSuperCounterAvoidable,true
Combatives_Common_actASMDF,bBuffAvoidable,true
Combatives_Common_actASMDF,bPossibleAscertain,true
Combatives_Common_actASMDF,DestructionFieldScale,7
Combatives_Common_actBC1,Power,500
Combatives_Common_actBC1,ArmorBreakLevel,ラッシュ派生のコンボ技
Combatives_Common_actBC1,bSuperCounterAvoidable,true
Combatives_Common_actBC1,bBuffAvoidable,true
Combatives_Common_actBC1,bAvoidHistep,true
Combatives_Common_actBC1,DestructionFieldScale,5
Combatives_Common_actBC2,Power,620
Combatives_Common_actBC2,ArmorBreakLevel,ラッシュ派生のコンボ技
Combatives_Common_actBC2,bSuperCounterAvoidable,true
Combatives_Common_actBC2,bBuffAvoidable,true
Combatives_Common_actBC2,bAvoidHistep,true
Combatives_Common_actBC2,DestructionFieldScale,5
Combatives_Common_actBLF1W_B1SSG,Power,1000
Combatives_Common_actBLF1W_B1SSG,ArmorBreakLevel,ブラスト
Combatives_Common_actBLF1W_B1SSG,bDamageCostumeEnable,true
Combatives_Common_actBLF1W_B1SSG,bScratchCostumeEnable,true
Combatives_Common_actBLF1W_B1SSG,DestructionFieldScale,7
Combatives_Common_actBLF1W_B1SSG2,Power,1000
Combatives_Common_actBLF1W_B1SSG2,ArmorBreakLevel,ブラスト
Combatives_Common_actBLF1W_B1SSG2,bDamageCostumeEnable,true
Combatives_Common_actBLF1W_B1SSG2,bScratchCostumeEnable,true
Combatives_Common_actBLF1W_B1SSG2,DestructionFieldScale,7
Combatives_Common_actBLF1W_B1SSG3,Power,1000
Combatives_Common_actBLF1W_B1SSG3,ArmorBreakLevel,ブラスト
Combatives_Common_actBLF1W_B1SSG3,bDamageCostumeEnable,true
Combatives_Common_actBLF1W_B1SSG3,bScratchCostumeEnable,true
Combatives_Common_actBLF1W_B1SSG3,DestructionFieldScale,7
Combatives_Common_actBLF1W_B1SSGUB,Power,1000
Combatives_Common_actBLF1W_B1SSGUB,ArmorBreakLevel,ブラスト
Combatives_Common_actBLF1W_B1SSGUB,bDamageCostumeEnable,true
Combatives_Common_actBLF1W_B1SSGUB,bDamageCostumeWreck,true
Combatives_Common_actBLF1W_B1SSGUB,bScratchCostumeEnable,true
Combatives_Common_actBLF1W_B1SSGUB,DestructionFieldScale,7
Combatives_Common_actBLF1W_B1SSGUB2,Power,1000
Combatives_Common_actBLF1W_B1SSGUB2,ArmorBreakLevel,ブラスト
Combatives_Common_actBLF1W_B1SSGUB2,bDamageCostumeEnable,true
Combatives_Common_actBLF1W_B1SSGUB2,bDamageCostumeWreck,true
Combatives_Common_actBLF1W_B1SSGUB2,bScratchCostumeEnable,true
Combatives_Common_actBLF1W_B1SSGUB2,DestructionFieldScale,7
Combatives_Common_actBLWB,Power,0
Combatives_Common_actBLWB,bNoKnockDownAttack,true
Combatives_Common_actBLWB,bNoMovementEnduringArmor,true
Combatives_Common_actBLWB,bNoStopEnduringArmor,true
Combatives_Common_actBLWB,DestructionFieldScale,7
Combatives_Common_actBLWF,Power,0
Combatives_Common_actBLWF,bNoKnockDownAttack,true
Combatives_Common_actBLWF,bNoMovementEnduringArmor,true
Combatives_Common_actBLWF,bNoStopEnduringArmor,true
Combatives_Common_actBLWF,DestructionFieldScale,7
Combatives_Common_actBNDP,Power,0
Combatives_Common_actBNDP,bNoKnockDownAttack,true
Combatives_Common_actBNDP,bNoMovementEnduringArmor,true
Combatives_Common_actBNDP,bNoStopEnduringArmor,true
Combatives_Common_actBNDP,DestructionFieldScale,5
Combatives_Common_actBNDS,Power,0
Combatives_Common_actBNDS,bNoKnockDownAttack,true
Combatives_Common_actBNDS,bNoMovementEnduringArmor,true
Combatives_Common_actBNDS,bNoStopEnduringArmor,true
Combatives_Common_actBNDS,DestructionFieldScale,5
Combatives_Common_actBSA,Power,1000
Combatives_Common_actBSA,EnergyGain,1300
Combatives_Common_actBSA,SuperZCounterTakeType,EKoratSuperZCounterTakeType::Take
Combatives_Common_actBSA,ArmorBreakLevel,ラッシュ派生系
Combatives_Common_actBSA,bSuperCounterAvoidable,true
Combatives_Common_actBSA,bBuffAvoidable,true
Combatives_Common_actBSA,DestructionFieldScale,5
Combatives_Common_actBSFD,Power,1000
Combatives_Common_actBSFD,SuperZCounterTakeType,EKoratSuperZCounterTakeType::Take
Combatives_Common_actBSFD,ArmorBreakLevel,ラッシュ派生のコンボ技
Combatives_Common_actBSFD,bSuperCounterAvoidable,true
Combatives_Common_actBSFD,bBuffAvoidable,true
Combatives_Common_actBSFD,bAvoidHistep,true
Combatives_Common_actBSFD,DestructionFieldScale,7
Combatives_Common_actBSFU,Power,1000
Combatives_Common_actBSFU,SuperZCounterTakeType,EKoratSuperZCounterTakeType::Take
Combatives_Common_actBSFU,ArmorBreakLevel,ラッシュ派生のコンボ技
Combatives_Common_actBSFU,bSuperCounterAvoidable,true
Combatives_Common_actBSFU,bBuffAvoidable,true
Combatives_Common_actBSFU,bAvoidHistep,true
Combatives_Common_actBSFU,DestructionFieldScale,7
Combatives_Common_actBSM1,EnergyGain,1300
Combatives_Common_actBSM1,SuperZCounterTakeType,EKoratSuperZCounterTakeType::Take
Combatives_Common_actBSM1,ArmorBreakLevel,ラッシュ派生のコンボ技
Combatives_Common_actBSM1,bSuperCounterAvoidable,true
Combatives_Common_actBSM1,bBuffAvoidable,true
Combatives_Common_actBSM1,DestructionFieldScale,7
Combatives_Common_actBSM2,EnergyGain,1300
Combatives_Common_actBSM2,ArmorBreakLevel,ラッシュ派生のコンボ技
Combatives_Common_actBSM2,bSuperCounterAvoidable,true
Combatives_Common_actBSM2,bBuffAvoidable,true
Combatives_Common_actBSM2,bAvoidHistep,true
Combatives_Common_actBSRA1,Power,360
Combatives_Common_actBSRA1,SmashLevelGaugeIncrement,0.08
Combatives_Common_actBSRA1,SuperZCounterTakeType,EKoratSuperZCounterTakeType::Take
Combatives_Common_actBSRA1,ArmorBreakLevel,激烈ラッシュ
Combatives_Common_actBSRA1,bSuperCounterAvoidable,true
Combatives_Common_actBSRA1,bBuffAvoidable,true
Combatives_Common_actBSRA1,DestructionFieldScale,5
Combatives_Common_actBSRA1M2_1,Power,180
Combatives_Common_actBSRA1M2_1,SmashLevelGaugeIncrement,0.04
Combatives_Common_actBSRA1M2_1,SuperZCounterTakeType,EKoratSuperZCounterTakeType::Take
Combatives_Common_actBSRA1M2_1,ArmorBreakLevel,激烈ラッシュ
Combatives_Common_actBSRA1M2_1,bSuperCounterAvoidable,true
Combatives_Common_actBSRA1M2_1,bBuffAvoidable,true
Combatives_Common_actBSRA1M2_1,DestructionFieldScale,5
Combatives_Common_actBSRA1M2_2F,Power,180
Combatives_Common_actBSRA1M2_2F,SmashLevelGaugeIncrement,0.04
Combatives_Common_actBSRA1M2_2F,SuperZCounterTakeType,EKoratSuperZCounterTakeType::Take
Combatives_Common_actBSRA1M2_2F,ArmorBreakLevel,激烈ラッシュ
Combatives_Common_actBSRA1M2_2F,bSuperCounterAvoidable,true
Combatives_Common_actBSRA1M2_2F,bBuffAvoidable,true
Combatives_Common_actBSRA1M2_2F,DestructionFieldScale,5
Combatives_Common_actBSRA1M3_1,Power,120
Combatives_Common_actBSRA1M3_1,SmashLevelGaugeIncrement,0.027
Combatives_Common_actBSRA1M3_1,SuperZCounterTakeType,EKoratSuperZCounterTakeType::Take
Combatives_Common_actBSRA1M3_1,ArmorBreakLevel,激烈ラッシュ
Combatives_Common_actBSRA1M3_1,bSuperCounterAvoidable,true
Combatives_Common_actBSRA1M3_1,bBuffAvoidable,true
Combatives_Common_actBSRA1M3_1,DestructionFieldScale,5
Combatives_Common_actBSRA1M3_2,Power,120
Combatives_Common_actBSRA1M3_2,SmashLevelGaugeIncrement,0.027
Combatives_Common_actBSRA1M3_2,SuperZCounterTakeType,EKoratSuperZCounterTakeType::Take
Combatives_Common_actBSRA1M3_2,ArmorBreakLevel,激烈ラッシュ
Combatives_Common_actBSRA1M3_2,bSuperCounterAvoidable,true
Combatives_Common_actBSRA1M3_2,bBuffAvoidable,true
Combatives_Common_actBSRA1M3_2,DestructionFieldScale,5
Combatives_Common_actBSRA1M3_3F,Power,120
Combatives_Common_actBSRA1M3_3F,SmashLevelGaugeIncrement,0.027
Combatives_Common_actBSRA1M3_3F,SuperZCounterTakeType,EKoratSuperZCounterTakeType::Take
Combatives_Common_actBSRA1M3_3F,ArmorBreakLevel,激烈ラッシュ
Combatives_Common_actBSRA1M3_3F,bSuperCounterAvoidable,true
Combatives_Common_actBSRA1M3_3F,bBuffAvoidable,true
Combatives_Common_actBSRA1M3_3F,DestructionFieldScale,5
Combatives_Common_actBSRA2,Power,360
Combatives_Common_actBSRA2,SmashLevelGaugeIncrement,0.08
Combatives_Common_actBSRA2,SuperZCounterTakeType,EKoratSuperZCounterTakeType::Take
Combatives_Common_actBSRA2,ArmorBreakLevel,激烈ラッシュ
Combatives_Common_actBSRA2,bSuperCounterAvoidable,true
Combatives_Common_actBSRA2,bBuffAvoidable,true
Combatives_Common_actBSRA2,DestructionFieldScale,5
Combatives_Common_actBSRA2M2_1,Power,180
Combatives_Common_actBSRA2M2_1,SmashLevelGaugeIncrement,0.04
Combatives_Common_actBSRA2M2_1,SuperZCounterTakeType,EKoratSuperZCounterTakeType::Take
Combatives_Common_actBSRA2M2_1,ArmorBreakLevel,激烈ラッシュ
Combatives_Common_actBSRA2M2_1,bSuperCounterAvoidable,true
Combatives_Common_actBSRA2M2_1,bBuffAvoidable,true
Combatives_Common_actBSRA2M2_1,DestructionFieldScale,5
Combatives_Common_actBSRA2M2_2F,Power,180
Combatives_Common_actBSRA2M2_2F,SmashLevelGaugeIncrement,0.04
Combatives_Common_actBSRA2M2_2F,SuperZCounterTakeType,EKoratSuperZCounterTakeType::Take
Combatives_Common_actBSRA2M2_2F,ArmorBreakLevel,激烈ラッシュ
Combatives_Common_actBSRA2M2_2F,bSuperCounterAvoidable,true
Combatives_Common_actBSRA2M2_2F,bBuffAvoidable,true
Combatives_Common_actBSRA2M2_2F,DestructionFieldScale,5
Combatives_Common_actBSRA2M3_1,Power,120
Combatives_Common_actBSRA2M3_1,SmashLevelGaugeIncrement,0.027
Combatives_Common_actBSRA2M3_1,SuperZCounterTakeType,EKoratSuperZCounterTakeType::Take
Combatives_Common_actBSRA2M3_1,ArmorBreakLevel,激烈ラッシュ
Combatives_Common_actBSRA2M3_1,bSuperCounterAvoidable,true
Combatives_Common_actBSRA2M3_1,bBuffAvoidable,true
Combatives_Common_actBSRA2M3_1,DestructionFieldScale,5
Combatives_Common_actBSRA2M3_2,Power,120
Combatives_Common_actBSRA2M3_2,SmashLevelGaugeIncrement,0.027
Combatives_Common_actBSRA2M3_2,SuperZCounterTakeType,EKoratSuperZCounterTakeType::Take
Combatives_Common_actBSRA2M3_2,ArmorBreakLevel,激烈ラッシュ
Combatives_Common_actBSRA2M3_2,bSuperCounterAvoidable,true
Combatives_Common_actBSRA2M3_2,bBuffAvoidable,true
Combatives_Common_actBSRA2M3_3F,Power,120
Combatives_Common_actBSRA2M3_3F,SmashLevelGaugeIncrement,0.027
Combatives_Common_actBSRA2M3_3F,SuperZCounterTakeType,EKoratSuperZCounterTakeType::Take
Combatives_Common_actBSRA2M3_3F,ArmorBreakLevel,激烈ラッシュ
Combatives_Common_actBSRA2M3_3F,bSuperCounterAvoidable,true
Combatives_Common_actBSRA2M3_3F,bBuffAvoidable,true
Combatives_Common_actBSRA3,Power,360
Combatives_Common_actBSRA3,SmashLevelGaugeIncrement,0.08
Combatives_Common_actBSRA3,SuperZCounterTakeType,EKoratSuperZCounterTakeType::Take
Combatives_Common_actBSRA3,ArmorBreakLevel,激烈ラッシュ
Combatives_Common_actBSRA3,bSuperCounterAvoidable,true
Combatives_Common_actBSRA3,bBuffAvoidable,true
Combatives_Common_actBSRA3,DestructionFieldScale,5
Combatives_Common_actBSRA3M2_1,Power,180
Combatives_Common_actBSRA3M2_1,SmashLevelGaugeIncrement,0.04
Combatives_Common_actBSRA3M2_1,SuperZCounterTakeType,EKoratSuperZCounterTakeType::Take
Combatives_Common_actBSRA3M2_1,ArmorBreakLevel,激烈ラッシュ
Combatives_Common_actBSRA3M2_1,bSuperCounterAvoidable,true
Combatives_Common_actBSRA3M2_1,bBuffAvoidable,true
Combatives_Common_actBSRA3M2_2F,Power,180
Combatives_Common_actBSRA3M2_2F,SmashLevelGaugeIncrement,0.04
Combatives_Common_actBSRA3M2_2F,SuperZCounterTakeType,EKoratSuperZCounterTakeType::Take
Combatives_Common_actBSRA3M2_2F,ArmorBreakLevel,激烈ラッシュ
Combatives_Common_actBSRA3M2_2F,bSuperCounterAvoidable,true
Combatives_Common_actBSRA3M2_2F,bBuffAvoidable,true
Combatives_Common_actBSRA3M3_1,Power,120
Combatives_Common_actBSRA3M3_1,SmashLevelGaugeIncrement,0.027
Combatives_Common_actBSRA3M3_1,SuperZCounterTakeType,EKoratSuperZCounterTakeType::Take
Combatives_Common_actBSRA3M3_1,ArmorBreakLevel,激烈ラッシュ
Combatives_Common_actBSRA3M3_1,bSuperCounterAvoidable,true
Combatives_Common_actBSRA3M3_1,bBuffAvoidable,true
Combatives_Common_actBSRA3M3_2,Power,120
Combatives_Common_actBSRA3M3_2,SmashLevelGaugeIncrement,0.027
Combatives_Common_actBSRA3M3_2,SuperZCounterTakeType,EKoratSuperZCounterTakeType::Take
Combatives_Common_actBSRA3M3_2,ArmorBreakLevel,激烈ラッシュ
Combatives_Common_actBSRA3M3_2,bSuperCounterAvoidable,true
Combatives_Common_actBSRA3M3_2,bBuffAvoidable,true
Combatives_Common_actBSRA3M3_3F,Power,120
Combatives_Common_actBSRA3M3_3F,SmashLevelGaugeIncrement,0.027
Combatives_Common_actBSRA3M3_3F,SuperZCounterTakeType,EKoratSuperZCounterTakeType::Take
Combatives_Common_actBSRA3M3_3F,ArmorBreakLevel,激烈ラッシュ
Combatives_Common_actBSRA3M3_3F,bSuperCounterAvoidable,true
Combatives_Common_actBSRA3M3_3F,bBuffAvoidable,true
Combatives_Common_actBSRA4,Power,360
Combatives_Common_actBSRA4,SmashLevelGaugeIncrement,0.08
Combatives_Common_actBSRA4,SuperZCounterTakeType,EKoratSuperZCounterTakeType::Take
Combatives_Common_actBSRA4,ArmorBreakLevel,激烈ラッシュ
Combatives_Common_actBSRA4,bSuperCounterAvoidable,true
Combatives_Common_actBSRA4,bBuffAvoidable,true
Combatives_Common_actBSRA4,DestructionFieldScale,5
Combatives_Common_actBSRA4M2_1,Power,240
Combatives_Common_actBSRA4M2_1,SmashLevelGaugeIncrement,0.04
Combatives_Common_actBSRA4M2_1,SuperZCounterTakeType,EKoratSuperZCounterTakeType::Take
Combatives_Common_actBSRA4M2_1,ArmorBreakLevel,激烈ラッシュ
Combatives_Common_actBSRA4M2_1,bSuperCounterAvoidable,true
Combatives_Common_actBSRA4M2_1,bBuffAvoidable,true
Combatives_Common_actBSRA4M2_1,DestructionFieldScale,5
Combatives_Common_actBSRA4M2_2F,SmashLevelGaugeIncrement,0.04
Combatives_Common_actBSRA4M2_2F,SuperZCounterTakeType,EKoratSuperZCounterTakeType::Take
Combatives_Common_actBSRA4M2_2F,ArmorBreakLevel,激烈ラッシュ
Combatives_Common_actBSRA4M2_2F,bSuperCounterAvoidable,true
Combatives_Common_actBSRA4M2_2F,bBuffAvoidable,true
Combatives_Common_actBSRA4M2_2F,DestructionFieldScale,5
Combatives_Common_actBSRA4M3_1,Power,180
Combatives_Common_actBSRA4M3_1,SmashLevelGaugeIncrement,0.027
Combatives_Common_actBSRA4M3_1,SuperZCounterTakeType,EKoratSuperZCounterTakeType::Take
Combatives_Common_actBSRA4M3_1,ArmorBreakLevel,激烈ラッシュ
Combatives_Common_actBSRA4M3_1,bSuperCounterAvoidable,true
Combatives_Common_actBSRA4M3_1,bBuffAvoidable,true
Combatives_Common_actBSRA4M3_1,DestructionFieldScale,5
Combatives_Common_actBSRA4M3_2,Power,180
Combatives_Common_actBSRA4M3_2,SmashLevelGaugeIncrement,0.027
Combatives_Common_actBSRA4M3_2,SuperZCounterTakeType,EKoratSuperZCounterTakeType::Take
Combatives_Common_actBSRA4M3_2,ArmorBreakLevel,激烈ラッシュ
Combatives_Common_actBSRA4M3_2,bSuperCounterAvoidable,true
Combatives_Common_actBSRA4M3_2,bBuffAvoidable,true
Combatives_Common_actBSRA4M3_2,DestructionFieldScale,5
Combatives_Common_actBSRA4M3_3F,Power,180
Combatives_Common_actBSRA4M3_3F,SmashLevelGaugeIncrement,0.027
Combatives_Common_actBSRA4M3_3F,SuperZCounterTakeType,EKoratSuperZCounterTakeType::Take
Combatives_Common_actBSRA4M3_3F,ArmorBreakLevel,激烈ラッシュ
Combatives_Common_actBSRA4M3_3F,bSuperCounterAvoidable,true
Combatives_Common_actBSRA4M3_3F,bBuffAvoidable,true
Combatives_Common_actBSRA4M3_3F,DestructionFieldScale,5
Combatives_Common_actBSRB1,Power,360
Combatives_Common_actBSRB1,SmashLevelGaugeIncrement,0.144
Combatives_Common_actBSRB1,SuperZCounterTakeType,EKoratSuperZCounterTakeType::Take
Combatives_Common_actBSRB1,ArmorBreakLevel,激烈ラッシュ
Combatives_Common_actBSRB1,bSuperCounterAvoidable,true
Combatives_Common_actBSRB1,bBuffAvoidable,true
Combatives_Common_actBSRB1,DestructionFieldScale,5
Combatives_Common_actBSRB2,Power,360
Combatives_Common_actBSRB2,SmashLevelGaugeIncrement,0.144
Combatives_Common_actBSRB2,SuperZCounterTakeType,EKoratSuperZCounterTakeType::Take
Combatives_Common_actBSRB2,ArmorBreakLevel,激烈ラッシュ
Combatives_Common_actBSRB2,bSuperCounterAvoidable,true
Combatives_Common_actBSRB2,bBuffAvoidable,true
Combatives_Common_actBSRB2,DestructionFieldScale,5
Combatives_Common_actBSRB2M2_1,Power,180
Combatives_Common_actBSRB2M2_1,SmashLevelGaugeIncrement,0.072
Combatives_Common_actBSRB2M2_1,SuperZCounterTakeType,EKoratSuperZCounterTakeType::Take
Combatives_Common_actBSRB2M2_1,ArmorBreakLevel,激烈ラッシュ
Combatives_Common_actBSRB2M2_1,bSuperCounterAvoidable,true
Combatives_Common_actBSRB2M2_1,bBuffAvoidable,true
Combatives_Common_actBSRB2M2_1,DestructionFieldScale,5
Combatives_Common_actBSRB2M2_2F,Power,180
Combatives_Common_actBSRB2M2_2F,SmashLevelGaugeIncrement,0.072
Combatives_Common_actBSRB2M2_2F,SuperZCounterTakeType,EKoratSuperZCounterTakeType::Take
Combatives_Common_actBSRB2M2_2F,ArmorBreakLevel,激烈ラッシュ
Combatives_Common_actBSRB2M2_2F,bSuperCounterAvoidable,true
Combatives_Common_actBSRB2M2_2F,bBuffAvoidable,true
Combatives_Common_actBSRB2M2_2F,DestructionFieldScale,5
Combatives_Common_actBSRB2M3_1-2,Power,120
Combatives_Common_actBSRB2M3_1-2,SmashLevelGaugeIncrement,0.072
Combatives_Common_actBSRB2M3_1-2,SuperZCounterTakeType,EKoratSuperZCounterTakeType::Take
Combatives_Common_actBSRB2M3_1-2,ArmorBreakLevel,激烈ラッシュ
Combatives_Common_actBSRB2M3_1-2,bSuperCounterAvoidable,true
Combatives_Common_actBSRB2M3_1-2,bBuffAvoidable,true
Combatives_Common_actBSRB2M3_1-2,DestructionFieldScale,5
Combatives_Common_actBSRB2M3_3F,Power,120
Combatives_Common_actBSRB2M3_3F,SmashLevelGaugeIncrement,0.072
Combatives_Common_actBSRB2M3_3F,SuperZCounterTakeType,EKoratSuperZCounterTakeType::Take
Combatives_Common_actBSRB2M3_3F,ArmorBreakLevel,激烈ラッシュ
Combatives_Common_actBSRB2M3_3F,bSuperCounterAvoidable,true
Combatives_Common_actBSRB2M3_3F,bBuffAvoidable,true
Combatives_Common_actBSRB2M3_3F,DestructionFieldScale,5
Combatives_Common_actBSRB3,Power,360
Combatives_Common_actBSRB3,SmashLevelGaugeIncrement,0.144
Combatives_Common_actBSRB3,SuperZCounterTakeType,EKoratSuperZCounterTakeType::Take
Combatives_Common_actBSRB3,ArmorBreakLevel,激烈ラッシュ
Combatives_Common_actBSRB3,bSuperCounterAvoidable,true
Combatives_Common_actBSRB3,bBuffAvoidable,true
Combatives_Common_actBSRB3,DestructionFieldScale,5
Combatives_Common_actBSRB3M2_1,Power,180
Combatives_Common_actBSRB3M2_1,SmashLevelGaugeIncrement,0.072
Combatives_Common_actBSRB3M2_1,SuperZCounterTakeType,EKoratSuperZCounterTakeType::Take
Combatives_Common_actBSRB3M2_1,ArmorBreakLevel,激烈ラッシュ
Combatives_Common_actBSRB3M2_1,bSuperCounterAvoidable,true
Combatives_Common_actBSRB3M2_1,bBuffAvoidable,true
Combatives_Common_actBSRB3M2_1,DestructionFieldScale,5
Combatives_Common_actBSRB3M2_2F,Power,180
Combatives_Common_actBSRB3M2_2F,SmashLevelGaugeIncrement,0.072
Combatives_Common_actBSRB3M2_2F,SuperZCounterTakeType,EKoratSuperZCounterTakeType::Take
Combatives_Common_actBSRB3M2_2F,ArmorBreakLevel,激烈ラッシュ
Combatives_Common_actBSRB3M2_2F,bSuperCounterAvoidable,true
Combatives_Common_actBSRB3M2_2F,bBuffAvoidable,true
Combatives_Common_actBSRB3M2_2F,DestructionFieldScale,5
Combatives_Common_actBSRB3M3_1,Power,120
Combatives_Common_actBSRB3M3_1,SmashLevelGaugeIncrement,0.048
Combatives_Common_actBSRB3M3_1,SuperZCounterTakeType,EKoratSuperZCounterTakeType::Take
Combatives_Common_actBSRB3M3_1,ArmorBreakLevel,激烈ラッシュ
Combatives_Common_actBSRB3M3_1,bSuperCounterAvoidable,true
Combatives_Common_actBSRB3M3_1,bBuffAvoidable,true
Combatives_Common_actBSRB3M3_2,Power,120
Combatives_Common_actBSRB3M3_2,SmashLevelGaugeIncrement,0.048
Combatives_Common_actBSRB3M3_2,SuperZCounterTakeType,EKoratSuperZCounterTakeType::Take
Combatives_Common_actBSRB3M3_2,ArmorBreakLevel,激烈ラッシュ
Combatives_Common_actBSRB3M3_2,bSuperCounterAvoidable,true
Combatives_Common_actBSRB3M3_2,bBuffAvoidable,true
Combatives_Common_actBSRB3M3_3F,Power,120
Combatives_Common_actBSRB3M3_3F,SmashLevelGaugeIncrement,0.048
Combatives_Common_actBSRB3M3_3F,SuperZCounterTakeType,EKoratSuperZCounterTakeType::Take
Combatives_Common_actBSRB3M3_3F,ArmorBreakLevel,激烈ラッシュ
Combatives_Common_actBSRB3M3_3F,bSuperCounterAvoidable,true
Combatives_Common_actBSRB3M3_3F,bBuffAvoidable,true
Combatives_Common_actBSRB4,Power,360
Combatives_Common_actBSRB4,SmashLevelGaugeIncrement,0.144
Combatives_Common_actBSRB4,SuperZCounterTakeType,EKoratSuperZCounterTakeType::Take
Combatives_Common_actBSRB4,ArmorBreakLevel,激烈ラッシュ
Combatives_Common_actBSRB4,bSuperCounterAvoidable,true
Combatives_Common_actBSRB4,bBuffAvoidable,true
Combatives_Common_actBSRB4,DestructionFieldScale,5
Combatives_Common_actBSRB4M2_1,Power,240
Combatives_Common_actBSRB4M2_1,SmashLevelGaugeIncrement,0.072
Combatives_Common_actBSRB4M2_1,SuperZCounterTakeType,EKoratSuperZCounterTakeType::Take
Combatives_Common_actBSRB4M2_1,ArmorBreakLevel,激烈ラッシュ
Combatives_Common_actBSRB4M2_1,bSuperCounterAvoidable,true
Combatives_Common_actBSRB4M2_1,bBuffAvoidable,true
Combatives_Common_actBSRB4M2_1,DestructionFieldScale,5
Combatives_Common_actBSRB4M2_2F,SmashLevelGaugeIncrement,0.072
Combatives_Common_actBSRB4M2_2F,SuperZCounterTakeType,EKoratSuperZCounterTakeType::Take
Combatives_Common_actBSRB4M2_2F,ArmorBreakLevel,激烈ラッシュ
Combatives_Common_actBSRB4M2_2F,bSuperCounterAvoidable,true
Combatives_Common_actBSRB4M2_2F,bBuffAvoidable,true
Combatives_Common_actBSRB4M2_2F,DestructionFieldScale,5
Combatives_Common_actBSRB4M3_1,Power,180
Combatives_Common_actBSRB4M3_1,SmashLevelGaugeIncrement,0.048
Combatives_Common_actBSRB4M3_1,SuperZCounterTakeType,EKoratSuperZCounterTakeType::Take
Combatives_Common_actBSRB4M3_1,ArmorBreakLevel,激烈ラッシュ
Combatives_Common_actBSRB4M3_1,bSuperCounterAvoidable,true
Combatives_Common_actBSRB4M3_1,bBuffAvoidable,true
Combatives_Common_actBSRB4M3_1,DestructionFieldScale,5
Combatives_Common_actBSRB4M3_2,Power,180
Combatives_Common_actBSRB4M3_2,SmashLevelGaugeIncrement,0.048
Combatives_Common_actBSRB4M3_2,SuperZCounterTakeType,EKoratSuperZCounterTakeType::Take
Combatives_Common_actBSRB4M3_2,ArmorBreakLevel,激烈ラッシュ
Combatives_Common_actBSRB4M3_2,bSuperCounterAvoidable,true
Combatives_Common_actBSRB4M3_2,bBuffAvoidable,true
Combatives_Common_actBSRB4M3_2,DestructionFieldScale,5
Combatives_Common_actBSRB4M3_3F,Power,180
Combatives_Common_actBSRB4M3_3F,SmashLevelGaugeIncrement,0.048
Combatives_Common_actBSRB4M3_3F,SuperZCounterTakeType,EKoratSuperZCounterTakeType::Take
Combatives_Common_actBSRB4M3_3F,ArmorBreakLevel,激烈ラッシュ
Combatives_Common_actBSRB4M3_3F,bSuperCounterAvoidable,true
Combatives_Common_actBSRB4M3_3F,bBuffAvoidable,true
Combatives_Common_actBSRB4M3_3F,DestructionFieldScale,5
Combatives_Common_actBSRB4M4_1-3,Power,120
Combatives_Common_actBSRB4M4_1-3,SmashLevelGaugeIncrement,0.072
Combatives_Common_actBSRB4M4_1-3,SuperZCounterTakeType,EKoratSuperZCounterTakeType::Take
Combatives_Common_actBSRB4M4_1-3,ArmorBreakLevel,激烈ラッシュ
Combatives_Common_actBSRB4M4_1-3,bSuperCounterAvoidable,true
Combatives_Common_actBSRB4M4_1-3,bBuffAvoidable,true
Combatives_Common_actBSRB4M4_1-3,DestructionFieldScale,5
Combatives_Common_actBSRB4M4_4F,Power,180
Combatives_Common_actBSRB4M4_4F,SmashLevelGaugeIncrement,0.072
Combatives_Common_actBSRB4M4_4F,SuperZCounterTakeType,EKoratSuperZCounterTakeType::Take
Combatives_Common_actBSRB4M4_4F,ArmorBreakLevel,激烈ラッシュ
Combatives_Common_actBSRB4M4_4F,bSuperCounterAvoidable,true
Combatives_Common_actBSRB4M4_4F,bBuffAvoidable,true
Combatives_Common_actBSRB4M4_4F,DestructionFieldScale,5
Combatives_Common_actBSSD,Power,1000
Combatives_Common_actBSSD,EnergyGain,1755
Combatives_Common_actBSSD,SuperZCounterTakeType,EKoratSuperZCounterTakeType::Take
Combatives_Common_actBSSD,ArmorBreakLevel,スマッシュ格闘系(フルパワー)
Combatives_Common_actBSSD,bSuperCounterAvoidable,true
Combatives_Common_actBSSD,bBuffAvoidable,true
Combatives_Common_actBSSD,bAvoidHistep,true
Combatives_Common_actBSSD,DestructionFieldScale,7
Combatives_Common_actBSSL,Power,1000
Combatives_Common_actBSSL,EnergyGain,1755
Combatives_Common_actBSSL,SuperZCounterTakeType,EKoratSuperZCounterTakeType::Take
Combatives_Common_actBSSL,ArmorBreakLevel,スマッシュ格闘系(フルパワー)
Combatives_Common_actBSSL,bSuperCounterAvoidable,true
Combatives_Common_actBSSL,bBuffAvoidable,true
Combatives_Common_actBSSL,bAvoidHistep,true
Combatives_Common_actBSSL,DestructionFieldScale,7
Combatives_Common_actBSSM,Power,1000
Combatives_Common_actBSSM,EnergyGain,1755
Combatives_Common_actBSSM,SuperZCounterTakeType,EKoratSuperZCounterTakeType::Take
Combatives_Common_actBSSM,ArmorBreakLevel,スマッシュ格闘系(フルパワー)
Combatives_Common_actBSSM,bSuperCounterAvoidable,true
Combatives_Common_actBSSM,bBuffAvoidable,true
Combatives_Common_actBSSM,bAvoidHistep,true
Combatives_Common_actBSSM,DestructionFieldScale,7
Combatives_Common_actBSSR,Power,1000
Combatives_Common_actBSSR,EnergyGain,1755
Combatives_Common_actBSSR,SuperZCounterTakeType,EKoratSuperZCounterTakeType::Take
Combatives_Common_actBSSR,ArmorBreakLevel,スマッシュ格闘系(フルパワー)
Combatives_Common_actBSSR,bSuperCounterAvoidable,true
Combatives_Common_actBSSR,bBuffAvoidable,true
Combatives_Common_actBSSR,bAvoidHistep,true
Combatives_Common_actBSSR,DestructionFieldScale,7
Combatives_Common_actBSSU,Power,1000
Combatives_Common_actBSSU,EnergyGain,1755
Combatives_Common_actBSSU,SuperZCounterTakeType,EKoratSuperZCounterTakeType::Take
Combatives_Common_actBSSU,ArmorBreakLevel,スマッシュ格闘系(フルパワー)
Combatives_Common_actBSSU,bSuperCounterAvoidable,true
Combatives_Common_actBSSU,bBuffAvoidable,true
Combatives_Common_actBSSU,bAvoidHistep,true
Combatives_Common_actBSSU,DestructionFieldScale,7
Combatives_Common_actBWF,Power,1070
Combatives_Common_actBWF,EnergyGain,1690
Combatives_Common_actBWF,SuperZCounterTakeType,EKoratSuperZCounterTakeType::Take
Combatives_Common_actBWF,ArmorBreakLevel,気合砲・気爆波（フルパワー）
Combatives_Common_actBWF,bSuperCounterAvoidable,true
Combatives_Common_actBWF,bBuffAvoidable,true
Combatives_Common_actBWF,DestructionFieldScale,10
Combatives_Common_actBWF,OffsetPitch,360
Combatives_Common_actBWF,OffsetYaw,360
Combatives_Common_actBWN,Power,620
Combatives_Common_actBWN,EnergyGain,845
Combatives_Common_actBWN,SuperZCounterTakeType,EKoratSuperZCounterTakeType::Take
Combatives_Common_actBWN,ArmorBreakLevel,気合砲・気爆波
Combatives_Common_actBWN,bSuperCounterAvoidable,true
Combatives_Common_actBWN,bBuffAvoidable,true
Combatives_Common_actBWN,DestructionFieldScale,10
Combatives_Common_actBWN,OffsetPitch,360
Combatives_Common_actBWN,OffsetYaw,360
Combatives_Common_actBWP,Power,810
Combatives_Common_actBWP,EnergyGain,1300
Combatives_Common_actBWP,SuperZCounterTakeType,EKoratSuperZCounterTakeType::Take
Combatives_Common_actBWP,ArmorBreakLevel,気合砲・気爆波（パワー）
Combatives_Common_actBWP,bSuperCounterAvoidable,true
Combatives_Common_actBWP,bBuffAvoidable,true
Combatives_Common_actBWP,DestructionFieldScale,10
Combatives_Common_actBWP,OffsetPitch,360
Combatives_Common_actBWP,OffsetYaw,360
Combatives_Common_actCAS,Power,1000
Combatives_Common_actCAS,SuperZCounterTakeType,EKoratSuperZCounterTakeType::Take
Combatives_Common_actCAS,ArmorBreakLevel,スマッシュ格闘系(フルパワー)
Combatives_Common_actCAS,bSuperCounterAvoidable,true
Combatives_Common_actCAS,bBuffAvoidable,true
Combatives_Common_actCAS,bAvoidHistep,true
Combatives_Common_actCHG,Power,0
Combatives_Common_actCHG,bNoKnockDownAttack,true
Combatives_Common_actCHG,DestructionFieldScale,7
Combatives_Common_actCOA0,Power,1070
Combatives_Common_actCOA0,ArmorBreakLevel,スマッシュ格闘系(フルパワー)
Combatives_Common_actCOA1,Power,1000
Combatives_Common_actCOA1,ArmorBreakLevel,スマッシュ格闘系(フルパワー)
Combatives_Common_actCOA1,bBuffAvoidable,true
Combatives_Common_actCOA1P,Power,1000
Combatives_Common_actCOA1P,bBuffAvoidable,true
Combatives_Common_actCOA2,Power,1000
Combatives_Common_actCOA2,EnergyGain,1300
Combatives_Common_actCOA2,ArmorBreakLevel,スマッシュ格闘系(フルパワー)
Combatives_Common_actCOA2,bBuffAvoidable,true
Combatives_Common_actCRFFD,Power,1000
Combatives_Common_actCRFFD,SuperZCounterTakeType,EKoratSuperZCounterTakeType::Take
Combatives_Common_actCRFFD,bBuffAvoidable,true
Combatives_Common_actCRFFD,bAvoidHistep,true
Combatives_Common_actCRFFD,DestructionFieldScale,7
Combatives_Common_actCRFFO,Power,1000
Combatives_Common_actCRFFO,SuperZCounterTakeType,EKoratSuperZCounterTakeType::Take
Combatives_Common_actCRFFO,ArmorBreakLevel,スマッシュ格闘系(フルパワー)
Combatives_Common_actCRFFO,bBuffAvoidable,true
Combatives_Common_actCRFFO,bAvoidHistep,true
Combatives_Common_actCRFFO,DestructionFieldScale,7
Combatives_Common_actCRFI,Power,0
Combatives_Common_actCRFI,bNoKnockDownAttack,true
Combatives_Common_actCRFI,DestructionFieldScale,7
Combatives_Common_actCRFLD,Power,1000
Combatives_Common_actCRFLD,SuperZCounterTakeType,EKoratSuperZCounterTakeType::Take
Combatives_Common_actCRFLD,bBuffAvoidable,true
Combatives_Common_actCRFLD,bAvoidHistep,true
Combatives_Common_actCRFLD,DestructionFieldScale,7
Combatives_Common_actCRFLO,Power,1000
Combatives_Common_actCRFLO,SuperZCounterTakeType,EKoratSuperZCounterTakeType::Take
Combatives_Common_actCRFLO,ArmorBreakLevel,スマッシュ格闘系(フルパワー)
Combatives_Common_actCRFLO,bBuffAvoidable,true
Combatives_Common_actCRFLO,bAvoidHistep,true
Combatives_Common_actCRFLO,DestructionFieldScale,7
Combatives_Common_actCRFNE,Power,1000
Combatives_Common_actCRFNE,ArmorBreakLevel,スマッシュ格闘系(フルパワー)
Combatives_Common_actCRFNE,DestructionFieldScale,7
Combatives_Common_actCRFNEA,Power,1000
Combatives_Common_actCRFNEA,ArmorBreakLevel,スマッシュ格闘系(フルパワー)
Combatives_Common_actCRFNEA,DestructionFieldScale,7
Combatives_Common_actCRFRD,Power,1000
Combatives_Common_actCRFRD,SuperZCounterTakeType,EKoratSuperZCounterTakeType::Take
Combatives_Common_actCRFRD,bBuffAvoidable,true
Combatives_Common_actCRFRD,bAvoidHistep,true
Combatives_Common_actCRFRD,DestructionFieldScale,7
Combatives_Common_actCRFRO,Power,1000
Combatives_Common_actCRFRO,SuperZCounterTakeType,EKoratSuperZCounterTakeType::Take
Combatives_Common_actCRFRO,ArmorBreakLevel,スマッシュ格闘系(フルパワー)
Combatives_Common_actCRFRO,bBuffAvoidable,true
Combatives_Common_actCRFRO,bAvoidHistep,true
Combatives_Common_actCRFRO,DestructionFieldScale,7
Combatives_Common_actCRFVE,Power,1000
Combatives_Common_actCRFVE,ArmorBreakLevel,スマッシュ格闘系(フルパワー)
Combatives_Common_actCRFVE,DestructionFieldScale,7
Combatives_Common_actCRFVEA,Power,1000
Combatives_Common_actCRFVEA,ArmorBreakLevel,スマッシュ格闘系(フルパワー)
Combatives_Common_actCRFVEA,DestructionFieldScale,7
Combatives_Common_actDDADF,Power,1120
Combatives_Common_actDDADF,EnergyGain,1755
Combatives_Common_actDDADF,SuperZCounterTakeType,EKoratSuperZCounterTakeType::Take
Combatives_Common_actDDADF,ArmorBreakLevel,スマッシュ格闘系(フルパワー)
Combatives_Common_actDDADF,bSuperCounterAvoidable,true
Combatives_Common_actDDADF,bBuffAvoidable,true
Combatives_Common_actDDADF,bAvoidHistep,true
Combatives_Common_actDDADF,DestructionFieldScale,7
Combatives_Common_actDDADN,Power,540
Combatives_Common_actDDADN,EnergyGain,845
Combatives_Common_actDDADN,SuperZCounterTakeType,EKoratSuperZCounterTakeType::Take
Combatives_Common_actDDADN,ArmorBreakLevel,スマッシュ格闘系
Combatives_Common_actDDADN,bSuperCounterAvoidable,true
Combatives_Common_actDDADN,bBuffAvoidable,true
Combatives_Common_actDDADN,bAvoidHistep,true
Combatives_Common_actDDADN,DestructionFieldScale,7
Combatives_Common_actDDADP,Power,1120
Combatives_Common_actDDADP,EnergyGain,1755
Combatives_Common_actDDADP,SuperZCounterTakeType,EKoratSuperZCounterTakeType::Take
Combatives_Common_actDDADP,ArmorBreakLevel,スマッシュ格闘系(フルパワー)
Combatives_Common_actDDADP,bSuperCounterAvoidable,true
Combatives_Common_actDDADP,bBuffAvoidable,true
Combatives_Common_actDDADP,bAvoidHistep,true
Combatives_Common_actDDADP,DestructionFieldScale,7
Combatives_Common_actDDALF,Power,1120
Combatives_Common_actDDALF,EnergyGain,1755
Combatives_Common_actDDALF,SuperZCounterTakeType,EKoratSuperZCounterTakeType::Take
Combatives_Common_actDDALF,ArmorBreakLevel,スマッシュ格闘系(フルパワー)
Combatives_Common_actDDALF,bSuperCounterAvoidable,true
Combatives_Common_actDDALF,bBuffAvoidable,true
Combatives_Common_actDDALF,bAvoidHistep,true
Combatives_Common_actDDALF,DestructionFieldScale,7
Combatives_Common_actDDALN,Power,540
Combatives_Common_actDDALN,EnergyGain,845
Combatives_Common_actDDALN,SuperZCounterTakeType,EKoratSuperZCounterTakeType::Take
Combatives_Common_actDDALN,ArmorBreakLevel,スマッシュ格闘系
Combatives_Common_actDDALN,bSuperCounterAvoidable,true
Combatives_Common_actDDALN,bBuffAvoidable,true
Combatives_Common_actDDALN,bAvoidHistep,true
Combatives_Common_actDDALN,DestructionFieldScale,7
Combatives_Common_actDDALP,Power,1120
Combatives_Common_actDDALP,EnergyGain,1755
Combatives_Common_actDDALP,SuperZCounterTakeType,EKoratSuperZCounterTakeType::Take
Combatives_Common_actDDALP,ArmorBreakLevel,スマッシュ格闘系(フルパワー)
Combatives_Common_actDDALP,bSuperCounterAvoidable,true
Combatives_Common_actDDALP,bBuffAvoidable,true
Combatives_Common_actDDALP,bAvoidHistep,true
Combatives_Common_actDDALP,DestructionFieldScale,7
Combatives_Common_actDDAMF,Power,1120
Combatives_Common_actDDAMF,EnergyGain,1755
Combatives_Common_actDDAMF,SuperZCounterTakeType,EKoratSuperZCounterTakeType::Take
Combatives_Common_actDDAMF,ArmorBreakLevel,スマッシュ格闘系(フルパワー)
Combatives_Common_actDDAMF,bSuperCounterAvoidable,true
Combatives_Common_actDDAMF,bBuffAvoidable,true
Combatives_Common_actDDAMF,bAvoidHistep,true
Combatives_Common_actDDAMF,DestructionFieldScale,7
Combatives_Common_actDDAMN,Power,540
Combatives_Common_actDDAMN,EnergyGain,845
Combatives_Common_actDDAMN,SuperZCounterTakeType,EKoratSuperZCounterTakeType::Take
Combatives_Common_actDDAMN,ArmorBreakLevel,スマッシュ格闘系
Combatives_Common_actDDAMN,bSuperCounterAvoidable,true
Combatives_Common_actDDAMN,bBuffAvoidable,true
Combatives_Common_actDDAMN,bAvoidHistep,true
Combatives_Common_actDDAMN,DestructionFieldScale,7
Combatives_Common_actDDAMP,Power,1120
Combatives_Common_actDDAMP,EnergyGain,1755
Combatives_Common_actDDAMP,SuperZCounterTakeType,EKoratSuperZCounterTakeType::Take
Combatives_Common_actDDAMP,ArmorBreakLevel,スマッシュ格闘系(フルパワー)
Combatives_Common_actDDAMP,bSuperCounterAvoidable,true
Combatives_Common_actDDAMP,bBuffAvoidable,true
Combatives_Common_actDDAMP,bAvoidHistep,true
Combatives_Common_actDDAMP,DestructionFieldScale,7
Combatives_Common_actDDARF,Power,1120
Combatives_Common_actDDARF,EnergyGain,1755
Combatives_Common_actDDARF,SuperZCounterTakeType,EKoratSuperZCounterTakeType::Take
Combatives_Common_actDDARF,ArmorBreakLevel,スマッシュ格闘系(フルパワー)
Combatives_Common_actDDARF,bSuperCounterAvoidable,true
Combatives_Common_actDDARF,bBuffAvoidable,true
Combatives_Common_actDDARF,bAvoidHistep,true
Combatives_Common_actDDARF,DestructionFieldScale,7
Combatives_Common_actDDARN,Power,540
Combatives_Common_actDDARN,EnergyGain,845
Combatives_Common_actDDARN,SuperZCounterTakeType,EKoratSuperZCounterTakeType::Take
Combatives_Common_actDDARN,ArmorBreakLevel,スマッシュ格闘系
Combatives_Common_actDDARN,bSuperCounterAvoidable,true
Combatives_Common_actDDARN,bBuffAvoidable,true
Combatives_Common_actDDARN,bAvoidHistep,true
Combatives_Common_actDDARN,DestructionFieldScale,7
Combatives_Common_actDDARP,Power,1120
Combatives_Common_actDDARP,EnergyGain,1755
Combatives_Common_actDDARP,SuperZCounterTakeType,EKoratSuperZCounterTakeType::Take
Combatives_Common_actDDARP,ArmorBreakLevel,スマッシュ格闘系(フルパワー)
Combatives_Common_actDDARP,bSuperCounterAvoidable,true
Combatives_Common_actDDARP,bBuffAvoidable,true
Combatives_Common_actDDARP,bAvoidHistep,true
Combatives_Common_actDDARP,DestructionFieldScale,7
Combatives_Common_actDDAUF,Power,1120
Combatives_Common_actDDAUF,EnergyGain,1755
Combatives_Common_actDDAUF,SuperZCounterTakeType,EKoratSuperZCounterTakeType::Take
Combatives_Common_actDDAUF,ArmorBreakLevel,スマッシュ格闘系(フルパワー)
Combatives_Common_actDDAUF,bSuperCounterAvoidable,true
Combatives_Common_actDDAUF,bBuffAvoidable,true
Combatives_Common_actDDAUF,bAvoidHistep,true
Combatives_Common_actDDAUF,DestructionFieldScale,7
Combatives_Common_actDDAUN,Power,540
Combatives_Common_actDDAUN,EnergyGain,845
Combatives_Common_actDDAUN,SuperZCounterTakeType,EKoratSuperZCounterTakeType::Take
Combatives_Common_actDDAUN,ArmorBreakLevel,スマッシュ格闘系
Combatives_Common_actDDAUN,bSuperCounterAvoidable,true
Combatives_Common_actDDAUN,bBuffAvoidable,true
Combatives_Common_actDDAUN,bAvoidHistep,true
Combatives_Common_actDDAUN,DestructionFieldScale,7
Combatives_Common_actDDAUP,Power,1120
Combatives_Common_actDDAUP,EnergyGain,1755
Combatives_Common_actDDAUP,SuperZCounterTakeType,EKoratSuperZCounterTakeType::Take
Combatives_Common_actDDAUP,ArmorBreakLevel,スマッシュ格闘系(フルパワー)
Combatives_Common_actDDAUP,bSuperCounterAvoidable,true
Combatives_Common_actDDAUP,bBuffAvoidable,true
Combatives_Common_actDDAUP,bAvoidHistep,true
Combatives_Common_actDDAUP,DestructionFieldScale,7
Combatives_Common_actDDS,Power,0
Combatives_Common_actDDS,bNoKnockDownAttack,true
Combatives_Common_actDDS,DestructionFieldScale,7
Combatives_Common_actDDS_weak,Power,0
Combatives_Common_actDDS_weak,bNoKnockDownAttack,true
Combatives_Common_actDDS_weak,DestructionFieldScale,7
Combatives_Common_actDS1,Power,360
Combatives_Common_actDS1,EnergyGain,845
Combatives_Common_actDS1,SuperZCounterTakeType,EKoratSuperZCounterTakeType::Take
Combatives_Common_actDS1,ArmorBreakLevel,ラッシュ派生のコンボ技
Combatives_Common_actDS1,bSuperCounterAvoidable,true
Combatives_Common_actDS1,bBuffAvoidable,true
Combatives_Common_actDS1,bAvoidHistep,true
Combatives_Common_actDS1,DestructionFieldScale,7
Combatives_Common_actDS2,Power,290
Combatives_Common_actDS2,EnergyGain,1300
Combatives_Common_actDS2,SuperZCounterTakeType,EKoratSuperZCounterTakeType::Take
Combatives_Common_actDS2,ArmorBreakLevel,ラッシュ派生のコンボ技
Combatives_Common_actDS2,bSuperCounterAvoidable,true
Combatives_Common_actDS2,bBuffAvoidable,true
Combatives_Common_actDS2,bAvoidHistep,true
Combatives_Common_actDS2,DestructionFieldScale,7
Combatives_Common_actDS2,OffsetPitch,240
Combatives_Common_actDS2,OffsetYaw,240
Combatives_Common_actDS3,Power,420
Combatives_Common_actDS3,EnergyGain,1755
Combatives_Common_actDS3,SuperZCounterTakeType,EKoratSuperZCounterTakeType::Take
Combatives_Common_actDS3,ArmorBreakLevel,ラッシュ派生のコンボ技
Combatives_Common_actDS3,bSuperCounterAvoidable,true
Combatives_Common_actDS3,bBuffAvoidable,true
Combatives_Common_actDS3,bAvoidHistep,true
Combatives_Common_actDS3,DestructionFieldScale,7
Combatives_Common_actDSMD,Power,1000
Combatives_Common_actDSMD,EnergyGain,845
Combatives_Common_actDSMD,SuperZCounterTakeType,EKoratSuperZCounterTakeType::Take
Combatives_Common_actDSMD,ArmorBreakLevel,スマッシュ格闘系(フルパワー)
Combatives_Common_actDSMD,bSuperCounterAvoidable,true
Combatives_Common_actDSMD,bBuffAvoidable,true
Combatives_Common_actDSMD,bAvoidHistep,true
Combatives_Common_actDSMD,DestructionFieldScale,7
Combatives_Common_actDSML,Power,1000
Combatives_Common_actDSML,EnergyGain,845
Combatives_Common_actDSML,SuperZCounterTakeType,EKoratSuperZCounterTakeType::Take
Combatives_Common_actDSML,ArmorBreakLevel,スマッシュ格闘系(フルパワー)
Combatives_Common_actDSML,bSuperCounterAvoidable,true
Combatives_Common_actDSML,bBuffAvoidable,true
Combatives_Common_actDSML,bAvoidHistep,true
Combatives_Common_actDSML,DestructionFieldScale,7
Combatives_Common_actDSMM,Power,1000
Combatives_Common_actDSMM,EnergyGain,845
Combatives_Common_actDSMM,SuperZCounterTakeType,EKoratSuperZCounterTakeType::Take
Combatives_Common_actDSMM,ArmorBreakLevel,スマッシュ格闘系(フルパワー)
Combatives_Common_actDSMM,bSuperCounterAvoidable,true
Combatives_Common_actDSMM,bBuffAvoidable,true
Combatives_Common_actDSMM,bAvoidHistep,true
Combatives_Common_actDSMM,DestructionFieldScale,7
Combatives_Common_actDSMR,Power,1000
Combatives_Common_actDSMR,EnergyGain,845
Combatives_Common_actDSMR,SuperZCounterTakeType,EKoratSuperZCounterTakeType::Take
Combatives_Common_actDSMR,ArmorBreakLevel,スマッシュ格闘系(フルパワー)
Combatives_Common_actDSMR,bSuperCounterAvoidable,true
Combatives_Common_actDSMR,bBuffAvoidable,true
Combatives_Common_actDSMR,bAvoidHistep,true
Combatives_Common_actDSMR,DestructionFieldScale,7
Combatives_Common_actDSMU,Power,1000
Combatives_Common_actDSMU,EnergyGain,845
Combatives_Common_actDSMU,SuperZCounterTakeType,EKoratSuperZCounterTakeType::Take
Combatives_Common_actDSMU,ArmorBreakLevel,スマッシュ格闘系(フルパワー)
Combatives_Common_actDSMU,bSuperCounterAvoidable,true
Combatives_Common_actDSMU,bBuffAvoidable,true
Combatives_Common_actDSMU,bAvoidHistep,true
Combatives_Common_actDSMU,DestructionFieldScale,7
Combatives_Common_actDT1,Power,360
Combatives_Common_actDT1,EnergyGain,845
Combatives_Common_actDT1,SuperZCounterTakeType,EKoratSuperZCounterTakeType::Take
Combatives_Common_actDT1,ArmorBreakLevel,ラッシュ派生のコンボ技
Combatives_Common_actDT1,bSuperCounterAvoidable,true
Combatives_Common_actDT1,bBuffAvoidable,true
Combatives_Common_actDT1,bAvoidHistep,true
Combatives_Common_actDT1,DestructionFieldScale,7
Combatives_Common_actDT2,Power,290
Combatives_Common_actDT2,EnergyGain,1300
Combatives_Common_actDT2,SuperZCounterTakeType,EKoratSuperZCounterTakeType::Take
Combatives_Common_actDT2,ArmorBreakLevel,ラッシュ派生のコンボ技
Combatives_Common_actDT2,bSuperCounterAvoidable,true
Combatives_Common_actDT2,bBuffAvoidable,true
Combatives_Common_actDT2,bAvoidHistep,true
Combatives_Common_actDT2,DestructionFieldScale,7
Combatives_Common_actDT3,Power,420
Combatives_Common_actDT3,EnergyGain,1755
Combatives_Common_actDT3,SuperZCounterTakeType,EKoratSuperZCounterTakeType::Take
Combatives_Common_actDT3,ArmorBreakLevel,ラッシュ派生のコンボ技
Combatives_Common_actDT3,bSuperCounterAvoidable,true
Combatives_Common_actDT3,bBuffAvoidable,true
Combatives_Common_actDT3,bAvoidHistep,true
Combatives_Common_actDT3,DestructionFieldScale,7
Combatives_Common_actDTW,Power,0
Combatives_Common_actDTW,ArmorBreakLevel,投げ系
Combatives_Common_actDTW1P,Power,0
Combatives_Common_actDTW1P,ArmorBreakLevel,投げ系
Combatives_Common_actDTW1P_1,ArmorBreakLevel,投げ系
Combatives_Common_actES1,Power,590
Combatives_Common_actES1,SuperZCounterTakeType,EKoratSuperZCounterTakeType::Take
Combatives_Common_actES1,ArmorBreakLevel,ラッシュ派生のコンボ技
Combatives_Common_actES1,bSuperCounterAvoidable,true
Combatives_Common_actES1,bBuffAvoidable,true
Combatives_Common_actES1,bAvoidHistep,true
Combatives_Common_actES2,Power,390
Combatives_Common_actES2,ArmorBreakLevel,ラッシュ派生のコンボ技
Combatives_Common_actES2,bSuperCounterAvoidable,true
Combatives_Common_actES3,Power,0
Combatives_Common_actES3,ArmorBreakLevel,ラッシュ派生のコンボ技
Combatives_Common_actES3,bSuperCounterAvoidable,true
Combatives_Common_actES3,bBuffAvoidable,true
Combatives_Common_actES3,bAvoidHistep,true
Combatives_Common_actEXA_FLS,Power,0
Combatives_Common_actEXA_FLS,ArmorBreakLevel,ブラスト
Combatives_Common_actEXA_FLS,bBuffAvoidable,true
Combatives_Common_actEXA_SPC_BOM,Power,0
Combatives_Common_actEXA_SPC_BOM,bNoKnockDownAttack,true
Combatives_Common_actEXA_SPC_BOM,ArmorBreakLevel,ブラスト
Combatives_Common_actEXA_SPC_BOM,DestructionFieldScale,10
Combatives_Common_actEXA_SPC_BOM,bEnergyBulletCollision,true
Combatives_Common_actEXA_SPC_BOM,EnergyBulletCollisionPriority,65536
Combatives_Common_actEXA_SPC_BOM,bEnergyBullectCollisionSpecial,true
Combatives_Common_actEXA_SPC_BOM,bForceDestroyBullet,true
Combatives_Common_actEXA_SPC_BOM,OffsetPitch,360
Combatives_Common_actEXA_SPC_BOM,OffsetYaw,360
Combatives_Common_actEXA_SPC_BOM_Back,Power,0
Combatives_Common_actEXA_SPC_BOM_Back,bNoKnockDownAttack,true
Combatives_Common_actEXA_SPC_BOM_Back,ArmorBreakLevel,ブラスト
Combatives_Common_actEXA_SPC_BOM_Back,DestructionFieldScale,10
Combatives_Common_actEXA_SPC_BOM_Back,EnergyBulletCollisionPriority,65536
Combatives_Common_actEXA_SPC_BOM_Back,bEnergyBullectCollisionSpecial,true
Combatives_Common_actEXA_SPC_BOM_Back,bForceDestroyBullet,true
Combatives_Common_actEXA_SPC_BOM_Back,OffsetPitch,360
Combatives_Common_actEXA_SPC_BOM_Back,OffsetYaw,360
Combatives_Common_actFLK,EnergyGain,520
Combatives_Common_actFLK,SuperZCounterTakeType,EKoratSuperZCounterTakeType::Take
Combatives_Common_actFLK,ArmorBreakLevel,舞空脚
Combatives_Common_actFLK,bSuperCounterAvoidable,true
Combatives_Common_actFLK,bBuffAvoidable,true
Combatives_Common_actFLK,bInterruptGuard,true
Combatives_Common_actFLK,DestructionFieldScale,3
Combatives_Common_actFLK_2,EnergyGain,520
Combatives_Common_actFLK_2,SuperZCounterTakeType,EKoratSuperZCounterTakeType::Take
Combatives_Common_actFLK_2,ArmorBreakLevel,舞空脚
Combatives_Common_actFLK_2,bSuperCounterAvoidable,true
Combatives_Common_actFLK_2,bBuffAvoidable,true
Combatives_Common_actFLK_2,DestructionFieldScale,3
Combatives_Common_actFLKF,Power,320
Combatives_Common_actFLKF,EnergyGain,520
Combatives_Common_actFLKF,SuperZCounterTakeType,EKoratSuperZCounterTakeType::Take
Combatives_Common_actFLKF,ArmorBreakLevel,舞空脚
Combatives_Common_actFLKF,bSuperCounterAvoidable,true
Combatives_Common_actFLKF,bBuffAvoidable,true
Combatives_Common_actFLKF,DestructionFieldScale,7
Combatives_Common_actFR1,EnergyGain,1300
Combatives_Common_actFR1,SuperZCounterTakeType,EKoratSuperZCounterTakeType::Take
Combatives_Common_actFR1,ArmorBreakLevel,追撃系
Combatives_Common_actFR1,bSuperCounterAvoidable,true
Combatives_Common_actFR1,bBuffAvoidable,true
Combatives_Common_actFR1_3,EnergyGain,1300
Combatives_Common_actFR1_3,SuperZCounterTakeType,EKoratSuperZCounterTakeType::Take
Combatives_Common_actFR1_3,ArmorBreakLevel,追撃系
Combatives_Common_actFR1_3,bSuperCounterAvoidable,true
Combatives_Common_actFR1_3,bBuffAvoidable,true
Combatives_Common_actFR2,Power,320
Combatives_Common_actFR2,SuperZCounterTakeType,EKoratSuperZCounterTakeType::Take
Combatives_Common_actFR2,ArmorBreakLevel,ラッシュ派生のコンボ技
Combatives_Common_actFR2,bSuperCounterAvoidable,true
Combatives_Common_actFR2,bBuffAvoidable,true
Combatives_Common_actFR2,DestructionFieldScale,7
Combatives_Common_actGSF,Power,1010
Combatives_Common_actGSF,EnergyGain,1755
Combatives_Common_actGSF,SuperZCounterTakeType,EKoratSuperZCounterTakeType::Take
Combatives_Common_actGSF,ArmorBreakLevel,グランドスラッシュ・リフトストライク（フルパワー）
Combatives_Common_actGSF,bSuperCounterAvoidable,true
Combatives_Common_actGSF,bBuffAvoidable,true
Combatives_Common_actGSF,bAvoidHistep,true
Combatives_Common_actGSF,DestructionFieldScale,5
Combatives_Common_actGSN,Power,500
Combatives_Common_actGSN,EnergyGain,845
Combatives_Common_actGSN,SuperZCounterTakeType,EKoratSuperZCounterTakeType::Take
Combatives_Common_actGSN,ArmorBreakLevel,グランドスラッシュ・リフトストライク
Combatives_Common_actGSN,bSuperCounterAvoidable,true
Combatives_Common_actGSN,bBuffAvoidable,true
Combatives_Common_actGSN,bAvoidHistep,true
Combatives_Common_actGSN,bInterruptGuard,true
Combatives_Common_actGSN,DestructionFieldScale,5
Combatives_Common_actGSP,Power,620
Combatives_Common_actGSP,EnergyGain,1300
Combatives_Common_actGSP,SuperZCounterTakeType,EKoratSuperZCounterTakeType::Take
Combatives_Common_actGSP,ArmorBreakLevel,グランドスラッシュ・リフトストライク（パワー）
Combatives_Common_actGSP,bSuperCounterAvoidable,true
Combatives_Common_actGSP,bBuffAvoidable,true
Combatives_Common_actGSP,bAvoidHistep,true
Combatives_Common_actGSP,DestructionFieldScale,5
Combatives_Common_actHC1,Power,280
Combatives_Common_actHC1,EnergyGain,845
Combatives_Common_actHC1,SuperZCounterTakeType,EKoratSuperZCounterTakeType::Take
Combatives_Common_actHC1,ArmorBreakLevel,ラッシュ派生のコンボ技
Combatives_Common_actHC1,bSuperCounterAvoidable,true
Combatives_Common_actHC1,bBuffAvoidable,true
Combatives_Common_actHC1,bAvoidHistep,true
Combatives_Common_actHC1,DestructionFieldScale,7
Combatives_Common_actHC2,Power,340
Combatives_Common_actHC2,EnergyGain,1300
Combatives_Common_actHC2,SuperZCounterTakeType,EKoratSuperZCounterTakeType::Take
Combatives_Common_actHC2,ArmorBreakLevel,ラッシュ派生のコンボ技
Combatives_Common_actHC2,bSuperCounterAvoidable,true
Combatives_Common_actHC2,bBuffAvoidable,true
Combatives_Common_actHC2,bAvoidHistep,true
Combatives_Common_actHC2,DestructionFieldScale,7
Combatives_Common_actHC3,Power,450
Combatives_Common_actHC3,EnergyGain,1755
Combatives_Common_actHC3,SuperZCounterTakeType,EKoratSuperZCounterTakeType::Take
Combatives_Common_actHC3,ArmorBreakLevel,ラッシュ派生のコンボ技
Combatives_Common_actHC3,bSuperCounterAvoidable,true
Combatives_Common_actHC3,bBuffAvoidable,true
Combatives_Common_actHC3,bAvoidHistep,true
Combatives_Common_actHC3,DestructionFieldScale,7
Combatives_Common_actHFF,Power,1120
Combatives_Common_actHFF,EnergyGain,1755
Combatives_Common_actHFF,SuperZCounterTakeType,EKoratSuperZCounterTakeType::Take
Combatives_Common_actHFF,ArmorBreakLevel,ヘビーフィニッシュ（フルパワー）
Combatives_Common_actHFF,bSuperCounterAvoidable,true
Combatives_Common_actHFF,bBuffAvoidable,true
Combatives_Common_actHFF,bAvoidHistep,true
Combatives_Common_actHFF,DestructionFieldScale,7
Combatives_Common_actHFN,Power,540
Combatives_Common_actHFN,EnergyGain,845
Combatives_Common_actHFN,SuperZCounterTakeType,EKoratSuperZCounterTakeType::Take
Combatives_Common_actHFN,ArmorBreakLevel,ヘビーフィニッシュ
Combatives_Common_actHFN,bSuperCounterAvoidable,true
Combatives_Common_actHFN,bBuffAvoidable,true
Combatives_Common_actHFN,bAvoidHistep,true
Combatives_Common_actHFN,bInterruptGuard,true
Combatives_Common_actHFN,DestructionFieldScale,7
Combatives_Common_actHFP,Power,900
Combatives_Common_actHFP,EnergyGain,1300
Combatives_Common_actHFP,SuperZCounterTakeType,EKoratSuperZCounterTakeType::Take
Combatives_Common_actHFP,ArmorBreakLevel,ヘビーフィニッシュ（パワー）
Combatives_Common_actHFP,bSuperCounterAvoidable,true
Combatives_Common_actHFP,bBuffAvoidable,true
Combatives_Common_actHFP,bAvoidHistep,true
Combatives_Common_actHFP,bInterruptGuard,true
Combatives_Common_actHFP,DestructionFieldScale,7
Combatives_Common_actHUGE_RI1,Power,1000
Combatives_Common_actHUGE_RI1,EnergyGain,845
Combatives_Common_actHUGE_RI1,ArmorBreakLevel,ラッシュ派生のコンボ技
Combatives_Common_actHUGE_RI1,bSuperCounterAvoidable,true
Combatives_Common_actHUGE_RI1,bBuffAvoidable,true
Combatives_Common_actHUGE_RI1,bAvoidHistep,true
Combatives_Common_actHUGE_RI1,DestructionFieldScale,7
Combatives_Common_actJMSF,Power,780
Combatives_Common_actJMSF,EnergyGain,1755
Combatives_Common_actJMSF,SuperZCounterTakeType,EKoratSuperZCounterTakeType::Take
Combatives_Common_actJMSF,ArmorBreakLevel,None
Combatives_Common_actJMSF,bSuperCounterAvoidable,true
Combatives_Common_actJMSF,bBuffAvoidable,true
Combatives_Common_actJMSF,bAvoidHistep,true
Combatives_Common_actJMSF,DestructionFieldScale,7
Combatives_Common_actJMSN,Power,280
Combatives_Common_actJMSN,EnergyGain,845
Combatives_Common_actJMSN,SuperZCounterTakeType,EKoratSuperZCounterTakeType::Take
Combatives_Common_actJMSN,ArmorBreakLevel,None
Combatives_Common_actJMSN,bSuperCounterAvoidable,true
Combatives_Common_actJMSN,bBuffAvoidable,true
Combatives_Common_actJMSN,bAvoidHistep,true
Combatives_Common_actJMSN,DestructionFieldScale,7
Combatives_Common_actJMSP,Power,450
Combatives_Common_actJMSP,EnergyGain,1300
Combatives_Common_actJMSP,SuperZCounterTakeType,EKoratSuperZCounterTakeType::Take
Combatives_Common_actJMSP,ArmorBreakLevel,スマッシュ格闘系
Combatives_Common_actJMSP,bSuperCounterAvoidable,true
Combatives_Common_actJMSP,bBuffAvoidable,true
Combatives_Common_actJMSP,bAvoidHistep,true
Combatives_Common_actJMSP,DestructionFieldScale,7
Combatives_Common_actLFF,Power,1070
Combatives_Common_actLFF,EnergyGain,1755
Combatives_Common_actLFF,SuperZCounterTakeType,EKoratSuperZCounterTakeType::Take
Combatives_Common_actLFF,ArmorBreakLevel,グランドスラッシュ・リフトストライク（フルパワー）
Combatives_Common_actLFF,bSuperCounterAvoidable,true
Combatives_Common_actLFF,bBuffAvoidable,true
Combatives_Common_actLFF,bAvoidHistep,true
Combatives_Common_actLFF,DestructionFieldScale,7
Combatives_Common_actLFN,Power,540
Combatives_Common_actLFN,EnergyGain,845
Combatives_Common_actLFN,SuperZCounterTakeType,EKoratSuperZCounterTakeType::Take
Combatives_Common_actLFN,ArmorBreakLevel,グランドスラッシュ・リフトストライク
Combatives_Common_actLFN,bSuperCounterAvoidable,true
Combatives_Common_actLFN,bBuffAvoidable,true
Combatives_Common_actLFN,bAvoidHistep,true
Combatives_Common_actLFN,bInterruptGuard,true
Combatives_Common_actLFN,DestructionFieldScale,7
Combatives_Common_actLFP,Power,720
Combatives_Common_actLFP,EnergyGain,1300
Combatives_Common_actLFP,SuperZCounterTakeType,EKoratSuperZCounterTakeType::Take
Combatives_Common_actLFP,ArmorBreakLevel,グランドスラッシュ・リフトストライク（パワー）
Combatives_Common_actLFP,bSuperCounterAvoidable,true
Combatives_Common_actLFP,bBuffAvoidable,true
Combatives_Common_actLFP,bAvoidHistep,true
Combatives_Common_actLFP,DestructionFieldScale,7
Combatives_Common_actLTA,Power,460
Combatives_Common_actLTA,EnergyGain,1755
Combatives_Common_actLTA,bNoKnockDownAttack,true
Combatives_Common_actLTA,ArmorBreakLevel,スマッシュ格闘系(フルパワー)
Combatives_Common_actLTA,bSuperCounterAvoidable,true
Combatives_Common_actLTA,bAvoidHistep,true
Combatives_Common_actLTA,DestructionFieldScale,7
Combatives_Common_actLTA,OffsetPitch,360
Combatives_Common_actLTA,OffsetYaw,360
Combatives_Common_actLTA1P,Power,0
Combatives_Common_actLTA1P,ArmorBreakLevel,投げ系
Combatives_Common_actLTA1P,DestructionFieldScale,7
Combatives_Common_actLTAFT,Power,460
Combatives_Common_actLTAFT,ArmorBreakLevel,投げ系
Combatives_Common_actLTAFT,DestructionFieldScale,4
Combatives_Common_actLTAOT,Power,460
Combatives_Common_actLTAOT,ArmorBreakLevel,投げ系
Combatives_Common_actLTAOT,DestructionFieldScale,4
Combatives_Common_actMSAF,Power,780
Combatives_Common_actMSAF,EnergyGain,1755
Combatives_Common_actMSAF,SuperZCounterTakeType,EKoratSuperZCounterTakeType::Take
Combatives_Common_actMSAF,ArmorBreakLevel,スマッシュ格闘系(フルパワー)
Combatives_Common_actMSAF,bSuperCounterAvoidable,true
Combatives_Common_actMSAF,bBuffAvoidable,true
Combatives_Common_actMSAF,bAvoidHistep,true
Combatives_Common_actMSAF,DestructionFieldScale,7
Combatives_Common_actMSAN,Power,280
Combatives_Common_actMSAN,EnergyGain,845
Combatives_Common_actMSAN,SuperZCounterTakeType,EKoratSuperZCounterTakeType::Take
Combatives_Common_actMSAN,ArmorBreakLevel,スマッシュ格闘系
Combatives_Common_actMSAN,bSuperCounterAvoidable,true
Combatives_Common_actMSAN,bBuffAvoidable,true
Combatives_Common_actMSAN,bAvoidHistep,true
Combatives_Common_actMSAN,DestructionFieldScale,7
Combatives_Common_actMSAP,Power,450
Combatives_Common_actMSAP,EnergyGain,1300
Combatives_Common_actMSAP,SuperZCounterTakeType,EKoratSuperZCounterTakeType::Take
Combatives_Common_actMSAP,ArmorBreakLevel,スマッシュ格闘系(パワー)
Combatives_Common_actMSAP,bSuperCounterAvoidable,true
Combatives_Common_actMSAP,bBuffAvoidable,true
Combatives_Common_actMSAP,bAvoidHistep,true
Combatives_Common_actMSAP,DestructionFieldScale,7
Combatives_Common_actPP1A,Power,190
Combatives_Common_actPP1A,SuperZCounterTakeType,EKoratSuperZCounterTakeType::Take
Combatives_Common_actPP1A,ArmorBreakLevel,ラッシュ派生のコンボ技
Combatives_Common_actPP1A,bSuperCounterAvoidable,true
Combatives_Common_actPP1A,bBuffAvoidable,true
Combatives_Common_actPP1A,DestructionFieldScale,5
Combatives_Common_actPP1A_F,Power,600
Combatives_Common_actPP1A_F,SuperZCounterTakeType,EKoratSuperZCounterTakeType::Take
Combatives_Common_actPP1A_F,ArmorBreakLevel,ラッシュ派生のコンボ技
Combatives_Common_actPP1A_F,bSuperCounterAvoidable,true
Combatives_Common_actPP1A_F,bBuffAvoidable,true
Combatives_Common_actPP2,Power,600
Combatives_Common_actPP2,SuperZCounterTakeType,EKoratSuperZCounterTakeType::Take
Combatives_Common_actPP2,ArmorBreakLevel,ラッシュ派生のコンボ技
Combatives_Common_actPP2,bSuperCounterAvoidable,true
Combatives_Common_actPP2,bBuffAvoidable,true
Combatives_Common_actPP2,bAvoidHistep,true
Combatives_Common_actPP2,DestructionFieldScale,7
Combatives_Common_actPWFC,Power,0
Combatives_Common_actPWFC,bBuffAvoidable,true
Combatives_Common_actPWFC,DestructionFieldScale,7
Combatives_Common_actPWFF,Power,1000
Combatives_Common_actPWFF,EnergyGain,1300
Combatives_Common_actPWFF,ArmorBreakLevel,スマッシュ格闘系(フルパワー)
Combatives_Common_actPWFF,DestructionFieldScale,7
Combatives_Common_actPWFFGtN,Power,1000
Combatives_Common_actPWFFGtN,ArmorBreakLevel,スマッシュ格闘系(フルパワー)
Combatives_Common_actPWFFNtG,Power,1000
Combatives_Common_actPWFFNtG,ArmorBreakLevel,スマッシュ格闘系(フルパワー)
Combatives_Common_actPWFL,Power,0
Combatives_Common_actPWFL,bBuffAvoidable,true
Combatives_Common_actPWFP,Power,0
Combatives_Common_actPWFP,bBuffAvoidable,true
Combatives_Common_actPWFW,Power,0
Combatives_Common_actPWFW,DestructionFieldScale,7
Combatives_Common_actRFMC,Power,0
Combatives_Common_actRFMC,ArmorBreakLevel,None
Combatives_Common_actRFMC,bBuffAvoidable,true
Combatives_Common_actRH1L,Power,400
Combatives_Common_actRH1L,EnergyGain,845
Combatives_Common_actRH1L,SuperZCounterTakeType,EKoratSuperZCounterTakeType::Take
Combatives_Common_actRH1L,ArmorBreakLevel,ラッシュ派生のコンボ技
Combatives_Common_actRH1L,bSuperCounterAvoidable,true
Combatives_Common_actRH1L,bBuffAvoidable,true
Combatives_Common_actRH1L,bAvoidHistep,true
Combatives_Common_actRH1L,DestructionFieldScale,5
Combatives_Common_actRH1R,Power,400
Combatives_Common_actRH1R,EnergyGain,845
Combatives_Common_actRH1R,SuperZCounterTakeType,EKoratSuperZCounterTakeType::Take
Combatives_Common_actRH1R,ArmorBreakLevel,ラッシュ派生のコンボ技
Combatives_Common_actRH1R,bSuperCounterAvoidable,true
Combatives_Common_actRH1R,bBuffAvoidable,true
Combatives_Common_actRH1R,bAvoidHistep,true
Combatives_Common_actRH1R,DestructionFieldScale,5
Combatives_Common_actRH2,Power,640
Combatives_Common_actRH2,EnergyGain,1300
Combatives_Common_actRH2,SuperZCounterTakeType,EKoratSuperZCounterTakeType::Take
Combatives_Common_actRH2,ArmorBreakLevel,ラッシュ派生のコンボ技
Combatives_Common_actRH2,bSuperCounterAvoidable,true
Combatives_Common_actRH2,bBuffAvoidable,true
Combatives_Common_actRH2,bAvoidHistep,true
Combatives_Common_actRH2,DestructionFieldScale,7
Combatives_Common_actRHFL,Power,450
Combatives_Common_actRHFL,EnergyGain,390
Combatives_Common_actRHFL,SuperZCounterTakeType,EKoratSuperZCounterTakeType::Take
Combatives_Common_actRHFL,ArmorBreakLevel,ローリングハンマー（フルパワー）
Combatives_Common_actRHFL,bSuperCounterAvoidable,true
Combatives_Common_actRHFL,bBuffAvoidable,true
Combatives_Common_actRHFL,bAvoidHistep,true
Combatives_Common_actRHFL,DestructionFieldScale,7
Combatives_Common_actRHFR,Power,450
Combatives_Common_actRHFR,EnergyGain,390
Combatives_Common_actRHFR,SuperZCounterTakeType,EKoratSuperZCounterTakeType::Take
Combatives_Common_actRHFR,ArmorBreakLevel,ローリングハンマー（フルパワー）
Combatives_Common_actRHFR,bSuperCounterAvoidable,true
Combatives_Common_actRHFR,bBuffAvoidable,true
Combatives_Common_actRHFR,bAvoidHistep,true
Combatives_Common_actRHFR,DestructionFieldScale,7
Combatives_Common_actRHNL,Power,270
Combatives_Common_actRHNL,EnergyGain,390
Combatives_Common_actRHNL,SuperZCounterTakeType,EKoratSuperZCounterTakeType::Take
Combatives_Common_actRHNL,ArmorBreakLevel,ローリングハンマー
Combatives_Common_actRHNL,bSuperCounterAvoidable,true
Combatives_Common_actRHNL,bBuffAvoidable,true
Combatives_Common_actRHNL,bAvoidHistep,true
Combatives_Common_actRHNL,bInterruptGuard,true
Combatives_Common_actRHNL,DestructionFieldScale,7
Combatives_Common_actRHNR,Power,270
Combatives_Common_actRHNR,EnergyGain,390
Combatives_Common_actRHNR,SuperZCounterTakeType,EKoratSuperZCounterTakeType::Take
Combatives_Common_actRHNR,ArmorBreakLevel,ローリングハンマー
Combatives_Common_actRHNR,bSuperCounterAvoidable,true
Combatives_Common_actRHNR,bBuffAvoidable,true
Combatives_Common_actRHNR,bAvoidHistep,true
Combatives_Common_actRHNR,bInterruptGuard,true
Combatives_Common_actRHNR,DestructionFieldScale,7
Combatives_Common_actRHPL,Power,340
Combatives_Common_actRHPL,EnergyGain,390
Combatives_Common_actRHPL,SuperZCounterTakeType,EKoratSuperZCounterTakeType::Take
Combatives_Common_actRHPL,ArmorBreakLevel,ローリングハンマー（パワー）
Combatives_Common_actRHPL,bSuperCounterAvoidable,true
Combatives_Common_actRHPL,bBuffAvoidable,true
Combatives_Common_actRHPL,bAvoidHistep,true
Combatives_Common_actRHPL,DestructionFieldScale,7
Combatives_Common_actRHPR,Power,340
Combatives_Common_actRHPR,EnergyGain,390
Combatives_Common_actRHPR,SuperZCounterTakeType,EKoratSuperZCounterTakeType::Take
Combatives_Common_actRHPR,ArmorBreakLevel,ローリングハンマー（パワー）
Combatives_Common_actRHPR,bSuperCounterAvoidable,true
Combatives_Common_actRHPR,bBuffAvoidable,true
Combatives_Common_actRHPR,bAvoidHistep,true
Combatives_Common_actRHPR,DestructionFieldScale,7
Combatives_Common_actRI1,Power,360
Combatives_Common_actRI1,EnergyGain,845
Combatives_Common_actRI1,SuperZCounterTakeType,EKoratSuperZCounterTakeType::Take
Combatives_Common_actRI1,ArmorBreakLevel,ラッシュ派生のコンボ技
Combatives_Common_actRI1,bSuperCounterAvoidable,true
Combatives_Common_actRI1,bBuffAvoidable,true
Combatives_Common_actRI1,bAvoidHistep,true
Combatives_Common_actRI1,DestructionFieldScale,7
Combatives_Common_actRI2,Power,610
Combatives_Common_actRI2,EnergyGain,845
Combatives_Common_actRI2,SuperZCounterTakeType,EKoratSuperZCounterTakeType::Take
Combatives_Common_actRI2,ArmorBreakLevel,ラッシュ派生のコンボ技
Combatives_Common_actRI2,bSuperCounterAvoidable,true
Combatives_Common_actRI2,bBuffAvoidable,true
Combatives_Common_actRI2,bAvoidHistep,true
Combatives_Common_actRI2,DestructionFieldScale,7
Combatives_Common_actRIAD,Power,520
Combatives_Common_actRIAD,EnergyGain,845
Combatives_Common_actRIAD,SuperZCounterTakeType,EKoratSuperZCounterTakeType::Take
Combatives_Common_actRIAD,ArmorBreakLevel,ラッシュ格闘A5発目
Combatives_Common_actRIAD,bSuperCounterAvoidable,true
Combatives_Common_actRIAD,bBuffAvoidable,true
Combatives_Common_actRIAD,bInterruptGuard,true
Combatives_Common_actRIAF,Power,520
Combatives_Common_actRIAF,EnergyGain,845
Combatives_Common_actRIAF,SuperZCounterTakeType,EKoratSuperZCounterTakeType::Take
Combatives_Common_actRIAF,ArmorBreakLevel,ラッシュ格闘A5発目
Combatives_Common_actRIAF,bSuperCounterAvoidable,true
Combatives_Common_actRIAF,bBuffAvoidable,true
Combatives_Common_actRIAF,bInterruptGuard,true
Combatives_Common_actRIAU,Power,520
Combatives_Common_actRIAU,EnergyGain,845
Combatives_Common_actRIAU,SuperZCounterTakeType,EKoratSuperZCounterTakeType::Take
Combatives_Common_actRIAU,ArmorBreakLevel,ラッシュ格闘A5発目
Combatives_Common_actRIAU,bSuperCounterAvoidable,true
Combatives_Common_actRIAU,bBuffAvoidable,true
Combatives_Common_actRIAU,bInterruptGuard,true
Combatives_Common_actRSHA1,Power,312
Combatives_Common_actRSHA1,EnergyGain,390
Combatives_Common_actRSHA1,SmashLevelGaugeIncrement,0.08
Combatives_Common_actRSHA1,SuperZCounterTakeType,EKoratSuperZCounterTakeType::Take
Combatives_Common_actRSHA1,ArmorBreakLevel,ラッシュ格闘A1発目
Combatives_Common_actRSHA1,bSuperCounterAvoidable,true
Combatives_Common_actRSHA1,bSuperSelfishness,true
Combatives_Common_actRSHA1,bBuffAvoidable,true
Combatives_Common_actRSHA1,bPossibleAscertain,true
Combatives_Common_actRSHA1,bInterruptGuard,true
Combatives_Common_actRSHA1,DestructionFieldScale,5
Combatives_Common_actRSHA1_sl,Power,312
Combatives_Common_actRSHA1_sl,EnergyGain,390
Combatives_Common_actRSHA1_sl,SmashLevelGaugeIncrement,0.08
Combatives_Common_actRSHA1_sl,SuperZCounterTakeType,EKoratSuperZCounterTakeType::Take
Combatives_Common_actRSHA1_sl,ArmorBreakLevel,ラッシュ格闘A1発目
Combatives_Common_actRSHA1_sl,bSuperCounterAvoidable,true
Combatives_Common_actRSHA1_sl,bSuperSelfishness,true
Combatives_Common_actRSHA1_sl,bBuffAvoidable,true
Combatives_Common_actRSHA1_sl,bPossibleAscertain,true
Combatives_Common_actRSHA1_sl,bInterruptGuard,true
Combatives_Common_actRSHA1_sl,DestructionFieldScale,5
Combatives_Common_actRSHA1M2_1,Power,180
Combatives_Common_actRSHA1M2_1,EnergyGain,195
Combatives_Common_actRSHA1M2_1,SmashLevelGaugeIncrement,0.04
Combatives_Common_actRSHA1M2_1,SuperZCounterTakeType,EKoratSuperZCounterTakeType::Take
Combatives_Common_actRSHA1M2_1,ArmorBreakLevel,ラッシュ格闘A1発目
Combatives_Common_actRSHA1M2_1,bSuperCounterAvoidable,true
Combatives_Common_actRSHA1M2_1,bSuperSelfishness,true
Combatives_Common_actRSHA1M2_1,bBuffAvoidable,true
Combatives_Common_actRSHA1M2_1,bPossibleAscertain,true
Combatives_Common_actRSHA1M2_1,DestructionFieldScale,5
Combatives_Common_actRSHA1M2_2F,Power,180
Combatives_Common_actRSHA1M2_2F,EnergyGain,195
Combatives_Common_actRSHA1M2_2F,SmashLevelGaugeIncrement,0.04
Combatives_Common_actRSHA1M2_2F,SuperZCounterTakeType,EKoratSuperZCounterTakeType::Take
Combatives_Common_actRSHA1M2_2F,ArmorBreakLevel,ラッシュ格闘A1発目
Combatives_Common_actRSHA1M2_2F,bSuperCounterAvoidable,true
Combatives_Common_actRSHA1M2_2F,bSuperSelfishness,true
Combatives_Common_actRSHA1M2_2F,bBuffAvoidable,true
Combatives_Common_actRSHA1M2_2F,bPossibleAscertain,true
Combatives_Common_actRSHA1M2_2F,DestructionFieldScale,5
Combatives_Common_actRSHA1M3_1,Power,120
Combatives_Common_actRSHA1M3_1,EnergyGain,130
Combatives_Common_actRSHA1M3_1,SmashLevelGaugeIncrement,0.027
Combatives_Common_actRSHA1M3_1,SuperZCounterTakeType,EKoratSuperZCounterTakeType::Take
Combatives_Common_actRSHA1M3_1,ArmorBreakLevel,ラッシュ格闘A1発目
Combatives_Common_actRSHA1M3_1,bSuperCounterAvoidable,true
Combatives_Common_actRSHA1M3_1,bSuperSelfishness,true
Combatives_Common_actRSHA1M3_1,bBuffAvoidable,true
Combatives_Common_actRSHA1M3_1,bPossibleAscertain,true
Combatives_Common_actRSHA1M3_1,DestructionFieldScale,5
Combatives_Common_actRSHA1M3_2,Power,120
Combatives_Common_actRSHA1M3_2,EnergyGain,130
Combatives_Common_actRSHA1M3_2,SmashLevelGaugeIncrement,0.027
Combatives_Common_actRSHA1M3_2,SuperZCounterTakeType,EKoratSuperZCounterTakeType::Take
Combatives_Common_actRSHA1M3_2,ArmorBreakLevel,ラッシュ格闘A1発目
Combatives_Common_actRSHA1M3_2,bSuperCounterAvoidable,true
Combatives_Common_actRSHA1M3_2,bSuperSelfishness,true
Combatives_Common_actRSHA1M3_2,bBuffAvoidable,true
Combatives_Common_actRSHA1M3_2,bPossibleAscertain,true
Combatives_Common_actRSHA1M3_2,DestructionFieldScale,5
Combatives_Common_actRSHA1M3_3F,Power,120
Combatives_Common_actRSHA1M3_3F,EnergyGain,130
Combatives_Common_actRSHA1M3_3F,SmashLevelGaugeIncrement,0.027
Combatives_Common_actRSHA1M3_3F,SuperZCounterTakeType,EKoratSuperZCounterTakeType::Take
Combatives_Common_actRSHA1M3_3F,ArmorBreakLevel,ラッシュ格闘A1発目
Combatives_Common_actRSHA1M3_3F,bSuperCounterAvoidable,true
Combatives_Common_actRSHA1M3_3F,bSuperSelfishness,true
Combatives_Common_actRSHA1M3_3F,bBuffAvoidable,true
Combatives_Common_actRSHA1M3_3F,bPossibleAscertain,true
Combatives_Common_actRSHA1M3_3F,DestructionFieldScale,5
Combatives_Common_actRSHA2,Power,312
Combatives_Common_actRSHA2,EnergyGain,390
Combatives_Common_actRSHA2,SmashLevelGaugeIncrement,0.08
Combatives_Common_actRSHA2,SuperZCounterTakeType,EKoratSuperZCounterTakeType::Take
Combatives_Common_actRSHA2,ArmorBreakLevel,ラッシュ格闘A2発目
Combatives_Common_actRSHA2,bSuperCounterAvoidable,true
Combatives_Common_actRSHA2,bSuperSelfishness,true
Combatives_Common_actRSHA2,bBuffAvoidable,true
Combatives_Common_actRSHA2,bPossibleAscertain,true
Combatives_Common_actRSHA2,DestructionFieldScale,5
Combatives_Common_actRSHA2_sl,Power,312
Combatives_Common_actRSHA2_sl,EnergyGain,390
Combatives_Common_actRSHA2_sl,SmashLevelGaugeIncrement,0.08
Combatives_Common_actRSHA2_sl,SuperZCounterTakeType,EKoratSuperZCounterTakeType::Take
Combatives_Common_actRSHA2_sl,ArmorBreakLevel,ラッシュ格闘A2発目
Combatives_Common_actRSHA2_sl,bSuperCounterAvoidable,true
Combatives_Common_actRSHA2_sl,bSuperSelfishness,true
Combatives_Common_actRSHA2_sl,bBuffAvoidable,true
Combatives_Common_actRSHA2_sl,bPossibleAscertain,true
Combatives_Common_actRSHA2_sl,DestructionFieldScale,5
Combatives_Common_actRSHA2M2_1,Power,180
Combatives_Common_actRSHA2M2_1,EnergyGain,195
Combatives_Common_actRSHA2M2_1,SmashLevelGaugeIncrement,0.04
Combatives_Common_actRSHA2M2_1,SuperZCounterTakeType,EKoratSuperZCounterTakeType::Take
Combatives_Common_actRSHA2M2_1,ArmorBreakLevel,ラッシュ格闘A2発目
Combatives_Common_actRSHA2M2_1,bSuperCounterAvoidable,true
Combatives_Common_actRSHA2M2_1,bSuperSelfishness,true
Combatives_Common_actRSHA2M2_1,bBuffAvoidable,true
Combatives_Common_actRSHA2M2_1,bPossibleAscertain,true
Combatives_Common_actRSHA2M2_1,DestructionFieldScale,5
Combatives_Common_actRSHA2M2_2F,Power,180
Combatives_Common_actRSHA2M2_2F,EnergyGain,195
Combatives_Common_actRSHA2M2_2F,SmashLevelGaugeIncrement,0.04
Combatives_Common_actRSHA2M2_2F,SuperZCounterTakeType,EKoratSuperZCounterTakeType::Take
Combatives_Common_actRSHA2M2_2F,ArmorBreakLevel,ラッシュ格闘A2発目
Combatives_Common_actRSHA2M2_2F,bSuperCounterAvoidable,true
Combatives_Common_actRSHA2M2_2F,bSuperSelfishness,true
Combatives_Common_actRSHA2M2_2F,bBuffAvoidable,true
Combatives_Common_actRSHA2M2_2F,bPossibleAscertain,true
Combatives_Common_actRSHA2M2_2F,DestructionFieldScale,5
Combatives_Common_actRSHA2M3_1,Power,120
Combatives_Common_actRSHA2M3_1,EnergyGain,130
Combatives_Common_actRSHA2M3_1,SmashLevelGaugeIncrement,0.027
Combatives_Common_actRSHA2M3_1,SuperZCounterTakeType,EKoratSuperZCounterTakeType::Take
Combatives_Common_actRSHA2M3_1,ArmorBreakLevel,ラッシュ格闘A2発目
Combatives_Common_actRSHA2M3_1,bSuperCounterAvoidable,true
Combatives_Common_actRSHA2M3_1,bSuperSelfishness,true
Combatives_Common_actRSHA2M3_1,bBuffAvoidable,true
Combatives_Common_actRSHA2M3_1,bPossibleAscertain,true
Combatives_Common_actRSHA2M3_1,DestructionFieldScale,5
Combatives_Common_actRSHA2M3_2,Power,120
Combatives_Common_actRSHA2M3_2,EnergyGain,130
Combatives_Common_actRSHA2M3_2,SmashLevelGaugeIncrement,0.027
Combatives_Common_actRSHA2M3_2,SuperZCounterTakeType,EKoratSuperZCounterTakeType::Take
Combatives_Common_actRSHA2M3_2,ArmorBreakLevel,ラッシュ格闘A2発目
Combatives_Common_actRSHA2M3_2,bSuperCounterAvoidable,true
Combatives_Common_actRSHA2M3_2,bSuperSelfishness,true
Combatives_Common_actRSHA2M3_2,bBuffAvoidable,true
Combatives_Common_actRSHA2M3_2,bPossibleAscertain,true
Combatives_Common_actRSHA2M3_2,DestructionFieldScale,5
Combatives_Common_actRSHA2M3_3F,Power,120
Combatives_Common_actRSHA2M3_3F,EnergyGain,130
Combatives_Common_actRSHA2M3_3F,SmashLevelGaugeIncrement,0.027
Combatives_Common_actRSHA2M3_3F,SuperZCounterTakeType,EKoratSuperZCounterTakeType::Take
Combatives_Common_actRSHA2M3_3F,ArmorBreakLevel,ラッシュ格闘A2発目
Combatives_Common_actRSHA2M3_3F,bSuperCounterAvoidable,true
Combatives_Common_actRSHA2M3_3F,bSuperSelfishness,true
Combatives_Common_actRSHA2M3_3F,bBuffAvoidable,true
Combatives_Common_actRSHA2M3_3F,bPossibleAscertain,true
Combatives_Common_actRSHA2M3_3F,DestructionFieldScale,5
Combatives_Common_actRSHA3,Power,312
Combatives_Common_actRSHA3,EnergyGain,390
Combatives_Common_actRSHA3,SmashLevelGaugeIncrement,0.08
Combatives_Common_actRSHA3,SuperZCounterTakeType,EKoratSuperZCounterTakeType::Take
Combatives_Common_actRSHA3,ArmorBreakLevel,ラッシュ格闘A3発目
Combatives_Common_actRSHA3,bSuperCounterAvoidable,true
Combatives_Common_actRSHA3,bSuperSelfishness,true
Combatives_Common_actRSHA3,bBuffAvoidable,true
Combatives_Common_actRSHA3,bPossibleAscertain,true
Combatives_Common_actRSHA3,DestructionFieldScale,5
Combatives_Common_actRSHA3_sl,Power,312
Combatives_Common_actRSHA3_sl,EnergyGain,390
Combatives_Common_actRSHA3_sl,SmashLevelGaugeIncrement,0.08
Combatives_Common_actRSHA3_sl,SuperZCounterTakeType,EKoratSuperZCounterTakeType::Take
Combatives_Common_actRSHA3_sl,ArmorBreakLevel,ラッシュ格闘A3発目
Combatives_Common_actRSHA3_sl,bSuperCounterAvoidable,true
Combatives_Common_actRSHA3_sl,bSuperSelfishness,true
Combatives_Common_actRSHA3_sl,bBuffAvoidable,true
Combatives_Common_actRSHA3_sl,bPossibleAscertain,true
Combatives_Common_actRSHA3_sl,DestructionFieldScale,5
Combatives_Common_actRSHA3M,Power,360
Combatives_Common_actRSHA3M,EnergyGain,390
Combatives_Common_actRSHA3M,SmashLevelGaugeIncrement,0.04
Combatives_Common_actRSHA3M,SuperZCounterTakeType,EKoratSuperZCounterTakeType::Take
Combatives_Common_actRSHA3M,ArmorBreakLevel,ラッシュ格闘A3発目
Combatives_Common_actRSHA3M,bSuperCounterAvoidable,true
Combatives_Common_actRSHA3M,bSuperSelfishness,true
Combatives_Common_actRSHA3M,bBuffAvoidable,true
Combatives_Common_actRSHA3M,bPossibleAscertain,true
Combatives_Common_actRSHA3M2_1,Power,180
Combatives_Common_actRSHA3M2_1,EnergyGain,195
Combatives_Common_actRSHA3M2_1,SmashLevelGaugeIncrement,0.04
Combatives_Common_actRSHA3M2_1,SuperZCounterTakeType,EKoratSuperZCounterTakeType::Take
Combatives_Common_actRSHA3M2_1,ArmorBreakLevel,ラッシュ格闘A3発目
Combatives_Common_actRSHA3M2_1,bSuperCounterAvoidable,true
Combatives_Common_actRSHA3M2_1,bSuperSelfishness,true
Combatives_Common_actRSHA3M2_1,bBuffAvoidable,true
Combatives_Common_actRSHA3M2_1,bPossibleAscertain,true
Combatives_Common_actRSHA3M2_2F,Power,180
Combatives_Common_actRSHA3M2_2F,EnergyGain,195
Combatives_Common_actRSHA3M2_2F,SmashLevelGaugeIncrement,0.04
Combatives_Common_actRSHA3M2_2F,SuperZCounterTakeType,EKoratSuperZCounterTakeType::Take
Combatives_Common_actRSHA3M2_2F,ArmorBreakLevel,ラッシュ格闘A3発目
Combatives_Common_actRSHA3M2_2F,bSuperCounterAvoidable,true
Combatives_Common_actRSHA3M2_2F,bSuperSelfishness,true
Combatives_Common_actRSHA3M2_2F,bBuffAvoidable,true
Combatives_Common_actRSHA3M2_2F,bPossibleAscertain,true
Combatives_Common_actRSHA3M2_2F_sl,Power,180
Combatives_Common_actRSHA3M2_2F_sl,EnergyGain,195
Combatives_Common_actRSHA3M2_2F_sl,SmashLevelGaugeIncrement,0.04
Combatives_Common_actRSHA3M2_2F_sl,SuperZCounterTakeType,EKoratSuperZCounterTakeType::Take
Combatives_Common_actRSHA3M2_2F_sl,ArmorBreakLevel,ラッシュ格闘A3発目
Combatives_Common_actRSHA3M2_2F_sl,bSuperCounterAvoidable,true
Combatives_Common_actRSHA3M2_2F_sl,bSuperSelfishness,true
Combatives_Common_actRSHA3M2_2F_sl,bBuffAvoidable,true
Combatives_Common_actRSHA3M2_2F_sl,bPossibleAscertain,true
Combatives_Common_actRSHA3M3_1,Power,120
Combatives_Common_actRSHA3M3_1,EnergyGain,130
Combatives_Common_actRSHA3M3_1,SmashLevelGaugeIncrement,0.027
Combatives_Common_actRSHA3M3_1,SuperZCounterTakeType,EKoratSuperZCounterTakeType::Take
Combatives_Common_actRSHA3M3_1,ArmorBreakLevel,ラッシュ格闘A3発目
Combatives_Common_actRSHA3M3_1,bSuperCounterAvoidable,true
Combatives_Common_actRSHA3M3_1,bSuperSelfishness,true
Combatives_Common_actRSHA3M3_1,bBuffAvoidable,true
Combatives_Common_actRSHA3M3_1,bPossibleAscertain,true
Combatives_Common_actRSHA3M3_2,Power,120
Combatives_Common_actRSHA3M3_2,EnergyGain,130
Combatives_Common_actRSHA3M3_2,SmashLevelGaugeIncrement,0.027
Combatives_Common_actRSHA3M3_2,SuperZCounterTakeType,EKoratSuperZCounterTakeType::Take
Combatives_Common_actRSHA3M3_2,ArmorBreakLevel,ラッシュ格闘A3発目
Combatives_Common_actRSHA3M3_2,bSuperCounterAvoidable,true
Combatives_Common_actRSHA3M3_2,bSuperSelfishness,true
Combatives_Common_actRSHA3M3_2,bBuffAvoidable,true
Combatives_Common_actRSHA3M3_2,bPossibleAscertain,true
Combatives_Common_actRSHA3M3_3F,Power,120
Combatives_Common_actRSHA3M3_3F,EnergyGain,130
Combatives_Common_actRSHA3M3_3F,SmashLevelGaugeIncrement,0.027
Combatives_Common_actRSHA3M3_3F,SuperZCounterTakeType,EKoratSuperZCounterTakeType::Take
Combatives_Common_actRSHA3M3_3F,ArmorBreakLevel,ラッシュ格闘A3発目
Combatives_Common_actRSHA3M3_3F,bSuperCounterAvoidable,true
Combatives_Common_actRSHA3M3_3F,bSuperSelfishness,true
Combatives_Common_actRSHA3M3_3F,bBuffAvoidable,true
Combatives_Common_actRSHA3M3_3F,bPossibleAscertain,true
Combatives_Common_actRSHA4,Power,432
Combatives_Common_actRSHA4,EnergyGain,390
Combatives_Common_actRSHA4,SmashLevelGaugeIncrement,0.08
Combatives_Common_actRSHA4,SuperZCounterTakeType,EKoratSuperZCounterTakeType::Take
Combatives_Common_actRSHA4,ArmorBreakLevel,ラッシュ格闘A4発目
Combatives_Common_actRSHA4,bSuperCounterAvoidable,true
Combatives_Common_actRSHA4,bSuperSelfishness,true
Combatives_Common_actRSHA4,bBuffAvoidable,true
Combatives_Common_actRSHA4,bPossibleAscertain,true
Combatives_Common_actRSHA4,DestructionFieldScale,5
Combatives_Common_actRSHA4_sl,Power,432
Combatives_Common_actRSHA4_sl,EnergyGain,390
Combatives_Common_actRSHA4_sl,SmashLevelGaugeIncrement,0.08
Combatives_Common_actRSHA4_sl,SuperZCounterTakeType,EKoratSuperZCounterTakeType::Take
Combatives_Common_actRSHA4_sl,ArmorBreakLevel,ラッシュ格闘A4発目
Combatives_Common_actRSHA4_sl,bSuperCounterAvoidable,true
Combatives_Common_actRSHA4_sl,bSuperSelfishness,true
Combatives_Common_actRSHA4_sl,bBuffAvoidable,true
Combatives_Common_actRSHA4_sl,bPossibleAscertain,true
Combatives_Common_actRSHA4_sl,DestructionFieldScale,5
Combatives_Common_actRSHA4M2_1,Power,180
Combatives_Common_actRSHA4M2_1,EnergyGain,195
Combatives_Common_actRSHA4M2_1,SmashLevelGaugeIncrement,0.04
Combatives_Common_actRSHA4M2_1,SuperZCounterTakeType,EKoratSuperZCounterTakeType::Take
Combatives_Common_actRSHA4M2_1,ArmorBreakLevel,ラッシュ格闘A4発目
Combatives_Common_actRSHA4M2_1,bSuperCounterAvoidable,true
Combatives_Common_actRSHA4M2_1,bSuperSelfishness,true
Combatives_Common_actRSHA4M2_1,bBuffAvoidable,true
Combatives_Common_actRSHA4M2_1,bPossibleAscertain,true
Combatives_Common_actRSHA4M2_1,DestructionFieldScale,5
Combatives_Common_actRSHA4M2_2F,Power,240
Combatives_Common_actRSHA4M2_2F,EnergyGain,195
Combatives_Common_actRSHA4M2_2F,SmashLevelGaugeIncrement,0.04
Combatives_Common_actRSHA4M2_2F,SuperZCounterTakeType,EKoratSuperZCounterTakeType::Take
Combatives_Common_actRSHA4M2_2F,ArmorBreakLevel,ラッシュ格闘A4発目
Combatives_Common_actRSHA4M2_2F,bSuperCounterAvoidable,true
Combatives_Common_actRSHA4M2_2F,bSuperSelfishness,true
Combatives_Common_actRSHA4M2_2F,bBuffAvoidable,true
Combatives_Common_actRSHA4M2_2F,bPossibleAscertain,true
Combatives_Common_actRSHA4M2_2F,DestructionFieldScale,5
Combatives_Common_actRSHA4M2_2F_sl,Power,240
Combatives_Common_actRSHA4M2_2F_sl,EnergyGain,195
Combatives_Common_actRSHA4M2_2F_sl,SmashLevelGaugeIncrement,0.04
Combatives_Common_actRSHA4M2_2F_sl,SuperZCounterTakeType,EKoratSuperZCounterTakeType::Take
Combatives_Common_actRSHA4M2_2F_sl,ArmorBreakLevel,ラッシュ格闘A4発目
Combatives_Common_actRSHA4M2_2F_sl,bSuperCounterAvoidable,true
Combatives_Common_actRSHA4M2_2F_sl,bSuperSelfishness,true
Combatives_Common_actRSHA4M2_2F_sl,bBuffAvoidable,true
Combatives_Common_actRSHA4M2_2F_sl,bPossibleAscertain,true
Combatives_Common_actRSHA4M2_2F_sl,DestructionFieldScale,5
Combatives_Common_actRSHA4M3_1,Power,120
Combatives_Common_actRSHA4M3_1,EnergyGain,130
Combatives_Common_actRSHA4M3_1,SmashLevelGaugeIncrement,0.027
Combatives_Common_actRSHA4M3_1,SuperZCounterTakeType,EKoratSuperZCounterTakeType::Take
Combatives_Common_actRSHA4M3_1,ArmorBreakLevel,ラッシュ格闘A4発目
Combatives_Common_actRSHA4M3_1,bSuperCounterAvoidable,true
Combatives_Common_actRSHA4M3_1,bSuperSelfishness,true
Combatives_Common_actRSHA4M3_1,bBuffAvoidable,true
Combatives_Common_actRSHA4M3_1,bPossibleAscertain,true
Combatives_Common_actRSHA4M3_1,DestructionFieldScale,5
Combatives_Common_actRSHA4M3_2,Power,120
Combatives_Common_actRSHA4M3_2,EnergyGain,130
Combatives_Common_actRSHA4M3_2,SmashLevelGaugeIncrement,0.027
Combatives_Common_actRSHA4M3_2,SuperZCounterTakeType,EKoratSuperZCounterTakeType::Take
Combatives_Common_actRSHA4M3_2,ArmorBreakLevel,ラッシュ格闘A4発目
Combatives_Common_actRSHA4M3_2,bSuperCounterAvoidable,true
Combatives_Common_actRSHA4M3_2,bSuperSelfishness,true
Combatives_Common_actRSHA4M3_2,bBuffAvoidable,true
Combatives_Common_actRSHA4M3_2,bPossibleAscertain,true
Combatives_Common_actRSHA4M3_2,DestructionFieldScale,5
Combatives_Common_actRSHA4M3_3F,EnergyGain,130
Combatives_Common_actRSHA4M3_3F,SmashLevelGaugeIncrement,0.027
Combatives_Common_actRSHA4M3_3F,SuperZCounterTakeType,EKoratSuperZCounterTakeType::Take
Combatives_Common_actRSHA4M3_3F,ArmorBreakLevel,ラッシュ格闘A4発目
Combatives_Common_actRSHA4M3_3F,bSuperCounterAvoidable,true
Combatives_Common_actRSHA4M3_3F,bSuperSelfishness,true
Combatives_Common_actRSHA4M3_3F,bBuffAvoidable,true
Combatives_Common_actRSHA4M3_3F,bPossibleAscertain,true
Combatives_Common_actRSHA4M3_3F,DestructionFieldScale,5
Combatives_Common_actRSHA5,Power,600
Combatives_Common_actRSHA5,EnergyGain,390
Combatives_Common_actRSHA5,SmashLevelGaugeIncrement,0.08
Combatives_Common_actRSHA5,SuperZCounterTakeType,EKoratSuperZCounterTakeType::Take
Combatives_Common_actRSHA5,ArmorBreakLevel,ラッシュ格闘A5発目
Combatives_Common_actRSHA5,bSuperCounterAvoidable,true
Combatives_Common_actRSHA5,bSuperSelfishness,true
Combatives_Common_actRSHA5,bBuffAvoidable,true
Combatives_Common_actRSHA5,bPossibleAscertain,true
Combatives_Common_actRSHA5,DestructionFieldScale,5
Combatives_Common_actRSHB1,Power,336
Combatives_Common_actRSHB1,EnergyGain,390
Combatives_Common_actRSHB1,SmashLevelGaugeIncrement,0.144
Combatives_Common_actRSHB1,SuperZCounterTakeType,EKoratSuperZCounterTakeType::Take
Combatives_Common_actRSHB1,ArmorBreakLevel,ラッシュ格闘B1発目
Combatives_Common_actRSHB1,bSuperCounterAvoidable,true
Combatives_Common_actRSHB1,bSuperSelfishness,true
Combatives_Common_actRSHB1,bBuffAvoidable,true
Combatives_Common_actRSHB1,bPossibleAscertain,true
Combatives_Common_actRSHB1,DestructionFieldScale,5
Combatives_Common_actRSHB1_sl,Power,336
Combatives_Common_actRSHB1_sl,EnergyGain,390
Combatives_Common_actRSHB1_sl,SmashLevelGaugeIncrement,0.144
Combatives_Common_actRSHB1_sl,SuperZCounterTakeType,EKoratSuperZCounterTakeType::Take
Combatives_Common_actRSHB1_sl,ArmorBreakLevel,ラッシュ格闘B1発目
Combatives_Common_actRSHB1_sl,bSuperCounterAvoidable,true
Combatives_Common_actRSHB1_sl,bSuperSelfishness,true
Combatives_Common_actRSHB1_sl,bBuffAvoidable,true
Combatives_Common_actRSHB1_sl,bPossibleAscertain,true
Combatives_Common_actRSHB1_sl,DestructionFieldScale,5
Combatives_Common_actRSHB2,Power,336
Combatives_Common_actRSHB2,EnergyGain,390
Combatives_Common_actRSHB2,SmashLevelGaugeIncrement,0.144
Combatives_Common_actRSHB2,SuperZCounterTakeType,EKoratSuperZCounterTakeType::Take
Combatives_Common_actRSHB2,ArmorBreakLevel,ラッシュ格闘B2発目
Combatives_Common_actRSHB2,bSuperCounterAvoidable,true
Combatives_Common_actRSHB2,bSuperSelfishness,true
Combatives_Common_actRSHB2,bBuffAvoidable,true
Combatives_Common_actRSHB2,bPossibleAscertain,true
Combatives_Common_actRSHB2,DestructionFieldScale,5
Combatives_Common_actRSHB2_sl,Power,336
Combatives_Common_actRSHB2_sl,EnergyGain,390
Combatives_Common_actRSHB2_sl,SmashLevelGaugeIncrement,0.144
Combatives_Common_actRSHB2_sl,SuperZCounterTakeType,EKoratSuperZCounterTakeType::Take
Combatives_Common_actRSHB2_sl,ArmorBreakLevel,ラッシュ格闘B2発目
Combatives_Common_actRSHB2_sl,bSuperCounterAvoidable,true
Combatives_Common_actRSHB2_sl,bSuperSelfishness,true
Combatives_Common_actRSHB2_sl,bBuffAvoidable,true
Combatives_Common_actRSHB2_sl,bPossibleAscertain,true
Combatives_Common_actRSHB2_sl,DestructionFieldScale,5
Combatives_Common_actRSHB2M2_1,Power,180
Combatives_Common_actRSHB2M2_1,EnergyGain,195
Combatives_Common_actRSHB2M2_1,SmashLevelGaugeIncrement,0.072
Combatives_Common_actRSHB2M2_1,SuperZCounterTakeType,EKoratSuperZCounterTakeType::Take
Combatives_Common_actRSHB2M2_1,ArmorBreakLevel,ラッシュ格闘B2発目
Combatives_Common_actRSHB2M2_1,bSuperCounterAvoidable,true
Combatives_Common_actRSHB2M2_1,bSuperSelfishness,true
Combatives_Common_actRSHB2M2_1,bBuffAvoidable,true
Combatives_Common_actRSHB2M2_1,bPossibleAscertain,true
Combatives_Common_actRSHB2M2_1,DestructionFieldScale,5
Combatives_Common_actRSHB2M2_2F,Power,180
Combatives_Common_actRSHB2M2_2F,EnergyGain,195
Combatives_Common_actRSHB2M2_2F,SmashLevelGaugeIncrement,0.072
Combatives_Common_actRSHB2M2_2F,SuperZCounterTakeType,EKoratSuperZCounterTakeType::Take
Combatives_Common_actRSHB2M2_2F,ArmorBreakLevel,ラッシュ格闘B2発目
Combatives_Common_actRSHB2M2_2F,bSuperCounterAvoidable,true
Combatives_Common_actRSHB2M2_2F,bSuperSelfishness,true
Combatives_Common_actRSHB2M2_2F,bBuffAvoidable,true
Combatives_Common_actRSHB2M2_2F,bPossibleAscertain,true
Combatives_Common_actRSHB2M2_2F,DestructionFieldScale,5
Combatives_Common_actRSHB2M2_2F_sl,Power,180
Combatives_Common_actRSHB2M2_2F_sl,EnergyGain,195
Combatives_Common_actRSHB2M2_2F_sl,SmashLevelGaugeIncrement,0.072
Combatives_Common_actRSHB2M2_2F_sl,SuperZCounterTakeType,EKoratSuperZCounterTakeType::Take
Combatives_Common_actRSHB2M2_2F_sl,ArmorBreakLevel,ラッシュ格闘B2発目
Combatives_Common_actRSHB2M2_2F_sl,bSuperCounterAvoidable,true
Combatives_Common_actRSHB2M2_2F_sl,bSuperSelfishness,true
Combatives_Common_actRSHB2M2_2F_sl,bBuffAvoidable,true
Combatives_Common_actRSHB2M2_2F_sl,bPossibleAscertain,true
Combatives_Common_actRSHB2M2_2F_sl,DestructionFieldScale,5
Combatives_Common_actRSHB2M3_1-2,Power,120
Combatives_Common_actRSHB2M3_1-2,EnergyGain,130
Combatives_Common_actRSHB2M3_1-2,SmashLevelGaugeIncrement,0.072
Combatives_Common_actRSHB2M3_1-2,SuperZCounterTakeType,EKoratSuperZCounterTakeType::Take
Combatives_Common_actRSHB2M3_1-2,ArmorBreakLevel,ラッシュ格闘B2発目
Combatives_Common_actRSHB2M3_1-2,bSuperCounterAvoidable,true
Combatives_Common_actRSHB2M3_1-2,bSuperSelfishness,true
Combatives_Common_actRSHB2M3_1-2,bBuffAvoidable,true
Combatives_Common_actRSHB2M3_1-2,bPossibleAscertain,true
Combatives_Common_actRSHB2M3_1-2,DestructionFieldScale,5
Combatives_Common_actRSHB2M3_3F,Power,120
Combatives_Common_actRSHB2M3_3F,EnergyGain,130
Combatives_Common_actRSHB2M3_3F,SmashLevelGaugeIncrement,0.072
Combatives_Common_actRSHB2M3_3F,SuperZCounterTakeType,EKoratSuperZCounterTakeType::Take
Combatives_Common_actRSHB2M3_3F,ArmorBreakLevel,ラッシュ格闘B2発目
Combatives_Common_actRSHB2M3_3F,bSuperCounterAvoidable,true
Combatives_Common_actRSHB2M3_3F,bSuperSelfishness,true
Combatives_Common_actRSHB2M3_3F,bBuffAvoidable,true
Combatives_Common_actRSHB2M3_3F,bPossibleAscertain,true
Combatives_Common_actRSHB2M3_3F,DestructionFieldScale,5
Combatives_Common_actRSHB3,Power,336
Combatives_Common_actRSHB3,EnergyGain,390
Combatives_Common_actRSHB3,SmashLevelGaugeIncrement,0.144
Combatives_Common_actRSHB3,SuperZCounterTakeType,EKoratSuperZCounterTakeType::Take
Combatives_Common_actRSHB3,ArmorBreakLevel,ラッシュ格闘B3発目
Combatives_Common_actRSHB3,bSuperCounterAvoidable,true
Combatives_Common_actRSHB3,bSuperSelfishness,true
Combatives_Common_actRSHB3,bBuffAvoidable,true
Combatives_Common_actRSHB3,bPossibleAscertain,true
Combatives_Common_actRSHB3,DestructionFieldScale,5
Combatives_Common_actRSHB3_sl,Power,336
Combatives_Common_actRSHB3_sl,EnergyGain,390
Combatives_Common_actRSHB3_sl,SmashLevelGaugeIncrement,0.144
Combatives_Common_actRSHB3_sl,SuperZCounterTakeType,EKoratSuperZCounterTakeType::Take
Combatives_Common_actRSHB3_sl,ArmorBreakLevel,ラッシュ格闘B3発目
Combatives_Common_actRSHB3_sl,bSuperCounterAvoidable,true
Combatives_Common_actRSHB3_sl,bSuperSelfishness,true
Combatives_Common_actRSHB3_sl,bBuffAvoidable,true
Combatives_Common_actRSHB3_sl,bPossibleAscertain,true
Combatives_Common_actRSHB3_sl,DestructionFieldScale,5
Combatives_Common_actRSHB3M2_1,Power,180
Combatives_Common_actRSHB3M2_1,EnergyGain,195
Combatives_Common_actRSHB3M2_1,SmashLevelGaugeIncrement,0.072
Combatives_Common_actRSHB3M2_1,SuperZCounterTakeType,EKoratSuperZCounterTakeType::Take
Combatives_Common_actRSHB3M2_1,ArmorBreakLevel,ラッシュ格闘B3発目
Combatives_Common_actRSHB3M2_1,bSuperCounterAvoidable,true
Combatives_Common_actRSHB3M2_1,bSuperSelfishness,true
Combatives_Common_actRSHB3M2_1,bBuffAvoidable,true
Combatives_Common_actRSHB3M2_1,bPossibleAscertain,true
Combatives_Common_actRSHB3M2_2F,Power,180
Combatives_Common_actRSHB3M2_2F,EnergyGain,195
Combatives_Common_actRSHB3M2_2F,SmashLevelGaugeIncrement,0.072
Combatives_Common_actRSHB3M2_2F,SuperZCounterTakeType,EKoratSuperZCounterTakeType::Take
Combatives_Common_actRSHB3M2_2F,ArmorBreakLevel,ラッシュ格闘B3発目
Combatives_Common_actRSHB3M2_2F,bSuperCounterAvoidable,true
Combatives_Common_actRSHB3M2_2F,bSuperSelfishness,true
Combatives_Common_actRSHB3M2_2F,bBuffAvoidable,true
Combatives_Common_actRSHB3M2_2F,bPossibleAscertain,true
Combatives_Common_actRSHB3M2_2F_sl,Power,180
Combatives_Common_actRSHB3M2_2F_sl,EnergyGain,195
Combatives_Common_actRSHB3M2_2F_sl,SmashLevelGaugeIncrement,0.072
Combatives_Common_actRSHB3M2_2F_sl,SuperZCounterTakeType,EKoratSuperZCounterTakeType::Take
Combatives_Common_actRSHB3M2_2F_sl,ArmorBreakLevel,ラッシュ格闘B3発目
Combatives_Common_actRSHB3M2_2F_sl,bSuperCounterAvoidable,true
Combatives_Common_actRSHB3M2_2F_sl,bSuperSelfishness,true
Combatives_Common_actRSHB3M2_2F_sl,bBuffAvoidable,true
Combatives_Common_actRSHB3M2_2F_sl,bPossibleAscertain,true
Combatives_Common_actRSHB3M3_1,Power,120
Combatives_Common_actRSHB3M3_1,EnergyGain,130
Combatives_Common_actRSHB3M3_1,SmashLevelGaugeIncrement,0.048
Combatives_Common_actRSHB3M3_1,SuperZCounterTakeType,EKoratSuperZCounterTakeType::Take
Combatives_Common_actRSHB3M3_1,ArmorBreakLevel,ラッシュ格闘B3発目
Combatives_Common_actRSHB3M3_1,bSuperCounterAvoidable,true
Combatives_Common_actRSHB3M3_1,bSuperSelfishness,true
Combatives_Common_actRSHB3M3_1,bBuffAvoidable,true
Combatives_Common_actRSHB3M3_1,bPossibleAscertain,true
Combatives_Common_actRSHB3M3_2,Power,120
Combatives_Common_actRSHB3M3_2,EnergyGain,130
Combatives_Common_actRSHB3M3_2,SmashLevelGaugeIncrement,0.048
Combatives_Common_actRSHB3M3_2,SuperZCounterTakeType,EKoratSuperZCounterTakeType::Take
Combatives_Common_actRSHB3M3_2,ArmorBreakLevel,ラッシュ格闘B3発目
Combatives_Common_actRSHB3M3_2,bSuperCounterAvoidable,true
Combatives_Common_actRSHB3M3_2,bSuperSelfishness,true
Combatives_Common_actRSHB3M3_2,bBuffAvoidable,true
Combatives_Common_actRSHB3M3_2,bPossibleAscertain,true
Combatives_Common_actRSHB3M3_3F,Power,120
Combatives_Common_actRSHB3M3_3F,EnergyGain,130
Combatives_Common_actRSHB3M3_3F,SmashLevelGaugeIncrement,0.048
Combatives_Common_actRSHB3M3_3F,SuperZCounterTakeType,EKoratSuperZCounterTakeType::Take
Combatives_Common_actRSHB3M3_3F,ArmorBreakLevel,ラッシュ格闘B3発目
Combatives_Common_actRSHB3M3_3F,bSuperCounterAvoidable,true
Combatives_Common_actRSHB3M3_3F,bSuperSelfishness,true
Combatives_Common_actRSHB3M3_3F,bBuffAvoidable,true
Combatives_Common_actRSHB3M3_3F,bPossibleAscertain,true
Combatives_Common_actRSHB4,Power,504
Combatives_Common_actRSHB4,EnergyGain,390
Combatives_Common_actRSHB4,SmashLevelGaugeIncrement,0.144
Combatives_Common_actRSHB4,SuperZCounterTakeType,EKoratSuperZCounterTakeType::Take
Combatives_Common_actRSHB4,ArmorBreakLevel,ラッシュ格闘B4発目
Combatives_Common_actRSHB4,bSuperCounterAvoidable,true
Combatives_Common_actRSHB4,bSuperSelfishness,true
Combatives_Common_actRSHB4,bBuffAvoidable,true
Combatives_Common_actRSHB4,bPossibleAscertain,true
Combatives_Common_actRSHB4,DestructionFieldScale,5
Combatives_Common_actRSHB4_sl,Power,504
Combatives_Common_actRSHB4_sl,EnergyGain,390
Combatives_Common_actRSHB4_sl,SmashLevelGaugeIncrement,0.144
Combatives_Common_actRSHB4_sl,SuperZCounterTakeType,EKoratSuperZCounterTakeType::Take
Combatives_Common_actRSHB4_sl,ArmorBreakLevel,ラッシュ格闘B4発目
Combatives_Common_actRSHB4_sl,bSuperCounterAvoidable,true
Combatives_Common_actRSHB4_sl,bSuperSelfishness,true
Combatives_Common_actRSHB4_sl,bBuffAvoidable,true
Combatives_Common_actRSHB4_sl,bPossibleAscertain,true
Combatives_Common_actRSHB4_sl,DestructionFieldScale,5
Combatives_Common_actRSHB4M2_1,Power,252
Combatives_Common_actRSHB4M2_1,EnergyGain,195
Combatives_Common_actRSHB4M2_1,SmashLevelGaugeIncrement,0.072
Combatives_Common_actRSHB4M2_1,SuperZCounterTakeType,EKoratSuperZCounterTakeType::Take
Combatives_Common_actRSHB4M2_1,ArmorBreakLevel,ラッシュ格闘B4発目
Combatives_Common_actRSHB4M2_1,bSuperCounterAvoidable,true
Combatives_Common_actRSHB4M2_1,bSuperSelfishness,true
Combatives_Common_actRSHB4M2_1,bBuffAvoidable,true
Combatives_Common_actRSHB4M2_1,bPossibleAscertain,true
Combatives_Common_actRSHB4M2_1,DestructionFieldScale,5
Combatives_Common_actRSHB4M2_2F,Power,252
Combatives_Common_actRSHB4M2_2F,EnergyGain,195
Combatives_Common_actRSHB4M2_2F,SmashLevelGaugeIncrement,0.072
Combatives_Common_actRSHB4M2_2F,SuperZCounterTakeType,EKoratSuperZCounterTakeType::Take
Combatives_Common_actRSHB4M2_2F,ArmorBreakLevel,ラッシュ格闘B4発目
Combatives_Common_actRSHB4M2_2F,bSuperCounterAvoidable,true
Combatives_Common_actRSHB4M2_2F,bSuperSelfishness,true
Combatives_Common_actRSHB4M2_2F,bBuffAvoidable,true
Combatives_Common_actRSHB4M2_2F,bPossibleAscertain,true
Combatives_Common_actRSHB4M2_2F,DestructionFieldScale,5
Combatives_Common_actRSHB4M2_2F_sl,Power,252
Combatives_Common_actRSHB4M2_2F_sl,EnergyGain,195
Combatives_Common_actRSHB4M2_2F_sl,SmashLevelGaugeIncrement,0.072
Combatives_Common_actRSHB4M2_2F_sl,SuperZCounterTakeType,EKoratSuperZCounterTakeType::Take
Combatives_Common_actRSHB4M2_2F_sl,ArmorBreakLevel,ラッシュ格闘B4発目
Combatives_Common_actRSHB4M2_2F_sl,bSuperCounterAvoidable,true
Combatives_Common_actRSHB4M2_2F_sl,bSuperSelfishness,true
Combatives_Common_actRSHB4M2_2F_sl,bBuffAvoidable,true
Combatives_Common_actRSHB4M2_2F_sl,bPossibleAscertain,true
Combatives_Common_actRSHB4M2_2F_sl,DestructionFieldScale,5
Combatives_Common_actRSHB4M3_1,Power,120
Combatives_Common_actRSHB4M3_1,EnergyGain,130
Combatives_Common_actRSHB4M3_1,SmashLevelGaugeIncrement,0.048
Combatives_Common_actRSHB4M3_1,SuperZCounterTakeType,EKoratSuperZCounterTakeType::Take
Combatives_Common_actRSHB4M3_1,ArmorBreakLevel,ラッシュ格闘B4発目
Combatives_Common_actRSHB4M3_1,bSuperCounterAvoidable,true
Combatives_Common_actRSHB4M3_1,bSuperSelfishness,true
Combatives_Common_actRSHB4M3_1,bBuffAvoidable,true
Combatives_Common_actRSHB4M3_1,bPossibleAscertain,true
Combatives_Common_actRSHB4M3_1,DestructionFieldScale,5
Combatives_Common_actRSHB4M3_2,Power,120
Combatives_Common_actRSHB4M3_2,EnergyGain,130
Combatives_Common_actRSHB4M3_2,SmashLevelGaugeIncrement,0.048
Combatives_Common_actRSHB4M3_2,SuperZCounterTakeType,EKoratSuperZCounterTakeType::Take
Combatives_Common_actRSHB4M3_2,ArmorBreakLevel,ラッシュ格闘B4発目
Combatives_Common_actRSHB4M3_2,bSuperCounterAvoidable,true
Combatives_Common_actRSHB4M3_2,bSuperSelfishness,true
Combatives_Common_actRSHB4M3_2,bBuffAvoidable,true
Combatives_Common_actRSHB4M3_2,bPossibleAscertain,true
Combatives_Common_actRSHB4M3_2,DestructionFieldScale,5
Combatives_Common_actRSHB4M3_3F,Power,264
Combatives_Common_actRSHB4M3_3F,EnergyGain,130
Combatives_Common_actRSHB4M3_3F,SmashLevelGaugeIncrement,0.048
Combatives_Common_actRSHB4M3_3F,SuperZCounterTakeType,EKoratSuperZCounterTakeType::Take
Combatives_Common_actRSHB4M3_3F,ArmorBreakLevel,ラッシュ格闘B4発目
Combatives_Common_actRSHB4M3_3F,bSuperCounterAvoidable,true
Combatives_Common_actRSHB4M3_3F,bSuperSelfishness,true
Combatives_Common_actRSHB4M3_3F,bBuffAvoidable,true
Combatives_Common_actRSHB4M3_3F,bPossibleAscertain,true
Combatives_Common_actRSHB4M3_3F,DestructionFieldScale,5
Combatives_Common_actRSHB4M4_1-3,Power,120
Combatives_Common_actRSHB4M4_1-3,EnergyGain,97
Combatives_Common_actRSHB4M4_1-3,SmashLevelGaugeIncrement,0.072
Combatives_Common_actRSHB4M4_1-3,SuperZCounterTakeType,EKoratSuperZCounterTakeType::Take
Combatives_Common_actRSHB4M4_1-3,ArmorBreakLevel,ラッシュ格闘B4発目
Combatives_Common_actRSHB4M4_1-3,bSuperCounterAvoidable,true
Combatives_Common_actRSHB4M4_1-3,bSuperSelfishness,true
Combatives_Common_actRSHB4M4_1-3,bBuffAvoidable,true
Combatives_Common_actRSHB4M4_1-3,bPossibleAscertain,true
Combatives_Common_actRSHB4M4_1-3,DestructionFieldScale,5
Combatives_Common_actRSHB4M4_4F,Power,144
Combatives_Common_actRSHB4M4_4F,EnergyGain,97
Combatives_Common_actRSHB4M4_4F,SmashLevelGaugeIncrement,0.072
Combatives_Common_actRSHB4M4_4F,SuperZCounterTakeType,EKoratSuperZCounterTakeType::Take
Combatives_Common_actRSHB4M4_4F,ArmorBreakLevel,ラッシュ格闘B4発目
Combatives_Common_actRSHB4M4_4F,bSuperCounterAvoidable,true
Combatives_Common_actRSHB4M4_4F,bSuperSelfishness,true
Combatives_Common_actRSHB4M4_4F,bBuffAvoidable,true
Combatives_Common_actRSHB4M4_4F,bPossibleAscertain,true
Combatives_Common_actRSHB4M4_4F,DestructionFieldScale,5
Combatives_Common_actRSHB5,Power,1008
Combatives_Common_actRSHB5,EnergyGain,390
Combatives_Common_actRSHB5,SmashLevelGaugeIncrement,0.144
Combatives_Common_actRSHB5,SuperZCounterTakeType,EKoratSuperZCounterTakeType::Take
Combatives_Common_actRSHB5,ArmorBreakLevel,ラッシュ格闘B5発目
Combatives_Common_actRSHB5,bSuperCounterAvoidable,true
Combatives_Common_actRSHB5,bSuperSelfishness,true
Combatives_Common_actRSHB5,bBuffAvoidable,true
Combatives_Common_actRSHB5,bPossibleAscertain,true
Combatives_Common_actRSHB5,DestructionFieldScale,5
Combatives_Common_actRSHB5M2_1,Power,504
Combatives_Common_actRSHB5M2_1,EnergyGain,195
Combatives_Common_actRSHB5M2_1,SmashLevelGaugeIncrement,0.072
Combatives_Common_actRSHB5M2_1,SuperZCounterTakeType,EKoratSuperZCounterTakeType::Take
Combatives_Common_actRSHB5M2_1,ArmorBreakLevel,ラッシュ格闘B5発目
Combatives_Common_actRSHB5M2_1,bSuperCounterAvoidable,true
Combatives_Common_actRSHB5M2_1,bSuperSelfishness,true
Combatives_Common_actRSHB5M2_1,bBuffAvoidable,true
Combatives_Common_actRSHB5M2_1,bPossibleAscertain,true
Combatives_Common_actRSHB5M2_1,DestructionFieldScale,5
Combatives_Common_actRSHB5M2_2F,Power,504
Combatives_Common_actRSHB5M2_2F,EnergyGain,195
Combatives_Common_actRSHB5M2_2F,SmashLevelGaugeIncrement,0.072
Combatives_Common_actRSHB5M2_2F,SuperZCounterTakeType,EKoratSuperZCounterTakeType::Take
Combatives_Common_actRSHB5M2_2F,ArmorBreakLevel,ラッシュ格闘B5発目
Combatives_Common_actRSHB5M2_2F,bSuperCounterAvoidable,true
Combatives_Common_actRSHB5M2_2F,bSuperSelfishness,true
Combatives_Common_actRSHB5M2_2F,bBuffAvoidable,true
Combatives_Common_actRSHB5M2_2F,bPossibleAscertain,true
Combatives_Common_actRSHB5M2_2F,DestructionFieldScale,5
Combatives_Common_actRSHSA1,Power,312
Combatives_Common_actRSHSA1,EnergyGain,390
Combatives_Common_actRSHSA1,SmashLevelGaugeIncrement,0.08
Combatives_Common_actRSHSA1,SuperZCounterTakeType,EKoratSuperZCounterTakeType::Take
Combatives_Common_actRSHSA1,ArmorBreakLevel,激烈ラッシュ
Combatives_Common_actRSHSA1,bSuperCounterAvoidable,true
Combatives_Common_actRSHSA1,bSuperSelfishness,true
Combatives_Common_actRSHSA1,bBuffAvoidable,true
Combatives_Common_actRSHSA1,bPossibleAscertain,true
Combatives_Common_actRSHSA1,DestructionFieldScale,5
Combatives_Common_actRSHSA1M3_1,Power,120
Combatives_Common_actRSHSA1M3_1,EnergyGain,130
Combatives_Common_actRSHSA1M3_1,SmashLevelGaugeIncrement,0.027
Combatives_Common_actRSHSA1M3_1,SuperZCounterTakeType,EKoratSuperZCounterTakeType::Take
Combatives_Common_actRSHSA1M3_1,ArmorBreakLevel,激烈ラッシュ
Combatives_Common_actRSHSA1M3_1,bSuperCounterAvoidable,true
Combatives_Common_actRSHSA1M3_1,bSuperSelfishness,true
Combatives_Common_actRSHSA1M3_1,bBuffAvoidable,true
Combatives_Common_actRSHSA1M3_1,bPossibleAscertain,true
Combatives_Common_actRSHSA1M3_1,DestructionFieldScale,5
Combatives_Common_actRSHSA1M3_2,Power,120
Combatives_Common_actRSHSA1M3_2,EnergyGain,130
Combatives_Common_actRSHSA1M3_2,SmashLevelGaugeIncrement,0.027
Combatives_Common_actRSHSA1M3_2,SuperZCounterTakeType,EKoratSuperZCounterTakeType::Take
Combatives_Common_actRSHSA1M3_2,ArmorBreakLevel,激烈ラッシュ
Combatives_Common_actRSHSA1M3_2,bSuperCounterAvoidable,true
Combatives_Common_actRSHSA1M3_2,bSuperSelfishness,true
Combatives_Common_actRSHSA1M3_2,bBuffAvoidable,true
Combatives_Common_actRSHSA1M3_2,bPossibleAscertain,true
Combatives_Common_actRSHSA1M3_2,DestructionFieldScale,5
Combatives_Common_actRSHSA1M3_3F,Power,120
Combatives_Common_actRSHSA1M3_3F,EnergyGain,130
Combatives_Common_actRSHSA1M3_3F,SmashLevelGaugeIncrement,0.027
Combatives_Common_actRSHSA1M3_3F,SuperZCounterTakeType,EKoratSuperZCounterTakeType::Take
Combatives_Common_actRSHSA1M3_3F,ArmorBreakLevel,激烈ラッシュ
Combatives_Common_actRSHSA1M3_3F,bSuperCounterAvoidable,true
Combatives_Common_actRSHSA1M3_3F,bSuperSelfishness,true
Combatives_Common_actRSHSA1M3_3F,bBuffAvoidable,true
Combatives_Common_actRSHSA1M3_3F,bPossibleAscertain,true
Combatives_Common_actRSHSA1M3_3F,DestructionFieldScale,5
Combatives_Common_actRSHSA2,Power,312
Combatives_Common_actRSHSA2,EnergyGain,390
Combatives_Common_actRSHSA2,SmashLevelGaugeIncrement,0.08
Combatives_Common_actRSHSA2,SuperZCounterTakeType,EKoratSuperZCounterTakeType::Take
Combatives_Common_actRSHSA2,ArmorBreakLevel,激烈ラッシュ
Combatives_Common_actRSHSA2,bSuperCounterAvoidable,true
Combatives_Common_actRSHSA2,bSuperSelfishness,true
Combatives_Common_actRSHSA2,bBuffAvoidable,true
Combatives_Common_actRSHSA2,bPossibleAscertain,true
Combatives_Common_actRSHSA2,DestructionFieldScale,5
Combatives_Common_actRSHSA2M2_1,Power,180
Combatives_Common_actRSHSA2M2_1,EnergyGain,195
Combatives_Common_actRSHSA2M2_1,SmashLevelGaugeIncrement,0.4
Combatives_Common_actRSHSA2M2_1,SuperZCounterTakeType,EKoratSuperZCounterTakeType::Take
Combatives_Common_actRSHSA2M2_1,ArmorBreakLevel,激烈ラッシュ
Combatives_Common_actRSHSA2M2_1,bSuperCounterAvoidable,true
Combatives_Common_actRSHSA2M2_1,bSuperSelfishness,true
Combatives_Common_actRSHSA2M2_1,bBuffAvoidable,true
Combatives_Common_actRSHSA2M2_1,bPossibleAscertain,true
Combatives_Common_actRSHSA2M2_1,DestructionFieldScale,5
Combatives_Common_actRSHSA2M2_2F,Power,180
Combatives_Common_actRSHSA2M2_2F,EnergyGain,195
Combatives_Common_actRSHSA2M2_2F,SmashLevelGaugeIncrement,0.4
Combatives_Common_actRSHSA2M2_2F,SuperZCounterTakeType,EKoratSuperZCounterTakeType::Take
Combatives_Common_actRSHSA2M2_2F,ArmorBreakLevel,激烈ラッシュ
Combatives_Common_actRSHSA2M2_2F,bSuperCounterAvoidable,true
Combatives_Common_actRSHSA2M2_2F,bSuperSelfishness,true
Combatives_Common_actRSHSA2M2_2F,bBuffAvoidable,true
Combatives_Common_actRSHSA2M2_2F,bPossibleAscertain,true
Combatives_Common_actRSHSA2M2_2F,DestructionFieldScale,5
Combatives_Common_actRSHSA3,Power,312
Combatives_Common_actRSHSA3,EnergyGain,390
Combatives_Common_actRSHSA3,SmashLevelGaugeIncrement,0.08
Combatives_Common_actRSHSA3,SuperZCounterTakeType,EKoratSuperZCounterTakeType::Take
Combatives_Common_actRSHSA3,ArmorBreakLevel,激烈ラッシュ
Combatives_Common_actRSHSA3,bSuperCounterAvoidable,true
Combatives_Common_actRSHSA3,bSuperSelfishness,true
Combatives_Common_actRSHSA3,bBuffAvoidable,true
Combatives_Common_actRSHSA3,bPossibleAscertain,true
Combatives_Common_actRSHSA3,DestructionFieldScale,5
Combatives_Common_actRSHSA3M2_1,Power,180
Combatives_Common_actRSHSA3M2_1,EnergyGain,195
Combatives_Common_actRSHSA3M2_1,SmashLevelGaugeIncrement,0.4
Combatives_Common_actRSHSA3M2_1,SuperZCounterTakeType,EKoratSuperZCounterTakeType::Take
Combatives_Common_actRSHSA3M2_1,ArmorBreakLevel,激烈ラッシュ
Combatives_Common_actRSHSA3M2_1,bSuperCounterAvoidable,true
Combatives_Common_actRSHSA3M2_1,bSuperSelfishness,true
Combatives_Common_actRSHSA3M2_1,bBuffAvoidable,true
Combatives_Common_actRSHSA3M2_1,bPossibleAscertain,true
Combatives_Common_actRSHSA3M2_2F,Power,180
Combatives_Common_actRSHSA3M2_2F,EnergyGain,195
Combatives_Common_actRSHSA3M2_2F,SmashLevelGaugeIncrement,0.4
Combatives_Common_actRSHSA3M2_2F,SuperZCounterTakeType,EKoratSuperZCounterTakeType::Take
Combatives_Common_actRSHSA3M2_2F,ArmorBreakLevel,激烈ラッシュ
Combatives_Common_actRSHSA3M2_2F,bSuperCounterAvoidable,true
Combatives_Common_actRSHSA3M2_2F,bSuperSelfishness,true
Combatives_Common_actRSHSA3M2_2F,bBuffAvoidable,true
Combatives_Common_actRSHSA3M2_2F,bPossibleAscertain,true
Combatives_Common_actRSHSA3M3_1,Power,120
Combatives_Common_actRSHSA3M3_1,EnergyGain,130
Combatives_Common_actRSHSA3M3_1,SmashLevelGaugeIncrement,0.027
Combatives_Common_actRSHSA3M3_1,SuperZCounterTakeType,EKoratSuperZCounterTakeType::Take
Combatives_Common_actRSHSA3M3_1,ArmorBreakLevel,激烈ラッシュ
Combatives_Common_actRSHSA3M3_1,bSuperCounterAvoidable,true
Combatives_Common_actRSHSA3M3_1,bSuperSelfishness,true
Combatives_Common_actRSHSA3M3_1,bBuffAvoidable,true
Combatives_Common_actRSHSA3M3_1,bPossibleAscertain,true
Combatives_Common_actRSHSA3M3_2,Power,120
Combatives_Common_actRSHSA3M3_2,EnergyGain,130
Combatives_Common_actRSHSA3M3_2,SmashLevelGaugeIncrement,0.027
Combatives_Common_actRSHSA3M3_2,SuperZCounterTakeType,EKoratSuperZCounterTakeType::Take
Combatives_Common_actRSHSA3M3_2,ArmorBreakLevel,激烈ラッシュ
Combatives_Common_actRSHSA3M3_2,bSuperCounterAvoidable,true
Combatives_Common_actRSHSA3M3_2,bSuperSelfishness,true
Combatives_Common_actRSHSA3M3_2,bBuffAvoidable,true
Combatives_Common_actRSHSA3M3_2,bPossibleAscertain,true
Combatives_Common_actRSHSA3M3_3F,Power,120
Combatives_Common_actRSHSA3M3_3F,EnergyGain,130
Combatives_Common_actRSHSA3M3_3F,SmashLevelGaugeIncrement,0.027
Combatives_Common_actRSHSA3M3_3F,SuperZCounterTakeType,EKoratSuperZCounterTakeType::Take
Combatives_Common_actRSHSA3M3_3F,ArmorBreakLevel,激烈ラッシュ
Combatives_Common_actRSHSA3M3_3F,bSuperCounterAvoidable,true
Combatives_Common_actRSHSA3M3_3F,bSuperSelfishness,true
Combatives_Common_actRSHSA3M3_3F,bBuffAvoidable,true
Combatives_Common_actRSHSA3M3_3F,bPossibleAscertain,true
Combatives_Common_actRSHSA4,Power,432
Combatives_Common_actRSHSA4,EnergyGain,390
Combatives_Common_actRSHSA4,SmashLevelGaugeIncrement,0.08
Combatives_Common_actRSHSA4,SuperZCounterTakeType,EKoratSuperZCounterTakeType::Take
Combatives_Common_actRSHSA4,ArmorBreakLevel,激烈ラッシュ
Combatives_Common_actRSHSA4,bSuperCounterAvoidable,true
Combatives_Common_actRSHSA4,bSuperSelfishness,true
Combatives_Common_actRSHSA4,bBuffAvoidable,true
Combatives_Common_actRSHSA4,bPossibleAscertain,true
Combatives_Common_actRSHSA4,DestructionFieldScale,5
Combatives_Common_actRSHSA4M2_1,Power,180
Combatives_Common_actRSHSA4M2_1,EnergyGain,195
Combatives_Common_actRSHSA4M2_1,SmashLevelGaugeIncrement,0.4
Combatives_Common_actRSHSA4M2_1,SuperZCounterTakeType,EKoratSuperZCounterTakeType::Take
Combatives_Common_actRSHSA4M2_1,ArmorBreakLevel,激烈ラッシュ
Combatives_Common_actRSHSA4M2_1,bSuperCounterAvoidable,true
Combatives_Common_actRSHSA4M2_1,bSuperSelfishness,true
Combatives_Common_actRSHSA4M2_1,bBuffAvoidable,true
Combatives_Common_actRSHSA4M2_1,bPossibleAscertain,true
Combatives_Common_actRSHSA4M2_1,DestructionFieldScale,5
Combatives_Common_actRSHSA4M2_2F,Power,252
Combatives_Common_actRSHSA4M2_2F,EnergyGain,195
Combatives_Common_actRSHSA4M2_2F,SmashLevelGaugeIncrement,0.4
Combatives_Common_actRSHSA4M2_2F,SuperZCounterTakeType,EKoratSuperZCounterTakeType::Take
Combatives_Common_actRSHSA4M2_2F,ArmorBreakLevel,激烈ラッシュ
Combatives_Common_actRSHSA4M2_2F,bSuperCounterAvoidable,true
Combatives_Common_actRSHSA4M2_2F,bSuperSelfishness,true
Combatives_Common_actRSHSA4M2_2F,bBuffAvoidable,true
Combatives_Common_actRSHSA4M2_2F,bPossibleAscertain,true
Combatives_Common_actRSHSA4M2_2F,DestructionFieldScale,5
Combatives_Common_actRSHSA4M3_1,Power,120
Combatives_Common_actRSHSA4M3_1,EnergyGain,130
Combatives_Common_actRSHSA4M3_1,SmashLevelGaugeIncrement,0.027
Combatives_Common_actRSHSA4M3_1,SuperZCounterTakeType,EKoratSuperZCounterTakeType::Take
Combatives_Common_actRSHSA4M3_1,ArmorBreakLevel,激烈ラッシュ
Combatives_Common_actRSHSA4M3_1,bSuperCounterAvoidable,true
Combatives_Common_actRSHSA4M3_1,bSuperSelfishness,true
Combatives_Common_actRSHSA4M3_1,bBuffAvoidable,true
Combatives_Common_actRSHSA4M3_1,bPossibleAscertain,true
Combatives_Common_actRSHSA4M3_1,DestructionFieldScale,5
Combatives_Common_actRSHSA4M3_2,Power,120
Combatives_Common_actRSHSA4M3_2,EnergyGain,130
Combatives_Common_actRSHSA4M3_2,SmashLevelGaugeIncrement,0.027
Combatives_Common_actRSHSA4M3_2,SuperZCounterTakeType,EKoratSuperZCounterTakeType::Take
Combatives_Common_actRSHSA4M3_2,ArmorBreakLevel,激烈ラッシュ
Combatives_Common_actRSHSA4M3_2,bSuperCounterAvoidable,true
Combatives_Common_actRSHSA4M3_2,bSuperSelfishness,true
Combatives_Common_actRSHSA4M3_2,bBuffAvoidable,true
Combatives_Common_actRSHSA4M3_2,bPossibleAscertain,true
Combatives_Common_actRSHSA4M3_2,DestructionFieldScale,5
Combatives_Common_actRSHSA4M3_3F,Power,192
Combatives_Common_actRSHSA4M3_3F,EnergyGain,130
Combatives_Common_actRSHSA4M3_3F,SmashLevelGaugeIncrement,0.027
Combatives_Common_actRSHSA4M3_3F,SuperZCounterTakeType,EKoratSuperZCounterTakeType::Take
Combatives_Common_actRSHSA4M3_3F,ArmorBreakLevel,激烈ラッシュ
Combatives_Common_actRSHSA4M3_3F,bSuperCounterAvoidable,true
Combatives_Common_actRSHSA4M3_3F,bSuperSelfishness,true
Combatives_Common_actRSHSA4M3_3F,bBuffAvoidable,true
Combatives_Common_actRSHSA4M3_3F,bPossibleAscertain,true
Combatives_Common_actRSHSA4M3_3F,DestructionFieldScale,5
Combatives_Common_actRSHSB1,Power,336
Combatives_Common_actRSHSB1,EnergyGain,390
Combatives_Common_actRSHSB1,SmashLevelGaugeIncrement,144
Combatives_Common_actRSHSB1,SuperZCounterTakeType,EKoratSuperZCounterTakeType::Take
Combatives_Common_actRSHSB1,ArmorBreakLevel,激烈ラッシュ
Combatives_Common_actRSHSB1,bSuperCounterAvoidable,true
Combatives_Common_actRSHSB1,bSuperSelfishness,true
Combatives_Common_actRSHSB1,bBuffAvoidable,true
Combatives_Common_actRSHSB1,bPossibleAscertain,true
Combatives_Common_actRSHSB1,DestructionFieldScale,5
Combatives_Common_actRSHSB2,Power,336
Combatives_Common_actRSHSB2,EnergyGain,390
Combatives_Common_actRSHSB2,SmashLevelGaugeIncrement,144
Combatives_Common_actRSHSB2,SuperZCounterTakeType,EKoratSuperZCounterTakeType::Take
Combatives_Common_actRSHSB2,ArmorBreakLevel,激烈ラッシュ
Combatives_Common_actRSHSB2,bSuperCounterAvoidable,true
Combatives_Common_actRSHSB2,bSuperSelfishness,true
Combatives_Common_actRSHSB2,bBuffAvoidable,true
Combatives_Common_actRSHSB2,bPossibleAscertain,true
Combatives_Common_actRSHSB2,DestructionFieldScale,5
Combatives_Common_actRSHSB2M2_1,Power,180
Combatives_Common_actRSHSB2M2_1,EnergyGain,195
Combatives_Common_actRSHSB2M2_1,SmashLevelGaugeIncrement,0.072
Combatives_Common_actRSHSB2M2_1,SuperZCounterTakeType,EKoratSuperZCounterTakeType::Take
Combatives_Common_actRSHSB2M2_1,ArmorBreakLevel,激烈ラッシュ
Combatives_Common_actRSHSB2M2_1,bSuperCounterAvoidable,true
Combatives_Common_actRSHSB2M2_1,bSuperSelfishness,true
Combatives_Common_actRSHSB2M2_1,bBuffAvoidable,true
Combatives_Common_actRSHSB2M2_1,bPossibleAscertain,true
Combatives_Common_actRSHSB2M2_1,DestructionFieldScale,5
Combatives_Common_actRSHSB2M2_2F,Power,180
Combatives_Common_actRSHSB2M2_2F,EnergyGain,195
Combatives_Common_actRSHSB2M2_2F,SmashLevelGaugeIncrement,0.072
Combatives_Common_actRSHSB2M2_2F,SuperZCounterTakeType,EKoratSuperZCounterTakeType::Take
Combatives_Common_actRSHSB2M2_2F,ArmorBreakLevel,激烈ラッシュ
Combatives_Common_actRSHSB2M2_2F,bSuperCounterAvoidable,true
Combatives_Common_actRSHSB2M2_2F,bSuperSelfishness,true
Combatives_Common_actRSHSB2M2_2F,bBuffAvoidable,true
Combatives_Common_actRSHSB2M2_2F,bPossibleAscertain,true
Combatives_Common_actRSHSB2M2_2F,DestructionFieldScale,5
Combatives_Common_actRSHSB3,Power,336
Combatives_Common_actRSHSB3,EnergyGain,390
Combatives_Common_actRSHSB3,SmashLevelGaugeIncrement,144
Combatives_Common_actRSHSB3,SuperZCounterTakeType,EKoratSuperZCounterTakeType::Take
Combatives_Common_actRSHSB3,ArmorBreakLevel,激烈ラッシュ
Combatives_Common_actRSHSB3,bSuperCounterAvoidable,true
Combatives_Common_actRSHSB3,bSuperSelfishness,true
Combatives_Common_actRSHSB3,bBuffAvoidable,true
Combatives_Common_actRSHSB3,bPossibleAscertain,true
Combatives_Common_actRSHSB3,DestructionFieldScale,5
Combatives_Common_actRSHSB3M2_1,Power,180
Combatives_Common_actRSHSB3M2_1,EnergyGain,195
Combatives_Common_actRSHSB3M2_1,SmashLevelGaugeIncrement,0.072
Combatives_Common_actRSHSB3M2_1,SuperZCounterTakeType,EKoratSuperZCounterTakeType::Take
Combatives_Common_actRSHSB3M2_1,ArmorBreakLevel,激烈ラッシュ
Combatives_Common_actRSHSB3M2_1,bSuperCounterAvoidable,true
Combatives_Common_actRSHSB3M2_1,bSuperSelfishness,true
Combatives_Common_actRSHSB3M2_1,bBuffAvoidable,true
Combatives_Common_actRSHSB3M2_1,bPossibleAscertain,true
Combatives_Common_actRSHSB3M2_1,DestructionFieldScale,5
Combatives_Common_actRSHSB3M2_2F,Power,180
Combatives_Common_actRSHSB3M2_2F,EnergyGain,195
Combatives_Common_actRSHSB3M2_2F,SmashLevelGaugeIncrement,0.072
Combatives_Common_actRSHSB3M2_2F,SuperZCounterTakeType,EKoratSuperZCounterTakeType::Take
Combatives_Common_actRSHSB3M2_2F,ArmorBreakLevel,激烈ラッシュ
Combatives_Common_actRSHSB3M2_2F,bSuperCounterAvoidable,true
Combatives_Common_actRSHSB3M2_2F,bSuperSelfishness,true
Combatives_Common_actRSHSB3M2_2F,bBuffAvoidable,true
Combatives_Common_actRSHSB3M2_2F,bPossibleAscertain,true
Combatives_Common_actRSHSB3M2_2F,DestructionFieldScale,5
Combatives_Common_actRSHSB3M3_1,Power,120
Combatives_Common_actRSHSB3M3_1,EnergyGain,130
Combatives_Common_actRSHSB3M3_1,SmashLevelGaugeIncrement,0.048
Combatives_Common_actRSHSB3M3_1,SuperZCounterTakeType,EKoratSuperZCounterTakeType::Take
Combatives_Common_actRSHSB3M3_1,ArmorBreakLevel,激烈ラッシュ
Combatives_Common_actRSHSB3M3_1,bSuperCounterAvoidable,true
Combatives_Common_actRSHSB3M3_1,bSuperSelfishness,true
Combatives_Common_actRSHSB3M3_1,bBuffAvoidable,true
Combatives_Common_actRSHSB3M3_1,bPossibleAscertain,true
Combatives_Common_actRSHSB3M3_2,Power,120
Combatives_Common_actRSHSB3M3_2,EnergyGain,130
Combatives_Common_actRSHSB3M3_2,SmashLevelGaugeIncrement,0.048
Combatives_Common_actRSHSB3M3_2,SuperZCounterTakeType,EKoratSuperZCounterTakeType::Take
Combatives_Common_actRSHSB3M3_2,ArmorBreakLevel,激烈ラッシュ
Combatives_Common_actRSHSB3M3_2,bSuperCounterAvoidable,true
Combatives_Common_actRSHSB3M3_2,bSuperSelfishness,true
Combatives_Common_actRSHSB3M3_2,bBuffAvoidable,true
Combatives_Common_actRSHSB3M3_2,bPossibleAscertain,true
Combatives_Common_actRSHSB3M3_3F,Power,120
Combatives_Common_actRSHSB3M3_3F,EnergyGain,130
Combatives_Common_actRSHSB3M3_3F,SmashLevelGaugeIncrement,0.048
Combatives_Common_actRSHSB3M3_3F,SuperZCounterTakeType,EKoratSuperZCounterTakeType::Take
Combatives_Common_actRSHSB3M3_3F,ArmorBreakLevel,激烈ラッシュ
Combatives_Common_actRSHSB3M3_3F,bSuperCounterAvoidable,true
Combatives_Common_actRSHSB3M3_3F,bSuperSelfishness,true
Combatives_Common_actRSHSB3M3_3F,bBuffAvoidable,true
Combatives_Common_actRSHSB3M3_3F,bPossibleAscertain,true
Combatives_Common_actRSHSB4,Power,504
Combatives_Common_actRSHSB4,EnergyGain,390
Combatives_Common_actRSHSB4,SmashLevelGaugeIncrement,144
Combatives_Common_actRSHSB4,SuperZCounterTakeType,EKoratSuperZCounterTakeType::Take
Combatives_Common_actRSHSB4,ArmorBreakLevel,激烈ラッシュ
Combatives_Common_actRSHSB4,bSuperCounterAvoidable,true
Combatives_Common_actRSHSB4,bSuperSelfishness,true
Combatives_Common_actRSHSB4,bBuffAvoidable,true
Combatives_Common_actRSHSB4,bPossibleAscertain,true
Combatives_Common_actRSHSB4,DestructionFieldScale,5
Combatives_Common_actRSHSB4M2_1,Power,252
Combatives_Common_actRSHSB4M2_1,EnergyGain,195
Combatives_Common_actRSHSB4M2_1,SmashLevelGaugeIncrement,0.072
Combatives_Common_actRSHSB4M2_1,SuperZCounterTakeType,EKoratSuperZCounterTakeType::Take
Combatives_Common_actRSHSB4M2_1,ArmorBreakLevel,激烈ラッシュ
Combatives_Common_actRSHSB4M2_1,bSuperCounterAvoidable,true
Combatives_Common_actRSHSB4M2_1,bSuperSelfishness,true
Combatives_Common_actRSHSB4M2_1,bBuffAvoidable,true
Combatives_Common_actRSHSB4M2_1,bPossibleAscertain,true
Combatives_Common_actRSHSB4M2_1,DestructionFieldScale,5
Combatives_Common_actRSHSB4M2_2F,Power,252
Combatives_Common_actRSHSB4M2_2F,EnergyGain,195
Combatives_Common_actRSHSB4M2_2F,SmashLevelGaugeIncrement,0.072
Combatives_Common_actRSHSB4M2_2F,SuperZCounterTakeType,EKoratSuperZCounterTakeType::Take
Combatives_Common_actRSHSB4M2_2F,ArmorBreakLevel,激烈ラッシュ
Combatives_Common_actRSHSB4M2_2F,bSuperCounterAvoidable,true
Combatives_Common_actRSHSB4M2_2F,bSuperSelfishness,true
Combatives_Common_actRSHSB4M2_2F,bBuffAvoidable,true
Combatives_Common_actRSHSB4M2_2F,bPossibleAscertain,true
Combatives_Common_actRSHSB4M2_2F,DestructionFieldScale,5
Combatives_Common_actRSHSB4M3_1,Power,120
Combatives_Common_actRSHSB4M3_1,EnergyGain,130
Combatives_Common_actRSHSB4M3_1,SmashLevelGaugeIncrement,0.048
Combatives_Common_actRSHSB4M3_1,SuperZCounterTakeType,EKoratSuperZCounterTakeType::Take
Combatives_Common_actRSHSB4M3_1,ArmorBreakLevel,激烈ラッシュ
Combatives_Common_actRSHSB4M3_1,bSuperCounterAvoidable,true
Combatives_Common_actRSHSB4M3_1,bSuperSelfishness,true
Combatives_Common_actRSHSB4M3_1,bBuffAvoidable,true
Combatives_Common_actRSHSB4M3_1,bPossibleAscertain,true
Combatives_Common_actRSHSB4M3_1,DestructionFieldScale,5
Combatives_Common_actRSHSB4M3_2,Power,120
Combatives_Common_actRSHSB4M3_2,EnergyGain,130
Combatives_Common_actRSHSB4M3_2,SmashLevelGaugeIncrement,0.048
Combatives_Common_actRSHSB4M3_2,SuperZCounterTakeType,EKoratSuperZCounterTakeType::Take
Combatives_Common_actRSHSB4M3_2,ArmorBreakLevel,激烈ラッシュ
Combatives_Common_actRSHSB4M3_2,bSuperCounterAvoidable,true
Combatives_Common_actRSHSB4M3_2,bSuperSelfishness,true
Combatives_Common_actRSHSB4M3_2,bBuffAvoidable,true
Combatives_Common_actRSHSB4M3_2,bPossibleAscertain,true
Combatives_Common_actRSHSB4M3_2,DestructionFieldScale,5
Combatives_Common_actRSHSB4M3_3F,Power,264
Combatives_Common_actRSHSB4M3_3F,EnergyGain,130
Combatives_Common_actRSHSB4M3_3F,SmashLevelGaugeIncrement,0.048
Combatives_Common_actRSHSB4M3_3F,SuperZCounterTakeType,EKoratSuperZCounterTakeType::Take
Combatives_Common_actRSHSB4M3_3F,ArmorBreakLevel,激烈ラッシュ
Combatives_Common_actRSHSB4M3_3F,bSuperCounterAvoidable,true
Combatives_Common_actRSHSB4M3_3F,bSuperSelfishness,true
Combatives_Common_actRSHSB4M3_3F,bBuffAvoidable,true
Combatives_Common_actRSHSB4M3_3F,bPossibleAscertain,true
Combatives_Common_actRSHSB4M3_3F,DestructionFieldScale,5
Combatives_Common_actRSHSB4M4_1-3,Power,120
Combatives_Common_actRSHSB4M4_1-3,EnergyGain,97
Combatives_Common_actRSHSB4M4_1-3,SmashLevelGaugeIncrement,0.072
Combatives_Common_actRSHSB4M4_1-3,SuperZCounterTakeType,EKoratSuperZCounterTakeType::Take
Combatives_Common_actRSHSB4M4_1-3,ArmorBreakLevel,激烈ラッシュ
Combatives_Common_actRSHSB4M4_1-3,bSuperCounterAvoidable,true
Combatives_Common_actRSHSB4M4_1-3,bSuperSelfishness,true
Combatives_Common_actRSHSB4M4_1-3,bBuffAvoidable,true
Combatives_Common_actRSHSB4M4_1-3,bPossibleAscertain,true
Combatives_Common_actRSHSB4M4_1-3,DestructionFieldScale,5
Combatives_Common_actRSHSB4M4_4F,Power,144
Combatives_Common_actRSHSB4M4_4F,EnergyGain,97
Combatives_Common_actRSHSB4M4_4F,SmashLevelGaugeIncrement,0.072
Combatives_Common_actRSHSB4M4_4F,SuperZCounterTakeType,EKoratSuperZCounterTakeType::Take
Combatives_Common_actRSHSB4M4_4F,ArmorBreakLevel,激烈ラッシュ
Combatives_Common_actRSHSB4M4_4F,bSuperCounterAvoidable,true
Combatives_Common_actRSHSB4M4_4F,bSuperSelfishness,true
Combatives_Common_actRSHSB4M4_4F,bBuffAvoidable,true
Combatives_Common_actRSHSB4M4_4F,bPossibleAscertain,true
Combatives_Common_actRSHSB4M4_4F,DestructionFieldScale,5
Combatives_Common_actRVCA,Power,1000
Combatives_Common_actRVCA,EnergyGain,13000
Combatives_Common_actRVCA,SuperZCounterTakeType,EKoratSuperZCounterTakeType::Catch
Combatives_Common_actRVCA,ArmorBreakLevel,リベンジカウンター
Combatives_Common_actRVCA,bSuperCounterAvoidable,true
Combatives_Common_actRVCA,bSuperCounterAvoidableRevengeCounterShort,true
Combatives_Common_actRVCA,bBuffAvoidable,true
Combatives_Common_actRVCA,DestructionFieldScale,7
Combatives_Common_actRVCH,Power,1000
Combatives_Common_actRVCH,SuperZCounterTakeType,EKoratSuperZCounterTakeType::Catch
Combatives_Common_actRVCH,ArmorBreakLevel,リベンジカウンター
Combatives_Common_actRVCH,bSuperCounterAvoidable,true
Combatives_Common_actRVCH,bBuffAvoidable,true
Combatives_Common_actRVCH,DestructionFieldScale,7
Combatives_Common_actRVCL,Power,1000
Combatives_Common_actRVCL,SuperZCounterTakeType,EKoratSuperZCounterTakeType::Catch
Combatives_Common_actRVCL,ArmorBreakLevel,リベンジカウンター
Combatives_Common_actRVCL,bSuperCounterAvoidable,true
Combatives_Common_actRVCL,bBuffAvoidable,true
Combatives_Common_actRVCL,DestructionFieldScale,7
Combatives_Common_actRVCLM,Power,1000
Combatives_Common_actRVCLM,SuperZCounterTakeType,EKoratSuperZCounterTakeType::Catch
Combatives_Common_actRVCLM,ArmorBreakLevel,リベンジカウンター
Combatives_Common_actRVCLM,bSuperCounterAvoidable,true
Combatives_Common_actRVCLM,bBuffAvoidable,true
Combatives_Common_actRVCLM,DestructionFieldScale,7
Combatives_Common_actRVCLS,Power,1000
Combatives_Common_actRVCLS,SuperZCounterTakeType,EKoratSuperZCounterTakeType::Catch
Combatives_Common_actRVCLS,ArmorBreakLevel,リベンジカウンター
Combatives_Common_actRVCLS,bSuperCounterAvoidable,true
Combatives_Common_actRVCLS,bBuffAvoidable,true
Combatives_Common_actRVCLS,DestructionFieldScale,7
Combatives_Common_actRVCO,Power,0
Combatives_Common_actRVCO,ArmorBreakLevel,リベンジカウンター
Combatives_Common_actRVCO,bBuffAvoidable,true
Combatives_Common_actRVCO,DestructionFieldScale,7
Combatives_Common_actRVCOA,Power,1000
Combatives_Common_actRVCOA,EnergyGain,845
Combatives_Common_actRVCOA,SuperZCounterTakeType,EKoratSuperZCounterTakeType::Teleport
Combatives_Common_actRVCOA,ArmorBreakLevel,リベンジカウンター
Combatives_Common_actRVCOA,bSuperCounterAvoidable,true
Combatives_Common_actRVCOA,bBuffAvoidable,true
Combatives_Common_actRVCOA,DestructionFieldScale,7
Combatives_Common_actRVCR,Power,1000
Combatives_Common_actRVCR,SuperZCounterTakeType,EKoratSuperZCounterTakeType::Catch
Combatives_Common_actRVCR,ArmorBreakLevel,リベンジカウンター
Combatives_Common_actRVCR,bSuperCounterAvoidable,true
Combatives_Common_actRVCR,bBuffAvoidable,true
Combatives_Common_actRVCR,DestructionFieldScale,7
Combatives_Common_actRVCRM,Power,1000
Combatives_Common_actRVCRM,SuperZCounterTakeType,EKoratSuperZCounterTakeType::Catch
Combatives_Common_actRVCRM,ArmorBreakLevel,リベンジカウンター
Combatives_Common_actRVCRM,bSuperCounterAvoidable,true
Combatives_Common_actRVCRM,bBuffAvoidable,true
Combatives_Common_actRVCRM,DestructionFieldScale,7
Combatives_Common_actRVCRS,Power,1000
Combatives_Common_actRVCRS,SuperZCounterTakeType,EKoratSuperZCounterTakeType::Catch
Combatives_Common_actRVCRS,ArmorBreakLevel,リベンジカウンター
Combatives_Common_actRVCRS,bSuperCounterAvoidable,true
Combatives_Common_actRVCRS,bBuffAvoidable,true
Combatives_Common_actRVCRS,DestructionFieldScale,7
Combatives_Common_actRVCSD,Power,1000
Combatives_Common_actRVCSD,SuperZCounterTakeType,EKoratSuperZCounterTakeType::Teleport
Combatives_Common_actRVCSD,ArmorBreakLevel,リベンジカウンター
Combatives_Common_actRVCSD,bSuperCounterAvoidable,true
Combatives_Common_actRVCSD,bBuffAvoidable,true
Combatives_Common_actRVCSD,bAvoidHistep,true
Combatives_Common_actRVCSU,Power,1000
Combatives_Common_actRVCSU,SuperZCounterTakeType,EKoratSuperZCounterTakeType::Teleport
Combatives_Common_actRVCSU,ArmorBreakLevel,リベンジカウンター
Combatives_Common_actRVCSU,bSuperCounterAvoidable,true
Combatives_Common_actRVCSU,bBuffAvoidable,true
Combatives_Common_actRVCSU,bAvoidHistep,true
Combatives_Common_actRWF,Shave,240
Combatives_Common_actRWF,EnergyShave,2000
Combatives_Common_actRWF,SuperZCounterTakeType,EKoratSuperZCounterTakeType::Take
Combatives_Common_actRWF,ArmorBreakLevel,ラッシュ派生系(フルパワー)
Combatives_Common_actRWF,bSuperCounterAvoidable,true
Combatives_Common_actRWF,bBuffAvoidable,true
Combatives_Common_actRWF,DestructionFieldScale,7
Combatives_Common_actRWF1,Shave,240
Combatives_Common_actRWF1,EnergyShave,2000
Combatives_Common_actRWF1,SuperZCounterTakeType,EKoratSuperZCounterTakeType::Take
Combatives_Common_actRWF1,ArmorBreakLevel,ラッシュ派生系(フルパワー)
Combatives_Common_actRWF1,bSuperCounterAvoidable,true
Combatives_Common_actRWF1,bBuffAvoidable,true
Combatives_Common_actRWF1,DestructionFieldScale,7
Combatives_Common_actRWF2,Shave,240
Combatives_Common_actRWF2,EnergyShave,2000
Combatives_Common_actRWF2,ArmorBreakLevel,ラッシュ派生系(フルパワー)
Combatives_Common_actRWF2,bSuperCounterAvoidable,true
Combatives_Common_actRWF2,bBuffAvoidable,true
Combatives_Common_actRWF2,DestructionFieldScale,7
Combatives_Common_actRWN,Power,100
Combatives_Common_actRWN,Shave,70
Combatives_Common_actRWN,EnergyShave,600
Combatives_Common_actRWN,ArmorBreakLevel,気合砲・気爆波
Combatives_Common_actRWN,bSuperCounterAvoidable,true
Combatives_Common_actRWN,bBuffAvoidable,true
Combatives_Common_actRWN,DestructionFieldScale,7
Combatives_Common_actRWN1,Power,100
Combatives_Common_actRWN1,Shave,77
Combatives_Common_actRWN1,EnergyShave,600
Combatives_Common_actRWN1,SuperZCounterTakeType,EKoratSuperZCounterTakeType::Take
Combatives_Common_actRWN1,ArmorBreakLevel,気合砲・気爆波
Combatives_Common_actRWN1,bSuperCounterAvoidable,true
Combatives_Common_actRWN1,bBuffAvoidable,true
Combatives_Common_actRWN1,DestructionFieldScale,7
Combatives_Common_actRWN2,Power,100
Combatives_Common_actRWN2,Shave,77
Combatives_Common_actRWN2,EnergyShave,600
Combatives_Common_actRWN2,SuperZCounterTakeType,EKoratSuperZCounterTakeType::Take
Combatives_Common_actRWN2,ArmorBreakLevel,気合砲・気爆波
Combatives_Common_actRWN2,bSuperCounterAvoidable,true
Combatives_Common_actRWN2,bBuffAvoidable,true
Combatives_Common_actRWN2,DestructionFieldScale,7
Combatives_Common_actRWP,Shave,230
Combatives_Common_actRWP,EnergyShave,1200
Combatives_Common_actRWP,ArmorBreakLevel,ラッシュ派生系(パワー)
Combatives_Common_actRWP,bSuperCounterAvoidable,true
Combatives_Common_actRWP,bBuffAvoidable,true
Combatives_Common_actRWP,DestructionFieldScale,7
Combatives_Common_actRWP1,Shave,230
Combatives_Common_actRWP1,EnergyShave,1200
Combatives_Common_actRWP1,SuperZCounterTakeType,EKoratSuperZCounterTakeType::Take
Combatives_Common_actRWP1,ArmorBreakLevel,ラッシュ派生系(パワー)
Combatives_Common_actRWP1,bSuperCounterAvoidable,true
Combatives_Common_actRWP1,bBuffAvoidable,true
Combatives_Common_actRWP1,DestructionFieldScale,7
Combatives_Common_actRWP2,Shave,240
Combatives_Common_actRWP2,EnergyShave,1200
Combatives_Common_actRWP2,ArmorBreakLevel,ラッシュ派生系(パワー)
Combatives_Common_actRWP2,bSuperCounterAvoidable,true
Combatives_Common_actRWP2,bBuffAvoidable,true
Combatives_Common_actRWP2,DestructionFieldScale,7
Combatives_Common_actSCF,Power,1070
Combatives_Common_actSCF,EnergyGain,1690
Combatives_Common_actSCF,SuperZCounterTakeType,EKoratSuperZCounterTakeType::Take
Combatives_Common_actSCF,ArmorBreakLevel,気合砲・気爆波（フルパワー）
Combatives_Common_actSCF,bSuperCounterAvoidable,true
Combatives_Common_actSCF,bBuffAvoidable,true
Combatives_Common_actSCN,Power,620
Combatives_Common_actSCN,EnergyGain,845
Combatives_Common_actSCN,SuperZCounterTakeType,EKoratSuperZCounterTakeType::Take
Combatives_Common_actSCN,ArmorBreakLevel,気合砲・気爆波
Combatives_Common_actSCN,bSuperCounterAvoidable,true
Combatives_Common_actSCN,bBuffAvoidable,true
Combatives_Common_actSCP,Power,810
Combatives_Common_actSCP,EnergyGain,1300
Combatives_Common_actSCP,SuperZCounterTakeType,EKoratSuperZCounterTakeType::Take
Combatives_Common_actSCP,ArmorBreakLevel,気合砲・気爆波（パワー）
Combatives_Common_actSCP,bSuperCounterAvoidable,true
Combatives_Common_actSCP,bBuffAvoidable,true
Combatives_Common_actSCS,Power,640
Combatives_Common_actSCS,EnergyGain,845
Combatives_Common_actSCS,SuperZCounterTakeType,EKoratSuperZCounterTakeType::Take
Combatives_Common_actSCS,ArmorBreakLevel,ラッシュ派生のコンボ技
Combatives_Common_actSCS,bSuperCounterAvoidable,true
Combatives_Common_actSCS,bBuffAvoidable,true
Combatives_Common_actSCS,bAvoidHistep,true
Combatives_Common_actSFL,Power,0
Combatives_Common_actSFL,bNoKnockDownAttack,true
Combatives_Common_actSFL,DestructionFieldScale,7
Combatives_Common_actSI1,Power,500
Combatives_Common_actSI1,EnergyGain,1300
Combatives_Common_actSI1,SuperZCounterTakeType,EKoratSuperZCounterTakeType::Take
Combatives_Common_actSI1,ArmorBreakLevel,ラッシュ派生のコンボ技
Combatives_Common_actSI1,bSuperCounterAvoidable,true
Combatives_Common_actSI1,bBuffAvoidable,true
Combatives_Common_actSI1,bAvoidHistep,true
Combatives_Common_actSI1,DestructionFieldScale,7
Combatives_Common_actSI2,Power,620
Combatives_Common_actSI2,EnergyGain,1300
Combatives_Common_actSI2,SuperZCounterTakeType,EKoratSuperZCounterTakeType::Take
Combatives_Common_actSI2,ArmorBreakLevel,ラッシュ派生のコンボ技
Combatives_Common_actSI2,bSuperCounterAvoidable,true
Combatives_Common_actSI2,bBuffAvoidable,true
Combatives_Common_actSI2,bAvoidHistep,true
Combatives_Common_actSI2,DestructionFieldScale,7
Combatives_Common_actSIGtN,Power,0
Combatives_Common_actSIGtN,SuperZCounterTakeType,EKoratSuperZCounterTakeType::Take
Combatives_Common_actSIGtN,ArmorBreakLevel,ブラスト
Combatives_Common_actSIGtN,DestructionFieldScale,7
Combatives_Common_actSINtG,Power,4690
Combatives_Common_actSINtG,SuperZCounterTakeType,EKoratSuperZCounterTakeType::Take
Combatives_Common_actSINtG,ArmorBreakLevel,ブラスト
Combatives_Common_actSINtG,DestructionFieldScale,7
Combatives_Common_actSINtG_Low1,Power,4340
Combatives_Common_actSINtG_Low1,SuperZCounterTakeType,EKoratSuperZCounterTakeType::Take
Combatives_Common_actSINtG_Low1,ArmorBreakLevel,ブラスト
Combatives_Common_actSINtG_Low1,DestructionFieldScale,7
Combatives_Common_actSINtG_Low2,Power,3990
Combatives_Common_actSINtG_Low2,SuperZCounterTakeType,EKoratSuperZCounterTakeType::Take
Combatives_Common_actSINtG_Low2,ArmorBreakLevel,ブラスト
Combatives_Common_actSINtG_Low2,DestructionFieldScale,7
Combatives_Common_actSINtG_Unblock,Power,0
Combatives_Common_actSINtG_Unblock,SuperZCounterTakeType,EKoratSuperZCounterTakeType::Take
Combatives_Common_actSINtG_Unblock,ArmorBreakLevel,ブラスト
Combatives_Common_actSINtG_Unblock,DestructionFieldScale,7
Combatives_Common_actSINtG_Unblock_DEMO,Power,4690
Combatives_Common_actSINtG_Unblock_DEMO,SuperZCounterTakeType,EKoratSuperZCounterTakeType::Take
Combatives_Common_actSINtG_Unblock_DEMO,ArmorBreakLevel,ブラスト
Combatives_Common_actSINtG_Unblock_DEMO,DestructionFieldScale,7
Combatives_Common_actSINtGUB,Power,8400
Combatives_Common_actSINtGUB,SuperZCounterTakeType,EKoratSuperZCounterTakeType::Take
Combatives_Common_actSINtGUB,ArmorBreakLevel,ブラスト
Combatives_Common_actSINtGUB,DestructionFieldScale,7
Combatives_Common_actSINtGUB_High1,Power,8750
Combatives_Common_actSINtGUB_High1,SuperZCounterTakeType,EKoratSuperZCounterTakeType::Take
Combatives_Common_actSINtGUB_High1,ArmorBreakLevel,ブラスト
Combatives_Common_actSINtGUB_High1,DestructionFieldScale,7
Combatives_Common_actSINtGUB_High2,Power,9100
Combatives_Common_actSINtGUB_High2,SuperZCounterTakeType,EKoratSuperZCounterTakeType::Take
Combatives_Common_actSINtGUB_High2,ArmorBreakLevel,ブラスト
Combatives_Common_actSINtGUB_High2,DestructionFieldScale,7
Combatives_Common_actSINtGUB_High3,Power,9450
Combatives_Common_actSINtGUB_High3,SuperZCounterTakeType,EKoratSuperZCounterTakeType::Take
Combatives_Common_actSINtGUB_High3,ArmorBreakLevel,ブラスト
Combatives_Common_actSINtGUB_High3,DestructionFieldScale,7
Combatives_Common_actSINtGUB_Unblock,Power,0
Combatives_Common_actSINtGUB_Unblock,SuperZCounterTakeType,EKoratSuperZCounterTakeType::Take
Combatives_Common_actSINtGUB_Unblock,ArmorBreakLevel,ブラスト
Combatives_Common_actSINtGUB_Unblock,DestructionFieldScale,7
Combatives_Common_actSMDF,Power,1120
Combatives_Common_actSMDF,EnergyGain,1755
Combatives_Common_actSMDF,SuperZCounterTakeType,EKoratSuperZCounterTakeType::Take
Combatives_Common_actSMDF,ArmorBreakLevel,スマッシュ格闘系(フルパワー)
Combatives_Common_actSMDF,bSuperCounterAvoidable,true
Combatives_Common_actSMDF,bBuffAvoidable,true
Combatives_Common_actSMDF,bAvoidHistep,true
Combatives_Common_actSMDF,DestructionFieldScale,7
Combatives_Common_actSMDH,Power,1960
Combatives_Common_actSMDH,ArmorBreakLevel,ハイパースマッシュ系
Combatives_Common_actSMDH,bSuperCounterAvoidable,true
Combatives_Common_actSMDH,bBuffAvoidable,true
Combatives_Common_actSMDH,bAvoidHistep,true
Combatives_Common_actSMDH,DestructionFieldScale,7
Combatives_Common_actSMDJ,Power,1120
Combatives_Common_actSMDJ,EnergyGain,1755
Combatives_Common_actSMDJ,ArmorBreakLevel,スマッシュ格闘系(ジャスト)
Combatives_Common_actSMDJ,bSuperCounterAvoidable,true
Combatives_Common_actSMDJ,bBuffAvoidable,true
Combatives_Common_actSMDJ,bAvoidHistep,true
Combatives_Common_actSMDJ,DestructionFieldScale,7
Combatives_Common_actSMDN,Power,540
Combatives_Common_actSMDN,EnergyGain,845
Combatives_Common_actSMDN,SmashLevelGaugeIncrement,0.096
Combatives_Common_actSMDN,SuperZCounterTakeType,EKoratSuperZCounterTakeType::Take
Combatives_Common_actSMDN,ArmorBreakLevel,スマッシュ格闘系
Combatives_Common_actSMDN,bSuperCounterAvoidable,true
Combatives_Common_actSMDN,bBuffAvoidable,true
Combatives_Common_actSMDN,bAvoidHistep,true
Combatives_Common_actSMDN,bInterruptGuard,true
Combatives_Common_actSMDN,DestructionFieldScale,7
Combatives_Common_actSMDP,Power,900
Combatives_Common_actSMDP,EnergyGain,1300
Combatives_Common_actSMDP,SuperZCounterTakeType,EKoratSuperZCounterTakeType::Take
Combatives_Common_actSMDP,ArmorBreakLevel,スマッシュ格闘系(パワー)
Combatives_Common_actSMDP,bSuperCounterAvoidable,true
Combatives_Common_actSMDP,bBuffAvoidable,true
Combatives_Common_actSMDP,bAvoidHistep,true
Combatives_Common_actSMDP,DestructionFieldScale,7
Combatives_Common_actSMLF,Power,1120
Combatives_Common_actSMLF,EnergyGain,1755
Combatives_Common_actSMLF,SuperZCounterTakeType,EKoratSuperZCounterTakeType::Take
Combatives_Common_actSMLF,ArmorBreakLevel,スマッシュ格闘系(フルパワー)
Combatives_Common_actSMLF,bSuperCounterAvoidable,true
Combatives_Common_actSMLF,bBuffAvoidable,true
Combatives_Common_actSMLF,bAvoidHistep,true
Combatives_Common_actSMLF,DestructionFieldScale,7
Combatives_Common_actSMLH,Power,1960
Combatives_Common_actSMLH,ArmorBreakLevel,ハイパースマッシュ系
Combatives_Common_actSMLH,bSuperCounterAvoidable,true
Combatives_Common_actSMLH,bBuffAvoidable,true
Combatives_Common_actSMLH,bAvoidHistep,true
Combatives_Common_actSMLH,DestructionFieldScale,7
Combatives_Common_actSMLJ,Power,1120
Combatives_Common_actSMLJ,EnergyGain,1755
Combatives_Common_actSMLJ,ArmorBreakLevel,スマッシュ格闘系(ジャスト)
Combatives_Common_actSMLJ,bSuperCounterAvoidable,true
Combatives_Common_actSMLJ,bBuffAvoidable,true
Combatives_Common_actSMLJ,bAvoidHistep,true
Combatives_Common_actSMLJ,DestructionFieldScale,7
Combatives_Common_actSMLN,Power,540
Combatives_Common_actSMLN,EnergyGain,845
Combatives_Common_actSMLN,SmashLevelGaugeIncrement,0.096
Combatives_Common_actSMLN,SuperZCounterTakeType,EKoratSuperZCounterTakeType::Take
Combatives_Common_actSMLN,ArmorBreakLevel,スマッシュ格闘系
Combatives_Common_actSMLN,bSuperCounterAvoidable,true
Combatives_Common_actSMLN,bBuffAvoidable,true
Combatives_Common_actSMLN,bAvoidHistep,true
Combatives_Common_actSMLN,bInterruptGuard,true
Combatives_Common_actSMLN,DestructionFieldScale,7
Combatives_Common_actSMLP,Power,900
Combatives_Common_actSMLP,EnergyGain,1300
Combatives_Common_actSMLP,SuperZCounterTakeType,EKoratSuperZCounterTakeType::Take
Combatives_Common_actSMLP,ArmorBreakLevel,スマッシュ格闘系(パワー)
Combatives_Common_actSMLP,bSuperCounterAvoidable,true
Combatives_Common_actSMLP,bBuffAvoidable,true
Combatives_Common_actSMLP,bAvoidHistep,true
Combatives_Common_actSMLP,DestructionFieldScale,7
Combatives_Common_actSMMF,Power,1120
Combatives_Common_actSMMF,EnergyGain,1755
Combatives_Common_actSMMF,SuperZCounterTakeType,EKoratSuperZCounterTakeType::Take
Combatives_Common_actSMMF,ArmorBreakLevel,スマッシュ格闘系(フルパワー)
Combatives_Common_actSMMF,bSuperCounterAvoidable,true
Combatives_Common_actSMMF,bBuffAvoidable,true
Combatives_Common_actSMMF,bAvoidHistep,true
Combatives_Common_actSMMF,DestructionFieldScale,7
Combatives_Common_actSMMH,Power,1960
Combatives_Common_actSMMH,ArmorBreakLevel,ハイパースマッシュ系
Combatives_Common_actSMMH,bSuperCounterAvoidable,true
Combatives_Common_actSMMH,bBuffAvoidable,true
Combatives_Common_actSMMH,bAvoidHistep,true
Combatives_Common_actSMMH,DestructionFieldScale,7
Combatives_Common_actSMMJ,Power,1120
Combatives_Common_actSMMJ,EnergyGain,1755
Combatives_Common_actSMMJ,ArmorBreakLevel,スマッシュ格闘系(ジャスト)
Combatives_Common_actSMMJ,bSuperCounterAvoidable,true
Combatives_Common_actSMMJ,bBuffAvoidable,true
Combatives_Common_actSMMJ,bAvoidHistep,true
Combatives_Common_actSMMJ,DestructionFieldScale,7
Combatives_Common_actSMMN,Power,540
Combatives_Common_actSMMN,EnergyGain,845
Combatives_Common_actSMMN,SmashLevelGaugeIncrement,0.096
Combatives_Common_actSMMN,SuperZCounterTakeType,EKoratSuperZCounterTakeType::Take
Combatives_Common_actSMMN,ArmorBreakLevel,スマッシュ格闘系
Combatives_Common_actSMMN,bSuperCounterAvoidable,true
Combatives_Common_actSMMN,bBuffAvoidable,true
Combatives_Common_actSMMN,bAvoidHistep,true
Combatives_Common_actSMMN,bInterruptGuard,true
Combatives_Common_actSMMN,DestructionFieldScale,7
Combatives_Common_actSMMP,Power,900
Combatives_Common_actSMMP,EnergyGain,1300
Combatives_Common_actSMMP,SuperZCounterTakeType,EKoratSuperZCounterTakeType::Take
Combatives_Common_actSMMP,ArmorBreakLevel,スマッシュ格闘系(パワー)
Combatives_Common_actSMMP,bSuperCounterAvoidable,true
Combatives_Common_actSMMP,bBuffAvoidable,true
Combatives_Common_actSMMP,bAvoidHistep,true
Combatives_Common_actSMMP,DestructionFieldScale,7
Combatives_Common_actSMRF,Power,1120
Combatives_Common_actSMRF,EnergyGain,1755
Combatives_Common_actSMRF,SuperZCounterTakeType,EKoratSuperZCounterTakeType::Take
Combatives_Common_actSMRF,ArmorBreakLevel,スマッシュ格闘系(フルパワー)
Combatives_Common_actSMRF,bSuperCounterAvoidable,true
Combatives_Common_actSMRF,bBuffAvoidable,true
Combatives_Common_actSMRF,bAvoidHistep,true
Combatives_Common_actSMRF,DestructionFieldScale,7
Combatives_Common_actSMRH,Power,1960
Combatives_Common_actSMRH,ArmorBreakLevel,ハイパースマッシュ系
Combatives_Common_actSMRH,bSuperCounterAvoidable,true
Combatives_Common_actSMRH,bBuffAvoidable,true
Combatives_Common_actSMRH,bAvoidHistep,true
Combatives_Common_actSMRH,DestructionFieldScale,7
Combatives_Common_actSMRJ,Power,1120
Combatives_Common_actSMRJ,EnergyGain,1755
Combatives_Common_actSMRJ,ArmorBreakLevel,スマッシュ格闘系(ジャスト)
Combatives_Common_actSMRJ,bSuperCounterAvoidable,true
Combatives_Common_actSMRJ,bBuffAvoidable,true
Combatives_Common_actSMRJ,bAvoidHistep,true
Combatives_Common_actSMRJ,DestructionFieldScale,7
Combatives_Common_actSMRN,Power,540
Combatives_Common_actSMRN,EnergyGain,845
Combatives_Common_actSMRN,SmashLevelGaugeIncrement,0.096
Combatives_Common_actSMRN,SuperZCounterTakeType,EKoratSuperZCounterTakeType::Take
Combatives_Common_actSMRN,ArmorBreakLevel,スマッシュ格闘系
Combatives_Common_actSMRN,bSuperCounterAvoidable,true
Combatives_Common_actSMRN,bBuffAvoidable,true
Combatives_Common_actSMRN,bAvoidHistep,true
Combatives_Common_actSMRN,bInterruptGuard,true
Combatives_Common_actSMRN,DestructionFieldScale,7
Combatives_Common_actSMRP,Power,900
Combatives_Common_actSMRP,EnergyGain,1300
Combatives_Common_actSMRP,SuperZCounterTakeType,EKoratSuperZCounterTakeType::Take
Combatives_Common_actSMRP,ArmorBreakLevel,スマッシュ格闘系(パワー)
Combatives_Common_actSMRP,bSuperCounterAvoidable,true
Combatives_Common_actSMRP,bBuffAvoidable,true
Combatives_Common_actSMRP,bAvoidHistep,true
Combatives_Common_actSMRP,DestructionFieldScale,7
Combatives_Common_actSMUF,Power,1120
Combatives_Common_actSMUF,EnergyGain,1755
Combatives_Common_actSMUF,SuperZCounterTakeType,EKoratSuperZCounterTakeType::Take
Combatives_Common_actSMUF,ArmorBreakLevel,スマッシュ格闘系(フルパワー)
Combatives_Common_actSMUF,bSuperCounterAvoidable,true
Combatives_Common_actSMUF,bBuffAvoidable,true
Combatives_Common_actSMUF,bAvoidHistep,true
Combatives_Common_actSMUF,DestructionFieldScale,7
Combatives_Common_actSMUH,Power,1960
Combatives_Common_actSMUH,ArmorBreakLevel,ハイパースマッシュ系
Combatives_Common_actSMUH,bSuperCounterAvoidable,true
Combatives_Common_actSMUH,bBuffAvoidable,true
Combatives_Common_actSMUH,bAvoidHistep,true
Combatives_Common_actSMUH,DestructionFieldScale,7
Combatives_Common_actSMUJ,Power,1120
Combatives_Common_actSMUJ,EnergyGain,1755
Combatives_Common_actSMUJ,ArmorBreakLevel,スマッシュ格闘系(ジャスト)
Combatives_Common_actSMUJ,bSuperCounterAvoidable,true
Combatives_Common_actSMUJ,bBuffAvoidable,true
Combatives_Common_actSMUJ,bAvoidHistep,true
Combatives_Common_actSMUJ,DestructionFieldScale,7
Combatives_Common_actSMUN,Power,540
Combatives_Common_actSMUN,EnergyGain,845
Combatives_Common_actSMUN,SmashLevelGaugeIncrement,0.096
Combatives_Common_actSMUN,SuperZCounterTakeType,EKoratSuperZCounterTakeType::Take
Combatives_Common_actSMUN,ArmorBreakLevel,スマッシュ格闘系
Combatives_Common_actSMUN,bSuperCounterAvoidable,true
Combatives_Common_actSMUN,bBuffAvoidable,true
Combatives_Common_actSMUN,bAvoidHistep,true
Combatives_Common_actSMUN,bInterruptGuard,true
Combatives_Common_actSMUN,DestructionFieldScale,7
Combatives_Common_actSMUP,Power,900
Combatives_Common_actSMUP,EnergyGain,1300
Combatives_Common_actSMUP,SuperZCounterTakeType,EKoratSuperZCounterTakeType::Take
Combatives_Common_actSMUP,ArmorBreakLevel,スマッシュ格闘系(パワー)
Combatives_Common_actSMUP,bSuperCounterAvoidable,true
Combatives_Common_actSMUP,bBuffAvoidable,true
Combatives_Common_actSMUP,bAvoidHistep,true
Combatives_Common_actSMUP,DestructionFieldScale,7
Combatives_Common_actSPC,Power,0
Combatives_Common_actSPC,bNoKnockDownAttack,true
Combatives_Common_actSPC,ArmorBreakLevel,ブラスト
Combatives_Common_actSPC,DestructionFieldScale,10
Combatives_Common_actSPC,bEnergyBulletCollision,true
Combatives_Common_actSPC,EnergyBulletCollisionPriority,65536
Combatives_Common_actSPC,bEnergyBullectCollisionSpecial,true
Combatives_Common_actSPC,bForceDestroyBullet,true
Combatives_Common_actSPC,OffsetPitch,360
Combatives_Common_actSPC,OffsetYaw,360
Combatives_Common_actSPC_NoHIT,Power,0
Combatives_Common_actSPC_NoHIT,bNoKnockDownAttack,true
Combatives_Common_actSPC_NoHIT,DestructionFieldScale,0
Combatives_Common_actSPC_NoHIT,bEnergyBulletCollision,true
Combatives_Common_actSPC_NoHIT,EnergyBulletCollisionPriority,65536
Combatives_Common_actSPC_NoHIT,bEnergyBullectCollisionSpecial,true
Combatives_Common_actSPC_NoHIT,bForceDestroyBullet,true
Combatives_Common_actSPC_NoHIT,OffsetPitch,360
Combatives_Common_actSPC_NoHIT,OffsetYaw,360
Combatives_Common_actSPF1,Power,0
Combatives_Common_actSPF1,bNoKnockDownAttack,true
Combatives_Common_actSPF1,DestructionFieldScale,7
Combatives_Common_actSPF1C,Power,0
Combatives_Common_actSPF1C,bNoKnockDownAttack,true
Combatives_Common_actSPF1C,DestructionFieldScale,7
Combatives_Common_actSPF1W,Power,1000
Combatives_Common_actSPF1W,EnergyGain,1300
Combatives_Common_actSPF1W,ArmorBreakLevel,スマッシュ格闘系(フルパワー)
Combatives_Common_actSPF1W,DestructionFieldScale,7
Combatives_Common_actSPF2,Power,0
Combatives_Common_actSPF2,bNoKnockDownAttack,true
Combatives_Common_actSPF2,DestructionFieldScale,7
Combatives_Common_actSPF2C,Power,0
Combatives_Common_actSPF2C,bNoKnockDownAttack,true
Combatives_Common_actSPF2C,DestructionFieldScale,7
Combatives_Common_actSPF2W,Power,1000
Combatives_Common_actSPF2W,EnergyGain,1300
Combatives_Common_actSPF2W,ArmorBreakLevel,スマッシュ格闘系(フルパワー)
Combatives_Common_actSPF2W,DestructionFieldScale,7
Combatives_Common_actSPFGtN,Power,0
Combatives_Common_actSPFGtN,SuperZCounterTakeType,EKoratSuperZCounterTakeType::Take
Combatives_Common_actSPFGtN,ArmorBreakLevel,ブラスト
Combatives_Common_actSPFGtN,DestructionFieldScale,7
Combatives_Common_actSPM2HD1P,Power,6700
Combatives_Common_actSPM2HD1P,ArmorBreakLevel,ブラスト
Combatives_Common_actSPMSI_Attack,Power,0
Combatives_Common_actSPMSI_Attack,bNoKnockDownAttack,true
Combatives_Common_actSPMSI_Attack,SuperZCounterTakeType,EKoratSuperZCounterTakeType::Teleport
Combatives_Common_actSPMSI_Attack,ArmorBreakLevel,ブラスト
Combatives_Common_actSPMSI_Attack,bBuffAvoidable,true
Combatives_Common_actSPMSI_Attack,bAvoidHistep,true
Combatives_Common_actSPMSI_Attack,DestructionFieldScale,7
Combatives_Common_actSPMSI_Throw,Power,0
Combatives_Common_actSPMSI_Throw,bNoKnockDownAttack,true
Combatives_Common_actSPMSI_Throw,SuperZCounterTakeType,EKoratSuperZCounterTakeType::Teleport
Combatives_Common_actSPMSI_Throw,ArmorBreakLevel,ブラスト
Combatives_Common_actSPMSI_Throw,bBuffAvoidable,true
Combatives_Common_actSPMSI_Throw,bAvoidHistep,true
Combatives_Common_actSPMSI_Throw,DestructionFieldScale,7
Combatives_Common_actSPSF,Power,0
Combatives_Common_actSPSF,ArmorBreakLevel,None
Combatives_Common_actSPSF,bSuperCounterAvoidable,true
Combatives_Common_actSPSF,bBuffAvoidable,true
Combatives_Common_actSPSF,bAvoidHistep,true
Combatives_Common_actSPSF,DestructionFieldScale,7
Combatives_Common_actSPSN,Power,0
Combatives_Common_actSPSN,ArmorBreakLevel,None
Combatives_Common_actSPSN,bSuperCounterAvoidable,true
Combatives_Common_actSPSN,bBuffAvoidable,true
Combatives_Common_actSPSN,bAvoidHistep,true
Combatives_Common_actSPSN,DestructionFieldScale,7
Combatives_Common_actSPSP,Power,0
Combatives_Common_actSPSP,ArmorBreakLevel,None
Combatives_Common_actSPSP,bSuperCounterAvoidable,true
Combatives_Common_actSPSP,bBuffAvoidable,true
Combatives_Common_actSPSP,bAvoidHistep,true
Combatives_Common_actSPSP,DestructionFieldScale,7
Combatives_Common_actSRDF,Power,1120
Combatives_Common_actSRDF,EnergyGain,1755
Combatives_Common_actSRDF,ArmorBreakLevel,スマッシュ格闘系(フルパワー)
Combatives_Common_actSRDF,bBuffAvoidable,true
Combatives_Common_actSRDF,DestructionFieldScale,5
Combatives_Common_actSRDN,Power,540
Combatives_Common_actSRDN,EnergyGain,845
Combatives_Common_actSRDN,ArmorBreakLevel,スマッシュ格闘系(フルパワー)
Combatives_Common_actSRDN,bBuffAvoidable,true
Combatives_Common_actSRDN,DestructionFieldScale,5
Combatives_Common_actSRDP,Power,900
Combatives_Common_actSRDP,EnergyGain,1300
Combatives_Common_actSRDP,ArmorBreakLevel,スマッシュ格闘系(フルパワー)
Combatives_Common_actSRDP,bBuffAvoidable,true
Combatives_Common_actSRDP,DestructionFieldScale,5
Combatives_Common_actSRS,Power,0
Combatives_Common_actSRS,bNoKnockDownAttack,true
Combatives_Common_actSRS,DestructionFieldScale,7
Combatives_Common_actSSA,Power,1070
Combatives_Common_actSSA,EnergyGain,845
Combatives_Common_actSSA,ArmorBreakLevel,スマッシュ格闘系(フルパワー)
Combatives_Common_actSSA,bBuffAvoidable,true
Combatives_Common_actSSA,DestructionFieldScale,7
Combatives_Common_actSSW1PFN,Power,1000
Combatives_Common_actSSW1PFN,ArmorBreakLevel,スマッシュ格闘系(フルパワー)
Combatives_Common_actSSW1PFN,bSuperCounterAvoidable,true
Combatives_Common_actSSW1PFN,bAvoidHistep,true
Combatives_Common_actSZCADA,Power,1070
Combatives_Common_actSZCADA,SuperZCounterTakeType,EKoratSuperZCounterTakeType::Take
Combatives_Common_actSZCADA,ArmorBreakLevel,Zカウンター1&2
Combatives_Common_actSZCADA,DestructionFieldScale,7
Combatives_Common_actSZCADG,Power,0
Combatives_Common_actSZCADG,ArmorBreakLevel,Zカウンター1&2
Combatives_Common_actSZCALA,Power,1070
Combatives_Common_actSZCALA,SuperZCounterTakeType,EKoratSuperZCounterTakeType::Take
Combatives_Common_actSZCALA,ArmorBreakLevel,Zカウンター1&2
Combatives_Common_actSZCALA,DestructionFieldScale,7
Combatives_Common_actSZCALG,Power,0
Combatives_Common_actSZCALG,ArmorBreakLevel,Zカウンター1&2
Combatives_Common_actSZCAMA,Power,1070
Combatives_Common_actSZCAMA,SuperZCounterTakeType,EKoratSuperZCounterTakeType::Take
Combatives_Common_actSZCAMA,ArmorBreakLevel,Zカウンター1&2
Combatives_Common_actSZCAMA,DestructionFieldScale,7
Combatives_Common_actSZCAMG,Power,0
Combatives_Common_actSZCAMG,ArmorBreakLevel,Zカウンター1&2
Combatives_Common_actSZCARA,Power,1070
Combatives_Common_actSZCARA,SuperZCounterTakeType,EKoratSuperZCounterTakeType::Take
Combatives_Common_actSZCARA,ArmorBreakLevel,Zカウンター1&2
Combatives_Common_actSZCARA,DestructionFieldScale,7
Combatives_Common_actSZCARG,Power,0
Combatives_Common_actSZCARG,ArmorBreakLevel,Zカウンター1&2
Combatives_Common_actSZCAUA,Power,1070
Combatives_Common_actSZCAUA,SuperZCounterTakeType,EKoratSuperZCounterTakeType::Take
Combatives_Common_actSZCAUA,ArmorBreakLevel,Zカウンター1&2
Combatives_Common_actSZCAUA,DestructionFieldScale,7
Combatives_Common_actSZCAUG,Power,0
Combatives_Common_actSZCAUG,ArmorBreakLevel,Zカウンター1&2
Combatives_Common_actSZCC,Power,0
Combatives_Common_actSZCCP,Power,0
Combatives_Common_actSZCCP,ArmorBreakLevel,Zカウンター1&2
Combatives_Common_actSZCCP,DestructionFieldScale,7
Combatives_Common_actSZCCS,Power,1070
Combatives_Common_actSZCCS,EnergyGain,13000
Combatives_Common_actSZCCS,ArmorBreakLevel,Zカウンター1&2
Combatives_Common_actSZCCS,DestructionFieldScale,7
Combatives_Common_actSZCVS,Power,1070
Combatives_Common_actSZCVS,EnergyDamage,10000
Combatives_Common_actSZCVS,EnergyGain,13000
Combatives_Common_actSZCVS,ArmorBreakLevel,Zカウンター1&2
Combatives_Common_actSZCVS,DestructionFieldScale,7
Combatives_Common_actTA1,Power,500
Combatives_Common_actTA1,EnergyGain,845
Combatives_Common_actTA1,SuperZCounterTakeType,EKoratSuperZCounterTakeType::Take
Combatives_Common_actTA1,ArmorBreakLevel,ラッシュ派生のコンボ技
Combatives_Common_actTA1,bSuperCounterAvoidable,true
Combatives_Common_actTA1,bBuffAvoidable,true
Combatives_Common_actTA1,bAvoidHistep,true
Combatives_Common_actTA2,Power,620
Combatives_Common_actTA2,EnergyGain,1300
Combatives_Common_actTA2,SuperZCounterTakeType,EKoratSuperZCounterTakeType::Take
Combatives_Common_actTA2,ArmorBreakLevel,ラッシュ派生のコンボ技
Combatives_Common_actTA2,bSuperCounterAvoidable,true
Combatives_Common_actTA2,bBuffAvoidable,true
Combatives_Common_actTA2,bAvoidHistep,true
Combatives_Common_actTA3,Power,740
Combatives_Common_actTA3,EnergyGain,1755
Combatives_Common_actTA3,SuperZCounterTakeType,EKoratSuperZCounterTakeType::Take
Combatives_Common_actTA3,ArmorBreakLevel,ラッシュ派生のコンボ技
Combatives_Common_actTA3,bSuperCounterAvoidable,true
Combatives_Common_actTA3,bBuffAvoidable,true
Combatives_Common_actTA3,bAvoidHistep,true
Combatives_Common_actTRW,Power,0
Combatives_Common_actTRW,ArmorBreakLevel,投げ系
Combatives_Common_actTRW,bSuperCounterAvoidable,true
Combatives_Common_actTRW1P,Power,1000
Combatives_Common_actTRW1P,EnergyGain,1755
Combatives_Common_actTRW1P,ArmorBreakLevel,投げ系
Combatives_Common_actULTHD1P,Power,12000
Combatives_Common_actULTHD1P,ArmorBreakLevel,ブラスト
Combatives_Common_actULTHD1P_High1,Power,12500
Combatives_Common_actULTHD1P_High1,ArmorBreakLevel,ブラスト
Combatives_Common_actULTHD1P_High2,Power,13000
Combatives_Common_actULTHD1P_High2,ArmorBreakLevel,ブラスト
Combatives_Common_actULTHD1P_High3,Power,13500
Combatives_Common_actULTHD1P_High3,ArmorBreakLevel,ブラスト
Combatives_Common_actULTHD1P_High4,Power,14000
Combatives_Common_actULTHD1P_High4,ArmorBreakLevel,ブラスト
Combatives_Common_actULTHD1P_High6,Power,16000
Combatives_Common_actULTHD1P_High6,ArmorBreakLevel,ブラスト
Combatives_Common_actULTHD1P_Low1,Power,11500
Combatives_Common_actULTHD1P_Low1,ArmorBreakLevel,ブラスト
Combatives_Common_actULTHD1P_Low2,Power,11000
Combatives_Common_actULTHD1P_Low2,ArmorBreakLevel,ブラスト
Combatives_Common_actULTSI_Attack,Power,0
Combatives_Common_actULTSI_Attack,bNoKnockDownAttack,true
Combatives_Common_actULTSI_Attack,ArmorBreakLevel,ブラスト
Combatives_Common_actULTSI_Attack,bBuffAvoidable,true
Combatives_Common_actULTSI_Attack,bAvoidHistep,true
Combatives_Common_actULTSI_Attack,DestructionFieldScale,7
Combatives_Common_actULTSI_Throw,Power,0
Combatives_Common_actULTSI_Throw,bNoKnockDownAttack,true
Combatives_Common_actULTSI_Throw,ArmorBreakLevel,ブラスト
Combatives_Common_actULTSI_Throw,bBuffAvoidable,true
Combatives_Common_actULTSI_Throw,bAvoidHistep,true
Combatives_Common_actULTSI_Throw,DestructionFieldScale,7
Combatives_Common_actVAAD,Power,1000
Combatives_Common_actVAAD,EnergyGain,1755
Combatives_Common_actVAAD,SuperZCounterTakeType,EKoratSuperZCounterTakeType::Take
Combatives_Common_actVAAD,ArmorBreakLevel,スマッシュ格闘系(フルパワー)
Combatives_Common_actVAAD,bZCounterAvoidable,true
Combatives_Common_actVAAD,bSuperCounterAvoidable,true
Combatives_Common_actVAAD,bBuffAvoidable,true
Combatives_Common_actVAAD,DestructionFieldScale,7
Combatives_Common_actVAAD,OffsetPitch,210
Combatives_Common_actVAAD,OffsetYaw,240
Combatives_Common_actVAAL,Power,1000
Combatives_Common_actVAAL,EnergyGain,1755
Combatives_Common_actVAAL,SuperZCounterTakeType,EKoratSuperZCounterTakeType::Take
Combatives_Common_actVAAL,ArmorBreakLevel,スマッシュ格闘系(フルパワー)
Combatives_Common_actVAAL,bZCounterAvoidable,true
Combatives_Common_actVAAL,bSuperCounterAvoidable,true
Combatives_Common_actVAAL,bBuffAvoidable,true
Combatives_Common_actVAAL,DestructionFieldScale,7
Combatives_Common_actVAAL,OffsetPitch,210
Combatives_Common_actVAAL,OffsetYaw,240
Combatives_Common_actVAAM,Power,1000
Combatives_Common_actVAAM,EnergyGain,1755
Combatives_Common_actVAAM,SuperZCounterTakeType,EKoratSuperZCounterTakeType::Take
Combatives_Common_actVAAM,ArmorBreakLevel,スマッシュ格闘系(フルパワー)
Combatives_Common_actVAAM,bZCounterAvoidable,true
Combatives_Common_actVAAM,bSuperCounterAvoidable,true
Combatives_Common_actVAAM,bBuffAvoidable,true
Combatives_Common_actVAAM,DestructionFieldScale,7
Combatives_Common_actVAAM,OffsetPitch,210
Combatives_Common_actVAAM,OffsetYaw,240
Combatives_Common_actVAAR,Power,1000
Combatives_Common_actVAAR,EnergyGain,1755
Combatives_Common_actVAAR,SuperZCounterTakeType,EKoratSuperZCounterTakeType::Take
Combatives_Common_actVAAR,ArmorBreakLevel,スマッシュ格闘系(フルパワー)
Combatives_Common_actVAAR,bZCounterAvoidable,true
Combatives_Common_actVAAR,bSuperCounterAvoidable,true
Combatives_Common_actVAAR,bBuffAvoidable,true
Combatives_Common_actVAAR,DestructionFieldScale,7
Combatives_Common_actVAAR,OffsetPitch,210
Combatives_Common_actVAAR,OffsetYaw,240
Combatives_Common_actVAAU,Power,1000
Combatives_Common_actVAAU,EnergyGain,1755
Combatives_Common_actVAAU,SuperZCounterTakeType,EKoratSuperZCounterTakeType::Take
Combatives_Common_actVAAU,ArmorBreakLevel,スマッシュ格闘系(フルパワー)
Combatives_Common_actVAAU,bZCounterAvoidable,true
Combatives_Common_actVAAU,bSuperCounterAvoidable,true
Combatives_Common_actVAAU,bBuffAvoidable,true
Combatives_Common_actVAAU,DestructionFieldScale,7
Combatives_Common_actVAAU,OffsetPitch,210
Combatives_Common_actVAAU,OffsetYaw,240
Combatives_Common_actVASB,Power,1000
Combatives_Common_actVASB,ArmorBreakLevel,バニシングアサルト（近距離）
Combatives_Common_actVASB,bZCounterAvoidable,true
Combatives_Common_actVASB,bSuperCounterAvoidable,true
Combatives_Common_actVASB,bBuffAvoidable,true
Combatives_Common_actVASB,DestructionFieldScale,7
Combatives_Common_actVASF,Power,520
Combatives_Common_actVASF,EnergyGain,390
Combatives_Common_actVASF,SuperZCounterTakeType,EKoratSuperZCounterTakeType::Take
Combatives_Common_actVASF,ArmorBreakLevel,バニシングアサルト(遠距離)
Combatives_Common_actVASF,bSuperCounterAvoidable,true
Combatives_Common_actVASF,bBuffAvoidable,true
Combatives_Common_actVASF,bAvoidHistep,true
Combatives_Common_actVASF,DestructionFieldScale,7
Combatives_Common_actVASN,Power,1000
Combatives_Common_actVASN,EnergyGain,845
Combatives_Common_actVASN,SuperZCounterTakeType,EKoratSuperZCounterTakeType::Take
Combatives_Common_actVASN,ArmorBreakLevel,バニシングアサルト（近距離）
Combatives_Common_actVASN,bZCounterAvoidable,true
Combatives_Common_actVASN,bSuperCounterAvoidable,true
Combatives_Common_actVASN,bBuffAvoidable,true
Combatives_Common_actVASN,DestructionFieldScale,7
Combatives_Common_actWALP,Power,0
Combatives_Common_actWALP,bNoKnockDownAttack,true
Combatives_Common_actWALP,DestructionFieldScale,10
Combatives_Common_actWALS,Power,0
Combatives_Common_actWALS,bNoKnockDownAttack,true
Combatives_Common_actWALS,DestructionFieldScale,10
Combatives_Common_actZCBAD,Power,1000
Combatives_Common_actZCBAD,EnergyGain,845
Combatives_Common_actZCBAD,SuperZCounterTakeType,EKoratSuperZCounterTakeType::Take
Combatives_Common_actZCBAD,ArmorBreakLevel,Zカウンター1&2
Combatives_Common_actZCBAD,bZCounterAvoidable,true
Combatives_Common_actZCBAD,bSuperCounterAvoidable,true
Combatives_Common_actZCBAD,bBuffAvoidable,true
Combatives_Common_actZCBAD,DestructionFieldScale,7
Combatives_Common_actZCBAL,Power,1000
Combatives_Common_actZCBAL,EnergyGain,845
Combatives_Common_actZCBAL,SuperZCounterTakeType,EKoratSuperZCounterTakeType::Take
Combatives_Common_actZCBAL,ArmorBreakLevel,Zカウンター1&2
Combatives_Common_actZCBAL,bZCounterAvoidable,true
Combatives_Common_actZCBAL,bSuperCounterAvoidable,true
Combatives_Common_actZCBAL,bBuffAvoidable,true
Combatives_Common_actZCBAL,DestructionFieldScale,7
Combatives_Common_actZCBAM,Power,1000
Combatives_Common_actZCBAM,EnergyGain,845
Combatives_Common_actZCBAM,SuperZCounterTakeType,EKoratSuperZCounterTakeType::Take
Combatives_Common_actZCBAM,ArmorBreakLevel,Zカウンター1&2
Combatives_Common_actZCBAM,bZCounterAvoidable,true
Combatives_Common_actZCBAM,bSuperCounterAvoidable,true
Combatives_Common_actZCBAM,bBuffAvoidable,true
Combatives_Common_actZCBAM,DestructionFieldScale,7
Combatives_Common_actZCBAR,Power,1000
Combatives_Common_actZCBAR,EnergyGain,845
Combatives_Common_actZCBAR,SuperZCounterTakeType,EKoratSuperZCounterTakeType::Take
Combatives_Common_actZCBAR,ArmorBreakLevel,Zカウンター1&2
Combatives_Common_actZCBAR,bZCounterAvoidable,true
Combatives_Common_actZCBAR,bSuperCounterAvoidable,true
Combatives_Common_actZCBAR,bBuffAvoidable,true
Combatives_Common_actZCBAR,DestructionFieldScale,7
Combatives_Common_actZCBAU,Power,1000
Combatives_Common_actZCBAU,EnergyGain,845
Combatives_Common_actZCBAU,SuperZCounterTakeType,EKoratSuperZCounterTakeType::Take
Combatives_Common_actZCBAU,ArmorBreakLevel,Zカウンター1&2
Combatives_Common_actZCBAU,bZCounterAvoidable,true
Combatives_Common_actZCBAU,bSuperCounterAvoidable,true
Combatives_Common_actZCBAU,bBuffAvoidable,true
Combatives_Common_actZCBAU,DestructionFieldScale,7
Combatives_Common_actZCBGD,Power,0
Combatives_Common_actZCBGD,ArmorBreakLevel,Zカウンター1&2
Combatives_Common_actZCBGL,Power,0
Combatives_Common_actZCBGL,ArmorBreakLevel,Zカウンター1&2
Combatives_Common_actZCBGM,Power,0
Combatives_Common_actZCBGM,ArmorBreakLevel,Zカウンター1&2
Combatives_Common_actZCBGR,Power,0
Combatives_Common_actZCBGR,ArmorBreakLevel,Zカウンター1&2
Combatives_Common_actZCBGU,Power,0
Combatives_Common_actZCBGU,ArmorBreakLevel,Zカウンター1&2
Combatives_Common_actZCC,Power,0
Combatives_Common_actZCC,ArmorBreakLevel,Zカウンター1&2
Combatives_Common_actZCC,bBuffAvoidable,true
Combatives_Common_actZCC,DestructionFieldScale,7
Combatives_Common_actZCOD,Power,1000
Combatives_Common_actZCOD,EnergyGain,845
Combatives_Common_actZCOD,SuperZCounterTakeType,EKoratSuperZCounterTakeType::Take
Combatives_Common_actZCOD,ArmorBreakLevel,Zカウンター1&2
Combatives_Common_actZCOD,bZCounterAvoidable,true
Combatives_Common_actZCOD,bSuperCounterAvoidable,true
Combatives_Common_actZCOD,bBuffAvoidable,true
Combatives_Common_actZCOD,DestructionFieldScale,7
Combatives_Common_actZCOL,Power,1000
Combatives_Common_actZCOL,EnergyGain,845
Combatives_Common_actZCOL,SuperZCounterTakeType,EKoratSuperZCounterTakeType::Take
Combatives_Common_actZCOL,ArmorBreakLevel,Zカウンター1&2
Combatives_Common_actZCOL,bZCounterAvoidable,true
Combatives_Common_actZCOL,bSuperCounterAvoidable,true
Combatives_Common_actZCOL,bBuffAvoidable,true
Combatives_Common_actZCOL,DestructionFieldScale,7
Combatives_Common_actZCOM,Power,1000
Combatives_Common_actZCOM,EnergyGain,845
Combatives_Common_actZCOM,SuperZCounterTakeType,EKoratSuperZCounterTakeType::Take
Combatives_Common_actZCOM,ArmorBreakLevel,Zカウンター1&2
Combatives_Common_actZCOM,bZCounterAvoidable,true
Combatives_Common_actZCOM,bSuperCounterAvoidable,true
Combatives_Common_actZCOM,bBuffAvoidable,true
Combatives_Common_actZCOM,DestructionFieldScale,7
Combatives_Common_actZCOR,Power,1000
Combatives_Common_actZCOR,EnergyGain,845
Combatives_Common_actZCOR,SuperZCounterTakeType,EKoratSuperZCounterTakeType::Take
Combatives_Common_actZCOR,ArmorBreakLevel,Zカウンター1&2
Combatives_Common_actZCOR,bZCounterAvoidable,true
Combatives_Common_actZCOR,bSuperCounterAvoidable,true
Combatives_Common_actZCOR,bBuffAvoidable,true
Combatives_Common_actZCOR,DestructionFieldScale,7
Combatives_Common_actZCOU,Power,1000
Combatives_Common_actZCOU,EnergyGain,845
Combatives_Common_actZCOU,SuperZCounterTakeType,EKoratSuperZCounterTakeType::Take
Combatives_Common_actZCOU,ArmorBreakLevel,Zカウンター1&2
Combatives_Common_actZCOU,bZCounterAvoidable,true
Combatives_Common_actZCOU,bSuperCounterAvoidable,true
Combatives_Common_actZCOU,bBuffAvoidable,true
Combatives_Common_actZCOU,DestructionFieldScale,7
CombativesSubParam_0080_00_actARSHA3,bIsSlashAttack,true
CombativesSubParam_0080_00_actARSHA4,bIsSlashAttack,true
CombativesSubParam_0080_00_actARSHA5,bIsSlashAttack,true
CombativesSubParam_0080_00_actARSHB1,bIsSlashAttack,true
CombativesSubParam_0080_00_actARSHB2,bIsSlashAttack,true
CombativesSubParam_0080_00_actASMDF,bIsSlashAttack,true
CombativesSubParam_0080_00_actBSA,bIsSlashAttack,true
CombativesSubParam_0080_00_actBSFD,bIsSlashAttack,true
CombativesSubParam_0080_00_actBSFU,bIsSlashAttack,true
CombativesSubParam_0080_00_actBSM1,bIsSlashAttack,true
CombativesSubParam_0080_00_actBSRA3,bIsSlashAttack,true
CombativesSubParam_0080_00_actBSRA4,bIsSlashAttack,true
CombativesSubParam_0080_00_actBSRB1,bIsSlashAttack,true
CombativesSubParam_0080_00_actBSRB2,bIsSlashAttack,true
CombativesSubParam_0080_00_actBSSD,bIsSlashAttack,true
CombativesSubParam_0080_00_actBSSL,bIsSlashAttack,true
CombativesSubParam_0080_00_actBSSM,bIsSlashAttack,true
CombativesSubParam_0080_00_actBSSR,bIsSlashAttack,true
CombativesSubParam_0080_00_actBSSU,bIsSlashAttack,true
CombativesSubParam_0080_00_actCAS,bIsSlashAttack,true
CombativesSubParam_0080_00_actCRFNEA,bIsSlashAttack,true
CombativesSubParam_0080_00_actCRFVEA,bIsSlashAttack,true
CombativesSubParam_0080_00_actDDADF,bIsSlashAttack,true
CombativesSubParam_0080_00_actDDADN,bIsSlashAttack,true
CombativesSubParam_0080_00_actDDADP,bIsSlashAttack,true
CombativesSubParam_0080_00_actDDALF,bIsSlashAttack,true
CombativesSubParam_0080_00_actDDALN,bIsSlashAttack,true
CombativesSubParam_0080_00_actDDALP,bIsSlashAttack,true
CombativesSubParam_0080_00_actDDAMF,bIsSlashAttack,true
CombativesSubParam_0080_00_actDDAMN,bIsSlashAttack,true
CombativesSubParam_0080_00_actDDAMP,bIsSlashAttack,true
CombativesSubParam_0080_00_actDDARF,bIsSlashAttack,true
CombativesSubParam_0080_00_actDDARN,bIsSlashAttack,true
CombativesSubParam_0080_00_actDDARP,bIsSlashAttack,true
CombativesSubParam_0080_00_actDDAUF,bIsSlashAttack,true
CombativesSubParam_0080_00_actDDAUN,bIsSlashAttack,true
CombativesSubParam_0080_00_actDDAUP,bIsSlashAttack,true
CombativesSubParam_0080_00_actDS2,bIsSlashAttack,true
CombativesSubParam_0080_00_actDSMD,bIsSlashAttack,true
CombativesSubParam_0080_00_actDSML,bIsSlashAttack,true
CombativesSubParam_0080_00_actDSMM,bIsSlashAttack,true
CombativesSubParam_0080_00_actDSMR,bIsSlashAttack,true
CombativesSubParam_0080_00_actDSMU,bIsSlashAttack,true
CombativesSubParam_0080_00_actDT2,bIsSlashAttack,true
CombativesSubParam_0080_00_actDT3,bIsSlashAttack,true
CombativesSubParam_0080_00_actFR2,bIsSlashAttack,true
CombativesSubParam_0080_00_actHC1,bIsSlashAttack,true
CombativesSubParam_0080_00_actHC2,bIsSlashAttack,true
CombativesSubParam_0080_00_actPWFF,bIsSlashAttack,true
CombativesSubParam_0080_00_actPWFFGtN,bIsSlashAttack,true
CombativesSubParam_0080_00_actPWFFNtG,bIsSlashAttack,true
CombativesSubParam_0080_00_actRIAD,bIsSlashAttack,true
CombativesSubParam_0080_00_actRIAF,bIsSlashAttack,true
CombativesSubParam_0080_00_actRIAU,bIsSlashAttack,true
CombativesSubParam_0080_00_actRSHA3,bIsSlashAttack,true
CombativesSubParam_0080_00_actRSHA4,bIsSlashAttack,true
CombativesSubParam_0080_00_actRSHA5,bIsSlashAttack,true
CombativesSubParam_0080_00_actRSHB1,bIsSlashAttack,true
CombativesSubParam_0080_00_actRSHB2,bIsSlashAttack,true
CombativesSubParam_0080_00_actRSHSA3,bIsSlashAttack,true
CombativesSubParam_0080_00_actRSHSA4,bIsSlashAttack,true
CombativesSubParam_0080_00_actRSHSB1,bIsSlashAttack,true
CombativesSubParam_0080_00_actRSHSB2,bIsSlashAttack,true
CombativesSubParam_0080_00_actSI1,bIsSlashAttack,true
CombativesSubParam_0080_00_actSI2,bIsSlashAttack,true
CombativesSubParam_0080_00_actSMDF,bIsSlashAttack,true
CombativesSubParam_0080_00_actSMDH,bIsSlashAttack,true
CombativesSubParam_0080_00_actSMDJ,bIsSlashAttack,true
CombativesSubParam_0080_00_actSMDN,bIsSlashAttack,true
CombativesSubParam_0080_00_actSMDP,bIsSlashAttack,true
CombativesSubParam_0080_00_actSMLF,bIsSlashAttack,true
CombativesSubParam_0080_00_actSMLH,bIsSlashAttack,true
CombativesSubParam_0080_00_actSMLJ,bIsSlashAttack,true
CombativesSubParam_0080_00_actSMLN,bIsSlashAttack,true
CombativesSubParam_0080_00_actSMLP,bIsSlashAttack,true
CombativesSubParam_0080_00_actSMMF,bIsSlashAttack,true
CombativesSubParam_0080_00_actSMMH,bIsSlashAttack,true
CombativesSubParam_0080_00_actSMMJ,bIsSlashAttack,true
CombativesSubParam_0080_00_actSMMN,bIsSlashAttack,true
CombativesSubParam_0080_00_actSMMP,bIsSlashAttack,true
CombativesSubParam_0080_00_actSMRF,bIsSlashAttack,true
CombativesSubParam_0080_00_actSMRH,bIsSlashAttack,true
CombativesSubParam_0080_00_actSMRJ,bIsSlashAttack,true
CombativesSubParam_0080_00_actSMRN,bIsSlashAttack,true
CombativesSubParam_0080_00_actSMRP,bIsSlashAttack,true
CombativesSubParam_0080_00_actSMUF,bIsSlashAttack,true
CombativesSubParam_0080_00_actSMUH,bIsSlashAttack,true
CombativesSubParam_0080_00_actSMUJ,bIsSlashAttack,true
CombativesSubParam_0080_00_actSMUN,bIsSlashAttack,true
CombativesSubParam_0080_00_actSMUP,bIsSlashAttack,true
CombativesSubParam_0080_00_actSPF1W,bIsSlashAttack,true
CombativesSubParam_0080_00_actSPF2W,bIsSlashAttack,true
CombativesSubParam_0080_00_actSSA,bIsSlashAttack,true
CombativesSubParam_0080_00_actSZCADA,bIsSlashAttack,true
CombativesSubParam_0080_00_actSZCALA,bIsSlashAttack,true
CombativesSubParam_0080_00_actSZCAMA,bIsSlashAttack,true
CombativesSubParam_0080_00_actSZCARA,bIsSlashAttack,true
CombativesSubParam_0080_00_actSZCAUA,bIsSlashAttack,true
CombativesSubParam_0080_00_actSZCCS,bIsSlashAttack,true
CombativesSubParam_0080_00_actTA2,bIsSlashAttack,true
CombativesSubParam_0080_00_actVAAD,bIsSlashAttack,true
CombativesSubParam_0080_00_actVAAL,bIsSlashAttack,true
CombativesSubParam_0080_00_actVAAM,bIsSlashAttack,true
CombativesSubParam_0080_00_actVAAR,bIsSlashAttack,true
CombativesSubParam_0080_00_actVAAU,bIsSlashAttack,true
CombativesSubParam_0080_00_actVASF,bIsSlashAttack,true
CombativesSubParam_0080_00_actVASN,bIsSlashAttack,true
CombativesSubParam_0080_00_actZCBAD,bIsSlashAttack,true
CombativesSubParam_0080_00_actZCBAL,bIsSlashAttack,true
CombativesSubParam_0080_00_actZCBAM,bIsSlashAttack,true
CombativesSubParam_0080_00_actZCBAR,bIsSlashAttack,true
CombativesSubParam_0080_00_actZCBAU,bIsSlashAttack,true
CombativesSubParam_0080_01_actPWFFNtG,bIsSlashAttack,true
CombativesSubParam_0080_01_actRSHA1,bIsSlashAttack,true
CombativesSubParam_0080_01_actRSHA2,bIsSlashAttack,true
CombativesSubParam_0080_01_actRSHA3,bIsSlashAttack,true
CombativesSubParam_0080_01_actRSHA4,bIsSlashAttack,true
CombativesSubParam_0080_01_actRSHA5,bIsSlashAttack,true
CombativesSubParam_0080_01_actRSHB1,bIsSlashAttack,true
CombativesSubParam_0080_01_actRSHB2,bIsSlashAttack,true
CombativesSubParam_0080_01_actRSHB3,bIsSlashAttack,true
CombativesSubParam_0080_01_actRSHB4,bIsSlashAttack,true
CombativesSubParam_0080_01_actRSHB5,bIsSlashAttack,true
CombativesSubParam_0080_01_actULTHI,bIsSlashAttack,true
CombativesSubParam_0080_01_actULTSI,bIsSlashAttack,true
CombativesSubParam_0080_01_actZCOD,bIsSlashAttack,true
CombativesSubParam_0080_01_actZCOL,bIsSlashAttack,true
CombativesSubParam_0080_01_actZCOR,bIsSlashAttack,true
CombativesSubParam_0080_01_actZCOU,bIsSlashAttack,true
CombativesSubParam_0080_30_actARSHA4,bIsSlashAttack,true
CombativesSubParam_0080_30_actARSHA5,bIsSlashAttack,true
CombativesSubParam_0080_30_actARSHB3,bIsSlashAttack,true
CombativesSubParam_0080_30_actARSHB4,bIsSlashAttack,true
CombativesSubParam_0080_30_actARSHB5,bIsSlashAttack,true
CombativesSubParam_0080_30_actASMDF,bIsSlashAttack,true
CombativesSubParam_0080_30_actBSA,bIsSlashAttack,true
CombativesSubParam_0080_30_actBSFD,bIsSlashAttack,true
CombativesSubParam_0080_30_actBSFU,bIsSlashAttack,true
CombativesSubParam_0080_30_actBSM1,bIsSlashAttack,true
CombativesSubParam_0080_30_actBSRA4,bIsSlashAttack,true
CombativesSubParam_0080_30_actBSRB3,bIsSlashAttack,true
CombativesSubParam_0080_30_actBSRB4,bIsSlashAttack,true
CombativesSubParam_0080_30_actBSSD,bIsSlashAttack,true
CombativesSubParam_0080_30_actBSSL,bIsSlashAttack,true
CombativesSubParam_0080_30_actBSSM,bIsSlashAttack,true
CombativesSubParam_0080_30_actBSSR,bIsSlashAttack,true
CombativesSubParam_0080_30_actBSSU,bIsSlashAttack,true
CombativesSubParam_0080_30_actCAS,bIsSlashAttack,true
CombativesSubParam_0080_30_actCRFNEA,bIsSlashAttack,true
CombativesSubParam_0080_30_actCRFVEA,bIsSlashAttack,true
CombativesSubParam_0080_30_actDDADF,bIsSlashAttack,true
CombativesSubParam_0080_30_actDDADN,bIsSlashAttack,true
CombativesSubParam_0080_30_actDDADP,bIsSlashAttack,true
CombativesSubParam_0080_30_actDDALF,bIsSlashAttack,true
CombativesSubParam_0080_30_actDDALN,bIsSlashAttack,true
CombativesSubParam_0080_30_actDDALP,bIsSlashAttack,true
CombativesSubParam_0080_30_actDDAMF,bIsSlashAttack,true
CombativesSubParam_0080_30_actDDAMN,bIsSlashAttack,true
CombativesSubParam_0080_30_actDDAMP,bIsSlashAttack,true
CombativesSubParam_0080_30_actDDARF,bIsSlashAttack,true
CombativesSubParam_0080_30_actDDARN,bIsSlashAttack,true
CombativesSubParam_0080_30_actDDARP,bIsSlashAttack,true
CombativesSubParam_0080_30_actDDAUF,bIsSlashAttack,true
CombativesSubParam_0080_30_actDDAUN,bIsSlashAttack,true
CombativesSubParam_0080_30_actDDAUP,bIsSlashAttack,true
CombativesSubParam_0080_30_actDS2,bIsSlashAttack,true
CombativesSubParam_0080_30_actDSMD,bIsSlashAttack,true
CombativesSubParam_0080_30_actDSML,bIsSlashAttack,true
CombativesSubParam_0080_30_actDSMM,bIsSlashAttack,true
CombativesSubParam_0080_30_actDSMR,bIsSlashAttack,true
CombativesSubParam_0080_30_actDSMU,bIsSlashAttack,true
CombativesSubParam_0080_30_actDT2,bIsSlashAttack,true
CombativesSubParam_0080_30_actDT3,bIsSlashAttack,true
CombativesSubParam_0080_30_actFR2,bIsSlashAttack,true
CombativesSubParam_0080_30_actHC1,bIsSlashAttack,true
CombativesSubParam_0080_30_actHC2,bIsSlashAttack,true
CombativesSubParam_0080_30_actHC3,bIsSlashAttack,true
CombativesSubParam_0080_30_actPWFC,bIsSlashAttack,true
CombativesSubParam_0080_30_actPWFF,bIsSlashAttack,true
CombativesSubParam_0080_30_actPWFFGtN,bIsSlashAttack,true
CombativesSubParam_0080_30_actPWFFNtG,bIsSlashAttack,true
CombativesSubParam_0080_30_actRIAD,bIsSlashAttack,true
CombativesSubParam_0080_30_actRIAF,bIsSlashAttack,true
CombativesSubParam_0080_30_actRIAU,bIsSlashAttack,true
CombativesSubParam_0080_30_actRSHA4,bIsSlashAttack,true
CombativesSubParam_0080_30_actRSHA5,bIsSlashAttack,true
CombativesSubParam_0080_30_actRSHB3,bIsSlashAttack,true
CombativesSubParam_0080_30_actRSHB4,bIsSlashAttack,true
CombativesSubParam_0080_30_actRSHB5,bIsSlashAttack,true
CombativesSubParam_0080_30_actRSHSA4,bIsSlashAttack,true
CombativesSubParam_0080_30_actRSHSB3,bIsSlashAttack,true
CombativesSubParam_0080_30_actRSHSB4,bIsSlashAttack,true
CombativesSubParam_0080_30_actSI1,bIsSlashAttack,true
CombativesSubParam_0080_30_actSI2,bIsSlashAttack,true
CombativesSubParam_0080_30_actSMDF,bIsSlashAttack,true
CombativesSubParam_0080_30_actSMDH,bIsSlashAttack,true
CombativesSubParam_0080_30_actSMDJ,bIsSlashAttack,true
CombativesSubParam_0080_30_actSMDN,bIsSlashAttack,true
CombativesSubParam_0080_30_actSMDP,bIsSlashAttack,true
CombativesSubParam_0080_30_actSMLF,bIsSlashAttack,true
CombativesSubParam_0080_30_actSMLH,bIsSlashAttack,true
CombativesSubParam_0080_30_actSMLJ,bIsSlashAttack,true
CombativesSubParam_0080_30_actSMLN,bIsSlashAttack,true
CombativesSubParam_0080_30_actSMLP,bIsSlashAttack,true
CombativesSubParam_0080_30_actSMMF,bIsSlashAttack,true
CombativesSubParam_0080_30_actSMMH,bIsSlashAttack,true
CombativesSubParam_0080_30_actSMMJ,bIsSlashAttack,true
CombativesSubParam_0080_30_actSMMN,bIsSlashAttack,true
CombativesSubParam_0080_30_actSMMP,bIsSlashAttack,true
CombativesSubParam_0080_30_actSMRF,bIsSlashAttack,true
CombativesSubParam_0080_30_actSMRH,bIsSlashAttack,true
CombativesSubParam_0080_30_actSMRJ,bIsSlashAttack,true
CombativesSubParam_0080_30_actSMRN,bIsSlashAttack,true
CombativesSubParam_0080_30_actSMRP,bIsSlashAttack,true
CombativesSubParam_0080_30_actSMUF,bIsSlashAttack,true
CombativesSubParam_0080_30_actSMUH,bIsSlashAttack,true
CombativesSubParam_0080_30_actSMUJ,bIsSlashAttack,true
CombativesSubParam_0080_30_actSMUN,bIsSlashAttack,true
CombativesSubParam_0080_30_actSMUP,bIsSlashAttack,true
CombativesSubParam_0080_30_actSPF1W,bIsSlashAttack,true
CombativesSubParam_0080_30_actSPF2W,bIsSlashAttack,true
CombativesSubParam_0080_30_actSSA,bIsSlashAttack,true
CombativesSubParam_0080_30_actSZCADA,bIsSlashAttack,true
CombativesSubParam_0080_30_actSZCALA,bIsSlashAttack,true
CombativesSubParam_0080_30_actSZCAMA,bIsSlashAttack,true
CombativesSubParam_0080_30_actSZCARA,bIsSlashAttack,true
CombativesSubParam_0080_30_actSZCAUA,bIsSlashAttack,true
CombativesSubParam_0080_30_actSZCCS,bIsSlashAttack,true
CombativesSubParam_0080_30_actTA2,bIsSlashAttack,true
CombativesSubParam_0080_30_actVAAD,bIsSlashAttack,true
CombativesSubParam_0080_30_actVAAL,bIsSlashAttack,true
CombativesSubParam_0080_30_actVAAM,bIsSlashAttack,true
CombativesSubParam_0080_30_actVAAR,bIsSlashAttack,true
CombativesSubParam_0080_30_actVAAU,bIsSlashAttack,true
CombativesSubParam_0080_30_actVASF,bIsSlashAttack,true
CombativesSubParam_0080_30_actVASN,bIsSlashAttack,true
CombativesSubParam_0080_30_actZCOD,bIsSlashAttack,true
CombativesSubParam_0080_30_actZCOL,bIsSlashAttack,true
CombativesSubParam_0080_30_actZCOM,bIsSlashAttack,true
CombativesSubParam_0080_30_actZCOR,bIsSlashAttack,true
CombativesSubParam_0080_30_actZCOU,bIsSlashAttack,true
CombativesSubParam_0080_31_actARSHA5,bIsSlashAttack,true
CombativesSubParam_0080_31_actARSHB1,bIsSlashAttack,true
CombativesSubParam_0080_31_actARSHB2,bIsSlashAttack,true
CombativesSubParam_0080_31_actARSHB3,bIsSlashAttack,true
CombativesSubParam_0080_31_actARSHB4,bIsSlashAttack,true
CombativesSubParam_0080_31_actARSHB5,bIsSlashAttack,true
CombativesSubParam_0080_31_actBSA,bIsSlashAttack,true
CombativesSubParam_0080_31_actBSFD,bIsSlashAttack,true
CombativesSubParam_0080_31_actBSFU,bIsSlashAttack,true
CombativesSubParam_0080_31_actBSRB1,bIsSlashAttack,true
CombativesSubParam_0080_31_actBSRB2,bIsSlashAttack,true
CombativesSubParam_0080_31_actBSRB3,bIsSlashAttack,true
CombativesSubParam_0080_31_actBSRB4,bIsSlashAttack,true
CombativesSubParam_0080_31_actBSSD,bIsSlashAttack,true
CombativesSubParam_0080_31_actBSSL,bIsSlashAttack,true
CombativesSubParam_0080_31_actBSSM,bIsSlashAttack,true
CombativesSubParam_0080_31_actBSSR,bIsSlashAttack,true
CombativesSubParam_0080_31_actBSSU,bIsSlashAttack,true
CombativesSubParam_0080_31_actCAS,bIsSlashAttack,true
CombativesSubParam_0080_31_actCRFNEA,bIsSlashAttack,true
CombativesSubParam_0080_31_actCRFVEA,bIsSlashAttack,true
CombativesSubParam_0080_31_actDDADF,bIsSlashAttack,true
CombativesSubParam_0080_31_actDDADN,bIsSlashAttack,true
CombativesSubParam_0080_31_actDDADP,bIsSlashAttack,true
CombativesSubParam_0080_31_actDDALF,bIsSlashAttack,true
CombativesSubParam_0080_31_actDDALN,bIsSlashAttack,true
CombativesSubParam_0080_31_actDDALP,bIsSlashAttack,true
CombativesSubParam_0080_31_actDDAMF,bIsSlashAttack,true
CombativesSubParam_0080_31_actDDAMN,bIsSlashAttack,true
CombativesSubParam_0080_31_actDDAMP,bIsSlashAttack,true
CombativesSubParam_0080_31_actDDARF,bIsSlashAttack,true
CombativesSubParam_0080_31_actDDARN,bIsSlashAttack,true
CombativesSubParam_0080_31_actDDARP,bIsSlashAttack,true
CombativesSubParam_0080_31_actDDAUF,bIsSlashAttack,true
CombativesSubParam_0080_31_actDDAUN,bIsSlashAttack,true
CombativesSubParam_0080_31_actDDAUP,bIsSlashAttack,true
CombativesSubParam_0080_31_actDS2,bIsSlashAttack,true
CombativesSubParam_0080_31_actDSMD,bIsSlashAttack,true
CombativesSubParam_0080_31_actDSML,bIsSlashAttack,true
CombativesSubParam_0080_31_actDSMM,bIsSlashAttack,true
CombativesSubParam_0080_31_actDSMR,bIsSlashAttack,true
CombativesSubParam_0080_31_actDSMU,bIsSlashAttack,true
CombativesSubParam_0080_31_actDT2,bIsSlashAttack,true
CombativesSubParam_0080_31_actDT3,bIsSlashAttack,true
CombativesSubParam_0080_31_actFR2,bIsSlashAttack,true
CombativesSubParam_0080_31_actHC1,bIsSlashAttack,true
CombativesSubParam_0080_31_actHC2,bIsSlashAttack,true
CombativesSubParam_0080_31_actHC3,bIsSlashAttack,true
CombativesSubParam_0080_31_actPWFC,bIsSlashAttack,true
CombativesSubParam_0080_31_actPWFF,bIsSlashAttack,true
CombativesSubParam_0080_31_actPWFFGtN,bIsSlashAttack,true
CombativesSubParam_0080_31_actPWFFNtG,bIsSlashAttack,true
CombativesSubParam_0080_31_actRIAD,bIsSlashAttack,true
CombativesSubParam_0080_31_actRIAF,bIsSlashAttack,true
CombativesSubParam_0080_31_actRIAU,bIsSlashAttack,true
CombativesSubParam_0080_31_actRSHA5,bIsSlashAttack,true
CombativesSubParam_0080_31_actRSHB1,bIsSlashAttack,true
CombativesSubParam_0080_31_actRSHB2,bIsSlashAttack,true
CombativesSubParam_0080_31_actRSHB3,bIsSlashAttack,true
CombativesSubParam_0080_31_actRSHB4,bIsSlashAttack,true
CombativesSubParam_0080_31_actRSHB5,bIsSlashAttack,true
CombativesSubParam_0080_31_actRSHSB1,bIsSlashAttack,true
CombativesSubParam_0080_31_actRSHSB2,bIsSlashAttack,true
CombativesSubParam_0080_31_actRSHSB3,bIsSlashAttack,true
CombativesSubParam_0080_31_actRSHSB4,bIsSlashAttack,true
CombativesSubParam_0080_31_actSMDF,bIsSlashAttack,true
CombativesSubParam_0080_31_actSMDH,bIsSlashAttack,true
CombativesSubParam_0080_31_actSMDJ,bIsSlashAttack,true
CombativesSubParam_0080_31_actSMDN,bIsSlashAttack,true
CombativesSubParam_0080_31_actSMDP,bIsSlashAttack,true
CombativesSubParam_0080_31_actSMLF,bIsSlashAttack,true
CombativesSubParam_0080_31_actSMLH,bIsSlashAttack,true
CombativesSubParam_0080_31_actSMLJ,bIsSlashAttack,true
CombativesSubParam_0080_31_actSMLN,bIsSlashAttack,true
CombativesSubParam_0080_31_actSMLP,bIsSlashAttack,true
CombativesSubParam_0080_31_actSMMF,bIsSlashAttack,true
CombativesSubParam_0080_31_actSMMH,bIsSlashAttack,true
CombativesSubParam_0080_31_actSMMJ,bIsSlashAttack,true
CombativesSubParam_0080_31_actSMMN,bIsSlashAttack,true
CombativesSubParam_0080_31_actSMMP,bIsSlashAttack,true
CombativesSubParam_0080_31_actSMRF,bIsSlashAttack,true
CombativesSubParam_0080_31_actSMRH,bIsSlashAttack,true
CombativesSubParam_0080_31_actSMRJ,bIsSlashAttack,true
CombativesSubParam_0080_31_actSMRN,bIsSlashAttack,true
CombativesSubParam_0080_31_actSMRP,bIsSlashAttack,true
CombativesSubParam_0080_31_actSMUF,bIsSlashAttack,true
CombativesSubParam_0080_31_actSMUH,bIsSlashAttack,true
CombativesSubParam_0080_31_actSMUJ,bIsSlashAttack,true
CombativesSubParam_0080_31_actSMUN,bIsSlashAttack,true
CombativesSubParam_0080_31_actSMUP,bIsSlashAttack,true
CombativesSubParam_0080_31_actSPF1W,bIsSlashAttack,true
CombativesSubParam_0080_31_actSPF2W,bIsSlashAttack,true
CombativesSubParam_0080_31_actSSA,bIsSlashAttack,true
CombativesSubParam_0080_31_actSSW1PFN,bIsSlashAttack,true
CombativesSubParam_0080_31_actSZCADA,bIsSlashAttack,true
CombativesSubParam_0080_31_actSZCALA,bIsSlashAttack,true
CombativesSubParam_0080_31_actSZCAMA,bIsSlashAttack,true
CombativesSubParam_0080_31_actSZCARA,bIsSlashAttack,true
CombativesSubParam_0080_31_actSZCAUA,bIsSlashAttack,true
CombativesSubParam_0080_31_actTA2,bIsSlashAttack,true
CombativesSubParam_0080_31_actVAAD,bIsSlashAttack,true
CombativesSubParam_0080_31_actVAAL,bIsSlashAttack,true
CombativesSubParam_0080_31_actVAAM,bIsSlashAttack,true
CombativesSubParam_0080_31_actVAAR,bIsSlashAttack,true
CombativesSubParam_0080_31_actVAAU,bIsSlashAttack,true
CombativesSubParam_0080_31_actZCOD,bIsSlashAttack,true
CombativesSubParam_0080_31_actZCOL,bIsSlashAttack,true
CombativesSubParam_0080_31_actZCOM,bIsSlashAttack,true
CombativesSubParam_0080_31_actZCOR,bIsSlashAttack,true
CombativesSubParam_0080_31_actZCOU,bIsSlashAttack,true
CombativesSubParam_0100_01_actULTHI,bIsSlashAttack,true
CombativesSubParam_0210_00_actARSHB1,bIsSlashAttack,true
CombativesSubParam_0210_00_actARSHB2,bIsSlashAttack,true
CombativesSubParam_0210_00_actARSHB3,bIsSlashAttack,true
CombativesSubParam_0210_00_actARSHB4,bIsSlashAttack,true
CombativesSubParam_0210_00_actARSHB5,bIsSlashAttack,true
CombativesSubParam_0210_00_actBSRB1,bIsSlashAttack,true
CombativesSubParam_0210_00_actBSRB2,bIsSlashAttack,true
CombativesSubParam_0210_00_actBSRB3,bIsSlashAttack,true
CombativesSubParam_0210_00_actBSRB4,bIsSlashAttack,true
CombativesSubParam_0210_00_actHC3,bIsSlashAttack,true
CombativesSubParam_0210_00_actRSHB1,bIsSlashAttack,true
CombativesSubParam_0210_00_actRSHB2,bIsSlashAttack,true
CombativesSubParam_0210_00_actRSHB3,bIsSlashAttack,true
CombativesSubParam_0210_00_actRSHB4,bIsSlashAttack,true
CombativesSubParam_0210_00_actRSHB5,bIsSlashAttack,true
CombativesSubParam_0210_00_actRSHSB1,bIsSlashAttack,true
CombativesSubParam_0210_00_actRSHSB2,bIsSlashAttack,true
CombativesSubParam_0210_00_actRSHSB3,bIsSlashAttack,true
CombativesSubParam_0210_00_actRSHSB4,bIsSlashAttack,true
CombativesSubParam_0210_00_actSSW1PFN,bIsSlashAttack,true
CombativesSubParam_0500_00_actARSHB1,bIsSlashAttack,true
CombativesSubParam_0500_00_actARSHB2,bIsSlashAttack,true
CombativesSubParam_0500_00_actARSHB3,bIsSlashAttack,true
CombativesSubParam_0500_00_actARSHB4,bIsSlashAttack,true
CombativesSubParam_0500_00_actARSHB5,bIsSlashAttack,true
CombativesSubParam_0500_00_actASMDF,bIsSlashAttack,true
CombativesSubParam_0500_00_actBSA,bIsSlashAttack,true
CombativesSubParam_0500_00_actBSFD,bIsSlashAttack,true
CombativesSubParam_0500_00_actBSFU,bIsSlashAttack,true
CombativesSubParam_0500_00_actBSM1,bIsSlashAttack,true
CombativesSubParam_0500_00_actBSRB1,bIsSlashAttack,true
CombativesSubParam_0500_00_actBSRB2,bIsSlashAttack,true
CombativesSubParam_0500_00_actBSRB3,bIsSlashAttack,true
CombativesSubParam_0500_00_actBSRB4,bIsSlashAttack,true
CombativesSubParam_0500_00_actBSSD,bIsSlashAttack,true
CombativesSubParam_0500_00_actBSSL,bIsSlashAttack,true
CombativesSubParam_0500_00_actBSSR,bIsSlashAttack,true
CombativesSubParam_0500_00_actBSSU,bIsSlashAttack,true
CombativesSubParam_0500_00_actDDADF,bIsSlashAttack,true
CombativesSubParam_0500_00_actDDADN,bIsSlashAttack,true
CombativesSubParam_0500_00_actDDADP,bIsSlashAttack,true
CombativesSubParam_0500_00_actDDALF,bIsSlashAttack,true
CombativesSubParam_0500_00_actDDALN,bIsSlashAttack,true
CombativesSubParam_0500_00_actDDALP,bIsSlashAttack,true
CombativesSubParam_0500_00_actDDARF,bIsSlashAttack,true
CombativesSubParam_0500_00_actDDARN,bIsSlashAttack,true
CombativesSubParam_0500_00_actDDARP,bIsSlashAttack,true
CombativesSubParam_0500_00_actDDAUF,bIsSlashAttack,true
CombativesSubParam_0500_00_actDDAUN,bIsSlashAttack,true
CombativesSubParam_0500_00_actDDAUP,bIsSlashAttack,true
CombativesSubParam_0500_00_actHC1,bIsSlashAttack,true
CombativesSubParam_0500_00_actHC2,bIsSlashAttack,true
CombativesSubParam_0500_00_actHC3,bIsSlashAttack,true
CombativesSubParam_0500_00_actRH1L,bIsSlashAttack,true
CombativesSubParam_0500_00_actRH1R,bIsSlashAttack,true
CombativesSubParam_0500_00_actRHFL,bIsSlashAttack,true
CombativesSubParam_0500_00_actRHFR,bIsSlashAttack,true
CombativesSubParam_0500_00_actRHNL,bIsSlashAttack,true
CombativesSubParam_0500_00_actRHNR,bIsSlashAttack,true
CombativesSubParam_0500_00_actRHPL,bIsSlashAttack,true
CombativesSubParam_0500_00_actRHPR,bIsSlashAttack,true
CombativesSubParam_0500_00_actRIAD,bIsSlashAttack,true
CombativesSubParam_0500_00_actRIAU,bIsSlashAttack,true
CombativesSubParam_0500_00_actRSHB1,bIsSlashAttack,true
CombativesSubParam_0500_00_actRSHB2,bIsSlashAttack,true
CombativesSubParam_0500_00_actRSHB3,bIsSlashAttack,true
CombativesSubParam_0500_00_actRSHB4,bIsSlashAttack,true
CombativesSubParam_0500_00_actRSHB5,bIsSlashAttack,true
CombativesSubParam_0500_00_actRSHSB1,bIsSlashAttack,true
CombativesSubParam_0500_00_actRSHSB2,bIsSlashAttack,true
CombativesSubParam_0500_00_actRSHSB3,bIsSlashAttack,true
CombativesSubParam_0500_00_actRSHSB4,bIsSlashAttack,true
CombativesSubParam_0500_00_actSI1,bIsSlashAttack,true
CombativesSubParam_0500_00_actSI2,bIsSlashAttack,true
CombativesSubParam_0500_00_actSMDF,bIsSlashAttack,true
CombativesSubParam_0500_00_actSMDH,bIsSlashAttack,true
CombativesSubParam_0500_00_actSMDJ,bIsSlashAttack,true
CombativesSubParam_0500_00_actSMDN,bIsSlashAttack,true
CombativesSubParam_0500_00_actSMDP,bIsSlashAttack,true
CombativesSubParam_0500_00_actSMLF,bIsSlashAttack,true
CombativesSubParam_0500_00_actSMLH,bIsSlashAttack,true
CombativesSubParam_0500_00_actSMLJ,bIsSlashAttack,true
CombativesSubParam_0500_00_actSMLN,bIsSlashAttack,true
CombativesSubParam_0500_00_actSMLP,bIsSlashAttack,true
CombativesSubParam_0500_00_actSMRF,bIsSlashAttack,true
CombativesSubParam_0500_00_actSMRH,bIsSlashAttack,true
CombativesSubParam_0500_00_actSMRJ,bIsSlashAttack,true
CombativesSubParam_0500_00_actSMRN,bIsSlashAttack,true
CombativesSubParam_0500_00_actSMRP,bIsSlashAttack,true
CombativesSubParam_0500_00_actSMUF,bIsSlashAttack,true
CombativesSubParam_0500_00_actSMUH,bIsSlashAttack,true
CombativesSubParam_0500_00_actSMUJ,bIsSlashAttack,true
CombativesSubParam_0500_00_actSMUN,bIsSlashAttack,true
CombativesSubParam_0500_00_actSMUP,bIsSlashAttack,true
CombativesSubParam_0500_00_actSSA,bIsSlashAttack,true
CombativesSubParam_0500_00_actSSW1PFN,bIsSlashAttack,true
CombativesSubParam_0500_00_actSZCADA,bIsSlashAttack,true
CombativesSubParam_0500_00_actSZCALA,bIsSlashAttack,true
CombativesSubParam_0500_00_actSZCARA,bIsSlashAttack,true
CombativesSubParam_0500_00_actSZCAUA,bIsSlashAttack,true
CombativesSubParam_0500_00_actVAAD,bIsSlashAttack,true
CombativesSubParam_0500_00_actVAAL,bIsSlashAttack,true
CombativesSubParam_0500_00_actVAAR,bIsSlashAttack,true
CombativesSubParam_0500_00_actVAAU,bIsSlashAttack,true
CombativesSubParam_0500_00_actZCBAD,bIsSlashAttack,true
CombativesSubParam_0500_00_actZCBAL,bIsSlashAttack,true
CombativesSubParam_0500_00_actZCBAR,bIsSlashAttack,true
CombativesSubParam_0500_00_actZCBAU,bIsSlashAttack,true
CombativesSubParam_0500_00_actZCOD,bIsSlashAttack,true
CombativesSubParam_0500_00_actZCOL,bIsSlashAttack,true
CombativesSubParam_0500_00_actZCOR,bIsSlashAttack,true
CombativesSubParam_0500_00_actZCOU,bIsSlashAttack,true
CombativesSubParam_0651_00_actARSHB1,bIsSlashAttack,true
CombativesSubParam_0651_00_actARSHB2,bIsSlashAttack,true
CombativesSubParam_0651_00_actARSHB3,bIsSlashAttack,true
CombativesSubParam_0651_00_actARSHB4,bIsSlashAttack,true
CombativesSubParam_0651_00_actARSHB5,bIsSlashAttack,true
CombativesSubParam_0651_00_actBSA,bIsSlashAttack,true
CombativesSubParam_0651_00_actBSM1,bIsSlashAttack,true
CombativesSubParam_0651_00_actBSRB1,bIsSlashAttack,true
CombativesSubParam_0651_00_actBSRB2,bIsSlashAttack,true
CombativesSubParam_0651_00_actBSRB3,bIsSlashAttack,true
CombativesSubParam_0651_00_actBSRB4,bIsSlashAttack,true
CombativesSubParam_0651_00_actBSSR,bIsSlashAttack,true
CombativesSubParam_0651_00_actBSSU,bIsSlashAttack,true
CombativesSubParam_0651_00_actDDARF,bIsSlashAttack,true
CombativesSubParam_0651_00_actDDARN,bIsSlashAttack,true
CombativesSubParam_0651_00_actDDARP,bIsSlashAttack,true
CombativesSubParam_0651_00_actDDAUF,bIsSlashAttack,true
CombativesSubParam_0651_00_actDDAUN,bIsSlashAttack,true
CombativesSubParam_0651_00_actDDAUP,bIsSlashAttack,true
CombativesSubParam_0651_00_actDSMR,bIsSlashAttack,true
CombativesSubParam_0651_00_actDSMU,bIsSlashAttack,true
CombativesSubParam_0651_00_actDT2,bIsSlashAttack,true
CombativesSubParam_0651_00_actES1,bIsSlashAttack,true
CombativesSubParam_0651_00_actFLK,bIsSlashAttack,true
CombativesSubParam_0651_00_actFLKF,bIsSlashAttack,true
CombativesSubParam_0651_00_actFR1,bIsSlashAttack,true
CombativesSubParam_0651_00_actFR2,bIsSlashAttack,true
CombativesSubParam_0651_00_actGSF,bIsSlashAttack,true
CombativesSubParam_0651_00_actGSN,bIsSlashAttack,true
CombativesSubParam_0651_00_actGSP,bIsSlashAttack,true
CombativesSubParam_0651_00_actHC1,bIsSlashAttack,true
CombativesSubParam_0651_00_actHC3,bIsSlashAttack,true
CombativesSubParam_0651_00_actMSAF,bIsSlashAttack,true
CombativesSubParam_0651_00_actMSAN,bIsSlashAttack,true
CombativesSubParam_0651_00_actMSAP,bIsSlashAttack,true
CombativesSubParam_0651_00_actRH1R,bIsSlashAttack,true
CombativesSubParam_0651_00_actRHFR,bIsSlashAttack,true
CombativesSubParam_0651_00_actRHNR,bIsSlashAttack,true
CombativesSubParam_0651_00_actRHPR,bIsSlashAttack,true
CombativesSubParam_0651_00_actRIAU,bIsSlashAttack,true
CombativesSubParam_0651_00_actRSHB1,bIsSlashAttack,true
CombativesSubParam_0651_00_actRSHB2,bIsSlashAttack,true
CombativesSubParam_0651_00_actRSHB3,bIsSlashAttack,true
CombativesSubParam_0651_00_actRSHB4,bIsSlashAttack,true
CombativesSubParam_0651_00_actRSHB5,bIsSlashAttack,true
CombativesSubParam_0651_00_actRSHSB1,bIsSlashAttack,true
CombativesSubParam_0651_00_actRSHSB2,bIsSlashAttack,true
CombativesSubParam_0651_00_actRSHSB3,bIsSlashAttack,true
CombativesSubParam_0651_00_actRSHSB4,bIsSlashAttack,true
CombativesSubParam_0651_00_actSI1,bIsSlashAttack,true
CombativesSubParam_0651_00_actSMRF,bIsSlashAttack,true
CombativesSubParam_0651_00_actSMRH,bIsSlashAttack,true
CombativesSubParam_0651_00_actSMRJ,bIsSlashAttack,true
CombativesSubParam_0651_00_actSMRN,bIsSlashAttack,true
CombativesSubParam_0651_00_actSMRP,bIsSlashAttack,true
CombativesSubParam_0651_00_actSMUF,bIsSlashAttack,true
CombativesSubParam_0651_00_actSMUH,bIsSlashAttack,true
CombativesSubParam_0651_00_actSMUJ,bIsSlashAttack,true
CombativesSubParam_0651_00_actSMUN,bIsSlashAttack,true
CombativesSubParam_0651_00_actSMUP,bIsSlashAttack,true
CombativesSubParam_0651_00_actSSW1PFN,bIsSlashAttack,true
CombativesSubParam_0651_00_actSZCARA,bIsSlashAttack,true
CombativesSubParam_0651_00_actSZCAUA,bIsSlashAttack,true
CombativesSubParam_0651_00_actTA1,bIsSlashAttack,true
CombativesSubParam_0651_00_actTA2,bIsSlashAttack,true
CombativesSubParam_0651_00_actTA3,bIsSlashAttack,true
CombativesSubParam_0651_00_actTRWFT,bIsSlashAttack,true
CombativesSubParam_0651_00_actVAAR,bIsSlashAttack,true
CombativesSubParam_0651_00_actVAAU,bIsSlashAttack,true
CombativesSubParam_0651_00_actZCBAR,bIsSlashAttack,true
CombativesSubParam_0651_00_actZCBAU,bIsSlashAttack,true
CombativesSubParam_0651_00_actZCOR,bIsSlashAttack,true
CombativesSubParam_0651_00_actZCOU,bIsSlashAttack,true
CombativesSubParam_0660_00_actARSHA1,bIsSlashAttack,true
CombativesSubParam_0660_00_actARSHA2,bIsSlashAttack,true
CombativesSubParam_0660_00_actARSHA3,bIsSlashAttack,true
CombativesSubParam_0660_00_actARSHA4,bIsSlashAttack,true
CombativesSubParam_0660_00_actARSHA5,bIsSlashAttack,true
CombativesSubParam_0660_00_actARSHB1,bIsSlashAttack,true
CombativesSubParam_0660_00_actARSHB2,bIsSlashAttack,true
CombativesSubParam_0660_00_actARSHB3,bIsSlashAttack,true
CombativesSubParam_0660_00_actARSHB4,bIsSlashAttack,true
CombativesSubParam_0660_00_actARSHB5,bIsSlashAttack,true
CombativesSubParam_0660_00_actASMDF,bIsSlashAttack,true
CombativesSubParam_0660_00_actBSA,bIsSlashAttack,true
CombativesSubParam_0660_00_actBSFD,bIsSlashAttack,true
CombativesSubParam_0660_00_actBSFU,bIsSlashAttack,true
CombativesSubParam_0660_00_actBSM1,bIsSlashAttack,true
CombativesSubParam_0660_00_actBSRA1,bIsSlashAttack,true
CombativesSubParam_0660_00_actBSRA2,bIsSlashAttack,true
CombativesSubParam_0660_00_actBSRA3,bIsSlashAttack,true
CombativesSubParam_0660_00_actBSRA4,bIsSlashAttack,true
CombativesSubParam_0660_00_actBSRB1,bIsSlashAttack,true
CombativesSubParam_0660_00_actBSRB2,bIsSlashAttack,true
CombativesSubParam_0660_00_actBSRB3,bIsSlashAttack,true
CombativesSubParam_0660_00_actBSRB4,bIsSlashAttack,true
CombativesSubParam_0660_00_actBSSD,bIsSlashAttack,true
CombativesSubParam_0660_00_actBSSL,bIsSlashAttack,true
CombativesSubParam_0660_00_actBSSM,bIsSlashAttack,true
CombativesSubParam_0660_00_actBSSR,bIsSlashAttack,true
CombativesSubParam_0660_00_actBSSU,bIsSlashAttack,true
CombativesSubParam_0660_00_actDDADF,bIsSlashAttack,true
CombativesSubParam_0660_00_actDDADN,bIsSlashAttack,true
CombativesSubParam_0660_00_actDDADP,bIsSlashAttack,true
CombativesSubParam_0660_00_actDDALF,bIsSlashAttack,true
CombativesSubParam_0660_00_actDDALN,bIsSlashAttack,true
CombativesSubParam_0660_00_actDDALP,bIsSlashAttack,true
CombativesSubParam_0660_00_actDDAMF,bIsSlashAttack,true
CombativesSubParam_0660_00_actDDAMN,bIsSlashAttack,true
CombativesSubParam_0660_00_actDDAMP,bIsSlashAttack,true
CombativesSubParam_0660_00_actDDARF,bIsSlashAttack,true
CombativesSubParam_0660_00_actDDARN,bIsSlashAttack,true
CombativesSubParam_0660_00_actDDARP,bIsSlashAttack,true
CombativesSubParam_0660_00_actDDAUF,bIsSlashAttack,true
CombativesSubParam_0660_00_actDDAUN,bIsSlashAttack,true
CombativesSubParam_0660_00_actDDAUP,bIsSlashAttack,true
CombativesSubParam_0660_00_actDS2,bIsSlashAttack,true
CombativesSubParam_0660_00_actDSMD,bIsSlashAttack,true
CombativesSubParam_0660_00_actDSML,bIsSlashAttack,true
CombativesSubParam_0660_00_actDSMM,bIsSlashAttack,true
CombativesSubParam_0660_00_actDSMR,bIsSlashAttack,true
CombativesSubParam_0660_00_actDSMU,bIsSlashAttack,true
CombativesSubParam_0660_00_actDT2,bIsSlashAttack,true
CombativesSubParam_0660_00_actDT3,bIsSlashAttack,true
CombativesSubParam_0660_00_actFLK,bIsSlashAttack,true
CombativesSubParam_0660_00_actFLKF,bIsSlashAttack,true
CombativesSubParam_0660_00_actHC1,bIsSlashAttack,true
CombativesSubParam_0660_00_actHC2,bIsSlashAttack,true
CombativesSubParam_0660_00_actHC3,bIsSlashAttack,true
CombativesSubParam_0660_00_actPWFF,bIsSlashAttack,true
CombativesSubParam_0660_00_actPWFFGtN,bIsSlashAttack,true
CombativesSubParam_0660_00_actPWFFNtG,bIsSlashAttack,true
CombativesSubParam_0660_00_actRH1L,bIsSlashAttack,true
CombativesSubParam_0660_00_actRH1R,bIsSlashAttack,true
CombativesSubParam_0660_00_actRHFL,bIsSlashAttack,true
CombativesSubParam_0660_00_actRHFR,bIsSlashAttack,true
CombativesSubParam_0660_00_actRHNL,bIsSlashAttack,true
CombativesSubParam_0660_00_actRHNR,bIsSlashAttack,true
CombativesSubParam_0660_00_actRHPL,bIsSlashAttack,true
CombativesSubParam_0660_00_actRHPR,bIsSlashAttack,true
CombativesSubParam_0660_00_actRIAD,bIsSlashAttack,true
CombativesSubParam_0660_00_actRIAF,bIsSlashAttack,true
CombativesSubParam_0660_00_actRIAU,bIsSlashAttack,true
CombativesSubParam_0660_00_actRSHA1,bIsSlashAttack,true
CombativesSubParam_0660_00_actRSHA2,bIsSlashAttack,true
CombativesSubParam_0660_00_actRSHA3,bIsSlashAttack,true
CombativesSubParam_0660_00_actRSHA4,bIsSlashAttack,true
CombativesSubParam_0660_00_actRSHA5,bIsSlashAttack,true
CombativesSubParam_0660_00_actRSHB1,bIsSlashAttack,true
CombativesSubParam_0660_00_actRSHB2,bIsSlashAttack,true
CombativesSubParam_0660_00_actRSHB3,bIsSlashAttack,true
CombativesSubParam_0660_00_actRSHB4,bIsSlashAttack,true
CombativesSubParam_0660_00_actRSHB5,bIsSlashAttack,true
CombativesSubParam_0660_00_actRSHSA1,bIsSlashAttack,true
CombativesSubParam_0660_00_actRSHSA2,bIsSlashAttack,true
CombativesSubParam_0660_00_actRSHSA3,bIsSlashAttack,true
CombativesSubParam_0660_00_actRSHSA4,bIsSlashAttack,true
CombativesSubParam_0660_00_actRSHSB1,bIsSlashAttack,true
CombativesSubParam_0660_00_actRSHSB2,bIsSlashAttack,true
CombativesSubParam_0660_00_actRSHSB3,bIsSlashAttack,true
CombativesSubParam_0660_00_actRSHSB4,bIsSlashAttack,true
CombativesSubParam_0660_00_actSI1,bIsSlashAttack,true
CombativesSubParam_0660_00_actSI2,bIsSlashAttack,true
CombativesSubParam_0660_00_actSMDF,bIsSlashAttack,true
CombativesSubParam_0660_00_actSMDH,bIsSlashAttack,true
CombativesSubParam_0660_00_actSMDJ,bIsSlashAttack,true
CombativesSubParam_0660_00_actSMDN,bIsSlashAttack,true
CombativesSubParam_0660_00_actSMDP,bIsSlashAttack,true
CombativesSubParam_0660_00_actSMLF,bIsSlashAttack,true
CombativesSubParam_0660_00_actSMLH,bIsSlashAttack,true
CombativesSubParam_0660_00_actSMLJ,bIsSlashAttack,true
CombativesSubParam_0660_00_actSMLN,bIsSlashAttack,true
CombativesSubParam_0660_00_actSMLP,bIsSlashAttack,true
CombativesSubParam_0660_00_actSMMF,bIsSlashAttack,true
CombativesSubParam_0660_00_actSMMH,bIsSlashAttack,true
CombativesSubParam_0660_00_actSMMJ,bIsSlashAttack,true
CombativesSubParam_0660_00_actSMMN,bIsSlashAttack,true
CombativesSubParam_0660_00_actSMMP,bIsSlashAttack,true
CombativesSubParam_0660_00_actSMRF,bIsSlashAttack,true
CombativesSubParam_0660_00_actSMRH,bIsSlashAttack,true
CombativesSubParam_0660_00_actSMRJ,bIsSlashAttack,true
CombativesSubParam_0660_00_actSMRN,bIsSlashAttack,true
CombativesSubParam_0660_00_actSMRP,bIsSlashAttack,true
CombativesSubParam_0660_00_actSMUF,bIsSlashAttack,true
CombativesSubParam_0660_00_actSMUH,bIsSlashAttack,true
CombativesSubParam_0660_00_actSMUJ,bIsSlashAttack,true
CombativesSubParam_0660_00_actSMUN,bIsSlashAttack,true
CombativesSubParam_0660_00_actSMUP,bIsSlashAttack,true
CombativesSubParam_0660_00_actSSA,bIsSlashAttack,true
CombativesSubParam_0660_00_actSSW1PFN,bIsSlashAttack,true
CombativesSubParam_0660_00_actSZCADA,bIsSlashAttack,true
CombativesSubParam_0660_00_actSZCALA,bIsSlashAttack,true
CombativesSubParam_0660_00_actSZCAMA,bIsSlashAttack,true
CombativesSubParam_0660_00_actSZCARA,bIsSlashAttack,true
CombativesSubParam_0660_00_actSZCAUA,bIsSlashAttack,true
CombativesSubParam_0660_00_actSZCCS,bIsSlashAttack,true
CombativesSubParam_0660_00_actTA2,bIsSlashAttack,true
CombativesSubParam_0660_00_actVAAD,bIsSlashAttack,true
CombativesSubParam_0660_00_actVAAL,bIsSlashAttack,true
CombativesSubParam_0660_00_actVAAM,bIsSlashAttack,true
CombativesSubParam_0660_00_actVAAR,bIsSlashAttack,true
CombativesSubParam_0660_00_actVAAU,bIsSlashAttack,true
CombativesSubParam_0660_00_actVASB,bIsSlashAttack,true
CombativesSubParam_0660_00_actVASF,bIsSlashAttack,true
CombativesSubParam_0660_00_actVASN,bIsSlashAttack,true
CombativesSubParam_0660_00_actZCBAD,bIsSlashAttack,true
CombativesSubParam_0660_00_actZCBAL,bIsSlashAttack,true
CombativesSubParam_0660_00_actZCBAM,bIsSlashAttack,true
CombativesSubParam_0660_00_actZCBAR,bIsSlashAttack,true
CombativesSubParam_0660_00_actZCBAU,bIsSlashAttack,true
CombativesSubParam_0660_00_actZCOD,bIsSlashAttack,true
CombativesSubParam_0660_00_actZCOL,bIsSlashAttack,true
CombativesSubParam_0660_00_actZCOM,bIsSlashAttack,true
CombativesSubParam_0660_00_actZCOR,bIsSlashAttack,true
CombativesSubParam_0660_00_actZCOU,bIsSlashAttack,true
CombativesSubParam_0710_00_actARSHB3,bIsSlashAttack,true
CombativesSubParam_0710_00_actARSHB4,bIsSlashAttack,true
CombativesSubParam_0710_00_actARSHB5,bIsSlashAttack,true
CombativesSubParam_0710_00_actBSRB3,bIsSlashAttack,true
CombativesSubParam_0710_00_actBSRB4,bIsSlashAttack,true
CombativesSubParam_0710_00_actHC3,bIsSlashAttack,true
CombativesSubParam_0710_00_actRSHB3,bIsSlashAttack,true
CombativesSubParam_0710_00_actRSHB4,bIsSlashAttack,true
CombativesSubParam_0710_00_actRSHB5,bIsSlashAttack,true
CombativesSubParam_0710_00_actRSHSB3,bIsSlashAttack,true
CombativesSubParam_0710_00_actRSHSB4,bIsSlashAttack,true
CombativesSubParam_0710_00_actSSW1PFN,bIsSlashAttack,true
CombativesSubParam_0730_00_actARSHB1,bIsSlashAttack,true
CombativesSubParam_0730_00_actARSHB2,bIsSlashAttack,true
CombativesSubParam_0730_00_actARSHB3,bIsSlashAttack,true
CombativesSubParam_0730_00_actARSHB4,bIsSlashAttack,true
CombativesSubParam_0730_00_actARSHB5,bIsSlashAttack,true
CombativesSubParam_0730_00_actASMDF,bIsSlashAttack,true
CombativesSubParam_0730_00_actBSA,bIsSlashAttack,true
CombativesSubParam_0730_00_actBSFD,bIsSlashAttack,true
CombativesSubParam_0730_00_actBSRB1,bIsSlashAttack,true
CombativesSubParam_0730_00_actBSRB2,bIsSlashAttack,true
CombativesSubParam_0730_00_actBSRB3,bIsSlashAttack,true
CombativesSubParam_0730_00_actBSRB4,bIsSlashAttack,true
CombativesSubParam_0730_00_actBSSD,bIsSlashAttack,true
CombativesSubParam_0730_00_actBSSL,bIsSlashAttack,true
CombativesSubParam_0730_00_actBSSR,bIsSlashAttack,true
CombativesSubParam_0730_00_actCAS,bIsSlashAttack,true
CombativesSubParam_0730_00_actCOA0,bIsSlashAttack,true
CombativesSubParam_0730_00_actCRFVE,bIsSlashAttack,true
CombativesSubParam_0730_00_actDDADF,bIsSlashAttack,true
CombativesSubParam_0730_00_actDDADN,bIsSlashAttack,true
CombativesSubParam_0730_00_actDDADP,bIsSlashAttack,true
CombativesSubParam_0730_00_actDDALF,bIsSlashAttack,true
CombativesSubParam_0730_00_actDDALN,bIsSlashAttack,true
CombativesSubParam_0730_00_actDDALP,bIsSlashAttack,true
CombativesSubParam_0730_00_actDDARF,bIsSlashAttack,true
CombativesSubParam_0730_00_actDDARN,bIsSlashAttack,true
CombativesSubParam_0730_00_actDDARP,bIsSlashAttack,true
CombativesSubParam_0730_00_actDS1,bIsSlashAttack,true
CombativesSubParam_0730_00_actDS2,bIsSlashAttack,true
CombativesSubParam_0730_00_actDSMD,bIsSlashAttack,true
CombativesSubParam_0730_00_actDSML,bIsSlashAttack,true
CombativesSubParam_0730_00_actDSMR,bIsSlashAttack,true
CombativesSubParam_0730_00_actDT3,bIsSlashAttack,true
CombativesSubParam_0730_00_actGSF,bIsSlashAttack,true
CombativesSubParam_0730_00_actGSN,bIsSlashAttack,true
CombativesSubParam_0730_00_actGSP,bIsSlashAttack,true
CombativesSubParam_0730_00_actHC1,bIsSlashAttack,true
CombativesSubParam_0730_00_actHC2,bIsSlashAttack,true
CombativesSubParam_0730_00_actHC3,bIsSlashAttack,true
CombativesSubParam_0730_00_actLFF,bIsSlashAttack,true
CombativesSubParam_0730_00_actLFN,bIsSlashAttack,true
CombativesSubParam_0730_00_actLFP,bIsSlashAttack,true
CombativesSubParam_0730_00_actPP2,bIsSlashAttack,true
CombativesSubParam_0730_00_actRH1L,bIsSlashAttack,true
CombativesSubParam_0730_00_actRH1R,bIsSlashAttack,true
CombativesSubParam_0730_00_actRHFL,bIsSlashAttack,true
CombativesSubParam_0730_00_actRHFR,bIsSlashAttack,true
CombativesSubParam_0730_00_actRHNL,bIsSlashAttack,true
CombativesSubParam_0730_00_actRHNR,bIsSlashAttack,true
CombativesSubParam_0730_00_actRHPL,bIsSlashAttack,true
CombativesSubParam_0730_00_actRHPR,bIsSlashAttack,true
CombativesSubParam_0730_00_actRI2,bIsSlashAttack,true
CombativesSubParam_0730_00_actRIAD,bIsSlashAttack,true
CombativesSubParam_0730_00_actRSHB1,bIsSlashAttack,true
CombativesSubParam_0730_00_actRSHB2,bIsSlashAttack,true
CombativesSubParam_0730_00_actRSHB3,bIsSlashAttack,true
CombativesSubParam_0730_00_actRSHB4,bIsSlashAttack,true
CombativesSubParam_0730_00_actRSHB5,bIsSlashAttack,true
CombativesSubParam_0730_00_actRSHSB1,bIsSlashAttack,true
CombativesSubParam_0730_00_actRSHSB2,bIsSlashAttack,true
CombativesSubParam_0730_00_actRSHSB3,bIsSlashAttack,true
CombativesSubParam_0730_00_actRSHSB4,bIsSlashAttack,true
CombativesSubParam_0730_00_actSI2,bIsSlashAttack,true
CombativesSubParam_0730_00_actSMDF,bIsSlashAttack,true
CombativesSubParam_0730_00_actSMDH,bIsSlashAttack,true
CombativesSubParam_0730_00_actSMDJ,bIsSlashAttack,true
CombativesSubParam_0730_00_actSMDN,bIsSlashAttack,true
CombativesSubParam_0730_00_actSMDP,bIsSlashAttack,true
CombativesSubParam_0730_00_actSMLF,bIsSlashAttack,true
CombativesSubParam_0730_00_actSMLH,bIsSlashAttack,true
CombativesSubParam_0730_00_actSMLJ,bIsSlashAttack,true
CombativesSubParam_0730_00_actSMLN,bIsSlashAttack,true
CombativesSubParam_0730_00_actSMLP,bIsSlashAttack,true
CombativesSubParam_0730_00_actSMRF,bIsSlashAttack,true
CombativesSubParam_0730_00_actSMRH,bIsSlashAttack,true
CombativesSubParam_0730_00_actSMRJ,bIsSlashAttack,true
CombativesSubParam_0730_00_actSMRN,bIsSlashAttack,true
CombativesSubParam_0730_00_actSMRP,bIsSlashAttack,true
CombativesSubParam_0730_00_actSSA,bIsSlashAttack,true
CombativesSubParam_0730_00_actSZCADA,bIsSlashAttack,true
CombativesSubParam_0730_00_actSZCALA,bIsSlashAttack,true
CombativesSubParam_0730_00_actSZCARA,bIsSlashAttack,true
CombativesSubParam_0730_00_actSZCVS,bIsSlashAttack,true
CombativesSubParam_0730_00_actTRWFT,bIsSlashAttack,true
CombativesSubParam_0730_00_actTRWR,bIsSlashAttack,true
CombativesSubParam_0730_00_actVAAD,bIsSlashAttack,true
CombativesSubParam_0730_00_actVAAL,bIsSlashAttack,true
CombativesSubParam_0730_00_actVAAR,bIsSlashAttack,true
CombativesSubParam_0730_00_actVASN,bIsSlashAttack,true
CombativesSubParam_0730_00_actZCBAD,bIsSlashAttack,true
CombativesSubParam_0730_00_actZCBAL,bIsSlashAttack,true
CombativesSubParam_0730_00_actZCBAR,bIsSlashAttack,true
CombativesSubParam_0730_00_actZCOD,bIsSlashAttack,true
CombativesSubParam_0730_00_actZCOL,bIsSlashAttack,true
CombativesSubParam_0730_00_actZCOR,bIsSlashAttack,true
