id,action,part,order,file,subFile
0000_00,actDTW1P,None,0,Combatives_Common_actDTW1P,
0000_00,actDTWFT,None,0,Combatives_0000_00_actDTWFT,
0000_00,actEXA1,None,0,Combatives_Common_actEXA_FLS,
0000_00,actSPM2HI,None,0,Combatives_0000_00_actSPM2_ADMHI,
0000_00,actTRWFT,None,0,Combatives_0000_00_actTRWFT,
0000_00,actTRWR,None,0,Combatives_0000_00_actTRWR,
0000_00,actULT2HD1P,None,0,Combatives_Common_actULTHD1P,
0000_00,actULT2HI,None,0,Combatives_0000_00_07_actULT2HI,
0000_00,actULT2SI,None,0,Combatives_Common_actULTSI_Attack,
0000_00,actULTHI,None,0,Combatives_0000_00_actULTHI,
0000_00,actULTSI,None,0,,
0000_10,actDTW1P,None,0,Combatives_Common_actDTW1P,
0000_10,actDTWFT,None,0,Combatives_0000_10_actDTWFT,
0000_10,actEXA1,None,0,Combatives_0000_10_actEXA1,
0000_10,actSPM2HI,None,0,Combatives_0000_10_actSPM2_ADMHI,
0000_10,actTRWFT,None,0,Combatives_0000_10_actTRWFT,
0000_10,actTRWR,None,0,Combatives_0000_10_actTRWR,
0000_10,actULTHI,None,0,Combatives_0000_10_actULTHI,
0000_11,actDTW1P,None,0,Combatives_Common_actDTW1P,
0000_11,actDTWFT,None,0,Combatives_0000_11_actDTWFT,
0000_11,actSPM2HI,None,0,Combatives_0000_11_actSPM2_ADMHI,
0000_11,actTRWFT,None,0,Combatives_0000_11_actTRWFT,
0000_11,actTRWR,None,0,Combatives_0000_11_actTRWR,
0000_11,actULT2HD1P,None,0,Combatives_Common_actULTHD1P_High1,
0000_11,actULT2HI,None,0,Combatives_0000_11_07_actULT2HI,
0000_11,actULT2SI,None,0,Combatives_Common_actULTSI_Attack,
0000_11,actULTHD1P,None,0,Combatives_0000_11_actULTHD1P,
0000_11,actULTHI,None,0,Combatives_0000_11_actULT_SDMHI,
0000_11,actULTSI,None,0,,
0000_20,actDTW1P,None,0,Combatives_Common_actDTW1P,
0000_20,actDTWFT,None,0,Combatives_0000_20_actDTWFT,
0000_20,actSPM2HI,None,0,Combatives_0000_20_actSPM2HI,
0000_20,actTRWFT,None,0,Combatives_0000_20_actTRWFT,
0000_20,actTRWR,None,0,Combatives_0000_20_actTRWR,
0000_20,actULT2HD1P,None,0,Combatives_Common_actULTHD1P,
0000_20,actULT2HI,None,0,Combatives_0000_20_03_actULT2HI,
0000_20,actULT2SI,None,0,Combatives_Common_actULTSI_Attack,
0000_20,actULTHD1P,None,0,Combatives_0000_20_actULTHD1P,
0000_20,actULTHI,None,0,Combatives_0000_20_actULTHI,
0000_20,actULTSI,None,0,,
0000_21,actDTW1P,None,0,Combatives_Common_actDTW1P,
0000_21,actDTWFT,None,0,Combatives_0000_21_actDTWFT,
0000_21,actEXA1,None,0,Combatives_0000_21_actEXA1,
0000_21,actSPM2HI,None,0,Combatives_0000_21_actSPM2_ADMHI,
0000_21,actTRWFT,None,0,Combatives_0000_21_actTRWFT,
0000_21,actTRWR,None,0,Combatives_0000_21_actTRWR,
0000_21,actULT2HD1P,None,0,Combatives_Common_actULTHD1P,
0000_21,actULT2HI,None,0,Combatives_0000_21_05_actULT2HI,
0000_21,actULT2SI,None,0,Combatives_Common_actULTSI_Attack,
0000_21,actULTHI,None,0,Combatives_0000_21_actULTHI,
0000_22,actARSHA3,1/2発目,0,Combatives_Common_actARSHA3M2_1,
0000_22,actARSHA3,None,0,,
0000_22,actARSHA3,2/2発目,1,Combatives_Common_actARSHA3M2_2F,
0000_22,actARSHA4,1/2発目,0,Combatives_Common_actARSHA4M2_1,
0000_22,actARSHA4,None,0,,
0000_22,actARSHA4,2/2発目,1,Combatives_Common_actARSHA4M2_2F,
0000_22,actBSRA3,1/2発目,0,Combatives_Common_actBSRA3M2_1,
0000_22,actBSRA3,None,0,,
0000_22,actBSRA3,2/2発目,1,Combatives_Common_actBSRA3M2_2F,
0000_22,actBSRA4,1/2発目,0,Combatives_Common_actBSRA4M2_1,
0000_22,actBSRA4,None,0,,
0000_22,actBSRA4,2/2発目,1,Combatives_Common_actBSRA4M2_2F,
0000_22,actDTW1P,None,0,Combatives_Common_actDTW1P,
0000_22,actDTWFT,None,0,Combatives_0000_22_actDTWFT,
0000_22,actEXA2,None,0,Combatives_Common_actEXA_SPC_BOM,
0000_22,actRSHA3,1/2発目,0,Combatives_Common_actRSHA3M2_1,
0000_22,actRSHA3,None,0,,
0000_22,actRSHA3,2/2発目,1,Combatives_Common_actRSHA3M2_2F,
0000_22,actRSHA4,1/2発目,0,Combatives_Common_actRSHA4M2_1,
0000_22,actRSHA4,None,0,,
0000_22,actRSHA4,2/2発目,1,Combatives_Common_actRSHA4M2_2F,
0000_22,actRSHSA3,1/2発目,0,Combatives_Common_actRSHSA3M2_1,
0000_22,actRSHSA3,None,1,Combatives_Common_actRSHSA3M2_2F,
0000_22,actRSHSA4,1/2発目,0,Combatives_Common_actRSHSA3M2_1,
0000_22,actRSHSA4,None,0,,
0000_22,actRSHSA4,2/2発目,1,Combatives_Common_actRSHSA3M2_2F,
0000_22,actSPM2HI,None,0,Combatives_0000_22_actSPM2_ADMHI,
0000_22,actTRWFT,None,0,Combatives_0000_22_actTRWFT,
0000_22,actTRWR,None,0,Combatives_0000_22_actTRWR,
0000_22,actULTHD1P,None,0,Combatives_0000_22_actULTHD1P,
0000_22,actULTHI,None,0,Combatives_0000_22_actULT_SDMHI,
0000_22,actULTSI,None,0,,
0000_23,actARSHA3,1/3発目,0,Combatives_Common_actARSHA3M3_1,
0000_23,actARSHA3,None,0,,
0000_23,actARSHA3,2/3発目,1,Combatives_Common_actARSHA3M3_2,
0000_23,actARSHA3,3/3発目,2,Combatives_Common_actARSHA3M3_3F,
0000_23,actBSRA3,1/3発目,0,Combatives_Common_actBSRA3M3_1,
0000_23,actBSRA3,None,0,,
0000_23,actBSRA3,2/3発目,1,Combatives_Common_actBSRA3M3_2,
0000_23,actBSRA3,3/3発目,2,Combatives_Common_actBSRA3M3_3F,
0000_23,actDTW1P,None,0,Combatives_Common_actDTW1P,
0000_23,actDTWFT,None,0,Combatives_0000_23_actDTWFT,
0000_23,actEXA1,None,0,Combatives_0000_23_actEXA1,
0000_23,actRSHA3,1/3発目,0,Combatives_Common_actRSHA3M3_1,
0000_23,actRSHA3,None,0,,
0000_23,actRSHA3,2/3発目,1,Combatives_Common_actRSHA3M3_2,
0000_23,actRSHA3,3/3発目,2,Combatives_Common_actRSHA3M3_3F,
0000_23,actRSHSA3,1/3発目,0,Combatives_Common_actRSHSA3M3_1,
0000_23,actRSHSA3,None,0,,
0000_23,actRSHSA3,2/3発目,1,Combatives_Common_actRSHSA3M3_2,
0000_23,actRSHSA3,3/3発目,2,Combatives_Common_actRSHSA3M3_3F,
0000_23,actSPM2HI,None,0,Combatives_0000_23_actSPM2HI,
0000_23,actTRWFT,None,0,Combatives_0000_23_actTRWFT,
0000_23,actTRWR,None,0,Combatives_0000_23_actTRWR,
0000_23,actULTHI,None,0,Combatives_0000_23_actULTHI,
0000_23,actULTHIG,None,0,Combatives_0000_23_actULTHI,
0000_33,actARSHB3,1/3発目,0,Combatives_Common_actARSHB3M3_1,
0000_33,actARSHB3,None,0,,
0000_33,actARSHB3,2/3発目,1,Combatives_Common_actARSHB3M3_2,
0000_33,actARSHB3,3/3発目,2,Combatives_Common_actARSHB3M3_3F,
0000_33,actBSRB3,1/3発目,0,Combatives_Common_actBSRB3M3_1,
0000_33,actBSRB3,None,0,,
0000_33,actBSRB3,2/3発目,1,Combatives_Common_actBSRB3M3_2,
0000_33,actBSRB3,3/3発目,2,Combatives_Common_actBSRB3M3_3F,
0000_33,actDTWFT,None,0,Combatives_0000_33_actDTWFT,
0000_33,actEXA1,None,0,Combatives_0000_33_actEXA1,
0000_33,actRSHB3,1/3発目,0,Combatives_Common_actRSHB3M3_1,
0000_33,actRSHB3,None,0,,
0000_33,actRSHB3,2/3発目,1,Combatives_Common_actRSHB3M3_2,
0000_33,actRSHB3,3/3発目,2,Combatives_Common_actRSHB3M3_2,
0000_33,actRSHSB3,1/3発目,0,Combatives_Common_actRSHSB3M3_1,
0000_33,actRSHSB3,None,0,,
0000_33,actRSHSB3,2/3発目,1,Combatives_Common_actRSHSB3M3_1,
0000_33,actRSHSB3,3/3発目,2,Combatives_Common_actRSHSB3M3_1,
0000_33,actSPM2HI,None,0,Combatives_0000_33_actSPM2_ADMHI,
0000_33,actTRWFT,None,0,Combatives_0000_33_actTRWFT,
0000_33,actTRWR,None,0,Combatives_0000_33_actTRWR,
0000_33,actULTHI,None,0,Combatives_0000_33_actULTHI,
0000_40,actDTW1P,None,0,Combatives_Common_actDTW1P,
0000_40,actDTWFT,None,0,Combatives_0000_40_actDTWFT,
0000_40,actSPM2HI,None,0,Combatives_0000_40_actSPM2_ADMHI,
0000_40,actSPM3HI,None,0,Combatives_0000_40_actSPM4_ADMHI,
0000_40,actSPM4HD1P,None,0,Combatives_Common_actSPM2HD1P,
0000_40,actSPM4HI,None,0,Combatives_0000_40_actSPM4_ADMHI,
0000_40,actSPM4SI,None,0,Combatives_Common_actSPMSI_Attack,
0000_40,actSPM4SM,None,0,Combatives_Common_actDDS,
0000_40,actTRWFT,None,0,Combatives_0000_40_actTRWFT,
0000_40,actTRWR,None,0,Combatives_0000_40_actTRWR,
0000_40,actULT2HD1P,None,0,Combatives_Common_actULTHD1P_High1,
0000_40,actULT2HI,None,0,Combatives_0000_40_08_actULT2HI,
0000_40,actULT2SI,None,0,Combatives_Common_actULTSI_Attack,
0000_40,actULTHD1P,None,0,Combatives_0000_40_actULTHD1P,
0000_40,actULTHI,None,0,Combatives_0000_40_actULT_SDMHI,
0000_40,actULTSI,None,0,,
0000_41,actARSHA4,1/3発目,0,Combatives_Common_actARSHA4M3_1,
0000_41,actARSHA4,None,0,,
0000_41,actARSHA4,2/3発目,1,Combatives_Common_actARSHA4M3_2,
0000_41,actARSHA4,3/3発目,2,Combatives_Common_actARSHA4M3_3F,
0000_41,actBSRA4,1/3発目,0,Combatives_Common_actBSRA4M3_1,
0000_41,actBSRA4,None,0,,
0000_41,actBSRA4,2/3発目,1,Combatives_Common_actBSRA4M3_2,
0000_41,actBSRA4,3/3発目,2,Combatives_Common_actBSRA4M3_3F,
0000_41,actCRFRD,None,0,Combatives_Common_actCRFFO,
0000_41,actDTW1P,None,0,Combatives_Common_actDTW1P,
0000_41,actDTWFT,None,0,Combatives_0000_41_actDTWFT,
0000_41,actEXA1,None,0,Combatives_0000_41_actEXA1,
0000_41,actRSHA4,1/3発目,0,Combatives_Common_actRSHA4M3_1,
0000_41,actRSHA4,None,0,,
0000_41,actRSHA4,2/3発目,1,Combatives_Common_actRSHA4M3_2,
0000_41,actRSHA4,3/3発目,2,Combatives_Common_actRSHA4M3_3F,
0000_41,actRSHSA4,1/3発目,0,Combatives_Common_actRSHSA4M3_1,
0000_41,actRSHSA4,None,0,,
0000_41,actRSHSA4,2/3発目,1,Combatives_Common_actRSHSA4M3_2,
0000_41,actRSHSA4,3/3発目,2,Combatives_Common_actRSHSA4M3_3F,
0000_41,actSPM2HI,None,0,Combatives_0000_41_actSPM2_ADMHI,
0000_41,actTRWFT,None,0,Combatives_0000_41_actTRWFT,
0000_41,actTRWR,None,0,Combatives_0000_41_actTRWR,
0000_41,actULTHI,None,0,Combatives_0000_41_actULTHI,
0000_43,actARSHA3,1/3発目,0,Combatives_Common_actARSHA3M3_1,
0000_43,actARSHA3,None,0,,
0000_43,actARSHA3,2/3発目,1,Combatives_Common_actRSHA3M3_2,
0000_43,actARSHA3,3/3発目,2,Combatives_Common_actRSHA3M3_3F,
0000_43,actBSRA3,1/3発目,0,Combatives_Common_actBSRA3M3_1,
0000_43,actBSRA3,None,0,,
0000_43,actBSRA3,2/3発目,1,Combatives_Common_actBSRA3M3_2,
0000_43,actBSRA3,3/3発目,2,Combatives_Common_actBSRA3M3_3F,
0000_43,actDTW1P,None,0,Combatives_Common_actDTW1P,
0000_43,actDTWFT,None,0,Combatives_0000_43_actDTWFT,
0000_43,actRSHA3,1/3発目,0,Combatives_Common_actRSHA3M3_1,
0000_43,actRSHA3,None,0,,
0000_43,actRSHA3,2/3発目,1,Combatives_Common_actRSHA3M3_2,
0000_43,actRSHA3,3/3発目,2,Combatives_Common_actRSHA3M3_3F,
0000_43,actRSHSA3,1/3発目,0,Combatives_Common_actRSHSA3M3_1,
0000_43,actRSHSA3,None,0,,
0000_43,actRSHSA3,2/3発目,1,Combatives_Common_actRSHSA3M3_2,
0000_43,actRSHSA3,3/3発目,2,Combatives_Common_actRSHSA3M3_3F,
0000_43,actSPM2HI,None,0,Combatives_0000_43_actSPM2_ADMHI,
0000_43,actSPM2HIBF,None,0,Combatives_0000_43_actSPM2_ADMHI,
0000_43,actTRWFT,None,0,Combatives_0000_43_actTRWFT,
0000_43,actTRWR,None,0,Combatives_0000_43_actTRWR,
0000_43,actULT2HD1P,None,0,Combatives_Common_actULTHD1P_High2,
0000_43,actULT2HI,None,0,Combatives_0000_43_09_actULT2HI,
0000_43,actULT2SI,None,0,Combatives_Common_actULTSI_Attack,
0000_43,actULTHI,None,0,Combatives_0000_43_actULTHI,
0000_43,actULTHIBF,None,0,Combatives_0000_43_actULTHI,
0000_43,actULTSI,None,0,,
0000_50,actARSHA2,1/2発目,0,Combatives_Common_actARSHA2M2_1,
0000_50,actARSHA2,None,0,,
0000_50,actARSHA2,2/2発目,1,Combatives_Common_actARSHA2M2_2F,
0000_50,actARSHA3,1/2発目,0,Combatives_Common_actARSHA3M2_1,
0000_50,actARSHA3,None,0,,
0000_50,actARSHA3,2/2発目,1,Combatives_Common_actARSHA3M2_2F,
0000_50,actARSHB2,1/2発目,0,Combatives_Common_actARSHB2M2_1,
0000_50,actARSHB2,None,0,,
0000_50,actARSHB2,2/2発目,1,Combatives_Common_actARSHB2M2_2F,
0000_50,actARSHB3,1/3発目,0,Combatives_Common_actARSHB3M3_1,
0000_50,actARSHB3,None,0,,
0000_50,actARSHB3,2/3発目,1,Combatives_Common_actARSHB3M3_2,
0000_50,actARSHB3,3/3発目,2,Combatives_Common_actARSHB3M3_3F,
0000_50,actBSRA2,1/2発目,0,Combatives_Common_actBSRA2M2_1,
0000_50,actBSRA2,None,0,,
0000_50,actBSRA2,2/2発目,1,Combatives_Common_actBSRA2M2_2F,
0000_50,actBSRA3,1/2発目,0,Combatives_Common_actBSRA3M2_1,
0000_50,actBSRA3,None,0,,
0000_50,actBSRA3,2/2発目,1,Combatives_Common_actBSRA3M2_2F,
0000_50,actBSRB2,1/2発目,0,Combatives_Common_actBSRB2M2_1,
0000_50,actBSRB2,None,0,,
0000_50,actBSRB2,2/2発目,1,Combatives_Common_actBSRB2M2_2F,
0000_50,actBSRB3,1/3発目,0,Combatives_Common_actBSRB3M3_1,
0000_50,actBSRB3,None,0,,
0000_50,actBSRB3,2/3発目,1,Combatives_Common_actBSRB3M3_2,
0000_50,actBSRB3,3/3発目,2,Combatives_Common_actBSRB3M3_3F,
0000_50,actDTWFT,None,0,Combatives_0000_50_actDTWFT,
0000_50,actEXA1,None,0,Combatives_0000_50_actEXA1,
0000_50,actEXA2,None,0,Combatives_Common_actEXA_SPC_BOM,
0000_50,actRSHA2,1/2発目,0,Combatives_Common_actRSHA2M2_1,
0000_50,actRSHA2,None,0,,
0000_50,actRSHA2,2/2発目,1,Combatives_Common_actRSHA2M2_2F,
0000_50,actRSHA3,1/2発目,0,Combatives_Common_actRSHA3M2_1,
0000_50,actRSHA3,None,0,,
0000_50,actRSHA3,2/2発目,1,Combatives_Common_actRSHA3M2_2F,
0000_50,actRSHB2,1/2発目,0,Combatives_Common_actRSHB2M2_1,
0000_50,actRSHB2,None,0,,
0000_50,actRSHB2,2/2発目,1,Combatives_Common_actRSHB2M2_2F,
0000_50,actRSHB3,1/3発目,0,Combatives_Common_actRSHB3M3_1,
0000_50,actRSHB3,None,0,,
0000_50,actRSHB3,2/3発目,1,Combatives_Common_actRSHB3M3_2,
0000_50,actRSHB3,3/3発目,2,Combatives_Common_actRSHB3M3_3F,
0000_50,actRSHSA2,1/2発目,0,Combatives_Common_actRSHSA2M2_1,
0000_50,actRSHSA2,None,0,,
0000_50,actRSHSA2,2/2発目,1,Combatives_Common_actRSHSA2M2_2F,
0000_50,actRSHSA3,1/2発目,0,Combatives_Common_actRSHSA3M2_1,
0000_50,actRSHSA3,None,0,,
0000_50,actRSHSA3,2/2発目,1,Combatives_Common_actRSHSA3M2_2F,
0000_50,actRSHSB2,1/2発目,0,Combatives_Common_actRSHSB2M2_1,
0000_50,actRSHSB2,None,0,,
0000_50,actRSHSB2,2/2発目,1,Combatives_Common_actRSHSB2M2_2F,
0000_50,actRSHSB3,1/3発目,0,Combatives_Common_actRSHSB3M3_1,
0000_50,actRSHSB3,None,0,,
0000_50,actRSHSB3,2/3発目,1,Combatives_Common_actRSHSB3M3_2,
0000_50,actRSHSB3,3/3発目,2,Combatives_Common_actRSHSB3M3_3F,
0000_50,actSPM2HI,None,0,Combatives_0000_50_actSPM2_ADMHI,
0000_50,actTRWFT,None,0,Combatives_0000_50_actTRWFT,
0000_50,actTRWR,None,0,Combatives_0000_50_actTRWR,
0000_50,actULTHI,None,0,Combatives_0000_50_actULTHI,
0000_51,actARSHA2,1/2発目,0,Combatives_Common_actARSHA2M2_1,
0000_51,actARSHA2,None,0,,
0000_51,actARSHA2,2/2発目,1,Combatives_Common_actARSHA2M2_2F,
0000_51,actARSHA3,1/2発目,0,Combatives_Common_actARSHA3M2_1,
0000_51,actARSHA3,None,0,,
0000_51,actARSHA3,2/2発目,1,Combatives_Common_actARSHA3M2_2F,
0000_51,actARSHA4,1/3発目,0,Combatives_Common_actARSHA4M3_1,
0000_51,actARSHA4,None,0,,
0000_51,actARSHA4,2/3発目,1,Combatives_Common_actARSHA4M3_2,
0000_51,actARSHA4,3/3発目,2,Combatives_Common_actARSHA4M3_3F,
0000_51,actARSHB2,1/2発目,0,Combatives_Common_actARSHB2M2_1,
0000_51,actARSHB2,None,0,,
0000_51,actARSHB2,2/2発目,1,Combatives_Common_actARSHB2M2_2F,
0000_51,actARSHB3,1/3発目,0,Combatives_Common_actARSHB3M3_1,
0000_51,actARSHB3,None,0,,
0000_51,actARSHB3,2/3発目,1,Combatives_Common_actARSHB3M3_2,
0000_51,actARSHB3,3/3発目,2,Combatives_Common_actARSHB3M3_3F,
0000_51,actBSRA2,1/2発目,0,Combatives_Common_actBSRA2M2_1,
0000_51,actBSRA2,None,0,,
0000_51,actBSRA2,2/2発目,1,Combatives_Common_actBSRA2M2_2F,
0000_51,actBSRA3,1/2発目,0,Combatives_Common_actBSRA3M2_1,
0000_51,actBSRA3,None,0,,
0000_51,actBSRA3,2/2発目,1,Combatives_Common_actBSRA3M2_2F,
0000_51,actBSRA4,1/3発目,0,Combatives_Common_actBSRA4M3_1,
0000_51,actBSRA4,None,0,,
0000_51,actBSRA4,2/3発目,1,Combatives_Common_actBSRA4M3_2,
0000_51,actBSRA4,3/3発目,2,Combatives_Common_actBSRA4M3_3F,
0000_51,actBSRB2,1/2発目,0,Combatives_Common_actBSRB2M2_1,
0000_51,actBSRB2,None,0,,
0000_51,actBSRB2,2/2発目,1,Combatives_Common_actBSRB2M2_2F,
0000_51,actBSRB3,1/3発目,0,Combatives_Common_actBSRB3M3_1,
0000_51,actBSRB3,None,0,,
0000_51,actBSRB3,2/3発目,1,Combatives_Common_actBSRB3M3_2,
0000_51,actBSRB3,3/3発目,2,Combatives_Common_actBSRB3M3_3F,
0000_51,actDTWFT,None,0,Combatives_0000_51_actDTWFT,
0000_51,actEXA1,None,0,Combatives_0000_51_actEXA1,
0000_51,actEXA2,None,0,Combatives_Common_actEXA_SPC_BOM,
0000_51,actRSHA2,1/2発目,0,Combatives_Common_actRSHA2M2_1,
0000_51,actRSHA2,None,0,,
0000_51,actRSHA2,2/2発目,1,Combatives_Common_actRSHA2M2_2F,
0000_51,actRSHA3,1/2発目,0,Combatives_Common_actRSHA3M2_1,
0000_51,actRSHA3,None,0,,
0000_51,actRSHA3,2/2発目,1,Combatives_Common_actRSHA3M2_2F,
0000_51,actRSHA4,1/3発目,0,Combatives_Common_actRSHA4M3_1,
0000_51,actRSHA4,None,0,,
0000_51,actRSHA4,2/3発目,1,Combatives_Common_actRSHA4M3_2,
0000_51,actRSHA4,3/3発目,2,Combatives_Common_actRSHA4M3_3F,
0000_51,actRSHB2,1/2発目,0,Combatives_Common_actRSHB2M2_1,
0000_51,actRSHB2,None,0,,
0000_51,actRSHB2,2/2発目,1,Combatives_Common_actRSHB2M2_2F,
0000_51,actRSHB3,1/3発目,0,Combatives_Common_actRSHB3M3_1,
0000_51,actRSHB3,None,0,,
0000_51,actRSHB3,2/3発目,1,Combatives_Common_actRSHB3M3_2,
0000_51,actRSHB3,3/3発目,2,Combatives_Common_actRSHB3M3_3F,
0000_51,actRSHSA2,1/2発目,0,Combatives_Common_actRSHSA2M2_1,
0000_51,actRSHSA2,None,0,,
0000_51,actRSHSA2,2/2発目,1,Combatives_Common_actRSHSA2M2_2F,
0000_51,actRSHSA3,1/2発目,0,Combatives_Common_actRSHSA3M2_1,
0000_51,actRSHSA3,None,0,,
0000_51,actRSHSA3,2/2発目,1,Combatives_Common_actRSHSA3M2_2F,
0000_51,actRSHSA4,1/3発目,0,Combatives_Common_actRSHSA4M3_1,
0000_51,actRSHSA4,None,0,,
0000_51,actRSHSA4,2/3発目,1,Combatives_Common_actRSHSA4M3_2,
0000_51,actRSHSA4,3/3発目,2,Combatives_Common_actRSHSA4M3_3F,
0000_51,actRSHSB2,1/2発目,0,Combatives_Common_actRSHSB2M2_1,
0000_51,actRSHSB2,None,0,,
0000_51,actRSHSB2,2/2発目,1,Combatives_Common_actRSHSB2M2_2F,
0000_51,actRSHSB3,1/3発目,0,Combatives_Common_actRSHSB3M3_1,
0000_51,actRSHSB3,None,0,,
0000_51,actRSHSB3,2/3発目,1,Combatives_Common_actRSHSB3M3_2,
0000_51,actRSHSB3,3/3発目,2,Combatives_Common_actRSHSB3M3_3F,
0000_51,actSPM2HI,None,0,Combatives_0000_51_actSPM2_ADMHI,
0000_51,actTRWFT,None,0,Combatives_0000_51_actTRWFT,
0000_51,actTRWR,None,0,Combatives_0000_51_actTRWR,
0000_51,actULTHI,None,0,Combatives_0000_51_actULTHI,
0001_42,actDTW1P,None,0,Combatives_Common_actDTW1P,
0001_42,actDTWFT,None,0,Combatives_0001_42_actDTWFT,
0001_42,actEXA1,None,0,Combatives_0001_42_actEXA1,
0001_42,actSPM2HI,None,0,Combatives_0001_42_actSPM2_ADMHI,
0001_42,actTRWFT,None,0,Combatives_0001_42_actTRWFT,
0001_42,actTRWR,None,0,Combatives_0001_42_actTRWR,
0001_42,actULTHI,None,0,Combatives_0001_42_actULTHI,
0002_30,actARSHA3,1/2発目,0,Combatives_Common_actARSHA3M2_1,
0002_30,actARSHA3,None,0,,
0002_30,actARSHA3,2/2発目,1,Combatives_Common_actARSHA3M2_2F,
0002_30,actBSRA3,1/2発目,0,Combatives_Common_actBSRA3M2_1,
0002_30,actBSRA3,None,0,,
0002_30,actBSRA3,2/2発目,1,Combatives_Common_actBSRA3M2_2F,
0002_30,actDTW1P,None,0,Combatives_Common_actDTW1P,
0002_30,actDTWFT,None,0,Combatives_0002_30_actDTWFT,
0002_30,actEXA1,None,0,Combatives_Common_actEXA_FLS,
0002_30,actRSHA3,1/2発目,0,Combatives_Common_actRSHA3M2_1,
0002_30,actRSHA3,None,0,,
0002_30,actRSHA3,2/2発目,1,Combatives_Common_actRSHA3M2_2F,
0002_30,actRSHSA3,1/2発目,0,Combatives_Common_actRSHSA3M2_1,
0002_30,actRSHSA3,None,0,,
0002_30,actRSHSA3,2/2発目,1,Combatives_Common_actRSHSA3M2_2F,
0002_30,actSPM2HI,None,0,Combatives_0002_30_actSPM2_ADMHI,
0002_30,actTRWFT,None,0,Combatives_0002_30_actTRWFT,
0002_30,actTRWR,None,0,Combatives_0002_30_actTRWR,
0002_30,actULTHD1P,None,0,Combatives_0002_30_actULTHD1P,
0002_30,actULTHI,None,0,Combatives_0002_30_actULTHI,
0002_31,actARSHA3,1/2発目,0,Combatives_Common_actARSHA3M2_1,
0002_31,actARSHA3,2/2発目,1,Combatives_Common_actARSHA3M2_2F,
0002_31,actBSRA3,1/2発目,0,Combatives_Common_actBSRA3M2_1,
0002_31,actBSRA3,2/2発目,1,Combatives_Common_actBSRA3M2_2F,
0002_31,actDTW1P,None,0,Combatives_Common_actDTW1P,
0002_31,actDTWFT,None,0,Combatives_0002_31_actDTWFT,
0002_31,actEXA1,None,0,Combatives_0002_31_actEXA1,
0002_31,actEXA2,None,0,Combatives_Common_actEXA_SPC_BOM,
0002_31,actRSHA3,1/2発目,0,Combatives_Common_actRSHA3M2_1,
0002_31,actRSHA3,2/2発目,1,Combatives_Common_actRSHA3M2_2F,
0002_31,actRSHSA3,1/2発目,0,Combatives_Common_actRSHSA3M2_1,
0002_31,actRSHSA3,2/2発目,1,Combatives_Common_actRSHSA3M2_2F,
0002_31,actSPM2HI,None,0,Combatives_0002_31_actSPM2_ADMHI,
0002_31,actTRWFT,None,0,Combatives_0002_31_actTRWFT,
0002_31,actTRWR,None,0,Combatives_0002_31_actTRWR,
0002_31,actULTHD1P,None,0,Combatives_Common_actULTHD1P_High1,
0002_31,actULTHI,None,0,Combatives_0002_31_actULTHI,
0002_32,actDTW1P,None,0,Combatives_Common_actDTW1P,
0002_32,actDTWFT,None,0,Combatives_0002_32_actDTWFT,
0002_32,actEXA1,None,0,Combatives_0002_32_actEXA1,
0002_32,actSPM2HI,None,0,Combatives_0002_32_actSPM2_ADMHI,
0002_32,actTRWFT,None,0,Combatives_0002_32_actTRWFT,
0002_32,actTRWR,None,0,Combatives_0002_32_actTRWR,
0002_32,actULTHI,None,0,Combatives_0002_32_actULTHI,
0002_50,actDDS,None,0,Combatives_Common_actDDS_weak,
0002_50,actDTW1P,None,0,Combatives_Common_actDTW1P,
0002_50,actDTWFT,None,0,Combatives_0002_50_actDTWFT,
0002_50,actEXA1,None,0,Combatives_0002_50_actEXA1,
0002_50,actRVCOM,None,0,Combatives_Common_actDDS_weak,
0002_50,actSPC,2/2発目,1,Combatives_Common_actSPC_NoHIT,
0002_50,actSPM1SM,None,0,Combatives_Common_actDDS_weak,
0002_50,actSPM2HI,None,0,Combatives_0002_50_actSPM2HI,
0002_50,actSPM2SM,None,0,Combatives_Common_actDDS_weak,
0002_50,actSPM3SM,None,0,Combatives_Common_actDDS_weak,
0002_50,actTRWFT,None,0,Combatives_0002_50_actTRWFT,
0002_50,actTRWR,None,0,Combatives_0002_50_actTRWR,
0002_50,actULTHI,None,0,Combatives_0002_50_actULTHI,
0002_50,actULTSM,None,0,Combatives_Common_actDDS_weak,
0020_00,actDTWFT,None,0,Combatives_0020_00_actDTWFT,
0020_00,actEXA1,None,0,Combatives_0020_00_actEXA1,
0020_00,actSPM1HI,None,0,Combatives_0020_61_actSPM1_SRPHI,
0020_00,actSPM2HI,None,0,Combatives_0020_00_actSPM2HI,
0020_00,actTRWFT,None,0,Combatives_0020_00_actTRWFT,
0020_00,actTRWR,None,0,Combatives_0020_00_actTRWR,
0020_00,actULTHI,None,0,Combatives_0020_00_actULTHI,
0020_10,actDTWFT,None,0,Combatives_0020_10_actDTWFT,
0020_10,actEXA1,None,0,Combatives_0020_10_actEXA1,
0020_10,actEXA2,None,0,Combatives_Common_actEXA_SPC_BOM,
0020_10,actSPM2HI,None,0,Combatives_0020_10_actSPM2_ADMHI,
0020_10,actTRWFT,None,0,Combatives_0020_10_actTRWFT,
0020_10,actTRWR,None,0,Combatives_0020_10_actTRWR,
0020_10,actULTHD1P,None,0,Combatives_Common_actULTHD1P_High1,
0020_10,actULTHI,None,0,Combatives_0020_10_actULTHI,
0020_11,actDTWFT,None,0,Combatives_0020_11_actDTWFT,
0020_11,actEXA1,None,0,Combatives_0020_11_actEXA1,
0020_11,actSPM2HD1P,None,0,Combatives_0020_11_actSPM2HD1P,
0020_11,actSPM2HI,None,0,Combatives_0020_11_actSPM2_ADMHI,
0020_11,actTRWFT,None,0,Combatives_0020_11_actTRWFT,
0020_11,actTRWR,None,0,Combatives_0020_11_actTRWR,
0020_11,actULTHD1P,None,0,Combatives_0020_11_actULTHD1P,
0020_11,actULTHI,None,0,Combatives_0020_11_actULTHI,
0020_30,actDTW1P,None,0,Combatives_Common_actDTW1P,
0020_30,actDTWFT,None,0,Combatives_0020_30_actDTWFT,
0020_30,actEXA1,None,0,Combatives_0020_30_actEXA1,
0020_30,actSPM1HD1P,None,0,Combatives_Common_actSPM2HD1P,
0020_30,actSPM1HI,None,0,Combatives_0020_30_actSPM1HI,
0020_30,actSPM1SI,None,0,Combatives_Common_actSPMSI_Attack,
0020_30,actSPM2HD1P,None,0,,
0020_30,actSPM2SI,None,0,,
0020_30,actTRWFT,None,0,Combatives_0020_30_actTRWFT,
0020_30,actTRWR,None,0,Combatives_0020_30_actTRWR,
0020_30,actULTHI,None,0,Combatives_0020_30_actULTHI,
0020_31,actDTW1P,None,0,Combatives_Common_actDTW1P,
0020_31,actDTWFT,None,0,Combatives_0020_31_actDTWFT,
0020_31,actEXA1,None,0,Combatives_0020_31_actEXA1,
0020_31,actSPM2HI,None,0,Combatives_0020_31_actSPM2_ADMHI,
0020_31,actTRWFT,None,0,Combatives_0020_31_actTRWFT,
0020_31,actTRWR,None,0,Combatives_0020_31_actTRWR,
0020_31,actULTHI,None,0,Combatives_0020_31_actULTHI,
0020_31,actULTSI,None,0,,
0020_32,actARSHA3,1/3発目,0,Combatives_Common_actARSHA3M3_1,
0020_32,actARSHA3,None,0,,
0020_32,actARSHA3,2/3発目,1,Combatives_Common_actARSHA3M3_2,
0020_32,actARSHA3,3/3発目,2,Combatives_Common_actARSHA3M3_3F,
0020_32,actBSRA3,1/3発目,0,Combatives_Common_actBSRA3M3_1,
0020_32,actBSRA3,None,0,,
0020_32,actBSRA3,2/3発目,1,Combatives_Common_actBSRA3M3_2,
0020_32,actBSRA3,3/3発目,2,Combatives_Common_actBSRA3M3_3F,
0020_32,actDTW1P,None,0,Combatives_Common_actDTW1P,
0020_32,actDTWFT,None,0,Combatives_0020_32_actDTWFT,
0020_32,actEXA1,None,0,Combatives_0020_32_actEXA1,
0020_32,actRSHA3,1/3発目,0,Combatives_Common_actRSHA3M3_1,
0020_32,actRSHA3,None,0,,
0020_32,actRSHA3,2/3発目,1,Combatives_Common_actRSHA3M3_2,
0020_32,actRSHA3,3/3発目,2,Combatives_Common_actRSHA3M3_3F,
0020_32,actRSHSA3,1/3発目,0,Combatives_Common_actRSHSA3M3_1,
0020_32,actRSHSA3,None,0,,
0020_32,actRSHSA3,2/3発目,1,Combatives_Common_actRSHSA3M3_2,
0020_32,actRSHSA3,3/3発目,2,Combatives_Common_actRSHSA3M3_3F,
0020_32,actSINtGUB,None,0,Combatives_Common_actSINtGUB_High1,
0020_32,actSPM2HI,None,0,Combatives_0020_32_actSPM2_ADMHI,
0020_32,actTRWFT,None,0,Combatives_0020_32_actTRWFT,
0020_32,actTRWR,None,0,Combatives_0020_32_actTRWR,
0020_32,actULTHD1P,None,0,Combatives_0020_32_actULTHD1P,
0020_32,actULTHI,None,0,Combatives_0020_32_actULTHI,
0020_40,actDTWFT,None,0,Combatives_0020_40_actDTWFT,
0020_40,actEXA1,None,0,Combatives_0020_40_actEXA1,
0020_40,actEXA2,None,0,Combatives_Common_actEXA_SPC_BOM,
0020_40,actSPM2HI,None,0,Combatives_0020_40_actSPM2_ADMHI,
0020_40,actTRWFT,None,0,Combatives_0020_40_actTRWFT,
0020_40,actTRWR,None,0,Combatives_0020_40_actTRWR,
0020_40,actULTHD1P,None,0,Combatives_0020_40_actULTHD1P,
0020_40,actULTHI,None,0,Combatives_0020_40_actULTHI,
0020_50,actARSHB3,1/2発目,0,Combatives_Common_actARSHB3M2_1,
0020_50,actARSHB3,None,0,,
0020_50,actARSHB3,2/2発目,1,Combatives_Common_actARSHB3M2_2F,
0020_50,actARSHB4,1/2発目,0,Combatives_Common_actARSHB4M2_1,
0020_50,actARSHB4,None,0,,
0020_50,actARSHB4,2/2発目,1,Combatives_Common_actARSHB4M2_2F,
0020_50,actBSRB3,1/2発目,0,Combatives_Common_actBSRB3M2_1,
0020_50,actBSRB3,None,0,,
0020_50,actBSRB3,2/2発目,1,Combatives_Common_actBSRB3M2_2F,
0020_50,actBSRB4,1/2発目,0,Combatives_Common_actBSRB4M2_1,
0020_50,actBSRB4,None,0,,
0020_50,actBSRB4,2/2発目,1,Combatives_Common_actBSRB4M2_2F,
0020_50,actDTW1P,None,0,Combatives_Common_actDTW1P,
0020_50,actDTWFT,None,0,Combatives_0020_50_actDTWFT,
0020_50,actEXA1,None,0,Combatives_0020_50_actEXA1,
0020_50,actRSHB3,1/2発目,0,Combatives_Common_actRSHB3M2_1,
0020_50,actRSHB3,None,0,,
0020_50,actRSHB3,2/2発目,1,Combatives_Common_actRSHB3M2_2F,
0020_50,actRSHB4,1/2発目,0,Combatives_Common_actRSHB4M2_1,
0020_50,actRSHB4,None,0,,
0020_50,actRSHB4,2/2発目,1,Combatives_Common_actRSHB4M2_2F,
0020_50,actRSHSB3,1/2発目,0,Combatives_Common_actRSHSB3M2_1,
0020_50,actRSHSB3,None,0,,
0020_50,actRSHSB3,2/2発目,1,Combatives_Common_actRSHSB3M2_2F,
0020_50,actRSHSB4,1/2発目,0,Combatives_Common_actRSHSB4M2_1,
0020_50,actRSHSB4,None,0,,
0020_50,actRSHSB4,2/2発目,1,Combatives_Common_actRSHSB4M2_2F,
0020_50,actSPM2HI,None,0,Combatives_0020_50_actSPM2_ADMHI,
0020_50,actTRWFT,None,0,Combatives_0020_50_actTRWFT,
0020_50,actTRWR,None,0,Combatives_0020_50_actTRWR,
0020_50,actULTHI,None,0,Combatives_0020_50_actULTHI,
0020_60,actDTW1P,None,0,Combatives_Common_actDTW1P,
0020_60,actDTWFT,None,0,Combatives_0020_60_actDTWFT,
0020_60,actEXA1,None,0,Combatives_0020_60_actEXA1,
0020_60,actSPM2HI,None,0,Combatives_0020_60_actSPM2_ADMHI,
0020_60,actTRWFT,None,0,Combatives_0020_60_actTRWFT,
0020_60,actTRWR,None,0,Combatives_0020_60_actTRWR,
0020_60,actULTHI,None,0,Combatives_0020_60_actULTHI,
0020_61,actDTW1P,None,0,Combatives_Common_actDTW1P,
0020_61,actDTWFT,None,0,Combatives_0020_61_actDTWFT,
0020_61,actSPM1HD1P,None,0,Combatives_0020_61_actSPM1HD1P,
0020_61,actSPM1HI,None,0,Combatives_0020_61_actSPM1_SRPHI,
0020_61,actSPM2HI,None,0,Combatives_0020_61_actSPM2_ADMHI,
0020_61,actTRWFT,None,0,Combatives_0020_61_actTRWFT,
0020_61,actTRWR,None,0,Combatives_0020_61_actTRWR,
0020_61,actULTHI,None,0,Combatives_0020_61_actULTHI,
0020_63,actARSHA2,1/2発目,0,Combatives_Common_actARSHA2M2_1,
0020_63,actARSHA2,None,0,,
0020_63,actARSHA2,2/2発目,1,Combatives_Common_actARSHA2M2_2F,
0020_63,actARSHB3,1/3発目,0,Combatives_Common_actARSHB3M3_1,
0020_63,actARSHB3,None,0,,
0020_63,actARSHB3,2/3発目,1,Combatives_Common_actARSHB3M3_2,
0020_63,actARSHB3,3/3発目,2,Combatives_Common_actARSHB3M3_3F,
0020_63,actBSRA2,1/2発目,0,Combatives_Common_actBSRA2M2_1,
0020_63,actBSRA2,None,0,,
0020_63,actBSRA2,2/2発目,1,Combatives_Common_actBSRA2M2_2F,
0020_63,actBSRB3,1/3発目,0,Combatives_Common_actBSRB3M3_1,
0020_63,actBSRB3,None,0,,
0020_63,actBSRB3,2/3発目,1,Combatives_Common_actBSRB3M3_2,
0020_63,actBSRB3,3/3発目,2,Combatives_Common_actBSRB3M3_3F,
0020_63,actDTW1P,None,0,Combatives_Common_actDTW1P,
0020_63,actDTWFT,None,0,Combatives_0020_63_actDTWFT,
0020_63,actEXA1,None,0,Combatives_0020_63_actEXA1,
0020_63,actRSHA2,1/2発目,0,Combatives_Common_actRSHA2M2_1,
0020_63,actRSHA2,None,0,,
0020_63,actRSHA2,2/2発目,1,Combatives_Common_actRSHA2M2_2F,
0020_63,actRSHB3,1/3発目,0,Combatives_Common_actRSHB3M3_1,
0020_63,actRSHB3,None,0,,
0020_63,actRSHB3,2/3発目,1,Combatives_Common_actRSHB3M3_2,
0020_63,actRSHB3,3/3発目,2,Combatives_Common_actRSHB3M3_3F,
0020_63,actRSHSA2,1/2発目,0,Combatives_Common_actRSHSA2M2_1,
0020_63,actRSHSA2,None,0,,
0020_63,actRSHSA2,2/2発目,1,Combatives_Common_actRSHSA2M2_2F,
0020_63,actRSHSB3,1/3発目,0,Combatives_Common_actRSHSB3M3_1,
0020_63,actRSHSB3,None,0,,
0020_63,actRSHSB3,2/3発目,1,Combatives_Common_actRSHSB3M3_2,
0020_63,actRSHSB3,3/3発目,2,Combatives_Common_actRSHSB3M3_3F,
0020_63,actSPM2HI,None,0,Combatives_0020_63_actSPM2_ADMHI,
0020_63,actTRWFT,None,0,Combatives_0020_63_actTRWFT,
0020_63,actTRWR,None,0,Combatives_0020_63_actTRWR,
0020_63,actULT2HD1P,None,0,Combatives_Common_actULTHD1P_High2,
0020_63,actULT2HI,None,0,Combatives_0020_63_04_actULT2HI,
0020_63,actULT2SI,None,0,Combatives_Common_actULTSI_Attack,
0020_63,actULTHD1P,None,0,Combatives_Common_actULTHD1P_High6,
0020_63,actULTHI,None,0,Combatives_0020_63_actULTHI,
0021_20,actDTW1P,None,0,Combatives_Common_actDTW1P,
0021_20,actDTWFT,None,0,Combatives_0021_20_actDTWFT,
0021_20,actEXA1,None,0,Combatives_0021_20_actEXA1,
0021_20,actEXA2,None,0,Combatives_Common_actEXA_SPC_BOM,
0021_20,actSPM2HI,None,0,Combatives_0021_20_actSPM2_ADMHI,
0021_20,actTRWFT,None,0,Combatives_0021_20_actTRWFT,
0021_20,actTRWR,None,0,Combatives_0021_20_actTRWR,
0021_20,actULTHD1P,None,0,Combatives_0021_20_actULTHD1P,
0021_20,actULTHI,None,0,Combatives_0021_20_actULTHI,
0022_62,actDTW1P,None,0,Combatives_Common_actDTW1P,
0022_62,actDTWFT,None,0,Combatives_0022_62_actDTWFT,
0022_62,actEXA1,None,0,Combatives_0022_62_actEXA1,
0022_62,actSPM1HD1P,None,0,Combatives_0022_62_actSPM1HD1P,
0022_62,actSPM1HI,None,0,Combatives_0022_62_actSPM1HI,
0022_62,actSPM2HI,None,0,Combatives_0022_62_actSPM2_ADMHI,
0022_62,actTRWFT,None,0,Combatives_0022_62_actTRWFT,
0022_62,actTRWR,None,0,Combatives_0022_62_actTRWR,
0022_62,actULTHI,None,0,Combatives_0022_62_actULTHI,
0023_00,actBLWB,None,0,Combatives_9994_00_actBLWB,
0023_00,actBLWF,None,0,Combatives_9994_00_actBLWF,
0023_00,actBWF,None,0,Combatives_9994_actBWF,
0023_00,actBWN,None,0,Combatives_9994_actBWN,
0023_00,actBWP,None,0,Combatives_9994_actBWP,
0023_00,actDTW,None,0,Combatives_9994_00_actDTW,
0023_00,actDTW1P,None,0,Combatives_Common_actDTW1P,
0023_00,actDTWFT,None,0,Combatives_9994_00_actDTWFT,
0023_00,actEXA1,None,0,Combatives_0023_00_actEXA1,
0023_00,actHC1,None,0,Combatives_9994_actHC1,
0023_00,actHC2,None,0,Combatives_9994_actHC2,
0023_00,actHC3,None,0,Combatives_9994_actHC3,
0023_00,actHFF,None,0,Combatives_9994_00_actHFF,
0023_00,actHFN,None,0,Combatives_9994_00_actHFN,
0023_00,actHFP,None,0,Combatives_9994_00_actHFP,
0023_00,actPP1A,1/2発目,0,Combatives_9994_actPP1A,
0023_00,actPP1A,2/2発目,1,Combatives_9994_actPP1A_F,
0023_00,actPWFF,None,0,Combatives_9994_00_actPWFF,
0023_00,actRHFL,None,0,Combatives_9994_actRHFL,
0023_00,actRHFR,None,0,Combatives_9994_actRHFR,
0023_00,actRHNL,None,0,Combatives_9994_actRHNL,
0023_00,actRHNR,None,0,Combatives_9994_actRHNR,
0023_00,actRHPL,None,0,Combatives_9994_actRHPL,
0023_00,actRHPR,None,0,Combatives_9994_actRHPR,
0023_00,actRI1,None,0,Combatives_Common_actHUGE_RI1,
0023_00,actRSHA1,None,0,Combatives_9994_00_actRSHA1,
0023_00,actRSHA2,None,0,Combatives_9994_00_actRSHA2,
0023_00,actRSHA3,None,0,Combatives_9994_00_actRSHA3,
0023_00,actRSHA3M,None,0,Combatives_Common_actRSHA3M,
0023_00,actRSHA4,None,0,Combatives_9994_00_actRSHA4,
0023_00,actRSHB1,None,0,Combatives_9994_00_actRSHB1,
0023_00,actRSHB2,None,0,Combatives_9994_00_actRSHB2,
0023_00,actRSHB3,None,0,Combatives_9994_00_actRSHB3,
0023_00,actRSHB4,None,0,Combatives_9994_00_actRSHB4,
0023_00,actSCF,None,0,Combatives_9994_00_actSCF,
0023_00,actSCN,None,0,Combatives_9994_00_actSCN,
0023_00,actSCP,None,0,Combatives_9994_00_actSCP,
0023_00,actSI1,None,0,Combatives_9994_actSI1,
0023_00,actSPC,2/2発目,1,Combatives_9994_00_actSPC,
0023_00,actSPM2HI,None,0,Combatives_0023_00_actSPM2_ADMHI,
0023_00,actTRPF,None,0,Combatives_9994_00_actTRPF,
0023_00,actTRW,None,0,Combatives_9994_00_actTRW,
0023_00,actTRW1P,None,0,Combatives_9994_actTRW1P,
0023_00,actTRWFT,None,0,Combatives_9994_00_actTRWFT,
0023_00,actTRWR,None,0,Combatives_9994_00_actTRWR,
0023_00,actULTHD1P,None,0,Combatives_0023_00_actULTHD1P,
0023_00,actULTHI,None,0,Combatives_0023_00_actULTHI,
0023_00,actVASF,None,0,Combatives_9994_00_actVASF,
0023_00,actZBD,None,0,Combatives_9994_00_actZBD,
0023_00,actZCBAD,None,0,Combatives_9994_00_actZCBAM,
0023_00,actZCBAL,None,0,Combatives_9994_00_actZCBAM,
0023_00,actZCBAM,None,0,Combatives_9994_00_actZCBAM,
0023_00,actZCBAR,None,0,Combatives_9994_00_actZCBAM,
0023_00,actZCBAU,None,0,Combatives_9994_00_actZCBAM,
0023_00,actZCBGD,None,0,Combatives_9994_00_actZCBGM,
0023_00,actZCBGL,None,0,Combatives_9994_00_actZCBGM,
0023_00,actZCBGM,None,0,Combatives_9994_00_actZCBGM,
0023_00,actZCBGR,None,0,Combatives_9994_00_actZCBGM,
0023_00,actZCBGU,None,0,Combatives_9994_00_actZCBGM,
0030_00,actDDS,None,0,Combatives_Common_actDDS_weak,
0030_00,actDTW1P,None,0,Combatives_Common_actDTW1P,
0030_00,actDTWFT,None,0,Combatives_0030_00_actDTWFT,
0030_00,actEXA1,None,0,Combatives_0030_00_actEXA1,
0030_00,actRVCOM,None,0,Combatives_Common_actDDS_weak,
0030_00,actSPC,2/2発目,1,Combatives_Common_actSPC_NoHIT,
0030_00,actSPM1SM,None,0,Combatives_Common_actDDS_weak,
0030_00,actSPM2SI,None,0,,
0030_00,actSPM2SM,None,0,Combatives_Common_actDDS_weak,
0030_00,actSPM3SM,None,0,Combatives_Common_actDDS_weak,
0030_00,actTRWFT,None,0,Combatives_0030_00_actTRWFT,
0030_00,actTRWR,None,0,Combatives_0030_00_actTRWR,
0030_00,actULTHI,None,0,Combatives_0030_00_actULTHI,
0030_00,actULTSM,None,0,Combatives_Common_actDDS_weak,
0031_00,actARSHA2,1/2発目,0,Combatives_Common_actARSHA2M2_1,
0031_00,actARSHA2,None,0,,
0031_00,actARSHA2,2/2発目,1,Combatives_Common_actARSHA2M2_2F,
0031_00,actBSRA2,1/2発目,0,Combatives_Common_actBSRA2M2_1,
0031_00,actBSRA2,None,0,,
0031_00,actBSRA2,2/2発目,1,Combatives_Common_actBSRA2M2_2F,
0031_00,actDDS,None,0,Combatives_Common_actDDS_weak,
0031_00,actDTW1P,None,0,Combatives_Common_actDTW1P,
0031_00,actDTWFT,None,0,Combatives_0031_00_actDTWFT,
0031_00,actEXA1,None,0,Combatives_0031_00_actEXA1,
0031_00,actRSHA2,1/2発目,0,Combatives_Common_actRSHA2M2_1,
0031_00,actRSHA2,None,0,,
0031_00,actRSHA2,2/2発目,1,Combatives_Common_actRSHA2M2_2F,
0031_00,actRSHSA2,1/2発目,0,Combatives_Common_actRSHSA2M2_1,
0031_00,actRSHSA2,None,0,,
0031_00,actRSHSA2,2/2発目,1,Combatives_Common_actRSHSA2M2_2F,
0031_00,actRVCOM,None,0,Combatives_Common_actDDS_weak,
0031_00,actSPC,2/2発目,1,Combatives_Common_actSPC_NoHIT,
0031_00,actSPM1SM,None,0,Combatives_Common_actDDS_weak,
0031_00,actSPM2HI,None,0,Combatives_0031_00_actSPM2_ADMHI,
0031_00,actSPM2SM,None,0,Combatives_Common_actDDS_weak,
0031_00,actSPM3SM,None,0,Combatives_Common_actDDS_weak,
0031_00,actTRWFT,None,0,Combatives_0031_00_actTRWFT,
0031_00,actTRWR,None,0,Combatives_0031_00_actTRWR,
0031_00,actULTHI,None,0,Combatives_0031_00_actULTHI,
0031_00,actULTSM,None,0,Combatives_Common_actDDS_weak,
0031_01,actDTW1P,None,0,Combatives_Common_actDTW1P,
0031_01,actDTWFT,None,0,Combatives_0031_01_actDTWFT,
0031_01,actEXA1,None,0,Combatives_0031_01_actEXA1,
0031_01,actEXA2,None,0,Combatives_Common_actEXA_SPC_BOM,
0031_01,actSPM2HI,None,0,Combatives_0031_01_actSPM2_ADMHI,
0031_01,actTRWFT,None,0,Combatives_0031_01_actTRWFT,
0031_01,actTRWR,None,0,Combatives_0031_01_actTRWR,
0031_01,actULTHD1P,None,0,Combatives_0031_01_actULTHD1P,
0031_01,actULTHI,None,0,Combatives_0031_01_actULTHI,
0031_02,actDTWFT,None,0,Combatives_0031_02_actDTWFT,
0031_02,actEXA1,None,0,Combatives_0031_02_actEXA1,
0031_02,actEXA2,None,0,Combatives_Common_actEXA_SPC_BOM,
0031_02,actSPM2HI,None,0,Combatives_0031_02_actSPM2_ADMHI,
0031_02,actTRWFT,None,0,Combatives_0031_02_actTRWFT,
0031_02,actTRWR,None,0,Combatives_0031_02_actTRWR,
0031_02,actULT2HD1P,None,0,Combatives_Common_actULTHD1P,
0031_02,actULT2HI,None,0,Combatives_0031_02_04_actULT2HI,
0031_02,actULTHD1P,None,0,Combatives_Common_actULTHD1P_Low2,
0031_02,actULTHI,None,0,Combatives_0031_02_actULTHI,
0032_00,actDTW1P,None,0,Combatives_Common_actDTW1P,
0032_00,actDTWFT,None,0,Combatives_0032_00_actDTWFT,
0032_00,actEXA1,None,0,Combatives_0032_00_actEXA1,
0032_00,actSPM2HI,None,0,Combatives_0032_00_actSPM2_ADMHI,
0032_00,actTRWFT,None,0,Combatives_0032_00_actTRWFT,
0032_00,actTRWR,None,0,Combatives_0032_00_actTRWR,
0032_00,actULT2HD1P,None,0,Combatives_Common_actULTHD1P,
0032_00,actULT2HI,None,0,Combatives_0032_00_06_actULT2HI,
0032_00,actULT2SI,None,0,Combatives_Common_actULTSI_Attack,
0032_00,actULT3HD1P,None,0,Combatives_Common_actULTHD1P,
0032_00,actULT3HI,None,0,Combatives_0032_00_07_actULT3HI,
0032_00,actULT3SI,None,0,Combatives_Common_actULTSI_Attack,
0032_00,actULTHI,None,0,Combatives_0032_00_actULTHI,
0032_01,actDTW1P,None,0,Combatives_Common_actDTW1P,
0032_01,actDTWFT,None,0,Combatives_0032_01_actDTWFT,
0032_01,actEXA1,None,0,Combatives_0032_01_actEXA1,
0032_01,actSPM2HI,None,0,Combatives_0032_01_actSPM2_ADMHI,
0032_01,actTEMbltHI,None,0,Combatives_0032_01_actULTHI,
0032_01,actTRWFT,None,0,Combatives_0032_01_actTRWFT,
0032_01,actTRWR,None,0,Combatives_0032_01_actTRWR,
0032_01,actULT2HD1P,None,0,Combatives_Common_actULTHD1P_High1,
0032_01,actULT2HI,None,0,Combatives_0032_01_05_actULT2HI,
0032_01,actULTHI,None,0,Combatives_0032_01_actULTHI,
0032_02,actDTWFT,None,0,Combatives_0032_02_actDTWFT,
0032_02,actEXA1,None,0,Combatives_0032_02_actEXA1,
0032_02,actEXA2,None,0,Combatives_Common_actEXA_SPC_BOM,
0032_02,actSPM2HI,None,0,Combatives_0032_02_actSPM2_ADMHI,
0032_02,actTRWFT,None,0,Combatives_0032_02_actTRWFT,
0032_02,actTRWR,None,0,Combatives_0032_02_actTRWR,
0032_02,actULTHI,None,0,Combatives_0032_02_actULTHI,
0032_10,actDDS,None,0,Combatives_Common_actDDS_weak,
0032_10,actDTW1P,None,0,Combatives_Common_actDTW1P,
0032_10,actDTWFT,None,0,Combatives_0032_10_actDTWFT,
0032_10,actEXA1,None,0,Combatives_0032_10_actEXA1,
0032_10,actRVCOM,None,0,Combatives_Common_actDDS_weak,
0032_10,actSPC,2/2発目,1,Combatives_Common_actSPC_NoHIT,
0032_10,actSPM1SM,None,0,Combatives_Common_actDDS_weak,
0032_10,actSPM2HI,None,0,Combatives_0032_10_actSPM2_ADMHI,
0032_10,actSPM2SM,None,0,Combatives_Common_actDDS_weak,
0032_10,actSPM3SM,None,0,Combatives_Common_actDDS_weak,
0032_10,actTRWFT,None,0,Combatives_0032_10_actTRWFT,
0032_10,actTRWR,None,0,Combatives_0032_10_actTRWR,
0032_10,actULTHI,None,0,Combatives_0032_10_actULTHI,
0032_10,actULTSM,None,0,Combatives_Common_actDDS_weak,
0032_20,actDTWFT,None,0,Combatives_0032_20_actDTWFT,
0032_20,actEXA1,None,0,Combatives_0032_20_actEXA1,
0032_20,actSPM2HI,None,0,Combatives_0032_20_actSPM2_ADMHI,
0032_20,actTRWFT,None,0,Combatives_0032_20_actTRWFT,
0032_20,actTRWR,None,0,Combatives_0032_20_actTRWR,
0032_20,actULTHI,None,0,Combatives_0032_20_actULTHI,
0032_30,actDTWFT,None,0,Combatives_0032_30_actDTWFT,
0032_30,actEXA1,None,0,Combatives_0032_30_actEXA1,
0032_30,actSPM2HI,None,0,Combatives_0032_30_actSPM2_ADMHI,
0032_30,actTRWFT,None,0,Combatives_0032_30_actTRWFT,
0032_30,actTRWR,None,0,Combatives_0032_30_actTRWR,
0032_30,actULTHI,None,0,Combatives_0032_30_actULTHI,
0032_31,actDTW1P,None,0,Combatives_Common_actDTW1P,
0032_31,actDTWFT,None,0,Combatives_0032_31_actDTWFT,
0032_31,actEXA1,None,0,Combatives_0032_31_actEXA1,
0032_31,actSPM2HI,None,0,Combatives_0032_31_actSPM2_ADMHI,
0032_31,actTRWFT,None,0,Combatives_0032_31_actTRWFT,
0032_31,actTRWR,None,0,Combatives_0032_31_actTRWR,
0032_31,actULTHI,None,0,Combatives_0032_31_actULTHI,
0040_00,actDTWFT,None,0,Combatives_0040_00_actDTWFT,
0040_00,actSPM2HI,None,0,Combatives_0040_00_actSPM2HI,
0040_00,actTRWFT,None,0,Combatives_0040_00_actTRWFT,
0040_00,actTRWR,None,0,Combatives_0040_00_actTRWR,
0040_00,actULT2HD1P,None,0,Combatives_Common_actULTHD1P,
0040_00,actULT2HI,None,0,Combatives_0040_00_03_actULT2HI,
0040_00,actULT2SI,None,0,Combatives_Common_actULTSI_Attack,
0040_00,actULTSI,None,0,,
0040_10,actDTW1P,None,0,Combatives_Common_actDTW1P,
0040_10,actDTWFT,None,0,Combatives_0040_10_actDTWFT,
0040_10,actSPM2HI,None,0,Combatives_0040_10_actSPM2HI,
0040_10,actTRWFT,None,0,Combatives_0040_10_actTRWFT,
0040_10,actTRWR,None,0,Combatives_0040_10_actTRWR,
0040_10,actULT2HD1P,None,0,Combatives_Common_actULTHD1P,
0040_10,actULT2HI,None,0,Combatives_0040_10_03_actULT2HI,
0040_10,actULT2SI,None,0,Combatives_Common_actULTSI_Attack,
0040_10,actULTHD1P,None,0,Combatives_Common_actULTHD1P_Low1,
0040_10,actULTHI,None,0,Combatives_0040_10_actULTHI,
0040_10,actULTSI,None,0,,
0040_20,actDTW1P,None,0,Combatives_Common_actDTW1P,
0040_20,actDTWFT,None,0,Combatives_0040_20_actDTWFT,
0040_20,actEXA1,None,0,Combatives_0040_20_actEXA1,
0040_20,actEXA2,None,0,Combatives_Common_actEXA_SPC_BOM,
0040_20,actSPM2HI,None,0,Combatives_0040_20_actSPM2_ADMHI,
0040_20,actTRWFT,None,0,Combatives_0040_20_actTRWFT,
0040_20,actTRWR,None,0,Combatives_0040_20_actTRWR,
0040_20,actULTHI,None,0,Combatives_0040_20_actULTHI,
0050_00,actDDS,None,0,Combatives_Common_actDDS_weak,
0050_00,actDTW1P,None,0,Combatives_Common_actDTW1P,
0050_00,actDTWFT,None,0,Combatives_0050_00_actDTWFT,
0050_00,actEXA1,None,0,Combatives_Common_actEXA_FLS,
0050_00,actRVCOM,None,0,Combatives_Common_actDDS_weak,
0050_00,actSPC,2/2発目,1,Combatives_Common_actSPC_NoHIT,
0050_00,actSPM1SM,None,0,Combatives_Common_actDDS_weak,
0050_00,actSPM2SI,None,0,,
0050_00,actSPM2SM,None,0,Combatives_Common_actDDS_weak,
0050_00,actSPM3SM,None,0,Combatives_Common_actDDS_weak,
0050_00,actTRWFT,None,0,Combatives_0050_00_actTRWFT,
0050_00,actTRWR,None,0,Combatives_0050_00_actTRWR,
0050_00,actULT2HD1P,None,0,Combatives_Common_actULTHD1P,
0050_00,actULT2HI,None,0,Combatives_0050_00_06_actULT2HI,
0050_00,actULT2SI,None,0,Combatives_Common_actULTSI_Attack,
0050_00,actULTHD1P,None,0,Combatives_0050_00_actULTHD1P,
0050_00,actULTHI,None,0,Combatives_0050_00_actULTHI,
0050_00,actULTSI,None,0,,
0050_00,actULTSM,None,0,Combatives_Common_actDDS_weak,
0060_00,actDDS,None,0,Combatives_Common_actDDS_weak,
0060_00,actDTW1P,None,0,Combatives_Common_actDTW1P,
0060_00,actDTWFT,None,0,Combatives_0060_00_actDTWFT,
0060_00,actEXA1,None,0,Combatives_0060_00_actEXA1,
0060_00,actRVCOM,None,0,Combatives_Common_actDDS_weak,
0060_00,actSPC,2/2発目,1,Combatives_Common_actSPC_NoHIT,
0060_00,actSPM1SM,None,0,Combatives_Common_actDDS_weak,
0060_00,actSPM2HD1P,None,0,Combatives_0060_00_actSPM2HD1P,
0060_00,actSPM2HI,None,0,Combatives_0060_00_actSPM2HI,
0060_00,actSPM2SM,None,0,Combatives_Common_actDDS_weak,
0060_00,actSPM3SM,None,0,Combatives_Common_actDDS_weak,
0060_00,actTRWFT,None,0,Combatives_0060_00_actTRWFT,
0060_00,actTRWR,None,0,Combatives_0060_00_actTRWR,
0060_00,actULTHD1P,None,0,Combatives_0060_00_actULTHD1P,
0060_00,actULTHI,None,0,Combatives_0060_00_actULT_SRPHI,
0060_00,actULTSI,None,0,,
0060_00,actULTSM,None,0,Combatives_Common_actDDS_weak,
0070_00,actDDS,None,0,Combatives_Common_actDDS_weak,
0070_00,actDTW1P,None,0,Combatives_Common_actDTW1P,
0070_00,actDTWFT,None,0,Combatives_0070_00_actDTWFT,
0070_00,actEXA1,None,0,Combatives_Common_actEXA_FLS,
0070_00,actRVCOM,None,0,Combatives_Common_actDDS_weak,
0070_00,actSPC,2/2発目,1,Combatives_Common_actSPC_NoHIT,
0070_00,actSPM1SM,None,0,Combatives_Common_actDDS_weak,
0070_00,actSPM2HI,None,0,Combatives_0070_00_actSPM2_ADMHI,
0070_00,actSPM2SM,None,0,Combatives_Common_actDDS_weak,
0070_00,actSPM3SM,None,0,Combatives_Common_actDDS_weak,
0070_00,actTRWFT,None,0,Combatives_0070_00_actTRWFT,
0070_00,actTRWR,None,0,Combatives_0070_00_actTRWR,
0070_00,actULTHI,None,0,Combatives_0070_00_actULTHI,
0080_00,actARSHA3,None,0,Combatives_Common_actARSHA3,CombativesSubParam_0080_00_actARSHA3
0080_00,actARSHA4,None,0,Combatives_Common_actARSHA4,CombativesSubParam_0080_00_actARSHA4
0080_00,actARSHA5,None,0,Combatives_Common_actARSHA5,CombativesSubParam_0080_00_actARSHA5
0080_00,actARSHB1,None,0,Combatives_Common_actARSHB1,CombativesSubParam_0080_00_actARSHB1
0080_00,actARSHB2,None,0,Combatives_Common_actARSHB2,CombativesSubParam_0080_00_actARSHB2
0080_00,actASMDF,None,0,Combatives_Common_actASMDF,CombativesSubParam_0080_00_actASMDF
0080_00,actBSA,None,0,Combatives_Common_actBSA,CombativesSubParam_0080_00_actBSA
0080_00,actBSFD,None,0,Combatives_Common_actBSFD,CombativesSubParam_0080_00_actBSFD
0080_00,actBSFU,None,0,Combatives_Common_actBSFU,CombativesSubParam_0080_00_actBSFU
0080_00,actBSM1,None,0,Combatives_Common_actBSM1,CombativesSubParam_0080_00_actBSM1
0080_00,actBSRA3,None,0,Combatives_Common_actBSRA3,CombativesSubParam_0080_00_actBSRA3
0080_00,actBSRA4,None,0,Combatives_Common_actBSRA4,CombativesSubParam_0080_00_actBSRA4
0080_00,actBSRB1,None,0,Combatives_Common_actBSRB1,CombativesSubParam_0080_00_actBSRB1
0080_00,actBSRB2,None,0,Combatives_Common_actBSRB2,CombativesSubParam_0080_00_actBSRB2
0080_00,actBSSD,None,0,Combatives_Common_actBSSD,CombativesSubParam_0080_00_actBSSD
0080_00,actBSSL,None,0,Combatives_Common_actBSSL,CombativesSubParam_0080_00_actBSSL
0080_00,actBSSM,None,0,Combatives_Common_actBSSM,CombativesSubParam_0080_00_actBSSM
0080_00,actBSSR,None,0,Combatives_Common_actBSSR,CombativesSubParam_0080_00_actBSSR
0080_00,actBSSU,None,0,Combatives_Common_actBSSU,CombativesSubParam_0080_00_actBSSU
0080_00,actCAS,None,0,Combatives_Common_actCAS,CombativesSubParam_0080_00_actCAS
0080_00,actCRFNEA,None,0,Combatives_Common_actCRFNEA,CombativesSubParam_0080_00_actCRFNEA
0080_00,actCRFVEA,None,0,Combatives_Common_actCRFVEA,CombativesSubParam_0080_00_actCRFVEA
0080_00,actDDADF,None,0,Combatives_Common_actDDADF,CombativesSubParam_0080_00_actDDADF
0080_00,actDDADN,None,0,Combatives_Common_actDDADN,CombativesSubParam_0080_00_actDDADN
0080_00,actDDADP,None,0,Combatives_Common_actDDADP,CombativesSubParam_0080_00_actDDADP
0080_00,actDDALF,None,0,Combatives_Common_actDDALF,CombativesSubParam_0080_00_actDDALF
0080_00,actDDALN,None,0,Combatives_Common_actDDALN,CombativesSubParam_0080_00_actDDALN
0080_00,actDDALP,None,0,Combatives_Common_actDDALP,CombativesSubParam_0080_00_actDDALP
0080_00,actDDAMF,None,0,Combatives_Common_actDDAMF,CombativesSubParam_0080_00_actDDAMF
0080_00,actDDAMN,None,0,Combatives_Common_actDDAMN,CombativesSubParam_0080_00_actDDAMN
0080_00,actDDAMP,None,0,Combatives_Common_actDDAMP,CombativesSubParam_0080_00_actDDAMP
0080_00,actDDARF,None,0,Combatives_Common_actDDARF,CombativesSubParam_0080_00_actDDARF
0080_00,actDDARN,None,0,Combatives_Common_actDDARN,CombativesSubParam_0080_00_actDDARN
0080_00,actDDARP,None,0,Combatives_Common_actDDARP,CombativesSubParam_0080_00_actDDARP
0080_00,actDDAUF,None,0,Combatives_Common_actDDAUF,CombativesSubParam_0080_00_actDDAUF
0080_00,actDDAUN,None,0,Combatives_Common_actDDAUN,CombativesSubParam_0080_00_actDDAUN
0080_00,actDDAUP,None,0,Combatives_Common_actDDAUP,CombativesSubParam_0080_00_actDDAUP
0080_00,actDS2,None,0,Combatives_Common_actDS2,CombativesSubParam_0080_00_actDS2
0080_00,actDSMD,None,0,Combatives_Common_actDSMD,CombativesSubParam_0080_00_actDSMD
0080_00,actDSML,None,0,Combatives_Common_actDSML,CombativesSubParam_0080_00_actDSML
0080_00,actDSMM,None,0,Combatives_Common_actDSMM,CombativesSubParam_0080_00_actDSMM
0080_00,actDSMR,None,0,Combatives_Common_actDSMR,CombativesSubParam_0080_00_actDSMR
0080_00,actDSMU,None,0,Combatives_Common_actDSMU,CombativesSubParam_0080_00_actDSMU
0080_00,actDT2,None,0,Combatives_Common_actDT2,CombativesSubParam_0080_00_actDT2
0080_00,actDT3,None,0,Combatives_Common_actDT3,CombativesSubParam_0080_00_actDT3
0080_00,actDTW1P,None,0,Combatives_Common_actDTW1P,
0080_00,actDTWFT,None,0,Combatives_0080_00_actDTWFT,
0080_00,actEXA1,None,0,Combatives_0080_00_actEXA1,
0080_00,actFR2,None,0,Combatives_Common_actFR2,CombativesSubParam_0080_00_actFR2
0080_00,actHC1,None,0,Combatives_Common_actHC1,CombativesSubParam_0080_00_actHC1
0080_00,actHC2,None,0,Combatives_Common_actHC2,CombativesSubParam_0080_00_actHC2
0080_00,actPWFF,None,0,Combatives_Common_actPWFF,CombativesSubParam_0080_00_actPWFF
0080_00,actPWFFGtN,None,0,Combatives_Common_actPWFFGtN,CombativesSubParam_0080_00_actPWFFGtN
0080_00,actPWFFNtG,None,0,Combatives_Common_actPWFFNtG,CombativesSubParam_0080_00_actPWFFNtG
0080_00,actRIAD,None,0,Combatives_Common_actRIAD,CombativesSubParam_0080_00_actRIAD
0080_00,actRIAF,None,0,Combatives_Common_actRIAF,CombativesSubParam_0080_00_actRIAF
0080_00,actRIAU,None,0,Combatives_Common_actRIAU,CombativesSubParam_0080_00_actRIAU
0080_00,actRSHA3,None,0,Combatives_Common_actRSHA3,CombativesSubParam_0080_00_actRSHA3
0080_00,actRSHA4,None,0,Combatives_Common_actRSHA4,CombativesSubParam_0080_00_actRSHA4
0080_00,actRSHA5,None,0,Combatives_Common_actRSHA5,CombativesSubParam_0080_00_actRSHA5
0080_00,actRSHB1,None,0,Combatives_Common_actRSHB1,CombativesSubParam_0080_00_actRSHB1
0080_00,actRSHB2,None,0,Combatives_Common_actRSHB2,CombativesSubParam_0080_00_actRSHB2
0080_00,actRSHSA3,None,0,Combatives_Common_actRSHSA3,CombativesSubParam_0080_00_actRSHSA3
0080_00,actRSHSA4,None,0,Combatives_Common_actRSHSA4,CombativesSubParam_0080_00_actRSHSA4
0080_00,actRSHSB1,None,0,Combatives_Common_actRSHSB1,CombativesSubParam_0080_00_actRSHSB1
0080_00,actRSHSB2,None,0,Combatives_Common_actRSHSB2,CombativesSubParam_0080_00_actRSHSB2
0080_00,actSI1,None,0,Combatives_Common_actSI1,CombativesSubParam_0080_00_actSI1
0080_00,actSI2,None,0,Combatives_Common_actSI2,CombativesSubParam_0080_00_actSI2
0080_00,actSMDF,None,0,Combatives_Common_actSMDF,CombativesSubParam_0080_00_actSMDF
0080_00,actSMDH,None,0,Combatives_Common_actSMDH,CombativesSubParam_0080_00_actSMDH
0080_00,actSMDJ,None,0,Combatives_Common_actSMDJ,CombativesSubParam_0080_00_actSMDJ
0080_00,actSMDN,None,0,Combatives_Common_actSMDN,CombativesSubParam_0080_00_actSMDN
0080_00,actSMDP,None,0,Combatives_Common_actSMDP,CombativesSubParam_0080_00_actSMDP
0080_00,actSMLF,None,0,Combatives_Common_actSMLF,CombativesSubParam_0080_00_actSMLF
0080_00,actSMLH,None,0,Combatives_Common_actSMLH,CombativesSubParam_0080_00_actSMLH
0080_00,actSMLJ,None,0,Combatives_Common_actSMLJ,CombativesSubParam_0080_00_actSMLJ
0080_00,actSMLN,None,0,Combatives_Common_actSMLN,CombativesSubParam_0080_00_actSMLN
0080_00,actSMLP,None,0,Combatives_Common_actSMLP,CombativesSubParam_0080_00_actSMLP
0080_00,actSMMF,None,0,Combatives_Common_actSMMF,CombativesSubParam_0080_00_actSMMF
0080_00,actSMMH,None,0,Combatives_Common_actSMMH,CombativesSubParam_0080_00_actSMMH
0080_00,actSMMJ,None,0,Combatives_Common_actSMMJ,CombativesSubParam_0080_00_actSMMJ
0080_00,actSMMN,None,0,Combatives_Common_actSMMN,CombativesSubParam_0080_00_actSMMN
0080_00,actSMMP,None,0,Combatives_Common_actSMMP,CombativesSubParam_0080_00_actSMMP
0080_00,actSMRF,None,0,Combatives_Common_actSMRF,CombativesSubParam_0080_00_actSMRF
0080_00,actSMRH,None,0,Combatives_Common_actSMRH,CombativesSubParam_0080_00_actSMRH
0080_00,actSMRJ,None,0,Combatives_Common_actSMRJ,CombativesSubParam_0080_00_actSMRJ
0080_00,actSMRN,None,0,Combatives_Common_actSMRN,CombativesSubParam_0080_00_actSMRN
0080_00,actSMRP,None,0,Combatives_Common_actSMRP,CombativesSubParam_0080_00_actSMRP
0080_00,actSMUF,None,0,Combatives_Common_actSMUF,CombativesSubParam_0080_00_actSMUF
0080_00,actSMUH,None,0,Combatives_Common_actSMUH,CombativesSubParam_0080_00_actSMUH
0080_00,actSMUJ,None,0,Combatives_Common_actSMUJ,CombativesSubParam_0080_00_actSMUJ
0080_00,actSMUN,None,0,Combatives_Common_actSMUN,CombativesSubParam_0080_00_actSMUN
0080_00,actSMUP,None,0,Combatives_Common_actSMUP,CombativesSubParam_0080_00_actSMUP
0080_00,actSPF1W,None,0,Combatives_Common_actSPF1W,CombativesSubParam_0080_00_actSPF1W
0080_00,actSPF2W,None,0,Combatives_Common_actSPF2W,CombativesSubParam_0080_00_actSPF2W
0080_00,actSPM2SI,None,0,,
0080_00,actSSA,None,0,Combatives_Common_actSSA,CombativesSubParam_0080_00_actSSA
0080_00,actSZCADA,None,0,Combatives_Common_actSZCADA,CombativesSubParam_0080_00_actSZCADA
0080_00,actSZCALA,None,0,Combatives_Common_actSZCALA,CombativesSubParam_0080_00_actSZCALA
0080_00,actSZCAMA,None,0,Combatives_Common_actSZCAMA,CombativesSubParam_0080_00_actSZCAMA
0080_00,actSZCARA,None,0,Combatives_Common_actSZCARA,CombativesSubParam_0080_00_actSZCARA
0080_00,actSZCAUA,None,0,Combatives_Common_actSZCAUA,CombativesSubParam_0080_00_actSZCAUA
0080_00,actSZCCS,None,0,Combatives_Common_actSZCCS,CombativesSubParam_0080_00_actSZCCS
0080_00,actTA2,None,0,Combatives_Common_actTA2,CombativesSubParam_0080_00_actTA2
0080_00,actTRWFT,None,0,Combatives_0080_00_actTRWFT,
0080_00,actTRWR,None,0,Combatives_0080_00_actTRWR,
0080_00,actULTHD2P,None,0,Combatives_Common_actULTHD1P,
0080_00,actULTHI,None,0,Combatives_0080_00_actULTHI,
0080_00,actULTSI,None,0,,
0080_00,actVAAD,None,0,Combatives_Common_actVAAD,CombativesSubParam_0080_00_actVAAD
0080_00,actVAAL,None,0,Combatives_Common_actVAAL,CombativesSubParam_0080_00_actVAAL
0080_00,actVAAM,None,0,Combatives_Common_actVAAM,CombativesSubParam_0080_00_actVAAM
0080_00,actVAAR,None,0,Combatives_Common_actVAAR,CombativesSubParam_0080_00_actVAAR
0080_00,actVAAU,None,0,Combatives_Common_actVAAU,CombativesSubParam_0080_00_actVAAU
0080_00,actVASF,None,0,Combatives_Common_actVASF,CombativesSubParam_0080_00_actVASF
0080_00,actVASN,None,0,Combatives_Common_actVASN,CombativesSubParam_0080_00_actVASN
0080_00,actZCBAD,None,0,Combatives_Common_actZCBAD,CombativesSubParam_0080_00_actZCBAD
0080_00,actZCBAL,None,0,Combatives_Common_actZCBAL,CombativesSubParam_0080_00_actZCBAL
0080_00,actZCBAM,None,0,Combatives_Common_actZCBAM,CombativesSubParam_0080_00_actZCBAM
0080_00,actZCBAR,None,0,Combatives_Common_actZCBAR,CombativesSubParam_0080_00_actZCBAR
0080_00,actZCBAU,None,0,Combatives_Common_actZCBAU,CombativesSubParam_0080_00_actZCBAU
0080_01,actARSHA1,None,0,Combatives_Common_actARSHA1,CombativesSubParam_0080_01_actRSHA1
0080_01,actARSHA2,None,0,Combatives_Common_actARSHA2,CombativesSubParam_0080_01_actRSHA2
0080_01,actARSHA3,None,0,Combatives_Common_actARSHA3,CombativesSubParam_0080_01_actRSHA3
0080_01,actARSHA4,None,0,Combatives_Common_actARSHA4,CombativesSubParam_0080_01_actRSHA4
0080_01,actARSHA5,None,0,Combatives_Common_actARSHA5,CombativesSubParam_0080_01_actRSHA5
0080_01,actARSHB1,None,0,Combatives_Common_actARSHB1,CombativesSubParam_0080_00_actARSHB1
0080_01,actARSHB2,None,0,Combatives_Common_actARSHB2,CombativesSubParam_0080_00_actARSHB2
0080_01,actARSHB3,1/2発目,0,Combatives_Common_actARSHB3M2_1,
0080_01,actARSHB3,None,0,,
0080_01,actARSHB3,2/2発目,1,Combatives_Common_actARSHB3M2_2F,
0080_01,actARSHB4,1/2発目,0,Combatives_Common_actARSHB4M2_1,
0080_01,actARSHB4,None,0,,
0080_01,actARSHB4,2/2発目,1,Combatives_Common_actARSHB4M2_2F,
0080_01,actASMDF,None,0,Combatives_Common_actASMDF,CombativesSubParam_0080_00_actASMDF
0080_01,actBSA,None,0,Combatives_Common_actBSA,CombativesSubParam_0080_00_actBSA
0080_01,actBSFD,None,0,Combatives_Common_actBSFD,CombativesSubParam_0080_00_actBSFD
0080_01,actBSFU,None,0,Combatives_Common_actBSFU,CombativesSubParam_0080_00_actBSFU
0080_01,actBSM1,None,0,Combatives_Common_actBSM1,CombativesSubParam_0080_00_actBSM1
0080_01,actBSRA1,None,0,Combatives_Common_actBSRA1,CombativesSubParam_0080_01_actRSHA1
0080_01,actBSRA2,None,0,Combatives_Common_actBSRA2,CombativesSubParam_0080_01_actRSHA2
0080_01,actBSRA3,None,0,Combatives_Common_actBSRA3,CombativesSubParam_0080_01_actRSHA3
0080_01,actBSRA4,None,0,Combatives_Common_actBSRA4,CombativesSubParam_0080_01_actRSHA4
0080_01,actBSRB1,None,0,Combatives_Common_actBSRB1,CombativesSubParam_0080_00_actBSRB1
0080_01,actBSRB2,None,0,Combatives_Common_actBSRB2,CombativesSubParam_0080_00_actBSRB2
0080_01,actBSRB3,1/2発目,0,Combatives_Common_actBSRB3M2_1,
0080_01,actBSRB3,None,0,,
0080_01,actBSRB3,2/2発目,1,Combatives_Common_actBSRB3M2_2F,
0080_01,actBSRB4,1/2発目,0,Combatives_Common_actBSRB4M2_1,
0080_01,actBSRB4,None,0,,
0080_01,actBSRB4,2/2発目,1,Combatives_Common_actBSRB4M2_2F,
0080_01,actBSSD,None,0,Combatives_Common_actBSSD,CombativesSubParam_0080_00_actBSSD
0080_01,actBSSL,None,0,Combatives_Common_actBSSL,CombativesSubParam_0080_00_actBSSL
0080_01,actBSSM,None,0,Combatives_Common_actBSSM,CombativesSubParam_0080_00_actBSSM
0080_01,actBSSR,None,0,Combatives_Common_actBSSR,CombativesSubParam_0080_00_actBSSR
0080_01,actBSSU,None,0,Combatives_Common_actBSSU,CombativesSubParam_0080_00_actBSSU
0080_01,actCAS,None,0,Combatives_Common_actCAS,CombativesSubParam_0080_00_actCAS
0080_01,actCRFNEA,None,0,Combatives_Common_actCRFNEA,CombativesSubParam_0080_00_actCRFNEA
0080_01,actCRFVEA,None,0,Combatives_Common_actCRFVEA,CombativesSubParam_0080_00_actCRFVEA
0080_01,actDDADF,None,0,Combatives_Common_actDDADF,CombativesSubParam_0080_00_actDDADF
0080_01,actDDADN,None,0,Combatives_Common_actDDADN,CombativesSubParam_0080_00_actDDADN
0080_01,actDDADP,None,0,Combatives_Common_actDDADP,CombativesSubParam_0080_00_actDDADP
0080_01,actDDALF,None,0,Combatives_Common_actDDALF,CombativesSubParam_0080_00_actDDALF
0080_01,actDDALN,None,0,Combatives_Common_actDDALN,CombativesSubParam_0080_00_actDDALN
0080_01,actDDALP,None,0,Combatives_Common_actDDALP,CombativesSubParam_0080_00_actDDALP
0080_01,actDDAMF,None,0,Combatives_Common_actDDAMF,CombativesSubParam_0080_00_actDDAMF
0080_01,actDDAMN,None,0,Combatives_Common_actDDAMN,CombativesSubParam_0080_00_actDDAMN
0080_01,actDDAMP,None,0,Combatives_Common_actDDAMP,CombativesSubParam_0080_00_actDDAMP
0080_01,actDDARF,None,0,Combatives_Common_actDDARF,CombativesSubParam_0080_00_actDDARF
0080_01,actDDARN,None,0,Combatives_Common_actDDARN,CombativesSubParam_0080_00_actDDARN
0080_01,actDDARP,None,0,Combatives_Common_actDDARP,CombativesSubParam_0080_00_actDDARP
0080_01,actDDAUF,None,0,Combatives_Common_actDDAUF,CombativesSubParam_0080_00_actDDAUF
0080_01,actDDAUN,None,0,Combatives_Common_actDDAUN,CombativesSubParam_0080_00_actDDAUN
0080_01,actDDAUP,None,0,Combatives_Common_actDDAUP,CombativesSubParam_0080_00_actDDAUP
0080_01,actDS2,None,0,Combatives_Common_actDS2,CombativesSubParam_0080_00_actDS2
0080_01,actDSMD,None,0,Combatives_Common_actDSMD,CombativesSubParam_0080_00_actDSMD
0080_01,actDSML,None,0,Combatives_Common_actDSML,CombativesSubParam_0080_00_actDSML
0080_01,actDSMM,None,0,Combatives_Common_actDSMM,CombativesSubParam_0080_00_actDSMM
0080_01,actDSMR,None,0,Combatives_Common_actDSMR,CombativesSubParam_0080_00_actDSMR
0080_01,actDSMU,None,0,Combatives_Common_actDSMU,CombativesSubParam_0080_00_actDSMU
0080_01,actDT2,None,0,Combatives_Common_actDT2,CombativesSubParam_0080_00_actDT2
0080_01,actDT3,None,0,Combatives_Common_actDT3,CombativesSubParam_0080_00_actDT3
0080_01,actDTW1P,None,0,Combatives_Common_actDTW1P,
0080_01,actDTWFT,None,0,Combatives_0080_01_actDTWFT,
0080_01,actEXA1,None,0,Combatives_0080_01_actEXA1,
0080_01,actEXA2,None,0,Combatives_Common_actEXA_SPC_BOM,
0080_01,actFR2,None,0,Combatives_Common_actFR2,CombativesSubParam_0080_00_actFR2
0080_01,actHC1,None,0,Combatives_Common_actHC1,CombativesSubParam_0080_00_actHC1
0080_01,actHC2,None,0,Combatives_Common_actHC2,CombativesSubParam_0080_00_actHC2
0080_01,actPWFF,None,0,Combatives_Common_actPWFF,CombativesSubParam_0080_00_actPWFF
0080_01,actPWFFNtG,None,0,Combatives_Common_actPWFFNtG,CombativesSubParam_0080_01_actPWFFNtG
0080_01,actRIAD,None,0,Combatives_Common_actRIAD,CombativesSubParam_0080_00_actRIAD
0080_01,actRIAF,None,0,Combatives_Common_actRIAF,CombativesSubParam_0080_00_actRIAF
0080_01,actRIAU,None,0,Combatives_Common_actRIAU,CombativesSubParam_0080_00_actRIAU
0080_01,actRSHA1,None,0,Combatives_Common_actRSHA1,CombativesSubParam_0080_01_actRSHA1
0080_01,actRSHA2,None,0,Combatives_Common_actRSHA2,CombativesSubParam_0080_01_actRSHA2
0080_01,actRSHA3,None,0,Combatives_Common_actRSHA3,CombativesSubParam_0080_01_actRSHA3
0080_01,actRSHA4,None,0,Combatives_Common_actRSHA4,CombativesSubParam_0080_01_actRSHA4
0080_01,actRSHA5,None,0,Combatives_Common_actRSHA5,CombativesSubParam_0080_01_actRSHA5
0080_01,actRSHB1,None,0,Combatives_Common_actRSHB1,CombativesSubParam_0080_01_actRSHB1
0080_01,actRSHB2,None,0,Combatives_Common_actRSHB2,CombativesSubParam_0080_01_actRSHB2
0080_01,actRSHB3,1/2発目,0,Combatives_Common_actRSHB3M2_1,CombativesSubParam_0080_01_actRSHB3
0080_01,actRSHB3,None,0,,
0080_01,actRSHB3,2/2発目,1,Combatives_Common_actRSHB3M2_2F,CombativesSubParam_0080_01_actRSHB3
0080_01,actRSHB4,1/2発目,0,Combatives_Common_actRSHB4M2_1,CombativesSubParam_0080_01_actRSHB4
0080_01,actRSHB4,None,0,,
0080_01,actRSHB4,2/2発目,1,Combatives_Common_actRSHB4M2_2F,CombativesSubParam_0080_01_actRSHB4
0080_01,actRSHB5,None,0,Combatives_Common_actRSHB5,CombativesSubParam_0080_01_actRSHB5
0080_01,actRSHSA1,None,0,Combatives_Common_actRSHSA1,CombativesSubParam_0080_01_actRSHA1
0080_01,actRSHSA2,None,0,Combatives_Common_actRSHSA2,CombativesSubParam_0080_01_actRSHA2
0080_01,actRSHSA3,None,0,Combatives_Common_actRSHSA3,CombativesSubParam_0080_01_actRSHA3
0080_01,actRSHSA4,None,0,Combatives_Common_actRSHSA4,CombativesSubParam_0080_01_actRSHA4
0080_01,actRSHSB1,None,0,Combatives_Common_actRSHSB1,CombativesSubParam_0080_00_actRSHSB1
0080_01,actRSHSB2,None,0,Combatives_Common_actRSHSB2,CombativesSubParam_0080_00_actRSHSB2
0080_01,actRSHSB3,1/2発目,0,Combatives_Common_actRSHSB3M2_1,
0080_01,actRSHSB3,None,0,,
0080_01,actRSHSB3,2/2発目,1,Combatives_Common_actRSHSB3M2_2F,
0080_01,actRSHSB4,1/2発目,0,Combatives_Common_actRSHSB4M2_1,
0080_01,actRSHSB4,None,0,,
0080_01,actRSHSB4,2/2発目,1,Combatives_Common_actRSHSB4M2_2F,
0080_01,actSI1,None,0,Combatives_Common_actSI1,CombativesSubParam_0080_00_actSI1
0080_01,actSI2,None,0,Combatives_Common_actSI2,CombativesSubParam_0080_00_actSI2
0080_01,actSMDF,None,0,Combatives_Common_actSMDF,CombativesSubParam_0080_00_actSMDF
0080_01,actSMDH,None,0,Combatives_Common_actSMDH,CombativesSubParam_0080_00_actSMDH
0080_01,actSMDJ,None,0,Combatives_Common_actSMDJ,CombativesSubParam_0080_00_actSMDJ
0080_01,actSMDN,None,0,Combatives_Common_actSMDN,CombativesSubParam_0080_00_actSMDN
0080_01,actSMDP,None,0,Combatives_Common_actSMDP,CombativesSubParam_0080_00_actSMDP
0080_01,actSMLF,None,0,Combatives_Common_actSMLF,CombativesSubParam_0080_00_actSMLF
0080_01,actSMLH,None,0,Combatives_Common_actSMLH,CombativesSubParam_0080_00_actSMLH
0080_01,actSMLJ,None,0,Combatives_Common_actSMLJ,CombativesSubParam_0080_00_actSMLJ
0080_01,actSMLN,None,0,Combatives_Common_actSMLN,CombativesSubParam_0080_00_actSMLN
0080_01,actSMLP,None,0,Combatives_Common_actSMLP,CombativesSubParam_0080_00_actSMLP
0080_01,actSMMF,None,0,Combatives_Common_actSMMF,CombativesSubParam_0080_00_actSMMF
0080_01,actSMMH,None,0,Combatives_Common_actSMMH,CombativesSubParam_0080_00_actSMMH
0080_01,actSMMJ,None,0,Combatives_Common_actSMMJ,CombativesSubParam_0080_00_actSMMJ
0080_01,actSMMN,None,0,Combatives_Common_actSMMN,CombativesSubParam_0080_00_actSMMN
0080_01,actSMMP,None,0,Combatives_Common_actSMMP,CombativesSubParam_0080_00_actSMMP
0080_01,actSMRF,None,0,Combatives_Common_actSMRF,CombativesSubParam_0080_00_actSMRF
0080_01,actSMRH,None,0,Combatives_Common_actSMRH,CombativesSubParam_0080_00_actSMRH
0080_01,actSMRJ,None,0,Combatives_Common_actSMRJ,CombativesSubParam_0080_00_actSMRJ
0080_01,actSMRN,None,0,Combatives_Common_actSMRN,CombativesSubParam_0080_00_actSMRN
0080_01,actSMRP,None,0,Combatives_Common_actSMRP,CombativesSubParam_0080_00_actSMRP
0080_01,actSMUF,None,0,Combatives_Common_actSMUF,CombativesSubParam_0080_00_actSMUF
0080_01,actSMUH,None,0,Combatives_Common_actSMUH,CombativesSubParam_0080_00_actSMUH
0080_01,actSMUJ,None,0,Combatives_Common_actSMUJ,CombativesSubParam_0080_00_actSMUJ
0080_01,actSMUN,None,0,Combatives_Common_actSMUN,CombativesSubParam_0080_00_actSMUN
0080_01,actSMUP,None,0,Combatives_Common_actSMUP,CombativesSubParam_0080_00_actSMUP
0080_01,actSPF1W,None,0,Combatives_Common_actSPF1W,CombativesSubParam_0080_00_actSPF1W
0080_01,actSPF2W,None,0,Combatives_Common_actSPF2W,CombativesSubParam_0080_00_actSPF2W
0080_01,actSPM2SI,None,0,,
0080_01,actSSA,None,0,Combatives_Common_actSSA,CombativesSubParam_0080_00_actSSA
0080_01,actSSW1PFN,None,0,Combatives_Common_actSSW1PFN,CombativesSubParam_0080_01_actRSHB5
0080_01,actSZCADA,None,0,Combatives_Common_actSZCADA,CombativesSubParam_0080_00_actSZCADA
0080_01,actSZCALA,None,0,Combatives_Common_actSZCALA,CombativesSubParam_0080_00_actSZCALA
0080_01,actSZCAMA,None,0,Combatives_Common_actSZCAMA,CombativesSubParam_0080_00_actSZCAMA
0080_01,actSZCARA,None,0,Combatives_Common_actSZCARA,CombativesSubParam_0080_00_actSZCARA
0080_01,actSZCAUA,None,0,Combatives_Common_actSZCAUA,CombativesSubParam_0080_00_actSZCAUA
0080_01,actSZCCS,None,0,Combatives_Common_actSZCCS,CombativesSubParam_0080_00_actSZCCS
0080_01,actTA2,None,0,Combatives_Common_actTA2,CombativesSubParam_0080_00_actTA2
0080_01,actTRWFT,None,0,Combatives_0080_01_actTRWFT,
0080_01,actTRWR,None,0,Combatives_0080_01_actTRWR,
0080_01,actULTHI,None,0,Combatives_0080_01_actULTHI,CombativesSubParam_0080_01_actULTHI
0080_01,actULTSI,None,0,Combatives_Common_actULTSI_Attack,CombativesSubParam_0080_01_actULTSI
0080_01,actVAAD,None,0,Combatives_Common_actVAAD,CombativesSubParam_0080_00_actVAAD
0080_01,actVAAL,None,0,Combatives_Common_actVAAL,CombativesSubParam_0080_00_actVAAL
0080_01,actVAAM,None,0,Combatives_Common_actVAAM,CombativesSubParam_0080_00_actVAAM
0080_01,actVAAR,None,0,Combatives_Common_actVAAR,CombativesSubParam_0080_00_actVAAR
0080_01,actVAAU,None,0,Combatives_Common_actVAAU,CombativesSubParam_0080_00_actVAAU
0080_01,actVASF,None,0,Combatives_Common_actVASF,CombativesSubParam_0080_00_actVASF
0080_01,actVASN,None,0,Combatives_Common_actVASN,CombativesSubParam_0080_00_actVASN
0080_01,actZCBAD,None,0,Combatives_Common_actZCBAD,CombativesSubParam_0080_00_actZCBAD
0080_01,actZCBAL,None,0,Combatives_Common_actZCBAL,CombativesSubParam_0080_00_actZCBAL
0080_01,actZCBAM,None,0,Combatives_Common_actZCBAM,CombativesSubParam_0080_00_actZCBAM
0080_01,actZCBAR,None,0,Combatives_Common_actZCBAR,CombativesSubParam_0080_00_actZCBAR
0080_01,actZCBAU,None,0,Combatives_Common_actZCBAU,CombativesSubParam_0080_00_actZCBAU
0080_01,actZCOD,None,0,Combatives_Common_actZCOD,CombativesSubParam_0080_01_actZCOD
0080_01,actZCOL,None,0,Combatives_Common_actZCOL,CombativesSubParam_0080_01_actZCOL
0080_01,actZCOR,None,0,Combatives_Common_actZCOR,CombativesSubParam_0080_01_actZCOR
0080_01,actZCOU,None,0,Combatives_Common_actZCOU,CombativesSubParam_0080_01_actZCOU
0080_10,actDTW1P,None,0,Combatives_Common_actDTW1P,
0080_10,actDTWFT,None,0,Combatives_0080_10_actDTWFT,
0080_10,actEXA1,None,0,Combatives_0080_10_actEXA1,
0080_10,actSPM2HI,None,0,Combatives_0080_10_actSPM2_ADMHI,
0080_10,actTRWFT,None,0,Combatives_0080_10_actTRWFT,
0080_10,actTRWR,None,0,Combatives_0080_10_actTRWR,
0080_10,actULTHI,None,0,Combatives_0080_10_actULTHI,
0080_11,actDTWFT,None,0,Combatives_0080_11_actDTWFT,
0080_11,actEXA1,None,0,Combatives_0080_11_actEXA1,
0080_11,actSPM2HI,None,0,Combatives_0080_11_actSPM2_ADMHI,
0080_11,actTRWFT,None,0,Combatives_0080_11_actTRWFT,
0080_11,actTRWR,None,0,Combatives_0080_11_actTRWR,
0080_11,actULTHI,None,0,Combatives_0080_11_actULTHI,
0080_30,actARSHA4,None,0,Combatives_Common_actARSHA4,CombativesSubParam_0080_30_actARSHA4
0080_30,actARSHA5,None,0,Combatives_Common_actARSHA5,CombativesSubParam_0080_30_actARSHA5
0080_30,actARSHB3,None,0,Combatives_Common_actARSHB3,CombativesSubParam_0080_30_actARSHB3
0080_30,actARSHB4,None,0,Combatives_Common_actARSHB4,CombativesSubParam_0080_30_actARSHB4
0080_30,actARSHB5,None,0,Combatives_Common_actARSHB5,CombativesSubParam_0080_30_actARSHB5
0080_30,actASMDF,None,0,Combatives_Common_actASMDF,CombativesSubParam_0080_30_actASMDF
0080_30,actBSA,None,0,Combatives_Common_actBSA,CombativesSubParam_0080_30_actBSA
0080_30,actBSFD,None,0,Combatives_Common_actBSFD,CombativesSubParam_0080_30_actBSFD
0080_30,actBSFU,None,0,Combatives_Common_actBSFU,CombativesSubParam_0080_30_actBSFU
0080_30,actBSM1,None,0,Combatives_Common_actBSM1,CombativesSubParam_0080_30_actBSM1
0080_30,actBSRA4,None,0,Combatives_Common_actBSRA4,CombativesSubParam_0080_30_actBSRA4
0080_30,actBSRB3,None,0,Combatives_Common_actBSRB3,CombativesSubParam_0080_30_actBSRB3
0080_30,actBSRB4,None,0,Combatives_Common_actBSRB4,CombativesSubParam_0080_30_actBSRB4
0080_30,actBSSD,None,0,Combatives_Common_actBSSD,CombativesSubParam_0080_30_actBSSD
0080_30,actBSSL,None,0,Combatives_Common_actBSSL,CombativesSubParam_0080_30_actBSSL
0080_30,actBSSM,None,0,Combatives_Common_actBSSM,CombativesSubParam_0080_30_actBSSM
0080_30,actBSSR,None,0,Combatives_Common_actBSSR,CombativesSubParam_0080_30_actBSSR
0080_30,actBSSU,None,0,Combatives_Common_actBSSU,CombativesSubParam_0080_30_actBSSU
0080_30,actCAS,None,0,Combatives_Common_actCAS,CombativesSubParam_0080_30_actCAS
0080_30,actCRFNEA,None,0,Combatives_Common_actCRFNEA,CombativesSubParam_0080_30_actCRFNEA
0080_30,actCRFVEA,None,0,Combatives_Common_actCRFVEA,CombativesSubParam_0080_30_actCRFVEA
0080_30,actDDADF,None,0,Combatives_Common_actDDADF,CombativesSubParam_0080_30_actDDADF
0080_30,actDDADN,None,0,Combatives_Common_actDDADN,CombativesSubParam_0080_30_actDDADN
0080_30,actDDADP,None,0,Combatives_Common_actDDADP,CombativesSubParam_0080_30_actDDADP
0080_30,actDDALF,None,0,Combatives_Common_actDDALF,CombativesSubParam_0080_30_actDDALF
0080_30,actDDALN,None,0,Combatives_Common_actDDALN,CombativesSubParam_0080_30_actDDALN
0080_30,actDDALP,None,0,Combatives_Common_actDDALP,CombativesSubParam_0080_30_actDDALP
0080_30,actDDAMF,None,0,Combatives_Common_actDDAMF,CombativesSubParam_0080_30_actDDAMF
0080_30,actDDAMN,None,0,Combatives_Common_actDDAMN,CombativesSubParam_0080_30_actDDAMN
0080_30,actDDAMP,None,0,Combatives_Common_actDDAMP,CombativesSubParam_0080_30_actDDAMP
0080_30,actDDARF,None,0,Combatives_Common_actDDARF,CombativesSubParam_0080_30_actDDARF
0080_30,actDDARN,None,0,Combatives_Common_actDDARN,CombativesSubParam_0080_30_actDDARN
0080_30,actDDARP,None,0,Combatives_Common_actDDARP,CombativesSubParam_0080_30_actDDARP
0080_30,actDDAUF,None,0,Combatives_Common_actDDAUF,CombativesSubParam_0080_30_actDDAUF
0080_30,actDDAUN,None,0,Combatives_Common_actDDAUN,CombativesSubParam_0080_30_actDDAUN
0080_30,actDDAUP,None,0,Combatives_Common_actDDAUP,CombativesSubParam_0080_30_actDDAUP
0080_30,actDS2,None,0,Combatives_Common_actDS2,CombativesSubParam_0080_30_actDS2
0080_30,actDSMD,None,0,Combatives_Common_actDSMD,CombativesSubParam_0080_30_actDSMD
0080_30,actDSML,None,0,Combatives_Common_actDSML,CombativesSubParam_0080_30_actDSML
0080_30,actDSMM,None,0,Combatives_Common_actDSMM,CombativesSubParam_0080_30_actDSMM
0080_30,actDSMR,None,0,Combatives_Common_actDSMR,CombativesSubParam_0080_30_actDSMR
0080_30,actDSMU,None,0,Combatives_Common_actDSMU,CombativesSubParam_0080_30_actDSMU
0080_30,actDT2,None,0,Combatives_Common_actDT2,CombativesSubParam_0080_30_actDT2
0080_30,actDT3,None,0,Combatives_Common_actDT3,CombativesSubParam_0080_30_actDT3
0080_30,actDTW1P,None,0,Combatives_Common_actDTW1P,
0080_30,actDTWFT,None,0,Combatives_0080_30_actDTWFT,
0080_30,actEXA1,None,0,Combatives_Common_actEXA_FLS,
0080_30,actFR2,None,0,Combatives_Common_actFR2,CombativesSubParam_0080_30_actFR2
0080_30,actHC1,None,0,Combatives_Common_actHC1,CombativesSubParam_0080_30_actHC1
0080_30,actHC2,None,0,Combatives_Common_actHC2,CombativesSubParam_0080_30_actHC2
0080_30,actHC3,None,0,Combatives_Common_actHC3,CombativesSubParam_0080_30_actHC3
0080_30,actPWFC,None,0,Combatives_Common_actPWFC,CombativesSubParam_0080_30_actPWFC
0080_30,actPWFF,None,0,Combatives_Common_actPWFF,CombativesSubParam_0080_30_actPWFF
0080_30,actPWFFGtN,None,0,Combatives_Common_actPWFFGtN,CombativesSubParam_0080_30_actPWFFGtN
0080_30,actPWFFNtG,None,0,Combatives_Common_actPWFFNtG,CombativesSubParam_0080_30_actPWFFNtG
0080_30,actRIAD,None,0,Combatives_Common_actRIAD,CombativesSubParam_0080_30_actRIAD
0080_30,actRIAF,None,0,Combatives_Common_actRIAF,CombativesSubParam_0080_30_actRIAF
0080_30,actRIAU,None,0,Combatives_Common_actRIAU,CombativesSubParam_0080_30_actRIAU
0080_30,actRSHA4,None,0,Combatives_Common_actRSHA4,CombativesSubParam_0080_30_actRSHA4
0080_30,actRSHA5,None,0,Combatives_Common_actRSHA5,CombativesSubParam_0080_30_actRSHA5
0080_30,actRSHB3,None,0,Combatives_Common_actRSHB3,CombativesSubParam_0080_30_actRSHB3
0080_30,actRSHB4,None,0,Combatives_Common_actRSHB4,CombativesSubParam_0080_30_actRSHB4
0080_30,actRSHB5,None,0,Combatives_Common_actRSHB5,CombativesSubParam_0080_30_actRSHB5
0080_30,actRSHSA4,None,0,Combatives_Common_actRSHSA4,CombativesSubParam_0080_30_actRSHSA4
0080_30,actRSHSB3,None,0,Combatives_Common_actRSHSB3,CombativesSubParam_0080_30_actRSHSB3
0080_30,actRSHSB4,None,0,Combatives_Common_actRSHSB4,CombativesSubParam_0080_30_actRSHSB4
0080_30,actSI1,None,0,Combatives_Common_actSI1,CombativesSubParam_0080_30_actSI1
0080_30,actSI2,None,0,Combatives_Common_actSI2,CombativesSubParam_0080_30_actSI2
0080_30,actSMDF,None,0,Combatives_Common_actSMDF,CombativesSubParam_0080_30_actSMDF
0080_30,actSMDH,None,0,Combatives_Common_actSMDH,CombativesSubParam_0080_30_actSMDH
0080_30,actSMDJ,None,0,Combatives_Common_actSMDJ,CombativesSubParam_0080_30_actSMDJ
0080_30,actSMDN,None,0,Combatives_Common_actSMDN,CombativesSubParam_0080_30_actSMDN
0080_30,actSMDP,None,0,Combatives_Common_actSMDP,CombativesSubParam_0080_30_actSMDP
0080_30,actSMLF,None,0,Combatives_Common_actSMLF,CombativesSubParam_0080_30_actSMLF
0080_30,actSMLH,None,0,Combatives_Common_actSMLH,CombativesSubParam_0080_30_actSMLH
0080_30,actSMLJ,None,0,Combatives_Common_actSMLJ,CombativesSubParam_0080_30_actSMLJ
0080_30,actSMLN,None,0,Combatives_Common_actSMLN,CombativesSubParam_0080_30_actSMLN
0080_30,actSMLP,None,0,Combatives_Common_actSMLP,CombativesSubParam_0080_30_actSMLP
0080_30,actSMMF,None,0,Combatives_Common_actSMMF,CombativesSubParam_0080_30_actSMMF
0080_30,actSMMH,None,0,Combatives_Common_actSMMH,CombativesSubParam_0080_30_actSMMH
0080_30,actSMMJ,None,0,Combatives_Common_actSMMJ,CombativesSubParam_0080_30_actSMMJ
0080_30,actSMMN,None,0,Combatives_Common_actSMMN,CombativesSubParam_0080_30_actSMMN
0080_30,actSMMP,None,0,Combatives_Common_actSMMP,CombativesSubParam_0080_30_actSMMP
0080_30,actSMRF,None,0,Combatives_Common_actSMRF,CombativesSubParam_0080_30_actSMRF
0080_30,actSMRH,None,0,Combatives_Common_actSMRH,CombativesSubParam_0080_30_actSMRH
0080_30,actSMRJ,None,0,Combatives_Common_actSMRJ,CombativesSubParam_0080_30_actSMRJ
0080_30,actSMRN,None,0,Combatives_Common_actSMRN,CombativesSubParam_0080_30_actSMRN
0080_30,actSMRP,None,0,Combatives_Common_actSMRP,CombativesSubParam_0080_30_actSMRP
0080_30,actSMUF,None,0,Combatives_Common_actSMUF,CombativesSubParam_0080_30_actSMUF
0080_30,actSMUH,None,0,Combatives_Common_actSMUH,CombativesSubParam_0080_30_actSMUH
0080_30,actSMUJ,None,0,Combatives_Common_actSMUJ,CombativesSubParam_0080_30_actSMUJ
0080_30,actSMUN,None,0,Combatives_Common_actSMUN,CombativesSubParam_0080_30_actSMUN
0080_30,actSMUP,None,0,Combatives_Common_actSMUP,CombativesSubParam_0080_30_actSMUP
0080_30,actSPF1W,None,0,Combatives_Common_actSPF1W,CombativesSubParam_0080_30_actSPF1W
0080_30,actSPF2W,None,0,Combatives_Common_actSPF2W,CombativesSubParam_0080_30_actSPF2W
0080_30,actSPM2HI,None,0,Combatives_0080_30_actSPM2HI,
0080_30,actSSA,None,0,Combatives_Common_actSSA,CombativesSubParam_0080_30_actSSA
0080_30,actSZCADA,None,0,Combatives_Common_actSZCADA,CombativesSubParam_0080_30_actSZCADA
0080_30,actSZCALA,None,0,Combatives_Common_actSZCALA,CombativesSubParam_0080_30_actSZCALA
0080_30,actSZCAMA,None,0,Combatives_Common_actSZCAMA,CombativesSubParam_0080_30_actSZCAMA
0080_30,actSZCARA,None,0,Combatives_Common_actSZCARA,CombativesSubParam_0080_30_actSZCARA
0080_30,actSZCAUA,None,0,Combatives_Common_actSZCAUA,CombativesSubParam_0080_30_actSZCAUA
0080_30,actSZCCS,None,0,Combatives_Common_actSZCCS,CombativesSubParam_0080_30_actSZCCS
0080_30,actTA2,None,0,Combatives_Common_actTA2,CombativesSubParam_0080_30_actTA2
0080_30,actTRWFT,None,0,Combatives_0080_30_actTRWFT,
0080_30,actTRWR,None,0,Combatives_0080_30_actTRWR,
0080_30,actULTHI,None,0,Combatives_0080_30_actULTHI,
0080_30,actVAAD,None,0,Combatives_Common_actVAAD,CombativesSubParam_0080_30_actVAAD
0080_30,actVAAL,None,0,Combatives_Common_actVAAL,CombativesSubParam_0080_30_actVAAL
0080_30,actVAAM,None,0,Combatives_Common_actVAAM,CombativesSubParam_0080_30_actVAAM
0080_30,actVAAR,None,0,Combatives_Common_actVAAR,CombativesSubParam_0080_30_actVAAR
0080_30,actVAAU,None,0,Combatives_Common_actVAAU,CombativesSubParam_0080_30_actVAAU
0080_30,actVASF,None,0,Combatives_Common_actVASF,CombativesSubParam_0080_30_actVASF
0080_30,actVASN,None,0,Combatives_Common_actVASN,CombativesSubParam_0080_30_actVASN
0080_30,actZCOD,None,0,Combatives_Common_actZCOD,CombativesSubParam_0080_30_actZCOD
0080_30,actZCOL,None,0,Combatives_Common_actZCOL,CombativesSubParam_0080_30_actZCOL
0080_30,actZCOM,None,0,Combatives_Common_actZCOM,CombativesSubParam_0080_30_actZCOM
0080_30,actZCOR,None,0,Combatives_Common_actZCOR,CombativesSubParam_0080_30_actZCOR
0080_30,actZCOU,None,0,Combatives_Common_actZCOU,CombativesSubParam_0080_30_actZCOU
0080_31,actARSHA4,1/2発目,0,Combatives_Common_actARSHA4M2_1,
0080_31,actARSHA4,2/2発目,1,Combatives_Common_actARSHA4M2_2F,
0080_31,actARSHA5,None,0,Combatives_Common_actARSHA5,CombativesSubParam_0080_31_actARSHA5
0080_31,actARSHB1,None,0,Combatives_Common_actARSHB1,CombativesSubParam_0080_31_actARSHB1
0080_31,actARSHB2,None,0,Combatives_Common_actARSHB2,CombativesSubParam_0080_31_actARSHB2
0080_31,actARSHB3,None,0,Combatives_Common_actARSHB3,CombativesSubParam_0080_31_actARSHB3
0080_31,actARSHB4,None,0,Combatives_Common_actARSHB4,CombativesSubParam_0080_31_actARSHB4
0080_31,actARSHB5,None,0,Combatives_Common_actARSHB5,CombativesSubParam_0080_31_actARSHB5
0080_31,actBSA,None,0,Combatives_Common_actBSA,CombativesSubParam_0080_31_actBSA
0080_31,actBSFD,None,0,Combatives_Common_actBSFD,CombativesSubParam_0080_31_actBSFD
0080_31,actBSFU,None,0,Combatives_Common_actBSFU,CombativesSubParam_0080_31_actBSFU
0080_31,actBSRA4,1/2発目,0,Combatives_Common_actBSRA4M2_1,
0080_31,actBSRA4,2/2発目,1,Combatives_Common_actBSRA4M2_2F,
0080_31,actBSRB1,None,0,Combatives_Common_actBSRB1,CombativesSubParam_0080_31_actBSRB1
0080_31,actBSRB2,None,0,Combatives_Common_actBSRB2,CombativesSubParam_0080_31_actBSRB2
0080_31,actBSRB3,None,0,Combatives_Common_actBSRB3,CombativesSubParam_0080_31_actBSRB3
0080_31,actBSRB4,None,0,Combatives_Common_actBSRB4,CombativesSubParam_0080_31_actBSRB4
0080_31,actBSSD,None,0,Combatives_Common_actBSSD,CombativesSubParam_0080_31_actBSSD
0080_31,actBSSL,None,0,Combatives_Common_actBSSL,CombativesSubParam_0080_31_actBSSL
0080_31,actBSSM,None,0,Combatives_Common_actBSSM,CombativesSubParam_0080_31_actBSSM
0080_31,actBSSR,None,0,Combatives_Common_actBSSR,CombativesSubParam_0080_31_actBSSR
0080_31,actBSSU,None,0,Combatives_Common_actBSSU,CombativesSubParam_0080_31_actBSSU
0080_31,actCAS,None,0,Combatives_Common_actCAS,CombativesSubParam_0080_31_actCAS
0080_31,actCRFNEA,None,0,Combatives_Common_actCRFNEA,CombativesSubParam_0080_31_actCRFNEA
0080_31,actCRFVEA,None,0,Combatives_Common_actCRFVEA,CombativesSubParam_0080_31_actCRFVEA
0080_31,actDDADF,None,0,Combatives_Common_actDDADF,CombativesSubParam_0080_31_actDDADF
0080_31,actDDADN,None,0,Combatives_Common_actDDADN,CombativesSubParam_0080_31_actDDADN
0080_31,actDDADP,None,0,Combatives_Common_actDDADP,CombativesSubParam_0080_31_actDDADP
0080_31,actDDALF,None,0,Combatives_Common_actDDALF,CombativesSubParam_0080_31_actDDALF
0080_31,actDDALN,None,0,Combatives_Common_actDDALN,CombativesSubParam_0080_31_actDDALN
0080_31,actDDALP,None,0,Combatives_Common_actDDALP,CombativesSubParam_0080_31_actDDALP
0080_31,actDDAMF,None,0,Combatives_Common_actDDAMF,CombativesSubParam_0080_31_actDDAMF
0080_31,actDDAMN,None,0,Combatives_Common_actDDAMN,CombativesSubParam_0080_31_actDDAMN
0080_31,actDDAMP,None,0,Combatives_Common_actDDAMP,CombativesSubParam_0080_31_actDDAMP
0080_31,actDDARF,None,0,Combatives_Common_actDDARF,CombativesSubParam_0080_31_actDDARF
0080_31,actDDARN,None,0,Combatives_Common_actDDARN,CombativesSubParam_0080_31_actDDARN
0080_31,actDDARP,None,0,Combatives_Common_actDDARP,CombativesSubParam_0080_31_actDDARP
0080_31,actDDAUF,None,0,Combatives_Common_actDDAUF,CombativesSubParam_0080_31_actDDAUF
0080_31,actDDAUN,None,0,Combatives_Common_actDDAUN,CombativesSubParam_0080_31_actDDAUN
0080_31,actDDAUP,None,0,Combatives_Common_actDDAUP,CombativesSubParam_0080_31_actDDAUP
0080_31,actDS2,None,0,Combatives_Common_actDS2,CombativesSubParam_0080_31_actDS2
0080_31,actDSMD,None,0,Combatives_Common_actDSMD,CombativesSubParam_0080_31_actDSMD
0080_31,actDSML,None,0,Combatives_Common_actDSML,CombativesSubParam_0080_31_actDSML
0080_31,actDSMM,None,0,Combatives_Common_actDSMM,CombativesSubParam_0080_31_actDSMM
0080_31,actDSMR,None,0,Combatives_Common_actDSMR,CombativesSubParam_0080_31_actDSMR
0080_31,actDSMU,None,0,Combatives_Common_actDSMU,CombativesSubParam_0080_31_actDSMU
0080_31,actDT2,None,0,Combatives_Common_actDT2,CombativesSubParam_0080_31_actDT2
0080_31,actDT3,None,0,Combatives_Common_actDT3,CombativesSubParam_0080_31_actDT3
0080_31,actDTWFT,None,0,Combatives_0080_31_actDTWFT,
0080_31,actEXA1,None,0,Combatives_0080_31_actEXA1,
0080_31,actFR2,None,0,Combatives_Common_actFR2,CombativesSubParam_0080_31_actFR2
0080_31,actHC1,None,0,Combatives_Common_actHC1,CombativesSubParam_0080_31_actHC1
0080_31,actHC2,None,0,Combatives_Common_actHC2,CombativesSubParam_0080_31_actHC2
0080_31,actHC3,None,0,Combatives_Common_actHC3,CombativesSubParam_0080_31_actHC3
0080_31,actPWFC,None,0,Combatives_Common_actPWFC,CombativesSubParam_0080_31_actPWFC
0080_31,actPWFF,None,0,Combatives_Common_actPWFF,CombativesSubParam_0080_31_actPWFF
0080_31,actPWFFGtN,None,0,Combatives_Common_actPWFFGtN,CombativesSubParam_0080_31_actPWFFGtN
0080_31,actPWFFNtG,None,0,Combatives_Common_actPWFFNtG,CombativesSubParam_0080_31_actPWFFNtG
0080_31,actRIAD,None,0,Combatives_Common_actRIAD,CombativesSubParam_0080_31_actRIAD
0080_31,actRIAF,None,0,Combatives_Common_actRIAF,CombativesSubParam_0080_31_actRIAF
0080_31,actRIAU,None,0,Combatives_Common_actRIAU,CombativesSubParam_0080_31_actRIAU
0080_31,actRSHA4,1/2発目,0,Combatives_Common_actRSHA4M2_1,
0080_31,actRSHA4,2/2発目,1,Combatives_Common_actRSHA4M2_2F,
0080_31,actRSHA5,None,0,Combatives_Common_actRSHA5,CombativesSubParam_0080_31_actRSHA5
0080_31,actRSHB1,None,0,Combatives_Common_actRSHB1,CombativesSubParam_0080_31_actRSHB1
0080_31,actRSHB2,None,0,Combatives_Common_actRSHB2,CombativesSubParam_0080_31_actRSHB2
0080_31,actRSHB3,None,0,Combatives_Common_actRSHB3,CombativesSubParam_0080_31_actRSHB3
0080_31,actRSHB4,None,0,Combatives_Common_actRSHB4,CombativesSubParam_0080_31_actRSHB4
0080_31,actRSHB5,None,0,Combatives_Common_actRSHB5,CombativesSubParam_0080_31_actRSHB5
0080_31,actRSHSA4,1/2発目,0,Combatives_Common_actRSHSA4M2_1,
0080_31,actRSHSA4,2/2発目,1,Combatives_Common_actRSHSA4M2_2F,
0080_31,actRSHSB1,None,0,Combatives_Common_actRSHSB1,CombativesSubParam_0080_31_actRSHSB1
0080_31,actRSHSB2,None,0,Combatives_Common_actRSHSB2,CombativesSubParam_0080_31_actRSHSB2
0080_31,actRSHSB3,None,0,Combatives_Common_actRSHSB3,CombativesSubParam_0080_31_actRSHSB3
0080_31,actRSHSB4,None,0,Combatives_Common_actRSHSB4,CombativesSubParam_0080_31_actRSHSB4
0080_31,actSMDF,None,0,Combatives_Common_actSMDF,CombativesSubParam_0080_31_actSMDF
0080_31,actSMDH,None,0,Combatives_Common_actSMDH,CombativesSubParam_0080_31_actSMDH
0080_31,actSMDJ,None,0,Combatives_Common_actSMDJ,CombativesSubParam_0080_31_actSMDJ
0080_31,actSMDN,None,0,Combatives_Common_actSMDN,CombativesSubParam_0080_31_actSMDN
0080_31,actSMDP,None,0,Combatives_Common_actSMDP,CombativesSubParam_0080_31_actSMDP
0080_31,actSMLF,None,0,Combatives_Common_actSMLF,CombativesSubParam_0080_31_actSMLF
0080_31,actSMLH,None,0,Combatives_Common_actSMLH,CombativesSubParam_0080_31_actSMLH
0080_31,actSMLJ,None,0,Combatives_Common_actSMLJ,CombativesSubParam_0080_31_actSMLJ
0080_31,actSMLN,None,0,Combatives_Common_actSMLN,CombativesSubParam_0080_31_actSMLN
0080_31,actSMLP,None,0,Combatives_Common_actSMLP,CombativesSubParam_0080_31_actSMLP
0080_31,actSMMF,None,0,Combatives_Common_actSMMF,CombativesSubParam_0080_31_actSMMF
0080_31,actSMMH,None,0,Combatives_Common_actSMMH,CombativesSubParam_0080_31_actSMMH
0080_31,actSMMJ,None,0,Combatives_Common_actSMMJ,CombativesSubParam_0080_31_actSMMJ
0080_31,actSMMN,None,0,Combatives_Common_actSMMN,CombativesSubParam_0080_31_actSMMN
0080_31,actSMMP,None,0,Combatives_Common_actSMMP,CombativesSubParam_0080_31_actSMMP
0080_31,actSMRF,None,0,Combatives_Common_actSMRF,CombativesSubParam_0080_31_actSMRF
0080_31,actSMRH,None,0,Combatives_Common_actSMRH,CombativesSubParam_0080_31_actSMRH
0080_31,actSMRJ,None,0,Combatives_Common_actSMRJ,CombativesSubParam_0080_31_actSMRJ
0080_31,actSMRN,None,0,Combatives_Common_actSMRN,CombativesSubParam_0080_31_actSMRN
0080_31,actSMRP,None,0,Combatives_Common_actSMRP,CombativesSubParam_0080_31_actSMRP
0080_31,actSMUF,None,0,Combatives_Common_actSMUF,CombativesSubParam_0080_31_actSMUF
0080_31,actSMUH,None,0,Combatives_Common_actSMUH,CombativesSubParam_0080_31_actSMUH
0080_31,actSMUJ,None,0,Combatives_Common_actSMUJ,CombativesSubParam_0080_31_actSMUJ
0080_31,actSMUN,None,0,Combatives_Common_actSMUN,CombativesSubParam_0080_31_actSMUN
0080_31,actSMUP,None,0,Combatives_Common_actSMUP,CombativesSubParam_0080_31_actSMUP
0080_31,actSPF1W,None,0,Combatives_Common_actSPF1W,CombativesSubParam_0080_31_actSPF1W
0080_31,actSPF2W,None,0,Combatives_Common_actSPF2W,CombativesSubParam_0080_31_actSPF2W
0080_31,actSPM2HI,None,0,Combatives_0080_31_actSPM2_ADMHI,
0080_31,actSSA,None,0,Combatives_Common_actSSA,CombativesSubParam_0080_31_actSSA
0080_31,actSSW1PFN,None,0,Combatives_Common_actSSW1PFN,CombativesSubParam_0080_31_actSSW1PFN
0080_31,actSZCADA,None,0,Combatives_Common_actSZCADA,CombativesSubParam_0080_31_actSZCADA
0080_31,actSZCALA,None,0,Combatives_Common_actSZCALA,CombativesSubParam_0080_31_actSZCALA
0080_31,actSZCAMA,None,0,Combatives_Common_actSZCAMA,CombativesSubParam_0080_31_actSZCAMA
0080_31,actSZCARA,None,0,Combatives_Common_actSZCARA,CombativesSubParam_0080_31_actSZCARA
0080_31,actSZCAUA,None,0,Combatives_Common_actSZCAUA,CombativesSubParam_0080_31_actSZCAUA
0080_31,actTA2,None,0,Combatives_Common_actTA2,CombativesSubParam_0080_31_actTA2
0080_31,actTRWFT,None,0,Combatives_0080_31_actTRWFT,
0080_31,actTRWR,None,0,Combatives_0080_31_actTRWR,
0080_31,actULTHI,None,0,Combatives_0080_31_actULTHI,
0080_31,actVAAD,None,0,Combatives_Common_actVAAD,CombativesSubParam_0080_31_actVAAD
0080_31,actVAAL,None,0,Combatives_Common_actVAAL,CombativesSubParam_0080_31_actVAAL
0080_31,actVAAM,None,0,Combatives_Common_actVAAM,CombativesSubParam_0080_31_actVAAM
0080_31,actVAAR,None,0,Combatives_Common_actVAAR,CombativesSubParam_0080_31_actVAAR
0080_31,actVAAU,None,0,Combatives_Common_actVAAU,CombativesSubParam_0080_31_actVAAU
0080_31,actZCOD,None,0,Combatives_Common_actZCOD,CombativesSubParam_0080_31_actZCOD
0080_31,actZCOL,None,0,Combatives_Common_actZCOL,CombativesSubParam_0080_31_actZCOL
0080_31,actZCOM,None,0,Combatives_Common_actZCOM,CombativesSubParam_0080_31_actZCOM
0080_31,actZCOR,None,0,Combatives_Common_actZCOR,CombativesSubParam_0080_31_actZCOR
0080_31,actZCOU,None,0,Combatives_Common_actZCOU,CombativesSubParam_0080_31_actZCOU
0081_20,actDTW1P,None,0,Combatives_Common_actDTW1P,
0081_20,actDTWFT,None,0,Combatives_0081_20_actDTWFT,
0081_20,actEXA1,None,0,Combatives_0081_20_actEXA1,
0081_20,actEXA2,None,0,Combatives_Common_actEXA_SPC_BOM,
0081_20,actSPM2HI,None,0,Combatives_0081_20_actSPM2_ADMHI,
0081_20,actTRWFT,None,0,Combatives_0081_20_actTRWFT,
0081_20,actTRWR,None,0,Combatives_0081_20_actTRWR,
0081_20,actULTHD1P,None,0,Combatives_Common_actULTHD1P_High1,
0081_20,actULTHI,None,0,Combatives_0081_20_actULTHI,
0082_00,actDTWFT,None,0,Combatives_0082_00_actDTWFT,
0082_00,actSPM2HI,None,0,Combatives_0082_00_actSPM2HI,
0082_00,actTRWFT,None,0,Combatives_0082_00_actTRWFT,
0082_00,actTRWR,None,0,Combatives_0082_00_actTRWR,
0082_00,actULTHI,None,0,Combatives_0082_00_actULTHI,
0082_01,actDTWFT,None,0,Combatives_0082_01_actDTWFT,
0082_01,actSPM2HI,None,0,Combatives_0082_01_actSPM2HI,
0082_01,actTRWFT,None,0,Combatives_0082_01_actTRWFT,
0082_01,actTRWR,None,0,Combatives_0082_01_actTRWR,
0082_01,actULTHI,None,0,Combatives_0082_01_actULTHI,
0090_00,actDTW1P,None,0,Combatives_Common_actDTW1P,
0090_00,actDTWFT,None,0,Combatives_0090_00_actDTWFT,
0090_00,actSPM2HD1P,None,0,Combatives_0090_00_actSPM2HD1P,
0090_00,actSPM2HI,None,0,Combatives_0090_00_actSPM2_ADMHI,
0090_00,actTRWFT,None,0,Combatives_0090_00_actTRWFT,
0090_00,actTRWR,None,0,Combatives_0090_00_actTRWR,
0090_00,actULTHI,None,0,Combatives_0090_00_actULTHI,
0090_00,actULTSI,None,0,,
0090_01,actDTW1P,None,0,Combatives_Common_actDTW1P,
0090_01,actDTWFT,None,0,Combatives_0090_01_actDTWFT,
0090_01,actSPM2HI,None,0,Combatives_0090_01_actSPM2_ADMHI,
0090_01,actTRWFT,None,0,Combatives_0090_01_actTRWFT,
0090_01,actTRWR,None,0,Combatives_0090_01_actTRWR,
0090_01,actULTHI,None,0,Combatives_0090_01_actULTHI,
0090_01,actULTSI,None,0,,
0100_00,actDTW1P,None,0,Combatives_Common_actDTW1P,
0100_00,actDTWFT,None,0,Combatives_0100_00_actDTWFT,
0100_00,actEXA1,None,0,Combatives_0100_00_actEXA1,
0100_00,actSPM2HI,None,0,Combatives_0100_00_actSPM2_ADMHI,
0100_00,actTRWFT,None,0,Combatives_0100_00_actTRWFT,
0100_00,actTRWR,None,0,Combatives_0100_00_actTRWR,
0100_00,actULTHI,None,0,Combatives_0100_00_actULTHI,
0100_01,actARSHA2,1/2発目,0,Combatives_Common_actARSHA2M2_1,
0100_01,actARSHA2,None,0,,
0100_01,actARSHA2,2/2発目,1,Combatives_Common_actARSHA2M2_2F,
0100_01,actARSHB3,1/2発目,0,Combatives_Common_actARSHB3M2_1,
0100_01,actARSHB3,None,0,,
0100_01,actARSHB3,2/2発目,1,Combatives_Common_actARSHB3M2_2F,
0100_01,actARSHB4,1/3発目,0,Combatives_Common_actARSHB4M3_1,
0100_01,actARSHB4,None,0,,
0100_01,actARSHB4,2/3発目,1,Combatives_Common_actARSHB4M3_2,
0100_01,actARSHB4,3/3発目,2,Combatives_Common_actARSHB4M3_3F,
0100_01,actBSRA2,1/2発目,0,Combatives_Common_actBSRA2M2_1,
0100_01,actBSRA2,None,0,,
0100_01,actBSRA2,2/2発目,1,Combatives_Common_actBSRA2M2_2F,
0100_01,actBSRB3,1/2発目,0,Combatives_Common_actBSRB3M2_1,
0100_01,actBSRB3,None,0,,
0100_01,actBSRB3,2/2発目,1,Combatives_Common_actBSRB3M2_2F,
0100_01,actBSRB4,1/3発目,0,Combatives_Common_actBSRB4M3_1,
0100_01,actBSRB4,None,0,,
0100_01,actBSRB4,2/3発目,1,Combatives_Common_actBSRB4M3_2,
0100_01,actBSRB4,3/3発目,2,Combatives_Common_actBSRB4M3_3F,
0100_01,actDTWFT,None,0,Combatives_0100_01_actDTWFT,
0100_01,actEXA1,None,0,Combatives_0100_01_actEXA1,
0100_01,actRSHA2,1/2発目,0,Combatives_Common_actRSHA2M2_1,
0100_01,actRSHA2,None,0,,
0100_01,actRSHA2,2/2発目,1,Combatives_Common_actRSHA2M2_2F,
0100_01,actRSHB3,1/2発目,0,Combatives_Common_actRSHB3M2_1,
0100_01,actRSHB3,None,0,,
0100_01,actRSHB3,2/2発目,1,Combatives_Common_actRSHB3M2_2F,
0100_01,actRSHB4,1/3発目,0,Combatives_Common_actRSHB4M3_1,
0100_01,actRSHB4,None,0,,
0100_01,actRSHB4,2/3発目,1,Combatives_Common_actRSHB4M3_2,
0100_01,actRSHB4,3/3発目,2,Combatives_Common_actRSHB4M3_3F,
0100_01,actRSHSA2,1/2発目,0,Combatives_Common_actRSHSA2M2_1,
0100_01,actRSHSA2,None,0,,
0100_01,actRSHSA2,2/2発目,1,Combatives_Common_actRSHSA2M2_2F,
0100_01,actRSHSB3,1/2発目,0,Combatives_Common_actRSHSB3M2_1,
0100_01,actRSHSB3,None,0,,
0100_01,actRSHSB3,2/2発目,1,Combatives_Common_actRSHSB3M2_2F,
0100_01,actRSHSB4,1/3発目,0,Combatives_Common_actRSHSB4M3_1,
0100_01,actRSHSB4,None,0,,
0100_01,actRSHSB4,2/3発目,1,Combatives_Common_actRSHSB4M3_2,
0100_01,actRSHSB4,3/3発目,2,Combatives_Common_actRSHSB4M3_3F,
0100_01,actSPM2HI,None,0,Combatives_0100_01_actSPM2_ADMHI,
0100_01,actTRWFT,None,0,Combatives_0100_01_actTRWFT,
0100_01,actTRWR,None,0,Combatives_0100_01_actTRWR,
0100_01,actULTHI,None,0,Combatives_0100_01_actULTHI,CombativesSubParam_0100_01_actULTHI
0100_02,actARSHA3,1/3発目,0,Combatives_Common_actARSHA3M3_1,
0100_02,actARSHA3,None,0,,
0100_02,actARSHA3,2/3発目,1,Combatives_Common_actARSHA3M3_2,
0100_02,actARSHA3,3/3発目,2,Combatives_Common_actARSHA3M3_3F,
0100_02,actARSHB3,1/3発目,0,Combatives_Common_actARSHB3M3_1,
0100_02,actARSHB3,None,0,,
0100_02,actARSHB3,2/3発目,1,Combatives_Common_actARSHB3M3_2,
0100_02,actARSHB3,3/3発目,2,Combatives_Common_actARSHB3M3_3F,
0100_02,actBSRA3,1/3発目,0,Combatives_Common_actBSRA3M3_1,
0100_02,actBSRA3,None,0,,
0100_02,actBSRA3,2/3発目,1,Combatives_Common_actBSRA3M3_2,
0100_02,actBSRA3,3/3発目,2,Combatives_Common_actBSRA3M3_3F,
0100_02,actBSRB3,1/3発目,0,Combatives_Common_actBSRB3M3_1,
0100_02,actBSRB3,None,0,,
0100_02,actBSRB3,2/3発目,1,Combatives_Common_actBSRB3M3_2,
0100_02,actBSRB3,3/3発目,2,Combatives_Common_actBSRB3M3_3F,
0100_02,actDTWFT,None,0,Combatives_0100_02_actDTWFT,
0100_02,actEXA1,None,0,Combatives_0100_02_actEXA1,
0100_02,actRSHA3,1/3発目,0,Combatives_Common_actRSHA3M3_1,
0100_02,actRSHA3,None,0,,
0100_02,actRSHA3,2/3発目,1,Combatives_Common_actRSHA3M3_2,
0100_02,actRSHA3,3/3発目,2,Combatives_Common_actRSHA3M3_3F,
0100_02,actRSHB3,1/3発目,0,Combatives_Common_actRSHB3M3_1,
0100_02,actRSHB3,None,0,,
0100_02,actRSHB3,2/3発目,1,Combatives_Common_actRSHA3M3_2,
0100_02,actRSHB3,3/3発目,2,Combatives_Common_actRSHA3M3_3F,
0100_02,actRSHSA3,1/3発目,0,Combatives_Common_actRSHSA3M3_1,
0100_02,actRSHSA3,None,0,,
0100_02,actRSHSA3,2/3発目,1,Combatives_Common_actRSHSA3M3_2,
0100_02,actRSHSA3,3/3発目,2,Combatives_Common_actRSHSA3M3_3F,
0100_02,actRSHSB3,1/3発目,0,Combatives_Common_actRSHSB3M3_1,
0100_02,actRSHSB3,None,0,,
0100_02,actRSHSB3,2/3発目,1,Combatives_Common_actRSHSB3M3_2,
0100_02,actRSHSB3,3/3発目,2,Combatives_Common_actRSHSB3M3_3F,
0100_02,actSPM2HI,None,0,Combatives_0100_02_actSPM2_ADMHI,
0100_02,actTRWFT,None,0,Combatives_0100_02_actTRWFT,
0100_02,actTRWR,None,0,Combatives_0100_02_actTRWR,
0100_02,actULTHI,None,0,Combatives_0100_02_actULTHI,
0110_00,actDTW1P,None,0,Combatives_Common_actDTW1P,
0110_00,actDTWFT,None,0,Combatives_0110_00_actDTWFT,
0110_00,actEXA1,None,0,Combatives_0110_00_actEXA1,
0110_00,actFLK,1/3発目,0,Combatives_0110_01_actFLK1,
0110_00,actFLK,1/2発目,0,,
0110_00,actFLK,2/3発目,1,Combatives_0110_01_actFLK1-4,
0110_00,actFLK,2/2発目,1,,
0110_00,actFLK,3/3発目,2,Combatives_0110_01_actFLK3,
0110_00,actSPM2HI,None,0,Combatives_0110_00_actSPM2_ADMHI,
0110_00,actTRWFT,None,0,Combatives_0110_00_actTRWFT,
0110_00,actTRWR,None,0,Combatives_0110_00_actTRWR,
0110_00,actULTHI,None,0,Combatives_0110_00_actULTHI,
0110_00,actULTSI,None,0,,
0110_01,actARSHA3,1/3発目,0,Combatives_Common_actARSHA3M3_1,
0110_01,actARSHA3,None,0,,
0110_01,actARSHA3,2/3発目,1,Combatives_Common_actARSHA3M3_2,
0110_01,actARSHA3,3/3発目,2,Combatives_Common_actARSHA3M3_3F,
0110_01,actARSHB3,1/2発目,0,Combatives_Common_actARSHB3M2_1,
0110_01,actARSHB3,None,0,,
0110_01,actARSHB3,2/2発目,1,Combatives_Common_actARSHB3M2_2F,
0110_01,actARSHB4,1/3発目,0,Combatives_Common_actARSHB4M3_1,
0110_01,actARSHB4,None,0,,
0110_01,actARSHB4,2/3発目,1,Combatives_Common_actARSHB4M3_2,
0110_01,actARSHB4,3/3発目,2,Combatives_Common_actARSHB4M3_3F,
0110_01,actBSRA3,1/3発目,0,Combatives_Common_actBSRA3M3_1,
0110_01,actBSRA3,None,0,,
0110_01,actBSRA3,2/3発目,1,Combatives_Common_actBSRA3M3_2,
0110_01,actBSRA3,3/3発目,2,Combatives_Common_actBSRA3M3_3F,
0110_01,actBSRB3,1/2発目,0,Combatives_Common_actBSRB3M2_1,
0110_01,actBSRB3,None,0,,
0110_01,actBSRB3,2/2発目,1,Combatives_Common_actBSRB3M2_2F,
0110_01,actBSRB4,1/3発目,0,Combatives_Common_actBSRB4M3_1,
0110_01,actBSRB4,None,0,,
0110_01,actBSRB4,2/3発目,1,Combatives_Common_actBSRB4M3_2,
0110_01,actBSRB4,3/3発目,2,Combatives_Common_actBSRB4M3_3F,
0110_01,actDTW1P,None,0,Combatives_Common_actDTW1P,
0110_01,actDTWFT,None,0,Combatives_0110_01_actDTWFT,
0110_01,actEXA1,None,0,Combatives_0110_01_actEXA1,
0110_01,actFLK,1/3発目,0,Combatives_0110_01_actFLK1,
0110_01,actFLK,1/2発目,0,,
0110_01,actFLK,2/3発目,1,Combatives_0110_01_actFLK1-4,
0110_01,actFLK,2/2発目,1,,
0110_01,actFLK,3/3発目,2,Combatives_0110_01_actFLK3,
0110_01,actRSHA3,1/3発目,0,Combatives_Common_actRSHA3M3_1,
0110_01,actRSHA3,None,0,,
0110_01,actRSHA3,2/3発目,1,Combatives_Common_actRSHA3M3_2,
0110_01,actRSHA3,3/3発目,2,Combatives_Common_actRSHA3M3_3F,
0110_01,actRSHB3,1/2発目,0,Combatives_Common_actRSHB3M2_1,
0110_01,actRSHB3,None,0,,
0110_01,actRSHB3,2/2発目,1,Combatives_Common_actRSHB3M2_2F,
0110_01,actRSHB4,1/3発目,0,Combatives_Common_actRSHB4M3_1,
0110_01,actRSHB4,None,0,,
0110_01,actRSHB4,2/3発目,1,Combatives_Common_actRSHB4M3_2,
0110_01,actRSHB4,3/3発目,2,Combatives_Common_actRSHB4M3_3F,
0110_01,actRSHSA3,1/3発目,0,Combatives_Common_actRSHSA3M3_1,
0110_01,actRSHSA3,None,0,,
0110_01,actRSHSA3,2/3発目,1,Combatives_Common_actRSHSA3M3_2,
0110_01,actRSHSA3,3/3発目,2,Combatives_Common_actRSHSA3M3_3F,
0110_01,actRSHSB3,1/2発目,0,Combatives_Common_actRSHSB3M3_1,
0110_01,actRSHSB3,None,0,,
0110_01,actRSHSB3,2/2発目,1,Combatives_Common_actRSHSB3M3_1,
0110_01,actRSHSB4,1/3発目,0,Combatives_Common_actRSHSB4M3_1,
0110_01,actRSHSB4,None,0,,
0110_01,actRSHSB4,2/3発目,1,Combatives_Common_actRSHSB4M3_2,
0110_01,actRSHSB4,3/3発目,2,Combatives_Common_actRSHSB4M3_3F,
0110_01,actSPM2HI,None,0,Combatives_0110_01_actSPM2_ADMHI,
0110_01,actTRWFT,None,0,Combatives_0110_01_actTRWFT,
0110_01,actTRWR,None,0,Combatives_0110_01_actTRWR,
0110_01,actULT2HI,None,0,Combatives_0110_01_actULT2HI,
0110_01,actULTHI,None,0,Combatives_0110_01_actULTHI,
0110_02,actARSHA1,1/2発目,0,Combatives_Common_actARSHA1M2_1,
0110_02,actARSHA1,None,0,,
0110_02,actARSHA1,2/2発目,1,Combatives_Common_actARSHA1M2_2F,
0110_02,actARSHA2,1/2発目,0,Combatives_Common_actARSHA2M2_1,
0110_02,actARSHA2,None,0,,
0110_02,actARSHA2,2/2発目,1,Combatives_Common_actARSHA2M2_2F,
0110_02,actARSHA3,1/2発目,0,Combatives_Common_actARSHA3M2_1,
0110_02,actARSHA3,None,0,,
0110_02,actARSHA3,2/2発目,1,Combatives_Common_actARSHA3M2_1,
0110_02,actARSHA4,1/3発目,0,Combatives_Common_actARSHA4M3_1,
0110_02,actARSHA4,None,0,,
0110_02,actARSHA4,2/3発目,1,Combatives_Common_actARSHA4M3_2,
0110_02,actARSHA4,3/3発目,2,Combatives_Common_actARSHA4M3_3F,
0110_02,actARSHB3,1/2発目,0,Combatives_Common_actARSHB3M2_1,
0110_02,actARSHB3,None,0,,
0110_02,actARSHB3,2/2発目,1,Combatives_Common_actARSHB3M2_2F,
0110_02,actBSRA1,1/2発目,0,Combatives_Common_actBSRA1M2_1,
0110_02,actBSRA1,None,0,,
0110_02,actBSRA1,2/2発目,1,Combatives_Common_actBSRA1M2_2F,
0110_02,actDTWFT,None,0,Combatives_0110_02_actDTWFT,
0110_02,actEXA1,None,0,Combatives_0110_02_actEXA1,
0110_02,actFLK,1/3発目,0,Combatives_0110_01_actFLK1,
0110_02,actFLK,1/2発目,0,,
0110_02,actFLK,2/3発目,1,Combatives_0110_01_actFLK1-4,
0110_02,actFLK,2/2発目,1,,
0110_02,actFLK,3/3発目,2,Combatives_0110_01_actFLK3,
0110_02,actRSHA1,1/2発目,0,Combatives_Common_actRSHA1M2_1,
0110_02,actRSHA1,None,0,,
0110_02,actRSHA1,2/2発目,1,Combatives_Common_actRSHA1M2_2F,
0110_02,actRSHA2,1/2発目,0,Combatives_Common_actRSHA2M2_1,
0110_02,actRSHA2,None,0,,
0110_02,actRSHA2,2/2発目,1,Combatives_Common_actRSHA2M2_2F,
0110_02,actRSHA3,1/2発目,0,Combatives_Common_actRSHA3M2_1,
0110_02,actRSHA3,None,0,,
0110_02,actRSHA3,2/2発目,1,Combatives_Common_actRSHA3M2_2F,
0110_02,actRSHA4,1/3発目,0,Combatives_Common_actRSHA4M3_1,
0110_02,actRSHA4,None,0,,
0110_02,actRSHA4,2/3発目,1,Combatives_Common_actRSHA4M3_2,
0110_02,actRSHA4,3/3発目,2,Combatives_Common_actRSHA4M3_3F,
0110_02,actRSHB3,1/2発目,0,Combatives_Common_actRSHB3M2_1,
0110_02,actRSHB3,None,0,,
0110_02,actRSHB3,2/2発目,1,Combatives_Common_actRSHB3M2_2F,
0110_02,actRSHSA2,1/2発目,0,Combatives_Common_actRSHSA2M2_1,
0110_02,actRSHSA2,None,0,,
0110_02,actRSHSA2,2/2発目,1,Combatives_Common_actRSHSA2M2_2F,
0110_02,actRSHSA3,1/2発目,0,Combatives_Common_actRSHSA3M2_1,
0110_02,actRSHSA3,None,0,,
0110_02,actRSHSA3,2/2発目,1,Combatives_Common_actRSHSA3M2_2F,
0110_02,actRSHSA4,1/3発目,0,Combatives_Common_actRSHSA4M3_1,
0110_02,actRSHSA4,None,0,,
0110_02,actRSHSA4,2/3発目,1,Combatives_Common_actRSHSA4M3_2,
0110_02,actRSHSA4,3/3発目,2,Combatives_Common_actRSHSA4M3_3F,
0110_02,actSPM2HI,None,0,Combatives_0110_02_actSPM2_ADMHI,
0110_02,actTRWFT,None,0,Combatives_0110_02_actTRWFT,
0110_02,actTRWR,None,0,Combatives_0110_02_actTRWR,
0110_02,actULTHI,None,0,Combatives_0110_02_actULTHI,
0110_03,actDTWFT,None,0,Combatives_0110_03_actDTWFT,
0110_03,actEXA1,None,0,Combatives_0110_03_actEXA1,
0110_03,actEXA2,None,0,Combatives_0110_03_actEXA2,
0110_03,actFLK,1/3発目,0,Combatives_0110_01_actFLK1,
0110_03,actFLK,1/2発目,0,,
0110_03,actFLK,2/3発目,1,Combatives_0110_01_actFLK1-4,
0110_03,actFLK,2/2発目,1,,
0110_03,actFLK,3/3発目,2,Combatives_0110_01_actFLK3,
0110_03,actSPM2HI,None,0,Combatives_0110_03_actSPM2_ADMHI,
0110_03,actTRWFT,None,0,Combatives_0110_03_actTRWFT,
0110_03,actTRWR,None,0,Combatives_0110_03_actTRWR,
0110_03,actULTHI,None,0,Combatives_0110_03_actULTHI,
0110_04,actDTW1P,None,0,Combatives_Common_actDTW1P,
0110_04,actDTWFT,None,0,Combatives_0110_04_actDTWFT,
0110_04,actEXA1,None,0,Combatives_0110_04_actEXA1,
0110_04,actFLK,1/3発目,0,Combatives_0110_01_actFLK1,
0110_04,actFLK,1/2発目,0,,
0110_04,actFLK,2/3発目,1,Combatives_0110_01_actFLK1-4,
0110_04,actFLK,2/2発目,1,,
0110_04,actFLK,3/3発目,2,Combatives_0110_01_actFLK3,
0110_04,actSPM2HI,None,0,Combatives_0110_04_actSPM2_ADMHI,
0110_04,actTRWFT,None,0,Combatives_0110_04_actTRWFT,
0110_04,actTRWR,None,0,Combatives_0110_04_actTRWR,
0110_04,actULTHI,None,0,Combatives_0110_04_actULTHI,
0120_00,actDTWFT,None,0,Combatives_0120_00_actDTWFT,
0120_00,actSPM2HI,None,0,Combatives_0120_00_actSPM2_ADMHI,
0120_00,actTRWFT,None,0,Combatives_0120_00_actTRWFT,
0120_00,actTRWR,None,0,Combatives_0120_00_actTRWR,
0120_00,actULTHI,None,0,Combatives_0120_00_actULTHI,
0120_00,actULTSI,None,0,,
0120_01,actDTWFT,None,0,Combatives_0120_01_actDTWFT,
0120_01,actSPM2HI,None,0,Combatives_0120_01_actSPM2_ADMHI,
0120_01,actTRWFT,None,0,Combatives_0120_01_actTRWFT,
0120_01,actTRWR,None,0,Combatives_0120_01_actTRWR,
0120_01,actULTHI,None,0,Combatives_0120_01_actULTHI,
0120_01,actULTSI,None,0,,
0120_02,actDTW1P,None,0,Combatives_Common_actDTW1P,
0120_02,actDTWFT,None,0,Combatives_0120_02_actDTWFT,
0120_02,actEXA1,None,0,Combatives_0120_02_actEXA1,
0120_02,actSPM2HI,None,0,Combatives_0120_02_actSPM2_ADMHI,
0120_02,actTRWFT,None,0,Combatives_0120_02_actTRWFT,
0120_02,actTRWR,None,0,Combatives_0120_02_actTRWR,
0120_02,actULTHI,None,0,Combatives_0120_02_actULTHI,
0121_00,actARSHA3,1/3発目,0,Combatives_Common_actARSHA3M3_1,
0121_00,actARSHA3,None,0,,
0121_00,actARSHA3,2/3発目,1,Combatives_Common_actARSHA3M3_2,
0121_00,actARSHA3,3/3発目,2,Combatives_Common_actARSHA3M3_3F,
0121_00,actARSHB3,1/3発目,0,Combatives_Common_actARSHB3M3_1,
0121_00,actARSHB3,None,0,,
0121_00,actARSHB3,2/3発目,1,Combatives_Common_actARSHB3M3_2,
0121_00,actARSHB3,3/3発目,2,Combatives_Common_actARSHB3M3_3F,
0121_00,actBSRA3,1/3発目,0,Combatives_Common_actBSRA3M3_1,
0121_00,actBSRA3,None,0,,
0121_00,actBSRA3,2/3発目,1,Combatives_Common_actBSRA3M3_2,
0121_00,actBSRA3,3/3発目,2,Combatives_Common_actBSRA3M3_3F,
0121_00,actBSRB3,1/3発目,0,Combatives_Common_actBSRB3M3_1,
0121_00,actBSRB3,None,0,,
0121_00,actBSRB3,2/3発目,1,Combatives_Common_actBSRB3M3_2,
0121_00,actBSRB3,3/3発目,2,Combatives_Common_actBSRB3M3_3F,
0121_00,actDTW1P,None,0,Combatives_Common_actDTW1P,
0121_00,actDTWFT,None,0,Combatives_0121_00_actDTWFT,
0121_00,actEXA1,None,0,Combatives_0121_00_actEXA1,
0121_00,actRSHA3,1/3発目,0,Combatives_Common_actRSHA3M3_1,
0121_00,actRSHA3,None,0,,
0121_00,actRSHA3,2/3発目,1,Combatives_Common_actRSHA3M3_2,
0121_00,actRSHA3,3/3発目,2,Combatives_Common_actRSHA3M3_3F,
0121_00,actRSHB3,1/3発目,0,Combatives_Common_actRSHB3M3_1,
0121_00,actRSHB3,None,0,,
0121_00,actRSHB3,2/3発目,1,Combatives_Common_actRSHA3M3_2,
0121_00,actRSHB3,3/3発目,2,Combatives_Common_actRSHA3M3_3F,
0121_00,actRSHSA3,1/3発目,0,Combatives_Common_actRSHSA3M3_1,
0121_00,actRSHSA3,None,0,,
0121_00,actRSHSA3,2/3発目,1,Combatives_Common_actRSHSA3M3_2,
0121_00,actRSHSA3,3/3発目,2,Combatives_Common_actRSHSA3M3_3F,
0121_00,actRSHSB3,1/3発目,0,Combatives_Common_actRSHSB3M3_1,
0121_00,actRSHSB3,None,0,,
0121_00,actRSHSB3,2/3発目,1,Combatives_Common_actRSHSB3M3_2,
0121_00,actRSHSB3,3/3発目,2,Combatives_Common_actRSHSB3M3_3F,
0121_00,actSPM2HI,None,0,Combatives_0121_00_actSPM2_ADMHI,
0121_00,actTRWFT,None,0,Combatives_0121_00_actTRWFT,
0121_00,actTRWR,None,0,Combatives_0121_00_actTRWR,
0121_00,actULTHI,None,0,Combatives_0121_00_actULTHI,
0130_00,actDDS,None,0,Combatives_Common_actDDS_weak,
0130_00,actDTW1P,None,0,Combatives_Common_actDTW1P,
0130_00,actDTWFT,None,0,Combatives_0130_00_actDTWFT,
0130_00,actRSHB4,None,0,Combatives_Common_actRSHB4_sl,
0130_00,actRVCOM,None,0,Combatives_Common_actDDS_weak,
0130_00,actSINtGSPM1,None,0,Combatives_Common_actSINtG_Low2,
0130_00,actSPC,2/2発目,1,Combatives_Common_actSPC_NoHIT,
0130_00,actSPM1HD1P,None,0,Combatives_0130_00_actSPM1HD1P,
0130_00,actSPM1HI,None,0,Combatives_0130_00_actSPM1HI,
0130_00,actSPM1SI,None,0,Combatives_Common_actSPMSI_Attack,
0130_00,actSPM1SM,None,0,Combatives_Common_actDDS_weak,
0130_00,actSPM2HI,None,0,Combatives_0130_00_actSPM2HI,
0130_00,actSPM2SM,None,0,Combatives_Common_actDDS_weak,
0130_00,actSPM3SM,None,0,Combatives_Common_actDDS_weak,
0130_00,actTRWFT,None,0,Combatives_0130_00_actTRWFT,
0130_00,actTRWR,None,0,Combatives_0130_00_actTRWR,
0130_00,actULT2HD1P,None,0,Combatives_Common_actULTHD1P,
0130_00,actULT2HI,None,0,Combatives_0130_00_04_actULT2HI,
0130_00,actULT2SI,None,0,Combatives_Common_actULTSI_Attack,
0130_00,actULTHI,None,0,Combatives_0130_00_actULTHI,
0130_00,actULTSM,None,0,Combatives_Common_actDDS_weak,
0140_00,actDDS,None,0,Combatives_Common_actDDS_weak,
0140_00,actDTWFT,None,0,Combatives_0140_00_actDTWFT,
0140_00,actEXA1,None,0,Combatives_0140_00_actEXA1,
0140_00,actRVCOM,None,0,Combatives_Common_actDDS_weak,
0140_00,actSPC,2/2発目,1,Combatives_Common_actSPC_NoHIT,
0140_00,actSPM1SM,None,0,Combatives_Common_actDDS_weak,
0140_00,actSPM2HI,None,0,Combatives_0140_00_actSPM2_ADMHI,
0140_00,actSPM2SM,None,0,Combatives_Common_actDDS_weak,
0140_00,actSPM3SM,None,0,Combatives_Common_actDDS_weak,
0140_00,actTRWFT,None,0,Combatives_0140_00_actTRWFT,
0140_00,actTRWR,None,0,Combatives_0140_00_actTRWR,
0140_00,actULTHD1P,None,0,Combatives_0140_00_actULTHD1P,
0140_00,actULTHD1P2fn,None,0,Combatives_0140_00_actULTHD1Pfn,
0140_00,actULTHI,None,0,Combatives_0140_00_actULTHI,
0140_00,actULTSI,None,0,,
0140_00,actULTSM,None,0,Combatives_Common_actDDS_weak,
0141_00,actDDS,None,0,Combatives_Common_actDDS_weak,
0141_00,actDTWFT,None,0,Combatives_0141_00_actDTWFT,
0141_00,actEXA1,None,0,Combatives_0141_00_actEXA1,
0141_00,actRVCOM,None,0,Combatives_Common_actDDS_weak,
0141_00,actSPC,2/2発目,1,Combatives_Common_actSPC_NoHIT,
0141_00,actSPM1SM,None,0,Combatives_Common_actDDS_weak,
0141_00,actSPM2HI,None,0,Combatives_0141_00_actSPM2_ADMHI,
0141_00,actSPM2SM,None,0,Combatives_Common_actDDS_weak,
0141_00,actSPM3SM,None,0,Combatives_Common_actDDS_weak,
0141_00,actTRWFT,None,0,Combatives_0141_00_actTRWFT,
0141_00,actTRWR,None,0,Combatives_0141_00_actTRWR,
0141_00,actULTHD1P,None,0,Combatives_Common_actULTHD1P_High4,
0141_00,actULTHI,None,0,Combatives_0141_00_actULTHI,
0141_00,actULTSM,None,0,Combatives_Common_actDDS_weak,
0150_00,actCRFFO,None,0,,
0150_00,actCRFI,None,0,Combatives_Common_actCRFRO,
0150_00,actCRFLO,None,0,Combatives_Common_actCRFFO,
0150_00,actCRFRO,None,0,Combatives_Common_actCRFLO,
0150_00,actDTW1P,None,0,Combatives_Common_actDTW1P,
0150_00,actDTWFT,None,0,Combatives_0150_00_actDTWFT,
0150_00,actEXA1,None,0,Combatives_0150_00_actEXA1,
0150_00,actSPM2HI,None,0,Combatives_0150_00_actSPM2_ADMHI,
0150_00,actTRWFT,None,0,Combatives_0150_00_actTRWFT,
0150_00,actTRWR,None,0,Combatives_0150_00_actTRWR,
0150_00,actULTHI,None,0,Combatives_0150_00_actULTHI,
0151_00,actDTWFT,None,0,Combatives_0151_00_actDTWFT,
0151_00,actEXA1,None,0,Combatives_0151_00_actEXA1,
0151_00,actSINtGUB,None,0,Combatives_Common_actSINtGUB_High2,
0151_00,actSPM2HI,None,0,Combatives_0151_00_actSPM2_ADMHI,
0151_00,actTRWFT,None,0,Combatives_0151_00_actTRWFT,
0151_00,actTRWR,None,0,Combatives_0151_00_actTRWR,
0151_00,actULTHD1P,None,0,Combatives_Common_actULTHD1P_High2,
0151_00,actULTHI,None,0,Combatives_0151_00_actULTHI,
0152_00,actDTWFT,None,0,Combatives_0152_00_actDTWFT,
0152_00,actSINtGUB,None,0,Combatives_Common_actSINtGUB_High1,
0152_00,actSPM2HI,None,0,Combatives_0152_00_actSPM2_ADMHI,
0152_00,actTRWFT,None,0,Combatives_0152_00_actTRWFT,
0152_00,actTRWR,None,0,Combatives_0152_00_actTRWR,
0152_00,actULTHD1P,None,0,Combatives_Common_actULTHD1P_High1,
0152_00,actULTHI,None,0,Combatives_0152_00_actULTHI,
0153_00,actDTW1P,None,0,Combatives_Common_actDTW1P,
0153_00,actDTWFT,None,0,Combatives_0153_00_actDTWFT,
0153_00,actEXA1,None,0,Combatives_0153_00_actEXA1,
0153_00,actEXA2,None,0,Combatives_Common_actEXA_SPC_BOM,
0153_00,actSPM2HI,None,0,Combatives_0153_00_actSPM2_ADMHI,
0153_00,actTRWFT,None,0,Combatives_0153_00_actTRWFT,
0153_00,actTRWR,None,0,Combatives_0153_00_actTRWR,
0153_00,actULTHD1P,None,0,Combatives_Common_actULTHD1P_Low1,
0153_00,actULTHI,None,0,Combatives_0153_00_actULTHI,
0153_00,actULTSI,None,0,,
0153_10,actDTWFT,None,0,Combatives_0153_10_actDTWFT,
0153_10,actEXA1,None,0,Combatives_0153_10_actEXA1,
0153_10,actSPM2HI,None,0,Combatives_0153_10_actSPM2_ADMHI,
0153_10,actTRWFT,None,0,Combatives_0153_10_actTRWFT,
0153_10,actTRWR,None,0,Combatives_0153_10_actTRWR,
0153_10,actULTHI,None,0,Combatives_0153_10_actULTHI,
0153_20,actDTWFT,None,0,Combatives_0153_20_actDTWFT,
0153_20,actEXA1,None,0,Combatives_0153_20_actEXA1,
0153_20,actSPM2HI,None,0,Combatives_0153_20_actSPM2_ADMHI,
0153_20,actSPM2SI,None,0,Combatives_0153_20_actSPMSI_Throw,
0153_20,actSPM2SM,None,0,Combatives_0153_20_actSPM2SM,
0153_20,actTRWFT,None,0,Combatives_0153_20_actTRWFT,
0153_20,actTRWR,None,0,Combatives_0153_20_actTRWR,
0153_20,actULT2HD1P,None,0,Combatives_Common_actULTHD1P_High1,
0153_20,actULT2HI,None,0,Combatives_0153_20_02_actULT2HI,
0153_20,actULT2SI,None,0,Combatives_Common_actULTSI_Attack,
0153_20,actULTHD1P,None,0,Combatives_0153_20_actULTHD1P,
0153_20,actULTHI,None,0,Combatives_0153_20_actULTHI,
0153_20,actULTSI,None,0,,
0154_00,actDTWFT,None,0,Combatives_0154_00_actDTWFT,
0154_00,actEXA1,None,0,Combatives_0154_00_actEXA1,
0154_00,actSINtGSPM2,None,0,Combatives_Common_actSINtG_Unblock,
0154_00,actSPM2SI,None,0,Combatives_0154_00_actSPM2SI,
0154_00,actSPM2SM,None,0,Combatives_0154_00_actSPM2SM,
0154_00,actTRWFT,None,0,Combatives_0154_00_actTRWFT,
0154_00,actTRWR,None,0,Combatives_0154_00_actTRWR,
0154_00,actULTHI,None,0,Combatives_0154_00_actULTHI,
0154_00,actULTSI,None,0,,
0155_00,actARSHA4,1/2発目,0,Combatives_Common_actARSHA4M2_1,
0155_00,actARSHA4,None,0,,
0155_00,actARSHA4,2/2発目,1,Combatives_Common_actARSHA4M2_2F,
0155_00,actARSHB2,1/2発目,0,Combatives_Common_actARSHB2M2_1,
0155_00,actARSHB2,None,0,,
0155_00,actARSHB2,2/2発目,1,Combatives_Common_actARSHB2M2_2F,
0155_00,actARSHB4,1/2発目,0,Combatives_Common_actARSHB4M2_1,
0155_00,actARSHB4,None,0,,
0155_00,actARSHB4,2/2発目,1,Combatives_Common_actARSHB4M2_2F,
0155_00,actBSRA4,1/2発目,0,Combatives_Common_actBSRA4M2_1,
0155_00,actBSRA4,None,0,,
0155_00,actBSRA4,2/2発目,1,Combatives_Common_actBSRA4M2_2F,
0155_00,actBSRB2,1/2発目,0,Combatives_Common_actBSRB2M2_1,
0155_00,actBSRB2,None,0,,
0155_00,actBSRB2,2/2発目,1,Combatives_Common_actBSRB2M2_2F,
0155_00,actBSRB4,1/2発目,0,Combatives_Common_actBSRB4M2_1,
0155_00,actBSRB4,None,0,,
0155_00,actBSRB4,2/2発目,1,Combatives_Common_actBSRB4M2_2F,
0155_00,actDTWFT,None,0,Combatives_0155_00_actDTWFT,
0155_00,actEXA1,None,0,Combatives_0155_00_actEXA1,
0155_00,actEXA2,None,0,Combatives_Common_actEXA_SPC_BOM,
0155_00,actRSHA4,1/2発目,0,Combatives_Common_actRSHA4M2_1,
0155_00,actRSHA4,None,0,,
0155_00,actRSHA4,2/2発目,1,Combatives_Common_actRSHA4M2_2F,
0155_00,actRSHB2,1/2発目,0,Combatives_Common_actRSHB2M2_1,
0155_00,actRSHB2,None,0,,
0155_00,actRSHB2,2/2発目,1,Combatives_Common_actRSHB2M2_2F,
0155_00,actRSHB4,1/2発目,0,Combatives_Common_actRSHB4M2_1,
0155_00,actRSHB4,None,0,,
0155_00,actRSHB4,2/2発目,1,Combatives_Common_actRSHB4M2_2F,
0155_00,actRSHSA4,1/2発目,0,Combatives_Common_actRSHSA4M2_1,
0155_00,actRSHSA4,None,0,,
0155_00,actRSHSA4,2/2発目,1,Combatives_Common_actRSHSA4M2_2F,
0155_00,actRSHSB2,1/2発目,0,Combatives_Common_actRSHSB2M2_1,
0155_00,actRSHSB2,None,0,,
0155_00,actRSHSB2,2/2発目,1,Combatives_Common_actRSHSB2M2_2F,
0155_00,actRSHSB4,1/2発目,0,Combatives_Common_actRSHSB4M2_1,
0155_00,actRSHSB4,None,0,,
0155_00,actRSHSB4,2/2発目,1,Combatives_Common_actRSHSB4M2_2F,
0155_00,actSPM2HI,None,0,Combatives_0155_00_actSPM2_ADMHI,
0155_00,actTRWFT,None,0,Combatives_0155_00_actTRWFT,
0155_00,actTRWR,None,0,Combatives_0155_00_actTRWR,
0155_00,actULTHI,None,0,Combatives_0155_00_actULTHI,
0160_00,actBSM2,None,0,,
0160_00,actDTWFT,None,0,Combatives_0160_00_actDTWFT,
0160_00,actEXA1,None,0,Combatives_Common_actEXA_FLS,
0160_00,actSPM2SI,None,0,,
0160_00,actTRW1P,1/2発目,0,Combatives_0160_00_actTRW1P_1,
0160_00,actTRW1P,None,0,,
0160_00,actTRW1P,2/2発目,1,Combatives_0160_00_actTRW1P_2D,
0160_00,actTRWFT,None,0,Combatives_0160_00_actTRWFT,
0160_00,actTRWR,None,0,Combatives_0160_00_actTRWR,
0160_00,actULTHD1P,1/2発目,0,Combatives_0160_00_actULTHD1P_1,
0160_00,actULTHD1P,None,0,,
0160_00,actULTHD1P,2/2発目,1,Combatives_0160_00_actULTHD1P_2D,
0160_00,actULTHI,None,0,Combatives_0160_00_actULTHI,
0161_00,actBSM2,None,0,,
0161_00,actDTW1P,None,0,Combatives_Common_actDTW1P,
0161_00,actDTWFT,None,0,Combatives_0161_00_actDTWFT,
0161_00,actEXA1,None,0,Combatives_Common_actEXA_FLS,
0161_00,actRSHA4,None,0,Combatives_Common_actRSHA4_sl,
0161_00,actSPM2HD1P,1/2発目,0,Combatives_0160_00_actULTHD1P_1,
0161_00,actSPM2HD1P,2/2発目,1,Combatives_0161_00_actSPM2HD1P_2D,
0161_00,actSPM2HD1P,None,2,Combatives_Common_actULTHD1P,
0161_00,actSPM2HI,None,0,Combatives_0161_00_actSPM2HI,
0161_00,actTRW1P,1/2発目,0,Combatives_0161_00_actTRW1P_1,
0161_00,actTRW1P,None,0,,
0161_00,actTRW1P,2/2発目,1,Combatives_0160_00_actTRW1P_2D,
0161_00,actTRWFT,None,0,Combatives_0161_00_actTRWFT,
0161_00,actTRWR,None,0,Combatives_0161_00_actTRWR,
0161_00,actULTHD1P,None,0,Combatives_Common_actULTHD1P_High2,
0161_00,actULTHI,None,0,Combatives_0161_00_actULTHI,
0161_00,actULTSI,None,0,Combatives_Common_actULTSI_Throw,
0162_00,actDTWFT,None,0,Combatives_0162_00_actDTWFT,
0162_00,actSPM2SI,None,0,,
0162_00,actTRWFT,None,0,Combatives_0162_00_actTRWFT,
0162_00,actTRWR,None,0,Combatives_0162_00_actTRWR,
0162_00,actULTHI,None,0,Combatives_0162_00_actULTHI,
0162_01,actDTWFT,None,0,Combatives_0162_01_actDTWFT,
0162_01,actEXA1,None,0,Combatives_0162_01_actEXA1,
0162_01,actSPM2HI,None,0,Combatives_0162_01_actSPM2_ADMHI,
0162_01,actTRWFT,None,0,Combatives_0162_01_actTRWFT,
0162_01,actTRWR,None,0,Combatives_0162_01_actTRWR,
0162_01,actULTHI,None,0,Combatives_0162_01_actULTHI,
0163_00,actDTWFT,None,0,Combatives_0163_00_actDTWFT,
0163_00,actEXA1,None,0,Combatives_Common_actEXA_FLS,
0163_00,actSPM2HI,None,0,Combatives_0163_00_actSPM2_ADMHI,
0163_00,actTRWFT,None,0,Combatives_0163_00_actTRWFT,
0163_00,actTRWR,None,0,Combatives_0163_00_actTRWR,
0163_00,actULTHI,None,0,Combatives_0163_00_actULTHI,
0170_00,actDTWFT,None,0,Combatives_0170_00_actDTWFT,
0170_00,actEXA1,None,0,Combatives_0340_00_actEXA1,
0170_00,actSPM1HD1P,None,0,Combatives_Common_actSPM2HD1P,
0170_00,actSPM1HI,None,0,Combatives_0170_00_actSPM1HI,
0170_00,actSPM2HD1P,None,0,,
0170_00,actSPM2SI,None,0,,
0170_00,actTRWFT,None,0,Combatives_0170_00_actTRWFT,
0170_00,actTRWR,None,0,Combatives_0170_00_actTRWR,
0170_00,actULTHD1P,None,0,Combatives_Common_actULTHD1P_High2,
0170_00,actULTHI,None,0,Combatives_0170_00_actULTHI,
0170_00,actULTSI,None,0,,
0171_00,actDTWFT,None,0,Combatives_0171_00_actDTWFT,
0171_00,actEXA1,None,0,Combatives_0171_00_actEXA1,
0171_00,actSPM2HI,None,0,Combatives_0171_00_actSPM2_ADMHI,
0171_00,actTRWFT,None,0,Combatives_0171_00_actTRWFT,
0171_00,actTRWR,None,0,Combatives_0171_00_actTRWR,
0171_00,actULTHI,None,0,Combatives_0171_00_actULTHI,
0172_00,actDTWFT,None,0,Combatives_0172_00_actDTWFT,
0172_00,actEXA1,None,0,Combatives_0172_00_actEXA1,
0172_00,actSPM2HI,None,0,Combatives_0172_00_actSPM2_ADMHI,
0172_00,actTRWFT,None,0,Combatives_0172_00_actTRWFT,
0172_00,actTRWR,None,0,Combatives_0172_00_actTRWR,
0172_00,actULTHD1P,None,0,Combatives_Common_actULTHD1P_High6,
0172_00,actULTHI,None,0,Combatives_0172_00_actULTHI,
0172_10,actDTWFT,None,0,Combatives_0172_10_actDTWFT,
0172_10,actEXA1,None,0,Combatives_0172_10_actEXA1,
0172_10,actSPM1HD1P,None,0,Combatives_0172_10_actSPM1HD1P,
0172_10,actSPM1HI,None,0,Combatives_0172_10_actSPM1HI,
0172_10,actSPM2HD1P,None,0,,
0172_10,actSPM2HI,None,0,Combatives_0172_10_actSPM2_ADMHI,
0172_10,actTRWFT,None,0,Combatives_0172_10_actTRWFT,
0172_10,actTRWR,None,0,Combatives_0172_10_actTRWR,
0172_10,actULTHI,None,0,Combatives_0172_10_actULTHI,
0172_11,actDTWFT,None,0,Combatives_0172_11_actDTWFT,
0172_11,actEXA1,None,0,Combatives_0172_11_actEXA1,
0172_11,actSPM2HI,None,0,Combatives_0172_11_actSPM2_ADMHI,
0172_11,actTRWFT,None,0,Combatives_0172_11_actTRWFT,
0172_11,actTRWR,None,0,Combatives_0172_11_actTRWR,
0172_11,actULTHD1P,None,0,Combatives_Common_actULTHD1P_High1,
0172_11,actULTHI,None,0,Combatives_0172_11_actULTHI,
0173_00,actARSHA1,1/3発目,0,Combatives_Common_actARSHA1M3_1,
0173_00,actARSHA1,None,0,,
0173_00,actARSHA1,2/3発目,1,Combatives_Common_actARSHA1M3_2,
0173_00,actARSHA1,3/3発目,2,Combatives_Common_actARSHA1M3_3F,
0173_00,actARSHB2,1/2発目,0,Combatives_Common_actARSHB2M2_1,
0173_00,actARSHB2,None,0,,
0173_00,actARSHB2,2/2発目,1,Combatives_Common_actARSHB2M2_2F,
0173_00,actARSHB3,1/3発目,0,Combatives_Common_actARSHB3M3_1,
0173_00,actARSHB3,None,0,,
0173_00,actARSHB3,2/3発目,1,Combatives_Common_actARSHB3M3_2,
0173_00,actARSHB3,3/3発目,2,Combatives_Common_actARSHB3M3_3F,
0173_00,actBSRA1,1/3発目,0,Combatives_Common_actBSRA1M3_1,
0173_00,actBSRA1,None,0,,
0173_00,actBSRA1,2/3発目,1,Combatives_Common_actBSRA1M3_2,
0173_00,actBSRA1,3/3発目,2,Combatives_Common_actBSRA1M3_3F,
0173_00,actBSRB2,1/2発目,0,Combatives_Common_actBSRB2M2_1,
0173_00,actBSRB2,None,0,,
0173_00,actBSRB2,2/2発目,1,Combatives_Common_actBSRB2M2_1,
0173_00,actBSRB3,1/3発目,0,Combatives_Common_actBSRB3M3_1,
0173_00,actBSRB3,None,0,,
0173_00,actBSRB3,2/3発目,1,Combatives_Common_actBSRB3M3_2,
0173_00,actBSRB3,3/3発目,2,Combatives_Common_actBSRB3M3_3F,
0173_00,actDTWFT,None,0,Combatives_0173_00_actDTWFT,
0173_00,actEXA1,None,0,Combatives_0173_00_actEXA1,
0173_00,actRSHA1,1/3発目,0,Combatives_Common_actRSHA1M3_1,
0173_00,actRSHA1,None,0,,
0173_00,actRSHA1,2/3発目,1,Combatives_Common_actRSHA1M3_2,
0173_00,actRSHA1,3/3発目,2,Combatives_Common_actRSHA1M3_3F,
0173_00,actRSHA3,None,0,Combatives_0173_00_actRSHA3,
0173_00,actRSHB2,1/2発目,0,Combatives_Common_actRSHB2M2_1,
0173_00,actRSHB2,None,0,,
0173_00,actRSHB2,2/2発目,1,Combatives_Common_actRSHB2M2_2F,
0173_00,actRSHB3,1/3発目,0,Combatives_Common_actRSHB3M3_1,
0173_00,actRSHB3,None,0,,
0173_00,actRSHB3,2/3発目,1,Combatives_Common_actRSHB3M3_2,
0173_00,actRSHB3,3/3発目,2,Combatives_0173_00_actRSHB3M3_3F,
0173_00,actRSHSA1,1/3発目,0,Combatives_Common_actRSHSA1M3_1,
0173_00,actRSHSA1,None,0,,
0173_00,actRSHSA1,2/3発目,1,Combatives_Common_actRSHSA1M3_2,
0173_00,actRSHSA1,3/3発目,2,Combatives_Common_actRSHSA1M3_3F,
0173_00,actRSHSB2,1/2発目,0,Combatives_Common_actRSHSB2M2_1,
0173_00,actRSHSB2,None,0,,
0173_00,actRSHSB2,2/2発目,1,Combatives_Common_actRSHSB2M2_2F,
0173_00,actRSHSB3,1/3発目,0,Combatives_Common_actRSHSB3M3_1,
0173_00,actRSHSB3,None,0,,
0173_00,actRSHSB3,2/3発目,1,Combatives_Common_actRSHSB3M3_2,
0173_00,actRSHSB3,3/3発目,2,Combatives_Common_actRSHSB3M3_3F,
0173_00,actSPM2HI,None,0,Combatives_0173_00_actSPM2HI,
0173_00,actTRWFT,None,0,Combatives_0173_00_actTRWFT,
0173_00,actTRWR,None,0,Combatives_0173_00_actTRWR,
0173_00,actULTHD1P,None,0,Combatives_Common_actULTHD1P_High1,
0173_00,actULTHI,None,0,Combatives_0173_00_actULTHI,
0173_00,actULTSI,None,0,,
0180_00,actARSHB2,1/3発目,0,Combatives_Common_actARSHB2M3_1-2,
0180_00,actARSHB2,None,0,,
0180_00,actARSHB2,2/3発目,1,Combatives_Common_actARSHB2M3_1-2,
0180_00,actARSHB2,3/3発目,2,Combatives_Common_actARSHB2M3_3F,
0180_00,actARSHB3,1/3発目,0,Combatives_Common_actARSHB3M3_1,
0180_00,actARSHB3,None,0,,
0180_00,actARSHB3,2/3発目,1,Combatives_Common_actARSHB3M3_2,
0180_00,actARSHB3,3/3発目,2,Combatives_Common_actARSHB3M3_3F,
0180_00,actARSHB4,1/3発目,0,Combatives_Common_actARSHB4M3_1,
0180_00,actARSHB4,None,0,,
0180_00,actARSHB4,2/3発目,1,Combatives_Common_actARSHB4M3_2,
0180_00,actARSHB4,3/3発目,2,Combatives_Common_actARSHB4M3_3F,
0180_00,actBSRB2,1/3発目,0,Combatives_Common_actBSRB2M3_1-2,
0180_00,actBSRB2,None,0,,
0180_00,actBSRB2,2/3発目,1,Combatives_Common_actBSRB2M3_1-2,
0180_00,actBSRB2,3/3発目,2,Combatives_Common_actBSRB2M3_3F,
0180_00,actBSRB3,1/3発目,0,Combatives_Common_actBSRB3M3_1,
0180_00,actBSRB3,None,0,,
0180_00,actBSRB3,2/3発目,1,Combatives_Common_actBSRB3M3_2,
0180_00,actBSRB3,3/3発目,2,Combatives_Common_actBSRB3M3_3F,
0180_00,actBSRB4,1/3発目,0,Combatives_Common_actBSRB4M3_1,
0180_00,actBSRB4,None,0,,
0180_00,actBSRB4,2/3発目,1,Combatives_Common_actBSRB4M3_2,
0180_00,actBSRB4,3/3発目,2,Combatives_Common_actBSRB4M3_3F,
0180_00,actDDS,None,0,Combatives_Common_actDDS_weak,
0180_00,actDTWFT,None,0,Combatives_0180_00_actDTWFT,
0180_00,actEXA1,None,0,Combatives_0180_00_actEXA1,
0180_00,actRSHB1,None,0,Combatives_Common_actRSHB1_sl,
0180_00,actRSHB2,1/3発目,0,Combatives_Common_actRSHB2M3_1-2,
0180_00,actRSHB2,None,0,,
0180_00,actRSHB2,2/3発目,1,Combatives_Common_actRSHB2M3_1-2,
0180_00,actRSHB2,3/3発目,2,Combatives_Common_actRSHB2M3_3F,
0180_00,actRSHB3,1/3発目,0,Combatives_Common_actRSHB3M3_1,
0180_00,actRSHB3,None,0,,
0180_00,actRSHB3,2/3発目,1,Combatives_Common_actRSHB3M3_2,
0180_00,actRSHB3,3/3発目,2,Combatives_Common_actRSHB3M3_3F,
0180_00,actRSHB4,1/3発目,0,Combatives_Common_actRSHB4M3_1,
0180_00,actRSHB4,None,0,,
0180_00,actRSHB4,2/3発目,1,Combatives_Common_actRSHB4M3_2,
0180_00,actRSHB4,3/3発目,2,Combatives_Common_actRSHB4M3_3F,
0180_00,actRVCOM,None,0,Combatives_Common_actDDS_weak,
0180_00,actSINtG,None,0,Combatives_0180_actSINtG_SPM1,
0180_00,actSINtGSPM2,None,0,Combatives_0180_actSINtG,
0180_00,actSINtGUB,None,0,Combatives_0180_actSINtGUB,
0180_00,actSPC,2/2発目,1,Combatives_Common_actSPC_NoHIT,
0180_00,actSPM1HI,None,0,Combatives_0180_00_actSPM1HI,
0180_00,actSPM1HISA,None,0,Combatives_0180_00_actSPM1HISA,
0180_00,actSPM1SI,None,0,Combatives_Common_actSPMSI_Attack,
0180_00,actSPM1SM,None,0,Combatives_Common_actDDS_weak,
0180_00,actSPM2HD1P,None,0,Combatives_0180_00_actSPM2HD1P,
0180_00,actSPM2HI,None,0,Combatives_0180_00_actSPM2_ADMHI,
0180_00,actSPM2SI,None,0,Combatives_Common_actSPMSI_Throw,
0180_00,actSPM2SM,None,0,Combatives_Common_actDDS_weak,
0180_00,actSPM3SM,None,0,Combatives_Common_actDDS_weak,
0180_00,actTRWFT,None,0,Combatives_0180_00_actTRWFT,
0180_00,actTRWR,None,0,Combatives_0180_00_actTRWR,
0180_00,actULTHD1P,None,0,Combatives_0180_00_actULTHD1P,
0180_00,actULTHI,None,0,Combatives_0180_00_actULTHI,
0180_00,actULTSM,None,0,Combatives_Common_actDDS_weak,
0190_00,actARSHB2,1/2発目,0,Combatives_Common_actARSHB2M2_1,
0190_00,actARSHB2,None,0,,
0190_00,actARSHB2,2/2発目,1,Combatives_Common_actARSHB2M2_2F,
0190_00,actARSHB3,1/2発目,0,Combatives_Common_actARSHB3M2_1,
0190_00,actARSHB3,None,0,,
0190_00,actARSHB3,2/2発目,1,Combatives_Common_actARSHB3M2_2F,
0190_00,actARSHB4,1/2発目,0,Combatives_Common_actARSHB4M2_1,
0190_00,actARSHB4,None,0,,
0190_00,actARSHB4,2/2発目,1,Combatives_Common_actARSHB4M2_2F,
0190_00,actARSHB5,1/2発目,0,Combatives_Common_actARSHB5M2_1,
0190_00,actARSHB5,None,0,,
0190_00,actARSHB5,2/2発目,1,Combatives_Common_actARSHB5M2_2F,
0190_00,actBSRB2,1/2発目,0,Combatives_Common_actBSRB2M2_1,
0190_00,actBSRB2,None,0,,
0190_00,actBSRB2,2/2発目,1,Combatives_Common_actBSRB2M2_2F,
0190_00,actBSRB3,1/2発目,0,Combatives_Common_actBSRB3M2_1,
0190_00,actBSRB3,None,0,,
0190_00,actBSRB3,2/2発目,1,Combatives_Common_actBSRB3M2_2F,
0190_00,actBSRB4,1/2発目,0,Combatives_Common_actBSRB4M2_1,
0190_00,actBSRB4,None,0,,
0190_00,actBSRB4,2/2発目,1,Combatives_Common_actBSRB4M2_2F,
0190_00,actDDS,None,0,Combatives_Common_actDDS_weak,
0190_00,actDTW1P,None,0,Combatives_Common_actDTW1P,
0190_00,actDTWFT,None,0,Combatives_0190_00_actDTWFT,
0190_00,actEXA1,None,0,Combatives_0190_00_actEXA1,
0190_00,actRSHA3M,None,0,Combatives_Common_actRSHA3M,
0190_00,actRSHB2,1/2発目,0,Combatives_Common_actRSHB2M2_1,
0190_00,actRSHB2,None,0,,
0190_00,actRSHB2,2/2発目,1,Combatives_Common_actRSHB2M2_2F_sl,
0190_00,actRSHB3,1/2発目,0,Combatives_Common_actRSHB3M2_1,
0190_00,actRSHB3,None,0,,
0190_00,actRSHB3,2/2発目,1,Combatives_Common_actRSHB3M2_2F_sl,
0190_00,actRSHB4,1/2発目,0,Combatives_Common_actRSHB4M2_1,
0190_00,actRSHB4,None,0,,
0190_00,actRSHB4,2/2発目,1,Combatives_Common_actRSHB4M2_2F,
0190_00,actRSHB5,1/2発目,0,Combatives_Common_actRSHB5M2_1,
0190_00,actRSHB5,2/2発目,1,Combatives_Common_actRSHB5M2_2F,
0190_00,actRSHSB2,1/2発目,0,Combatives_Common_actRSHSB2M2_1,
0190_00,actRSHSB2,None,0,,
0190_00,actRSHSB2,2/2発目,1,Combatives_Common_actRSHSB2M2_2F,
0190_00,actRSHSB3,1/2発目,0,Combatives_Common_actRSHSB3M2_1,
0190_00,actRSHSB3,None,0,,
0190_00,actRSHSB3,2/2発目,1,Combatives_Common_actRSHSB3M2_2F,
0190_00,actRSHSB4,1/2発目,0,Combatives_Common_actRSHSB4M2_1,
0190_00,actRSHSB4,None,0,,
0190_00,actRSHSB4,2/2発目,1,Combatives_Common_actRSHSB4M2_2F,
0190_00,actRVCOM,None,0,Combatives_Common_actDDS_weak,
0190_00,actSPC,2/2発目,1,Combatives_Common_actSPC_NoHIT,
0190_00,actSPM1SM,None,0,Combatives_Common_actDDS_weak,
0190_00,actSPM2HI,None,0,Combatives_0190_00_actSPM2_ADMHI,
0190_00,actSPM2SM,None,0,Combatives_Common_actDDS_weak,
0190_00,actSPM3SM,None,0,Combatives_Common_actDDS_weak,
0190_00,actTRWFT,None,0,Combatives_0190_00_actTRWFT,
0190_00,actTRWR,None,0,Combatives_0190_00_actTRWR,
0190_00,actULTHD1P,None,0,Combatives_Common_actULTHD1P_High4,
0190_00,actULTHI,None,0,Combatives_0190_00_actULTHI,
0190_00,actULTSM,None,0,Combatives_Common_actDDS_weak,
0210_00,actARSHB1,None,0,Combatives_Common_actARSHB1,CombativesSubParam_0210_00_actARSHB1
0210_00,actARSHB2,None,0,Combatives_Common_actARSHB2,CombativesSubParam_0210_00_actARSHB2
0210_00,actARSHB3,None,0,Combatives_Common_actARSHB3,CombativesSubParam_0210_00_actARSHB3
0210_00,actARSHB4,None,0,Combatives_Common_actARSHB4,CombativesSubParam_0210_00_actARSHB4
0210_00,actARSHB5,None,0,Combatives_Common_actARSHB5,CombativesSubParam_0210_00_actARSHB5
0210_00,actBSRB1,None,0,Combatives_Common_actBSRB1,CombativesSubParam_0210_00_actBSRB1
0210_00,actBSRB2,None,0,Combatives_Common_actBSRB2,CombativesSubParam_0210_00_actBSRB2
0210_00,actBSRB3,None,0,Combatives_Common_actBSRB3,CombativesSubParam_0210_00_actBSRB3
0210_00,actBSRB4,None,0,Combatives_Common_actBSRB4,CombativesSubParam_0210_00_actBSRB4
0210_00,actDDS,None,0,Combatives_Common_actDDS_weak,
0210_00,actDTWFT,None,0,Combatives_0210_00_actDTWFT,
0210_00,actEXA1,None,0,Combatives_0210_00_actEXA1,
0210_00,actHC3,None,0,Combatives_Common_actHC3,CombativesSubParam_0210_00_actHC3
0210_00,actRSHA4,None,0,Combatives_Common_actRSHA4_sl,
0210_00,actRSHB1,None,0,Combatives_Common_actRSHB1,CombativesSubParam_0210_00_actRSHB1
0210_00,actRSHB2,None,0,Combatives_Common_actRSHB2,CombativesSubParam_0210_00_actRSHB2
0210_00,actRSHB3,None,0,Combatives_Common_actRSHB3,CombativesSubParam_0210_00_actRSHB3
0210_00,actRSHB4,None,0,Combatives_Common_actRSHB4,CombativesSubParam_0210_00_actRSHB4
0210_00,actRSHB5,None,0,Combatives_Common_actRSHB5,CombativesSubParam_0210_00_actRSHB5
0210_00,actRSHSB1,None,0,Combatives_Common_actRSHSB1,CombativesSubParam_0210_00_actRSHSB1
0210_00,actRSHSB2,None,0,Combatives_Common_actRSHSB2,CombativesSubParam_0210_00_actRSHSB2
0210_00,actRSHSB3,None,0,Combatives_Common_actRSHSB3,CombativesSubParam_0210_00_actRSHSB3
0210_00,actRSHSB4,None,0,Combatives_Common_actRSHSB4,CombativesSubParam_0210_00_actRSHSB4
0210_00,actRVCOM,None,0,Combatives_Common_actDDS_weak,
0210_00,actSINtGSPM1,None,0,Combatives_Common_actSINtG_Unblock,
0210_00,actSINtGSPM2,None,0,Combatives_Common_actSINtG,
0210_00,actSPC,2/2発目,1,Combatives_Common_actSPC_NoHIT,
0210_00,actSPM1SI,None,0,Combatives_0210_00_actSPM1SI,
0210_00,actSPM2HI,None,0,Combatives_0210_00_actSPM2_ADMHI,
0210_00,actSPM2SM,None,0,Combatives_Common_actDDS_weak,
0210_00,actSPM3SM,None,0,Combatives_Common_actDDS_weak,
0210_00,actSSW1PFN,None,0,Combatives_Common_actSSW1PFN,CombativesSubParam_0210_00_actSSW1PFN
0210_00,actTRWFT,None,0,Combatives_0210_00_actTRWFT,
0210_00,actTRWR,None,0,Combatives_0210_00_actTRWR,
0210_00,actULTHI,None,0,Combatives_0210_00_actULTHI,
0210_00,actULTSM,None,0,Combatives_Common_actDDS_weak,
0220_00,actARSHA3,1/3発目,0,Combatives_Common_actARSHB3M3_1,
0220_00,actARSHA3,2/3発目,1,Combatives_Common_actARSHB3M3_2,
0220_00,actARSHA3,3/3発目,2,Combatives_Common_actARSHB3M3_3F,
0220_00,actBSRA3,1/3発目,0,Combatives_Common_actBSRB3M3_1,
0220_00,actBSRA3,2/3発目,1,Combatives_Common_actBSRB3M3_2,
0220_00,actBSRA3,3/3発目,2,Combatives_Common_actBSRB3M3_3F,
0220_00,actDTW1P,None,0,Combatives_Common_actDTW1P,
0220_00,actDTWFT,None,0,Combatives_0220_00_actDTWFT,
0220_00,actRSHA3,1/3発目,0,Combatives_Common_actRSHB3M3_1,
0220_00,actRSHA3,2/3発目,1,Combatives_Common_actRSHB3M3_2,
0220_00,actRSHA3,3/3発目,2,Combatives_Common_actRSHB3M3_3F,
0220_00,actRSHSA3,1/3発目,0,Combatives_Common_actRSHSB3M3_1,
0220_00,actRSHSA3,2/3発目,1,Combatives_Common_actRSHSB3M3_2,
0220_00,actRSHSA3,3/3発目,2,Combatives_Common_actRSHSB3M3_3F,
0220_00,actSINtGSPM1,None,0,Combatives_Common_actSINtG_Unblock,
0220_00,actSINtGSPM2,None,0,Combatives_Common_actSINtG,
0220_00,actSPM1SI,None,0,Combatives_0220_00_actSPM1SI,
0220_00,actSPM1SM,None,0,Combatives_0220_00_actSPM1SM,
0220_00,actSPM2HI,None,0,Combatives_0220_00_actSPM2_ADMHI,
0220_00,actTRWFT,None,0,Combatives_0220_00_actTRWFT,
0220_00,actTRWR,None,0,Combatives_0220_00_actTRWR,
0220_00,actULTHI,None,0,Combatives_0220_00_actULTHI,
0220_00,actULTSI,None,0,,
0230_00,actARSHA3,1/2発目,0,Combatives_Common_actARSHA3M2_1,
0230_00,actARSHA3,None,0,,
0230_00,actARSHA3,2/2発目,1,Combatives_Common_actARSHA3M2_2F,
0230_00,actARSHB4,1/4発目,0,Combatives_Common_actARSHB4M4_1-3,
0230_00,actARSHB4,None,0,,
0230_00,actARSHB4,2/4発目,1,Combatives_Common_actARSHB4M4_1-3,
0230_00,actARSHB4,3/4発目,2,Combatives_Common_actARSHB4M4_1-3,
0230_00,actARSHB4,4/4発目,3,Combatives_Common_actARSHB4M4_4F,
0230_00,actBSRA3,1/2発目,0,Combatives_Common_actBSRA3M2_1,
0230_00,actBSRA3,None,0,,
0230_00,actBSRA3,2/2発目,1,Combatives_Common_actBSRA3M2_2F,
0230_00,actBSRB4,1/4発目,0,Combatives_Common_actBSRB4M4_1-3,
0230_00,actBSRB4,None,0,,
0230_00,actBSRB4,2/4発目,1,Combatives_Common_actBSRB4M4_1-3,
0230_00,actBSRB4,3/4発目,2,Combatives_Common_actBSRB4M4_1-3,
0230_00,actBSRB4,4/4発目,3,Combatives_Common_actBSRB4M4_4F,
0230_00,actDDS,None,0,Combatives_Common_actDDS_weak,
0230_00,actDTW1P,None,0,Combatives_Common_actDTW1P,
0230_00,actDTWFT,None,0,Combatives_0230_00_actDTWFT,
0230_00,actRSHA3,1/2発目,0,Combatives_Common_actRSHA3M2_1,
0230_00,actRSHA3,None,0,,
0230_00,actRSHA3,2/2発目,1,Combatives_Common_actRSHA3M2_2F,
0230_00,actRSHB4,1/4発目,0,Combatives_Common_actRSHB4M4_1-3,
0230_00,actRSHB4,None,0,,
0230_00,actRSHB4,2/4発目,1,Combatives_Common_actRSHB4M4_1-3,
0230_00,actRSHB4,3/4発目,2,Combatives_Common_actRSHB4M4_1-3,
0230_00,actRSHB4,4/4発目,3,Combatives_Common_actRSHB4M4_4F,
0230_00,actRSHSA3,1/2発目,0,Combatives_Common_actRSHSA2M2_1,
0230_00,actRSHSA3,None,0,,
0230_00,actRSHSA3,2/2発目,1,Combatives_Common_actRSHSA2M2_2F,
0230_00,actRSHSB4,1/4発目,0,Combatives_Common_actRSHSB4M4_1-3,
0230_00,actRSHSB4,None,0,,
0230_00,actRSHSB4,2/4発目,1,Combatives_Common_actRSHSB4M4_1-3,
0230_00,actRSHSB4,3/4発目,2,Combatives_Common_actRSHSB4M4_1-3,
0230_00,actRSHSB4,4/4発目,3,Combatives_Common_actRSHSB4M4_4F,
0230_00,actRVCOM,None,0,Combatives_Common_actDDS_weak,
0230_00,actSPC,2/2発目,1,Combatives_Common_actSPC_NoHIT,
0230_00,actSPM1SM,None,0,Combatives_Common_actDDS_weak,
0230_00,actSPM2HI,None,0,Combatives_0230_00_actSPM2_ADMHI,
0230_00,actSPM2SM,None,0,Combatives_Common_actDDS_weak,
0230_00,actSPM3SM,None,0,Combatives_Common_actDDS_weak,
0230_00,actTRWFT,None,0,Combatives_0230_00_actTRWFT,
0230_00,actTRWR,None,0,Combatives_0230_00_actTRWR,
0230_00,actULTHI,None,0,Combatives_0230_00_actULT_SDMHI,
0230_00,actULTSM,None,0,Combatives_Common_actDDS_weak,
0240_00,actDDS,None,0,Combatives_Common_actDDS_weak,
0240_00,actDTW1P,None,0,Combatives_Common_actDTW1P,
0240_00,actDTWFT,None,0,Combatives_0240_00_actDTWFT,
0240_00,actRVCOM,None,0,Combatives_Common_actDDS_weak,
0240_00,actSPC,2/2発目,1,Combatives_Common_actSPC_NoHIT,
0240_00,actSPM1SM,None,0,Combatives_Common_actDDS_weak,
0240_00,actSPM2HI,None,0,Combatives_0240_00_actSPM2HI,
0240_00,actSPM2SM,None,0,Combatives_Common_actDDS_weak,
0240_00,actSPM3SM,None,0,Combatives_Common_actDDS_weak,
0240_00,actTRWFT,None,0,Combatives_0240_00_actTRWFT,
0240_00,actTRWR,None,0,Combatives_0240_00_actTRWR,
0240_00,actULTHI,None,0,Combatives_0240_00_actULTHI,
0240_00,actULTSM,None,0,Combatives_Common_actDDS_weak,
0240_01,actDTWFT,None,0,Combatives_0240_01_actDTWFT,
0240_01,actSPM2HI,None,0,Combatives_0240_01_actSPM2HI,
0240_01,actTRWFT,None,0,Combatives_0240_01_actTRWFT,
0240_01,actTRWR,None,0,Combatives_0240_01_actTRWR,
0240_01,actULTHI,None,0,Combatives_0240_01_actULTHI,
0260_00,actARSHA2,1/2発目,0,Combatives_Common_actARSHA2M2_1,
0260_00,actARSHA2,None,0,,
0260_00,actARSHA2,2/2発目,1,Combatives_Common_actARSHA2M2_2F,
0260_00,actARSHA3,1/2発目,0,Combatives_Common_actARSHA3M2_1,
0260_00,actARSHA3,None,0,,
0260_00,actARSHA3,2/2発目,1,Combatives_Common_actARSHA3M2_2F,
0260_00,actBSRA2,1/2発目,0,Combatives_Common_actBSRA2M2_1,
0260_00,actBSRA2,None,0,,
0260_00,actBSRA2,2/2発目,1,Combatives_Common_actBSRA2M2_2F,
0260_00,actBSRA3,1/2発目,0,Combatives_Common_actBSRA3M2_1,
0260_00,actBSRA3,None,0,,
0260_00,actBSRA3,2/2発目,1,Combatives_Common_actBSRA3M2_2F,
0260_00,actDDS,None,0,Combatives_Common_actDDS_weak,
0260_00,actDTW1P,None,0,Combatives_Common_actDTW1P,
0260_00,actDTWFT,None,0,Combatives_0260_00_actDTWFT,
0260_00,actEXA1,None,0,Combatives_0260_00_actEXA1,
0260_00,actRSHA2,1/2発目,0,Combatives_Common_actRSHA2M2_1,
0260_00,actRSHA2,None,0,,
0260_00,actRSHA2,2/2発目,1,Combatives_Common_actRSHA2M2_2F,
0260_00,actRSHA3,1/2発目,0,Combatives_Common_actRSHA3M2_1,
0260_00,actRSHA3,None,0,,
0260_00,actRSHA3,2/2発目,1,Combatives_Common_actRSHA3M2_2F,
0260_00,actRSHSA2,1/2発目,0,Combatives_Common_actRSHSA2M2_1,
0260_00,actRSHSA2,None,0,,
0260_00,actRSHSA2,2/2発目,1,Combatives_Common_actRSHSA2M2_2F,
0260_00,actRSHSA3,1/2発目,0,Combatives_Common_actRSHSA3M2_1,
0260_00,actRSHSA3,None,0,,
0260_00,actRSHSA3,2/2発目,1,Combatives_Common_actRSHSA3M2_2F,
0260_00,actRVCOM,None,0,Combatives_Common_actDDS_weak,
0260_00,actSPC,2/2発目,1,Combatives_Common_actSPC_NoHIT,
0260_00,actSPM1SM,None,0,Combatives_Common_actDDS_weak,
0260_00,actSPM2HI,None,0,Combatives_0260_00_actSPM2_ADMHI,
0260_00,actSPM2SM,None,0,Combatives_Common_actDDS_weak,
0260_00,actSPM3SM,None,0,Combatives_Common_actDDS_weak,
0260_00,actTRWFT,None,0,Combatives_0260_00_actTRWFT,
0260_00,actTRWR,None,0,Combatives_0260_00_actTRWR,
0260_00,actULTHI,None,0,Combatives_0260_00_actULTHI,
0260_00,actULTSM,None,0,Combatives_Common_actDDS_weak,
0270_00,actDDS,None,0,Combatives_Common_actDDS_weak,
0270_00,actDTW1P,None,0,Combatives_Common_actDTW1P,
0270_00,actDTWFT,None,0,Combatives_0270_00_actDTWFT,
0270_00,actEXA1,None,0,Combatives_0270_00_actEXA1,
0270_00,actRVCOM,None,0,Combatives_Common_actDDS_weak,
0270_00,actSINtG,None,0,Combatives_Common_actSINtG_Unblock,
0270_00,actSINtGSPM1,None,0,Combatives_Common_actSINtG,
0270_00,actSPC,2/2発目,1,Combatives_Common_actSPC_NoHIT,
0270_00,actSPM1HI,None,0,Combatives_0270_00_actSPM1_ADMHI,
0270_00,actSPM1SI,None,0,Combatives_Common_actSPMSI_Attack,
0270_00,actSPM1SM,None,0,Combatives_Common_actDDS_weak,
0270_00,actSPM2SI,None,0,Combatives_0270_00_actSPM2SI,
0270_00,actSPM3SM,None,0,Combatives_Common_actDDS_weak,
0270_00,actTRWFT,None,0,Combatives_0270_00_actTRWFT,
0270_00,actTRWR,None,0,Combatives_0270_00_actTRWR,
0270_00,actULTHI,None,0,Combatives_0270_00_actULTHI,
0270_00,actULTSM,None,0,Combatives_Common_actDDS_weak,
0280_00,actDDS,None,0,Combatives_Common_actDDS_weak,
0280_00,actDTWFT,None,0,Combatives_0280_00_actDTWFT,
0280_00,actEXA1,None,0,Combatives_0280_00_actEXA1,
0280_00,actRSHA1,None,0,Combatives_Common_actRSHA1_sl,
0280_00,actRSHA2,None,0,Combatives_Common_actRSHA2_sl,
0280_00,actRSHA3,None,0,Combatives_Common_actRSHA3_sl,
0280_00,actRSHA4,None,0,Combatives_Common_actRSHA4_sl,
0280_00,actRSHB1,None,0,Combatives_Common_actRSHB1_sl,
0280_00,actRSHB2,None,0,Combatives_Common_actRSHB2_sl,
0280_00,actRSHB3,None,0,Combatives_Common_actRSHB3_sl,
0280_00,actRSHB4,None,0,Combatives_Common_actRSHB4_sl,
0280_00,actRVCOM,None,0,Combatives_Common_actDDS_weak,
0280_00,actSINtG,None,0,Combatives_Common_actSINtG_Unblock,
0280_00,actSPC,2/2発目,1,Combatives_Common_actSPC_NoHIT,
0280_00,actSPM1SI,None,0,Combatives_0280_00_actSPM1SI,
0280_00,actSPM2SI,None,0,,
0280_00,actSPM2SM,None,0,Combatives_Common_actDDS_weak,
0280_00,actSPM3SM,None,0,Combatives_Common_actDDS_weak,
0280_00,actTRWFT,None,0,Combatives_0280_00_actTRWFT,
0280_00,actTRWR,None,0,Combatives_0280_00_actTRWR,
0280_00,actULTHI,None,0,Combatives_0280_00_actULTHI,
0301_00,actARSHB2,1/2発目,0,Combatives_Common_actARSHB2M2_1,
0301_00,actARSHB2,None,0,,
0301_00,actARSHB2,2/2発目,1,Combatives_Common_actARSHB2M2_2F,
0301_00,actARSHB4,1/2発目,0,Combatives_Common_actARSHB2M2_1,
0301_00,actARSHB4,None,0,,
0301_00,actARSHB4,2/2発目,1,Combatives_Common_actARSHB2M2_2F,
0301_00,actBSRB2,1/2発目,0,Combatives_Common_actBSRB2M2_1,
0301_00,actBSRB2,None,0,,
0301_00,actBSRB2,2/2発目,1,Combatives_Common_actBSRB2M2_2F,
0301_00,actBSRB4,1/2発目,0,Combatives_Common_actBSRB4M2_1,
0301_00,actBSRB4,None,0,,
0301_00,actBSRB4,2/2発目,1,Combatives_Common_actBSRB4M2_2F,
0301_00,actDDS,None,0,Combatives_Common_actDDS_weak,
0301_00,actDTW1P,None,0,Combatives_Common_actDTW1P,
0301_00,actDTWFT,None,0,Combatives_0301_00_actDTWFT,
0301_00,actEXA1,None,0,Combatives_0301_00_actEXA1,
0301_00,actRSHB2,1/2発目,0,Combatives_Common_actRSHB2M2_1,
0301_00,actRSHB2,None,0,,
0301_00,actRSHB2,2/2発目,1,Combatives_Common_actRSHB2M2_2F,
0301_00,actRSHB4,1/2発目,0,Combatives_Common_actRSHB4M2_1,
0301_00,actRSHB4,None,0,,
0301_00,actRSHB4,2/2発目,1,Combatives_Common_actRSHB4M2_2F,
0301_00,actRSHSB2,1/2発目,0,Combatives_Common_actRSHSB2M2_1,
0301_00,actRSHSB2,None,0,,
0301_00,actRSHSB2,2/2発目,1,Combatives_Common_actRSHSB2M2_2F,
0301_00,actRSHSB4,1/2発目,0,Combatives_Common_actRSHSB4M2_1,
0301_00,actRSHSB4,None,0,,
0301_00,actRSHSB4,2/2発目,1,Combatives_Common_actRSHSB4M2_2F,
0301_00,actRVCOM,None,0,Combatives_Common_actDDS_weak,
0301_00,actSPC,2/2発目,1,Combatives_Common_actSPC_NoHIT,
0301_00,actSPM1SM,None,0,Combatives_Common_actDDS_weak,
0301_00,actSPM2HI,None,0,Combatives_0301_00_actSPM2HI,
0301_00,actSPM2SM,None,0,Combatives_Common_actDDS_weak,
0301_00,actSPM3SM,None,0,Combatives_Common_actDDS_weak,
0301_00,actTRWFT,None,0,Combatives_0301_00_actTRWFT,
0301_00,actTRWR,None,0,Combatives_0301_00_actTRWR,
0301_00,actULTHI,None,0,Combatives_0301_00_actULTHI,
0301_00,actULTSM,None,0,Combatives_Common_actDDS_weak,
0310_00,actDTW1P,None,0,Combatives_Common_actDTW1P,
0310_00,actDTWFT,None,0,Combatives_0310_00_actDTWFT,
0310_00,actSPM2HI,None,0,Combatives_0310_00_actSPM2HI,
0310_00,actTRWFT,None,0,Combatives_0310_00_actTRWFT,
0310_00,actTRWR,None,0,Combatives_0310_00_actTRWR,
0310_00,actULTHI,None,0,Combatives_0310_00_actULTHI,
0310_01,actDTW1P,None,0,Combatives_Common_actDTW1P,
0310_01,actDTWFT,None,0,Combatives_0310_01_actDTWFT,
0310_01,actSPM2HI,None,0,Combatives_0310_01_actSPM2HI,
0310_01,actTRWFT,None,0,Combatives_0310_01_actTRWFT,
0310_01,actTRWR,None,0,Combatives_0310_01_actTRWR,
0310_01,actULTHI,None,0,Combatives_0310_01_actULTHI,
0320_00,actDTWFT,None,0,Combatives_0320_00_actDTWFT,
0320_00,actEXA1,None,0,Combatives_0320_00_actEXA1,
0320_00,actEXA2,None,0,Combatives_Common_actEXA_SPC_BOM,
0320_00,actSPM2HI,None,0,Combatives_0320_00_actSPM2HI,
0320_00,actTRWFT,None,0,Combatives_0320_00_actTRWFT,
0320_00,actTRWR,None,0,Combatives_0320_00_actTRWR,
0320_00,actULTHI,None,0,Combatives_0320_00_actULTHI,
0320_00,actULTSI,None,0,,
0330_00,actDDS,None,0,Combatives_Common_actDDS_weak,
0330_00,actDTW1P,None,0,Combatives_Common_actDTW1P,
0330_00,actDTWFT,None,0,Combatives_0330_00_actDTWFT,
0330_00,actEXA1,None,0,Combatives_0330_00_actEXA1,
0330_00,actRVCOM,None,0,Combatives_Common_actDDS_weak,
0330_00,actSINtGUB,None,0,Combatives_Common_actSINtGUB_High2,
0330_00,actSPC,2/2発目,1,Combatives_Common_actSPC_NoHIT,
0330_00,actSPM1SM,None,0,Combatives_Common_actDDS_weak,
0330_00,actSPM2HI,None,0,Combatives_0330_00_actSPM2_ADMHI,
0330_00,actSPM2SM,None,0,Combatives_Common_actDDS_weak,
0330_00,actSPM3SM,None,0,Combatives_Common_actDDS_weak,
0330_00,actTRWFT,None,0,Combatives_0330_00_actTRWFT,
0330_00,actTRWR,None,0,Combatives_0330_00_actTRWR,
0330_00,actULTHD1P,None,0,Combatives_Common_actULTHD1P_High2,
0330_00,actULTHI,None,0,Combatives_0330_00_actULTHI,
0330_00,actULTHIfn,None,0,Combatives_0330_00_actULTHI,
0330_00,actULTSM,None,0,Combatives_Common_actDDS_weak,
0340_00,actDTWFT,None,0,Combatives_0340_00_actDTWFT,
0340_00,actEXA1,None,0,Combatives_0340_00_actEXA1,
0340_00,actSPM2SI,None,0,,
0340_00,actTRWFT,None,0,Combatives_0340_00_actTRWFT,
0340_00,actTRWR,None,0,Combatives_0340_00_actTRWR,
0340_00,actULTHD1P,None,0,Combatives_Common_actULTHD1P_High2,
0340_00,actULTHI,None,0,Combatives_0340_00_actULT_SRPHI,
0340_00,actULTSI,None,0,,
0350_00,actDTWFT,None,0,Combatives_0350_00_actDTWFT,
0350_00,actEXA1,None,0,Combatives_0350_00_actEXA1,
0350_00,actEXA2,None,0,Combatives_Common_actEXA_SPC_BOM,
0350_00,actSPM2HD1P,None,0,Combatives_0350_00_actSPM2HD1P,
0350_00,actSPM2HI,None,0,Combatives_0350_00_actSPM2HI,
0350_00,actTRWFT,None,0,Combatives_0350_00_actTRWFT,
0350_00,actTRWR,None,0,Combatives_0350_00_actTRWR,
0350_00,actULTHD1P,None,0,Combatives_0350_00_actULTHD1P,
0350_00,actULTHI,None,0,Combatives_0350_00_actULTHI,
0350_00,actULTSI,None,0,,
0351_00,actARSHB4,1/2発目,0,Combatives_Common_actARSHB4M2_1,
0351_00,actARSHB4,None,0,,
0351_00,actARSHB4,2/2発目,1,Combatives_Common_actARSHB4M2_2F,
0351_00,actBSRB4,1/2発目,0,Combatives_Common_actBSRB4M2_1,
0351_00,actBSRB4,None,0,,
0351_00,actBSRB4,2/2発目,1,Combatives_Common_actBSRB4M2_2F,
0351_00,actDTWFT,None,0,Combatives_0351_00_actDTWFT,
0351_00,actEXA1,None,0,Combatives_0351_00_actEXA1,
0351_00,actRSHB4,1/2発目,0,Combatives_Common_actRSHB4M2_1,
0351_00,actRSHB4,None,0,,
0351_00,actRSHB4,2/2発目,1,Combatives_Common_actRSHB4M2_2F,
0351_00,actRSHSB4,1/2発目,0,Combatives_Common_actRSHSB4M2_1,
0351_00,actRSHSB4,None,0,,
0351_00,actRSHSB4,2/2発目,1,Combatives_Common_actRSHSB4M2_2F,
0351_00,actSINtGUB,None,0,Combatives_Common_actSINtGUB_High3,
0351_00,actSPM2HI,None,0,Combatives_0351_00_actSPM2_ADMHI,
0351_00,actTRWFT,None,0,Combatives_0351_00_actTRWFT,
0351_00,actTRWR,None,0,Combatives_0351_00_actTRWR,
0351_00,actULTHD1P,None,0,Combatives_Common_actULTHD1P_High3,
0351_00,actULTHI,None,0,Combatives_0351_00_actULTHI,
0351_00,actULTSI,None,0,Combatives_Common_actULTSI_Throw,
0360_00,actDTWFT,None,0,Combatives_0360_00_actDTWFT,
0360_00,actEXA1,None,0,Combatives_0360_00_actEXA1,
0360_00,actRSHA4,None,0,Combatives_Common_actRSHA4_sl,
0360_00,actSINtGSPM2,None,0,Combatives_Common_actSINtG_Unblock,
0360_00,actSPM2SI,None,0,Combatives_0360_00_actSPM2SI,
0360_00,actTRWFT,None,0,Combatives_0360_00_actTRWFT,
0360_00,actTRWR,None,0,Combatives_0360_00_actTRWR,
0360_00,actULTHD1P,None,0,Combatives_Common_actULTHD1P_High2,
0360_00,actULTHI,None,0,Combatives_0360_00_actULTHI,
0360_00,actULTSI,None,0,,
0370_00,actDTWFT,None,0,Combatives_0370_00_actDTWFT,
0370_00,actEXA1,None,0,Combatives_0370_00_actEXA1,
0370_00,actSPM2HI,None,0,Combatives_0370_00_actSPM2_ADMHI,
0370_00,actTRWFT,None,0,Combatives_0370_00_actTRWFT,
0370_00,actTRWR,None,0,Combatives_0370_00_actTRWR,
0370_00,actULTHI,None,0,Combatives_0370_00_actULTHI,
0380_00,actDTWFT,None,0,Combatives_0380_00_actDTWFT,
0380_00,actEXA1,None,0,Combatives_Common_actEXA_SPC_BOM_Back,
0380_00,actSPM2HI,None,0,Combatives_0380_00_actSPM2_ADMHI,
0380_00,actTRWFT,None,0,Combatives_0380_00_actTRWFT,
0380_00,actTRWR,None,0,Combatives_0380_00_actTRWR,
0380_00,actULTHD1P,None,0,Combatives_0380_00_actULTHD1P,
0380_00,actULTHI,None,0,Combatives_0380_00_actULTHI,
0390_00,actDTWFT,None,0,Combatives_0390_00_actDTWFT,
0390_00,actEXA1,None,0,Combatives_0390_00_actEXA1,
0390_00,actEXA2,None,0,Combatives_Common_actEXA_SPC_BOM_Back,
0390_00,actSPM2HI,None,0,Combatives_0390_00_actSPM2_ADMHI,
0390_00,actTRWFT,None,0,Combatives_0390_00_actTRWFT,
0390_00,actTRWLPFT,None,0,Combatives_Common_actLTAFT,
0390_00,actTRWR,None,0,Combatives_0390_00_actTRWR,
0390_00,actULTHI,None,0,Combatives_0390_00_actULTHI,
0390_00,actULTSI,None,0,,
0400_00,actARSHA1,1/2発目,0,Combatives_Common_actARSHA1M2_1,
0400_00,actARSHA1,None,0,,
0400_00,actARSHA1,2/2発目,1,Combatives_Common_actARSHA1M2_2F,
0400_00,actARSHA2,1/2発目,0,Combatives_Common_actARSHA2M2_1,
0400_00,actARSHA2,None,0,,
0400_00,actARSHA2,2/2発目,1,Combatives_Common_actARSHA2M2_2F,
0400_00,actARSHA3,1/2発目,0,Combatives_Common_actARSHA3M2_1,
0400_00,actARSHA3,None,0,,
0400_00,actARSHA3,2/2発目,1,Combatives_Common_actARSHA3M2_2F,
0400_00,actARSHA4,1/3発目,0,Combatives_Common_actARSHA4M3_1,
0400_00,actARSHA4,None,0,,
0400_00,actARSHA4,2/3発目,1,Combatives_Common_actARSHA4M3_2,
0400_00,actARSHA4,3/3発目,2,Combatives_Common_actARSHA4M3_3F,
0400_00,actARSHB1,1/3発目,0,Combatives_Common_actARSHA1M3_1,
0400_00,actARSHB1,None,0,,
0400_00,actARSHB1,2/3発目,1,Combatives_Common_actARSHA1M3_2,
0400_00,actARSHB1,3/3発目,2,Combatives_Common_actARSHA1M3_3F,
0400_00,actARSHB2,1/3発目,0,Combatives_Common_actARSHA2M3_1,
0400_00,actARSHB2,None,0,,
0400_00,actARSHB2,2/3発目,1,Combatives_Common_actARSHA2M3_2,
0400_00,actARSHB2,3/3発目,2,Combatives_Common_actARSHA2M3_3F,
0400_00,actARSHB3,1/2発目,0,Combatives_Common_actARSHB3M2_1,
0400_00,actARSHB3,None,0,,
0400_00,actARSHB3,2/2発目,1,Combatives_Common_actARSHB3M2_2F,
0400_00,actARSHB4,1/2発目,0,Combatives_Common_actARSHB4M2_1,
0400_00,actARSHB4,None,0,,
0400_00,actARSHB4,2/2発目,1,Combatives_Common_actARSHB4M2_2F,
0400_00,actBSRA1,1/2発目,0,Combatives_Common_actBSRA1M2_1,
0400_00,actBSRA1,None,0,,
0400_00,actBSRA1,2/2発目,1,Combatives_Common_actBSRA1M2_2F,
0400_00,actBSRA2,1/2発目,0,Combatives_Common_actBSRA2M2_1,
0400_00,actBSRA2,None,0,,
0400_00,actBSRA2,2/2発目,1,Combatives_Common_actBSRA2M2_2F,
0400_00,actBSRA3,1/2発目,0,Combatives_Common_actBSRA3M2_1,
0400_00,actBSRA3,None,0,,
0400_00,actBSRA3,2/2発目,1,Combatives_Common_actBSRA3M2_2F,
0400_00,actBSRA4,1/3発目,0,Combatives_Common_actBSRA4M3_1,
0400_00,actBSRA4,None,0,,
0400_00,actBSRA4,2/3発目,1,Combatives_Common_actBSRA4M3_2,
0400_00,actBSRA4,3/3発目,2,Combatives_Common_actBSRA4M3_3F,
0400_00,actBSRB1,1/3発目,0,Combatives_Common_actBSRA1M3_1,
0400_00,actBSRB1,None,0,,
0400_00,actBSRB1,2/3発目,1,Combatives_Common_actBSRA1M3_2,
0400_00,actBSRB1,3/3発目,2,Combatives_Common_actBSRA1M3_3F,
0400_00,actBSRB2,1/3発目,0,Combatives_Common_actBSRA2M3_1,
0400_00,actBSRB2,None,0,,
0400_00,actBSRB2,2/3発目,1,Combatives_Common_actBSRA2M3_2,
0400_00,actBSRB2,3/3発目,2,Combatives_Common_actBSRA2M3_3F,
0400_00,actBSRB3,1/2発目,0,Combatives_Common_actBSRB3M2_1,
0400_00,actBSRB3,None,0,,
0400_00,actBSRB3,2/2発目,1,Combatives_Common_actBSRB3M2_2F,
0400_00,actBSRB4,1/2発目,0,Combatives_Common_actBSRB4M2_1,
0400_00,actBSRB4,None,0,,
0400_00,actBSRB4,2/2発目,1,Combatives_Common_actBSRB4M2_2F,
0400_00,actDTWFT,None,0,Combatives_0400_00_actDTWFT,
0400_00,actEXA1,None,0,Combatives_0400_00_actEXA1,
0400_00,actEXA2,None,0,Combatives_Common_actEXA_SPC_BOM_Back,
0400_00,actFLK,1/2発目,0,Combatives_0400_00_actFLK_1,
0400_00,actFLK,2/2発目,1,Combatives_0400_00_actFLK_2-4,
0400_00,actGSF,1/2発目,0,Combatives_0400_00_actGSFP_2-6,
0400_00,actGSF,None,0,,
0400_00,actGSF,2/2発目,1,Combatives_0400_00_actGSFP_2-6,
0400_00,actGSF,1/3発目,2,Combatives_0400_00_actGSFP_1S,
0400_00,actGSF,3/3発目,3,Combatives_0400_00_actGSFP_4F,
0400_00,actGSN,1/2発目,0,Combatives_0400_00_actGSN_2-6,
0400_00,actGSN,None,0,,
0400_00,actGSN,2/2発目,1,Combatives_0400_00_actGSN_2-6,
0400_00,actGSN,1/3発目,2,Combatives_0400_00_actGSN_1S,
0400_00,actGSN,3/3発目,3,Combatives_0400_00_actGSN_1,
0400_00,actGSP,1/2発目,0,Combatives_0400_00_actGSFP_2-6,
0400_00,actGSP,None,0,,
0400_00,actGSP,2/2発目,1,Combatives_0400_00_actGSFP_2-6,
0400_00,actGSP,1/3発目,2,Combatives_0400_00_actGSFP_1S,
0400_00,actGSP,3/3発目,3,Combatives_0400_00_actGSP_1,
0400_00,actRSHA1,1/2発目,0,Combatives_Common_actRSHA1M2_1,
0400_00,actRSHA1,None,0,,
0400_00,actRSHA1,2/2発目,1,Combatives_Common_actRSHA1M2_2F,
0400_00,actRSHA2,1/2発目,0,Combatives_Common_actRSHA2M2_1,
0400_00,actRSHA2,None,0,,
0400_00,actRSHA2,2/2発目,1,Combatives_Common_actRSHA2M2_2F,
0400_00,actRSHA3,1/2発目,0,Combatives_Common_actRSHA3M2_1,
0400_00,actRSHA3,None,0,,
0400_00,actRSHA3,2/2発目,1,Combatives_Common_actRSHA3M2_2F,
0400_00,actRSHA4,1/3発目,0,Combatives_Common_actRSHA4M3_1,
0400_00,actRSHA4,None,0,,
0400_00,actRSHA4,2/3発目,1,Combatives_Common_actRSHA4M3_2,
0400_00,actRSHA4,3/3発目,2,Combatives_Common_actRSHA4M3_3F,
0400_00,actRSHB1,1/3発目,0,Combatives_Common_actRSHA1M3_1,
0400_00,actRSHB1,None,0,,
0400_00,actRSHB1,2/3発目,1,Combatives_Common_actRSHA1M3_2,
0400_00,actRSHB1,3/3発目,2,Combatives_Common_actRSHA1M3_3F,
0400_00,actRSHB2,1/3発目,0,Combatives_Common_actRSHA2M3_1,
0400_00,actRSHB2,None,0,,
0400_00,actRSHB2,2/3発目,1,Combatives_Common_actRSHA2M3_2,
0400_00,actRSHB2,3/3発目,2,Combatives_Common_actRSHA2M3_3F,
0400_00,actRSHB3,1/2発目,0,Combatives_Common_actRSHB3M2_1,
0400_00,actRSHB3,None,0,,
0400_00,actRSHB3,2/2発目,1,Combatives_Common_actRSHB3M2_2F,
0400_00,actRSHB4,1/2発目,0,Combatives_Common_actRSHB4M2_1,
0400_00,actRSHB4,None,0,,
0400_00,actRSHB4,2/2発目,1,Combatives_Common_actRSHB4M2_1,
0400_00,actSPM2HI,None,0,Combatives_0400_00_actSPM2_ADMHI,
0400_00,actTRWFT,None,0,Combatives_0400_00_actTRWFT,
0400_00,actTRWR,None,0,Combatives_0400_00_actTRWR,
0400_00,actULTHI,None,0,Combatives_0400_00_actULTHI,
0410_00,actDTWFT,None,0,Combatives_0410_00_actDTWFT,
0410_00,actEXA1,None,0,Combatives_0410_00_actEXA1,
0410_00,actEXA2,None,0,Combatives_Common_actEXA_SPC_BOM_Back,
0410_00,actSPM2HI,None,0,Combatives_0410_00_actSPM2_ADMHI,
0410_00,actTRWFT,None,0,Combatives_0410_00_actTRWFT,
0410_00,actTRWR,None,0,Combatives_0410_00_actTRWR,
0410_00,actULTHI,None,0,Combatives_0410_00_actULTHI,
0420_00,actDDS,None,0,Combatives_Common_actDDS_weak,
0420_00,actDTW1P,None,0,Combatives_Common_actDTW1P,
0420_00,actDTWFT,None,0,Combatives_0420_00_actDTWFT,
0420_00,actEXA1,None,0,Combatives_0420_00_actEXA1,
0420_00,actEXA2,None,0,Combatives_Common_actEXA_SPC_BOM_Back,
0420_00,actRVCOM,None,0,Combatives_Common_actDDS_weak,
0420_00,actSPC,2/2発目,1,Combatives_Common_actSPC_NoHIT,
0420_00,actSPM1SM,None,0,Combatives_Common_actDDS_weak,
0420_00,actSPM2HI,None,0,Combatives_0420_00_actSPM2_ADMHI,
0420_00,actSPM2SM,None,0,Combatives_Common_actDDS_weak,
0420_00,actSPM3SM,None,0,Combatives_Common_actDDS_weak,
0420_00,actTRWFT,None,0,Combatives_0420_00_actTRWFT,
0420_00,actTRWR,None,0,Combatives_0420_00_actTRWR,
0420_00,actULTHI,None,0,Combatives_0420_00_actULTHI,
0420_00,actULTSM,None,0,Combatives_Common_actDDS_weak,
0430_00,actDTWFT,None,0,Combatives_0430_00_actDTWFT,
0430_00,actEXA1,None,0,Combatives_0430_00_actEXA1,
0430_00,actSPM2HI,None,0,Combatives_0430_00_actSPM2_ADMHI,
0430_00,actTRWFT,None,0,Combatives_0430_00_actTRWFT,
0430_00,actTRWR,None,0,Combatives_0430_00_actTRWR,
0430_00,actULTHI,None,0,Combatives_0430_00_actULTHI,
0440_00,actDTWFT,None,0,Combatives_0440_00_actDTWFT,
0440_00,actSINtG,None,0,Combatives_Common_actSINtG_Unblock_DEMO,
0440_00,actSPC,2/2発目,1,Combatives_Common_actSPC_NoHIT,
0440_00,actSPM2HI,None,0,Combatives_0440_00_actSPM2HI,
0440_00,actSPM2SI,None,0,Combatives_Common_actSPMSI_Throw,
0440_00,actTRWFT,None,0,Combatives_0440_00_actTRWFT,
0440_00,actTRWR,None,0,Combatives_0440_00_actTRWR,
0440_00,actULTHD1P,None,0,Combatives_Common_actULTHD1P_High4,
0440_00,actULTHI,None,0,Combatives_0440_00_actULTHI,
0440_00,actULTSI,None,0,Combatives_Common_actULTSI_Throw,
0450_00,actDTW1P,None,0,Combatives_Common_actDTW1P,
0450_00,actDTWFT,None,0,Combatives_0450_00_actDTWFT,
0450_00,actEXA1,None,0,Combatives_0450_00_actEXA1,
0450_00,actSPC,2/2発目,1,Combatives_Common_actSPC_NoHIT,
0450_00,actSPM2HI,None,0,Combatives_0450_00_actSPM2_ADMHI,
0450_00,actTRWFT,None,0,Combatives_0450_00_actTRWFT,
0450_00,actTRWR,None,0,Combatives_0450_00_actTRWR,
0450_00,actULT2HD1P,None,0,Combatives_Common_actULTHD1P,
0450_00,actULT2HI,None,0,Combatives_0450_00_01_actULT2HI,
0450_00,actULT2SI,None,0,Combatives_Common_actULTSI_Attack,
0450_00,actULTHI,None,0,Combatives_0450_00_actULTHI,
0450_10,actDTWFT,None,0,Combatives_0450_10_actDTWFT,
0450_10,actEXA1,None,0,Combatives_0450_10_actEXA1,
0450_10,actEXA2,None,0,Combatives_Common_actEXA_SPC_BOM,
0450_10,actSINtGUB,None,0,Combatives_Common_actSINtGUB_High2,
0450_10,actSPC,2/2発目,1,Combatives_Common_actSPC_NoHIT,
0450_10,actSPM2HI,None,0,Combatives_0450_10_actSPM2_ADMHI,
0450_10,actTRWFT,None,0,Combatives_0450_10_actTRWFT,
0450_10,actTRWR,None,0,Combatives_0450_10_actTRWR,
0450_10,actULTHD1P,None,0,Combatives_Common_actULTHD1P_High2,
0450_10,actULTHI,None,0,Combatives_0450_10_actULTHI,
0451_00,actARSHA3,1/3発目,0,Combatives_Common_actARSHA3M3_1,
0451_00,actARSHA3,None,0,,
0451_00,actARSHA3,2/3発目,1,Combatives_Common_actARSHA3M3_2,
0451_00,actARSHA3,3/3発目,2,Combatives_Common_actARSHA3M3_3F,
0451_00,actBSRA3,1/3発目,0,Combatives_Common_actBSRA3M3_1,
0451_00,actBSRA3,None,0,,
0451_00,actBSRA3,2/3発目,1,Combatives_Common_actBSRA3M3_2,
0451_00,actBSRA3,3/3発目,2,Combatives_Common_actBSRA3M3_3F,
0451_00,actDTWFT,None,0,Combatives_0451_00_actDTWFT,
0451_00,actEXA1,None,0,Combatives_0451_00_actEXA1,
0451_00,actRSHA3,1/3発目,0,Combatives_Common_actRSHA3M3_1,
0451_00,actRSHA3,None,0,,
0451_00,actRSHA3,2/3発目,1,Combatives_Common_actRSHA3M3_2,
0451_00,actRSHA3,3/3発目,2,Combatives_Common_actRSHA3M3_3F,
0451_00,actRSHSA3,1/3発目,0,Combatives_Common_actRSHSA3M3_1,
0451_00,actRSHSA3,None,0,,
0451_00,actRSHSA3,2/3発目,1,Combatives_Common_actRSHSA3M3_2,
0451_00,actRSHSA3,3/3発目,2,Combatives_Common_actRSHSA3M3_3F,
0451_00,actSPC,2/2発目,1,Combatives_Common_actSPC_NoHIT,
0451_00,actSPM2SI,None,0,,
0451_00,actTRWFT,None,0,Combatives_0451_00_actTRWFT,
0451_00,actTRWR,None,0,Combatives_0451_00_actTRWR,
0451_00,actULTHI,None,0,Combatives_0451_00_actULT_SRPHI,
0451_00,actULTSI,None,0,,
0460_00,actDTWFT,None,0,Combatives_0460_00_actDTWFT,
0460_00,actEXA1,None,0,Combatives_0460_00_actEXA1,
0460_00,actSPC,2/2発目,1,Combatives_Common_actSPC_NoHIT,
0460_00,actSPM2SI,None,0,,
0460_00,actTRWFT,None,0,Combatives_0460_00_actTRWFT,
0460_00,actTRWR,None,0,Combatives_0460_00_actTRWR,
0460_00,actULTHI,None,0,Combatives_0460_00_actULT_SRPHI,
0470_00,actDTWFT,None,0,Combatives_0470_00_actDTWFT,
0470_00,actSPC,2/2発目,1,Combatives_Common_actSPC_NoHIT,
0470_00,actSPM2HI,None,0,Combatives_0470_00_actSPM2HI,
0470_00,actTRW1P,1/2発目,0,Combatives_0470_00_actTRW1P_1,
0470_00,actTRW1P,None,0,,
0470_00,actTRW1P,2/2発目,1,Combatives_0470_00_actTRW1P_2D,
0470_00,actTRWFT,None,0,Combatives_0470_00_actTRWFT,
0470_00,actTRWR,None,0,Combatives_0470_00_actTRWR,
0470_00,actULTHD1P,1/2発目,0,Combatives_0470_00_actULTHD1P_1,
0470_00,actULTHD1P,None,0,,
0470_00,actULTHD1P,2/2発目,1,Combatives_0470_00_actULTHD1P_2D,
0470_00,actULTHI,None,0,Combatives_0470_00_actULTHI,
0480_00,actDTW1P,None,0,Combatives_Common_actDTW1P,
0480_00,actDTWFT,None,0,Combatives_0480_00_actDTWFT,
0480_00,actEXA1,None,0,Combatives_0480_00_actEXA1,
0480_00,actSPC,2/2発目,1,Combatives_Common_actSPC_NoHIT,
0480_00,actSPM2HI,None,0,Combatives_0480_00_actSPM2_ADMHI,
0480_00,actTRW1P,1/2発目,0,Combatives_0480_00_actTRW1P_1,
0480_00,actTRW1P,None,0,,
0480_00,actTRW1P,2/2発目,1,Combatives_0480_00_actTRW1P_2D,
0480_00,actTRWFT,None,0,Combatives_0480_00_actTRWFT,
0480_00,actTRWR,None,0,Combatives_0480_00_actTRWR,
0480_00,actULTHD1P,1/2発目,0,Combatives_0480_00_actULTHD1P_1,
0480_00,actULTHD1P,None,0,,
0480_00,actULTHD1P,2/2発目,1,Combatives_0480_00_actULTHD1P_2D,
0480_00,actULTHI,None,0,Combatives_0480_00_actULTHI,
0490_00,actDDS,None,0,Combatives_Common_actDDS_weak,
0490_00,actDTW1P,None,0,Combatives_Common_actDTW1P,
0490_00,actDTWFT,None,0,Combatives_0490_00_actDTWFT,
0490_00,actEXA1,None,0,Combatives_0490_00_actEXA1,
0490_00,actRVCOM,None,0,Combatives_Common_actDDS_weak,
0490_00,actSPC,2/2発目,1,Combatives_Common_actSPC_NoHIT,
0490_00,actSPM1HD1P,None,0,Combatives_Common_actSPM2HD1P,
0490_00,actSPM1HI,None,0,Combatives_0490_00_actSPM1_ADMHI,
0490_00,actSPM1SI,None,0,Combatives_Common_actSPMSI_Attack,
0490_00,actSPM1SM,None,0,Combatives_Common_actDDS_weak,
0490_00,actSPM2HD1P,None,0,,
0490_00,actSPM2SI,None,0,,
0490_00,actSPM2SM,None,0,Combatives_Common_actDDS_weak,
0490_00,actSPM3SM,None,0,Combatives_Common_actDDS_weak,
0490_00,actTRWFT,None,0,Combatives_0490_00_actTRWFT,
0490_00,actTRWR,None,0,Combatives_0490_00_actTRWR,
0490_00,actULTHI,None,0,Combatives_0490_00_actULTHI,
0490_00,actULTSM,None,0,Combatives_Common_actDDS_weak,
0500_00,actARSHB1,None,0,Combatives_Common_actARSHB1,CombativesSubParam_0500_00_actARSHB1
0500_00,actARSHB2,None,0,Combatives_Common_actARSHB2,CombativesSubParam_0500_00_actARSHB2
0500_00,actARSHB3,None,0,Combatives_Common_actARSHB3,CombativesSubParam_0500_00_actARSHB3
0500_00,actARSHB4,None,0,Combatives_Common_actARSHB4,CombativesSubParam_0500_00_actARSHB4
0500_00,actARSHB5,None,0,Combatives_Common_actARSHB5,CombativesSubParam_0500_00_actARSHB5
0500_00,actASMDF,None,0,Combatives_Common_actASMDF,CombativesSubParam_0500_00_actASMDF
0500_00,actBSA,None,0,Combatives_Common_actBSA,CombativesSubParam_0500_00_actBSA
0500_00,actBSFD,None,0,Combatives_Common_actBSFD,CombativesSubParam_0500_00_actBSFD
0500_00,actBSFU,None,0,Combatives_Common_actBSFU,CombativesSubParam_0500_00_actBSFU
0500_00,actBSM1,None,0,Combatives_Common_actBSM1,CombativesSubParam_0500_00_actBSM1
0500_00,actBSRB1,None,0,Combatives_Common_actBSRB1,CombativesSubParam_0500_00_actBSRB1
0500_00,actBSRB2,None,0,Combatives_Common_actBSRB2,CombativesSubParam_0500_00_actBSRB2
0500_00,actBSRB3,None,0,Combatives_Common_actBSRB3,CombativesSubParam_0500_00_actBSRB3
0500_00,actBSRB4,None,0,Combatives_Common_actBSRB4,CombativesSubParam_0500_00_actBSRB4
0500_00,actBSSD,None,0,Combatives_Common_actBSSD,CombativesSubParam_0500_00_actBSSD
0500_00,actBSSL,None,0,Combatives_Common_actBSSL,CombativesSubParam_0500_00_actBSSL
0500_00,actBSSR,None,0,Combatives_Common_actBSSR,CombativesSubParam_0500_00_actBSSR
0500_00,actBSSU,None,0,Combatives_Common_actBSSU,CombativesSubParam_0500_00_actBSSU
0500_00,actDDADF,None,0,Combatives_Common_actDDADF,CombativesSubParam_0500_00_actDDADF
0500_00,actDDADN,None,0,Combatives_Common_actDDADN,CombativesSubParam_0500_00_actDDADN
0500_00,actDDADP,None,0,Combatives_Common_actDDADP,CombativesSubParam_0500_00_actDDADP
0500_00,actDDALF,None,0,Combatives_Common_actDDALF,CombativesSubParam_0500_00_actDDALF
0500_00,actDDALN,None,0,Combatives_Common_actDDALN,CombativesSubParam_0500_00_actDDALN
0500_00,actDDALP,None,0,Combatives_Common_actDDALP,CombativesSubParam_0500_00_actDDALP
0500_00,actDDARF,None,0,Combatives_Common_actDDARF,CombativesSubParam_0500_00_actDDARF
0500_00,actDDARN,None,0,Combatives_Common_actDDARN,CombativesSubParam_0500_00_actDDARN
0500_00,actDDARP,None,0,Combatives_Common_actDDARP,CombativesSubParam_0500_00_actDDARP
0500_00,actDDAUF,None,0,Combatives_Common_actDDAUF,CombativesSubParam_0500_00_actDDAUF
0500_00,actDDAUN,None,0,Combatives_Common_actDDAUN,CombativesSubParam_0500_00_actDDAUN
0500_00,actDDAUP,None,0,Combatives_Common_actDDAUP,CombativesSubParam_0500_00_actDDAUP
0500_00,actDTWFT,None,0,Combatives_0500_00_actDTWFT,
0500_00,actHC1,None,0,Combatives_Common_actHC1,CombativesSubParam_0500_00_actHC1
0500_00,actHC2,None,0,Combatives_Common_actHC2,CombativesSubParam_0500_00_actHC2
0500_00,actHC3,None,0,Combatives_Common_actHC3,CombativesSubParam_0500_00_actHC3
0500_00,actRH1L,None,0,Combatives_Common_actRH1L,CombativesSubParam_0500_00_actRH1L
0500_00,actRH1R,None,0,Combatives_Common_actRH1R,CombativesSubParam_0500_00_actRH1R
0500_00,actRHFL,None,0,Combatives_Common_actRHFL,CombativesSubParam_0500_00_actRHFL
0500_00,actRHFR,None,0,Combatives_Common_actRHFR,CombativesSubParam_0500_00_actRHFR
0500_00,actRHNL,None,0,Combatives_Common_actRHNL,CombativesSubParam_0500_00_actRHNL
0500_00,actRHNR,None,0,Combatives_Common_actRHNR,CombativesSubParam_0500_00_actRHNR
0500_00,actRHPL,None,0,Combatives_Common_actRHPL,CombativesSubParam_0500_00_actRHPL
0500_00,actRHPR,None,0,Combatives_Common_actRHPR,CombativesSubParam_0500_00_actRHPR
0500_00,actRIAD,None,0,Combatives_Common_actRIAD,CombativesSubParam_0500_00_actRIAD
0500_00,actRIAU,None,0,Combatives_Common_actRIAU,CombativesSubParam_0500_00_actRIAU
0500_00,actRSHB1,None,0,Combatives_Common_actRSHB1,CombativesSubParam_0500_00_actRSHB1
0500_00,actRSHB2,None,0,Combatives_Common_actRSHB2,CombativesSubParam_0500_00_actRSHB2
0500_00,actRSHB3,None,0,Combatives_Common_actRSHB3,CombativesSubParam_0500_00_actRSHB3
0500_00,actRSHB4,None,0,Combatives_Common_actRSHB4,CombativesSubParam_0500_00_actRSHB4
0500_00,actRSHB5,None,0,Combatives_Common_actRSHB5,CombativesSubParam_0500_00_actRSHB5
0500_00,actRSHSB1,None,0,Combatives_Common_actRSHSB1,CombativesSubParam_0500_00_actRSHSB1
0500_00,actRSHSB2,None,0,Combatives_Common_actRSHSB2,CombativesSubParam_0500_00_actRSHSB2
0500_00,actRSHSB3,None,0,Combatives_Common_actRSHSB3,CombativesSubParam_0500_00_actRSHSB3
0500_00,actRSHSB4,None,0,Combatives_Common_actRSHSB4,CombativesSubParam_0500_00_actRSHSB4
0500_00,actSI1,None,0,Combatives_Common_actSI1,CombativesSubParam_0500_00_actSI1
0500_00,actSI2,None,0,Combatives_Common_actSI2,CombativesSubParam_0500_00_actSI2
0500_00,actSMDF,None,0,Combatives_Common_actSMDF,CombativesSubParam_0500_00_actSMDF
0500_00,actSMDH,None,0,Combatives_Common_actSMDH,CombativesSubParam_0500_00_actSMDH
0500_00,actSMDJ,None,0,Combatives_Common_actSMDJ,CombativesSubParam_0500_00_actSMDJ
0500_00,actSMDN,None,0,Combatives_Common_actSMDN,CombativesSubParam_0500_00_actSMDN
0500_00,actSMDP,None,0,Combatives_Common_actSMDP,CombativesSubParam_0500_00_actSMDP
0500_00,actSMLF,None,0,Combatives_Common_actSMLF,CombativesSubParam_0500_00_actSMLF
0500_00,actSMLH,None,0,Combatives_Common_actSMLH,CombativesSubParam_0500_00_actSMLH
0500_00,actSMLJ,None,0,Combatives_Common_actSMLJ,CombativesSubParam_0500_00_actSMLJ
0500_00,actSMLN,None,0,Combatives_Common_actSMLN,CombativesSubParam_0500_00_actSMLN
0500_00,actSMLP,None,0,Combatives_Common_actSMLP,CombativesSubParam_0500_00_actSMLP
0500_00,actSMRF,None,0,Combatives_Common_actSMRF,CombativesSubParam_0500_00_actSMRF
0500_00,actSMRH,None,0,Combatives_Common_actSMRH,CombativesSubParam_0500_00_actSMRH
0500_00,actSMRJ,None,0,Combatives_Common_actSMRJ,CombativesSubParam_0500_00_actSMRJ
0500_00,actSMRN,None,0,Combatives_Common_actSMRN,CombativesSubParam_0500_00_actSMRN
0500_00,actSMRP,None,0,Combatives_Common_actSMRP,CombativesSubParam_0500_00_actSMRP
0500_00,actSMUF,None,0,Combatives_Common_actSMUF,CombativesSubParam_0500_00_actSMUF
0500_00,actSMUH,None,0,Combatives_Common_actSMUH,CombativesSubParam_0500_00_actSMUH
0500_00,actSMUJ,None,0,Combatives_Common_actSMUJ,CombativesSubParam_0500_00_actSMUJ
0500_00,actSMUN,None,0,Combatives_Common_actSMUN,CombativesSubParam_0500_00_actSMUN
0500_00,actSMUP,None,0,Combatives_Common_actSMUP,CombativesSubParam_0500_00_actSMUP
0500_00,actSPM2SI,None,0,,
0500_00,actSSA,None,0,Combatives_Common_actSSA,CombativesSubParam_0500_00_actSSA
0500_00,actSSW1PFN,None,0,Combatives_Common_actSSW1PFN,CombativesSubParam_0500_00_actSSW1PFN
0500_00,actSZCADA,None,0,Combatives_Common_actSZCADA,CombativesSubParam_0500_00_actSZCADA
0500_00,actSZCALA,None,0,Combatives_Common_actSZCALA,CombativesSubParam_0500_00_actSZCALA
0500_00,actSZCARA,None,0,Combatives_Common_actSZCARA,CombativesSubParam_0500_00_actSZCARA
0500_00,actSZCAUA,None,0,Combatives_Common_actSZCAUA,CombativesSubParam_0500_00_actSZCAUA
0500_00,actTRWFT,None,0,Combatives_0500_00_actTRWFT,
0500_00,actTRWR,None,0,Combatives_0500_00_actTRWR,
0500_00,actULTHI,None,0,Combatives_0500_00_actULTHI,
0500_00,actVAAD,None,0,Combatives_Common_actVAAD,CombativesSubParam_0500_00_actVAAD
0500_00,actVAAL,None,0,Combatives_Common_actVAAL,CombativesSubParam_0500_00_actVAAL
0500_00,actVAAR,None,0,Combatives_Common_actVAAR,CombativesSubParam_0500_00_actVAAR
0500_00,actVAAU,None,0,Combatives_Common_actVAAU,CombativesSubParam_0500_00_actVAAU
0500_00,actZCBAD,None,0,Combatives_Common_actZCBAD,CombativesSubParam_0500_00_actZCBAD
0500_00,actZCBAL,None,0,Combatives_Common_actZCBAL,CombativesSubParam_0500_00_actZCBAL
0500_00,actZCBAR,None,0,Combatives_Common_actZCBAR,CombativesSubParam_0500_00_actZCBAR
0500_00,actZCBAU,None,0,Combatives_Common_actZCBAU,CombativesSubParam_0500_00_actZCBAU
0500_00,actZCOD,None,0,Combatives_Common_actZCOD,CombativesSubParam_0500_00_actZCOD
0500_00,actZCOL,None,0,Combatives_Common_actZCOL,CombativesSubParam_0500_00_actZCOL
0500_00,actZCOR,None,0,Combatives_Common_actZCOR,CombativesSubParam_0500_00_actZCOR
0500_00,actZCOU,None,0,Combatives_Common_actZCOU,CombativesSubParam_0500_00_actZCOU
0510_00,actDTWFT,None,0,Combatives_0510_00_actDTWFT,
0510_00,actEXA1,None,0,Combatives_0510_00_actEXA1,
0510_00,actSPM2HI,None,0,Combatives_0510_00_actSPM2_ADMHI,
0510_00,actTRWFT,None,0,Combatives_0510_00_actTRWFT,
0510_00,actTRWR,None,0,Combatives_0510_00_actTRWR,
0510_00,actULTHI,None,0,Combatives_0510_00_actULTHI,
0540_00,actDDS,None,0,Combatives_Common_actDDS_weak,
0540_00,actDTWFT,None,0,Combatives_0540_00_actDTWFT,
0540_00,actEXA1,None,0,Combatives_0540_00_actEXA1,
0540_00,actRVCOM,None,0,Combatives_Common_actDDS_weak,
0540_00,actSINtGUB,None,0,Combatives_Common_actSINtGUB_Unblock,
0540_00,actSPC,2/2発目,1,Combatives_Common_actSPC_NoHIT,
0540_00,actSPM1SM,None,0,Combatives_Common_actDDS_weak,
0540_00,actSPM2HI,None,0,Combatives_0540_00_actSPM2_ADMHI,
0540_00,actSPM2SM,None,0,Combatives_Common_actDDS_weak,
0540_00,actSPM3SM,None,0,Combatives_Common_actDDS_weak,
0540_00,actTRWFT,None,0,Combatives_0540_00_actTRWFT,
0540_00,actTRWR,None,0,Combatives_0540_00_actTRWR,
0540_00,actULTSI,None,0,Combatives_0540_00_actULTSI,
0550_00,actDTWFT,None,0,Combatives_0550_00_actDTWFT,
0550_00,actEXA1,None,0,Combatives_0550_00_actEXA1,
0550_00,actEXA2,None,0,Combatives_Common_actEXA_SPC_BOM,
0550_00,actSPM2HI,None,0,Combatives_0550_00_actSPM2_ADMHI,
0550_00,actTRWFT,None,0,Combatives_0550_00_actTRWFT,
0550_00,actTRWR,None,0,Combatives_0550_00_actTRWR,
0550_00,actULTHD1P,None,0,Combatives_Common_actULTHD1P_High1,
0550_00,actULTHI,None,0,Combatives_0550_00_actULTHI,
0551_00,actDTWFT,None,0,Combatives_0551_00_actDTWFT,
0551_00,actEXA1,None,0,Combatives_0551_00_actEXA1,
0551_00,actEXA2,None,0,Combatives_Common_actEXA_SPC_BOM,
0551_00,actRSHA1,None,0,Combatives_Common_actRSHA1_sl,
0551_00,actRSHA2,None,0,Combatives_Common_actRSHA2_sl,
0551_00,actRSHA3,None,0,Combatives_Common_actRSHA3_sl,
0551_00,actRSHA4,None,0,Combatives_Common_actRSHA4_sl,
0551_00,actRSHB1,None,0,Combatives_Common_actRSHB1_sl,
0551_00,actRSHB2,None,0,Combatives_Common_actRSHB2_sl,
0551_00,actRSHB3,None,0,Combatives_Common_actRSHB3_sl,
0551_00,actRSHB4,None,0,Combatives_Common_actRSHB4_sl,
0551_00,actSPM1HD1P,None,0,Combatives_Common_actSPM2HD1P,
0551_00,actSPM1HI,None,0,Combatives_0551_00_actSPM1HI,
0551_00,actSPM1SI,None,0,Combatives_Common_actSPMSI_Attack,
0551_00,actSPM2HD1P,None,0,,
0551_00,actSPM2SI,None,0,,
0551_00,actTRWFT,None,0,Combatives_0551_00_actTRWFT,
0551_00,actTRWR,None,0,Combatives_0551_00_actTRWR,
0551_00,actULTHD1P,None,0,Combatives_Common_actULTHD1P_High2,
0551_00,actULTHI,None,0,Combatives_0551_00_actULTHI,
0552_00,actDTWFT,None,0,Combatives_0552_00_actDTWFT,
0552_00,actEXA1,None,0,Combatives_0552_00_actEXA1,
0552_00,actEXA2,None,0,Combatives_Common_actEXA_SPC_BOM,
0552_00,actRSHA1,None,0,Combatives_Common_actRSHA1_sl,
0552_00,actRSHA2,None,0,Combatives_Common_actRSHA2_sl,
0552_00,actRSHA3,None,0,Combatives_Common_actRSHA3_sl,
0552_00,actRSHA4,None,0,Combatives_Common_actRSHA4_sl,
0552_00,actRSHB1,None,0,Combatives_Common_actRSHB1_sl,
0552_00,actRSHB2,None,0,Combatives_Common_actRSHB2_sl,
0552_00,actRSHB3,None,0,Combatives_Common_actRSHB3_sl,
0552_00,actRSHB4,None,0,Combatives_Common_actRSHB4_sl,
0552_00,actSINtG,None,0,Combatives_Common_actSINtG_Unblock_DEMO,
0552_00,actSPM2HI,None,0,Combatives_0552_00_actSPM2_ADMHI,
0552_00,actSPM2SI,None,0,Combatives_Common_actSPMSI_Throw,
0552_00,actTRWFT,None,0,Combatives_0552_00_actTRWFT,
0552_00,actTRWR,None,0,Combatives_0552_00_actTRWR,
0552_00,actULTHD1P,None,0,Combatives_Common_actULTHD1P_High3,
0552_00,actULTHI,None,0,Combatives_0552_00_actULTHI,
0553_00,actDTWFT,None,0,Combatives_0553_00_actDTWFT,
0553_00,actEXA2,None,0,Combatives_Common_actEXA_SPC_BOM,
0553_00,actRSHA2,None,0,Combatives_Common_actRSHA2_sl,
0553_00,actRSHA3,None,0,Combatives_Common_actRSHA3_sl,
0553_00,actRSHA4,None,0,Combatives_Common_actRSHA4_sl,
0553_00,actRSHB1,None,0,Combatives_Common_actRSHB1_sl,
0553_00,actRSHB2,None,0,Combatives_Common_actRSHB2_sl,
0553_00,actRSHB3,None,0,Combatives_Common_actRSHB3_sl,
0553_00,actRSHB4,None,0,Combatives_Common_actRSHB4_sl,
0553_00,actSINtG,None,0,Combatives_Common_actSINtG_Unblock_DEMO,
0553_00,actSPM2HI,None,0,Combatives_0553_00_actSPM2HI,
0553_00,actSPM2HIWL,None,0,Combatives_0553_00_actSPM2HI,
0553_00,actSPM2SI,None,0,Combatives_Common_actSPMSI_Throw,
0553_00,actTRWFT,None,0,Combatives_0553_00_actTRWFT,
0553_00,actTRWR,None,0,Combatives_0553_00_actTRWR,
0553_00,actULTHI,None,0,Combatives_0553_00_actULTHI,
0553_00,actULTHI2bc,None,0,Combatives_0553_00_actULTHI,
0553_00,actULTHIbc,None,0,Combatives_0553_00_actULTHI,
0553_00,actULTHIfn,None,0,Combatives_0553_00_actULTHI,
0553_00,actULTHIWL,None,0,Combatives_0553_00_actULTHIWL,
0554_00,actARSHA3,1/2発目,0,Combatives_Common_actARSHA3M2_1,
0554_00,actARSHA3,None,0,,
0554_00,actARSHA3,2/2発目,1,Combatives_Common_actARSHA3M2_2F,
0554_00,actARSHB2,1/2発目,0,Combatives_Common_actARSHB2M2_1,
0554_00,actARSHB2,None,0,,
0554_00,actARSHB2,2/2発目,1,Combatives_Common_actARSHB2M2_2F,
0554_00,actBSRA3,1/2発目,0,Combatives_Common_actBSRA3M2_1,
0554_00,actBSRA3,None,0,,
0554_00,actBSRA3,2/2発目,1,Combatives_Common_actBSRA3M2_2F,
0554_00,actBSRB2,1/2発目,0,Combatives_Common_actBSRB2M2_1,
0554_00,actBSRB2,None,0,,
0554_00,actBSRB2,2/2発目,1,Combatives_Common_actBSRB2M2_2F,
0554_00,actDTWFT,None,0,Combatives_0554_00_actDTWFT,
0554_00,actEXA1,None,0,Combatives_0554_00_actEXA1,
0554_00,actRSHA1,None,0,Combatives_Common_actRSHA1_sl,
0554_00,actRSHA2,None,0,Combatives_Common_actRSHA2_sl,
0554_00,actRSHA3,1/2発目,0,Combatives_Common_actRSHA3M2_1,
0554_00,actRSHA3,None,0,,
0554_00,actRSHA3,2/2発目,1,Combatives_Common_actRSHA3M2_2F_sl,
0554_00,actRSHA4,None,0,Combatives_Common_actRSHA4_sl,
0554_00,actRSHB1,None,0,Combatives_Common_actRSHB1_sl,
0554_00,actRSHB2,1/2発目,0,Combatives_Common_actRSHB2M2_1,
0554_00,actRSHB2,None,0,,
0554_00,actRSHB2,2/2発目,1,Combatives_Common_actRSHB2M2_2F_sl,
0554_00,actRSHB3,None,0,Combatives_Common_actRSHB3_sl,
0554_00,actRSHB4,None,0,Combatives_Common_actRSHB4_sl,
0554_00,actRSHSA3,1/2発目,0,Combatives_Common_actRSHSA3M2_1,
0554_00,actRSHSA3,None,0,,
0554_00,actRSHSA3,2/2発目,1,Combatives_Common_actRSHSA3M2_2F,
0554_00,actRSHSB2,1/2発目,0,Combatives_Common_actRSHSB2M2_1,
0554_00,actRSHSB2,None,0,,
0554_00,actRSHSB2,2/2発目,1,Combatives_Common_actRSHSB2M2_2F,
0554_00,actSPM2HI,None,0,Combatives_0554_00_actSPM2_ADMHI,
0554_00,actTRWFT,None,0,Combatives_0554_00_actTRWFT,
0554_00,actTRWR,None,0,Combatives_0554_00_actTRWR,
0554_00,actULTHD1P,None,0,Combatives_Common_actULTHD1P_High2,
0554_00,actULTHI,None,0,Combatives_0554_00_actULTHI,
0555_00,actARSHA3,1/2発目,0,Combatives_Common_actARSHA3M2_1,
0555_00,actARSHA3,None,0,,
0555_00,actARSHA3,2/2発目,1,Combatives_Common_actARSHA3M2_2F,
0555_00,actARSHA4,1/2発目,0,Combatives_Common_actARSHA4M2_1,
0555_00,actARSHA4,None,0,,
0555_00,actARSHA4,2/2発目,1,Combatives_Common_actARSHA4M2_2F,
0555_00,actARSHB3,1/2発目,0,Combatives_Common_actARSHB3M2_1,
0555_00,actARSHB3,None,0,,
0555_00,actARSHB3,2/2発目,1,Combatives_Common_actARSHB3M2_2F,
0555_00,actARSHB4,1/2発目,0,Combatives_Common_actARSHB4M2_1,
0555_00,actARSHB4,None,0,,
0555_00,actARSHB4,2/2発目,1,Combatives_Common_actARSHB4M2_2F,
0555_00,actBSRA3,1/2発目,0,Combatives_Common_actBSRA3M2_1,
0555_00,actBSRA3,None,0,,
0555_00,actBSRA3,2/2発目,1,Combatives_Common_actBSRA3M2_2F,
0555_00,actBSRA4,1/2発目,0,Combatives_Common_actBSRA4M2_1,
0555_00,actBSRA4,None,0,,
0555_00,actBSRA4,2/2発目,1,Combatives_Common_actBSRA4M2_2F,
0555_00,actBSRB3,1/2発目,0,Combatives_Common_actBSRB3M2_1,
0555_00,actBSRB3,None,0,,
0555_00,actBSRB3,2/2発目,1,Combatives_Common_actBSRB3M2_2F,
0555_00,actBSRB4,1/2発目,0,Combatives_Common_actBSRB4M2_1,
0555_00,actBSRB4,None,0,,
0555_00,actBSRB4,2/2発目,1,Combatives_Common_actBSRB4M2_2F,
0555_00,actDTWFT,None,0,Combatives_0555_00_actDTWFT,
0555_00,actEXA2,None,0,Combatives_Common_actEXA_SPC_BOM,
0555_00,actRSHA1,None,0,Combatives_Common_actRSHA1_sl,
0555_00,actRSHA2,None,0,Combatives_Common_actRSHA2_sl,
0555_00,actRSHA3,1/2発目,0,Combatives_Common_actRSHA3M2_1,
0555_00,actRSHA3,None,0,,
0555_00,actRSHA3,2/2発目,1,Combatives_Common_actRSHA3M2_2F_sl,
0555_00,actRSHA4,1/2発目,0,Combatives_Common_actRSHA4M2_1,
0555_00,actRSHA4,None,0,,
0555_00,actRSHA4,2/2発目,1,Combatives_Common_actRSHA4M2_2F_sl,
0555_00,actRSHB1,None,0,Combatives_Common_actRSHB1_sl,
0555_00,actRSHB2,None,0,Combatives_Common_actRSHB2_sl,
0555_00,actRSHB3,1/2発目,0,Combatives_Common_actRSHB3M2_1,
0555_00,actRSHB3,None,0,,
0555_00,actRSHB3,2/2発目,1,Combatives_Common_actRSHB3M2_2F_sl,
0555_00,actRSHB4,1/2発目,0,Combatives_Common_actRSHB4M2_1,
0555_00,actRSHB4,None,0,,
0555_00,actRSHB4,2/2発目,1,Combatives_Common_actRSHB4M2_2F_sl,
0555_00,actRSHSA3,1/2発目,0,Combatives_Common_actRSHSA3M2_1,
0555_00,actRSHSA3,None,0,,
0555_00,actRSHSA3,2/2発目,1,Combatives_Common_actRSHSA3M2_1,
0555_00,actRSHSA4,1/2発目,0,Combatives_Common_actRSHSA4M2_1,
0555_00,actRSHSA4,None,0,,
0555_00,actRSHSA4,2/2発目,1,Combatives_Common_actRSHSA4M2_2F,
0555_00,actRSHSB3,1/2発目,0,Combatives_Common_actRSHSB3M2_1,
0555_00,actRSHSB3,None,0,,
0555_00,actRSHSB3,2/2発目,1,Combatives_Common_actRSHSB3M2_2F,
0555_00,actRSHSB4,1/2発目,0,Combatives_Common_actRSHSB4M2_1,
0555_00,actRSHSB4,None,0,,
0555_00,actRSHSB4,2/2発目,1,Combatives_Common_actRSHSB4M2_2F,
0555_00,actSPM2HI,None,0,Combatives_0555_00_actSPM2HI,
0555_00,actTRWFT,None,0,Combatives_0555_00_actTRWFT,
0555_00,actTRWR,None,0,Combatives_0555_00_actTRWR,
0555_00,actULTHD1P,None,0,Combatives_Common_actULTHD1P_High3,
0555_00,actULTHI,None,0,Combatives_0555_00_actULTHI,
0555_00,actULTHI2bc,None,0,Combatives_0555_00_actULTHI,
0555_00,actULTHIbc,None,0,Combatives_0555_00_actULTHI,
0561_00,actDTWFT,None,0,Combatives_0561_00_actDTWFT,
0561_00,actEXA1,None,0,Combatives_0561_00_actEXA1,
0561_00,actSINtG,None,0,Combatives_Common_actSINtG_Unblock_DEMO,
0561_00,actSINtGUB,None,0,Combatives_Common_actSINtGUB_High2,
0561_00,actSPM2HI,None,0,Combatives_0561_00_actSPM2_ADMHI,
0561_00,actSPM2SI,None,0,Combatives_Common_actSPMSI_Throw,
0561_00,actTRWFT,None,0,Combatives_0561_00_actTRWFT,
0561_00,actTRWR,None,0,Combatives_0561_00_actTRWR,
0561_00,actULTHD1P,None,0,Combatives_Common_actULTHD1P_High2,
0561_00,actULTHI,None,0,Combatives_0561_00_actULTHI,
0561_00,actULTSI,None,0,Combatives_Common_actULTSI_Throw,
0570_00,actBLWB,None,0,Combatives_9994_00_actBLWB,
0570_00,actBLWF,None,0,Combatives_9994_00_actBLWF,
0570_00,actBWF,None,0,Combatives_9994_actBWF,
0570_00,actBWN,None,0,Combatives_9994_actBWN,
0570_00,actDTW,None,0,Combatives_9994_00_actDTW,
0570_00,actDTW1P,None,0,Combatives_Common_actDTW1P,
0570_00,actDTWFT,None,0,Combatives_9994_00_actDTWFT,
0570_00,actEXA2,None,0,Combatives_Common_actEXA_SPC_BOM,
0570_00,actHC1,None,0,Combatives_9994_actHC1,
0570_00,actHC2,None,0,Combatives_9994_actHC2,
0570_00,actHC3,None,0,Combatives_9994_actHC3,
0570_00,actHFF,None,0,Combatives_9994_00_actHFF,
0570_00,actHFN,None,0,Combatives_9994_00_actHFN,
0570_00,actHFP,None,0,Combatives_9994_00_actHFP,
0570_00,actPP1A,1/2発目,0,Combatives_9994_actPP1A,
0570_00,actPP1A,2/2発目,1,Combatives_9994_actPP1A_F,
0570_00,actPWFF,None,0,Combatives_9994_00_actPWFF,
0570_00,actRHFL,None,0,Combatives_9994_actRHFL,
0570_00,actRHFR,None,0,Combatives_9994_actRHFR,
0570_00,actRHNL,None,0,Combatives_9994_actRHNL,
0570_00,actRHNR,None,0,Combatives_9994_actRHNR,
0570_00,actRHPL,None,0,Combatives_9994_actRHPL,
0570_00,actRHPR,None,0,Combatives_9994_actRHPR,
0570_00,actRI1,None,0,Combatives_Common_actHUGE_RI1,
0570_00,actRSHA1,None,0,Combatives_9994_00_actRSHA1,
0570_00,actRSHA2,None,0,Combatives_9994_00_actRSHA2,
0570_00,actRSHA3,None,0,Combatives_9994_00_actRSHA3,
0570_00,actRSHA4,None,0,Combatives_9994_00_actRSHA4,
0570_00,actRSHB1,None,0,Combatives_9994_00_actRSHB1,
0570_00,actRSHB2,None,0,Combatives_9994_00_actRSHB2,
0570_00,actRSHB3,None,0,Combatives_9994_00_actRSHB3,
0570_00,actRSHB4,None,0,Combatives_9994_00_actRSHB4,
0570_00,actSCF,None,0,Combatives_9994_00_actSCF,
0570_00,actSCN,None,0,Combatives_9994_00_actSCN,
0570_00,actSCP,None,0,Combatives_9994_00_actSCP,
0570_00,actSI1,None,0,Combatives_9994_actSI1,
0570_00,actSINtGSPM2,None,0,Combatives_Common_actSINtG_Unblock,
0570_00,actSPC,2/2発目,1,Combatives_9994_00_actSPC_NoHIT,
0570_00,actSPM2SI,None,0,Combatives_0570_00_actSPM2SI,
0570_00,actTRPF,None,0,Combatives_9994_00_actTRPF,
0570_00,actTRW,None,0,Combatives_9994_00_actTRW,
0570_00,actTRW1P,None,0,Combatives_9994_actTRW1P,
0570_00,actTRWFT,None,0,Combatives_0570_00_actTRWFT,
0570_00,actTRWR,None,0,Combatives_9994_00_actTRWR,
0570_00,actULTHI,None,0,Combatives_0570_00_actULT_SDMHI,
0570_00,actULTSI,2/2発目,0,Combatives_0570_00_actULT_B_BOM,
0570_00,actULTSI,None,0,,
0570_00,actVASF,None,0,Combatives_9994_00_actVASF,
0570_00,actZBD,None,0,Combatives_9994_00_actZBD,
0570_00,actZCBAD,None,0,Combatives_9994_00_actZCBAM,
0570_00,actZCBAL,None,0,Combatives_9994_00_actZCBAM,
0570_00,actZCBAM,None,0,Combatives_9994_00_actZCBAM,
0570_00,actZCBAR,None,0,Combatives_9994_00_actZCBAM,
0570_00,actZCBAU,None,0,Combatives_9994_00_actZCBAM,
0580_00,actDTWFT,None,0,Combatives_0580_00_actDTWFT,
0580_00,actEXA1,None,0,Combatives_0580_00_actEXA1,
0580_00,actSPM2HI,None,0,Combatives_0580_00_actSPM2_ADMHI,
0580_00,actTRWFT,None,0,Combatives_0580_00_actTRWFT,
0580_00,actTRWR,None,0,Combatives_0580_00_actTRWR,
0580_00,actULTHI,None,0,Combatives_0580_00_actULTHI,
0590_00,actDTWFT,None,0,Combatives_0590_00_actDTWFT,
0590_00,actEXA1,None,0,Combatives_0590_00_actEXA1,
0590_00,actSPM2HI,None,0,Combatives_0590_00_actSPM2_ADMHI,
0590_00,actTRWFT,None,0,Combatives_0590_00_actTRWFT,
0590_00,actTRWR,None,0,Combatives_0590_00_actTRWR,
0590_00,actULTHI,None,0,Combatives_0590_00_actULTHI,
0591_00,actBLWB,None,0,Combatives_9994_00_actBLWB,
0591_00,actBLWF,None,0,Combatives_9994_00_actBLWF,
0591_00,actBWF,None,0,Combatives_9994_actBWF,
0591_00,actBWN,None,0,Combatives_9994_actBWN,
0591_00,actBWP,None,0,Combatives_9994_actBWP,
0591_00,actDTW,None,0,Combatives_9994_00_actDTW,
0591_00,actDTW1P,None,0,Combatives_Common_actDTW1P,
0591_00,actDTWFT,None,0,Combatives_9994_00_actDTWFT,
0591_00,actEXA1,None,0,Combatives_0591_00_actEXA1,
0591_00,actHC1,None,0,Combatives_9994_actHC1,
0591_00,actHC2,None,0,Combatives_9994_actHC2,
0591_00,actHC3,None,0,Combatives_9994_actHC3,
0591_00,actPP1A,1/2発目,0,Combatives_9994_actPP1A,
0591_00,actPP1A,2/2発目,1,Combatives_9994_actPP1A_F,
0591_00,actPWFF,None,0,Combatives_9994_00_actPWFF,
0591_00,actRHFL,None,0,Combatives_9994_actRHFL,
0591_00,actRHFR,None,0,Combatives_9994_actRHFR,
0591_00,actRHNL,None,0,Combatives_9994_actRHNL,
0591_00,actRHNR,None,0,Combatives_9994_actRHNR,
0591_00,actRHPL,None,0,Combatives_9994_actRHPL,
0591_00,actRHPR,None,0,Combatives_9994_actRHPR,
0591_00,actRI1,None,0,Combatives_Common_actHUGE_RI1,
0591_00,actRSHA1,None,0,Combatives_9994_00_actRSHA1,
0591_00,actRSHA2,None,0,Combatives_9994_00_actRSHA2,
0591_00,actRSHA3,None,0,Combatives_9994_00_actRSHA3,
0591_00,actRSHA4,None,0,Combatives_9994_00_actRSHA4,
0591_00,actRSHB1,None,0,Combatives_9994_00_actRSHB1,
0591_00,actRSHB2,None,0,Combatives_9994_00_actRSHB2,
0591_00,actRSHB3,None,0,Combatives_9994_00_actRSHB3,
0591_00,actRSHB4,None,0,Combatives_9994_00_actRSHB4,
0591_00,actSCF,None,0,Combatives_9994_00_actSCF,
0591_00,actSCN,None,0,Combatives_9994_00_actSCN,
0591_00,actSCP,None,0,Combatives_9994_00_actSCP,
0591_00,actSI1,None,0,Combatives_9994_actSI1,
0591_00,actSPC,2/2発目,1,Combatives_9994_00_actSPC,
0591_00,actSPM2HI,None,0,Combatives_0591_00_actSPM2_ADMHI,
0591_00,actTRPF,None,0,Combatives_9994_00_actTRPF,
0591_00,actTRW,None,0,Combatives_9994_00_actTRW,
0591_00,actTRW1P,None,0,Combatives_9994_actTRW1P,
0591_00,actTRWFT,None,0,Combatives_9994_00_actTRWFT,
0591_00,actTRWR,None,0,Combatives_9994_00_actTRWR,
0591_00,actULTHD1P,None,0,Combatives_Common_actULTHD1P_High2,
0591_00,actULTHI,None,0,Combatives_0591_00_actULTHI,
0591_00,actVASF,None,0,Combatives_9994_00_actVASF,
0591_00,actZBD,None,0,Combatives_9994_00_actZBD,
0591_00,actZCBAD,None,0,Combatives_9994_00_actZCBAM,
0591_00,actZCBAL,None,0,Combatives_9994_00_actZCBAM,
0591_00,actZCBAM,None,0,Combatives_9994_00_actZCBAM,
0591_00,actZCBAR,None,0,Combatives_9994_00_actZCBAM,
0591_00,actZCBAU,None,0,Combatives_9994_00_actZCBAM,
0600_00,actARSHB2,1/2発目,0,Combatives_Common_actARSHB2M2_1,
0600_00,actARSHB2,None,0,,
0600_00,actARSHB2,2/2発目,1,Combatives_Common_actARSHB2M2_2F,
0600_00,actBSRB2,1/2発目,0,Combatives_Common_actBSRB2M2_1,
0600_00,actBSRB2,None,0,,
0600_00,actBSRB2,2/2発目,1,Combatives_Common_actBSRB2M2_2F,
0600_00,actDTWFT,None,0,Combatives_0600_00_actDTWFT,
0600_00,actEXA1,None,0,Combatives_0600_00_actEXA1,
0600_00,actRSHB2,1/2発目,0,Combatives_Common_actRSHB2M2_1,
0600_00,actRSHB2,None,0,,
0600_00,actRSHB2,2/2発目,1,Combatives_Common_actRSHB2M2_2F,
0600_00,actRSHSB2,1/2発目,0,Combatives_Common_actRSHSB2M2_1,
0600_00,actRSHSB2,None,0,,
0600_00,actRSHSB2,2/2発目,1,Combatives_Common_actRSHSB2M2_2F,
0600_00,actSPM2HI,None,0,Combatives_0600_00_actSPM2_ADMHI,
0600_00,actTRWFT,None,0,Combatives_0600_00_actTRWFT,
0600_00,actTRWR,None,0,Combatives_0600_00_actTRWR,
0600_00,actULTHI,None,0,Combatives_0600_00_actULTHI,
0600_10,actDTWFT,None,0,Combatives_0600_10_actDTWFT,
0600_10,actEXA1,None,0,Combatives_0600_10_actEXA1,
0600_10,actSPC,2/2発目,1,Combatives_Common_actSPC_NoHIT,
0600_10,actSPM2HI,None,0,Combatives_0600_10_actSPM2_ADMHI,
0600_10,actTRWFT,None,0,Combatives_0600_10_actTRWFT,
0600_10,actTRWR,None,0,Combatives_0600_10_actTRWR,
0600_10,actULTHI,None,0,Combatives_0600_10_actULTHI,
0601_00,actDTWFT,None,0,Combatives_0601_00_actDTWFT,
0601_00,actEXA1,None,0,Combatives_0601_00_actEXA1,
0601_00,actSPM2HI,None,0,Combatives_0601_00_actSPM2_ADMHI,
0601_00,actTRWFT,None,0,Combatives_0601_00_actTRWFT,
0601_00,actTRWR,None,0,Combatives_0601_00_actTRWR,
0601_00,actULTHD1P,None,0,Combatives_Common_actULTHD1P_High2,
0601_00,actULTHI,None,0,Combatives_0601_00_actULTHI,
0601_00,actULTSI,None,0,,
0610_00,actDTWFT,None,0,Combatives_0610_00_actDTWFT,
0610_00,actSPM2HI,None,0,Combatives_0610_00_actSPM2HI,
0610_00,actTRWFT,None,0,Combatives_0610_00_actTRWFT,
0610_00,actTRWR,None,0,Combatives_0610_00_actTRWR,
0610_00,actULTHI,None,0,Combatives_0610_00_actULTHI,
0620_00,actDTW1P,None,0,Combatives_Common_actDTW1P,
0620_00,actDTWFT,None,0,Combatives_0620_00_actDTWFT,
0620_00,actEXA1,None,0,Combatives_0620_00_actEXA1,
0620_00,actSPC,2/2発目,1,Combatives_Common_actSPC_NoHIT,
0620_00,actSPM2HI,None,0,Combatives_0620_00_actSPM2_ADMHI,
0620_00,actTRWFT,None,0,Combatives_0620_00_actTRWFT,
0620_00,actTRWR,None,0,Combatives_0620_00_actTRWR,
0620_00,actULTHI,None,0,Combatives_0620_00_actULTHI,
0621_00,actARSHA3,1/2発目,0,Combatives_Common_actARSHA3M2_1,
0621_00,actARSHA3,2/2発目,1,Combatives_Common_actARSHA3M2_2F,
0621_00,actBSRA3,1/2発目,0,Combatives_Common_actBSRA3M2_1,
0621_00,actBSRA3,2/2発目,1,Combatives_Common_actBSRA3M2_2F,
0621_00,actDTWFT,None,0,Combatives_0621_00_actDTWFT,
0621_00,actEXA1,None,0,Combatives_0621_00_actEXA1,
0621_00,actRSHA3,1/2発目,0,Combatives_Common_actRSHA3M2_1,
0621_00,actRSHA3,2/2発目,1,Combatives_Common_actRSHA3M2_2F,
0621_00,actRSHSA3,1/2発目,0,Combatives_Common_actRSHSA3M2_1,
0621_00,actRSHSA3,2/2発目,1,Combatives_Common_actRSHSA3M2_2F,
0621_00,actSINtGUB,None,0,Combatives_Common_actSINtGUB_High2,
0621_00,actSPC,2/2発目,1,Combatives_Common_actSPC_NoHIT,
0621_00,actSPM2HI,None,0,Combatives_0621_00_actSPM2_ADMHI,
0621_00,actTRWFT,None,0,Combatives_0621_00_actTRWFT,
0621_00,actTRWR,None,0,Combatives_0621_00_actTRWR,
0621_00,actULTHD1P,None,0,Combatives_Common_actULTHD1P_High2,
0621_00,actULTHI,None,0,Combatives_0621_00_actULTHI,
0621_00,actULTSI,None,0,Combatives_Common_actULTSI_Throw,
0630_00,actDTWFT,None,0,Combatives_0630_00_actDTWFT,
0630_00,actEXA1,None,0,Combatives_0630_00_actEXA1,
0630_00,actEXA2,None,0,Combatives_Common_actEXA_SPC_BOM,
0630_00,actSPM2HI,None,0,Combatives_0630_00_actSPM2_ADMHI,
0630_00,actTRWFT,None,0,Combatives_0630_00_actTRWFT,
0630_00,actTRWR,None,0,Combatives_0630_00_actTRWR,
0630_00,actULTHD1P,None,0,Combatives_Common_actULTHD1P_High2,
0630_00,actULTHI,None,0,Combatives_0630_00_actULTHI,
0631_00,actDTWFT,None,0,Combatives_0631_00_actDTWFT,
0631_00,actEXA1,None,0,Combatives_0631_00_actEXA1,
0631_00,actSPM2HI,None,0,Combatives_0631_00_actSPM2_ADMHI,
0631_00,actTRWFT,None,0,Combatives_0631_00_actTRWFT,
0631_00,actTRWR,None,0,Combatives_0631_00_actTRWR,
0631_00,actULTHD1P,None,0,Combatives_Common_actULTHD1P_High1,
0631_00,actULTHI,None,0,Combatives_0631_00_actULTHI,
0640_00,actDTWFT,None,0,Combatives_0640_00_actDTWFT,
0640_00,actEXA1,None,0,Combatives_0640_00_actEXA1,
0640_00,actSPM2HI,None,0,Combatives_0640_00_actSPM2_ADMHI,
0640_00,actTRWFT,None,0,Combatives_0640_00_actTRWFT,
0640_00,actTRWR,None,0,Combatives_0640_00_actTRWR,
0640_00,actULTHI,None,0,Combatives_0640_00_actULTHI,
0650_00,actBLWB,None,0,Combatives_9994_00_actBLWB,
0650_00,actBLWF,None,0,Combatives_9994_00_actBLWF,
0650_00,actBWF,None,0,Combatives_9994_actBWF,
0650_00,actBWN,None,0,Combatives_9994_actBWN,
0650_00,actBWP,None,0,Combatives_9994_actBWP,
0650_00,actDTW,None,0,Combatives_9994_00_actDTW,
0650_00,actDTW1P,None,0,Combatives_Common_actDTW1P,
0650_00,actDTWFT,None,0,Combatives_9994_00_actDTWFT,
0650_00,actHC1,None,0,Combatives_9994_actHC1,
0650_00,actHC2,None,0,Combatives_9994_actHC2,
0650_00,actHC3,None,0,Combatives_9994_actHC3,
0650_00,actHFF,None,0,Combatives_9994_00_actHFF,
0650_00,actHFN,None,0,Combatives_9994_00_actHFN,
0650_00,actHFP,None,0,Combatives_9994_00_actHFP,
0650_00,actPP1A,1/2発目,0,Combatives_9994_actPP1A,
0650_00,actPP1A,2/2発目,1,Combatives_9994_actPP1A_F,
0650_00,actPP1A,None,2,Combatives_9994_actPP1A,
0650_00,actPWFF,None,0,Combatives_9994_00_actPWFF,
0650_00,actRHFL,None,0,Combatives_9994_actRHFL,
0650_00,actRHFR,None,0,Combatives_9994_actRHFR,
0650_00,actRHNL,None,0,Combatives_9994_actRHNL,
0650_00,actRHNR,None,0,Combatives_9994_actRHNR,
0650_00,actRHPL,None,0,Combatives_9994_actRHPL,
0650_00,actRHPR,None,0,Combatives_9994_actRHPR,
0650_00,actRI1,None,0,Combatives_Common_actHUGE_RI1,
0650_00,actRSHA1,None,0,Combatives_9994_00_actRSHA1,
0650_00,actRSHA2,None,0,Combatives_9994_00_actRSHA2,
0650_00,actRSHA3,None,0,Combatives_9994_00_actRSHA3,
0650_00,actRSHA4,None,0,Combatives_9994_00_actRSHA4,
0650_00,actRSHB1,None,0,Combatives_9994_00_actRSHB1,
0650_00,actRSHB2,1/2発目,0,Combatives_0650_00_actRSHB2_1,
0650_00,actRSHB2,None,0,,
0650_00,actRSHB2,2/2発目,1,Combatives_0650_00_actRSHB2_2,
0650_00,actRSHB3,None,0,Combatives_9994_00_actRSHB3,
0650_00,actRSHB4,None,0,Combatives_9994_00_actRSHB4,
0650_00,actSCF,None,0,Combatives_9994_00_actSCF,
0650_00,actSCN,None,0,Combatives_9994_00_actSCN,
0650_00,actSCP,None,0,Combatives_9994_00_actSCP,
0650_00,actSI1,None,0,Combatives_9994_actSI1,
0650_00,actSINtGUB,None,0,Combatives_Common_actSINtGUB_High2,
0650_00,actSPC,2/2発目,1,Combatives_9994_00_actSPC,
0650_00,actSPM2SI,None,0,,
0650_00,actTRPF,None,0,Combatives_9994_00_actTRPF,
0650_00,actTRW,None,0,Combatives_9994_00_actTRW,
0650_00,actTRW1P,None,0,Combatives_9994_actTRW1P,
0650_00,actTRWFT,None,0,Combatives_0650_00_actTRWFT,
0650_00,actTRWR,None,0,Combatives_9994_00_actTRWR,
0650_00,actULTHD1P,None,0,Combatives_Common_actULTHD1P_High2,
0650_00,actULTHI,None,0,Combatives_0650_00_actULTHI,
0650_00,actULTSI,None,0,Combatives_Common_actULTSI_Throw,
0650_00,actVASF,None,0,Combatives_9994_00_actVASF,
0650_00,actZBD,None,0,Combatives_9994_00_actZBD,
0650_00,actZCBAD,None,0,Combatives_9994_00_actZCBAM,
0650_00,actZCBAL,None,0,Combatives_9994_00_actZCBAM,
0650_00,actZCBAM,None,0,Combatives_9994_00_actZCBAM,
0650_00,actZCBAR,None,0,Combatives_9994_00_actZCBAM,
0650_00,actZCBAU,None,0,Combatives_9994_00_actZCBAM,
0651_00,actARSHB1,None,0,Combatives_Common_actARSHB1,CombativesSubParam_0651_00_actARSHB1
0651_00,actARSHB2,None,0,Combatives_Common_actARSHB2,CombativesSubParam_0651_00_actARSHB2
0651_00,actARSHB3,1/3発目,0,Combatives_Common_actARSHB3M3_1,CombativesSubParam_0651_00_actARSHB3
0651_00,actARSHB3,None,0,,
0651_00,actARSHB3,2/3発目,1,Combatives_Common_actARSHB3M3_2,CombativesSubParam_0651_00_actARSHB3
0651_00,actARSHB3,3/3発目,2,Combatives_Common_actARSHB3M3_3F,CombativesSubParam_0651_00_actARSHB3
0651_00,actARSHB4,None,0,Combatives_Common_actARSHB4,CombativesSubParam_0651_00_actARSHB4
0651_00,actARSHB5,None,0,Combatives_Common_actARSHB5,CombativesSubParam_0651_00_actARSHB5
0651_00,actBSA,None,0,Combatives_Common_actBSA,CombativesSubParam_0651_00_actBSA
0651_00,actBSM1,None,0,Combatives_Common_actBSM1,CombativesSubParam_0651_00_actBSM1
0651_00,actBSRB1,None,0,Combatives_Common_actBSRB1,CombativesSubParam_0651_00_actBSRB1
0651_00,actBSRB2,None,0,Combatives_Common_actBSRB2,CombativesSubParam_0651_00_actBSRB2
0651_00,actBSRB3,1/3発目,0,Combatives_Common_actBSRB3M3_1,CombativesSubParam_0651_00_actBSRB3
0651_00,actBSRB3,None,0,,
0651_00,actBSRB3,2/3発目,1,Combatives_Common_actBSRB3M3_2,CombativesSubParam_0651_00_actBSRB3
0651_00,actBSRB3,3/3発目,2,Combatives_Common_actBSRB3M3_3F,CombativesSubParam_0651_00_actBSRB3
0651_00,actBSRB4,None,0,Combatives_Common_actBSRB4,CombativesSubParam_0651_00_actBSRB4
0651_00,actBSSR,None,0,Combatives_Common_actBSSR,CombativesSubParam_0651_00_actBSSR
0651_00,actBSSU,None,0,Combatives_Common_actBSSU,CombativesSubParam_0651_00_actBSSU
0651_00,actDDARF,None,0,Combatives_Common_actDDARF,CombativesSubParam_0651_00_actDDARF
0651_00,actDDARN,None,0,Combatives_Common_actDDARN,CombativesSubParam_0651_00_actDDARN
0651_00,actDDARP,None,0,Combatives_Common_actDDARP,CombativesSubParam_0651_00_actDDARP
0651_00,actDDAUF,None,0,Combatives_Common_actDDAUF,CombativesSubParam_0651_00_actDDAUF
0651_00,actDDAUN,None,0,Combatives_Common_actDDAUN,CombativesSubParam_0651_00_actDDAUN
0651_00,actDDAUP,None,0,Combatives_Common_actDDAUP,CombativesSubParam_0651_00_actDDAUP
0651_00,actDSMR,None,0,Combatives_Common_actDSMR,CombativesSubParam_0651_00_actDSMR
0651_00,actDSMU,None,0,Combatives_Common_actDSMU,CombativesSubParam_0651_00_actDSMU
0651_00,actDT2,None,0,Combatives_Common_actDT2,CombativesSubParam_0651_00_actDT2
0651_00,actDTWFT,None,0,Combatives_0651_00_actDTWFT,
0651_00,actES1,None,0,Combatives_Common_actES1,CombativesSubParam_0651_00_actES1
0651_00,actEXA1,None,0,Combatives_0651_00_actEXA1,
0651_00,actFLK,1/2発目,0,Combatives_Common_actFLK,CombativesSubParam_0651_00_actFLK
0651_00,actFLK,2/2発目,1,Combatives_Common_actFLK_2,CombativesSubParam_0651_00_actFLK
0651_00,actFLKF,None,0,Combatives_Common_actFLKF,CombativesSubParam_0651_00_actFLKF
0651_00,actFR1,1/3発目,0,Combatives_Common_actFR1,CombativesSubParam_0651_00_actFR1
0651_00,actFR1,2/3発目,1,Combatives_Common_actFR1,CombativesSubParam_0651_00_actFR1
0651_00,actFR1,3/3発目,2,Combatives_Common_actFR1_3,CombativesSubParam_0651_00_actFR1
0651_00,actFR2,None,0,Combatives_Common_actFR2,CombativesSubParam_0651_00_actFR2
0651_00,actGSF,None,0,Combatives_Common_actGSF,CombativesSubParam_0651_00_actGSF
0651_00,actGSN,None,0,Combatives_Common_actGSN,CombativesSubParam_0651_00_actGSN
0651_00,actGSP,None,0,Combatives_Common_actGSP,CombativesSubParam_0651_00_actGSP
0651_00,actHC1,None,0,Combatives_Common_actHC1,CombativesSubParam_0651_00_actHC1
0651_00,actHC3,None,0,Combatives_Common_actHC3,CombativesSubParam_0651_00_actHC3
0651_00,actMSAF,None,0,Combatives_Common_actMSAF,CombativesSubParam_0651_00_actMSAF
0651_00,actMSAN,None,0,Combatives_Common_actMSAN,CombativesSubParam_0651_00_actMSAN
0651_00,actMSAP,None,0,Combatives_Common_actMSAP,CombativesSubParam_0651_00_actMSAP
0651_00,actRH1R,None,0,Combatives_Common_actRH1R,CombativesSubParam_0651_00_actRH1R
0651_00,actRHFR,None,0,Combatives_Common_actRHFR,CombativesSubParam_0651_00_actRHFR
0651_00,actRHNR,None,0,Combatives_Common_actRHNR,CombativesSubParam_0651_00_actRHNR
0651_00,actRHPR,None,0,Combatives_Common_actRHPR,CombativesSubParam_0651_00_actRHPR
0651_00,actRIAU,None,0,Combatives_Common_actRIAU,CombativesSubParam_0651_00_actRIAU
0651_00,actRSHB1,None,0,Combatives_Common_actRSHB1,CombativesSubParam_0651_00_actRSHB1
0651_00,actRSHB2,None,0,Combatives_Common_actRSHB2,CombativesSubParam_0651_00_actRSHB2
0651_00,actRSHB3,1/3発目,0,Combatives_Common_actRSHB3M3_1,CombativesSubParam_0651_00_actRSHB3
0651_00,actRSHB3,None,0,,
0651_00,actRSHB3,2/3発目,1,Combatives_Common_actRSHB3M3_2,CombativesSubParam_0651_00_actRSHB3
0651_00,actRSHB3,3/3発目,2,Combatives_Common_actRSHB3M3_3F,CombativesSubParam_0651_00_actRSHB3
0651_00,actRSHB4,None,0,Combatives_Common_actRSHB4,CombativesSubParam_0651_00_actRSHB4
0651_00,actRSHB5,None,0,Combatives_Common_actRSHB5,CombativesSubParam_0651_00_actRSHB5
0651_00,actRSHSB1,None,0,Combatives_Common_actRSHSB1,CombativesSubParam_0651_00_actRSHSB1
0651_00,actRSHSB2,None,0,Combatives_Common_actRSHSB2,CombativesSubParam_0651_00_actRSHSB2
0651_00,actRSHSB3,1/3発目,0,Combatives_Common_actRSHSB3M3_1,CombativesSubParam_0651_00_actRSHSB3
0651_00,actRSHSB3,None,0,,
0651_00,actRSHSB3,2/3発目,1,Combatives_Common_actRSHSB3M3_2,CombativesSubParam_0651_00_actRSHSB3
0651_00,actRSHSB3,3/3発目,2,Combatives_Common_actRSHSB3M3_3F,CombativesSubParam_0651_00_actRSHSB3
0651_00,actRSHSB4,None,0,Combatives_Common_actRSHSB4,CombativesSubParam_0651_00_actRSHSB4
0651_00,actSI1,None,0,Combatives_Common_actSI1,CombativesSubParam_0651_00_actSI1
0651_00,actSMRF,None,0,Combatives_Common_actSMRF,CombativesSubParam_0651_00_actSMRF
0651_00,actSMRH,None,0,Combatives_Common_actSMRH,CombativesSubParam_0651_00_actSMRH
0651_00,actSMRJ,None,0,Combatives_Common_actSMRJ,CombativesSubParam_0651_00_actSMRJ
0651_00,actSMRN,None,0,Combatives_Common_actSMRN,CombativesSubParam_0651_00_actSMRN
0651_00,actSMRP,None,0,Combatives_Common_actSMRP,CombativesSubParam_0651_00_actSMRP
0651_00,actSMUF,None,0,Combatives_Common_actSMUF,CombativesSubParam_0651_00_actSMUF
0651_00,actSMUH,None,0,Combatives_Common_actSMUH,CombativesSubParam_0651_00_actSMUH
0651_00,actSMUJ,None,0,Combatives_Common_actSMUJ,CombativesSubParam_0651_00_actSMUJ
0651_00,actSMUN,None,0,Combatives_Common_actSMUN,CombativesSubParam_0651_00_actSMUN
0651_00,actSMUP,None,0,Combatives_Common_actSMUP,CombativesSubParam_0651_00_actSMUP
0651_00,actSPM2HI,None,0,Combatives_0651_00_actSPM2_ADMHI,
0651_00,actSSW1PFN,None,0,Combatives_Common_actSSW1PFN,CombativesSubParam_0651_00_actSSW1PFN
0651_00,actSZCARA,None,0,Combatives_Common_actSZCARA,CombativesSubParam_0651_00_actSZCARA
0651_00,actSZCAUA,None,0,Combatives_Common_actSZCAUA,CombativesSubParam_0651_00_actSZCAUA
0651_00,actTA1,None,0,Combatives_Common_actTA1,CombativesSubParam_0651_00_actTA1
0651_00,actTA2,None,0,Combatives_Common_actTA2,CombativesSubParam_0651_00_actTA2
0651_00,actTA3,None,0,Combatives_Common_actTA3,CombativesSubParam_0651_00_actTA3
0651_00,actTRWFT,None,0,Combatives_0651_00_actTRWFT,CombativesSubParam_0651_00_actTRWFT
0651_00,actTRWR,None,0,Combatives_0651_00_actTRWR,
0651_00,actULTHI,None,0,Combatives_0651_00_actULTHI,
0651_00,actVAAR,None,0,Combatives_Common_actVAAR,CombativesSubParam_0651_00_actVAAR
0651_00,actVAAU,None,0,Combatives_Common_actVAAU,CombativesSubParam_0651_00_actVAAU
0651_00,actZCBAR,None,0,Combatives_Common_actZCBAR,CombativesSubParam_0651_00_actZCBAR
0651_00,actZCBAU,None,0,Combatives_Common_actZCBAU,CombativesSubParam_0651_00_actZCBAU
0651_00,actZCOR,None,0,Combatives_Common_actZCOR,CombativesSubParam_0651_00_actZCOR
0651_00,actZCOU,None,0,Combatives_Common_actZCOU,CombativesSubParam_0651_00_actZCOU
0660_00,actARSHA1,None,0,Combatives_Common_actARSHA1,CombativesSubParam_0660_00_actARSHA1
0660_00,actARSHA2,None,0,Combatives_Common_actARSHA2,CombativesSubParam_0660_00_actARSHA2
0660_00,actARSHA3,None,0,Combatives_Common_actARSHA3,CombativesSubParam_0660_00_actARSHA3
0660_00,actARSHA4,None,0,Combatives_Common_actARSHA4,CombativesSubParam_0660_00_actARSHA4
0660_00,actARSHA5,None,0,Combatives_Common_actARSHA5,CombativesSubParam_0660_00_actARSHA5
0660_00,actARSHB1,None,0,Combatives_Common_actARSHB1,CombativesSubParam_0660_00_actARSHB1
0660_00,actARSHB2,None,0,Combatives_Common_actARSHB2,CombativesSubParam_0660_00_actARSHB2
0660_00,actARSHB3,None,0,Combatives_Common_actARSHB3,CombativesSubParam_0660_00_actARSHB3
0660_00,actARSHB4,None,0,Combatives_Common_actARSHB4,CombativesSubParam_0660_00_actARSHB4
0660_00,actARSHB5,None,0,Combatives_Common_actARSHB5,CombativesSubParam_0660_00_actARSHB5
0660_00,actASMDF,None,0,Combatives_Common_actASMDF,CombativesSubParam_0660_00_actASMDF
0660_00,actBSA,None,0,Combatives_Common_actBSA,CombativesSubParam_0660_00_actBSA
0660_00,actBSFD,None,0,Combatives_Common_actBSFD,CombativesSubParam_0660_00_actBSFD
0660_00,actBSFU,None,0,Combatives_Common_actBSFU,CombativesSubParam_0660_00_actBSFU
0660_00,actBSM1,None,0,Combatives_Common_actBSM1,CombativesSubParam_0660_00_actBSM1
0660_00,actBSRA1,None,0,Combatives_Common_actBSRA1,CombativesSubParam_0660_00_actBSRA1
0660_00,actBSRA2,None,0,Combatives_Common_actBSRA2,CombativesSubParam_0660_00_actBSRA2
0660_00,actBSRA3,None,0,Combatives_Common_actBSRA3,CombativesSubParam_0660_00_actBSRA3
0660_00,actBSRA4,None,0,Combatives_Common_actBSRA4,CombativesSubParam_0660_00_actBSRA4
0660_00,actBSRB1,None,0,Combatives_Common_actBSRB1,CombativesSubParam_0660_00_actBSRB1
0660_00,actBSRB2,None,0,Combatives_Common_actBSRB2,CombativesSubParam_0660_00_actBSRB2
0660_00,actBSRB3,None,0,Combatives_Common_actBSRB3,CombativesSubParam_0660_00_actBSRB3
0660_00,actBSRB4,None,0,Combatives_Common_actBSRB4,CombativesSubParam_0660_00_actBSRB4
0660_00,actBSSD,None,0,Combatives_Common_actBSSD,CombativesSubParam_0660_00_actBSSD
0660_00,actBSSL,None,0,Combatives_Common_actBSSL,CombativesSubParam_0660_00_actBSSL
0660_00,actBSSM,None,0,Combatives_Common_actBSSM,CombativesSubParam_0660_00_actBSSM
0660_00,actBSSR,None,0,Combatives_Common_actBSSR,CombativesSubParam_0660_00_actBSSR
0660_00,actBSSU,None,0,Combatives_Common_actBSSU,CombativesSubParam_0660_00_actBSSU
0660_00,actDDADF,None,0,Combatives_Common_actDDADF,CombativesSubParam_0660_00_actDDADF
0660_00,actDDADN,None,0,Combatives_Common_actDDADN,CombativesSubParam_0660_00_actDDADN
0660_00,actDDADP,None,0,Combatives_Common_actDDADP,CombativesSubParam_0660_00_actDDADP
0660_00,actDDALF,None,0,Combatives_Common_actDDALF,CombativesSubParam_0660_00_actDDALF
0660_00,actDDALN,None,0,Combatives_Common_actDDALN,CombativesSubParam_0660_00_actDDALN
0660_00,actDDALP,None,0,Combatives_Common_actDDALP,CombativesSubParam_0660_00_actDDALP
0660_00,actDDAMF,None,0,Combatives_Common_actDDAMF,CombativesSubParam_0660_00_actDDAMF
0660_00,actDDAMN,None,0,Combatives_Common_actDDAMN,CombativesSubParam_0660_00_actDDAMN
0660_00,actDDAMP,None,0,Combatives_Common_actDDAMP,CombativesSubParam_0660_00_actDDAMP
0660_00,actDDARF,None,0,Combatives_Common_actDDARF,CombativesSubParam_0660_00_actDDARF
0660_00,actDDARN,None,0,Combatives_Common_actDDARN,CombativesSubParam_0660_00_actDDARN
0660_00,actDDARP,None,0,Combatives_Common_actDDARP,CombativesSubParam_0660_00_actDDARP
0660_00,actDDAUF,None,0,Combatives_Common_actDDAUF,CombativesSubParam_0660_00_actDDAUF
0660_00,actDDAUN,None,0,Combatives_Common_actDDAUN,CombativesSubParam_0660_00_actDDAUN
0660_00,actDDAUP,None,0,Combatives_Common_actDDAUP,CombativesSubParam_0660_00_actDDAUP
0660_00,actDS2,None,0,Combatives_Common_actDS2,CombativesSubParam_0660_00_actDS2
0660_00,actDSMD,None,0,Combatives_Common_actDSMD,CombativesSubParam_0660_00_actDSMD
0660_00,actDSML,None,0,Combatives_Common_actDSML,CombativesSubParam_0660_00_actDSML
0660_00,actDSMM,None,0,Combatives_Common_actDSMM,CombativesSubParam_0660_00_actDSMM
0660_00,actDSMR,None,0,Combatives_Common_actDSMR,CombativesSubParam_0660_00_actDSMR
0660_00,actDSMU,None,0,Combatives_Common_actDSMU,CombativesSubParam_0660_00_actDSMU
0660_00,actDT2,None,0,Combatives_Common_actDT2,CombativesSubParam_0660_00_actDT2
0660_00,actDT3,None,0,Combatives_Common_actDT3,CombativesSubParam_0660_00_actDT3
0660_00,actDTW1P,None,0,Combatives_Common_actDTW1P,
0660_00,actDTWFT,None,0,Combatives_0660_00_actDTWFT,
0660_00,actEXA1,None,0,Combatives_0660_00_actEXA1,
0660_00,actFLK,1/2発目,0,Combatives_0660_00_actFLK,CombativesSubParam_0660_00_actFLK
0660_00,actFLK,2/2発目,1,Combatives_0660_00_actFLK2-3,CombativesSubParam_0660_00_actFLK
0660_00,actFLKF,None,0,Combatives_Common_actFLKF,CombativesSubParam_0660_00_actFLKF
0660_00,actFR1,1/4発目,0,Combatives_0660_00_actFR1,
0660_00,actFR1,1/3発目,0,,
0660_00,actFR1,2/4発目,1,Combatives_0660_00_actFR1,
0660_00,actFR1,2/3発目,1,,
0660_00,actFR1,3/4発目,2,Combatives_0660_00_actFR1,
0660_00,actFR1,3/3発目,2,,
0660_00,actFR1,4/4発目,3,Combatives_Common_actFR1_3,
0660_00,actHC1,None,0,Combatives_Common_actHC1,CombativesSubParam_0660_00_actHC1
0660_00,actHC2,None,0,Combatives_Common_actHC2,CombativesSubParam_0660_00_actHC2
0660_00,actHC3,None,0,Combatives_Common_actHC3,CombativesSubParam_0660_00_actHC3
0660_00,actPWFF,None,0,Combatives_Common_actPWFF,CombativesSubParam_0660_00_actPWFF
0660_00,actPWFFGtN,None,0,Combatives_Common_actPWFFGtN,CombativesSubParam_0660_00_actPWFFGtN
0660_00,actPWFFNtG,None,0,Combatives_Common_actPWFFNtG,CombativesSubParam_0660_00_actPWFFNtG
0660_00,actRH1L,None,0,Combatives_Common_actRH1L,CombativesSubParam_0660_00_actRH1L
0660_00,actRH1R,None,0,Combatives_Common_actRH1R,CombativesSubParam_0660_00_actRH1R
0660_00,actRHFL,None,0,Combatives_Common_actRHFL,CombativesSubParam_0660_00_actRHFL
0660_00,actRHFR,None,0,Combatives_Common_actRHFR,CombativesSubParam_0660_00_actRHFR
0660_00,actRHNL,None,0,Combatives_Common_actRHNL,CombativesSubParam_0660_00_actRHNL
0660_00,actRHNR,None,0,Combatives_Common_actRHNR,CombativesSubParam_0660_00_actRHNR
0660_00,actRHPL,None,0,Combatives_Common_actRHPL,CombativesSubParam_0660_00_actRHPL
0660_00,actRHPR,None,0,Combatives_Common_actRHPR,CombativesSubParam_0660_00_actRHPR
0660_00,actRIAD,None,0,Combatives_Common_actRIAD,CombativesSubParam_0660_00_actRIAD
0660_00,actRIAF,None,0,Combatives_Common_actRIAF,CombativesSubParam_0660_00_actRIAF
0660_00,actRIAU,None,0,Combatives_Common_actRIAU,CombativesSubParam_0660_00_actRIAU
0660_00,actRSHA1,None,0,Combatives_Common_actRSHA1,CombativesSubParam_0660_00_actRSHA1
0660_00,actRSHA2,None,0,Combatives_Common_actRSHA2,CombativesSubParam_0660_00_actRSHA2
0660_00,actRSHA3,None,0,Combatives_Common_actRSHA3,CombativesSubParam_0660_00_actRSHA3
0660_00,actRSHA4,None,0,Combatives_Common_actRSHA4,CombativesSubParam_0660_00_actRSHA4
0660_00,actRSHA5,None,0,Combatives_Common_actRSHA5,CombativesSubParam_0660_00_actRSHA5
0660_00,actRSHB1,None,0,Combatives_Common_actRSHB1,CombativesSubParam_0660_00_actRSHB1
0660_00,actRSHB2,None,0,Combatives_Common_actRSHB2,CombativesSubParam_0660_00_actRSHB2
0660_00,actRSHB3,None,0,Combatives_Common_actRSHB3,CombativesSubParam_0660_00_actRSHB3
0660_00,actRSHB4,None,0,Combatives_Common_actRSHB4,CombativesSubParam_0660_00_actRSHB4
0660_00,actRSHB5,None,0,Combatives_Common_actRSHB5,CombativesSubParam_0660_00_actRSHB5
0660_00,actRSHSA1,None,0,Combatives_Common_actRSHSA1,CombativesSubParam_0660_00_actRSHSA1
0660_00,actRSHSA2,None,0,Combatives_Common_actRSHSA2,CombativesSubParam_0660_00_actRSHSA2
0660_00,actRSHSA3,None,0,Combatives_Common_actRSHSA3,CombativesSubParam_0660_00_actRSHSA3
0660_00,actRSHSA4,None,0,Combatives_Common_actRSHSA4,CombativesSubParam_0660_00_actRSHSA4
0660_00,actRSHSB1,None,0,Combatives_Common_actRSHSB1,CombativesSubParam_0660_00_actRSHSB1
0660_00,actRSHSB2,None,0,Combatives_Common_actRSHSB2,CombativesSubParam_0660_00_actRSHSB2
0660_00,actRSHSB3,None,0,Combatives_Common_actRSHSB3,CombativesSubParam_0660_00_actRSHSB3
0660_00,actRSHSB4,None,0,Combatives_Common_actRSHSB4,CombativesSubParam_0660_00_actRSHSB4
0660_00,actSI1,None,0,Combatives_Common_actSI1,CombativesSubParam_0660_00_actSI1
0660_00,actSI2,None,0,Combatives_Common_actSI2,CombativesSubParam_0660_00_actSI2
0660_00,actSMDF,None,0,Combatives_Common_actSMDF,CombativesSubParam_0660_00_actSMDF
0660_00,actSMDH,None,0,Combatives_Common_actSMDH,CombativesSubParam_0660_00_actSMDH
0660_00,actSMDJ,None,0,Combatives_Common_actSMDJ,CombativesSubParam_0660_00_actSMDJ
0660_00,actSMDN,None,0,Combatives_Common_actSMDN,CombativesSubParam_0660_00_actSMDN
0660_00,actSMDP,None,0,Combatives_Common_actSMDP,CombativesSubParam_0660_00_actSMDP
0660_00,actSMLF,None,0,Combatives_Common_actSMLF,CombativesSubParam_0660_00_actSMLF
0660_00,actSMLH,None,0,Combatives_Common_actSMLH,CombativesSubParam_0660_00_actSMLH
0660_00,actSMLJ,None,0,Combatives_Common_actSMLJ,CombativesSubParam_0660_00_actSMLJ
0660_00,actSMLN,None,0,Combatives_Common_actSMLN,CombativesSubParam_0660_00_actSMLN
0660_00,actSMLP,None,0,Combatives_Common_actSMLP,CombativesSubParam_0660_00_actSMLP
0660_00,actSMMF,None,0,Combatives_Common_actSMMF,CombativesSubParam_0660_00_actSMMF
0660_00,actSMMH,None,0,Combatives_Common_actSMMH,CombativesSubParam_0660_00_actSMMH
0660_00,actSMMJ,None,0,Combatives_Common_actSMMJ,CombativesSubParam_0660_00_actSMMJ
0660_00,actSMMN,None,0,Combatives_Common_actSMMN,CombativesSubParam_0660_00_actSMMN
0660_00,actSMMP,None,0,Combatives_Common_actSMMP,CombativesSubParam_0660_00_actSMMP
0660_00,actSMRF,None,0,Combatives_Common_actSMRF,CombativesSubParam_0660_00_actSMRF
0660_00,actSMRH,None,0,Combatives_Common_actSMRH,CombativesSubParam_0660_00_actSMRH
0660_00,actSMRJ,None,0,Combatives_Common_actSMRJ,CombativesSubParam_0660_00_actSMRJ
0660_00,actSMRN,None,0,Combatives_Common_actSMRN,CombativesSubParam_0660_00_actSMRN
0660_00,actSMRP,None,0,Combatives_Common_actSMRP,CombativesSubParam_0660_00_actSMRP
0660_00,actSMUF,None,0,Combatives_Common_actSMUF,CombativesSubParam_0660_00_actSMUF
0660_00,actSMUH,None,0,Combatives_Common_actSMUH,CombativesSubParam_0660_00_actSMUH
0660_00,actSMUJ,None,0,Combatives_Common_actSMUJ,CombativesSubParam_0660_00_actSMUJ
0660_00,actSMUN,None,0,Combatives_Common_actSMUN,CombativesSubParam_0660_00_actSMUN
0660_00,actSMUP,None,0,Combatives_Common_actSMUP,CombativesSubParam_0660_00_actSMUP
0660_00,actSPM2HI,None,0,Combatives_0660_00_actSPM2_ADMHI,
0660_00,actSSA,None,0,Combatives_Common_actSSA,CombativesSubParam_0660_00_actSSA
0660_00,actSSW1PFN,None,0,Combatives_Common_actSSW1PFN,CombativesSubParam_0660_00_actSSW1PFN
0660_00,actSZCADA,None,0,Combatives_Common_actSZCADA,CombativesSubParam_0660_00_actSZCADA
0660_00,actSZCALA,None,0,Combatives_Common_actSZCALA,CombativesSubParam_0660_00_actSZCALA
0660_00,actSZCAMA,None,0,Combatives_Common_actSZCAMA,CombativesSubParam_0660_00_actSZCAMA
0660_00,actSZCARA,None,0,Combatives_Common_actSZCARA,CombativesSubParam_0660_00_actSZCARA
0660_00,actSZCAUA,None,0,Combatives_Common_actSZCAUA,CombativesSubParam_0660_00_actSZCAUA
0660_00,actSZCCS,None,0,Combatives_Common_actSZCCS,CombativesSubParam_0660_00_actSZCCS
0660_00,actTA2,None,0,Combatives_Common_actTA2,CombativesSubParam_0660_00_actTA2
0660_00,actTRWFT,None,0,Combatives_0660_00_actTRWFT,
0660_00,actTRWR,None,0,Combatives_0660_00_actTRWR,
0660_00,actULTHD1PG,None,0,Combatives_Common_actULTHD1P,
0660_00,actULTHI,None,0,Combatives_0660_00_actULTHI,
0660_00,actVAAD,None,0,Combatives_Common_actVAAD,CombativesSubParam_0660_00_actVAAD
0660_00,actVAAL,None,0,Combatives_Common_actVAAL,CombativesSubParam_0660_00_actVAAL
0660_00,actVAAM,None,0,Combatives_Common_actVAAM,CombativesSubParam_0660_00_actVAAM
0660_00,actVAAR,None,0,Combatives_Common_actVAAR,CombativesSubParam_0660_00_actVAAR
0660_00,actVAAU,None,0,Combatives_Common_actVAAU,CombativesSubParam_0660_00_actVAAU
0660_00,actVASB,None,0,Combatives_Common_actVASB,CombativesSubParam_0660_00_actVASB
0660_00,actVASF,None,0,Combatives_Common_actVASF,CombativesSubParam_0660_00_actVASF
0660_00,actVASN,None,0,Combatives_Common_actVASN,CombativesSubParam_0660_00_actVASN
0660_00,actZCBAD,None,0,Combatives_Common_actZCBAD,CombativesSubParam_0660_00_actZCBAD
0660_00,actZCBAL,None,0,Combatives_Common_actZCBAL,CombativesSubParam_0660_00_actZCBAL
0660_00,actZCBAM,None,0,Combatives_Common_actZCBAM,CombativesSubParam_0660_00_actZCBAM
0660_00,actZCBAR,None,0,Combatives_Common_actZCBAR,CombativesSubParam_0660_00_actZCBAR
0660_00,actZCBAU,None,0,Combatives_Common_actZCBAU,CombativesSubParam_0660_00_actZCBAU
0660_00,actZCOD,None,0,Combatives_Common_actZCOD,CombativesSubParam_0660_00_actZCOD
0660_00,actZCOL,None,0,Combatives_Common_actZCOL,CombativesSubParam_0660_00_actZCOL
0660_00,actZCOM,None,0,Combatives_Common_actZCOM,CombativesSubParam_0660_00_actZCOM
0660_00,actZCOR,None,0,Combatives_Common_actZCOR,CombativesSubParam_0660_00_actZCOR
0660_00,actZCOU,None,0,Combatives_Common_actZCOU,CombativesSubParam_0660_00_actZCOU
0670_00,actBLWB,None,0,Combatives_9994_00_actBLWB,
0670_00,actBLWF,None,0,Combatives_9994_00_actBLWF,
0670_00,actBWF,None,0,Combatives_9994_actBWF,
0670_00,actBWN,None,0,Combatives_9994_actBWN,
0670_00,actBWP,None,0,Combatives_9994_actBWP,
0670_00,actDTW,None,0,Combatives_9994_00_actDTW,
0670_00,actDTW1P,None,0,Combatives_Common_actDTW1P,
0670_00,actDTWFT,None,0,Combatives_9994_00_actDTWFT,
0670_00,actEXA1,None,0,Combatives_0681_00_actEXA1,
0670_00,actHC1,None,0,Combatives_9994_actHC1,
0670_00,actHC2,None,0,Combatives_9994_actHC2,
0670_00,actHC3,None,0,Combatives_9994_actHC3,
0670_00,actHFF,None,0,Combatives_9994_00_actHFF,
0670_00,actHFN,None,0,Combatives_9994_00_actHFN,
0670_00,actHFP,None,0,Combatives_9994_00_actHFP,
0670_00,actPP1A,1/2発目,0,Combatives_9994_actPP1A,
0670_00,actPP1A,2/2発目,1,Combatives_9994_actPP1A_F,
0670_00,actPWFF,None,0,Combatives_9994_00_actPWFF,
0670_00,actRHFL,None,0,Combatives_9994_actRHFL,
0670_00,actRHFR,None,0,Combatives_9994_actRHFR,
0670_00,actRHNL,None,0,Combatives_9994_actRHNL,
0670_00,actRHNR,None,0,Combatives_9994_actRHNR,
0670_00,actRHPL,None,0,Combatives_9994_actRHPL,
0670_00,actRHPR,None,0,Combatives_9994_actRHPR,
0670_00,actRI1,None,0,Combatives_Common_actHUGE_RI1,
0670_00,actRSHA1,None,0,Combatives_9994_00_actRSHA1,
0670_00,actRSHA2,None,0,Combatives_9994_00_actRSHA2,
0670_00,actRSHA3,None,0,Combatives_9994_00_actRSHA3,
0670_00,actRSHA4,None,0,Combatives_9994_00_actRSHA4,
0670_00,actRSHB1,None,0,Combatives_9994_00_actRSHB1,
0670_00,actRSHB2,None,0,Combatives_9994_00_actRSHB2,
0670_00,actRSHB3,None,0,Combatives_9994_00_actRSHB3,
0670_00,actRSHB4,None,0,Combatives_9994_00_actRSHB4,
0670_00,actSCF,None,0,Combatives_9994_00_actSCF,
0670_00,actSCN,None,0,Combatives_9994_00_actSCN,
0670_00,actSI1,None,0,Combatives_9994_actSI1,
0670_00,actSPC,2/2発目,1,Combatives_9994_00_actSPC,
0670_00,actTRPF,None,0,Combatives_9994_00_actTRPF,
0670_00,actTRW,None,0,Combatives_9994_00_actTRW,
0670_00,actTRW1P,None,0,Combatives_9994_actTRW1P,
0670_00,actTRWFT,None,0,Combatives_0670_00_actTRWFT,
0670_00,actTRWR,None,0,Combatives_0670_00_actTRWR,
0670_00,actULTHD1P,None,0,Combatives_0670_00_actULTHD1P,
0670_00,actULTHI,None,0,Combatives_0670_00_actULTHI,
0670_00,actVASF,None,0,Combatives_9994_00_actVASF,
0670_00,actZBD,None,0,Combatives_9994_00_actZBD,
0670_00,actZCBAD,None,0,Combatives_9994_00_actZCBAM,
0670_00,actZCBAL,None,0,Combatives_9994_00_actZCBAM,
0670_00,actZCBAM,None,0,Combatives_9994_00_actZCBAM,
0670_00,actZCBAR,None,0,Combatives_9994_00_actZCBAM,
0670_00,actZCBAU,None,0,Combatives_9994_00_actZCBAM,
0680_00,actDTWFT,None,0,Combatives_0680_00_actDTWFT,
0680_00,actEXA1,None,0,Combatives_0680_00_actEXA1,
0680_00,actSPM2HI,None,0,Combatives_0680_00_actSPM2_ADMHI,
0680_00,actTRWFT,None,0,Combatives_0680_00_actTRWFT,
0680_00,actTRWR,None,0,Combatives_0680_00_actTRWR,
0680_00,actULTHI,None,0,Combatives_0680_00_actULTHI,
0680_01,actDTWFT,None,0,Combatives_0680_01_actDTWFT,
0680_01,actEXA1,None,0,Combatives_0680_01_actEXA1,
0680_01,actSPM2HI,None,0,Combatives_0680_01_actSPM2_ADMHI,
0680_01,actTRWFT,None,0,Combatives_0680_01_actTRWFT,
0680_01,actTRWR,None,0,Combatives_0680_01_actTRWR,
0680_01,actULTHI,None,0,Combatives_0680_01_actULTHI,
0680_02,actCRFFD,None,0,Combatives_Common_actCRFLD,
0680_02,actCRFFO,None,0,Combatives_Common_actCRFLO,
0680_02,actCRFLD,None,0,Combatives_Common_actCRFRD,
0680_02,actCRFLO,None,0,Combatives_Common_actCRFRO,
0680_02,actCRFRD,None,0,Combatives_Common_actCRFFO,
0680_02,actCRFRO,None,0,Combatives_Common_actCRFI,
0680_02,actDTWFT,None,0,Combatives_0680_02_actDTWFT,
0680_02,actEXA1,None,0,Combatives_0680_02_actEXA1,
0680_02,actEXA2,None,0,Combatives_Common_actEXA_SPC_BOM,
0680_02,actSPF1,None,0,Combatives_Common_actCRFFD,
0680_02,actSPF1C,None,0,Combatives_Common_actSPF2,
0680_02,actSPF2,None,0,Combatives_Common_actSPF1,
0680_02,actSPF2C,None,0,Combatives_Common_actSPF1C,
0680_02,actSPM2HI,None,0,Combatives_0680_02_actSPM2_ADMHI,
0680_02,actTRWFT,None,0,Combatives_0680_02_actTRWFT,
0680_02,actTRWR,None,0,Combatives_0680_02_actTRWR,
0680_02,actULTHD1P,None,0,Combatives_0680_02_actULTHD1P,
0680_02,actULTHI,None,0,Combatives_0680_02_actULTHI,
0681_00,actBLWB,None,0,Combatives_9994_00_actBLWB,
0681_00,actBLWF,None,0,Combatives_9994_00_actBLWF,
0681_00,actBWF,None,0,Combatives_9994_actBWF,
0681_00,actBWN,None,0,Combatives_9994_actBWN,
0681_00,actBWP,None,0,Combatives_9994_actBWP,
0681_00,actDTW,None,0,Combatives_9994_00_actDTW,
0681_00,actDTW1P,None,0,Combatives_Common_actDTW1P,
0681_00,actDTWFT,None,0,Combatives_9994_00_actDTWFT,
0681_00,actEXA1,None,0,Combatives_0681_00_actEXA1,
0681_00,actHC1,None,0,Combatives_9994_actHC1,
0681_00,actHC2,None,0,Combatives_9994_actHC2,
0681_00,actHC3,None,0,Combatives_9994_actHC3,
0681_00,actHFF,None,0,Combatives_9994_00_actHFF,
0681_00,actHFN,None,0,Combatives_9994_00_actHFN,
0681_00,actHFP,None,0,Combatives_9994_00_actHFP,
0681_00,actPP1A,1/2発目,0,Combatives_9994_actPP1A,
0681_00,actPP1A,2/2発目,1,Combatives_9994_actPP1A_F,
0681_00,actPWFF,None,0,Combatives_9994_00_actPWFF,
0681_00,actRHFL,None,0,Combatives_9994_actRHFL,
0681_00,actRHFR,None,0,Combatives_9994_actRHFR,
0681_00,actRHNL,None,0,Combatives_9994_actRHNL,
0681_00,actRHNR,None,0,Combatives_9994_actRHNR,
0681_00,actRHPL,None,0,Combatives_9994_actRHPL,
0681_00,actRHPR,None,0,Combatives_9994_actRHPR,
0681_00,actRI1,None,0,Combatives_Common_actHUGE_RI1,
0681_00,actRSHA1,None,0,Combatives_9994_00_actRSHA1,
0681_00,actRSHA2,None,0,Combatives_9994_00_actRSHA2,
0681_00,actRSHA3,None,0,Combatives_9994_00_actRSHA3,
0681_00,actRSHA4,None,0,Combatives_9994_00_actRSHA4,
0681_00,actRSHB1,None,0,Combatives_9994_00_actRSHB1,
0681_00,actRSHB2,None,0,Combatives_9994_00_actRSHB2,
0681_00,actRSHB3,None,0,Combatives_9994_00_actRSHB3,
0681_00,actRSHB4,None,0,Combatives_9994_00_actRSHB4,
0681_00,actSCF,None,0,Combatives_9994_00_actSCF,
0681_00,actSCN,None,0,Combatives_9994_00_actSCN,
0681_00,actSCP,None,0,Combatives_9994_00_actSCP,
0681_00,actSI1,None,0,Combatives_9994_actSI1,
0681_00,actSPC,2/2発目,1,Combatives_9994_00_actSPC,
0681_00,actSPM2HI,None,0,Combatives_0681_00_actSPM2_ADMHI,
0681_00,actTRPF,None,0,Combatives_9994_00_actTRPF,
0681_00,actTRW,None,0,Combatives_9994_00_actTRW,
0681_00,actTRW1P,None,0,Combatives_9994_actTRW1P,
0681_00,actTRWFT,None,0,Combatives_9994_00_actTRWFT,
0681_00,actTRWR,None,0,Combatives_9994_00_actTRWR,
0681_00,actULTHD1P,None,0,Combatives_0681_00_actULTHD1P,
0681_00,actULTHI,None,0,Combatives_0681_00_actULTHI,
0681_00,actVASF,None,0,Combatives_9994_00_actVASF,
0681_00,actZBD,None,0,Combatives_9994_00_actZBD,
0681_00,actZCBAD,None,0,Combatives_9994_00_actZCBAM,
0681_00,actZCBAL,None,0,Combatives_9994_00_actZCBAM,
0681_00,actZCBAM,None,0,Combatives_9994_00_actZCBAM,
0681_00,actZCBAR,None,0,Combatives_9994_00_actZCBAM,
0681_00,actZCBAU,None,0,Combatives_9994_00_actZCBAM,
0690_00,actARSHA3,1/2発目,0,Combatives_Common_actARSHA3M2_1,
0690_00,actARSHA3,None,0,,
0690_00,actARSHA3,2/2発目,1,Combatives_Common_actARSHA3M2_2F,
0690_00,actBSRA3,1/2発目,0,Combatives_Common_actBSRA3M2_1,
0690_00,actBSRA3,None,0,,
0690_00,actBSRA3,2/2発目,1,Combatives_Common_actBSRA3M2_2F,
0690_00,actDTWFT,None,0,Combatives_0690_00_actDTWFT,
0690_00,actEXA1,None,0,Combatives_0690_00_actEXA1,
0690_00,actRSHA3,1/2発目,0,Combatives_Common_actRSHA3M2_1,
0690_00,actRSHA3,None,0,,
0690_00,actRSHA3,2/2発目,1,Combatives_Common_actRSHA3M2_2F,
0690_00,actRSHSA3,1/2発目,0,Combatives_Common_actRSHSA3M2_1,
0690_00,actRSHSA3,None,0,,
0690_00,actRSHSA3,2/2発目,1,Combatives_Common_actRSHSA3M2_2F,
0690_00,actSINtG,None,0,Combatives_Common_actSINtG_Unblock,
0690_00,actSPM2SI,None,0,Combatives_0690_00_actSPM2SI,
0690_00,actSPM2SM,None,0,Combatives_0690_00_actSPM2SM,
0690_00,actTRWFT,None,0,Combatives_0690_00_actTRWFT,
0690_00,actTRWR,None,0,Combatives_0690_00_actTRWR,
0690_00,actULTHI,None,0,Combatives_0690_00_actULTHI,
0700_00,actDTWFT,None,0,Combatives_0700_00_actDTWFT,
0700_00,actEXA1,None,0,Combatives_0700_00_actEXA1,
0700_00,actSPM2HI,None,0,Combatives_0700_00_actSPM2_ADMHI,
0700_00,actTRWFT,None,0,Combatives_0700_01_actTRWFT,
0700_00,actTRWR,None,0,Combatives_0700_00_actTRWR,
0700_00,actULTHI,None,0,Combatives_0700_00_actULTHI,
0700_01,actDTWFT,None,0,Combatives_0700_01_actDTWFT,
0700_01,actEXA1,None,0,Combatives_0700_01_actEXA1,
0700_01,actSPM1HD1P,None,0,Combatives_0700_01_actSPM1HD1P,
0700_01,actSPM1HI,None,0,Combatives_0700_00_actSPM1HI,
0700_01,actSPM2HI,None,0,Combatives_0700_01_actSPM2_ADMHI,
0700_01,actTRWFT,None,0,Combatives_0700_01_actTRWFT,
0700_01,actTRWR,None,0,Combatives_0700_01_actTRWR,
0700_01,actULTHI,None,0,Combatives_0700_01_actULTHI,
0710_00,actARSHA2,1/2発目,0,Combatives_Common_actARSHA2M2_1,
0710_00,actARSHA2,None,0,,
0710_00,actARSHA2,2/2発目,1,Combatives_Common_actARSHA2M2_2F,
0710_00,actARSHB3,None,0,Combatives_Common_actARSHB3,CombativesSubParam_0710_00_actARSHB3
0710_00,actARSHB4,None,0,Combatives_Common_actARSHB4,CombativesSubParam_0710_00_actARSHB4
0710_00,actARSHB5,None,0,Combatives_Common_actARSHB5,CombativesSubParam_0710_00_actARSHB5
0710_00,actBSRA2,1/2発目,0,Combatives_Common_actBSRA2M2_1,
0710_00,actBSRA2,None,0,,
0710_00,actBSRA2,2/2発目,1,Combatives_Common_actBSRA2M2_2F,
0710_00,actBSRB3,None,0,Combatives_Common_actBSRB3,CombativesSubParam_0710_00_actBSRB3
0710_00,actBSRB4,None,0,Combatives_Common_actBSRB4,CombativesSubParam_0710_00_actBSRB4
0710_00,actDDS,None,0,Combatives_Common_actDDS_weak,
0710_00,actDTWFT,None,0,Combatives_0710_00_actDTWFT,
0710_00,actEXA1,None,0,Combatives_0710_00_actEXA1,
0710_00,actHC3,None,0,Combatives_Common_actHC3,CombativesSubParam_0710_00_actHC3
0710_00,actRSHA2,1/2発目,0,Combatives_Common_actRSHA2M2_1,
0710_00,actRSHA2,None,0,,
0710_00,actRSHA2,2/2発目,1,Combatives_Common_actRSHA2M2_2F,
0710_00,actRSHB3,None,0,Combatives_Common_actRSHB3,CombativesSubParam_0710_00_actRSHB3
0710_00,actRSHB4,None,0,Combatives_Common_actRSHB4,CombativesSubParam_0710_00_actRSHB4
0710_00,actRSHB5,None,0,Combatives_Common_actRSHB5,CombativesSubParam_0710_00_actRSHB5
0710_00,actRSHSB3,None,0,Combatives_Common_actRSHSB3,CombativesSubParam_0710_00_actRSHSB3
0710_00,actRSHSB4,None,0,Combatives_Common_actRSHSB4,CombativesSubParam_0710_00_actRSHSB4
0710_00,actRVCOM,None,0,Combatives_Common_actDDS_weak,
0710_00,actSPM1SM,None,0,Combatives_Common_actDDS_weak,
0710_00,actSPM2HI,None,0,Combatives_0710_00_actSPM2_ADMHI,
0710_00,actSPM2SM,None,0,Combatives_Common_actDDS_weak,
0710_00,actSPM3SM,None,0,Combatives_Common_actDDS_weak,
0710_00,actSSW1PFN,None,0,Combatives_Common_actSSW1PFN,CombativesSubParam_0710_00_actSSW1PFN
0710_00,actTRWFT,None,0,Combatives_0710_00_actTRWFT,
0710_00,actTRWR,None,0,Combatives_0710_00_actTRWR,
0710_00,actULTHI,None,0,Combatives_0710_00_actULTHI,
0710_00,actULTSM,None,0,Combatives_Common_actDDS_weak,
0720_00,actARSHA3,1/3発目,0,Combatives_Common_actARSHA3M3_1,
0720_00,actARSHA3,None,0,,
0720_00,actARSHA3,2/3発目,1,Combatives_Common_actARSHA3M3_2,
0720_00,actARSHA3,3/3発目,2,Combatives_Common_actARSHA3M3_3F,
0720_00,actBSRA3,1/3発目,0,Combatives_Common_actBSRA3M3_1,
0720_00,actBSRA3,None,0,,
0720_00,actBSRA3,2/3発目,1,Combatives_Common_actBSRA3M3_2,
0720_00,actBSRA3,3/3発目,2,Combatives_Common_actBSRA3M3_3F,
0720_00,actDDS,None,0,Combatives_Common_actDDS_weak,
0720_00,actDTWFT,None,0,Combatives_0720_00_actDTWFT,
0720_00,actEXA1,None,0,Combatives_0720_00_actEXA1,
0720_00,actRSHA3,1/3発目,0,Combatives_Common_actRSHA3M3_1,
0720_00,actRSHA3,None,0,,
0720_00,actRSHA3,2/3発目,1,Combatives_Common_actRSHA3M3_2,
0720_00,actRSHA3,3/3発目,2,Combatives_Common_actRSHA3M3_3F,
0720_00,actRSHSA3,1/3発目,0,Combatives_Common_actRSHSA3M3_1,
0720_00,actRSHSA3,None,0,,
0720_00,actRSHSA3,2/3発目,1,Combatives_Common_actRSHSA3M3_2,
0720_00,actRSHSA3,3/3発目,2,Combatives_Common_actRSHSA3M3_3F,
0720_00,actRVCOM,None,0,Combatives_Common_actDDS_weak,
0720_00,actSPC,2/2発目,1,Combatives_Common_actSPC_NoHIT,
0720_00,actSPM1SM,None,0,Combatives_Common_actDDS_weak,
0720_00,actSPM2HI,None,0,Combatives_0720_00_actSPM2_ADMHI,
0720_00,actSPM2SM,None,0,Combatives_Common_actDDS_weak,
0720_00,actSPM3SM,None,0,Combatives_Common_actDDS_weak,
0720_00,actTRWFT,None,0,Combatives_0720_00_actTRWFT,
0720_00,actTRWR,None,0,Combatives_0720_00_actTRWR,
0720_00,actULTHI,None,0,Combatives_0720_00_actULTHI,
0720_00,actULTSM,None,0,Combatives_Common_actDDS_weak,
0730_00,actARSHB1,None,0,Combatives_Common_actARSHB1,CombativesSubParam_0730_00_actARSHB1
0730_00,actARSHB2,None,0,Combatives_Common_actARSHB2,CombativesSubParam_0730_00_actARSHB2
0730_00,actARSHB3,1/2発目,0,Combatives_Common_actARSHB3M2_1,CombativesSubParam_0730_00_actARSHB3
0730_00,actARSHB3,None,0,,
0730_00,actARSHB3,2/2発目,1,Combatives_Common_actARSHB3M2_2F,CombativesSubParam_0730_00_actARSHB3
0730_00,actARSHB4,None,0,Combatives_Common_actARSHB4,CombativesSubParam_0730_00_actARSHB4
0730_00,actARSHB5,None,0,Combatives_Common_actARSHB5,CombativesSubParam_0730_00_actARSHB5
0730_00,actASMDF,None,0,Combatives_Common_actASMDF,CombativesSubParam_0730_00_actASMDF
0730_00,actBSA,None,0,Combatives_Common_actBSA,CombativesSubParam_0730_00_actBSA
0730_00,actBSFD,None,0,Combatives_Common_actBSFD,CombativesSubParam_0730_00_actBSFD
0730_00,actBSRB1,None,0,Combatives_Common_actBSRB1,CombativesSubParam_0730_00_actBSRB1
0730_00,actBSRB2,None,0,Combatives_Common_actBSRB2,CombativesSubParam_0730_00_actBSRB2
0730_00,actBSRB3,1/2発目,0,Combatives_Common_actBSRB3M2_1,CombativesSubParam_0730_00_actBSRB3
0730_00,actBSRB3,None,0,,
0730_00,actBSRB3,2/2発目,1,Combatives_Common_actBSRB3M2_2F,CombativesSubParam_0730_00_actBSRB3
0730_00,actBSRB4,None,0,Combatives_Common_actBSRB4,CombativesSubParam_0730_00_actBSRB4
0730_00,actBSSD,None,0,Combatives_Common_actBSSD,CombativesSubParam_0730_00_actBSSD
0730_00,actBSSL,None,0,Combatives_Common_actBSSL,CombativesSubParam_0730_00_actBSSL
0730_00,actBSSR,None,0,Combatives_Common_actBSSR,CombativesSubParam_0730_00_actBSSR
0730_00,actCAS,None,0,Combatives_Common_actCAS,CombativesSubParam_0730_00_actCAS
0730_00,actCOA0,None,0,Combatives_Common_actCOA0,CombativesSubParam_0730_00_actCOA0
0730_00,actCRFVE,None,0,Combatives_Common_actCRFVE,CombativesSubParam_0730_00_actCRFVE
0730_00,actDDADF,None,0,Combatives_Common_actDDADF,CombativesSubParam_0730_00_actDDADF
0730_00,actDDADN,None,0,Combatives_Common_actDDADN,CombativesSubParam_0730_00_actDDADN
0730_00,actDDADP,None,0,Combatives_Common_actDDADP,CombativesSubParam_0730_00_actDDADP
0730_00,actDDALF,None,0,Combatives_Common_actDDALF,CombativesSubParam_0730_00_actDDALF
0730_00,actDDALN,None,0,Combatives_Common_actDDALN,CombativesSubParam_0730_00_actDDALN
0730_00,actDDALP,None,0,Combatives_Common_actDDALP,CombativesSubParam_0730_00_actDDALP
0730_00,actDDARF,None,0,Combatives_Common_actDDARF,CombativesSubParam_0730_00_actDDARF
0730_00,actDDARN,None,0,Combatives_Common_actDDARN,CombativesSubParam_0730_00_actDDARN
0730_00,actDDARP,None,0,Combatives_Common_actDDARP,CombativesSubParam_0730_00_actDDARP
0730_00,actDDS,None,0,Combatives_Common_actDDS_weak,
0730_00,actDS1,None,0,Combatives_Common_actDS1,CombativesSubParam_0730_00_actDS1
0730_00,actDS2,None,0,Combatives_Common_actDS2,CombativesSubParam_0730_00_actDS2
0730_00,actDSMD,None,0,Combatives_Common_actDSMD,CombativesSubParam_0730_00_actDSMD
0730_00,actDSML,None,0,Combatives_Common_actDSML,CombativesSubParam_0730_00_actDSML
0730_00,actDSMR,None,0,Combatives_Common_actDSMR,CombativesSubParam_0730_00_actDSMR
0730_00,actDT3,None,0,Combatives_Common_actDT3,CombativesSubParam_0730_00_actDT3
0730_00,actDTW1P,None,0,Combatives_Common_actDTW1P,
0730_00,actDTWFT,None,0,Combatives_0730_00_actDTWFT,
0730_00,actEXA1,None,0,Combatives_0730_00_actEXA1,
0730_00,actGSF,None,0,Combatives_Common_actGSF,CombativesSubParam_0730_00_actGSF
0730_00,actGSN,None,0,Combatives_Common_actGSN,CombativesSubParam_0730_00_actGSN
0730_00,actGSP,None,0,Combatives_Common_actGSP,CombativesSubParam_0730_00_actGSP
0730_00,actHC1,None,0,Combatives_Common_actHC1,CombativesSubParam_0730_00_actHC1
0730_00,actHC2,None,0,Combatives_Common_actHC2,CombativesSubParam_0730_00_actHC2
0730_00,actHC3,None,0,Combatives_Common_actHC3,CombativesSubParam_0730_00_actHC3
0730_00,actLFF,None,0,Combatives_Common_actLFF,CombativesSubParam_0730_00_actLFF
0730_00,actLFN,None,0,Combatives_Common_actLFN,CombativesSubParam_0730_00_actLFN
0730_00,actLFP,None,0,Combatives_Common_actLFP,CombativesSubParam_0730_00_actLFP
0730_00,actPP2,None,0,Combatives_Common_actPP2,CombativesSubParam_0730_00_actPP2
0730_00,actRH1L,None,0,Combatives_Common_actRH1L,CombativesSubParam_0730_00_actRH1L
0730_00,actRH1R,None,0,Combatives_Common_actRH1R,CombativesSubParam_0730_00_actRH1R
0730_00,actRHFL,None,0,Combatives_Common_actRHFL,CombativesSubParam_0730_00_actRHFL
0730_00,actRHFR,None,0,Combatives_Common_actRHFR,CombativesSubParam_0730_00_actRHFR
0730_00,actRHNL,None,0,Combatives_Common_actRHNL,CombativesSubParam_0730_00_actRHNL
0730_00,actRHNR,None,0,Combatives_Common_actRHNR,CombativesSubParam_0730_00_actRHNR
0730_00,actRHPL,None,0,Combatives_Common_actRHPL,CombativesSubParam_0730_00_actRHPL
0730_00,actRHPR,None,0,Combatives_Common_actRHPR,CombativesSubParam_0730_00_actRHPR
0730_00,actRI2,None,0,Combatives_Common_actRI2,CombativesSubParam_0730_00_actRI2
0730_00,actRIAD,None,0,Combatives_Common_actRIAD,CombativesSubParam_0730_00_actRIAD
0730_00,actRSHB1,None,0,Combatives_Common_actRSHB1,CombativesSubParam_0730_00_actRSHB1
0730_00,actRSHB2,None,0,Combatives_Common_actRSHB2,CombativesSubParam_0730_00_actRSHB2
0730_00,actRSHB3,1/2発目,0,Combatives_Common_actRSHB3M2_1,CombativesSubParam_0730_00_actRSHB3
0730_00,actRSHB3,None,0,,
0730_00,actRSHB3,2/2発目,1,Combatives_Common_actRSHB3M2_2F,CombativesSubParam_0730_00_actRSHB3
0730_00,actRSHB4,None,0,Combatives_Common_actRSHB4,CombativesSubParam_0730_00_actRSHB4
0730_00,actRSHB5,None,0,Combatives_Common_actRSHB5,CombativesSubParam_0730_00_actRSHB5
0730_00,actRSHSB1,None,0,Combatives_Common_actRSHSB1,CombativesSubParam_0730_00_actRSHSB1
0730_00,actRSHSB2,None,0,Combatives_Common_actRSHSB2,CombativesSubParam_0730_00_actRSHSB2
0730_00,actRSHSB3,1/2発目,0,Combatives_Common_actRSHSB3M2_1,CombativesSubParam_0730_00_actRSHSB3
0730_00,actRSHSB3,None,0,,
0730_00,actRSHSB3,2/2発目,1,Combatives_Common_actRSHSB3M2_2F,CombativesSubParam_0730_00_actRSHSB3
0730_00,actRSHSB4,None,0,Combatives_Common_actRSHSB4,CombativesSubParam_0730_00_actRSHSB4
0730_00,actRVCOM,None,0,Combatives_Common_actDDS_weak,
0730_00,actSI2,None,0,Combatives_Common_actSI2,CombativesSubParam_0730_00_actSI2
0730_00,actSMDF,None,0,Combatives_Common_actSMDF,CombativesSubParam_0730_00_actSMDF
0730_00,actSMDH,None,0,Combatives_Common_actSMDH,CombativesSubParam_0730_00_actSMDH
0730_00,actSMDJ,None,0,Combatives_Common_actSMDJ,CombativesSubParam_0730_00_actSMDJ
0730_00,actSMDN,None,0,Combatives_Common_actSMDN,CombativesSubParam_0730_00_actSMDN
0730_00,actSMDP,None,0,Combatives_Common_actSMDP,CombativesSubParam_0730_00_actSMDP
0730_00,actSMLF,None,0,Combatives_Common_actSMLF,CombativesSubParam_0730_00_actSMLF
0730_00,actSMLH,None,0,Combatives_Common_actSMLH,CombativesSubParam_0730_00_actSMLH
0730_00,actSMLJ,None,0,Combatives_Common_actSMLJ,CombativesSubParam_0730_00_actSMLJ
0730_00,actSMLN,None,0,Combatives_Common_actSMLN,CombativesSubParam_0730_00_actSMLN
0730_00,actSMLP,None,0,Combatives_Common_actSMLP,CombativesSubParam_0730_00_actSMLP
0730_00,actSMRF,None,0,Combatives_Common_actSMRF,CombativesSubParam_0730_00_actSMRF
0730_00,actSMRH,None,0,Combatives_Common_actSMRH,CombativesSubParam_0730_00_actSMRH
0730_00,actSMRJ,None,0,Combatives_Common_actSMRJ,CombativesSubParam_0730_00_actSMRJ
0730_00,actSMRN,None,0,Combatives_Common_actSMRN,CombativesSubParam_0730_00_actSMRN
0730_00,actSMRP,None,0,Combatives_Common_actSMRP,CombativesSubParam_0730_00_actSMRP
0730_00,actSPC,2/2発目,1,Combatives_Common_actSPC_NoHIT,
0730_00,actSPM1SM,None,0,Combatives_Common_actDDS_weak,
0730_00,actSPM2HI,None,0,Combatives_0730_00_actSPM2_ADMHI,
0730_00,actSPM2SM,None,0,Combatives_Common_actDDS_weak,
0730_00,actSPM3SM,None,0,Combatives_Common_actDDS_weak,
0730_00,actSSA,None,0,Combatives_Common_actSSA,CombativesSubParam_0730_00_actSSA
0730_00,actSZCADA,None,0,Combatives_Common_actSZCADA,CombativesSubParam_0730_00_actSZCADA
0730_00,actSZCALA,None,0,Combatives_Common_actSZCALA,CombativesSubParam_0730_00_actSZCALA
0730_00,actSZCARA,None,0,Combatives_Common_actSZCARA,CombativesSubParam_0730_00_actSZCARA
0730_00,actSZCVS,None,0,Combatives_Common_actSZCVS,CombativesSubParam_0730_00_actSZCVS
0730_00,actTRWFT,None,0,Combatives_0730_00_actTRWFT,CombativesSubParam_0730_00_actTRWFT
0730_00,actTRWR,None,0,Combatives_0730_00_actTRWR,CombativesSubParam_0730_00_actTRWR
0730_00,actULTHD1P,None,0,Combatives_0730_00_actULTHD1P,
0730_00,actULTHI,None,0,Combatives_0730_00_actULTHI,
0730_00,actULTSM,None,0,Combatives_Common_actDDS_weak,
0730_00,actVAAD,None,0,Combatives_Common_actVAAD,CombativesSubParam_0730_00_actVAAD
0730_00,actVAAL,None,0,Combatives_Common_actVAAL,CombativesSubParam_0730_00_actVAAL
0730_00,actVAAR,None,0,Combatives_Common_actVAAR,CombativesSubParam_0730_00_actVAAR
0730_00,actVASN,None,0,Combatives_Common_actVASN,CombativesSubParam_0730_00_actVASN
0730_00,actZCBAD,None,0,Combatives_Common_actZCBAD,CombativesSubParam_0730_00_actZCBAD
0730_00,actZCBAL,None,0,Combatives_Common_actZCBAL,CombativesSubParam_0730_00_actZCBAL
0730_00,actZCBAR,None,0,Combatives_Common_actZCBAR,CombativesSubParam_0730_00_actZCBAR
0730_00,actZCOD,None,0,Combatives_Common_actZCOD,CombativesSubParam_0730_00_actZCOD
0730_00,actZCOL,None,0,Combatives_Common_actZCOL,CombativesSubParam_0730_00_actZCOL
0730_00,actZCOR,None,0,Combatives_Common_actZCOR,CombativesSubParam_0730_00_actZCOR
0760_00,actDDS,None,0,Combatives_Common_actDDS_weak,
0760_00,actDTW1P,None,0,Combatives_Common_actDTW1P,
0760_00,actDTWFT,None,0,Combatives_0760_00_actDTWFT,
0760_00,actRVCOM,None,0,Combatives_Common_actDDS_weak,
0760_00,actSINtGSPM1,None,0,Combatives_Common_actSINtG_Unblock,
0760_00,actSPC,2/2発目,1,Combatives_Common_actSPC_NoHIT,
0760_00,actSPM1SI,None,0,Combatives_0760_00_actSPM1SI,
0760_00,actSPM1SM,None,0,Combatives_Common_actDDS_weak,
0760_00,actSPM2HI,None,0,Combatives_0760_00_actSPM2HI,
0760_00,actSPM2SM,None,0,Combatives_Common_actDDS_weak,
0760_00,actSPM3SM,None,0,Combatives_Common_actDDS_weak,
0760_00,actTRWFT,None,0,Combatives_0760_00_actTRWFT,
0760_00,actTRWR,None,0,Combatives_0760_00_actTRWR,
0760_00,actULTHI,None,0,Combatives_0760_00_actULTHI,
0760_00,actULTSM,None,0,Combatives_Common_actDDS_weak,
0780_00,actDTWFT,None,0,Combatives_0780_00_actDTWFT,
0780_00,actEXA1,None,0,Combatives_0780_00_actEXA1,
0780_00,actSPM2HI,None,0,Combatives_0780_00_actSPM2_ADMHI,
0780_00,actTRWFT,None,0,Combatives_0780_00_actTRWFT,
0780_00,actTRWR,None,0,Combatives_0780_00_actTRWR,
0780_00,actULTHI,None,0,Combatives_0780_00_actULTHI,
0790_00,actDTW1P,None,0,Combatives_Common_actDTW1P,
0790_00,actDTWFT,None,0,Combatives_0790_00_actDTWFT,
0790_00,actEXA1,None,0,Combatives_0790_00_actEXA1,
0790_00,actSPM2HI,None,0,Combatives_0790_00_actSPM2_ADMHI,
0790_00,actTRWFT,None,0,Combatives_0790_00_actTRWFT,
0790_00,actTRWR,None,0,Combatives_0790_00_actTRWR,
0790_00,actULTHI,None,0,Combatives_0790_00_actULTHI,
0800_00,actDTWFT,None,0,Combatives_0800_00_actDTWFT,
0800_00,actSINtG,None,0,Combatives_Common_actSINtG_Unblock_DEMO,
0800_00,actSPM2HI,None,0,Combatives_0800_00_actSPM2_ADMHI,
0800_00,actSPM2SI,None,0,Combatives_Common_actSPMSI_Throw,
0800_00,actTRWFT,None,0,Combatives_0800_00_actTRWFT,
0800_00,actTRWR,None,0,Combatives_0800_00_actTRWR,
0800_00,actULTHI,None,0,Combatives_0800_00_actULT_SDMHI,
0800_00,actULTSI,None,0,,
0800_01,actARSHA3,1/2発目,0,Combatives_Common_actARSHA3M2_1,
0800_01,actARSHA3,2/2発目,1,Combatives_Common_actARSHA3M2_2F,
0800_01,actARSHA4,1/3発目,0,Combatives_Common_actARSHA4M3_1,
0800_01,actARSHA4,2/3発目,1,Combatives_Common_actARSHA4M3_2,
0800_01,actARSHA4,3/3発目,2,Combatives_Common_actARSHA4M3_3F,
0800_01,actBSRA3,1/2発目,0,Combatives_Common_actBSRA3M2_1,
0800_01,actBSRA3,2/2発目,1,Combatives_Common_actBSRA3M2_2F,
0800_01,actBSRA4,1/3発目,0,Combatives_Common_actBSRA4M3_1,
0800_01,actBSRA4,2/3発目,1,Combatives_Common_actBSRA4M3_2,
0800_01,actBSRA4,3/3発目,2,Combatives_Common_actBSRA4M3_3F,
0800_01,actDTWFT,None,0,Combatives_0800_01_actDTWFT,
0800_01,actEXA1,None,0,Combatives_0800_01_actEXA1,
0800_01,actRSHA3,1/2発目,0,Combatives_Common_actRSHA3M2_1,
0800_01,actRSHA3,2/2発目,1,Combatives_Common_actRSHA3M2_2F,
0800_01,actRSHA4,1/3発目,0,Combatives_Common_actRSHA4M3_1,
0800_01,actRSHA4,2/3発目,1,Combatives_Common_actRSHA4M3_2,
0800_01,actRSHA4,3/3発目,2,Combatives_Common_actRSHA4M3_3F,
0800_01,actRSHSA3,1/2発目,0,Combatives_Common_actRSHSA3M2_1,
0800_01,actRSHSA3,2/2発目,1,Combatives_Common_actRSHSA3M2_2F,
0800_01,actRSHSA4,1/3発目,0,Combatives_Common_actRSHSA4M3_1,
0800_01,actRSHSA4,2/3発目,1,Combatives_Common_actRSHSA4M3_2,
0800_01,actRSHSA4,3/3発目,2,Combatives_Common_actRSHSA4M3_3F,
0800_01,actSPM2HI,None,0,Combatives_0800_01_actSPM2_ADMHI,
0800_01,actTRWFT,None,0,Combatives_0800_01_actTRWFT,
0800_01,actTRWR,None,0,Combatives_0800_01_actTRWR,
0800_01,actULTHI,None,0,Combatives_0800_01_actULTHI,
0810_00,actDTWFT,None,0,Combatives_0810_00_actDTWFT,
0810_00,actEXA1,None,0,Combatives_0810_00_actEXA1,
0810_00,actSPM2HI,None,0,Combatives_0810_00_actSPM2_ADMHI,
0810_00,actTRWFT,None,0,Combatives_0810_00_actTRWFT,
0810_00,actTRWR,None,0,Combatives_0810_00_actTRWR,
0810_00,actULTHI,None,0,Combatives_0810_00_actULTHI,
0810_01,actARSHA4,1/3発目,0,Combatives_Common_actARSHA4M3_1,
0810_01,actARSHA4,2/3発目,1,Combatives_Common_actARSHA4M3_2,
0810_01,actARSHA4,3/3発目,2,Combatives_Common_actARSHA4M3_3F,
0810_01,actBSRA4,1/3発目,0,Combatives_Common_actBSRA4M3_1,
0810_01,actBSRA4,2/3発目,1,Combatives_Common_actBSRA4M3_2,
0810_01,actBSRA4,3/3発目,2,Combatives_Common_actBSRA4M3_3F,
0810_01,actDTWFT,None,0,Combatives_0810_01_actDTWFT,
0810_01,actEXA1,None,0,Combatives_0810_01_actEXA1,
0810_01,actEXA2,None,0,Combatives_Common_actEXA_SPC_BOM,
0810_01,actRSHA4,1/3発目,0,Combatives_Common_actRSHA4M3_1,
0810_01,actRSHA4,2/3発目,1,Combatives_Common_actRSHA4M3_2,
0810_01,actRSHA4,3/3発目,2,Combatives_Common_actRSHA4M3_3F,
0810_01,actRSHSA4,1/3発目,0,Combatives_Common_actRSHSA4M3_1,
0810_01,actRSHSA4,2/3発目,1,Combatives_Common_actRSHSA4M3_2,
0810_01,actRSHSA4,3/3発目,2,Combatives_Common_actRSHSA4M3_3F,
0810_01,actSPM2HI,None,0,Combatives_0810_01_actSPM2_ADMHI,
0810_01,actTRWFT,None,0,Combatives_0810_01_actTRWFT,
0810_01,actTRWR,None,0,Combatives_0810_01_actTRWR,
0810_01,actULTHI,None,0,Combatives_0810_01_actULTHI,
0811_00,actARSHA4,1/3発目,0,Combatives_Common_actARSHA4M3_1,
0811_00,actARSHA4,None,0,,
0811_00,actARSHA4,2/3発目,1,Combatives_Common_actARSHA4M3_2,
0811_00,actARSHA4,3/3発目,2,Combatives_Common_actARSHA4M3_3F,
0811_00,actARSHB4,1/2発目,0,Combatives_Common_actARSHB4M2_1,
0811_00,actARSHB4,None,0,,
0811_00,actARSHB4,2/2発目,1,Combatives_Common_actARSHB4M2_2F,
0811_00,actBSRA4,1/3発目,0,Combatives_Common_actBSRA4M3_1,
0811_00,actBSRA4,None,0,,
0811_00,actBSRA4,2/3発目,1,Combatives_Common_actBSRA4M3_2,
0811_00,actBSRA4,3/3発目,2,Combatives_Common_actBSRA4M3_3F,
0811_00,actBSRB4,1/2発目,0,Combatives_Common_actBSRB4M2_1,
0811_00,actBSRB4,None,0,,
0811_00,actBSRB4,2/2発目,1,Combatives_Common_actBSRB4M2_2F,
0811_00,actDTWFT,None,0,Combatives_0811_00_actDTWFT,
0811_00,actEXA1,None,0,Combatives_0811_00_actEXA1,
0811_00,actRSHA4,1/3発目,0,Combatives_Common_actRSHA4M3_1,
0811_00,actRSHA4,None,0,,
0811_00,actRSHA4,2/3発目,1,Combatives_Common_actRSHA4M3_2,
0811_00,actRSHA4,3/3発目,2,Combatives_Common_actRSHA4M3_3F,
0811_00,actRSHB4,1/2発目,0,Combatives_Common_actRSHB4M2_1,
0811_00,actRSHB4,None,0,,
0811_00,actRSHB4,2/2発目,1,Combatives_Common_actRSHB4M2_2F,
0811_00,actRSHSA4,1/3発目,0,Combatives_Common_actRSHSA4M3_1,
0811_00,actRSHSA4,None,0,,
0811_00,actRSHSA4,2/3発目,1,Combatives_Common_actRSHSA4M3_2,
0811_00,actRSHSA4,3/3発目,2,Combatives_Common_actRSHSA4M3_3F,
0811_00,actRSHSB4,1/2発目,0,Combatives_Common_actRSHSB4M2_1,
0811_00,actRSHSB4,None,0,,
0811_00,actRSHSB4,2/2発目,1,Combatives_Common_actRSHSB4M2_2F,
0811_00,actSINtGUB,None,0,Combatives_Common_actSINtGUB_High3,
0811_00,actSPM2HI,None,0,Combatives_0811_00_actSPM2_ADMHI,
0811_00,actTRWFT,None,0,Combatives_0811_00_actTRWFT,
0811_00,actTRWR,None,0,Combatives_0811_00_actTRWR,
0811_00,actULTHD1P,None,0,Combatives_Common_actULTHD1P_High3,
0811_00,actULTHI,None,0,Combatives_0811_00_actULTHI,
0820_00,actDTWFT,None,0,Combatives_0820_00_actDTWFT,
0820_00,actEXA1,None,0,Combatives_0820_00_actEXA1,
0820_00,actEXA2,None,0,Combatives_Common_actEXA_SPC_BOM,
0820_00,actSPM2HI,None,0,Combatives_0820_00_actSPM2_ADMHI,
0820_00,actTRWFT,None,0,Combatives_0820_00_actTRWFT,
0820_00,actTRWR,None,0,Combatives_0820_00_actTRWR,
0820_00,actULTHI,None,0,Combatives_0820_00_actULTHI,
0830_00,actDDS,None,0,Combatives_Common_actDDS_weak,
0830_00,actDTW1P,None,0,Combatives_Common_actDTW1P,
0830_00,actDTWFT,None,0,Combatives_0830_00_actDTWFT,
0830_00,actEXA1,None,0,Combatives_Common_actEXA_FLS,
0830_00,actRVCOM,None,0,Combatives_Common_actDDS_weak,
0830_00,actSPC,2/2発目,1,Combatives_Common_actSPC_NoHIT,
0830_00,actSPM1SM,None,0,Combatives_Common_actDDS_weak,
0830_00,actSPM2HI,None,0,Combatives_0830_00_actSPM2HI,
0830_00,actSPM2SM,None,0,Combatives_Common_actDDS_weak,
0830_00,actSPM3SM,None,0,Combatives_Common_actDDS_weak,
0830_00,actTRWFT,None,0,Combatives_0830_00_actTRWFT,
0830_00,actTRWR,None,0,Combatives_0830_00_actTRWR,
0830_00,actULTHI,None,0,Combatives_0830_00_actULTHI,
0830_00,actULTSM,None,0,Combatives_Common_actDDS_weak,
0870_00,actARSHA3,1/3発目,0,Combatives_Common_actARSHA3M3_1,
0870_00,actARSHA3,None,0,,
0870_00,actARSHA3,2/3発目,1,Combatives_Common_actARSHA3M3_2,
0870_00,actARSHA3,3/3発目,2,Combatives_Common_actARSHA3M3_3F,
0870_00,actARSHB2,1/2発目,0,Combatives_Common_actARSHB2M2_1,
0870_00,actARSHB2,None,0,,
0870_00,actARSHB2,2/2発目,1,Combatives_Common_actARSHB2M2_2F,
0870_00,actBSRA3,1/3発目,0,Combatives_Common_actBSRA3M3_1,
0870_00,actBSRA3,None,0,,
0870_00,actBSRA3,2/3発目,1,Combatives_Common_actBSRA3M3_2,
0870_00,actBSRA3,3/3発目,2,Combatives_Common_actBSRA3M3_3F,
0870_00,actBSRB2,1/2発目,0,Combatives_Common_actBSRB2M2_1,
0870_00,actBSRB2,None,0,,
0870_00,actBSRB2,2/2発目,1,Combatives_Common_actBSRB2M2_2F,
0870_00,actDTW1P,None,0,Combatives_Common_actDTW1P,
0870_00,actDTWFT,None,0,Combatives_0870_00_actDTWFT,
0870_00,actRSHA3,1/3発目,0,Combatives_Common_actRSHA3M3_1,
0870_00,actRSHA3,None,0,,
0870_00,actRSHA3,2/3発目,1,Combatives_Common_actRSHA3M3_2,
0870_00,actRSHA3,3/3発目,2,Combatives_Common_actRSHA3M3_3F,
0870_00,actRSHB2,1/2発目,0,Combatives_Common_actRSHB2M2_1,
0870_00,actRSHB2,None,0,,
0870_00,actRSHB2,2/2発目,1,Combatives_Common_actRSHB2M2_2F,
0870_00,actRSHSA3,1/3発目,0,Combatives_Common_actRSHSA3M3_1,
0870_00,actRSHSA3,None,0,,
0870_00,actRSHSA3,2/3発目,1,Combatives_Common_actRSHSA3M3_2,
0870_00,actRSHSA3,3/3発目,2,Combatives_Common_actRSHSA3M3_3F,
0870_00,actRSHSB2,1/2発目,0,Combatives_Common_actRSHSB2M2_1,
0870_00,actRSHSB2,None,0,,
0870_00,actRSHSB2,2/2発目,1,Combatives_Common_actRSHSB2M2_2F,
0870_00,actSPM2HI,None,0,Combatives_0870_00_actSPM2_ADMHI,
0870_00,actTRWFT,None,0,Combatives_0870_00_actTRWFT,
0870_00,actTRWR,None,0,Combatives_0870_00_actTRWR,
0870_00,actULTHI,None,0,Combatives_0870_00_actULTHI,
0881_00,actDTWFT,None,0,Combatives_0881_00_actDTWFT,
0881_00,actEXA1,None,0,Combatives_0881_00_actEXA1,
0881_00,actSPM2HI,None,0,Combatives_0881_00_actSPM2_ADMHI,
0881_00,actTRWFT,None,0,Combatives_0881_00_actTRWFT,
0881_00,actTRWR,None,0,Combatives_0881_00_actTRWR,
0881_00,actULTHI,None,0,Combatives_0881_00_actULTHI,
0890_00,actDTWFT,None,0,Combatives_0890_00_actDTWFT,
0890_00,actEXA1,None,0,Combatives_0890_00_actEXA1,
0890_00,actEXA2,None,0,Combatives_Common_actEXA_SPC_BOM,
0890_00,actSPM2HI,None,0,Combatives_0890_00_actSPM2_ADMHI,
0890_00,actTRWFT,None,0,Combatives_0890_00_actTRWFT,
0890_00,actTRWR,None,0,Combatives_0890_00_actTRWR,
0890_00,actULTHI,None,0,Combatives_0890_00_actULTHI,
0890_01,actDTWFT,None,0,Combatives_0890_01_actDTWFT,
0890_01,actEXA1,None,0,Combatives_0890_01_actEXA1,
0890_01,actSPM2HI,None,0,Combatives_0890_01_actSPM2_ADMHI,
0890_01,actTRWFT,None,0,Combatives_0890_01_actTRWFT,
0890_01,actTRWR,None,0,Combatives_0890_01_actTRWR,
0890_01,actULTHI,None,0,Combatives_0890_01_actULTHI,
0890_02,actDTWFT,None,0,Combatives_0890_02_actDTWFT,
0890_02,actEXA1,None,0,Combatives_0890_02_actEXA1,
0890_02,actEXA2,None,0,Combatives_Common_actEXA_SPC_BOM,
0890_02,actSPM2HI,None,0,Combatives_0890_02_actSPM2_ADMHI,
0890_02,actTRWFT,None,0,Combatives_0890_02_actTRWFT,
0890_02,actTRWR,None,0,Combatives_0890_02_actTRWR,
0890_02,actULTHI,None,0,Combatives_0890_02_actULTHI,
0900_00,actDTWFT,None,0,Combatives_0900_00_actDTWFT,
0900_00,actEXA1,None,0,Combatives_0900_00_actEXA1,
0900_00,actSPM2HI,None,0,Combatives_0900_00_actSPM2_ADMHI,
0900_00,actTRWFT,None,0,Combatives_0900_00_actTRWFT,
0900_00,actTRWR,None,0,Combatives_0900_00_actTRWR,
0900_00,actULTHI,None,0,Combatives_0900_00_actULTHI,
0900_02,actDTWFT,None,0,Combatives_0900_02_actDTWFT,
0900_02,actEXA1,None,0,Combatives_0900_02_actEXA1,
0900_02,actEXA2,None,0,Combatives_Common_actEXA_SPC_BOM,
0900_02,actSPM2HI,None,0,Combatives_0900_02_actSPM2_ADMHI,
0900_02,actTRWFT,None,0,Combatives_0900_02_actTRWFT,
0900_02,actTRWR,None,0,Combatives_0900_02_actTRWR,
0900_02,actULTHD1P,None,0,Combatives_Common_actULTHD1P_High1,
0900_02,actULTHI,None,0,Combatives_0900_02_actULTHI,
0910_00,actDTW1P,None,0,Combatives_Common_actDTW1P,
0910_00,actDTWFT,None,0,Combatives_0910_00_actDTWFT,
0910_00,actEXA2,None,0,Combatives_Common_actEXA_SPC_BOM,
0910_00,actRSHB4,None,0,Combatives_Common_actRSHB4_sl,
0910_00,actSPM2SI,None,0,,
0910_00,actTRWFT,None,0,Combatives_0910_00_actTRWFT,
0910_00,actTRWR,None,0,Combatives_0910_00_actTRWR,
0910_00,actULTHI,None,0,Combatives_0910_00_actULTHI,
0911_00,actARSHA3,1/2発目,0,Combatives_Common_actARSHA3M2_1,
0911_00,actARSHA3,None,0,,
0911_00,actARSHA3,2/2発目,1,Combatives_Common_actARSHA3M2_2F,
0911_00,actARSHA4,1/2発目,0,Combatives_Common_actARSHA4M2_1,
0911_00,actARSHA4,None,0,,
0911_00,actARSHA4,2/2発目,1,Combatives_Common_actARSHA4M2_2F,
0911_00,actBSRA3,1/2発目,0,Combatives_Common_actBSRA3M2_1,
0911_00,actBSRA3,None,0,,
0911_00,actBSRA3,2/2発目,1,Combatives_Common_actBSRA3M2_2F,
0911_00,actBSRA4,1/2発目,0,Combatives_Common_actBSRA4M2_1,
0911_00,actBSRA4,None,0,,
0911_00,actBSRA4,2/2発目,1,Combatives_Common_actBSRA4M2_2F,
0911_00,actDTWFT,None,0,Combatives_0911_00_actDTWFT,
0911_00,actEXA1,None,0,Combatives_0911_00_actEXA1,
0911_00,actEXA2,None,0,Combatives_Common_actEXA_SPC_BOM,
0911_00,actRSHA1,None,0,Combatives_Common_actRSHA1_sl,
0911_00,actRSHA2,None,0,Combatives_Common_actRSHA2_sl,
0911_00,actRSHA3,1/2発目,0,Combatives_Common_actRSHA3M2_1,
0911_00,actRSHA3,None,0,,
0911_00,actRSHA3,2/2発目,1,Combatives_Common_actRSHA3M2_2F_sl,
0911_00,actRSHA4,1/2発目,0,Combatives_Common_actRSHA4M2_1,
0911_00,actRSHA4,None,0,,
0911_00,actRSHA4,2/2発目,1,Combatives_Common_actRSHA4M2_2F_sl,
0911_00,actRSHB1,None,0,Combatives_Common_actRSHB1_sl,
0911_00,actRSHB2,None,0,Combatives_Common_actRSHB2_sl,
0911_00,actRSHB3,None,0,Combatives_Common_actRSHB3_sl,
0911_00,actRSHB4,None,0,Combatives_Common_actRSHB4_sl,
0911_00,actRSHSA3,1/2発目,0,Combatives_Common_actRSHSA3M2_1,
0911_00,actRSHSA3,None,0,,
0911_00,actRSHSA3,2/2発目,1,Combatives_Common_actRSHSA3M2_2F,
0911_00,actRSHSA4,1/2発目,0,Combatives_Common_actRSHSA4M2_1,
0911_00,actRSHSA4,None,0,,
0911_00,actRSHSA4,2/2発目,1,Combatives_Common_actRSHSA4M2_2F,
0911_00,actSPM2HI,None,0,Combatives_0911_00_actSPM2_ADMHI,
0911_00,actTRWFT,None,0,Combatives_0911_00_actTRWFT,
0911_00,actTRWR,None,0,Combatives_0911_00_actTRWR,
0911_00,actULTHD1P,None,0,Combatives_Common_actULTHD1P_High4,
0911_00,actULTHI,None,0,Combatives_0911_00_actULTHI,
0912_00,actDTWFT,None,0,Combatives_0912_00_actDTWFT,
0912_00,actEXA1,None,0,Combatives_0912_00_actEXA1,
0912_00,actRSHA3,None,0,Combatives_Common_actRSHA3_sl,
0912_00,actRSHA4,None,0,Combatives_Common_actRSHA4_sl,
0912_00,actRSHB3,None,0,Combatives_Common_actRSHB3_sl,
0912_00,actSPM2HI,None,0,Combatives_0912_00_actSPM2_ADMHI,
0912_00,actTRWFT,None,0,Combatives_0912_00_actTRWFT,
0912_00,actTRWR,None,0,Combatives_0912_00_actTRWR,
0912_00,actULTHD1P,None,0,Combatives_Common_actULTHD1P_High3,
0912_00,actULTHI,None,0,Combatives_0912_00_actULTHI,
0920_00,actDTWFT,None,0,Combatives_0920_00_actDTWFT,
0920_00,actEXA1,None,0,Combatives_0920_00_actEXA1,
0920_00,actSPM2HI,None,0,Combatives_0920_00_actSPM2_ADMHI,
0920_00,actTRWFT,None,0,Combatives_0920_00_actTRWFT,
0920_00,actTRWR,None,0,Combatives_0920_00_actTRWR,
0920_00,actULTHD1P,None,0,Combatives_Common_actULTHD1P_High1,
0920_00,actULTHI,None,0,Combatives_0920_00_actULTHI,
0920_01,actARSHA3,1/3発目,0,Combatives_Common_actARSHA3M3_1,
0920_01,actARSHA3,None,0,,
0920_01,actARSHA3,2/3発目,1,Combatives_Common_actARSHA3M3_2,
0920_01,actARSHA3,3/3発目,2,Combatives_Common_actARSHA3M3_3F,
0920_01,actBSRA3,1/3発目,0,Combatives_Common_actBSRA3M3_1,
0920_01,actBSRA3,None,0,,
0920_01,actBSRA3,2/3発目,1,Combatives_Common_actBSRA3M3_2,
0920_01,actBSRA3,3/3発目,2,Combatives_Common_actBSRA3M3_3F,
0920_01,actDTWFT,None,0,Combatives_0920_01_actDTWFT,
0920_01,actEXA1,None,0,Combatives_0920_01_actEXA1,
0920_01,actRSHA3,1/3発目,0,Combatives_Common_actRSHA3M3_1,
0920_01,actRSHA3,None,0,,
0920_01,actRSHA3,2/3発目,1,Combatives_Common_actRSHA3M3_2,
0920_01,actRSHA3,3/3発目,2,Combatives_Common_actRSHA3M3_3F,
0920_01,actRSHSA3,1/3発目,0,Combatives_Common_actRSHSA3M3_1,
0920_01,actRSHSA3,None,0,,
0920_01,actRSHSA3,2/3発目,1,Combatives_Common_actRSHSA3M3_2,
0920_01,actRSHSA3,3/3発目,2,Combatives_Common_actRSHSA3M3_3F,
0920_01,actSPM2HI,None,0,Combatives_0920_01_actSPM2_ADMHI,
0920_01,actTRWFT,None,0,Combatives_0920_01_actTRWFT,
0920_01,actTRWR,None,0,Combatives_0920_01_actTRWR,
0920_01,actULTHI,None,0,Combatives_0920_01_actULTHI,
0920_02,actARSHA3,1/3発目,0,Combatives_Common_actARSHA3M3_1,
0920_02,actARSHA3,2/3発目,1,Combatives_Common_actARSHA3M3_2,
0920_02,actARSHA3,3/3発目,2,Combatives_Common_actARSHA3M3_3F,
0920_02,actARSHB3,1/3発目,0,Combatives_Common_actARSHB3M3_1,
0920_02,actARSHB3,2/3発目,1,Combatives_Common_actARSHB3M3_2,
0920_02,actARSHB3,3/3発目,2,Combatives_Common_actARSHB3M3_3F,
0920_02,actBSRA3,1/3発目,0,Combatives_Common_actBSRA3M3_1,
0920_02,actBSRA3,2/3発目,1,Combatives_Common_actBSRA3M3_2,
0920_02,actBSRA3,3/3発目,2,Combatives_Common_actBSRA3M3_3F,
0920_02,actBSRB3,1/3発目,0,Combatives_Common_actBSRB3M3_1,
0920_02,actBSRB3,2/3発目,1,Combatives_Common_actBSRB3M3_2,
0920_02,actBSRB3,3/3発目,2,Combatives_Common_actBSRB3M3_3F,
0920_02,actDTWFT,None,0,Combatives_0920_02_actDTWFT,
0920_02,actEXA1,None,0,Combatives_0920_02_actEXA1,
0920_02,actRSHA3,1/3発目,0,Combatives_Common_actRSHA3M3_1,
0920_02,actRSHA3,2/3発目,1,Combatives_Common_actRSHA3M3_2,
0920_02,actRSHA3,3/3発目,2,Combatives_Common_actRSHA3M3_3F,
0920_02,actRSHB3,1/3発目,0,Combatives_Common_actRSHB3M3_1,
0920_02,actRSHB3,2/3発目,1,Combatives_Common_actRSHB3M3_2,
0920_02,actRSHB3,3/3発目,2,Combatives_Common_actRSHB3M3_3F,
0920_02,actRSHSA3,1/3発目,0,Combatives_Common_actRSHSA3M3_1,
0920_02,actRSHSA3,2/2発目,1,Combatives_Common_actRSHSA3M3_2,
0920_02,actRSHSA3,3/3発目,2,Combatives_Common_actRSHSA3M3_3F,
0920_02,actRSHSB3,1/3発目,0,Combatives_Common_actRSHSB3M3_1,
0920_02,actRSHSB3,2/3発目,1,Combatives_Common_actRSHSB3M3_2,
0920_02,actRSHSB3,3/3発目,2,Combatives_Common_actRSHSB3M3_3F,
0920_02,actSPM2HI,None,0,Combatives_0920_02_actSPM2_ADMHI,
0920_02,actTRWFT,None,0,Combatives_0920_02_actTRWFT,
0920_02,actTRWR,None,0,Combatives_0920_02_actTRWR,
0920_02,actULTHD1P,None,0,Combatives_Common_actULTHD1P_High1,
0920_02,actULTHI,None,0,Combatives_0920_02_actULTHI,
0930_00,actARSHA3,1/3発目,0,Combatives_Common_actARSHA3M3_1,
0930_00,actARSHA3,None,0,,
0930_00,actARSHA3,2/3発目,1,Combatives_Common_actARSHA3M3_2,
0930_00,actARSHA3,3/3発目,2,Combatives_Common_actARSHA3M3_3F,
0930_00,actARSHB4,1/3発目,0,Combatives_Common_actARSHB4M3_1,
0930_00,actARSHB4,None,0,,
0930_00,actARSHB4,2/3発目,1,Combatives_Common_actARSHB4M3_2,
0930_00,actARSHB4,3/3発目,2,Combatives_Common_actARSHB4M3_3F,
0930_00,actBSRA3,1/3発目,0,Combatives_Common_actBSRA3M3_1,
0930_00,actBSRA3,None,0,,
0930_00,actBSRA3,2/3発目,1,Combatives_Common_actBSRA3M3_2,
0930_00,actBSRA3,3/3発目,2,Combatives_Common_actBSRA3M3_3F,
0930_00,actBSRB4,1/3発目,0,Combatives_Common_actBSRB4M3_1,
0930_00,actBSRB4,None,0,,
0930_00,actBSRB4,2/3発目,1,Combatives_Common_actBSRB4M3_2,
0930_00,actBSRB4,3/3発目,2,Combatives_Common_actBSRB4M3_3F,
0930_00,actDTW1P,None,0,Combatives_Common_actDTW1P,
0930_00,actDTWFT,None,0,Combatives_0930_00_actDTWFT,
0930_00,actEXA1,None,0,Combatives_0930_00_actEXA1,
0930_00,actRSHA3,1/3発目,0,Combatives_Common_actRSHA3M3_1,
0930_00,actRSHA3,None,0,,
0930_00,actRSHA3,2/3発目,1,Combatives_Common_actRSHA3M3_2,
0930_00,actRSHA3,3/3発目,2,Combatives_Common_actRSHA3M3_3F,
0930_00,actRSHB4,1/3発目,0,Combatives_Common_actRSHB4M3_1,
0930_00,actRSHB4,None,0,,
0930_00,actRSHB4,2/3発目,1,Combatives_Common_actRSHB4M3_2,
0930_00,actRSHB4,3/3発目,2,Combatives_Common_actRSHB4M3_3F,
0930_00,actRSHSA3,1/3発目,0,Combatives_Common_actRSHSA3M3_1,
0930_00,actRSHSA3,None,0,,
0930_00,actRSHSA3,2/3発目,1,Combatives_Common_actRSHSA3M3_2,
0930_00,actRSHSA3,3/3発目,2,Combatives_Common_actRSHSA3M3_3F,
0930_00,actRSHSB4,1/3発目,0,Combatives_Common_actRSHSB4M3_1,
0930_00,actRSHSB4,None,0,,
0930_00,actRSHSB4,2/3発目,1,Combatives_Common_actRSHSB4M3_2,
0930_00,actRSHSB4,3/3発目,2,Combatives_Common_actRSHSB4M3_3F,
0930_00,actSPM2HI,None,0,Combatives_0930_00_actSPM2_ADMHI,
0930_00,actTRWFT,None,0,Combatives_0930_00_actTRWFT,
0930_00,actTRWR,None,0,Combatives_0930_00_actTRWR,
0930_00,actULTHI,None,0,Combatives_0930_00_actULTHI,
0931_00,actARSHA2,1/2発目,0,Combatives_Common_actARSHA2M2_1,
0931_00,actARSHA2,None,0,,
0931_00,actARSHA2,2/2発目,1,Combatives_Common_actARSHA2M2_2F,
0931_00,actARSHA3,1/3発目,0,Combatives_Common_actARSHA3M3_1,
0931_00,actARSHA3,None,0,,
0931_00,actARSHA3,2/3発目,1,Combatives_Common_actARSHA3M3_2,
0931_00,actARSHA3,3/3発目,2,Combatives_Common_actARSHA3M3_3F,
0931_00,actARSHB3,1/2発目,0,Combatives_Common_actARSHB3M2_1,
0931_00,actARSHB3,None,0,,
0931_00,actARSHB3,2/2発目,1,Combatives_Common_actARSHB3M2_2F,
0931_00,actBSRA2,1/2発目,0,Combatives_Common_actBSRA2M2_1,
0931_00,actBSRA2,None,0,,
0931_00,actBSRA2,2/2発目,1,Combatives_Common_actBSRA2M2_2F,
0931_00,actBSRA3,1/3発目,0,Combatives_Common_actBSRA3M3_1,
0931_00,actBSRA3,None,0,,
0931_00,actBSRA3,2/3発目,1,Combatives_Common_actBSRA3M3_2,
0931_00,actBSRA3,3/3発目,2,Combatives_Common_actBSRA3M3_3F,
0931_00,actBSRB3,1/2発目,0,Combatives_Common_actBSRB3M2_1,
0931_00,actBSRB3,None,0,,
0931_00,actBSRB3,2/2発目,1,Combatives_Common_actBSRB3M2_2F,
0931_00,actDTWFT,None,0,Combatives_0931_00_actDTWFT,
0931_00,actEXA1,None,0,Combatives_0931_00_actEXA1,
0931_00,actEXA2,None,0,Combatives_Common_actEXA_SPC_BOM,
0931_00,actRSHA2,1/2発目,0,Combatives_Common_actRSHA2M2_1,
0931_00,actRSHA2,None,0,,
0931_00,actRSHA2,2/2発目,1,Combatives_Common_actRSHA2M2_2F,
0931_00,actRSHA3,1/3発目,0,Combatives_Common_actRSHA3M3_1,
0931_00,actRSHA3,None,0,,
0931_00,actRSHA3,2/3発目,1,Combatives_Common_actRSHA3M3_2,
0931_00,actRSHA3,3/3発目,2,Combatives_Common_actRSHA3M3_3F,
0931_00,actRSHB3,1/2発目,0,Combatives_Common_actRSHB3M2_1,
0931_00,actRSHB3,None,0,,
0931_00,actRSHB3,2/2発目,1,Combatives_Common_actRSHB3M2_2F,
0931_00,actRSHSA2,1/2発目,0,Combatives_Common_actRSHSA2M2_1,
0931_00,actRSHSA2,None,0,,
0931_00,actRSHSA2,2/2発目,1,Combatives_Common_actRSHSA2M2_2F,
0931_00,actRSHSA3,1/3発目,0,Combatives_Common_actRSHSA3M3_1,
0931_00,actRSHSA3,None,0,,
0931_00,actRSHSA3,2/3発目,1,Combatives_Common_actRSHSA3M3_2,
0931_00,actRSHSA3,3/3発目,2,Combatives_Common_actRSHSA3M3_3F,
0931_00,actRSHSB3,1/2発目,0,Combatives_Common_actRSHSB3M2_1,
0931_00,actRSHSB3,None,0,,
0931_00,actRSHSB3,2/2発目,1,Combatives_Common_actRSHSB3M2_2F,
0931_00,actSPM2HI,None,0,Combatives_0931_00_actSPM2_ADMHI,
0931_00,actTRWFT,None,0,Combatives_0931_00_actTRWFT,
0931_00,actTRWR,None,0,Combatives_0931_00_actTRWR,
0931_00,actULTHI,None,0,Combatives_0931_00_actULTHI,
0940_00,actDTWFT,None,0,Combatives_0940_00_actDTWFT,
0940_00,actEXA2,None,0,Combatives_Common_actEXA_SPC_BOM_Back,
0940_00,actSPM2HI,None,0,Combatives_0940_00_actSPM2HI,
0940_00,actTRWFT,None,0,Combatives_0940_00_actTRWFT,
0940_00,actTRWR,None,0,Combatives_0940_00_actTRWR,
0940_00,actULTHI,None,0,Combatives_0940_00_actULTHI,
0941_00,actARSHA3,1/2発目,0,Combatives_Common_actARSHA3M2_1,
0941_00,actARSHA3,None,0,,
0941_00,actARSHA3,2/2発目,1,Combatives_Common_actARSHA3M2_2F,
0941_00,actBSRA3,1/2発目,0,Combatives_Common_actBSRA3M2_1,
0941_00,actBSRA3,None,0,,
0941_00,actBSRA3,2/2発目,1,Combatives_Common_actBSRA3M2_2F,
0941_00,actDTWFT,None,0,Combatives_0941_00_actDTWFT,
0941_00,actEXA1,None,0,Combatives_0941_00_actEXA1,
0941_00,actRSHA3,1/2発目,0,Combatives_Common_actRSHA3M2_1,
0941_00,actRSHA3,None,0,,
0941_00,actRSHA3,2/2発目,1,Combatives_Common_actRSHA3M2_2F,
0941_00,actRSHSA3,1/2発目,0,Combatives_Common_actRSHSA3M2_1,
0941_00,actRSHSA3,None,0,,
0941_00,actRSHSA3,2/2発目,1,Combatives_Common_actRSHSA3M2_2F,
0941_00,actSPM2HI,None,0,Combatives_0941_00_actSPM2_ADMHI,
0941_00,actTRWFT,None,0,Combatives_0941_00_actTRWFT,
0941_00,actTRWR,None,0,Combatives_0941_00_actTRWR,
0941_00,actULTHI,None,0,Combatives_0941_00_actULTHI,
0950_00,actDTWFT,None,0,Combatives_0950_00_actDTWFT,
0950_00,actEXA1,None,0,Combatives_0950_00_actEXA1,
0950_00,actEXA2,None,0,Combatives_Common_actEXA_SPC_BOM_Back,
0950_00,actSPM2HI,None,0,Combatives_0950_00_actSPM2_ADMHI,
0950_00,actTRWFT,None,0,Combatives_0950_00_actTRWFT,
0950_00,actTRWR,None,0,Combatives_0950_00_actTRWR,
0950_00,actULTHI,None,0,Combatives_0950_00_actULTHI,
0950_00,actULTSI,None,0,,
1000_00,actDTWFT,None,0,Combatives_1000_00_actDTWFT,
1000_00,actEXA1,None,0,Combatives_1000_00_actEXA1,
1000_00,actSPM2HI,None,0,Combatives_1000_00_actSPM2_ADMHI,
1000_00,actTRWFT,None,0,Combatives_1000_00_actTRWFT,
1000_00,actTRWR,None,0,Combatives_1000_00_actTRWR,
1000_00,actULTHI,None,0,Combatives_1000_00_actULTHI,
1190_00,actDTWFT,None,0,Combatives_1190_00_actDTWFT,
1190_00,actEXA1,None,0,Combatives_1190_00_actEXA1,
1190_00,actSPM2HI,None,0,Combatives_1190_00_actSPM2_ADMHI,
1190_00,actTRWFT,None,0,Combatives_1190_00_actTRWFT,
1190_00,actTRWR,None,0,Combatives_1190_00_actTRWR,
1190_00,actULTHI,None,0,Combatives_1190_00_actULTHI,
1321_00,actDTWFT,None,0,Combatives_1321_00_actDTWFT,
1321_00,actEXA1,None,0,Combatives_1321_00_actEXA1,
1321_00,actEXA2,None,0,Combatives_Common_actEXA_SPC_BOM,
1321_00,actSINtGSPM2,None,0,Combatives_Common_actSINtG_Unblock,
1321_00,actSINtGUB,None,0,Combatives_Common_actSINtGUB_High2,
1321_00,actSPM2SI,None,0,Combatives_1321_00_actSPM2SI,
1321_00,actTRWFT,None,0,Combatives_1321_00_actTRWFT,
1321_00,actTRWR,None,0,Combatives_1321_00_actTRWR,
1321_00,actULTHD1P,None,0,Combatives_Common_actULTHD1P_High2,
1321_00,actULTHI,None,0,Combatives_1321_00_actULTHI,
1331_00,actDTWFT,None,0,Combatives_1331_00_actDTWFT,
1331_00,actEXA1,None,0,Combatives_1331_00_actEXA1,
1331_00,actEXA2,None,0,Combatives_Common_actEXA_SPC_BOM,
1331_00,actSINtGSPM1,None,0,Combatives_Common_actSINtG_Unblock,
1331_00,actSPM1SI,None,0,Combatives_1331_00_actSPM1SI,
1331_00,actSPM2HD1P,None,0,Combatives_1331_00_actSPM2HD1P,
1331_00,actSPM2HI,None,0,Combatives_1331_00_actSPM2_ADMHI,
1331_00,actTRWFT,None,0,Combatives_1331_00_actTRWFT,
1331_00,actTRWR,None,0,Combatives_1331_00_actTRWR,
1331_00,actULTHI,None,0,Combatives_1331_00_actULTHI,
1341_00,actDTWFT,None,0,Combatives_1341_00_actDTWFT,
1341_00,actEXA1,None,0,Combatives_1341_00_actEXA1,
1341_00,actEXA2,None,0,Combatives_Common_actEXA_SPC_BOM,
1341_00,actSPM2HI,None,0,Combatives_1341_00_actSPM2_ADMHI,
1341_00,actTRWFT,None,0,Combatives_1341_00_actTRWFT,
1341_00,actTRWR,None,0,Combatives_1341_00_actTRWR,
1341_00,actULTHI,None,0,Combatives_1341_00_actULTHI,
1500_00,actBLWB,None,0,Combatives_9994_00_actBLWB,
1500_00,actBLWF,None,0,Combatives_9994_00_actBLWF,
1500_00,actBWF,None,0,Combatives_9994_actBWF,
1500_00,actBWN,None,0,Combatives_9994_actBWN,
1500_00,actBWP,None,0,Combatives_9994_actBWP,
1500_00,actDTW,None,0,Combatives_9994_00_actDTW,
1500_00,actDTW1P,None,0,Combatives_Common_actDTW1P,
1500_00,actDTWFT,None,0,Combatives_9994_00_actDTWFT,
1500_00,actEXA1,None,0,Combatives_1500_00_actEXA1,
1500_00,actHC1,None,0,Combatives_9994_actHC1,
1500_00,actHC2,None,0,Combatives_9994_actHC2,
1500_00,actHC3,None,0,Combatives_9994_actHC3,
1500_00,actHFF,None,0,Combatives_9994_00_actHFF,
1500_00,actHFN,None,0,Combatives_9994_00_actHFN,
1500_00,actHFP,None,0,Combatives_9994_00_actHFP,
1500_00,actPWFF,None,0,Combatives_9994_00_actPWFF,
1500_00,actRHFL,None,0,Combatives_9994_actRHFL,
1500_00,actRHFR,None,0,Combatives_9994_actRHFR,
1500_00,actRHNL,None,0,Combatives_9994_actRHNL,
1500_00,actRHNR,None,0,Combatives_9994_actRHNR,
1500_00,actRHPL,None,0,Combatives_9994_actRHPL,
1500_00,actRHPR,None,0,Combatives_9994_actRHPR,
1500_00,actRI1,None,0,Combatives_Common_actHUGE_RI1,
1500_00,actRSHA1,None,0,Combatives_9994_00_actRSHA1,
1500_00,actRSHA2,None,0,Combatives_9994_00_actRSHA2,
1500_00,actRSHA3,None,0,Combatives_9994_00_actRSHA3,
1500_00,actRSHA4,None,0,Combatives_9994_00_actRSHA4,
1500_00,actRSHB1,None,0,Combatives_9994_00_actRSHB1,
1500_00,actRSHB2,None,0,Combatives_9994_00_actRSHB2,
1500_00,actRSHB3,None,0,Combatives_9994_00_actRSHB3,
1500_00,actRSHB4,None,0,Combatives_9994_00_actRSHB4,
1500_00,actSCF,None,0,Combatives_9994_00_actSCF,
1500_00,actSCN,None,0,Combatives_9994_00_actSCN,
1500_00,actSCP,None,0,Combatives_9994_00_actSCP,
1500_00,actSI1,None,0,Combatives_9994_actSI1,
1500_00,actSPC,2/2発目,1,Combatives_9994_00_actSPC,
1500_00,actSPM1HD1P,None,0,Combatives_Common_actSPM2HD1P,
1500_00,actSPM1HI,None,0,Combatives_1500_00_actSPM1HI,
1500_00,actSPM1SI,None,0,Combatives_Common_actSPMSI_Attack,
1500_00,actSPM2HD1P,None,0,,
1500_00,actTRPF,None,0,Combatives_9994_00_actTRPF,
1500_00,actTRW,None,0,Combatives_9994_00_actTRW,
1500_00,actTRW1P,None,0,Combatives_9994_actTRW1P,
1500_00,actTRWFT,None,0,Combatives_9994_00_actTRWFT,
1500_00,actTRWR,None,0,Combatives_9994_00_actTRWR,
1500_00,actULTHI,None,0,Combatives_1500_00_actULTHI,
1500_00,actVASF,None,0,Combatives_9994_00_actVASF,
1500_00,actZBD,None,0,Combatives_9994_00_actZBD,
1500_00,actZCBAD,None,0,Combatives_9994_00_actZCBAM,
1500_00,actZCBAL,None,0,Combatives_9994_00_actZCBAM,
1500_00,actZCBAM,None,0,Combatives_9994_00_actZCBAM,
1500_00,actZCBAR,None,0,Combatives_9994_00_actZCBAM,
1500_00,actZCBAU,None,0,Combatives_9994_00_actZCBAM,
1960_00,actDDS,None,0,Combatives_Common_actDDS_weak,
1960_00,actDTW1P,None,0,Combatives_Common_actDTW1P,
1960_00,actDTWFT,None,0,Combatives_1960_00_actDTWFT,
1960_00,actEXA1,None,0,Combatives_Common_actEXA_FLS,
1960_00,actRVCOM,None,0,Combatives_Common_actDDS_weak,
1960_00,actSPC,2/2発目,1,Combatives_Common_actSPC_NoHIT,
1960_00,actSPM1SM,None,0,Combatives_Common_actDDS_weak,
1960_00,actSPM2HI,None,0,Combatives_1960_00_actSPM2_ADMHI,
1960_00,actSPM2SM,None,0,Combatives_Common_actDDS_weak,
1960_00,actSPM3SM,None,0,Combatives_Common_actDDS_weak,
1960_00,actTRWFT,None,0,Combatives_1960_00_actTRWFT,
1960_00,actTRWR,None,0,Combatives_1960_00_actTRWR,
1960_00,actULTHI,None,0,Combatives_1960_00_actULTHI,
1960_00,actULTSM,None,0,Combatives_Common_actDDS_weak,
3000_00,actDTW1P,None,0,Combatives_Common_actDTW1P,
3000_00,actDTWFT,None,0,Combatives_3000_00_actDTWFT,
3000_00,actEXA1,None,0,Combatives_3000_00_actEXA1,
3000_00,actSPM2HI,None,0,Combatives_3000_00_actSPM2_ADMHI,
3000_00,actTRWFT,None,0,Combatives_3000_00_actTRWFT,
3000_00,actTRWR,None,0,Combatives_3000_00_actTRWR,
3000_00,actULTHI,None,0,Combatives_3000_00_actULTHI,
3000_01,actDTW1P,None,0,Combatives_Common_actDTW1P,
3000_01,actDTWFT,None,0,Combatives_3000_01_actDTWFT,
3000_01,actEXA1,None,0,Combatives_3000_01_actEXA1,
3000_01,actSPM2HI,None,0,Combatives_3000_01_actSPM2_ADMHI,
3000_01,actTEMbltHI,None,0,Combatives_3000_01_actULTHI,
3000_01,actTRWFT,None,0,Combatives_3000_01_actTRWFT,
3000_01,actTRWR,None,0,Combatives_3000_01_actTRWR,
3000_01,actULTHI,None,0,Combatives_3000_01_actULTHI,
3000_02,actDTWFT,None,0,Combatives_3000_02_actDTWFT,
3000_02,actEXA1,None,0,Combatives_3000_02_actEXA1,
3000_02,actSPM2HI,None,0,Combatives_3000_02_actSPM2_ADMHI,
3000_02,actTRWFT,None,0,Combatives_3000_02_actTRWFT,
3000_02,actTRWR,None,0,Combatives_3000_02_actTRWR,
3000_02,actULTHI,None,0,Combatives_3000_02_actULTHI,
3000_03,actARSHA2,1/2発目,0,Combatives_Common_actARSHA1M2_1,
3000_03,actARSHA2,None,0,,
3000_03,actARSHA2,2/2発目,1,Combatives_Common_actARSHA1M2_2F,
3000_03,actARSHA4,1/3発目,0,Combatives_Common_actARSHA4M3_1,
3000_03,actARSHA4,None,0,,
3000_03,actARSHA4,2/3発目,1,Combatives_Common_actARSHA4M3_2,
3000_03,actARSHA4,3/3発目,2,Combatives_Common_actARSHA4M3_3F,
3000_03,actARSHB1,1/2発目,0,Combatives_Common_actARSHB2M2_1,
3000_03,actARSHB1,None,0,,
3000_03,actARSHB1,2/2発目,1,Combatives_Common_actARSHB2M2_2F,
3000_03,actARSHB3,1/2発目,0,Combatives_Common_actARSHB3M2_1,
3000_03,actARSHB3,None,0,,
3000_03,actARSHB3,2/2発目,1,Combatives_Common_actARSHB3M2_2F,
3000_03,actARSHB4,1/3発目,0,Combatives_Common_actARSHB4M3_1,
3000_03,actARSHB4,None,0,,
3000_03,actARSHB4,2/3発目,1,Combatives_Common_actARSHB4M3_2,
3000_03,actARSHB4,3/3発目,2,Combatives_Common_actARSHB4M3_3F,
3000_03,actBSRA2,1/2発目,0,Combatives_Common_actBSRA2M2_1,
3000_03,actBSRA2,None,0,,
3000_03,actBSRA2,2/2発目,1,Combatives_Common_actBSRA2M2_2F,
3000_03,actBSRA4,1/3発目,0,Combatives_Common_actBSRA4M3_1,
3000_03,actBSRA4,None,0,,
3000_03,actBSRA4,2/3発目,1,Combatives_Common_actBSRA4M3_2,
3000_03,actBSRA4,3/3発目,2,Combatives_Common_actBSRA4M3_3F,
3000_03,actBSRB1,1/2発目,0,Combatives_Common_actBSRB2M2_1,
3000_03,actBSRB1,None,0,,
3000_03,actBSRB1,2/2発目,1,Combatives_Common_actBSRB2M2_2F,
3000_03,actBSRB3,1/2発目,0,Combatives_Common_actBSRB3M2_1,
3000_03,actBSRB3,None,0,,
3000_03,actBSRB3,2/2発目,1,Combatives_Common_actBSRB3M2_2F,
3000_03,actBSRB4,1/3発目,0,Combatives_Common_actBSRB4M3_1,
3000_03,actBSRB4,None,0,,
3000_03,actBSRB4,2/3発目,1,Combatives_Common_actBSRB4M3_2,
3000_03,actBSRB4,3/3発目,2,Combatives_Common_actBSRB4M3_3F,
3000_03,actDTWFT,None,0,Combatives_3000_03_actDTWFT,
3000_03,actEXA1,None,0,Combatives_3000_03_actEXA1,
3000_03,actEXA2,None,0,Combatives_Common_actEXA_SPC_BOM,
3000_03,actRSHA2,1/2発目,0,Combatives_Common_actRSHA2M2_1,
3000_03,actRSHA2,None,0,,
3000_03,actRSHA2,2/2発目,1,Combatives_Common_actRSHA2M2_2F,
3000_03,actRSHA4,1/3発目,0,Combatives_Common_actRSHA4M3_1,
3000_03,actRSHA4,None,0,,
3000_03,actRSHA4,2/3発目,1,Combatives_Common_actRSHA4M3_2,
3000_03,actRSHA4,3/3発目,2,Combatives_Common_actRSHA4M3_3F,
3000_03,actRSHB1,1/2発目,0,Combatives_Common_actRSHB2M2_1,
3000_03,actRSHB1,None,0,,
3000_03,actRSHB1,2/2発目,1,Combatives_Common_actRSHB2M2_2F,
3000_03,actRSHB3,1/2発目,0,Combatives_Common_actRSHB3M2_1,
3000_03,actRSHB3,None,0,,
3000_03,actRSHB3,2/2発目,1,Combatives_Common_actRSHB3M2_2F,
3000_03,actRSHB4,1/3発目,0,Combatives_Common_actRSHB4M3_1,
3000_03,actRSHB4,None,0,,
3000_03,actRSHB4,2/3発目,1,Combatives_Common_actRSHB4M3_2,
3000_03,actRSHB4,3/3発目,2,Combatives_Common_actRSHB4M3_3F,
3000_03,actSPM2HI,None,0,Combatives_3000_03_actSPM2_ADMHI,
3000_03,actSPM2HIG,None,0,Combatives_3000_03_actSPM2_ADMHI,
3000_03,actTRWFT,None,0,Combatives_3000_03_actTRWFT,
3000_03,actTRWR,None,0,Combatives_3000_03_actTRWR,
3000_03,actULTHI,None,0,Combatives_3000_03_actULTHI,
3000_03,actULTHIG,None,0,Combatives_3000_03_actULTHI,
3010_00,actDTW1P,None,0,Combatives_Common_actDTW1P,
3010_00,actDTWFT,None,0,Combatives_3010_00_actDTWFT,
3010_00,actSPM2HI,None,0,Combatives_3010_00_actSPM2HI,
3010_00,actTRWFT,None,0,Combatives_3010_00_actTRWFT,
3010_00,actTRWR,None,0,Combatives_3010_00_actTRWR,
3010_00,actULTHI,None,0,Combatives_3010_00_actULTHI,
3010_00,actULTSI,None,0,,
3010_01,actDTW1P,None,0,Combatives_Common_actDTW1P,
3010_01,actDTWFT,None,0,Combatives_3010_01_actDTWFT,
3010_01,actSPM2HI,None,0,Combatives_3010_01_actSPM2HI,
3010_01,actTRWFT,None,0,Combatives_3010_01_actTRWFT,
3010_01,actTRWR,None,0,Combatives_3010_01_actTRWR,
3010_01,actULTHI,None,0,Combatives_3010_01_actULTHI,
3010_01,actULTSI,None,0,,
3011_00,actARSHA2,1/2発目,0,Combatives_Common_actARSHA2M2_1,
3011_00,actARSHA2,None,0,,
3011_00,actARSHA2,2/2発目,1,Combatives_Common_actARSHA2M2_2F,
3011_00,actBSRA2,1/2発目,0,Combatives_Common_actBSRA2M2_1,
3011_00,actBSRA2,None,0,,
3011_00,actBSRA2,2/2発目,1,Combatives_Common_actBSRA2M2_2F,
3011_00,actDTW1P,None,0,Combatives_Common_actDTW1P,
3011_00,actDTWFT,None,0,Combatives_3011_00_actDTWFT,
3011_00,actRSHA2,1/2発目,0,Combatives_Common_actRSHA2M2_1,
3011_00,actRSHA2,None,0,,
3011_00,actRSHA2,2/2発目,1,Combatives_Common_actRSHA2M2_2F,
3011_00,actRSHSA2,1/2発目,0,Combatives_Common_actRSHSA2,
3011_00,actRSHSA2,None,0,,
3011_00,actRSHSA2,2/2発目,1,Combatives_Common_actRSHSA2M2_2F,
3011_00,actSPM2HI,None,0,Combatives_3011_00_actSPM2HI,
3011_00,actTRWFT,None,0,Combatives_3011_00_actTRWFT,
3011_00,actTRWR,None,0,Combatives_3011_00_actTRWR,
3011_00,actULTHI,None,0,Combatives_3011_00_actULTHI,
3012_00,actBLWB,None,0,Combatives_9994_00_actBLWB,
3012_00,actBLWF,None,0,Combatives_9994_00_actBLWF,
3012_00,actBWF,None,0,Combatives_9994_actBWF,
3012_00,actBWN,None,0,Combatives_9994_actBWN,
3012_00,actBWP,None,0,Combatives_9994_actBWP,
3012_00,actDTW,None,0,Combatives_9994_00_actDTW,
3012_00,actDTW1P,None,0,Combatives_Common_actDTW1P,
3012_00,actDTWFT,None,0,Combatives_9994_00_actDTWFT,
3012_00,actEXA1,None,0,Combatives_3012_00_actEXA1,
3012_00,actFR1,2/3発目,1,Combatives_Common_actFR1_3,
3012_00,actFR1,3/3発目,2,Combatives_Common_actFR1,
3012_00,actHC1,None,0,Combatives_9994_actHC1,
3012_00,actHC2,None,0,Combatives_9994_actHC2,
3012_00,actHC3,None,0,Combatives_9994_actHC3,
3012_00,actHFF,None,0,Combatives_9994_00_actHFF,
3012_00,actHFN,None,0,Combatives_9994_00_actHFN,
3012_00,actHFP,None,0,Combatives_9994_00_actHFP,
3012_00,actPP1A,1/2発目,0,Combatives_9994_actPP1A,
3012_00,actPP1A,2/2発目,1,Combatives_9994_actPP1A_F,
3012_00,actPWFF,None,0,Combatives_9994_00_actPWFF,
3012_00,actRHFL,None,0,Combatives_9994_actRHFL,
3012_00,actRHFR,None,0,Combatives_9994_actRHFR,
3012_00,actRHNL,None,0,Combatives_9994_actRHNL,
3012_00,actRHNR,None,0,Combatives_9994_actRHNR,
3012_00,actRHPL,None,0,Combatives_9994_actRHPL,
3012_00,actRHPR,None,0,Combatives_9994_actRHPR,
3012_00,actRI1,None,0,Combatives_Common_actHUGE_RI1,
3012_00,actRSHA1,None,0,Combatives_9994_00_actRSHA1,
3012_00,actRSHA2,None,0,Combatives_9994_00_actRSHA2,
3012_00,actRSHA3,None,0,Combatives_9994_00_actRSHA3,
3012_00,actRSHA4,None,0,Combatives_9994_00_actRSHA4,
3012_00,actRSHB1,None,0,Combatives_9994_00_actRSHB1,
3012_00,actRSHB2,None,0,Combatives_9994_00_actRSHB2,
3012_00,actRSHB3,None,0,Combatives_9994_00_actRSHB3,
3012_00,actRSHB4,None,0,Combatives_9994_00_actRSHB4,
3012_00,actSCF,None,0,Combatives_9994_00_actSCF,
3012_00,actSCN,None,0,Combatives_9994_00_actSCN,
3012_00,actSCP,None,0,Combatives_9994_00_actSCP,
3012_00,actSI1,None,0,Combatives_9994_actSI1,
3012_00,actSPC,2/2発目,1,Combatives_9994_00_actSPC,
3012_00,actSPM2HI,None,0,Combatives_3012_00_actSPM2_ADMHI,
3012_00,actSPM2SI,None,0,Combatives_3012_00_actSPM2SI,
3012_00,actTRPF,None,0,Combatives_9994_00_actTRPF,
3012_00,actTRW,None,0,Combatives_9994_00_actTRW,
3012_00,actTRW1P,None,0,Combatives_9994_actTRW1P,
3012_00,actTRWFT,None,0,Combatives_9994_00_actTRWFT,
3012_00,actTRWR,None,0,Combatives_9994_00_actTRWR,
3012_00,actULTHI,None,0,Combatives_3012_00_actULTHI,
3012_00,actULTHIG,None,0,Combatives_3012_00_actULTHI,
3012_00,actVASF,None,0,Combatives_9994_00_actVASF,
3012_00,actZBD,None,0,Combatives_9994_00_actZBD,
3012_00,actZCBAD,None,0,Combatives_9994_00_actZCBAM,
3012_00,actZCBAL,None,0,Combatives_9994_00_actZCBAM,
3012_00,actZCBAM,None,0,Combatives_9994_00_actZCBAM,
3012_00,actZCBAR,None,0,Combatives_9994_00_actZCBAM,
3012_00,actZCBAU,None,0,Combatives_9994_00_actZCBAM,
3020_00,actDTWFT,None,0,Combatives_3020_00_actDTWFT,
3020_00,actSPC,2/2発目,1,Combatives_Common_actSPC_NoHIT,
3020_00,actSPM2HI,None,0,Combatives_3020_00_actSPM2HI,
3020_00,actTRWFT,None,0,Combatives_3020_00_actTRWFT,
3020_00,actTRWR,None,0,Combatives_3020_00_actTRWR,
3020_00,actULTHI,None,0,Combatives_3020_00_actULTHI,
3030_00,actDTWFT,None,0,Combatives_3030_00_actDTWFT,
3030_00,actSPC,2/2発目,1,Combatives_Common_actSPC_NoHIT,
3030_00,actSPM2HI,None,0,Combatives_3030_00_actSPM2HI,
3030_00,actTRWFT,None,0,Combatives_3030_00_actTRWFT,
3030_00,actTRWR,None,0,Combatives_3030_00_actTRWR,
3030_00,actULTHD1P,None,0,Combatives_Common_actULTHD1P_High6,
3030_00,actULTHI,None,0,Combatives_3030_00_actULTHI,
3030_00,actULTHIG,None,0,Combatives_3030_00_actULTHIG,
3040_00,actBLWB,None,0,Combatives_9994_00_actBLWB,
3040_00,actBLWF,None,0,Combatives_9994_00_actBLWF,
3040_00,actBWF,None,0,Combatives_9994_actBWF,
3040_00,actBWN,None,0,Combatives_9994_actBWN,
3040_00,actBWP,None,0,Combatives_9994_actBWP,
3040_00,actDTW,None,0,Combatives_9994_00_actDTW,
3040_00,actDTW1P,None,0,Combatives_Common_actDTW1P,
3040_00,actDTWFT,None,0,Combatives_9994_00_actDTWFT,
3040_00,actEXA1,None,0,Combatives_3040_00_actEXA1,
3040_00,actHC1,None,0,Combatives_9994_actHC1,
3040_00,actHC2,None,0,Combatives_9994_actHC2,
3040_00,actHC3,None,0,Combatives_9994_actHC3,
3040_00,actPP1A,1/2発目,0,Combatives_9994_actPP1A,
3040_00,actPP1A,2/2発目,1,Combatives_9994_actPP1A_F,
3040_00,actPWFF,None,0,Combatives_9994_00_actPWFF,
3040_00,actRHFL,None,0,Combatives_9994_actRHFL,
3040_00,actRHFR,None,0,Combatives_9994_actRHFR,
3040_00,actRHNL,None,0,Combatives_9994_actRHNL,
3040_00,actRHNR,None,0,Combatives_9994_actRHNR,
3040_00,actRHPL,None,0,Combatives_9994_actRHPL,
3040_00,actRHPR,None,0,Combatives_9994_actRHPR,
3040_00,actRI1,None,0,Combatives_Common_actHUGE_RI1,
3040_00,actRSHA1,None,0,Combatives_9994_00_actRSHA1,
3040_00,actRSHA2,None,0,Combatives_9994_00_actRSHA2,
3040_00,actRSHA3,None,0,Combatives_9994_00_actRSHA3,
3040_00,actRSHA4,None,0,Combatives_9994_00_actRSHA4,
3040_00,actRSHB1,None,0,Combatives_9994_00_actRSHB1,
3040_00,actRSHB2,None,0,Combatives_9994_00_actRSHB2,
3040_00,actRSHB3,None,0,Combatives_9994_00_actRSHB3,
3040_00,actRSHB4,None,0,Combatives_9994_00_actRSHB4,
3040_00,actSCF,None,0,Combatives_9994_00_actSCF,
3040_00,actSCN,None,0,Combatives_9994_00_actSCN,
3040_00,actSCP,None,0,Combatives_9994_00_actSCP,
3040_00,actSI1,None,0,Combatives_9994_actSI1,
3040_00,actSPC,2/2発目,1,Combatives_9994_00_actSPC,
3040_00,actSPM2HI,None,0,Combatives_3040_00_actSPM2_ADMHI,
3040_00,actSPM2SI,None,0,Combatives_3040_00_actSPM2SI,
3040_00,actTRPF,None,0,Combatives_9994_00_actTRPF,
3040_00,actTRW,None,0,Combatives_9994_00_actTRW,
3040_00,actTRW1P,None,0,Combatives_9994_actTRW1P,
3040_00,actTRWFT,None,0,Combatives_9994_00_actTRWFT,
3040_00,actTRWR,None,0,Combatives_9994_00_actTRWR,
3040_00,actULTHI,None,0,Combatives_3040_00_actULTHI,
3040_00,actVASF,None,0,Combatives_9994_00_actVASF,
3040_00,actZBD,None,0,Combatives_9994_00_actZBD,
3040_00,actZCBAD,None,0,Combatives_9994_00_actZCBAM,
3040_00,actZCBAL,None,0,Combatives_9994_00_actZCBAM,
3040_00,actZCBAM,None,0,Combatives_9994_00_actZCBAM,
3040_00,actZCBAR,None,0,Combatives_9994_00_actZCBAM,
3040_00,actZCBAU,None,0,Combatives_9994_00_actZCBAM,
3050_00,actARSHA2,1/2発目,0,Combatives_Common_actARSHA2,
3050_00,actARSHA2,None,0,,
3050_00,actARSHA2,2/2発目,1,Combatives_Common_actARSHA2,
3050_00,actBSRA2,1/2発目,0,Combatives_Common_actBSRA2,
3050_00,actBSRA2,None,0,,
3050_00,actBSRA2,2/2発目,1,Combatives_Common_actBSRA2,
3050_00,actDTW1P,None,0,Combatives_Common_actDTW1P,
3050_00,actDTWFT,None,0,Combatives_3050_00_actDTWFT,
3050_00,actEXA1,None,0,Combatives_3050_00_actEXA1,
3050_00,actRSHA2,1/2発目,0,Combatives_Common_actRSHA2,
3050_00,actRSHA2,None,0,,
3050_00,actRSHA2,2/2発目,1,Combatives_Common_actRSHA2,
3050_00,actRSHSA2,1/2発目,0,Combatives_Common_actRSHSA2,
3050_00,actRSHSA2,None,0,,
3050_00,actRSHSA2,2/2発目,1,Combatives_Common_actRSHSA2,
3050_00,actSINtGSPM1,None,0,Combatives_Common_actSINtG_Low1,
3050_00,actSPM1HD1P,None,0,Combatives_3050_00_actSPM1HD1P,
3050_00,actSPM1SI,None,0,Combatives_Common_actSPMSI_Attack,
3050_00,actSPM1SM,None,0,Combatives_Common_actSPMSI_Attack,
3050_00,actSPM2HI,None,0,Combatives_3050_00_actSPM2_ADMHI,
3050_00,actTRWFT,None,0,Combatives_3050_00_actTRWFT,
3050_00,actTRWR,None,0,Combatives_3050_00_actTRWR,
3050_00,actULT2HD1P,None,0,Combatives_Common_actULTHD1P,
3050_00,actULT2HI,None,0,Combatives_3050_00_actULT2HI,
3050_00,actULTHI,None,0,Combatives_3050_00_actULTHI,
3050_01,actDTW1P,None,0,Combatives_Common_actDTW1P,
3050_01,actDTWFT,None,0,Combatives_3050_01_actDTWFT,
3050_01,actEXA1,None,0,Combatives_3050_01_actEXA1,
3050_01,actSINtGSPM1,None,0,Combatives_Common_actSINtG_Low1,
3050_01,actSPM1HD1P,None,0,Combatives_3050_01_actSPM1HD1P,
3050_01,actSPM1HI,None,0,Combatives_3050_01_actSPM1HI,
3050_01,actSPM1SI,None,0,Combatives_Common_actSPMSI_Attack,
3050_01,actSPM1SM,None,0,Combatives_Common_actSPMSI_Attack,
3050_01,actSPM2HI,None,0,Combatives_3050_01_actSPM2_ADMHI,
3050_01,actTRWFT,None,0,Combatives_3050_01_actTRWFT,
3050_01,actTRWR,None,0,Combatives_3050_01_actTRWR,
3050_01,actULTHI,None,0,Combatives_3050_01_actULTHI,
3050_14,actDTW1P,None,0,Combatives_Common_actDTW1P,
3050_14,actDTWFT,None,0,Combatives_3050_14_actDTWFT,
3050_14,actEXA1,None,0,Combatives_Common_actEXA_FLS,
3050_14,actSPM2HI,None,0,Combatives_3050_14_actSPM2_ADMHI,
3050_14,actTRWFT,None,0,Combatives_3050_14_actTRWFT,
3050_14,actTRWR,None,0,Combatives_3050_14_actTRWR,
3050_14,actULTHI,None,0,Combatives_3050_14_actULTHI,
3060_00,actDTWFT,None,0,Combatives_3060_00_actDTWFT,
3060_00,actSPM2HI,None,0,Combatives_3060_00_actSPM2HI,
3060_00,actTRWFT,None,0,Combatives_3060_00_actTRWFT,
3060_00,actTRWR,None,0,Combatives_3060_00_actTRWR,
3060_00,actULTHI,None,0,Combatives_3060_00_actULTHI,
3060_01,actDTW1P,None,0,Combatives_Common_actDTW1P,
3060_01,actDTWFT,None,0,Combatives_3060_01_actDTWFT,
3060_01,actEXA1,None,0,Combatives_3060_01_actEXA1,
3060_01,actSPM2HI,None,0,Combatives_3060_01_actSPM2_ADMHI,
3060_01,actTRWFT,None,0,Combatives_3060_01_actTRWFT,
3060_01,actTRWR,None,0,Combatives_3060_01_actTRWR,
3060_01,actULTHI,None,0,Combatives_3060_01_actULTHI,
3060_01,actULTSI,None,0,,
3060_02,actDTWFT,None,0,Combatives_3060_02_actDTWFT,
3060_02,actSPM2HI,None,0,Combatives_3060_02_actSPM2HI,
3060_02,actTRWFT,None,0,Combatives_3060_02_actTRWFT,
3060_02,actTRWR,None,0,Combatives_3060_02_actTRWR,
3060_02,actULTHI,None,0,Combatives_3060_02_actULTHI,
3060_03,actARSHB3,1/2発目,0,Combatives_Common_actARSHB3M2_1,
3060_03,actARSHB3,None,0,,
3060_03,actARSHB3,2/2発目,1,Combatives_Common_actARSHB3M2_2F,
3060_03,actBSRB3,1/2発目,0,Combatives_Common_actBSRB3M2_1,
3060_03,actBSRB3,None,0,,
3060_03,actBSRB3,2/2発目,1,Combatives_Common_actBSRB3M2_2F,
3060_03,actDTW1P,None,0,Combatives_Common_actDTW1P,
3060_03,actDTWFT,None,0,Combatives_3060_03_actDTWFT,
3060_03,actEXA1,None,0,Combatives_3060_03_actEXA1,
3060_03,actRSHB3,1/2発目,0,Combatives_Common_actRSHB3M2_1,
3060_03,actRSHB3,None,0,,
3060_03,actRSHB3,2/2発目,1,Combatives_Common_actRSHB3M2_2F,
3060_03,actRSHSB3,1/2発目,0,Combatives_Common_actRSHSB3M2_1,
3060_03,actRSHSB3,None,0,,
3060_03,actRSHSB3,2/2発目,1,Combatives_Common_actRSHSB3M2_2F,
3060_03,actSPM2HI,None,0,Combatives_3060_03_actSPM2_ADMHI,
3060_03,actTRWFT,None,0,Combatives_3060_03_actTRWFT,
3060_03,actTRWR,None,0,Combatives_3060_03_actTRWR,
3060_03,actULTHI,None,0,Combatives_3060_03_actULTHI,
3060_03,actULTSI,None,0,,
3070_00,actDTWFT,None,0,Combatives_3070_00_actDTWFT,
3070_00,actEXA1,None,0,Combatives_3070_00_actEXA1,
3070_00,actSPM2HI,None,0,Combatives_3070_00_actSPM2_ADMHI,
3070_00,actTRWFT,None,0,Combatives_3070_00_actTRWFT,
3070_00,actTRWR,None,0,Combatives_3070_00_actTRWR,
3070_00,actULTHI,None,0,Combatives_3070_00_actULTHI,
3070_00,actULTSI,None,0,,
3080_00,actDTWFT,None,0,Combatives_3080_00_actDTWFT,
3080_00,actEXA1,None,0,Combatives_3080_00_actEXA1,
3080_00,actSPM2HI,None,0,Combatives_3080_00_actSPM2_ADMHI,
3080_00,actTRWFT,None,0,Combatives_3080_00_actTRWFT,
3080_00,actTRWR,None,0,Combatives_3080_00_actTRWR,
3080_00,actULTHI,None,0,Combatives_3080_00_actULTHI,
3080_00,actULTSI,None,0,,
3100_03,actARSHB3,1/2発目,0,Combatives_Common_actARSHB3M2_1,
3100_03,actARSHB3,None,0,,
3100_03,actARSHB3,2/2発目,1,Combatives_Common_actARSHB3M2_2F,
3100_03,actBSRB3,1/2発目,0,Combatives_Common_actBSRB3M2_1,
3100_03,actBSRB3,None,0,,
3100_03,actBSRB3,2/2発目,1,Combatives_Common_actBSRB3M2_2F,
3100_03,actDTWFT,None,0,Combatives_3100_03_actDTWFT,
3100_03,actEXA1,None,0,Combatives_3100_03_actEXA1,
3100_03,actEXA2,None,0,Combatives_Common_actEXA_SPC_BOM,
3100_03,actRSHB3,1/2発目,0,Combatives_Common_actRSHB3M2_1,
3100_03,actRSHB3,None,0,,
3100_03,actRSHB3,2/2発目,1,Combatives_Common_actRSHB3M2_2F,
3100_03,actSPM2HI,None,0,Combatives_3100_03_actSPM2_ADMHI,
3100_03,actTRWFT,None,0,Combatives_3100_03_actTRWFT,
3100_03,actTRWR,None,0,Combatives_3100_03_actTRWR,
3100_03,actULTHI,None,0,Combatives_3100_03_actULTHI,
3100_03,actULTSI,None,0,,
3110_00,actDTWFT,None,0,Combatives_3110_00_actDTWFT,
3110_00,actEXA1,None,0,Combatives_3110_00_actEXA1,
3110_00,actSINtGSPM2,None,0,Combatives_Common_actSINtG_Unblock,
3110_00,actSPM1HI,None,0,Combatives_3110_00_actSPM2_ADMHI,
3110_00,actSPM2HI,None,0,Combatives_3110_00_actSPM2_ADMHI,
3110_00,actSPM2SI,None,0,Combatives_3110_00_actSPM2SI,
3110_00,actSPM2SM,None,0,Combatives_3110_00_actSPM2SM,
3110_00,actTRWFT,None,0,Combatives_3110_00_actTRWFT,
3110_00,actTRWR,None,0,Combatives_3110_00_actTRWR,
3110_00,actULTHI,None,0,Combatives_3110_00_actULTHI,
3120_04,actARSHA2,1/2発目,0,Combatives_Common_actARSHA2M2_1,
3120_04,actARSHA2,None,0,,
3120_04,actARSHA2,2/2発目,1,Combatives_Common_actARSHA2M2_2F,
3120_04,actARSHA3,1/2発目,0,Combatives_Common_actARSHA3M2_1,
3120_04,actARSHA3,None,0,,
3120_04,actARSHA3,2/2発目,1,Combatives_Common_actARSHA3M2_1,
3120_04,actARSHB2,1/2発目,0,Combatives_Common_actARSHB2M2_1,
3120_04,actARSHB2,None,0,,
3120_04,actARSHB2,2/2発目,1,Combatives_Common_actARSHB2M2_2F,
3120_04,actARSHB3,1/2発目,0,Combatives_Common_actARSHB3M2_1,
3120_04,actARSHB3,None,0,,
3120_04,actARSHB3,2/2発目,1,Combatives_Common_actARSHB3M2_2F,
3120_04,actARSHB4,1/2発目,0,Combatives_Common_actARSHB4M2_1,
3120_04,actARSHB4,None,0,,
3120_04,actARSHB4,2/2発目,1,Combatives_Common_actARSHB4M2_2F,
3120_04,actBSRA2,1/2発目,0,Combatives_Common_actBSRA2M2_1,
3120_04,actBSRA2,None,0,,
3120_04,actBSRA2,2/2発目,1,Combatives_Common_actBSRA2M2_2F,
3120_04,actBSRA3,1/2発目,0,Combatives_Common_actBSRA3M2_1,
3120_04,actBSRA3,None,0,,
3120_04,actBSRA3,2/2発目,1,Combatives_Common_actBSRA3M2_2F,
3120_04,actBSRB2,1/2発目,0,Combatives_Common_actBSRB2M2_1,
3120_04,actBSRB2,None,0,,
3120_04,actBSRB2,2/2発目,1,Combatives_Common_actBSRB2M2_2F,
3120_04,actBSRB3,1/2発目,0,Combatives_Common_actBSRB3M2_1,
3120_04,actBSRB3,None,0,,
3120_04,actBSRB3,2/2発目,1,Combatives_Common_actBSRB3M2_2F,
3120_04,actBSRB4,1/2発目,0,Combatives_Common_actBSRB4M2_1,
3120_04,actBSRB4,None,0,,
3120_04,actBSRB4,2/2発目,1,Combatives_Common_actBSRB4M2_2F,
3120_04,actDTW1P,None,0,Combatives_Common_actDTW1P,
3120_04,actDTWFT,None,0,Combatives_3120_04_actDTWFT,
3120_04,actEXA1,None,0,Combatives_3120_04_actEXA1,
3120_04,actEXA2,None,0,Combatives_Common_actEXA_SPC_BOM,
3120_04,actRSHA2,1/2発目,0,Combatives_Common_actRSHA2M2_1,
3120_04,actRSHA2,None,0,,
3120_04,actRSHA2,2/2発目,1,Combatives_Common_actRSHA2M2_2F,
3120_04,actRSHA3,1/2発目,0,Combatives_Common_actRSHA3M2_1,
3120_04,actRSHA3,None,0,,
3120_04,actRSHA3,2/2発目,1,Combatives_Common_actRSHA3M2_2F,
3120_04,actRSHB2,1/2発目,0,Combatives_Common_actRSHB2M2_1,
3120_04,actRSHB2,None,0,,
3120_04,actRSHB2,2/2発目,1,Combatives_Common_actRSHB2M2_2F,
3120_04,actRSHB3,1/2発目,0,Combatives_Common_actRSHB3M2_1,
3120_04,actRSHB3,None,0,,
3120_04,actRSHB3,2/2発目,1,Combatives_Common_actRSHB3M2_2F,
3120_04,actRSHB4,1/2発目,0,Combatives_Common_actRSHB4M2_1,
3120_04,actRSHB4,None,0,,
3120_04,actRSHB4,2/2発目,1,Combatives_Common_actRSHB4M2_2F,
3120_04,actRSHSA2,1/2発目,0,Combatives_Common_actRSHSA2M2_1,
3120_04,actRSHSA2,None,0,,
3120_04,actRSHSA2,2/2発目,1,Combatives_Common_actRSHSA2M2_2F,
3120_04,actRSHSA3,1/2発目,0,Combatives_Common_actRSHSA3M2_1,
3120_04,actRSHSA3,None,0,,
3120_04,actRSHSA3,2/2発目,1,Combatives_Common_actRSHSA3M2_2F,
3120_04,actRSHSA4,1/3発目,0,Combatives_Common_actRSHSA4M3_1,
3120_04,actRSHSA4,None,0,,
3120_04,actRSHSA4,2/3発目,1,Combatives_Common_actRSHSA4M3_2,
3120_04,actRSHSA4,3/3発目,2,Combatives_Common_actRSHSA4M3_3F,
3120_04,actSPM1HD1P,None,0,Combatives_3120_04_actSPM1HD1P,
3120_04,actSPM2HI,None,0,Combatives_3120_04_actSPM2_ADMHI,
3120_04,actTRWFT,None,0,Combatives_3120_04_actTRWFT,
3120_04,actTRWR,None,0,Combatives_3120_04_actTRWR,
3120_04,actULTHI,None,0,Combatives_3120_04_actULTHI,
3130_00,actDTWFT,None,0,Combatives_3130_00_actDTWFT,
3130_00,actSPM2HD1P,None,0,Combatives_3130_00_actSPM2HD1P,
3130_00,actSPM2HI,None,0,Combatives_3130_00_actSPM2HI,
3130_00,actTRWFT,None,0,Combatives_3130_00_actTRWFT,
3130_00,actTRWR,None,0,Combatives_3130_00_actTRWR,
3130_00,actULTHI,None,0,Combatives_3130_00_actULTHI,
3140_00,actDTWFT,None,0,Combatives_3140_00_actDTWFT,
3140_00,actEXA1,None,0,Combatives_3140_00_actEXA1,
3140_00,actFR1,2/3発目,1,Combatives_Common_actFR1_3,
3140_00,actFR1,3/3発目,2,Combatives_Common_actFR1,
3140_00,actSINtGSPM2,None,0,Combatives_Common_actSINtG_Unblock,
3140_00,actSPM2HI,None,0,Combatives_3140_00_actSPM2_ADMHI,
3140_00,actSPM2SI,None,0,Combatives_3140_00_actSPM2SI,
3140_00,actSPM2SM,None,0,Combatives_3140_00_actSPM2SM,
3140_00,actTRWFT,None,0,Combatives_3140_00_actTRWFT,
3140_00,actTRWR,None,0,Combatives_3140_00_actTRWR,
3140_00,actULTHI,None,0,Combatives_3140_00_actULTHI,
3150_00,actBLWB,None,0,Combatives_9994_00_actBLWB,
3150_00,actBLWF,None,0,Combatives_9994_00_actBLWF,
3150_00,actBWF,None,0,Combatives_9994_actBWF,
3150_00,actBWN,None,0,Combatives_9994_actBWN,
3150_00,actBWP,None,0,Combatives_9994_actBWP,
3150_00,actDTW,None,0,Combatives_9994_00_actDTW,
3150_00,actDTW1P,None,0,Combatives_Common_actDTW1P,
3150_00,actDTWFT,None,0,Combatives_9994_00_actDTWFT,
3150_00,actEXA1,None,0,Combatives_3150_00_actEXA1,
3150_00,actHC1,None,0,Combatives_9994_actHC1,
3150_00,actHC2,None,0,Combatives_9994_actHC2,
3150_00,actHC3,None,0,Combatives_9994_actHC3,
3150_00,actHFF,None,0,Combatives_9994_00_actHFF,
3150_00,actHFN,None,0,Combatives_9994_00_actHFN,
3150_00,actHFP,None,0,Combatives_9994_00_actHFP,
3150_00,actPP1A,1/2発目,0,Combatives_9994_actPP1A,
3150_00,actPP1A,2/2発目,1,Combatives_9994_actPP1A_F,
3150_00,actPP1A,None,2,Combatives_9994_actPP1A,
3150_00,actPWFF,None,0,Combatives_9994_00_actPWFF,
3150_00,actRHFL,None,0,Combatives_9994_actRHFL,
3150_00,actRHFR,None,0,Combatives_9994_actRHFR,
3150_00,actRHNL,None,0,Combatives_9994_actRHNL,
3150_00,actRHNR,None,0,Combatives_9994_actRHNR,
3150_00,actRHPL,None,0,Combatives_9994_actRHPL,
3150_00,actRHPR,None,0,Combatives_9994_actRHPR,
3150_00,actRI1,None,0,Combatives_Common_actHUGE_RI1,
3150_00,actRSHA1,None,0,Combatives_9994_00_actRSHA1,
3150_00,actRSHA2,None,0,Combatives_9994_00_actRSHA2,
3150_00,actRSHA3,None,0,Combatives_9994_00_actRSHA3,
3150_00,actRSHA3M,None,0,Combatives_Common_actRSHA3M,
3150_00,actRSHA4,None,0,Combatives_9994_00_actRSHA4,
3150_00,actRSHB1,None,0,Combatives_9994_00_actRSHB1,
3150_00,actRSHB2,None,0,Combatives_9994_00_actRSHB2,
3150_00,actRSHB3,None,0,Combatives_9994_00_actRSHB3,
3150_00,actRSHB4,None,0,Combatives_9994_00_actRSHB4,
3150_00,actSCF,None,0,Combatives_9994_00_actSCF,
3150_00,actSCN,None,0,Combatives_9994_00_actSCN,
3150_00,actSCP,None,0,Combatives_9994_00_actSCP,
3150_00,actSI1,None,0,Combatives_9994_actSI1,
3150_00,actSPC,2/2発目,1,Combatives_9994_00_actSPC,
3150_00,actSPM1HD1P,None,0,Combatives_3150_00_actSPM1HD1P,
3150_00,actSPM1HI,None,0,Combatives_3150_00_actSPM1_ADMHI,
3150_00,actSPM2HI,None,0,Combatives_3150_00_actSPM2_ADMHI,
3150_00,actTRPF,None,0,Combatives_9994_00_actTRPF,
3150_00,actTRW,None,0,Combatives_9994_00_actTRW,
3150_00,actTRW1P,None,0,Combatives_9994_actTRW1P,
3150_00,actTRWFT,None,0,Combatives_3150_00_actTRWFT,
3150_00,actTRWR,None,0,Combatives_9994_00_actTRWR,
3150_00,actULTHD1P,None,0,Combatives_3150_00_actULTHD1P,
3150_00,actULTHI,None,0,Combatives_3150_00_actULTHI,
3150_00,actVASF,None,0,Combatives_9994_00_actVASF,
3150_00,actZBD,None,0,Combatives_9994_00_actZBD,
3150_00,actZCBAD,None,0,Combatives_9994_00_actZCBAM,
3150_00,actZCBAL,None,0,Combatives_9994_00_actZCBAM,
3150_00,actZCBAM,None,0,Combatives_9994_00_actZCBAM,
3150_00,actZCBAR,None,0,Combatives_9994_00_actZCBAM,
3150_00,actZCBAU,None,0,Combatives_9994_00_actZCBAM,
3150_00,actZCBGD,None,0,Combatives_9994_00_actZCBGM,
3150_00,actZCBGL,None,0,Combatives_9994_00_actZCBGM,
3150_00,actZCBGM,None,0,Combatives_9994_00_actZCBGM,
3150_00,actZCBGR,None,0,Combatives_9994_00_actZCBGM,
3150_00,actZCBGU,None,0,Combatives_9994_00_actZCBGM,
3160_00,actDTWFT,None,0,Combatives_3160_00_actDTWFT,
3160_00,actEXA1,None,0,Combatives_Common_actEXA_FLS,
3160_00,actSPM2HI,None,0,Combatives_3160_00_actSPM2HI,
3160_00,actTRWFT,None,0,Combatives_3160_00_actTRWFT,
3160_00,actTRWR,None,0,Combatives_3160_00_actTRWR,
3160_00,actULTHI,None,0,Combatives_3160_00_actULTHI,
3170_00,actDTW1P,None,0,Combatives_Common_actDTW1P,
3170_00,actDTWFT,None,0,Combatives_3170_00_actDTWFT,
3170_00,actEXA1,None,0,Combatives_Common_actEXA_FLS,
3170_00,actSPM1HI,None,0,,
3170_00,actSPM2HI,None,0,Combatives_3170_00_actSPM2HI,
3170_00,actTRWFT,None,0,Combatives_3170_00_actTRWFT,
3170_00,actTRWR,None,0,Combatives_3170_00_actTRWR,
3170_00,actULT2HD1P,None,0,Combatives_Common_actULTHD1P,
3170_00,actULT2SI,None,0,Combatives_Common_actULTSI_Attack,
3170_00,actULTHI,None,0,Combatives_3170_00_actULTHI,
3190_00,actDTWFT,None,0,Combatives_3190_00_actDTWFT,
3190_00,actEXA1,None,0,Combatives_Common_actEXA_FLS,
3190_00,actSPM2HD1P,None,0,,
3190_00,actSPM2SI,None,0,,
3190_00,actTRWFT,None,0,Combatives_3190_00_actTRWFT,
3190_00,actTRWR,None,0,Combatives_3190_00_actTRWR,
3190_00,actULTHI,None,0,Combatives_3190_00_actULTHI,
3270_00,actDTWFT,None,0,Combatives_3270_00_actDTWFT,
3270_00,actEXA1,None,0,Combatives_Common_actEXA_FLS,
3270_00,actSPM2HI,None,0,Combatives_3270_00_actSPM2_ADMHI,
3270_00,actTRWFT,None,0,Combatives_3270_00_actTRWFT,
3270_00,actTRWR,None,0,Combatives_3270_00_actTRWR,
3270_00,actULTHI,None,0,Combatives_3270_00_actULTHI,
3270_00,actULTSM,None,0,,
3270_01,actDTWFT,None,0,Combatives_3270_01_actDTWFT,
3270_01,actEXA1,None,0,Combatives_Common_actEXA_FLS,
3270_01,actSPM2HI,None,0,Combatives_3270_01_actSPM2_ADMHI,
3270_01,actTRWFT,None,0,Combatives_3270_01_actTRWFT,
3270_01,actTRWR,None,0,Combatives_3270_01_actTRWR,
3270_01,actULT2HD1P,None,0,Combatives_Common_actULTHD1P,
3270_01,actULT2SI,None,0,Combatives_Common_actULTSI_Attack,
3270_01,actULTHI,None,0,Combatives_3270_01_actULTHI,
3270_01,actULTSI,None,0,,
3280_00,actDTW1P,None,0,Combatives_Common_actDTW1P,
3280_00,actDTWFT,None,0,Combatives_3280_00_actDTWFT,
3280_00,actEXA1,None,0,Combatives_Common_actEXA_FLS,
3280_00,actSPM2HI,None,0,Combatives_3280_00_actSPM2_ADMHI,
3280_00,actTRWFT,None,0,Combatives_3280_00_actTRWFT,
3280_00,actTRWR,None,0,Combatives_3280_00_actTRWR,
3280_00,actULT2HD1P,None,0,Combatives_Common_actULTHD1P,
3280_00,actULT2SI,None,0,Combatives_Common_actULTSI_Attack,
3280_00,actULTHI,None,0,Combatives_3280_00_actULTHI,
3280_01,actDTW1P,None,0,Combatives_Common_actDTW1P,
3280_01,actDTWFT,None,0,Combatives_3280_01_actDTWFT,
3280_01,actEXA1,None,0,Combatives_3280_01_actEXA1,
3280_01,actSPM2HI,None,0,Combatives_3280_01_actSPM2_ADMHI,
3280_01,actTRWFT,None,0,Combatives_3280_01_actTRWFT,
3280_01,actTRWR,None,0,Combatives_3280_01_actTRWR,
3280_01,actULTHD1P,None,0,Combatives_Common_actULTHD1P_High1,
3280_01,actULTHI,None,0,Combatives_3280_01_actULTHI,
3290_00,actDTWFT,None,0,Combatives_3290_00_actDTWFT,
3290_00,actEXA1,None,0,Combatives_3290_00_actEXA1,
3290_00,actSPC,2/2発目,1,Combatives_Common_actSPC_NoHIT,
3290_00,actSPM1HI,None,0,,
3290_00,actSPM2HI,None,0,Combatives_3290_00_actSPM2_ADMHI,
3290_00,actTRWFT,None,0,Combatives_3290_00_actTRWFT,
3290_00,actTRWR,None,0,Combatives_3290_00_actTRWR,
3290_00,actULTHI,None,0,Combatives_3290_00_actULTHI,
3300_00,actDTW1P,None,0,Combatives_Common_actDTW1P,
3300_00,actDTWFT,None,0,Combatives_3300_00_actDTWFT,
3300_00,actEXA1,None,0,Combatives_Common_actEXA_FLS,
3300_00,actSPM2HI,None,0,Combatives_3300_00_actSPM2_ADMHI,
3300_00,actTRWFT,None,0,Combatives_3300_00_actTRWFT,
3300_00,actTRWR,None,0,Combatives_3300_00_actTRWR,
3300_00,actULTHI,None,0,Combatives_3300_00_actULTHI,
3310_00,actDTWFT,None,0,Combatives_3310_00_actDTWFT,
3310_00,actSPM2HI,None,0,Combatives_3310_00_actSPM2HI,
3310_00,actTRWFT,None,0,Combatives_3310_00_actTRWFT,
3310_00,actTRWR,None,0,Combatives_3310_00_actTRWR,
3310_00,actULTHI,None,0,Combatives_3310_00_actULTHI,
3310_00,actULTSI,None,0,,
3310_10,actBLWB,None,0,Combatives_9994_00_actBLWB,
3310_10,actBLWF,None,0,Combatives_9994_00_actBLWF,
3310_10,actBWF,None,0,Combatives_9994_actBWF,
3310_10,actBWN,None,0,Combatives_9994_actBWN,
3310_10,actBWP,None,0,Combatives_9994_actBWP,
3310_10,actDTW,None,0,Combatives_9994_00_actDTW,
3310_10,actDTW1P,None,0,Combatives_Common_actDTW1P,
3310_10,actDTWFT,None,0,Combatives_9994_00_actDTWFT,
3310_10,actEXA1,None,0,Combatives_3310_10_actEXA1,
3310_10,actFR1,2/3発目,1,Combatives_Common_actFR1_3,
3310_10,actFR1,3/3発目,2,Combatives_Common_actFR1,
3310_10,actHC1,None,0,Combatives_9994_actHC1,
3310_10,actHC2,None,0,Combatives_9994_actHC2,
3310_10,actHC3,None,0,Combatives_9994_actHC3,
3310_10,actHFF,None,0,Combatives_9994_00_actHFF,
3310_10,actHFN,None,0,Combatives_9994_00_actHFN,
3310_10,actHFP,None,0,Combatives_9994_00_actHFP,
3310_10,actPP1A,1/2発目,0,Combatives_9994_actPP1A,
3310_10,actPP1A,2/2発目,1,Combatives_9994_actPP1A_F,
3310_10,actPWFF,None,0,Combatives_9994_00_actPWFF,
3310_10,actRHFL,None,0,Combatives_9994_actRHFL,
3310_10,actRHFR,None,0,Combatives_9994_actRHFR,
3310_10,actRHNL,None,0,Combatives_9994_actRHNL,
3310_10,actRHNR,None,0,Combatives_9994_actRHNR,
3310_10,actRHPL,None,0,Combatives_9994_actRHPL,
3310_10,actRHPR,None,0,Combatives_9994_actRHPR,
3310_10,actRI1,None,0,Combatives_Common_actHUGE_RI1,
3310_10,actRSHA1,None,0,Combatives_9994_00_actRSHA1,
3310_10,actRSHA2,None,0,Combatives_9994_00_actRSHA2,
3310_10,actRSHA3,None,0,Combatives_9994_00_actRSHA3,
3310_10,actRSHA4,None,0,Combatives_9994_00_actRSHA4,
3310_10,actRSHB1,None,0,Combatives_9994_00_actRSHB1,
3310_10,actRSHB2,None,0,Combatives_9994_00_actRSHB2,
3310_10,actRSHB3,None,0,Combatives_9994_00_actRSHB3,
3310_10,actRSHB4,None,0,Combatives_9994_00_actRSHB4,
3310_10,actSCF,None,0,Combatives_9994_00_actSCF,
3310_10,actSCN,None,0,Combatives_9994_00_actSCN,
3310_10,actSCP,None,0,Combatives_9994_00_actSCP,
3310_10,actSI1,None,0,Combatives_9994_actSI1,
3310_10,actSPC,2/2発目,1,Combatives_9994_00_actSPC,
3310_10,actSPM2HI,None,0,Combatives_3310_10_actSPM2_ADMHI,
3310_10,actSPM2SI,None,0,Combatives_3310_10_actSPM2SI,
3310_10,actTRPF,None,0,Combatives_9994_00_actTRPF,
3310_10,actTRW,None,0,Combatives_9994_00_actTRW,
3310_10,actTRW1P,None,0,Combatives_9994_actTRW1P,
3310_10,actTRWFT,None,0,Combatives_9994_00_actTRWFT,
3310_10,actTRWR,None,0,Combatives_9994_00_actTRWR,
3310_10,actULTHI,None,0,Combatives_3310_10_actULTHI,
3310_10,actULTHIG,None,0,Combatives_3310_10_actULTHI,
3310_10,actVASF,None,0,Combatives_9994_00_actVASF,
3310_10,actZBD,None,0,Combatives_9994_00_actZBD,
3310_10,actZCBAD,None,0,Combatives_9994_00_actZCBAM,
3310_10,actZCBAL,None,0,Combatives_9994_00_actZCBAM,
3310_10,actZCBAM,None,0,Combatives_9994_00_actZCBAM,
3310_10,actZCBAR,None,0,Combatives_9994_00_actZCBAM,
3310_10,actZCBAU,None,0,Combatives_9994_00_actZCBAM,
3320_00,actDDS,None,0,Combatives_Common_actDDS_weak,
3320_00,actDTW1P,None,0,Combatives_Common_actDTW1P,
3320_00,actDTWFT,None,0,Combatives_3320_00_actDTWFT,
3320_00,actEXA1,None,0,Combatives_Common_actEXA_FLS,
3320_00,actRVCOM,None,0,Combatives_Common_actDDS_weak,
3320_00,actSPC,2/2発目,1,Combatives_Common_actSPC_NoHIT,
3320_00,actSPM1SM,None,0,Combatives_Common_actDDS_weak,
3320_00,actSPM2HI,None,0,Combatives_3320_00_actSPM2HI,
3320_00,actSPM2SM,None,0,Combatives_Common_actDDS_weak,
3320_00,actSPM3SM,None,0,Combatives_Common_actDDS_weak,
3320_00,actTRWFT,None,0,Combatives_3320_00_actTRWFT,
3320_00,actTRWR,None,0,Combatives_3320_00_actTRWR,
3320_00,actULTHI,None,0,Combatives_3320_00_actULTHI,
3330_00,actDTW1P,None,0,Combatives_Common_actDTW1P,
3330_00,actDTWFT,None,0,Combatives_3330_00_actDTWFT,
3330_00,actEXA1,None,0,Combatives_Common_actEXA_FLS,
3330_00,actSPM2HI,None,0,Combatives_3330_00_actSPM2_ADMHI,
3330_00,actTRWFT,None,0,Combatives_3330_00_actTRWFT,
3330_00,actTRWR,None,0,Combatives_3330_00_actTRWR,
3330_00,actULTHI,None,0,Combatives_3330_00_actULTHI,
3350_00,actDTW1P,None,0,Combatives_Common_actDTW1P,
3350_00,actDTWFT,None,0,Combatives_3350_00_actDTWFT,
3350_00,actEXA1,None,0,Combatives_3350_00_actEXA1,
3350_00,actEXA2,None,0,Combatives_Common_actEXA_SPC_BOM,
3350_00,actSPM1HI,None,0,,
3350_00,actSPM2HD1P,None,0,Combatives_3350_00_actSPM2HD1P,
3350_00,actSPM2HI,None,0,Combatives_3350_00_actSPM2HI,
3350_00,actTRWFT,None,0,Combatives_3350_00_actTRWFT,
3350_00,actTRWR,None,0,Combatives_3350_00_actTRWR,
3350_00,actULTHD1P,None,0,Combatives_3350_00_actULTHD1P,
3350_00,actULTHI,None,0,Combatives_3350_00_actULTHI,
3350_00,actULTSI,None,0,,
3360_00,actCRFFO,None,0,,
3360_00,actCRFI,None,0,Combatives_Common_actCRFRO,
3360_00,actCRFLO,None,0,Combatives_Common_actCRFFO,
3360_00,actCRFRO,None,0,Combatives_Common_actCRFLO,
3360_00,actDTWFT,None,0,Combatives_3360_00_actDTWFT,
3360_00,actEXA1,None,0,Combatives_3360_00_actEXA1,
3360_00,actSPM2HI,None,0,Combatives_3360_00_actSPM2_ADMHI,
3360_00,actTRWFT,None,0,Combatives_3360_00_actTRWFT,
3360_00,actTRWR,None,0,Combatives_3360_00_actTRWR,
3360_00,actULTHI,None,0,Combatives_3360_00_actULTHI,
