file,field,value
BlastSkill1_0000_00,ExpendEnergy,30000
BlastSkill1_0000_00,TriggerExpendEnergy,30000
BlastSkill1_0000_00,bCanBlastImpact,true
BlastSkill1_0000_00,BlastImpactPower,5
BlastSkill1_0000_00,bWeakSpecialShield,true
BlastSkill1_0000_00,BlastSkillParamData.SuperZCounterType,EKoratSuperZCounterType::Repel
BlastSkill1_0000_00,BlastSkillParamData.bTurnCGSection,true
BlastSkill1_0000_00,BlastGroup,GR0000_00B1
BlastSkill2_0000_00,LungeSpeed,8750
BlastSkill2_0000_00,ExpendEnergy,30000
BlastSkill2_0000_00,TriggerExpendEnergy,15000
BlastSkill2_0000_00,bCanSpeedImpact,true
BlastSkill2_0000_00,BlastSkillParamData.Type,突進格闘
BlastSkill2_0000_00,BlastSkillParamData.bNonLockUsable,false
BlastSkill2_0000_00,BlastSkillParamData.MoveLimitTime,2
BlastSkill2_0000_00,BlastSkillParamData.MoveType,EBlastDashMoveType::ControllableTarget
BlastSkill2_0000_00,BlastGroup,GR0000_00B2
BlastForte1_0000_00,BlastForteParamData.bIsImpossileGuard,true
BlastForte1_0000_00,BlastForteParamData.bNoAutoGuard,true
BlastForte2_0000_00,BlastForteParamData.Type,能力
BlastUltimate_0000_00,ExpendEnergy,50000
BlastUltimate_0000_00,TriggerExpendEnergy,50000
BlastUltimate_0000_00,bCanBlastImpact,true
BlastUltimate_0000_00,BlastImpactPower,12
BlastUltimate_0000_00,BlastUltimateParamData.bMapChangeEscapeEvenet,true
BlastUltimate_0000_00,BlastUltimateParamData.bImpossibleGuard,true
BlastUltimate_0000_00,BlastGroup,GR0000_00UB
BlastUltimate2_0000_00_07,LungeSpeed,11700
BlastUltimate2_0000_00_07,ExpendEnergy,50000
BlastUltimate2_0000_00_07,TriggerExpendEnergy,50000
BlastUltimate2_0000_00_07,bCanSpeedImpact,true
BlastUltimate2_0000_00_07,bNoDisableSnapHorizontalInNearGround,false
BlastUltimate2_0000_00_07,BlastUltimateParamData.Type,突進格闘
BlastUltimate2_0000_00_07,BlastUltimateParamData.bNonLockUsable,false
BlastUltimate2_0000_00_07,BlastUltimateParamData.MoveLimitTime,1
BlastUltimate2_0000_00_07,BlastGroup,GR0450_00UB
BlastSkill1_0000_10,ExpendEnergy,30000
BlastSkill1_0000_10,TriggerExpendEnergy,30000
BlastSkill1_0000_10,bCanBlastImpact,true
BlastSkill1_0000_10,BlastImpactPower,5
BlastSkill1_0000_10,bWeakSpecialShield,true
BlastSkill1_0000_10,BlastSkillParamData.bMapChangeEscapeEvenet,true
BlastSkill1_0000_10,BlastSkillParamData.SuperZCounterType,EKoratSuperZCounterType::Repel
BlastSkill1_0000_10,BlastGroup,GR0000_00B1
BlastSkill2_0000_10,LungeSpeed,8750
BlastSkill2_0000_10,ExpendEnergy,30000
BlastSkill2_0000_10,TriggerExpendEnergy,15000
BlastSkill2_0000_10,bCanSpeedImpact,true
BlastSkill2_0000_10,BlastSkillParamData.Type,突進格闘
BlastSkill2_0000_10,BlastSkillParamData.bNonLockUsable,false
BlastSkill2_0000_10,BlastSkillParamData.MoveLimitTime,2
BlastSkill2_0000_10,BlastSkillParamData.MoveType,EBlastDashMoveType::ControllableTarget
BlastSkill2_0000_10,BlastGroup,GR0000_10B2
BlastForte1_0000_10,BlastForteParamData.Type,特殊
BlastForte2_0000_10,BlastForteParamData.Type,能力
BlastUltimate_0000_10,ExpendEnergy,50000
BlastUltimate_0000_10,TriggerExpendEnergy,50000
BlastUltimate_0000_10,bCanBlastImpact,true
BlastUltimate_0000_10,BlastImpactPower,12
BlastUltimate_0000_10,BlastUltimateParamData.bMapChangeEscapeEvenet,true
BlastUltimate_0000_10,BlastUltimateParamData.bImpossibleGuard,true
BlastUltimate_0000_10,BlastGroup,GR0000_00UB
BlastSkill1_0000_11,ExpendEnergy,30000
BlastSkill1_0000_11,TriggerExpendEnergy,30000
BlastSkill1_0000_11,bCanBlastImpact,true
BlastSkill1_0000_11,BlastImpactPower,5
BlastSkill1_0000_11,bWeakSpecialShield,true
BlastSkill1_0000_11,BlastSkillParamData.bMapChangeEscapeEvenet,true
BlastSkill1_0000_11,BlastSkillParamData.SuperZCounterType,EKoratSuperZCounterType::Repel
BlastSkill1_0000_11,BlastSkillParamData.bTurnCGSection,true
BlastSkill1_0000_11,BlastGroup,GR0000_00B1
BlastSkill2_0000_11,LungeSpeed,8750
BlastSkill2_0000_11,ExpendEnergy,30000
BlastSkill2_0000_11,TriggerExpendEnergy,15000
BlastSkill2_0000_11,bCanSpeedImpact,true
BlastSkill2_0000_11,BlastSkillParamData.Type,突進格闘
BlastSkill2_0000_11,BlastSkillParamData.bNonLockUsable,false
BlastSkill2_0000_11,BlastSkillParamData.MoveLimitTime,2
BlastSkill2_0000_11,BlastSkillParamData.MoveType,EBlastDashMoveType::ControllableTarget
BlastSkill2_0000_11,BlastGroup,GR0000_11B2
BlastForte1_0000_11,BlastForteParamData.Type,残像拳
BlastForte1_0000_11,BlastForteParamData.bNoHitCheckCombatives,true
BlastForte2_0000_11,ExpendBlastStock,4
BlastForte2_0000_11,TriggerExpendBlastStock,4
BlastForte2_0000_11,BlastForteParamData.Type,特殊
BlastForte2_0000_11,BlastForteParamData.bNoAutoGuard,true
BlastUltimate_0000_11,ExpendEnergy,50000
BlastUltimate_0000_11,TriggerExpendEnergy,50000
BlastUltimate_0000_11,bCanBlastImpact,true
BlastUltimate_0000_11,BlastImpactPower,9
BlastUltimate_0000_11,BlastUltimateParamData.bMapChangeEscapeEvenet,true
BlastUltimate_0000_11,BlastUltimateParamData.BlastDemoBranchConditions[0].BranchType,ESSBlastDemoBranchType::DramaticFinish
BlastUltimate_0000_11,BlastUltimateParamData.BlastDemoBranchConditions[0].SortId,0
BlastUltimate_0000_11,BlastUltimateParamData.BlastDemoBranchConditions[0].bTrueIfAllApply,true
BlastUltimate_0000_11,BlastUltimateParamData.BlastDemoBranchConditions[0].MyselfRemainingHP,0
BlastUltimate_0000_11,BlastUltimateParamData.BlastDemoBranchConditions[0].ExParam,-1
BlastUltimate_0000_11,BlastUltimateParamData.BlastDemoBranchConditions[0].SpDerivationType,EBlastDemoSpDerivationType::Unspecified
BlastUltimate_0000_11,BlastUltimateParamData.BlastDemoBranchConditions[0].VictoryAppealWarpType,EVictoryAppealWarpType::MyselfSafeArea
BlastUltimate_0000_11,BlastGroup,GR0000_00B1
BlastUltimate2_0000_11_07,LungeSpeed,11700
BlastUltimate2_0000_11_07,ExpendEnergy,50000
BlastUltimate2_0000_11_07,TriggerExpendEnergy,50000
BlastUltimate2_0000_11_07,bCanSpeedImpact,true
BlastUltimate2_0000_11_07,BlastUltimateParamData.Type,突進格闘
BlastUltimate2_0000_11_07,BlastUltimateParamData.bNonLockUsable,false
BlastUltimate2_0000_11_07,BlastUltimateParamData.MoveLimitTime,1
BlastUltimate2_0000_11_07,BlastGroup,GR0450_00UB
BlastSkill1_0000_20,ExpendEnergy,30000
BlastSkill1_0000_20,TriggerExpendEnergy,30000
BlastSkill1_0000_20,bCanBlastImpact,true
BlastSkill1_0000_20,BlastImpactPower,5
BlastSkill1_0000_20,bWeakSpecialShield,true
BlastSkill1_0000_20,BlastSkillParamData.bMapChangeEscapeEvenet,true
BlastSkill1_0000_20,BlastSkillParamData.SuperZCounterType,EKoratSuperZCounterType::Repel
BlastSkill1_0000_20,BlastSkillParamData.bTurnCGSection,true
BlastSkill1_0000_20,BlastGroup,GR0000_00B1
BlastSkill2_0000_20,LungeSpeed,8750
BlastSkill2_0000_20,ExpendEnergy,30000
BlastSkill2_0000_20,TriggerExpendEnergy,15000
BlastSkill2_0000_20,bCanSpeedImpact,true
BlastSkill2_0000_20,BlastSkillParamData.Type,突進格闘
BlastSkill2_0000_20,BlastSkillParamData.bNonLockUsable,false
BlastSkill2_0000_20,BlastSkillParamData.MoveLimitTime,2
BlastSkill2_0000_20,BlastSkillParamData.MoveType,EBlastDashMoveType::ControllableTarget
BlastSkill2_0000_20,BlastGroup,GR0000_11B2
BlastForte1_0000_20,BlastForteParamData.Type,瞬間移動
BlastForte1_0000_20,BlastForteParamData.bNonLockUsable,false
BlastForte2_0000_20,BlastForteParamData.Type,残像拳
BlastForte2_0000_20,BlastForteParamData.bNoHitCheckCombatives,true
BlastUltimate_0000_20,ExpendEnergy,50000
BlastUltimate_0000_20,TriggerExpendEnergy,50000
BlastUltimate_0000_20,bCanBlastImpact,true
BlastUltimate_0000_20,BlastImpactPower,12
BlastUltimate_0000_20,SupportCharacters[0].bInheritDamageModel,true
BlastUltimate_0000_20,SupportCharacters[0].bInheritEquipItems,true
BlastUltimate_0000_20,SupportCharacters[0].CostumeDamageLv,0
BlastUltimate_0000_20,SupportCharacters[0].CostumeScratchLv,0
BlastUltimate_0000_20,SupportCharacters[0].bIsSubCharacterCostume,false
BlastUltimate_0000_20,SupportCharacters[0].bIsSubCharacterEquipItems,false
BlastUltimate_0000_20,BlastUltimateParamData.bMapChangeEscapeEvenet,true
BlastUltimate_0000_20,BlastUltimateParamData.bImpossibleGuard,true
BlastUltimate_0000_20,BlastGroup,GR0000_00UB
BlastUltimate2_0000_20_03,LungeSpeed,11700
BlastUltimate2_0000_20_03,ExpendEnergy,50000
BlastUltimate2_0000_20_03,TriggerExpendEnergy,50000
BlastUltimate2_0000_20_03,bCanSpeedImpact,true
BlastUltimate2_0000_20_03,BlastUltimateParamData.Type,突進格闘
BlastUltimate2_0000_20_03,BlastUltimateParamData.bNonLockUsable,false
BlastUltimate2_0000_20_03,BlastUltimateParamData.MoveLimitTime,1
BlastUltimate2_0000_20_03,BlastGroup,GR0032_20UB
BlastSkill1_0000_21,ExpendEnergy,30000
BlastSkill1_0000_21,TriggerExpendEnergy,30000
BlastSkill1_0000_21,bCanBlastImpact,true
BlastSkill1_0000_21,BlastImpactPower,5
BlastSkill1_0000_21,bWeakSpecialShield,true
BlastSkill1_0000_21,BlastSkillParamData.bMapChangeEscapeEvenet,true
BlastSkill1_0000_21,BlastSkillParamData.SuperZCounterType,EKoratSuperZCounterType::Repel
BlastSkill1_0000_21,BlastSkillParamData.bTurnCGSection,true
BlastSkill1_0000_21,BlastGroup,GR0000_00B1
BlastSkill2_0000_21,ExpendEnergy,30000
BlastSkill2_0000_21,TriggerExpendEnergy,30000
BlastSkill2_0000_21,bWeakSpecialShield,true
BlastSkill2_0000_21,BlastGroup,GR0000_21B2
BlastForte1_0000_21,BlastForteParamData.Type,残像拳
BlastForte1_0000_21,BlastForteParamData.bNoHitCheckCombatives,true
BlastForte2_0000_21,BlastForteParamData.Type,能力
BlastUltimate_0000_21,ExpendEnergy,50000
BlastUltimate_0000_21,TriggerExpendEnergy,50000
BlastUltimate_0000_21,bCanBlastImpact,true
BlastUltimate_0000_21,BlastImpactPower,9
BlastUltimate_0000_21,BlastUltimateParamData.bMapChangeEscapeEvenet,true
BlastUltimate_0000_21,BlastUltimateParamData.bImpossibleGuard,true
BlastUltimate_0000_21,BlastUltimateParamData.bNonLockUsable,false
BlastUltimate_0000_21,BlastGroup,GR0000_00B1
BlastUltimate2_0000_21_05,LungeSpeed,8750
BlastUltimate2_0000_21_05,ExpendEnergy,50000
BlastUltimate2_0000_21_05,TriggerExpendEnergy,50000
BlastUltimate2_0000_21_05,bCanSpeedImpact,true
BlastUltimate2_0000_21_05,BlastUltimateParamData.Type,突進格闘
BlastUltimate2_0000_21_05,BlastUltimateParamData.bNonLockUsable,false
BlastUltimate2_0000_21_05,BlastUltimateParamData.MoveLimitTime,2
BlastUltimate2_0000_21_05,BlastUltimateParamData.MoveType,EBlastDashMoveType::ControllableTarget
BlastUltimate2_0000_21_05,BlastGroup,GR0450_00UB
BlastSkill1_0000_22,ExpendEnergy,30000
BlastSkill1_0000_22,TriggerExpendEnergy,30000
BlastSkill1_0000_22,bCanBlastImpact,true
BlastSkill1_0000_22,BlastImpactPower,5
BlastSkill1_0000_22,bWeakSpecialShield,true
BlastSkill1_0000_22,BlastSkillParamData.bNonLockUsable,false
BlastSkill1_0000_22,BlastSkillParamData.SuperZCounterType,EKoratSuperZCounterType::Repel
BlastSkill1_0000_22,BlastSkillParamData.bTurnHTSection,true
BlastSkill1_0000_22,BlastGroup,GR0000_00B1
BlastSkill2_0000_22,LungeSpeed,8750
BlastSkill2_0000_22,ExpendEnergy,30000
BlastSkill2_0000_22,TriggerExpendEnergy,15000
BlastSkill2_0000_22,bCanSpeedImpact,true
BlastSkill2_0000_22,BlastSkillParamData.Type,突進格闘
BlastSkill2_0000_22,BlastSkillParamData.bNonLockUsable,false
BlastSkill2_0000_22,BlastSkillParamData.MoveLimitTime,2
BlastSkill2_0000_22,BlastSkillParamData.MoveType,EBlastDashMoveType::ControllableTarget
BlastSkill2_0000_22,BlastGroup,GR0000_22B2
BlastForte1_0000_22,BlastForteParamData.Type,瞬間移動
BlastForte1_0000_22,BlastForteParamData.bNonLockUsable,false
BlastForte2_0000_22,ExpendBlastStock,4
BlastForte2_0000_22,TriggerExpendBlastStock,4
BlastForte2_0000_22,BlastForteParamData.Type,能力
BlastForte2_0000_22,BlastForteParamData.bNoAutoGuard,true
BlastUltimate_0000_22,ExpendEnergy,50000
BlastUltimate_0000_22,TriggerExpendEnergy,50000
BlastUltimate_0000_22,bCanBlastImpact,true
BlastUltimate_0000_22,BlastImpactPower,9
BlastUltimate_0000_22,BlastUltimateParamData.bMapChangeEscapeEvenet,true
BlastUltimate_0000_22,BlastUltimateParamData.bMapChangeDestruct,true
BlastUltimate_0000_22,BlastGroup,GR0000_00B1
BlastSkill1_0000_23,ExpendEnergy,30000
BlastSkill1_0000_23,TriggerExpendEnergy,30000
BlastSkill1_0000_23,bCanBlastImpact,true
BlastSkill1_0000_23,BlastImpactPower,5
BlastSkill1_0000_23,bWeakSpecialShield,true
BlastSkill1_0000_23,BlastSkillParamData.bMapChangeEscapeEvenet,true
BlastSkill1_0000_23,BlastSkillParamData.SuperZCounterType,EKoratSuperZCounterType::Repel
BlastSkill1_0000_23,BlastSkillParamData.bTurnCGSection,true
BlastSkill1_0000_23,BlastGroup,GR0000_00B1
BlastSkill2_0000_23,LungeSpeed,11700
BlastSkill2_0000_23,ExpendEnergy,30000
BlastSkill2_0000_23,TriggerExpendEnergy,15000
BlastSkill2_0000_23,bCanSpeedImpact,true
BlastSkill2_0000_23,BlastSkillParamData.Type,突進格闘
BlastSkill2_0000_23,BlastSkillParamData.bNonLockUsable,false
BlastSkill2_0000_23,BlastSkillParamData.MoveLimitTime,1
BlastSkill2_0000_23,BlastSkillParamData.MoveType,EBlastDashMoveType::ControllableTarget
BlastSkill2_0000_23,BlastGroup,GR0000_23B2
BlastForte1_0000_23,BlastForteParamData.Type,瞬間移動
BlastForte1_0000_23,BlastForteParamData.bNonLockUsable,false
BlastForte2_0000_23,ExpendBlastStock,4
BlastForte2_0000_23,TriggerExpendBlastStock,4
BlastForte2_0000_23,BlastForteParamData.Type,能力
BlastForte2_0000_23,BlastForteParamData.bNoAutoGuard,true
BlastUltimate_0000_23,LungeSpeed,11700
BlastUltimate_0000_23,ExpendEnergy,50000
BlastUltimate_0000_23,TriggerExpendEnergy,50000
BlastUltimate_0000_23,bCanSpeedImpact,true
BlastUltimate_0000_23,SupportCharacters[0].bInheritDamageModel,false
BlastUltimate_0000_23,SupportCharacters[0].bInheritEquipItems,false
BlastUltimate_0000_23,SupportCharacters[0].CostumeDamageLv,0
BlastUltimate_0000_23,SupportCharacters[0].CostumeScratchLv,0
BlastUltimate_0000_23,SupportCharacters[0].bIsSubCharacterCostume,false
BlastUltimate_0000_23,SupportCharacters[0].bIsSubCharacterEquipItems,false
BlastUltimate_0000_23,BlastUltimateParamData.Type,突進格闘
BlastUltimate_0000_23,BlastUltimateParamData.bNonLockUsable,false
BlastUltimate_0000_23,BlastUltimateParamData.BlastDemoBranchConditions[0].BranchType,ESSBlastDemoBranchType::GiantDramaticFinish
BlastUltimate_0000_23,BlastUltimateParamData.BlastDemoBranchConditions[0].SortId,0
BlastUltimate_0000_23,BlastUltimateParamData.BlastDemoBranchConditions[0].bTrueIfAllApply,true
BlastUltimate_0000_23,BlastUltimateParamData.BlastDemoBranchConditions[0].MyselfRemainingHP,0
BlastUltimate_0000_23,BlastUltimateParamData.BlastDemoBranchConditions[0].ExParam,-1
BlastUltimate_0000_23,BlastUltimateParamData.BlastDemoBranchConditions[0].SpDerivationType,EBlastDemoSpDerivationType::Unspecified
BlastUltimate_0000_23,BlastUltimateParamData.BlastDemoBranchConditions[0].VictoryAppealWarpType,EVictoryAppealWarpType::MyselfSafeArea
BlastUltimate_0000_23,BlastUltimateParamData.BlastDemoBranchConditions[1].BranchType,ESSBlastDemoBranchType::Giant
BlastUltimate_0000_23,BlastUltimateParamData.BlastDemoBranchConditions[1].SortId,10
BlastUltimate_0000_23,BlastUltimateParamData.BlastDemoBranchConditions[1].bTrueIfAllApply,true
BlastUltimate_0000_23,BlastUltimateParamData.BlastDemoBranchConditions[1].MyselfRemainingHP,0
BlastUltimate_0000_23,BlastUltimateParamData.BlastDemoBranchConditions[1].ExParam,-1
BlastUltimate_0000_23,BlastUltimateParamData.BlastDemoBranchConditions[1].SpDerivationType,EBlastDemoSpDerivationType::Unspecified
BlastUltimate_0000_23,BlastUltimateParamData.BlastDemoBranchConditions[1].VictoryAppealWarpType,EVictoryAppealWarpType::MyselfSafeArea
BlastUltimate_0000_23,BlastUltimateParamData.BlastDemoBranchConditions[2].BranchType,ESSBlastDemoBranchType::DramaticFinish
BlastUltimate_0000_23,BlastUltimateParamData.BlastDemoBranchConditions[2].SortId,20
BlastUltimate_0000_23,BlastUltimateParamData.BlastDemoBranchConditions[2].bTrueIfAllApply,true
BlastUltimate_0000_23,BlastUltimateParamData.BlastDemoBranchConditions[2].MyselfRemainingHP,0
BlastUltimate_0000_23,BlastUltimateParamData.BlastDemoBranchConditions[2].ExParam,-1
BlastUltimate_0000_23,BlastUltimateParamData.BlastDemoBranchConditions[2].SpDerivationType,EBlastDemoSpDerivationType::Unspecified
BlastUltimate_0000_23,BlastUltimateParamData.BlastDemoBranchConditions[2].VictoryAppealWarpType,EVictoryAppealWarpType::MyselfSafeArea
BlastUltimate_0000_23,BlastUltimateParamData.MoveLimitTime,1
BlastUltimate_0000_23,BlastGroup,GR0000_23UB
BlastSkill1_0000_33,ExpendEnergy,30000
BlastSkill1_0000_33,TriggerExpendEnergy,30000
BlastSkill1_0000_33,bCanBlastImpact,true
BlastSkill1_0000_33,BlastImpactPower,5
BlastSkill1_0000_33,bWeakSpecialShield,true
BlastSkill1_0000_33,BlastSkillParamData.bMapChangeEscapeEvenet,true
BlastSkill1_0000_33,BlastSkillParamData.bMapChangeDestruct,true
BlastSkill1_0000_33,BlastSkillParamData.SuperZCounterType,EKoratSuperZCounterType::Repel
BlastSkill1_0000_33,BlastGroup,GR0000_00B1
BlastSkill2_0000_33,LungeSpeed,8750
BlastSkill2_0000_33,ExpendEnergy,30000
BlastSkill2_0000_33,TriggerExpendEnergy,15000
BlastSkill2_0000_33,bCanSpeedImpact,true
BlastSkill2_0000_33,BlastSkillParamData.Type,突進格闘
BlastSkill2_0000_33,BlastSkillParamData.bNonLockUsable,false
BlastSkill2_0000_33,BlastSkillParamData.MoveLimitTime,2
BlastSkill2_0000_33,BlastSkillParamData.MoveType,EBlastDashMoveType::ControllableTarget
BlastSkill2_0000_33,BlastGroup,GR0000_22B2
BlastForte1_0000_33,BlastForteParamData.Type,瞬間移動
BlastForte1_0000_33,BlastForteParamData.bNonLockUsable,false
BlastForte2_0000_33,BlastForteParamData.Type,能力
BlastUltimate_0000_33,LungeSpeed,11700
BlastUltimate_0000_33,ExpendEnergy,50000
BlastUltimate_0000_33,TriggerExpendEnergy,50000
BlastUltimate_0000_33,bCanSpeedImpact,true
BlastUltimate_0000_33,SupportCharacters[0].bInheritDamageModel,false
BlastUltimate_0000_33,SupportCharacters[0].bInheritEquipItems,false
BlastUltimate_0000_33,SupportCharacters[0].CostumeDamageLv,0
BlastUltimate_0000_33,SupportCharacters[0].CostumeScratchLv,0
BlastUltimate_0000_33,SupportCharacters[0].bIsSubCharacterCostume,false
BlastUltimate_0000_33,SupportCharacters[0].bIsSubCharacterEquipItems,false
BlastUltimate_0000_33,BlastUltimateParamData.Type,突進格闘
BlastUltimate_0000_33,BlastUltimateParamData.bNonLockUsable,false
BlastUltimate_0000_33,BlastUltimateParamData.MoveLimitTime,1
BlastUltimate_0000_33,BlastGroup,GR0000_23UB
BlastSkill1_0000_40,ExpendEnergy,30000
BlastSkill1_0000_40,TriggerExpendEnergy,30000
BlastSkill1_0000_40,bCanBlastImpact,true
BlastSkill1_0000_40,BlastImpactPower,5
BlastSkill1_0000_40,bWeakSpecialShield,true
BlastSkill1_0000_40,BlastSkillParamData.bMapChangeEscapeEvenet,true
BlastSkill1_0000_40,BlastSkillParamData.SuperZCounterType,EKoratSuperZCounterType::Repel
BlastSkill1_0000_40,BlastSkillParamData.bTurnCGSection,true
BlastSkill1_0000_40,BlastGroup,GR0000_00B1
BlastSkill2_0000_40,LungeSpeed,8750
BlastSkill2_0000_40,ExpendEnergy,30000
BlastSkill2_0000_40,TriggerExpendEnergy,15000
BlastSkill2_0000_40,bCanSpeedImpact,true
BlastSkill2_0000_40,BlastSkillParamData.Type,突進格闘
BlastSkill2_0000_40,BlastSkillParamData.bNonLockUsable,false
BlastSkill2_0000_40,BlastSkillParamData.MoveLimitTime,2
BlastSkill2_0000_40,BlastSkillParamData.MoveType,EBlastDashMoveType::ControllableTarget
BlastSkill2_0000_40,BlastGroup,GR0000_40B2
BlastForte1_0000_40,BlastForteParamData.Type,瞬間移動
BlastForte1_0000_40,BlastForteParamData.bNonLockUsable,false
BlastForte2_0000_40,ExpendBlastStock,4
BlastForte2_0000_40,TriggerExpendBlastStock,4
BlastForte2_0000_40,BlastForteParamData.Type,特殊
BlastForte2_0000_40,BlastForteParamData.bNoAutoGuard,true
BlastUltimate_0000_40,ExpendEnergy,50000
BlastUltimate_0000_40,TriggerExpendEnergy,50000
BlastUltimate_0000_40,bCanBlastImpact,true
BlastUltimate_0000_40,BlastImpactPower,12
BlastUltimate_0000_40,SupportCharacters[0].bInheritDamageModel,true
BlastUltimate_0000_40,SupportCharacters[0].bInheritEquipItems,true
BlastUltimate_0000_40,SupportCharacters[0].CostumeDamageLv,0
BlastUltimate_0000_40,SupportCharacters[0].CostumeScratchLv,0
BlastUltimate_0000_40,SupportCharacters[0].bIsSubCharacterCostume,false
BlastUltimate_0000_40,SupportCharacters[0].bIsSubCharacterEquipItems,false
BlastUltimate_0000_40,BlastUltimateParamData.bMapChangeEscapeEvenet,true
BlastUltimate_0000_40,BlastUltimateParamData.bImpossibleGuard,true
BlastUltimate_0000_40,BlastUltimateParamData.BlastImpactCameraType,EKoratBlastImpactCameraType::Large
BlastUltimate_0000_40,BlastGroup,GR0000_00UB
BlastSkill4_0000_40,LungeSpeed,10000
BlastSkill4_0000_40,ExpendEnergy,30000
BlastSkill4_0000_40,TriggerExpendEnergy,15000
BlastSkill4_0000_40,bCanSpeedImpact,true
BlastSkill4_0000_40,BlastSkillParamData.Type,突進格闘
BlastSkill4_0000_40,BlastSkillParamData.bNonLockUsable,false
BlastSkill4_0000_40,BlastSkillParamData.MoveLimitTime,1.5
BlastSkill4_0000_40,BlastGroup,GR0000_40B2
BlastUltimate2_0000_40_08,LungeSpeed,11700
BlastUltimate2_0000_40_08,ExpendEnergy,50000
BlastUltimate2_0000_40_08,TriggerExpendEnergy,50000
BlastUltimate2_0000_40_08,bCanSpeedImpact,true
BlastUltimate2_0000_40_08,SupportCharacters[0].bInheritDamageModel,false
BlastUltimate2_0000_40_08,SupportCharacters[0].bInheritEquipItems,false
BlastUltimate2_0000_40_08,SupportCharacters[0].CostumeDamageLv,0
BlastUltimate2_0000_40_08,SupportCharacters[0].CostumeScratchLv,1
BlastUltimate2_0000_40_08,SupportCharacters[0].bIsSubCharacterCostume,false
BlastUltimate2_0000_40_08,SupportCharacters[0].bIsSubCharacterEquipItems,true
BlastUltimate2_0000_40_08,BlastUltimateParamData.Type,突進格闘
BlastUltimate2_0000_40_08,BlastGroup,GR0000_00UB
BlastSkill1_0000_41,ExpendEnergy,30000
BlastSkill1_0000_41,TriggerExpendEnergy,30000
BlastSkill1_0000_41,bCanBlastImpact,true
BlastSkill1_0000_41,BlastImpactPower,5
BlastSkill1_0000_41,bWeakSpecialShield,true
BlastSkill1_0000_41,BlastSkillParamData.bMapChangeEscapeEvenet,true
BlastSkill1_0000_41,BlastSkillParamData.SuperZCounterType,EKoratSuperZCounterType::Repel
BlastSkill1_0000_41,BlastSkillParamData.bTurnCGSection,true
BlastSkill1_0000_41,BlastGroup,GR0000_00B1
BlastSkill2_0000_41,LungeSpeed,8750
BlastSkill2_0000_41,ExpendEnergy,30000
BlastSkill2_0000_41,TriggerExpendEnergy,15000
BlastSkill2_0000_41,bCanSpeedImpact,true
BlastSkill2_0000_41,BlastSkillParamData.Type,突進格闘
BlastSkill2_0000_41,BlastSkillParamData.bNonLockUsable,false
BlastSkill2_0000_41,BlastSkillParamData.MoveLimitTime,2
BlastSkill2_0000_41,BlastSkillParamData.MoveType,EBlastDashMoveType::ControllableTarget
BlastSkill2_0000_41,BlastGroup,GR0000_41B2
BlastForte1_0000_41,BlastForteParamData.Type,残像拳
BlastForte1_0000_41,BlastForteParamData.bNoHitCheckCombatives,true
BlastForte2_0000_41,ExpendBlastStock,3
BlastForte2_0000_41,TriggerExpendBlastStock,3
BlastForte2_0000_41,BlastForteParamData.Type,能力
BlastUltimate_0000_41,LungeSpeed,8750
BlastUltimate_0000_41,ExpendEnergy,50000
BlastUltimate_0000_41,TriggerExpendEnergy,50000
BlastUltimate_0000_41,bCanSpeedImpact,true
BlastUltimate_0000_41,BlastUltimateParamData.Type,突進格闘
BlastUltimate_0000_41,BlastUltimateParamData.bNonLockUsable,false
BlastUltimate_0000_41,BlastUltimateParamData.MoveLimitTime,2
BlastUltimate_0000_41,BlastUltimateParamData.MoveType,EBlastDashMoveType::ControllableTarget
BlastUltimate_0000_41,BlastGroup,GR0000_41UB
BlastSkill1_0000_43,ExpendEnergy,30000
BlastSkill1_0000_43,TriggerExpendEnergy,30000
BlastSkill1_0000_43,bCanBlastImpact,true
BlastSkill1_0000_43,BlastImpactPower,5
BlastSkill1_0000_43,bWeakSpecialShield,true
BlastSkill1_0000_43,BlastSkillParamData.bMapChangeEscapeEvenet,true
BlastSkill1_0000_43,BlastSkillParamData.BlastDemoBranchConditions[0].BranchType,ESSBlastDemoBranchType::BuffForm
BlastSkill1_0000_43,BlastSkillParamData.BlastDemoBranchConditions[0].SortId,0
BlastSkill1_0000_43,BlastSkillParamData.BlastDemoBranchConditions[0].bTrueIfAllApply,false
BlastSkill1_0000_43,BlastSkillParamData.BlastDemoBranchConditions[0].MyselfRemainingHP,0
BlastSkill1_0000_43,BlastSkillParamData.BlastDemoBranchConditions[0].ExParam,-1
BlastSkill1_0000_43,BlastSkillParamData.BlastDemoBranchConditions[0].SpDerivationType,EBlastDemoSpDerivationType::Unspecified
BlastSkill1_0000_43,BlastSkillParamData.BlastDemoBranchConditions[0].VictoryAppealWarpType,EVictoryAppealWarpType::MyselfSafeArea
BlastSkill1_0000_43,BlastSkillParamData.SuperZCounterType,EKoratSuperZCounterType::Repel
BlastSkill1_0000_43,BlastSkillParamData.bTurnCGSection,true
BlastSkill1_0000_43,BlastGroup,GR0000_00B1
BlastSkill2_0000_43,LungeSpeed,11700
BlastSkill2_0000_43,ExpendEnergy,30000
BlastSkill2_0000_43,TriggerExpendEnergy,15000
BlastSkill2_0000_43,bCanSpeedImpact,true
BlastSkill2_0000_43,BlastSkillParamData.Type,突進格闘
BlastSkill2_0000_43,BlastSkillParamData.bNonLockUsable,false
BlastSkill2_0000_43,BlastSkillParamData.BlastDemoBranchConditions[0].BranchType,ESSBlastDemoBranchType::BuffForm
BlastSkill2_0000_43,BlastSkillParamData.BlastDemoBranchConditions[0].SortId,0
BlastSkill2_0000_43,BlastSkillParamData.BlastDemoBranchConditions[0].bTrueIfAllApply,false
BlastSkill2_0000_43,BlastSkillParamData.BlastDemoBranchConditions[0].MyselfRemainingHP,0
BlastSkill2_0000_43,BlastSkillParamData.BlastDemoBranchConditions[0].ExParam,-1
BlastSkill2_0000_43,BlastSkillParamData.BlastDemoBranchConditions[0].SpDerivationType,EBlastDemoSpDerivationType::Unspecified
BlastSkill2_0000_43,BlastSkillParamData.BlastDemoBranchConditions[0].VictoryAppealWarpType,EVictoryAppealWarpType::MyselfSafeArea
BlastSkill2_0000_43,BlastSkillParamData.MoveLimitTime,1
BlastSkill2_0000_43,BlastGroup,GR0000_43B2
BlastForte1_0000_43,BlastForteParamData.Type,瞬間移動
BlastForte1_0000_43,BlastForteParamData.bNonLockUsable,false
BlastForte2_0000_43,BlastForteParamData.Type,能力
BlastUltimate_0000_43,ExpendEnergy,50000
BlastUltimate_0000_43,TriggerExpendEnergy,50000
BlastUltimate_0000_43,bCanBlastImpact,true
BlastUltimate_0000_43,BlastImpactPower,9
BlastUltimate_0000_43,BranchSupportCharacters[0].BranchType,ESSBlastDemoBranchType::None
BlastUltimate_0000_43,BranchSupportCharacters[0].ReplaceIndex,0
BlastUltimate_0000_43,BranchSupportCharacters[0].CharacterData.bInheritDamageModel,false
BlastUltimate_0000_43,BranchSupportCharacters[0].CharacterData.bInheritEquipItems,false
BlastUltimate_0000_43,BranchSupportCharacters[0].CharacterData.CostumeDamageLv,0
BlastUltimate_0000_43,BranchSupportCharacters[0].CharacterData.CostumeScratchLv,0
BlastUltimate_0000_43,BranchSupportCharacters[0].CharacterData.bIsSubCharacterCostume,false
BlastUltimate_0000_43,BranchSupportCharacters[0].CharacterData.bIsSubCharacterEquipItems,false
BlastUltimate_0000_43,BlastUltimateParamData.bMapChangeEscapeEvenet,true
BlastUltimate_0000_43,BlastUltimateParamData.bMapChangeDestruct,true
BlastUltimate_0000_43,BlastUltimateParamData.BlastDemoBranchConditions[0].BranchType,ESSBlastDemoBranchType::BuffForm
BlastUltimate_0000_43,BlastUltimateParamData.BlastDemoBranchConditions[0].SortId,0
BlastUltimate_0000_43,BlastUltimateParamData.BlastDemoBranchConditions[0].bTrueIfAllApply,false
BlastUltimate_0000_43,BlastUltimateParamData.BlastDemoBranchConditions[0].MyselfRemainingHP,0
BlastUltimate_0000_43,BlastUltimateParamData.BlastDemoBranchConditions[0].ExParam,-1
BlastUltimate_0000_43,BlastUltimateParamData.BlastDemoBranchConditions[0].SpDerivationType,EBlastDemoSpDerivationType::Unspecified
BlastUltimate_0000_43,BlastUltimateParamData.BlastDemoBranchConditions[0].VictoryAppealWarpType,EVictoryAppealWarpType::MyselfSafeArea
BlastUltimate_0000_43,BlastGroup,GR0000_00B1
BlastUltimate2_0000_43_09,LungeSpeed,8750
BlastUltimate2_0000_43_09,ExpendEnergy,50000
BlastUltimate2_0000_43_09,TriggerExpendEnergy,50000
BlastUltimate2_0000_43_09,bCanSpeedImpact,true
BlastUltimate2_0000_43_09,SupportCharacters[0].bInheritDamageModel,false
BlastUltimate2_0000_43_09,SupportCharacters[0].bInheritEquipItems,false
BlastUltimate2_0000_43_09,SupportCharacters[0].CostumeDamageLv,0
BlastUltimate2_0000_43_09,SupportCharacters[0].CostumeScratchLv,0
BlastUltimate2_0000_43_09,SupportCharacters[0].bIsSubCharacterCostume,false
BlastUltimate2_0000_43_09,SupportCharacters[0].bIsSubCharacterEquipItems,false
BlastUltimate2_0000_43_09,BlastUltimateParamData.Type,突進格闘
BlastUltimate2_0000_43_09,BlastUltimateParamData.bNonLockUsable,false
BlastUltimate2_0000_43_09,BlastUltimateParamData.MoveLimitTime,2
BlastUltimate2_0000_43_09,BlastUltimateParamData.MoveType,EBlastDashMoveType::ControllableTarget
BlastUltimate2_0000_43_09,BlastGroup,GR0450_00UB
BlastSkill1_0000_50,ExpendEnergy,30000
BlastSkill1_0000_50,TriggerExpendEnergy,30000
BlastSkill1_0000_50,bCanBlastImpact,true
BlastSkill1_0000_50,BlastImpactPower,5
BlastSkill1_0000_50,bWeakSpecialShield,true
BlastSkill1_0000_50,BlastSkillParamData.bMapChangeEscapeEvenet,true
BlastSkill1_0000_50,BlastSkillParamData.SuperZCounterType,EKoratSuperZCounterType::Repel
BlastSkill1_0000_50,BlastGroup,GR0000_00B1
BlastSkill2_0000_50,LungeSpeed,11700
BlastSkill2_0000_50,ExpendEnergy,30000
BlastSkill2_0000_50,TriggerExpendEnergy,15000
BlastSkill2_0000_50,bCanSpeedImpact,true
BlastSkill2_0000_50,BlastSkillParamData.Type,突進格闘
BlastSkill2_0000_50,BlastSkillParamData.bNonLockUsable,false
BlastSkill2_0000_50,BlastSkillParamData.MoveLimitTime,1
BlastSkill2_0000_50,BlastGroup,GR0000_50B2
BlastForte1_0000_50,ExpendBlastStock,3
BlastForte1_0000_50,TriggerExpendBlastStock,3
BlastForte1_0000_50,BlastForteParamData.Type,能力
BlastForte2_0000_50,ExpendBlastStock,4
BlastForte2_0000_50,TriggerExpendBlastStock,4
BlastForte2_0000_50,BlastForteParamData.Type,特殊
BlastForte2_0000_50,BlastForteParamData.bNoAutoGuard,true
BlastUltimate_0000_50,LungeSpeed,8750
BlastUltimate_0000_50,ExpendEnergy,50000
BlastUltimate_0000_50,TriggerExpendEnergy,50000
BlastUltimate_0000_50,bCanSpeedImpact,true
BlastUltimate_0000_50,BlastUltimateParamData.Type,突進格闘
BlastUltimate_0000_50,BlastUltimateParamData.bNonLockUsable,false
BlastUltimate_0000_50,BlastUltimateParamData.MoveLimitTime,2
BlastUltimate_0000_50,BlastUltimateParamData.MoveType,EBlastDashMoveType::ControllableTarget
BlastUltimate_0000_50,BlastGroup,GR0000_50UB
BlastSkill1_0000_51,ExpendEnergy,30000
BlastSkill1_0000_51,TriggerExpendEnergy,30000
BlastSkill1_0000_51,bCanBlastImpact,true
BlastSkill1_0000_51,BlastImpactPower,5
BlastSkill1_0000_51,bWeakSpecialShield,true
BlastSkill1_0000_51,BlastSkillParamData.bMapChangeEscapeEvenet,true
BlastSkill1_0000_51,BlastSkillParamData.SuperZCounterType,EKoratSuperZCounterType::Repel
BlastSkill1_0000_51,BlastSkillParamData.bTurnCGSection,true
BlastSkill1_0000_51,BlastGroup,GR0000_00B1
BlastSkill2_0000_51,LungeSpeed,8750
BlastSkill2_0000_51,ExpendEnergy,40000
BlastSkill2_0000_51,TriggerExpendEnergy,20000
BlastSkill2_0000_51,bCanSpeedImpact,true
BlastSkill2_0000_51,BlastSkillParamData.Type,突進格闘
BlastSkill2_0000_51,BlastSkillParamData.bNonLockUsable,false
BlastSkill2_0000_51,BlastSkillParamData.MoveHitDistance,600
BlastSkill2_0000_51,BlastSkillParamData.MoveLimitTime,0.3
BlastSkill2_0000_51,BlastSkillParamData.MoveTypeTargetInputInfluence,0
BlastSkill2_0000_51,BlastSkillParamData.MoveTypeTargetInputInfluenceAttenuationDistance,0
BlastSkill2_0000_51,BlastGroup,GR0000_51B2
BlastForte1_0000_51,BlastForteParamData.Type,残像拳
BlastForte1_0000_51,BlastForteParamData.bNoHitCheckCombatives,true
BlastForte2_0000_51,ExpendBlastStock,4
BlastForte2_0000_51,TriggerExpendBlastStock,4
BlastForte2_0000_51,BlastForteParamData.Type,特殊
BlastForte2_0000_51,BlastForteParamData.bNoAutoGuard,true
BlastUltimate_0000_51,LungeSpeed,8750
BlastUltimate_0000_51,ExpendEnergy,50000
BlastUltimate_0000_51,TriggerExpendEnergy,50000
BlastUltimate_0000_51,bCanSpeedImpact,true
BlastUltimate_0000_51,BlastUltimateParamData.Type,突進格闘
BlastUltimate_0000_51,BlastUltimateParamData.bMapChangeEscapeEvenet,true
BlastUltimate_0000_51,BlastUltimateParamData.bMapChangeDestruct,true
BlastUltimate_0000_51,BlastUltimateParamData.bNonLockUsable,false
BlastUltimate_0000_51,BlastUltimateParamData.MoveLimitTime,2
BlastUltimate_0000_51,BlastUltimateParamData.MoveType,EBlastDashMoveType::ControllableTarget
BlastUltimate_0000_51,BlastGroup,GR0000_51UB
BlastSkill1_0001_42,ExpendEnergy,30000
BlastSkill1_0001_42,TriggerExpendEnergy,30000
BlastSkill1_0001_42,bCanBlastImpact,true
BlastSkill1_0001_42,BlastImpactPower,5
BlastSkill1_0001_42,bWeakSpecialShield,true
BlastSkill1_0001_42,BlastSkillParamData.bMapChangeEscapeEvenet,true
BlastSkill1_0001_42,BlastSkillParamData.SuperZCounterType,EKoratSuperZCounterType::Repel
BlastSkill1_0001_42,BlastSkillParamData.bTurnCGSection,true
BlastSkill1_0001_42,BlastGroup,GR0000_00B1
BlastSkill2_0001_42,LungeSpeed,11700
BlastSkill2_0001_42,ExpendEnergy,30000
BlastSkill2_0001_42,TriggerExpendEnergy,15000
BlastSkill2_0001_42,bCanSpeedImpact,true
BlastSkill2_0001_42,BlastSkillParamData.Type,突進格闘
BlastSkill2_0001_42,BlastSkillParamData.bNonLockUsable,false
BlastSkill2_0001_42,BlastSkillParamData.MoveLimitTime,1
BlastSkill2_0001_42,BlastGroup,GR0001_42B2
BlastForte1_0001_42,BlastForteParamData.Type,拘束
BlastForte1_0001_42,BlastForteParamData.bIsImpossileGuard,true
BlastForte1_0001_42,BlastForteParamData.bNoAutoGuard,true
BlastForte2_0001_42,BlastForteParamData.Type,能力
BlastUltimate_0001_42,ExpendEnergy,50000
BlastUltimate_0001_42,TriggerExpendEnergy,50000
BlastUltimate_0001_42,bCanBlastImpact,true
BlastUltimate_0001_42,BlastImpactPower,9
BlastUltimate_0001_42,BlastUltimateParamData.bMapChangeEscapeEvenet,true
BlastUltimate_0001_42,BlastUltimateParamData.bMapChangeDestruct,true
BlastUltimate_0001_42,BlastGroup,GR0000_00B1
BlastSkill1_0002_30,ExpendEnergy,30000
BlastSkill1_0002_30,TriggerExpendEnergy,30000
BlastSkill1_0002_30,bCanBlastImpact,true
BlastSkill1_0002_30,BlastImpactPower,5
BlastSkill1_0002_30,bWeakSpecialShield,true
BlastSkill1_0002_30,BlastSkillParamData.bMapChangeEscapeEvenet,true
BlastSkill1_0002_30,BlastSkillParamData.SuperZCounterType,EKoratSuperZCounterType::Repel
BlastSkill1_0002_30,BlastSkillParamData.bTurnCGSection,true
BlastSkill1_0002_30,BlastGroup,GR0000_00B1
BlastSkill2_0002_30,LungeSpeed,11700
BlastSkill2_0002_30,ExpendEnergy,30000
BlastSkill2_0002_30,TriggerExpendEnergy,15000
BlastSkill2_0002_30,bCanSpeedImpact,true
BlastSkill2_0002_30,SupportCharacters[0].bInheritDamageModel,false
BlastSkill2_0002_30,SupportCharacters[0].bInheritEquipItems,false
BlastSkill2_0002_30,SupportCharacters[0].CostumeDamageLv,0
BlastSkill2_0002_30,SupportCharacters[0].CostumeScratchLv,0
BlastSkill2_0002_30,SupportCharacters[0].bIsSubCharacterCostume,false
BlastSkill2_0002_30,SupportCharacters[0].bIsSubCharacterEquipItems,false
BlastSkill2_0002_30,BlastSkillParamData.Type,突進格闘
BlastSkill2_0002_30,BlastSkillParamData.bNonLockUsable,false
BlastSkill2_0002_30,BlastSkillParamData.MoveLimitTime,1
BlastSkill2_0002_30,BlastGroup,GR0002_30B2
BlastForte1_0002_30,BlastForteParamData.bIsImpossileGuard,true
BlastForte1_0002_30,BlastForteParamData.bNoAutoGuard,true
BlastForte2_0002_30,ExpendBlastStock,3
BlastForte2_0002_30,TriggerExpendBlastStock,3
BlastForte2_0002_30,BlastForteParamData.Type,残像拳
BlastUltimate_0002_30,ExpendEnergy,50000
BlastUltimate_0002_30,TriggerExpendEnergy,50000
BlastUltimate_0002_30,bCanBlastImpact,true
BlastUltimate_0002_30,BlastImpactPower,12
BlastUltimate_0002_30,BlastUltimateParamData.bMapChangeEscapeEvenet,true
BlastUltimate_0002_30,BlastUltimateParamData.bImpossibleGuard,true
BlastUltimate_0002_30,BlastUltimateParamData.BlastDemoBranchConditions[0].BranchType,ESSBlastDemoBranchType::DramaticFinish
BlastUltimate_0002_30,BlastUltimateParamData.BlastDemoBranchConditions[0].SortId,0
BlastUltimate_0002_30,BlastUltimateParamData.BlastDemoBranchConditions[0].bTrueIfAllApply,true
BlastUltimate_0002_30,BlastUltimateParamData.BlastDemoBranchConditions[0].MyselfRemainingHP,0
BlastUltimate_0002_30,BlastUltimateParamData.BlastDemoBranchConditions[0].ExParam,-1
BlastUltimate_0002_30,BlastUltimateParamData.BlastDemoBranchConditions[0].SpDerivationType,EBlastDemoSpDerivationType::Unspecified
BlastUltimate_0002_30,BlastUltimateParamData.BlastDemoBranchConditions[0].VictoryAppealWarpType,EVictoryAppealWarpType::MyselfSafeArea
BlastUltimate_0002_30,BlastGroup,GR0000_00UB
BlastSkill1_0002_31,ExpendEnergy,30000
BlastSkill1_0002_31,TriggerExpendEnergy,30000
BlastSkill1_0002_31,bCanBlastImpact,true
BlastSkill1_0002_31,BlastImpactPower,5
BlastSkill1_0002_31,bWeakSpecialShield,true
BlastSkill1_0002_31,BlastSkillParamData.bMapChangeEscapeEvenet,true
BlastSkill1_0002_31,BlastSkillParamData.SuperZCounterType,EKoratSuperZCounterType::Repel
BlastSkill1_0002_31,BlastSkillParamData.bTurnCGSection,true
BlastSkill1_0002_31,BlastGroup,GR0000_00B1
BlastSkill2_0002_31,ExpendEnergy,30000
BlastSkill2_0002_31,TriggerExpendEnergy,30000
BlastSkill2_0002_31,bWeakSpecialShield,true
BlastSkill2_0002_31,BlastGroup,GR0002_31B2
BlastForte1_0002_31,BlastForteParamData.Type,残像拳
BlastForte1_0002_31,BlastForteParamData.bNoHitCheckCombatives,true
BlastForte2_0002_31,ExpendBlastStock,4
BlastForte2_0002_31,TriggerExpendBlastStock,4
BlastForte2_0002_31,BlastForteParamData.Type,特殊
BlastForte2_0002_31,BlastForteParamData.bNoAutoGuard,true
BlastUltimate_0002_31,ExpendEnergy,50000
BlastUltimate_0002_31,TriggerExpendEnergy,50000
BlastUltimate_0002_31,BlastUltimateParamData.bMapChangeEscapeEvenet,true
BlastUltimate_0002_31,BlastUltimateParamData.SureToHitRange,500
BlastUltimate_0002_31,BlastUltimateParamData.bBackstepWhenNearMode,false
BlastUltimate_0002_31,BlastGroup,GR0002_31UB
BlastSkill1_0002_32,ExpendEnergy,30000
BlastSkill1_0002_32,TriggerExpendEnergy,30000
BlastSkill1_0002_32,bCanBlastImpact,true
BlastSkill1_0002_32,BlastImpactPower,5
BlastSkill1_0002_32,bWeakSpecialShield,true
BlastSkill1_0002_32,BlastSkillParamData.bMapChangeEscapeEvenet,true
BlastSkill1_0002_32,BlastSkillParamData.SuperZCounterType,EKoratSuperZCounterType::Repel
BlastSkill1_0002_32,BlastSkillParamData.bTurnCGSection,true
BlastSkill1_0002_32,BlastGroup,GR0000_00B1
BlastSkill2_0002_32,ExpendEnergy,30000
BlastSkill2_0002_32,TriggerExpendEnergy,30000
BlastSkill2_0002_32,bWeakSpecialShield,true
BlastSkill2_0002_32,BlastGroup,GR0002_31B2
BlastForte1_0002_32,BlastForteParamData.Type,能力
BlastForte2_0002_32,BlastForteParamData.Type,能力
BlastUltimate_0002_32,LungeSpeed,11700
BlastUltimate_0002_32,ExpendEnergy,50000
BlastUltimate_0002_32,TriggerExpendEnergy,50000
BlastUltimate_0002_32,bCanSpeedImpact,true
BlastUltimate_0002_32,SupportCharacters[0].bInheritDamageModel,false
BlastUltimate_0002_32,SupportCharacters[0].bInheritEquipItems,false
BlastUltimate_0002_32,SupportCharacters[0].CostumeDamageLv,0
BlastUltimate_0002_32,SupportCharacters[0].CostumeScratchLv,0
BlastUltimate_0002_32,SupportCharacters[0].bIsSubCharacterCostume,false
BlastUltimate_0002_32,SupportCharacters[0].bIsSubCharacterEquipItems,false
BlastUltimate_0002_32,BlastUltimateParamData.Type,突進格闘
BlastUltimate_0002_32,BlastUltimateParamData.bNonLockUsable,false
BlastUltimate_0002_32,BlastUltimateParamData.MoveLimitTime,1
BlastUltimate_0002_32,BlastGroup,GR0000_23UB
BlastSkill1_0002_50,ExpendEnergy,30000
BlastSkill1_0002_50,TriggerExpendEnergy,30000
BlastSkill1_0002_50,bCanBlastImpact,true
BlastSkill1_0002_50,BlastImpactPower,5
BlastSkill1_0002_50,bWeakSpecialShield,true
BlastSkill1_0002_50,BlastSkillParamData.bMapChangeEscapeEvenet,true
BlastSkill1_0002_50,BlastSkillParamData.SuperZCounterType,EKoratSuperZCounterType::Repel
BlastSkill1_0002_50,BlastSkillParamData.bTurnCGSection,true
BlastSkill1_0002_50,BlastGroup,GR0000_00B1
BlastSkill2_0002_50,LungeSpeed,8750
BlastSkill2_0002_50,ExpendEnergy,30000
BlastSkill2_0002_50,TriggerExpendEnergy,15000
BlastSkill2_0002_50,bCanSpeedImpact,true
BlastSkill2_0002_50,BlastSkillParamData.Type,突進格闘
BlastSkill2_0002_50,BlastSkillParamData.bNonLockUsable,false
BlastSkill2_0002_50,BlastSkillParamData.MoveLimitTime,2
BlastSkill2_0002_50,BlastGroup,GR0002_50B2
BlastForte1_0002_50,ExpendBlastStock,3
BlastForte1_0002_50,TriggerExpendBlastStock,3
BlastForte1_0002_50,BlastForteParamData.Type,残像拳
BlastForte2_0002_50,BlastForteParamData.Type,能力
BlastUltimate_0002_50,LungeSpeed,8750
BlastUltimate_0002_50,ExpendEnergy,50000
BlastUltimate_0002_50,TriggerExpendEnergy,50000
BlastUltimate_0002_50,bCanSpeedImpact,true
BlastUltimate_0002_50,SupportCharacters[0].bInheritDamageModel,false
BlastUltimate_0002_50,SupportCharacters[0].bInheritEquipItems,false
BlastUltimate_0002_50,SupportCharacters[0].CostumeDamageLv,0
BlastUltimate_0002_50,SupportCharacters[0].CostumeScratchLv,0
BlastUltimate_0002_50,SupportCharacters[0].bIsSubCharacterCostume,false
BlastUltimate_0002_50,SupportCharacters[0].bIsSubCharacterEquipItems,false
BlastUltimate_0002_50,BlastUltimateParamData.Type,突進格闘
BlastUltimate_0002_50,BlastUltimateParamData.bNonLockUsable,false
BlastUltimate_0002_50,BlastUltimateParamData.MoveLimitTime,2
BlastUltimate_0002_50,BlastUltimateParamData.MoveType,EBlastDashMoveType::ControllableTarget
BlastUltimate_0002_50,BlastGroup,GR0002_50UB
BlastSkill1_0020_00,ExpendEnergy,30000
BlastSkill1_0020_00,TriggerExpendEnergy,30000
BlastSkill1_0020_00,bCanBlastImpact,true
BlastSkill1_0020_00,BlastImpactPower,5
BlastSkill1_0020_00,bWeakSpecialShield,true
BlastSkill1_0020_00,BlastSkillParamData.bMapChangeEscapeEvenet,true
BlastSkill1_0020_00,BlastSkillParamData.SuperZCounterType,EKoratSuperZCounterType::Repel
BlastSkill1_0020_00,BlastGroup,GR0020_00B1
BlastSkill2_0020_00,LungeSpeed,11700
BlastSkill2_0020_00,ExpendEnergy,30000
BlastSkill2_0020_00,TriggerExpendEnergy,15000
BlastSkill2_0020_00,bCanSpeedImpact,true
BlastSkill2_0020_00,BlastSkillParamData.Type,突進格闘
BlastSkill2_0020_00,BlastSkillParamData.bNonLockUsable,false
BlastSkill2_0020_00,BlastSkillParamData.MoveLimitTime,1
BlastSkill2_0020_00,BlastGroup,GR0020_00B2
BlastForte1_0020_00,BlastForteParamData.Type,爆破
BlastForte1_0020_00,BlastForteParamData.bInterruptibleExplosion,true
BlastForte1_0020_00,BlastForteParamData.bInterruptibleBarrier,true
BlastForte1_0020_00,BlastForteParamData.bTurnBeforeTransition,false
BlastForte2_0020_00,BlastForteParamData.Type,能力
BlastUltimate_0020_00,LungeSpeed,8750
BlastUltimate_0020_00,ExpendEnergy,50000
BlastUltimate_0020_00,TriggerExpendEnergy,50000
BlastUltimate_0020_00,bCanSpeedImpact,true
BlastUltimate_0020_00,BlastUltimateParamData.Type,突進格闘
BlastUltimate_0020_00,BlastUltimateParamData.bNonLockUsable,false
BlastUltimate_0020_00,BlastUltimateParamData.MoveLimitTime,2
BlastUltimate_0020_00,BlastUltimateParamData.MoveType,EBlastDashMoveType::ControllableTarget
BlastUltimate_0020_00,BlastGroup,GR0020_00UB
BlastSkill1_0020_10,ExpendEnergy,30000
BlastSkill1_0020_10,TriggerExpendEnergy,30000
BlastSkill1_0020_10,bCanBlastImpact,true
BlastSkill1_0020_10,BlastImpactPower,5
BlastSkill1_0020_10,bWeakSpecialShield,true
BlastSkill1_0020_10,BlastSkillParamData.bMapChangeEscapeEvenet,true
BlastSkill1_0020_10,BlastSkillParamData.SuperZCounterType,EKoratSuperZCounterType::Repel
BlastSkill1_0020_10,BlastGroup,GR0020_00B1
BlastSkill2_0020_10,ExpendEnergy,30000
BlastSkill2_0020_10,TriggerExpendEnergy,30000
BlastSkill2_0020_10,bWeakSpecialShield,true
BlastSkill2_0020_10,BlastGroup,GR0000_21B2
BlastForte1_0020_10,BlastForteParamData.Type,爆破
BlastForte1_0020_10,BlastForteParamData.bInterruptibleExplosion,true
BlastForte1_0020_10,BlastForteParamData.bInterruptibleBarrier,true
BlastForte1_0020_10,BlastForteParamData.bTurnBeforeTransition,false
BlastForte2_0020_10,ExpendBlastStock,4
BlastForte2_0020_10,TriggerExpendBlastStock,4
BlastForte2_0020_10,BlastForteParamData.Type,特殊
BlastForte2_0020_10,BlastForteParamData.bNoAutoGuard,true
BlastUltimate_0020_10,ExpendEnergy,50000
BlastUltimate_0020_10,TriggerExpendEnergy,50000
BlastUltimate_0020_10,BlastUltimateParamData.bMapChangeEscapeEvenet,true
BlastUltimate_0020_10,BlastUltimateParamData.SureToHitRange,500
BlastUltimate_0020_10,BlastUltimateParamData.bBackstepWhenNearMode,false
BlastUltimate_0020_10,BlastGroup,GR0002_31UB
BlastSkill1_0020_11,ExpendEnergy,30000
BlastSkill1_0020_11,TriggerExpendEnergy,30000
BlastSkill1_0020_11,bCanBlastImpact,true
BlastSkill1_0020_11,BlastImpactPower,5
BlastSkill1_0020_11,bWeakSpecialShield,true
BlastSkill1_0020_11,BlastSkillParamData.bMapChangeEscapeEvenet,true
BlastSkill1_0020_11,BlastSkillParamData.SuperZCounterType,EKoratSuperZCounterType::Repel
BlastSkill1_0020_11,BlastGroup,GR0020_11B1
BlastSkill2_0020_11,LungeSpeed,8750
BlastSkill2_0020_11,ExpendEnergy,30000
BlastSkill2_0020_11,TriggerExpendEnergy,15000
BlastSkill2_0020_11,bCanSpeedImpact,true
BlastSkill2_0020_11,BlastSkillParamData.Type,突進格闘
BlastSkill2_0020_11,BlastSkillParamData.bNonLockUsable,false
BlastSkill2_0020_11,BlastSkillParamData.MoveLimitTime,2
BlastSkill2_0020_11,BlastSkillParamData.MoveType,EBlastDashMoveType::ControllableTarget
BlastSkill2_0020_11,BlastGroup,GR0020_11B2
BlastForte1_0020_11,BlastForteParamData.Type,爆破
BlastForte1_0020_11,BlastForteParamData.bInterruptibleExplosion,true
BlastForte1_0020_11,BlastForteParamData.bInterruptibleBarrier,true
BlastForte1_0020_11,BlastForteParamData.bTurnBeforeTransition,false
BlastForte2_0020_11,BlastForteParamData.Type,能力
BlastUltimate_0020_11,ExpendEnergy,50000
BlastUltimate_0020_11,TriggerExpendEnergy,50000
BlastUltimate_0020_11,bCanBlastImpact,true
BlastUltimate_0020_11,BlastImpactPower,8
BlastUltimate_0020_11,BlastUltimateParamData.bMapChangeEscapeEvenet,true
BlastUltimate_0020_11,BlastUltimateParamData.bKamehameHa,false
BlastUltimate_0020_11,BlastGroup,GR0020_11UB
BlastSkill1_0020_30,LungeSpeed,11700
BlastSkill1_0020_30,ExpendEnergy,30000
BlastSkill1_0020_30,TriggerExpendEnergy,15000
BlastSkill1_0020_30,bCanSpeedImpact,true
BlastSkill1_0020_30,BlastSkillParamData.Type,突進格闘
BlastSkill1_0020_30,BlastSkillParamData.bMapChangeEscapeEvenet,true
BlastSkill1_0020_30,BlastSkillParamData.bNonLockUsable,false
BlastSkill1_0020_30,BlastSkillParamData.MoveLimitTime,1
BlastSkill1_0020_30,BlastGroup,GR0020_00B2
BlastSkill2_0020_30,ExpendEnergy,20000
BlastSkill2_0020_30,TriggerExpendEnergy,20000
BlastSkill2_0020_30,BlastGroup,GR0020_30B2
BlastForte1_0020_30,BlastForteParamData.Type,残像拳
BlastForte2_0020_30,BlastForteParamData.Type,能力
BlastUltimate_0020_30,ExpendEnergy,50000
BlastUltimate_0020_30,TriggerExpendEnergy,50000
BlastUltimate_0020_30,bCanBlastImpact,true
BlastUltimate_0020_30,BlastImpactPower,8
BlastUltimate_0020_30,BlastUltimateParamData.bMapChangeEscapeEvenet,true
BlastUltimate_0020_30,BlastUltimateParamData.bKamehameHa,false
BlastUltimate_0020_30,BlastGroup,GR0020_11UB
BlastSkill1_0020_31,ExpendEnergy,30000
BlastSkill1_0020_31,TriggerExpendEnergy,30000
BlastSkill1_0020_31,bCanBlastImpact,true
BlastSkill1_0020_31,BlastImpactPower,5
BlastSkill1_0020_31,bWeakSpecialShield,true
BlastSkill1_0020_31,BlastSkillParamData.bMapChangeEscapeEvenet,true
BlastSkill1_0020_31,BlastSkillParamData.bMapChangeDestruct,true
BlastSkill1_0020_31,BlastSkillParamData.SuperZCounterType,EKoratSuperZCounterType::Repel
BlastSkill1_0020_31,BlastGroup,GR0020_31B1
BlastSkill2_0020_31,ExpendEnergy,20000
BlastSkill2_0020_31,TriggerExpendEnergy,20000
BlastSkill2_0020_31,BlastGroup,GR0020_30B2
BlastForte1_0020_31,BlastForteParamData.Type,爆破
BlastForte1_0020_31,BlastForteParamData.bInterruptibleExplosion,true
BlastForte1_0020_31,BlastForteParamData.bInterruptibleBarrier,true
BlastForte1_0020_31,BlastForteParamData.bTurnBeforeTransition,false
BlastForte2_0020_31,BlastForteParamData.Type,能力
BlastUltimate_0020_31,ExpendEnergy,50000
BlastUltimate_0020_31,TriggerExpendEnergy,50000
BlastUltimate_0020_31,BlastGroup,GR0020_31UB
BlastSkill1_0020_32,ExpendEnergy,30000
BlastSkill1_0020_32,TriggerExpendEnergy,30000
BlastSkill1_0020_32,bCanBlastImpact,true
BlastSkill1_0020_32,BlastImpactPower,5
BlastSkill1_0020_32,bWeakSpecialShield,true
BlastSkill1_0020_32,BlastSkillParamData.SuperZCounterType,EKoratSuperZCounterType::Repel
BlastSkill1_0020_32,BlastGroup,GR0020_11UB
BlastSkill2_0020_32,ExpendEnergy,20000
BlastSkill2_0020_32,TriggerExpendEnergy,20000
BlastSkill2_0020_32,BlastGroup,GR0020_30B2
BlastForte1_0020_32,BlastForteParamData.Type,爆破
BlastForte1_0020_32,BlastForteParamData.bInterruptibleExplosion,true
BlastForte1_0020_32,BlastForteParamData.bInterruptibleBarrier,true
BlastForte1_0020_32,BlastForteParamData.bTurnBeforeTransition,false
BlastForte2_0020_32,BlastForteParamData.Type,残像拳
BlastForte2_0020_32,BlastForteParamData.bNoHitCheckCombatives,true
BlastUltimate_0020_32,LungeSpeed,11700
BlastUltimate_0020_32,ExpendEnergy,50000
BlastUltimate_0020_32,TriggerExpendEnergy,50000
BlastUltimate_0020_32,bCanSpeedImpact,true
BlastUltimate_0020_32,BlastUltimateParamData.Type,突進格闘
BlastUltimate_0020_32,BlastUltimateParamData.bMapChangeEscapeEvenet,true
BlastUltimate_0020_32,BlastUltimateParamData.bNonLockUsable,false
BlastUltimate_0020_32,BlastUltimateParamData.MoveLimitTime,1
BlastUltimate_0020_32,BlastGroup,GR0020_32UB
BlastSkill1_0020_40,ExpendEnergy,30000
BlastSkill1_0020_40,TriggerExpendEnergy,30000
BlastSkill1_0020_40,bCanBlastImpact,true
BlastSkill1_0020_40,BlastImpactPower,5
BlastSkill1_0020_40,bWeakSpecialShield,true
BlastSkill1_0020_40,BlastSkillParamData.bMapChangeEscapeEvenet,true
BlastSkill1_0020_40,BlastSkillParamData.SuperZCounterType,EKoratSuperZCounterType::Repel
BlastSkill1_0020_40,BlastGroup,GR0020_40B1
BlastSkill2_0020_40,ExpendEnergy,30000
BlastSkill2_0020_40,TriggerExpendEnergy,30000
BlastSkill2_0020_40,bCanBlastImpact,true
BlastSkill2_0020_40,BlastImpactPower,5
BlastSkill2_0020_40,bWeakSpecialShield,true
BlastSkill2_0020_40,BlastSkillParamData.SuperZCounterType,EKoratSuperZCounterType::Repel
BlastSkill2_0020_40,BlastGroup,GR0020_11UB
BlastForte1_0020_40,BlastForteParamData.Type,能力
BlastForte2_0020_40,ExpendBlastStock,4
BlastForte2_0020_40,TriggerExpendBlastStock,4
BlastForte2_0020_40,BlastForteParamData.Type,特殊
BlastForte2_0020_40,BlastForteParamData.bNoAutoGuard,true
BlastUltimate_0020_40,bGaveAfterStateToBlowFalling,true
BlastUltimate_0020_40,bGaveAfterStateToBlowFallingAlsoSIOT,true
BlastUltimate_0020_40,ExpendEnergy,50000
BlastUltimate_0020_40,TriggerExpendEnergy,50000
BlastUltimate_0020_40,BlastUltimateParamData.bMapChangeEscapeEvenet,true
BlastUltimate_0020_40,BlastUltimateParamData.bImpossibleGuard,true
BlastUltimate_0020_40,BlastUltimateParamData.SureToHitRange,500
BlastUltimate_0020_40,BlastGroup,GR0020_40UB
BlastSkill1_0020_50,ExpendEnergy,30000
BlastSkill1_0020_50,TriggerExpendEnergy,30000
BlastSkill1_0020_50,bCanBlastImpact,true
BlastSkill1_0020_50,BlastImpactPower,5
BlastSkill1_0020_50,bWeakSpecialShield,true
BlastSkill1_0020_50,BlastSkillParamData.bMapChangeEscapeEvenet,true
BlastSkill1_0020_50,BlastSkillParamData.bMapChangeDestruct,true
BlastSkill1_0020_50,BlastSkillParamData.SuperZCounterType,EKoratSuperZCounterType::Repel
BlastSkill1_0020_50,BlastGroup,GR0020_31B1
BlastSkill2_0020_50,LungeSpeed,11700
BlastSkill2_0020_50,ExpendEnergy,30000
BlastSkill2_0020_50,TriggerExpendEnergy,15000
BlastSkill2_0020_50,bCanSpeedImpact,true
BlastSkill2_0020_50,BlastSkillParamData.Type,突進格闘
BlastSkill2_0020_50,BlastSkillParamData.bNonLockUsable,false
BlastSkill2_0020_50,BlastSkillParamData.MoveLimitTime,1
BlastSkill2_0020_50,BlastGroup,GR0020_50B2
BlastForte1_0020_50,BlastForteParamData.Type,爆破
BlastForte1_0020_50,BlastForteParamData.bInterruptibleExplosion,true
BlastForte1_0020_50,BlastForteParamData.bInterruptibleBarrier,true
BlastForte1_0020_50,BlastForteParamData.bTurnBeforeTransition,false
BlastForte2_0020_50,BlastForteParamData.Type,能力
BlastUltimate_0020_50,ExpendEnergy,50000
BlastUltimate_0020_50,TriggerExpendEnergy,50000
BlastUltimate_0020_50,bCanBlastImpact,true
BlastUltimate_0020_50,BlastImpactPower,9
BlastUltimate_0020_50,BlastUltimateParamData.bMapChangeEscapeEvenet,true
BlastUltimate_0020_50,BlastGroup,GR0020_50UB
BlastSkill1_0020_60,ExpendEnergy,30000
BlastSkill1_0020_60,TriggerExpendEnergy,30000
BlastSkill1_0020_60,bCanBlastImpact,true
BlastSkill1_0020_60,BlastImpactPower,5
BlastSkill1_0020_60,bWeakSpecialShield,true
BlastSkill1_0020_60,BlastSkillParamData.bMapChangeEscapeEvenet,true
BlastSkill1_0020_60,BlastSkillParamData.SuperZCounterType,EKoratSuperZCounterType::Repel
BlastSkill1_0020_60,BlastGroup,GR0020_00B1
BlastSkill2_0020_60,LungeSpeed,8750
BlastSkill2_0020_60,ExpendEnergy,30000
BlastSkill2_0020_60,TriggerExpendEnergy,15000
BlastSkill2_0020_60,bCanSpeedImpact,true
BlastSkill2_0020_60,BlastSkillParamData.Type,突進格闘
BlastSkill2_0020_60,BlastSkillParamData.bDontJostle,true
BlastSkill2_0020_60,BlastSkillParamData.bKamehameHa,false
BlastSkill2_0020_60,BlastSkillParamData.bNonLockUsable,false
BlastSkill2_0020_60,BlastSkillParamData.MoveLimitTime,2
BlastSkill2_0020_60,BlastSkillParamData.MoveType,EBlastDashMoveType::ControllableTarget
BlastSkill2_0020_60,BlastGroup,GR0020_60B2
BlastForte1_0020_60,BlastForteParamData.Type,爆破
BlastForte1_0020_60,BlastForteParamData.bInterruptibleExplosion,true
BlastForte1_0020_60,BlastForteParamData.bInterruptibleBarrier,true
BlastForte1_0020_60,BlastForteParamData.bTurnBeforeTransition,false
BlastForte2_0020_60,ExpendBlastStock,4
BlastForte2_0020_60,TriggerExpendBlastStock,4
BlastForte2_0020_60,BlastForteParamData.Type,特殊
BlastForte2_0020_60,BlastForteParamData.bNoAutoGuard,true
BlastUltimate_0020_60,ExpendEnergy,50000
BlastUltimate_0020_60,TriggerExpendEnergy,50000
BlastUltimate_0020_60,bCanBlastImpact,true
BlastUltimate_0020_60,BlastImpactPower,9
BlastUltimate_0020_60,BlastUltimateParamData.bMapChangeEscapeEvenet,true
BlastUltimate_0020_60,BlastUltimateParamData.bMapChangeDestruct,true
BlastUltimate_0020_60,BlastGroup,GR0020_31B1
BlastSkill1_0020_61,ExpendEnergy,30000
BlastSkill1_0020_61,TriggerExpendEnergy,30000
BlastSkill1_0020_61,bWeakSpecialShield,true
BlastSkill1_0020_61,BlastSkillParamData.TransitionConditionHitBulletCount,3
BlastSkill1_0020_61,BlastSkillParamData.TransitionConditionFinishedBulletCount,7
BlastSkill1_0020_61,BlastSkillParamData.bDontJostle,true
BlastSkill1_0020_61,BlastSkillParamData.bKamehameHa,false
BlastSkill1_0020_61,BlastGroup,GR0020_61B1
BlastSkill2_0020_61,LungeSpeed,8750
BlastSkill2_0020_61,ExpendEnergy,30000
BlastSkill2_0020_61,TriggerExpendEnergy,15000
BlastSkill2_0020_61,bCanSpeedImpact,true
BlastSkill2_0020_61,BlastSkillParamData.Type,突進格闘
BlastSkill2_0020_61,BlastSkillParamData.bNonLockUsable,false
BlastSkill2_0020_61,BlastSkillParamData.MoveLimitTime,2
BlastSkill2_0020_61,BlastSkillParamData.MoveType,EBlastDashMoveType::ControllableTarget
BlastSkill2_0020_61,BlastGroup,GR0020_61B2
BlastForte1_0020_61,BlastForteParamData.Type,能力
BlastForte1_0020_61,BlastForteParamData.bInterruptibleExplosion,true
BlastForte1_0020_61,BlastForteParamData.bInterruptibleBarrier,true
BlastForte2_0020_61,ExpendBlastStock,4
BlastForte2_0020_61,TriggerExpendBlastStock,4
BlastForte2_0020_61,BlastForteParamData.Type,特殊
BlastForte2_0020_61,BlastForteParamData.bNoAutoGuard,true
BlastUltimate_0020_61,LungeSpeed,11700
BlastUltimate_0020_61,ExpendEnergy,50000
BlastUltimate_0020_61,TriggerExpendEnergy,50000
BlastUltimate_0020_61,bCanSpeedImpact,true
BlastUltimate_0020_61,BlastUltimateParamData.Type,突進格闘
BlastUltimate_0020_61,BlastUltimateParamData.bNonLockUsable,false
BlastUltimate_0020_61,BlastUltimateParamData.MoveLimitTime,1
BlastUltimate_0020_61,BlastUltimateParamData.MoveType,EBlastDashMoveType::ControllableTarget
BlastUltimate_0020_61,BlastGroup,GR0020_61UB
BlastSkill1_0020_63,ExpendEnergy,30000
BlastSkill1_0020_63,TriggerExpendEnergy,30000
BlastSkill1_0020_63,bCanBlastImpact,true
BlastSkill1_0020_63,BlastImpactPower,5
BlastSkill1_0020_63,bWeakSpecialShield,true
BlastSkill1_0020_63,BlastSkillParamData.bDontJostle,true
BlastSkill1_0020_63,BlastSkillParamData.bMapChangeEscapeEvenet,true
BlastSkill1_0020_63,BlastSkillParamData.bMapChangeDestruct,true
BlastSkill1_0020_63,BlastSkillParamData.bKamehameHa,false
BlastSkill1_0020_63,BlastSkillParamData.SuperZCounterType,EKoratSuperZCounterType::Repel
BlastSkill1_0020_63,BlastGroup,GR0020_31B1
BlastSkill2_0020_63,ExpendEnergy,20000
BlastSkill2_0020_63,TriggerExpendEnergy,20000
BlastSkill2_0020_63,BlastSkillParamData.bDontJostle,true
BlastSkill2_0020_63,BlastSkillParamData.bMapChangeEscapeEvenet,true
BlastSkill2_0020_63,BlastSkillParamData.bKamehameHa,false
BlastSkill2_0020_63,BlastSkillParamData.BlastDemoBranchConditions[0].BranchType,ESSBlastDemoBranchType::BuffForm
BlastSkill2_0020_63,BlastSkillParamData.BlastDemoBranchConditions[0].SortId,0
BlastSkill2_0020_63,BlastSkillParamData.BlastDemoBranchConditions[0].bTrueIfAllApply,false
BlastSkill2_0020_63,BlastSkillParamData.BlastDemoBranchConditions[0].MyselfRemainingHP,0
BlastSkill2_0020_63,BlastSkillParamData.BlastDemoBranchConditions[0].ExParam,-1
BlastSkill2_0020_63,BlastSkillParamData.BlastDemoBranchConditions[0].SpDerivationType,EBlastDemoSpDerivationType::Unspecified
BlastSkill2_0020_63,BlastSkillParamData.BlastDemoBranchConditions[0].VictoryAppealWarpType,EVictoryAppealWarpType::MyselfSafeArea
BlastSkill2_0020_63,BlastSkillParamData.SuperZCounterType,EKoratSuperZCounterType::Erase
BlastSkill2_0020_63,BlastSkillParamData.bBackstepWhenNearMode,false
BlastSkill2_0020_63,BlastGroup,GR0020_63B2
BlastForte1_0020_63,BlastForteParamData.Type,能力
BlastForte2_0020_63,ExpendBlastStock,4
BlastForte2_0020_63,TriggerExpendBlastStock,4
BlastForte2_0020_63,BlastForteParamData.Type,能力
BlastUltimate_0020_63,ExpendEnergy,50000
BlastUltimate_0020_63,TriggerExpendEnergy,50000
BlastUltimate_0020_63,BlastUltimateParamData.bMapChangeEscapeEvenet,true
BlastUltimate_0020_63,BlastUltimateParamData.bImpossibleGuard,true
BlastUltimate_0020_63,BlastUltimateParamData.SureToHitRange,500
BlastUltimate_0020_63,BlastGroup,GR0020_63UB
BlastUltimate2_0020_63_04,LungeSpeed,8750
BlastUltimate2_0020_63_04,ExpendEnergy,50000
BlastUltimate2_0020_63_04,TriggerExpendEnergy,50000
BlastUltimate2_0020_63_04,bCanSpeedImpact,true
BlastUltimate2_0020_63_04,SupportCharacters[0].bInheritDamageModel,false
BlastUltimate2_0020_63_04,SupportCharacters[0].bInheritEquipItems,false
BlastUltimate2_0020_63_04,SupportCharacters[0].CostumeDamageLv,0
BlastUltimate2_0020_63_04,SupportCharacters[0].CostumeScratchLv,0
BlastUltimate2_0020_63_04,SupportCharacters[0].bIsSubCharacterCostume,false
BlastUltimate2_0020_63_04,SupportCharacters[0].bIsSubCharacterEquipItems,false
BlastUltimate2_0020_63_04,BlastUltimateParamData.Type,突進格闘
BlastUltimate2_0020_63_04,BlastUltimateParamData.bNonLockUsable,false
BlastUltimate2_0020_63_04,BlastUltimateParamData.MoveLimitTime,2
BlastUltimate2_0020_63_04,BlastUltimateParamData.MoveType,EBlastDashMoveType::ControllableTarget
BlastUltimate2_0020_63_04,BlastGroup,GR0450_00UB
BlastSkill1_0021_20,ExpendEnergy,30000
BlastSkill1_0021_20,TriggerExpendEnergy,30000
BlastSkill1_0021_20,bCanBlastImpact,true
BlastSkill1_0021_20,BlastImpactPower,5
BlastSkill1_0021_20,bWeakSpecialShield,true
BlastSkill1_0021_20,BlastSkillParamData.bMapChangeEscapeEvenet,true
BlastSkill1_0021_20,BlastSkillParamData.SuperZCounterType,EKoratSuperZCounterType::Repel
BlastSkill1_0021_20,BlastGroup,GR0020_11UB
BlastSkill2_0021_20,LungeSpeed,11700
BlastSkill2_0021_20,ExpendEnergy,30000
BlastSkill2_0021_20,TriggerExpendEnergy,15000
BlastSkill2_0021_20,bCanSpeedImpact,true
BlastSkill2_0021_20,BlastSkillParamData.Type,突進格闘
BlastSkill2_0021_20,BlastSkillParamData.bNonLockUsable,false
BlastSkill2_0021_20,BlastSkillParamData.MoveLimitTime,1
BlastSkill2_0021_20,BlastGroup,GR0020_50B2
BlastForte1_0021_20,BlastForteParamData.Type,爆破
BlastForte1_0021_20,BlastForteParamData.bInterruptibleExplosion,true
BlastForte1_0021_20,BlastForteParamData.bInterruptibleBarrier,true
BlastForte1_0021_20,BlastForteParamData.bTurnBeforeTransition,false
BlastForte2_0021_20,ExpendBlastStock,4
BlastForte2_0021_20,TriggerExpendBlastStock,4
BlastForte2_0021_20,BlastForteParamData.Type,特殊
BlastForte2_0021_20,BlastForteParamData.bNoAutoGuard,true
BlastUltimate_0021_20,ExpendEnergy,50000
BlastUltimate_0021_20,TriggerExpendEnergy,50000
BlastUltimate_0021_20,bCanBlastImpact,true
BlastUltimate_0021_20,BlastImpactPower,9
BlastUltimate_0021_20,BlastUltimateParamData.bMapChangeEscapeEvenet,true
BlastUltimate_0021_20,BlastUltimateParamData.bMapChangeDestruct,true
BlastUltimate_0021_20,BlastGroup,GR0020_31B1
BlastSkill1_0022_62,ExpendEnergy,30000
BlastSkill1_0022_62,TriggerExpendEnergy,30000
BlastSkill1_0022_62,bWeakSpecialShield,true
BlastSkill1_0022_62,BlastSkillParamData.TransitionConditionHitBulletCount,3
BlastSkill1_0022_62,BlastSkillParamData.TransitionConditionFinishedBulletCount,5
BlastSkill1_0022_62,BlastSkillParamData.bMapChangeEscapeEvenet,true
BlastSkill1_0022_62,BlastGroup,GR0022_62B1
BlastSkill2_0022_62,LungeSpeed,11700
BlastSkill2_0022_62,ExpendEnergy,30000
BlastSkill2_0022_62,TriggerExpendEnergy,15000
BlastSkill2_0022_62,bCanSpeedImpact,true
BlastSkill2_0022_62,BlastSkillParamData.Type,突進格闘
BlastSkill2_0022_62,BlastSkillParamData.bNonLockUsable,false
BlastSkill2_0022_62,BlastSkillParamData.MoveLimitTime,1
BlastSkill2_0022_62,BlastGroup,GR0022_62B2
BlastForte1_0022_62,BlastForteParamData.Type,爆破
BlastForte1_0022_62,BlastForteParamData.bInterruptibleExplosion,true
BlastForte1_0022_62,BlastForteParamData.bInterruptibleBarrier,true
BlastForte1_0022_62,BlastForteParamData.bTurnBeforeTransition,false
BlastForte2_0022_62,BlastForteParamData.Type,能力
BlastUltimate_0022_62,ExpendEnergy,50000
BlastUltimate_0022_62,TriggerExpendEnergy,50000
BlastUltimate_0022_62,bCanBlastImpact,true
BlastUltimate_0022_62,BlastImpactPower,9
BlastUltimate_0022_62,BlastUltimateParamData.bMapChangeEscapeEvenet,true
BlastUltimate_0022_62,BlastUltimateParamData.bMapChangeDestruct,true
BlastUltimate_0022_62,BlastGroup,GR0022_62UB
BlastSkill1_0023_00,ExpendEnergy,30000
BlastSkill1_0023_00,TriggerExpendEnergy,30000
BlastSkill1_0023_00,bCanBlastImpact,true
BlastSkill1_0023_00,BlastImpactPower,5
BlastSkill1_0023_00,bWeakSpecialShield,true
BlastSkill1_0023_00,BlastSkillParamData.BlastImpactCameraType,EKoratBlastImpactCameraType::Giant
BlastSkill1_0023_00,BlastSkillParamData.SuperZCounterType,EKoratSuperZCounterType::Repel
BlastSkill1_0023_00,BlastGroup,GR0023_00B1
BlastSkill2_0023_00,ExpendEnergy,30000
BlastSkill2_0023_00,TriggerExpendEnergy,30000
BlastSkill2_0023_00,bWeakSpecialShield,true
BlastSkill2_0023_00,BlastSkillParamData.BlastImpactCameraType,EKoratBlastImpactCameraType::Giant
BlastSkill2_0023_00,BlastGroup,GR0023_00B2
BlastForte1_0023_00,BlastForteParamData.Type,爆破
BlastForte1_0023_00,BlastForteParamData.bInterruptibleExplosion,true
BlastForte1_0023_00,BlastForteParamData.bInterruptibleBarrier,true
BlastForte1_0023_00,BlastForteParamData.bTurnBeforeTransition,false
BlastForte2_0023_00,ExpendBlastStock,4
BlastForte2_0023_00,TriggerExpendBlastStock,4
BlastForte2_0023_00,BlastForteParamData.Type,特殊
BlastForte2_0023_00,BlastForteParamData.bNoAutoGuard,true
BlastUltimate_0023_00,ExpendEnergy,50000
BlastUltimate_0023_00,TriggerExpendEnergy,50000
BlastUltimate_0023_00,bCanBlastImpact,true
BlastUltimate_0023_00,BlastImpactPower,9
BlastUltimate_0023_00,BlastUltimateParamData.bMapChangeEscapeEvenet,true
BlastUltimate_0023_00,BlastUltimateParamData.bMapChangeDestruct,true
BlastUltimate_0023_00,BlastUltimateParamData.BlastImpactCameraType,EKoratBlastImpactCameraType::Giant
BlastUltimate_0023_00,BlastUltimateParamData.SureToHitRange,500
BlastUltimate_0023_00,BlastGroup,GR0020_00B1
BlastSkill1_0030_00,ExpendEnergy,30000
BlastSkill1_0030_00,TriggerExpendEnergy,30000
BlastSkill1_0030_00,bCanBlastImpact,true
BlastSkill1_0030_00,BlastImpactPower,5
BlastSkill1_0030_00,bWeakSpecialShield,true
BlastSkill1_0030_00,BlastSkillParamData.SuperZCounterType,EKoratSuperZCounterType::Repel
BlastSkill1_0030_00,BlastSkillParamData.bTurnCGSection,true
BlastSkill1_0030_00,BlastGroup,GR0030_00B1
BlastSkill2_0030_00,ExpendEnergy,20000
BlastSkill2_0030_00,TriggerExpendEnergy,20000
BlastSkill2_0030_00,bWeakSpecialShield,true
BlastSkill2_0030_00,BlastGroup,GR0030_00B2
BlastForte1_0030_00,ExpendBlastStock,4
BlastForte1_0030_00,TriggerExpendBlastStock,4
BlastForte1_0030_00,BlastForteParamData.Type,特殊
BlastForte1_0030_00,BlastForteParamData.bNoAutoGuard,true
BlastForte2_0030_00,ExpendBlastStock,3
BlastForte2_0030_00,TriggerExpendBlastStock,3
BlastForte2_0030_00,BlastForteParamData.Type,残像拳
BlastUltimate_0030_00,LungeSpeed,8750
BlastUltimate_0030_00,ExpendEnergy,50000
BlastUltimate_0030_00,TriggerExpendEnergy,50000
BlastUltimate_0030_00,bCanSpeedImpact,true
BlastUltimate_0030_00,BlastUltimateParamData.Type,突進格闘
BlastUltimate_0030_00,BlastUltimateParamData.bKamehameHa,false
BlastUltimate_0030_00,BlastUltimateParamData.bNonLockUsable,false
BlastUltimate_0030_00,BlastUltimateParamData.MoveLimitTime,2
BlastUltimate_0030_00,BlastUltimateParamData.MoveType,EBlastDashMoveType::ControllableTarget
BlastUltimate_0030_00,BlastGroup,GR0030_00UB
BlastSkill1_0031_00,ExpendEnergy,30000
BlastSkill1_0031_00,TriggerExpendEnergy,30000
BlastSkill1_0031_00,bCanBlastImpact,true
BlastSkill1_0031_00,BlastImpactPower,5
BlastSkill1_0031_00,bWeakSpecialShield,true
BlastSkill1_0031_00,BlastSkillParamData.bMapChangeEscapeEvenet,true
BlastSkill1_0031_00,BlastSkillParamData.SuperZCounterType,EKoratSuperZCounterType::Repel
BlastSkill1_0031_00,BlastSkillParamData.bTurnCGSection,true
BlastSkill1_0031_00,BlastGroup,GR0030_00B1
BlastSkill2_0031_00,ExpendEnergy,20000
BlastSkill2_0031_00,TriggerExpendEnergy,20000
BlastSkill2_0031_00,bWeakSpecialShield,true
BlastSkill2_0031_00,BlastGroup,GR0030_00B2
BlastForte1_0031_00,BlastForteParamData.Type,残像拳
BlastForte1_0031_00,BlastForteParamData.bNoHitCheckCombatives,true
BlastForte2_0031_00,BlastForteParamData.Type,能力
BlastUltimate_0031_00,ExpendEnergy,50000
BlastUltimate_0031_00,TriggerExpendEnergy,50000
BlastUltimate_0031_00,bCanBlastImpact,true
BlastUltimate_0031_00,BlastImpactPower,9
BlastUltimate_0031_00,BlastUltimateParamData.bMapChangeEscapeEvenet,true
BlastUltimate_0031_00,BlastGroup,GR0000_00B1
BlastSkill1_0031_01,ExpendEnergy,30000
BlastSkill1_0031_01,TriggerExpendEnergy,30000
BlastSkill1_0031_01,bCanBlastImpact,true
BlastSkill1_0031_01,BlastImpactPower,5
BlastSkill1_0031_01,bWeakSpecialShield,true
BlastSkill1_0031_01,BlastSkillParamData.bMapChangeEscapeEvenet,true
BlastSkill1_0031_01,BlastSkillParamData.SuperZCounterType,EKoratSuperZCounterType::Repel
BlastSkill1_0031_01,BlastSkillParamData.bTurnCGSection,true
BlastSkill1_0031_01,BlastGroup,GR0000_00B1
BlastSkill2_0031_01,LungeSpeed,11700
BlastSkill2_0031_01,ExpendEnergy,30000
BlastSkill2_0031_01,TriggerExpendEnergy,15000
BlastSkill2_0031_01,bCanSpeedImpact,true
BlastSkill2_0031_01,BlastSkillParamData.Type,突進格闘
BlastSkill2_0031_01,BlastSkillParamData.bMapChangeEscapeEvenet,true
BlastSkill2_0031_01,BlastSkillParamData.bNonLockUsable,false
BlastSkill2_0031_01,BlastSkillParamData.MoveLimitTime,1
BlastSkill2_0031_01,BlastSkillParamData.MoveType,EBlastDashMoveType::ControllableTarget
BlastSkill2_0031_01,BlastGroup,GR0031_01B2
BlastForte1_0031_01,BlastForteParamData.Type,爆破
BlastForte1_0031_01,BlastForteParamData.bInterruptibleExplosion,true
BlastForte1_0031_01,BlastForteParamData.bInterruptibleBarrier,true
BlastForte1_0031_01,BlastForteParamData.bTurnBeforeTransition,false
BlastForte2_0031_01,ExpendBlastStock,4
BlastForte2_0031_01,TriggerExpendBlastStock,4
BlastForte2_0031_01,BlastForteParamData.Type,特殊
BlastForte2_0031_01,BlastForteParamData.bNoAutoGuard,true
BlastUltimate_0031_01,ExpendEnergy,50000
BlastUltimate_0031_01,TriggerExpendEnergy,50000
BlastUltimate_0031_01,BlastUltimateParamData.TransitionConditionHitBulletCount,3
BlastUltimate_0031_01,BlastUltimateParamData.TransitionConditionFinishedBulletCount,3
BlastUltimate_0031_01,BlastUltimateParamData.bMapChangeEscapeEvenet,true
BlastUltimate_0031_01,BlastGroup,GR0030_00B1
BlastSkill1_0031_02,ExpendEnergy,20000
BlastSkill1_0031_02,TriggerExpendEnergy,20000
BlastSkill1_0031_02,bCanBlastImpact,true
BlastSkill1_0031_02,BlastImpactPower,5
BlastSkill1_0031_02,bWeakSpecialShield,true
BlastSkill1_0031_02,BlastSkillParamData.bMapChangeEscapeEvenet,true
BlastSkill1_0031_02,BlastSkillParamData.SuperZCounterType,EKoratSuperZCounterType::Repel
BlastSkill1_0031_02,BlastGroup,GR0000_00B1
BlastSkill2_0031_02,LungeSpeed,8750
BlastSkill2_0031_02,ExpendEnergy,30000
BlastSkill2_0031_02,TriggerExpendEnergy,15000
BlastSkill2_0031_02,bCanSpeedImpact,true
BlastSkill2_0031_02,BlastSkillParamData.Type,突進格闘
BlastSkill2_0031_02,BlastSkillParamData.bNonLockUsable,false
BlastSkill2_0031_02,BlastSkillParamData.MoveLimitTime,2
BlastSkill2_0031_02,BlastSkillParamData.MoveType,EBlastDashMoveType::ControllableTarget
BlastSkill2_0031_02,BlastGroup,GR0031_02B2
BlastForte1_0031_02,BlastForteParamData.Type,爆破
BlastForte1_0031_02,BlastForteParamData.bInterruptibleExplosion,true
BlastForte1_0031_02,BlastForteParamData.bInterruptibleBarrier,true
BlastForte1_0031_02,BlastForteParamData.bTurnBeforeTransition,false
BlastForte2_0031_02,ExpendBlastStock,4
BlastForte2_0031_02,TriggerExpendBlastStock,4
BlastForte2_0031_02,BlastForteParamData.Type,特殊
BlastForte2_0031_02,BlastForteParamData.bNoAutoGuard,true
BlastUltimate_0031_02,ExpendEnergy,50000
BlastUltimate_0031_02,TriggerExpendEnergy,50000
BlastUltimate_0031_02,bCanBlastImpact,true
BlastUltimate_0031_02,BlastImpactPower,9
BlastUltimate_0031_02,SupportCharacters[0].bInheritDamageModel,false
BlastUltimate_0031_02,SupportCharacters[0].bInheritEquipItems,false
BlastUltimate_0031_02,SupportCharacters[0].CostumeDamageLv,0
BlastUltimate_0031_02,SupportCharacters[0].CostumeScratchLv,0
BlastUltimate_0031_02,SupportCharacters[0].bIsSubCharacterCostume,true
BlastUltimate_0031_02,SupportCharacters[0].bIsSubCharacterEquipItems,true
BlastUltimate_0031_02,BlastUltimateParamData.bMapChangeEscapeEvenet,true
BlastUltimate_0031_02,BlastUltimateParamData.bImpossibleGuard,true
BlastUltimate_0031_02,BlastGroup,GR0000_00B1
BlastUltimate2_0031_02_04,ExpendEnergy,50000
BlastUltimate2_0031_02_04,TriggerExpendEnergy,50000
BlastUltimate2_0031_02_04,bCanBlastImpact,true
BlastUltimate2_0031_02_04,BlastImpactPower,9
BlastUltimate2_0031_02_04,BlastUltimateParamData.bMapChangeEscapeEvenet,true
BlastUltimate2_0031_02_04,BlastUltimateParamData.bImpossibleGuard,true
BlastUltimate2_0031_02_04,BlastGroup,GR0000_00B1
BlastSkill1_0032_00,ExpendEnergy,20000
BlastSkill1_0032_00,TriggerExpendEnergy,20000
BlastSkill1_0032_00,BlastSkillParamData.bMapChangeEscapeEvenet,true
BlastSkill1_0032_00,BlastSkillParamData.SuperZCounterType,EKoratSuperZCounterType::Erase
BlastSkill1_0032_00,BlastSkillParamData.bBackstepWhenNearMode,false
BlastSkill1_0032_00,BlastGroup,GR0032_00B1
BlastSkill2_0032_00,LungeSpeed,8750
BlastSkill2_0032_00,ExpendEnergy,30000
BlastSkill2_0032_00,TriggerExpendEnergy,15000
BlastSkill2_0032_00,bCanSpeedImpact,true
BlastSkill2_0032_00,BlastSkillParamData.Type,突進格闘
BlastSkill2_0032_00,BlastSkillParamData.bNonLockUsable,false
BlastSkill2_0032_00,BlastSkillParamData.MoveLimitTime,2
BlastSkill2_0032_00,BlastSkillParamData.MoveType,EBlastDashMoveType::ControllableTarget
BlastSkill2_0032_00,BlastGroup,GR0032_00B2
BlastForte1_0032_00,BlastForteParamData.Type,残像拳
BlastForte1_0032_00,BlastForteParamData.bNoHitCheckCombatives,true
BlastForte2_0032_00,BlastForteParamData.Type,能力
BlastUltimate_0032_00,ExpendEnergy,50000
BlastUltimate_0032_00,TriggerExpendEnergy,50000
BlastUltimate_0032_00,bCanBlastImpact,true
BlastUltimate_0032_00,BlastImpactPower,9
BlastUltimate_0032_00,BlastUltimateParamData.bMapChangeEscapeEvenet,true
BlastUltimate_0032_00,BlastGroup,GR0000_00B1
BlastUltimate2_0032_00_06,LungeSpeed,8750
BlastUltimate2_0032_00_06,ExpendEnergy,50000
BlastUltimate2_0032_00_06,TriggerExpendEnergy,50000
BlastUltimate2_0032_00_06,bCanSpeedImpact,true
BlastUltimate2_0032_00_06,SupportCharacters[0].bInheritDamageModel,true
BlastUltimate2_0032_00_06,SupportCharacters[0].bInheritEquipItems,true
BlastUltimate2_0032_00_06,SupportCharacters[0].CostumeDamageLv,0
BlastUltimate2_0032_00_06,SupportCharacters[0].CostumeScratchLv,0
BlastUltimate2_0032_00_06,SupportCharacters[0].bIsSubCharacterCostume,false
BlastUltimate2_0032_00_06,SupportCharacters[0].bIsSubCharacterEquipItems,false
BlastUltimate2_0032_00_06,BlastUltimateParamData.Type,突進格闘
BlastUltimate2_0032_00_06,BlastUltimateParamData.bNonLockUsable,false
BlastUltimate2_0032_00_06,BlastUltimateParamData.MoveLimitTime,1
BlastUltimate2_0032_00_06,BlastUltimateParamData.MoveType,EBlastDashMoveType::ControllableTarget
BlastUltimate2_0032_00_06,BlastGroup,GR0032_20UB
BlastUltimate2_0032_00_07,LungeSpeed,11700
BlastUltimate2_0032_00_07,ExpendEnergy,50000
BlastUltimate2_0032_00_07,TriggerExpendEnergy,50000
BlastUltimate2_0032_00_07,bCanSpeedImpact,true
BlastUltimate2_0032_00_07,BlastUltimateParamData.Type,突進格闘
BlastUltimate2_0032_00_07,BlastUltimateParamData.bNonLockUsable,false
BlastUltimate2_0032_00_07,BlastUltimateParamData.MoveLimitTime,1
BlastUltimate2_0032_00_07,BlastGroup,GR0450_00UB
BlastSkill1_0032_01,ExpendEnergy,20000
BlastSkill1_0032_01,TriggerExpendEnergy,20000
BlastSkill1_0032_01,BlastSkillParamData.SuperZCounterType,EKoratSuperZCounterType::Erase
BlastSkill1_0032_01,BlastSkillParamData.bBackstepWhenNearMode,false
BlastSkill1_0032_01,BlastGroup,GR0032_00B1
BlastSkill2_0032_01,ExpendEnergy,30000
BlastSkill2_0032_01,TriggerExpendEnergy,30000
BlastSkill2_0032_01,bWeakSpecialShield,true
BlastSkill2_0032_01,BlastGroup,GR0002_31B2
BlastForte1_0032_01,BlastForteParamData.Type,爆破
BlastForte1_0032_01,BlastForteParamData.bInterruptibleExplosion,true
BlastForte1_0032_01,BlastForteParamData.bInterruptibleBarrier,true
BlastForte1_0032_01,BlastForteParamData.bTurnBeforeTransition,false
BlastForte2_0032_01,BlastForteParamData.Type,能力
BlastUltimate_0032_01,ExpendEnergy,50000
BlastUltimate_0032_01,TriggerExpendEnergy,50000
BlastUltimate_0032_01,bCanBlastImpact,true
BlastUltimate_0032_01,BlastImpactPower,9
BlastUltimate_0032_01,SupportCharacters[0].bInheritDamageModel,false
BlastUltimate_0032_01,SupportCharacters[0].bInheritEquipItems,false
BlastUltimate_0032_01,SupportCharacters[0].CostumeDamageLv,0
BlastUltimate_0032_01,SupportCharacters[0].CostumeScratchLv,0
BlastUltimate_0032_01,SupportCharacters[0].bIsSubCharacterCostume,true
BlastUltimate_0032_01,SupportCharacters[0].bIsSubCharacterEquipItems,true
BlastUltimate_0032_01,BranchSupportCharacters[0].BranchType,ESSBlastDemoBranchType::Team
BlastUltimate_0032_01,BranchSupportCharacters[0].ReplaceIndex,0
BlastUltimate_0032_01,BranchSupportCharacters[0].CharacterData.bInheritDamageModel,false
BlastUltimate_0032_01,BranchSupportCharacters[0].CharacterData.bInheritEquipItems,false
BlastUltimate_0032_01,BranchSupportCharacters[0].CharacterData.CostumeDamageLv,0
BlastUltimate_0032_01,BranchSupportCharacters[0].CharacterData.CostumeScratchLv,0
BlastUltimate_0032_01,BranchSupportCharacters[0].CharacterData.bIsSubCharacterCostume,false
BlastUltimate_0032_01,BranchSupportCharacters[0].CharacterData.bIsSubCharacterEquipItems,false
BlastUltimate_0032_01,BlastUltimateParamData.bMapChangeEscapeEvenet,true
BlastUltimate_0032_01,BlastUltimateParamData.bImpossibleGuard,true
BlastUltimate_0032_01,BlastUltimateParamData.BlastDemoBranchConditions[0].BranchType,ESSBlastDemoBranchType::None
BlastUltimate_0032_01,BlastUltimateParamData.BlastDemoBranchConditions[0].SortId,0
BlastUltimate_0032_01,BlastUltimateParamData.BlastDemoBranchConditions[0].bTrueIfAllApply,false
BlastUltimate_0032_01,BlastUltimateParamData.BlastDemoBranchConditions[0].MyselfRemainingHP,0
BlastUltimate_0032_01,BlastUltimateParamData.BlastDemoBranchConditions[0].ExParam,-1
BlastUltimate_0032_01,BlastUltimateParamData.BlastDemoBranchConditions[0].SpDerivationType,EBlastDemoSpDerivationType::Unspecified
BlastUltimate_0032_01,BlastUltimateParamData.BlastDemoBranchConditions[0].VictoryAppealWarpType,EVictoryAppealWarpType::MyselfSafeArea
BlastUltimate_0032_01,BlastGroup,GR0000_00B1
BlastUltimate2_0032_01_05,ExpendEnergy,50000
BlastUltimate2_0032_01_05,TriggerExpendEnergy,50000
BlastUltimate2_0032_01_05,bCanBlastImpact,true
BlastUltimate2_0032_01_05,BlastImpactPower,9
BlastUltimate2_0032_01_05,SupportCharacters[0].bInheritDamageModel,false
BlastUltimate2_0032_01_05,SupportCharacters[0].bInheritEquipItems,false
BlastUltimate2_0032_01_05,SupportCharacters[0].CostumeDamageLv,0
BlastUltimate2_0032_01_05,SupportCharacters[0].CostumeScratchLv,0
BlastUltimate2_0032_01_05,SupportCharacters[0].bIsSubCharacterCostume,true
BlastUltimate2_0032_01_05,SupportCharacters[0].bIsSubCharacterEquipItems,true
BlastUltimate2_0032_01_05,SupportCharacters[1].bInheritDamageModel,false
BlastUltimate2_0032_01_05,SupportCharacters[1].bInheritEquipItems,false
BlastUltimate2_0032_01_05,SupportCharacters[1].CostumeDamageLv,0
BlastUltimate2_0032_01_05,SupportCharacters[1].CostumeScratchLv,0
BlastUltimate2_0032_01_05,SupportCharacters[1].bIsSubCharacterCostume,false
BlastUltimate2_0032_01_05,SupportCharacters[1].bIsSubCharacterEquipItems,false
BlastUltimate2_0032_01_05,BlastUltimateParamData.bMapChangeEscapeEvenet,true
BlastUltimate2_0032_01_05,BlastUltimateParamData.bImpossibleGuard,true
BlastUltimate2_0032_01_05,BlastUltimateParamData.BlastDemoBranchConditions[0].BranchType,ESSBlastDemoBranchType::None
BlastUltimate2_0032_01_05,BlastUltimateParamData.BlastDemoBranchConditions[0].SortId,0
BlastUltimate2_0032_01_05,BlastUltimateParamData.BlastDemoBranchConditions[0].bTrueIfAllApply,false
BlastUltimate2_0032_01_05,BlastUltimateParamData.BlastDemoBranchConditions[0].MyselfRemainingHP,0
BlastUltimate2_0032_01_05,BlastUltimateParamData.BlastDemoBranchConditions[0].ExParam,-1
BlastUltimate2_0032_01_05,BlastUltimateParamData.BlastDemoBranchConditions[0].SpDerivationType,EBlastDemoSpDerivationType::Unspecified
BlastUltimate2_0032_01_05,BlastUltimateParamData.BlastDemoBranchConditions[0].VictoryAppealWarpType,EVictoryAppealWarpType::MyselfSafeArea
BlastUltimate2_0032_01_05,BlastGroup,GR0000_00B1
BlastSkill1_0032_02,ExpendEnergy,20000
BlastSkill1_0032_02,TriggerExpendEnergy,20000
BlastSkill1_0032_02,BlastSkillParamData.SuperZCounterType,EKoratSuperZCounterType::Erase
BlastSkill1_0032_02,BlastSkillParamData.bBackstepWhenNearMode,false
BlastSkill1_0032_02,BlastGroup,GR0032_02B1
BlastSkill2_0032_02,LungeSpeed,8750
BlastSkill2_0032_02,ExpendEnergy,30000
BlastSkill2_0032_02,TriggerExpendEnergy,15000
BlastSkill2_0032_02,bCanSpeedImpact,true
BlastSkill2_0032_02,BlastSkillParamData.Type,突進格闘
BlastSkill2_0032_02,BlastSkillParamData.bNonLockUsable,false
BlastSkill2_0032_02,BlastSkillParamData.MoveLimitTime,2
BlastSkill2_0032_02,BlastSkillParamData.MoveType,EBlastDashMoveType::ControllableTarget
BlastSkill2_0032_02,BlastGroup,GR0032_02B2
BlastForte1_0032_02,BlastForteParamData.Type,爆破
BlastForte1_0032_02,BlastForteParamData.bInterruptibleExplosion,true
BlastForte1_0032_02,BlastForteParamData.bInterruptibleBarrier,true
BlastForte1_0032_02,BlastForteParamData.bTurnBeforeTransition,false
BlastForte2_0032_02,ExpendBlastStock,4
BlastForte2_0032_02,TriggerExpendBlastStock,4
BlastForte2_0032_02,BlastForteParamData.Type,特殊
BlastForte2_0032_02,BlastForteParamData.bNoAutoGuard,true
BlastUltimate_0032_02,ExpendEnergy,50000
BlastUltimate_0032_02,TriggerExpendEnergy,50000
BlastUltimate_0032_02,bCanBlastImpact,true
BlastUltimate_0032_02,BlastImpactPower,9
BlastUltimate_0032_02,BlastUltimateParamData.bMapChangeEscapeEvenet,true
BlastUltimate_0032_02,BlastUltimateParamData.bMapChangeDestruct,true
BlastUltimate_0032_02,BlastGroup,GR0000_00B1
BlastSkill1_0032_10,ExpendEnergy,40000
BlastSkill1_0032_10,TriggerExpendEnergy,40000
BlastSkill1_0032_10,BlastSkillParamData.bMapChangeEscapeEvenet,true
BlastSkill1_0032_10,BlastSkillParamData.bKamehameHa,false
BlastSkill1_0032_10,BlastSkillParamData.SureToHitRange,500
BlastSkill1_0032_10,BlastSkillParamData.bBackstepWhenNearMode,false
BlastSkill1_0032_10,BlastSkillParamData.bTurnBeforeTransition,false
BlastSkill1_0032_10,BlastGroup,GR0032_10B1
BlastSkill2_0032_10,LungeSpeed,8750
BlastSkill2_0032_10,ExpendEnergy,30000
BlastSkill2_0032_10,TriggerExpendEnergy,15000
BlastSkill2_0032_10,bCanSpeedImpact,true
BlastSkill2_0032_10,BlastSkillParamData.Type,突進格闘
BlastSkill2_0032_10,BlastSkillParamData.bKamehameHa,false
BlastSkill2_0032_10,BlastSkillParamData.bNonLockUsable,false
BlastSkill2_0032_10,BlastSkillParamData.MoveLimitTime,2
BlastSkill2_0032_10,BlastSkillParamData.MoveType,EBlastDashMoveType::ControllableTarget
BlastSkill2_0032_10,BlastGroup,GR0032_10B2
BlastForte1_0032_10,BlastForteParamData.Type,能力
BlastForte2_0032_10,BlastForteParamData.Type,能力
BlastUltimate_0032_10,LungeSpeed,11700
BlastUltimate_0032_10,ExpendEnergy,50000
BlastUltimate_0032_10,TriggerExpendEnergy,50000
BlastUltimate_0032_10,bCanSpeedImpact,true
BlastUltimate_0032_10,SupportCharacters[0].bInheritDamageModel,false
BlastUltimate_0032_10,SupportCharacters[0].bInheritEquipItems,false
BlastUltimate_0032_10,SupportCharacters[0].CostumeDamageLv,0
BlastUltimate_0032_10,SupportCharacters[0].CostumeScratchLv,0
BlastUltimate_0032_10,SupportCharacters[0].bIsSubCharacterCostume,true
BlastUltimate_0032_10,SupportCharacters[0].bIsSubCharacterEquipItems,true
BlastUltimate_0032_10,BlastUltimateParamData.Type,突進格闘
BlastUltimate_0032_10,BlastUltimateParamData.bNonLockUsable,false
BlastUltimate_0032_10,BlastUltimateParamData.MoveLimitTime,1
BlastUltimate_0032_10,BlastGroup,GR0032_10UB
BlastSkill1_0032_20,ExpendEnergy,30000
BlastSkill1_0032_20,TriggerExpendEnergy,30000
BlastSkill1_0032_20,bCanBlastImpact,true
BlastSkill1_0032_20,BlastImpactPower,5
BlastSkill1_0032_20,bWeakSpecialShield,true
BlastSkill1_0032_20,BlastSkillParamData.bMapChangeEscapeEvenet,true
BlastSkill1_0032_20,BlastSkillParamData.bMapChangeDestruct,true
BlastSkill1_0032_20,BlastSkillParamData.SuperZCounterType,EKoratSuperZCounterType::Repel
BlastSkill1_0032_20,BlastSkillParamData.bTurnCGSection,true
BlastSkill1_0032_20,BlastGroup,GR0000_00B1
BlastSkill2_0032_20,LungeSpeed,8750
BlastSkill2_0032_20,ExpendEnergy,30000
BlastSkill2_0032_20,TriggerExpendEnergy,15000
BlastSkill2_0032_20,bCanSpeedImpact,true
BlastSkill2_0032_20,BlastSkillParamData.Type,突進格闘
BlastSkill2_0032_20,BlastSkillParamData.bKamehameHa,false
BlastSkill2_0032_20,BlastSkillParamData.bNonLockUsable,false
BlastSkill2_0032_20,BlastSkillParamData.MoveLimitTime,2
BlastSkill2_0032_20,BlastSkillParamData.MoveType,EBlastDashMoveType::ControllableTarget
BlastSkill2_0032_20,BlastGroup,GR0032_20B2
BlastForte1_0032_20,BlastForteParamData.Type,残像拳
BlastForte1_0032_20,BlastForteParamData.bNoHitCheckCombatives,true
BlastForte2_0032_20,ExpendBlastStock,4
BlastForte2_0032_20,TriggerExpendBlastStock,4
BlastForte2_0032_20,BlastForteParamData.Type,特殊
BlastForte2_0032_20,BlastForteParamData.bNoAutoGuard,true
BlastUltimate_0032_20,LungeSpeed,11700
BlastUltimate_0032_20,ExpendEnergy,50000
BlastUltimate_0032_20,TriggerExpendEnergy,50000
BlastUltimate_0032_20,bCanSpeedImpact,true
BlastUltimate_0032_20,BlastUltimateParamData.Type,突進格闘
BlastUltimate_0032_20,BlastUltimateParamData.bNonLockUsable,false
BlastUltimate_0032_20,BlastUltimateParamData.MoveLimitTime,1
BlastUltimate_0032_20,BlastGroup,GR0032_20UB
BlastSkill1_0032_30,ExpendEnergy,30000
BlastSkill1_0032_30,TriggerExpendEnergy,30000
BlastSkill1_0032_30,bCanBlastImpact,true
BlastSkill1_0032_30,BlastImpactPower,5
BlastSkill1_0032_30,bWeakSpecialShield,true
BlastSkill1_0032_30,BlastSkillParamData.SuperZCounterType,EKoratSuperZCounterType::Repel
BlastSkill1_0032_30,BlastGroup,GR0030_00B1
BlastSkill2_0032_30,ExpendEnergy,40000
BlastSkill2_0032_30,TriggerExpendEnergy,40000
BlastSkill2_0032_30,BlastSkillParamData.bMapChangeEscapeEvenet,true
BlastSkill2_0032_30,BlastSkillParamData.bKamehameHa,false
BlastSkill2_0032_30,BlastSkillParamData.SureToHitRange,500
BlastSkill2_0032_30,BlastSkillParamData.bBackstepWhenNearMode,false
BlastSkill2_0032_30,BlastSkillParamData.bTurnBeforeTransition,false
BlastSkill2_0032_30,BlastGroup,GR0032_30B2
BlastForte1_0032_30,BlastForteParamData.Type,残像拳
BlastForte1_0032_30,BlastForteParamData.bNoHitCheckCombatives,true
BlastForte2_0032_30,BlastForteParamData.Type,能力
BlastUltimate_0032_30,ExpendEnergy,50000
BlastUltimate_0032_30,TriggerExpendEnergy,50000
BlastUltimate_0032_30,bCanBlastImpact,true
BlastUltimate_0032_30,BlastImpactPower,9
BlastUltimate_0032_30,BlastUltimateParamData.bMapChangeEscapeEvenet,true
BlastUltimate_0032_30,BlastGroup,GR0000_00B1
BlastSkill1_0032_31,ExpendEnergy,30000
BlastSkill1_0032_31,TriggerExpendEnergy,30000
BlastSkill1_0032_31,MaxChargeDamageRate,1.7
BlastSkill1_0032_31,bCanBlastImpact,true
BlastSkill1_0032_31,BlastImpactPower,5
BlastSkill1_0032_31,bWeakSpecialShield,true
BlastSkill1_0032_31,BlastSkillParamData.bKamehameHa,false
BlastSkill1_0032_31,BlastSkillParamData.SuperZCounterType,EKoratSuperZCounterType::Repel
BlastSkill1_0032_31,BlastGroup,GR0032_31B1
BlastSkill2_0032_31,ExpendEnergy,30000
BlastSkill2_0032_31,TriggerExpendEnergy,30000
BlastSkill2_0032_31,BlastSkillParamData.bMapChangeEscapeEvenet,true
BlastSkill2_0032_31,BlastSkillParamData.bTurnCGSection,true
BlastSkill2_0032_31,BlastGroup,GR0032_31B2
BlastForte1_0032_31,ExpendBlastStock,3
BlastForte1_0032_31,TriggerExpendBlastStock,3
BlastForte1_0032_31,BlastForteParamData.Type,残像拳
BlastForte1_0032_31,BlastForteParamData.bInterruptibleExplosion,true
BlastForte1_0032_31,BlastForteParamData.bInterruptibleBarrier,true
BlastForte1_0032_31,BlastForteParamData.bTurnBeforeTransition,false
BlastForte2_0032_31,ExpendBlastStock,4
BlastForte2_0032_31,TriggerExpendBlastStock,4
BlastForte2_0032_31,BlastForteParamData.Type,特殊
BlastForte2_0032_31,BlastForteParamData.bNoAutoGuard,true
BlastUltimate_0032_31,LungeSpeed,11700
BlastUltimate_0032_31,ExpendEnergy,50000
BlastUltimate_0032_31,TriggerExpendEnergy,50000
BlastUltimate_0032_31,bCanSpeedImpact,true
BlastUltimate_0032_31,BlastUltimateParamData.Type,突進格闘
BlastUltimate_0032_31,BlastUltimateParamData.bMapChangeEscapeEvenet,true
BlastUltimate_0032_31,BlastUltimateParamData.bNonLockUsable,false
BlastUltimate_0032_31,BlastUltimateParamData.MoveLimitTime,1
BlastUltimate_0032_31,BlastGroup,GR0032_31UB
BlastSkill1_0040_00,ExpendEnergy,20000
BlastSkill1_0040_00,TriggerExpendEnergy,20000
BlastSkill1_0040_00,BlastSkillParamData.bMapChangeEscapeEvenet,true
BlastSkill1_0040_00,BlastSkillParamData.SuperZCounterType,EKoratSuperZCounterType::Erase
BlastSkill1_0040_00,BlastSkillParamData.bBackstepWhenNearMode,false
BlastSkill1_0040_00,BlastGroup,GR0040_00B1
BlastSkill2_0040_00,LungeSpeed,8750
BlastSkill2_0040_00,ExpendEnergy,30000
BlastSkill2_0040_00,TriggerExpendEnergy,15000
BlastSkill2_0040_00,bCanSpeedImpact,true
BlastSkill2_0040_00,BlastSkillParamData.Type,突進格闘
BlastSkill2_0040_00,BlastSkillParamData.bMapChangeEscapeEvenet,true
BlastSkill2_0040_00,BlastSkillParamData.bNonLockUsable,false
BlastSkill2_0040_00,BlastSkillParamData.MoveLimitTime,2
BlastSkill2_0040_00,BlastSkillParamData.MoveType,EBlastDashMoveType::ControllableTarget
BlastSkill2_0040_00,BlastGroup,GR0040_00B2
BlastForte1_0040_00,BlastForteParamData.Type,拘束
BlastForte1_0040_00,BlastForteParamData.bIsImpossileGuard,true
BlastForte1_0040_00,BlastForteParamData.bNoAutoGuard,true
BlastForte2_0040_00,ExpendBlastStock,4
BlastForte2_0040_00,TriggerExpendBlastStock,4
BlastForte2_0040_00,BlastForteParamData.Type,特殊
BlastForte2_0040_00,BlastForteParamData.bNoAutoGuard,true
BlastUltimate_0040_00,ExpendEnergy,50000
BlastUltimate_0040_00,TriggerExpendEnergy,50000
BlastUltimate_0040_00,BlastGroup,GR0032_31B2
BlastUltimate2_0040_00_03,LungeSpeed,8750
BlastUltimate2_0040_00_03,ExpendEnergy,50000
BlastUltimate2_0040_00_03,TriggerExpendEnergy,50000
BlastUltimate2_0040_00_03,bCanSpeedImpact,true
BlastUltimate2_0040_00_03,BlastUltimateParamData.Type,突進格闘
BlastUltimate2_0040_00_03,BlastUltimateParamData.bNonLockUsable,false
BlastUltimate2_0040_00_03,BlastUltimateParamData.MoveLimitTime,2
BlastUltimate2_0040_00_03,BlastUltimateParamData.MoveType,EBlastDashMoveType::ControllableTarget
BlastUltimate2_0040_00_03,BlastGroup,GR0450_00UB
BlastSkill1_0040_10,ExpendEnergy,30000
BlastSkill1_0040_10,TriggerExpendEnergy,30000
BlastSkill1_0040_10,MaxChargeDamageRate,1.8
BlastSkill1_0040_10,bWeakSpecialShield,true
BlastSkill1_0040_10,BlastSkillParamData.bTurnCGSection,true
BlastSkill1_0040_10,BlastGroup,GR0032_31B2
BlastSkill2_0040_10,ExpendEnergy,30000
BlastSkill2_0040_10,TriggerExpendEnergy,30000
BlastSkill2_0040_10,bCanBlastImpact,true
BlastSkill2_0040_10,BlastImpactPower,5
BlastSkill2_0040_10,bWeakSpecialShield,true
BlastSkill2_0040_10,BlastSkillParamData.bKamehameHa,false
BlastSkill2_0040_10,BlastSkillParamData.SuperZCounterType,EKoratSuperZCounterType::Repel
BlastSkill2_0040_10,BlastGroup,GR0040_10B2
BlastForte1_0040_10,BlastForteParamData.Type,残像拳
BlastForte1_0040_10,BlastForteParamData.bNoHitCheckCombatives,true
BlastForte2_0040_10,BlastForteParamData.Type,能力
BlastUltimate_0040_10,ExpendEnergy,50000
BlastUltimate_0040_10,TriggerExpendEnergy,50000
BlastUltimate_0040_10,BlastGroup,GR0040_10UB
BlastUltimate2_0040_10_03,LungeSpeed,8750
BlastUltimate2_0040_10_03,ExpendEnergy,50000
BlastUltimate2_0040_10_03,TriggerExpendEnergy,50000
BlastUltimate2_0040_10_03,bCanSpeedImpact,true
BlastUltimate2_0040_10_03,SupportCharacters[0].bInheritDamageModel,false
BlastUltimate2_0040_10_03,SupportCharacters[0].bInheritEquipItems,false
BlastUltimate2_0040_10_03,SupportCharacters[0].CostumeDamageLv,0
BlastUltimate2_0040_10_03,SupportCharacters[0].CostumeScratchLv,0
BlastUltimate2_0040_10_03,SupportCharacters[0].bIsSubCharacterCostume,true
BlastUltimate2_0040_10_03,SupportCharacters[0].bIsSubCharacterEquipItems,true
BlastUltimate2_0040_10_03,BlastUltimateParamData.Type,突進格闘
BlastUltimate2_0040_10_03,BlastUltimateParamData.bNonLockUsable,false
BlastUltimate2_0040_10_03,BlastGroup,GR0040_10UB
BlastSkill1_0040_20,ExpendEnergy,30000
BlastSkill1_0040_20,TriggerExpendEnergy,30000
BlastSkill1_0040_20,bCanBlastImpact,true
BlastSkill1_0040_20,BlastImpactPower,5
BlastSkill1_0040_20,bWeakSpecialShield,true
BlastSkill1_0040_20,BlastSkillParamData.bKamehameHa,false
BlastSkill1_0040_20,BlastSkillParamData.SuperZCounterType,EKoratSuperZCounterType::Repel
BlastSkill1_0040_20,BlastGroup,GR0040_20B1
BlastSkill2_0040_20,ExpendEnergy,40000
BlastSkill2_0040_20,TriggerExpendEnergy,40000
BlastSkill2_0040_20,BlastSkillParamData.bMapChangeEscapeEvenet,true
BlastSkill2_0040_20,BlastSkillParamData.bKamehameHa,false
BlastSkill2_0040_20,BlastSkillParamData.SureToHitRange,500
BlastSkill2_0040_20,BlastSkillParamData.bBackstepWhenNearMode,false
BlastSkill2_0040_20,BlastSkillParamData.bTurnBeforeTransition,false
BlastSkill2_0040_20,BlastGroup,GR0032_30B2
BlastForte1_0040_20,BlastForteParamData.Type,能力
BlastForte2_0040_20,ExpendBlastStock,4
BlastForte2_0040_20,TriggerExpendBlastStock,4
BlastForte2_0040_20,BlastForteParamData.Type,特殊
BlastForte2_0040_20,BlastForteParamData.bNoAutoGuard,true
BlastUltimate_0040_20,LungeSpeed,8750
BlastUltimate_0040_20,ExpendEnergy,50000
BlastUltimate_0040_20,TriggerExpendEnergy,50000
BlastUltimate_0040_20,bCanSpeedImpact,true
BlastUltimate_0040_20,BlastUltimateParamData.Type,突進格闘
BlastUltimate_0040_20,BlastUltimateParamData.bNonLockUsable,false
BlastUltimate_0040_20,BlastUltimateParamData.MoveLimitTime,2
BlastUltimate_0040_20,BlastUltimateParamData.MoveType,EBlastDashMoveType::ControllableTarget
BlastUltimate_0040_20,BlastGroup,GR0040_20UB
BlastSkill1_0050_00,ExpendEnergy,30000
BlastSkill1_0050_00,TriggerExpendEnergy,30000
BlastSkill1_0050_00,bCanBlastImpact,true
BlastSkill1_0050_00,BlastImpactPower,5
BlastSkill1_0050_00,bWeakSpecialShield,true
BlastSkill1_0050_00,BlastSkillParamData.bMapChangeEscapeEvenet,true
BlastSkill1_0050_00,BlastSkillParamData.SuperZCounterType,EKoratSuperZCounterType::Repel
BlastSkill1_0050_00,BlastSkillParamData.bTurnCGSection,true
BlastSkill1_0050_00,BlastGroup,GR0000_00B1
BlastSkill2_0050_00,ExpendEnergy,30000
BlastSkill2_0050_00,TriggerExpendEnergy,30000
BlastSkill2_0050_00,bWeakSpecialShield,true
BlastSkill2_0050_00,BlastSkillParamData.Type,特殊
BlastSkill2_0050_00,BlastSkillParamData.TransitionConditionFinishedBulletCount,6
BlastSkill2_0050_00,BlastGroup,GR0050_00B2
BlastForte1_0050_00,BlastForteParamData.bIsImpossileGuard,true
BlastForte1_0050_00,BlastForteParamData.bNoAutoGuard,true
BlastForte2_0050_00,ExpendBlastStock,3
BlastForte2_0050_00,TriggerExpendBlastStock,3
BlastForte2_0050_00,BlastForteParamData.Type,残像拳
BlastUltimate_0050_00,ExpendEnergy,50000
BlastUltimate_0050_00,TriggerExpendEnergy,50000
BlastUltimate_0050_00,BlastUltimateParamData.TransitionConditionHitBulletCount,4
BlastUltimate_0050_00,BlastUltimateParamData.TransitionConditionFinishedBulletCount,4
BlastUltimate_0050_00,BlastUltimateParamData.bMapChangeEscapeEvenet,true
BlastUltimate_0050_00,BlastUltimateParamData.bImpossibleGuard,true
BlastUltimate_0050_00,BlastUltimateParamData.bKamehameHa,false
BlastUltimate_0050_00,BlastGroup,GR0050_00UB
BlastUltimate2_0050_00_06,LungeSpeed,8750
BlastUltimate2_0050_00_06,ExpendEnergy,50000
BlastUltimate2_0050_00_06,TriggerExpendEnergy,50000
BlastUltimate2_0050_00_06,bCanSpeedImpact,true
BlastUltimate2_0050_00_06,SupportCharacters[0].bInheritDamageModel,false
BlastUltimate2_0050_00_06,SupportCharacters[0].bInheritEquipItems,false
BlastUltimate2_0050_00_06,SupportCharacters[0].CostumeDamageLv,0
BlastUltimate2_0050_00_06,SupportCharacters[0].CostumeScratchLv,0
BlastUltimate2_0050_00_06,SupportCharacters[0].bIsSubCharacterCostume,true
BlastUltimate2_0050_00_06,SupportCharacters[0].bIsSubCharacterEquipItems,true
BlastUltimate2_0050_00_06,BlastUltimateParamData.Type,突進格闘
BlastUltimate2_0050_00_06,BlastUltimateParamData.bNonLockUsable,false
BlastUltimate2_0050_00_06,BlastUltimateParamData.MoveLimitTime,2
BlastUltimate2_0050_00_06,BlastUltimateParamData.MoveType,EBlastDashMoveType::ControllableTarget
BlastUltimate2_0050_00_06,BlastGroup,GR0450_00UB
BlastSkill1_0060_00,ExpendEnergy,30000
BlastSkill1_0060_00,TriggerExpendEnergy,30000
BlastSkill1_0060_00,bCanBlastImpact,true
BlastSkill1_0060_00,BlastImpactPower,5
BlastSkill1_0060_00,bWeakSpecialShield,true
BlastSkill1_0060_00,BlastSkillParamData.bMapChangeEscapeEvenet,true
BlastSkill1_0060_00,BlastSkillParamData.SuperZCounterType,EKoratSuperZCounterType::Repel
BlastSkill1_0060_00,BlastSkillParamData.bTurnCGSection,true
BlastSkill1_0060_00,BlastGroup,GR0000_00B1
BlastSkill2_0060_00,LungeSpeed,11700
BlastSkill2_0060_00,ExpendEnergy,30000
BlastSkill2_0060_00,TriggerExpendEnergy,15000
BlastSkill2_0060_00,bCanSpeedImpact,true
BlastSkill2_0060_00,SupportCharacters[0].bInheritDamageModel,false
BlastSkill2_0060_00,SupportCharacters[0].bInheritEquipItems,false
BlastSkill2_0060_00,SupportCharacters[0].CostumeDamageLv,0
BlastSkill2_0060_00,SupportCharacters[0].CostumeScratchLv,0
BlastSkill2_0060_00,SupportCharacters[0].bIsSubCharacterCostume,false
BlastSkill2_0060_00,SupportCharacters[0].bIsSubCharacterEquipItems,false
BlastSkill2_0060_00,BlastSkillParamData.Type,突進格闘
BlastSkill2_0060_00,BlastSkillParamData.bNonLockUsable,false
BlastSkill2_0060_00,BlastSkillParamData.MoveLimitTime,1
BlastSkill2_0060_00,BlastGroup,GR0060_00B2
BlastForte1_0060_00,BlastForteParamData.Type,残像拳
BlastForte2_0060_00,ExpendBlastStock,4
BlastForte2_0060_00,TriggerExpendBlastStock,4
BlastForte2_0060_00,BlastForteParamData.Type,特殊
BlastForte2_0060_00,BlastForteParamData.bNoAutoGuard,true
BlastUltimate_0060_00,ExpendEnergy,50000
BlastUltimate_0060_00,TriggerExpendEnergy,50000
BlastUltimate_0060_00,BlastUltimateParamData.bKamehameHa,false
BlastUltimate_0060_00,BlastGroup,GR0060_00UB
BlastSkill1_0070_00,ExpendEnergy,20000
BlastSkill1_0070_00,TriggerExpendEnergy,20000
BlastSkill1_0070_00,bWeakSpecialShield,true
BlastSkill1_0070_00,BlastSkillParamData.bMapChangeEscapeEvenet,true
BlastSkill1_0070_00,BlastGroup,GR0070_00B1
BlastSkill2_0070_00,ExpendEnergy,30000
BlastSkill2_0070_00,TriggerExpendEnergy,30000
BlastSkill2_0070_00,bWeakSpecialShield,true
BlastSkill2_0070_00,BlastSkillParamData.bEnableSteel,false
BlastSkill2_0070_00,BlastSkillParamData.SuperZCounterType,EKoratSuperZCounterType::Erase
BlastSkill2_0070_00,BlastGroup,GR0070_00B2
BlastForte1_0070_00,BlastForteParamData.bIsImpossileGuard,true
BlastForte1_0070_00,BlastForteParamData.bNoAutoGuard,true
BlastForte2_0070_00,BlastForteParamData.Type,残像拳
BlastUltimate_0070_00,bGaveAfterStateToBlowFalling,true
BlastUltimate_0070_00,bGaveAfterStateToBlowFallingAlsoSIOT,true
BlastUltimate_0070_00,ExpendEnergy,50000
BlastUltimate_0070_00,TriggerExpendEnergy,50000
BlastUltimate_0070_00,BlastUltimateParamData.bEnableSteel,false
BlastUltimate_0070_00,ConsecutiveInputMaxNum,9
BlastUltimate_0070_00,BlastGroup,GR0070_00UB
BlastSkill1_0080_00,ExpendEnergy,30000
BlastSkill1_0080_00,TriggerExpendEnergy,30000
BlastSkill1_0080_00,bCanBlastImpact,true
BlastSkill1_0080_00,BlastImpactPower,5
BlastSkill1_0080_00,bWeakSpecialShield,true
BlastSkill1_0080_00,BlastSkillParamData.bMapChangeEscapeEvenet,true
BlastSkill1_0080_00,BlastSkillParamData.bKamehameHa,false
BlastSkill1_0080_00,BlastSkillParamData.SuperZCounterType,EKoratSuperZCounterType::Repel
BlastSkill1_0080_00,BlastGroup,GR0080_00B1
BlastSkill2_0080_00,ExpendEnergy,30000
BlastSkill2_0080_00,TriggerExpendEnergy,30000
BlastSkill2_0080_00,bWeakSpecialShield,true
BlastSkill2_0080_00,BlastGroup,GR0080_00B2
BlastForte1_0080_00,BlastForteParamData.Type,残像拳
BlastForte2_0080_00,ExpendBlastStock,4
BlastForte2_0080_00,TriggerExpendBlastStock,4
BlastForte2_0080_00,BlastForteParamData.Type,特殊
BlastForte2_0080_00,BlastForteParamData.bNoAutoGuard,true
BlastUltimate_0080_00,ExpendEnergy,50000
BlastUltimate_0080_00,TriggerExpendEnergy,50000
BlastUltimate_0080_00,BlastUltimateParamData.bImpossibleGuard,true
BlastUltimate_0080_00,BlastUltimateParamData.bKamehameHa,false
BlastUltimate_0080_00,BlastGroup,GR0080_00UB
BlastSkill1_0080_01,ExpendEnergy,30000
BlastSkill1_0080_01,TriggerExpendEnergy,30000
BlastSkill1_0080_01,bCanBlastImpact,true
BlastSkill1_0080_01,BlastImpactPower,5
BlastSkill1_0080_01,bWeakSpecialShield,true
BlastSkill1_0080_01,BlastSkillParamData.bMapChangeEscapeEvenet,true
BlastSkill1_0080_01,BlastSkillParamData.bKamehameHa,false
BlastSkill1_0080_01,BlastSkillParamData.SuperZCounterType,EKoratSuperZCounterType::Repel
BlastSkill1_0080_01,BlastGroup,GR0080_01B1
BlastSkill2_0080_01,ExpendEnergy,30000
BlastSkill2_0080_01,TriggerExpendEnergy,30000
BlastSkill2_0080_01,bWeakSpecialShield,true
BlastSkill2_0080_01,BlastGroup,GR0080_00B2
BlastForte1_0080_01,BlastForteParamData.Type,爆破
BlastForte1_0080_01,BlastForteParamData.bInterruptibleExplosion,true
BlastForte1_0080_01,BlastForteParamData.bInterruptibleBarrier,true
BlastForte1_0080_01,BlastForteParamData.bTurnBeforeTransition,false
BlastForte2_0080_01,ExpendBlastStock,4
BlastForte2_0080_01,TriggerExpendBlastStock,4
BlastForte2_0080_01,BlastForteParamData.Type,特殊
BlastForte2_0080_01,BlastForteParamData.bNoAutoGuard,true
BlastUltimate_0080_01,LungeSpeed,11700
BlastUltimate_0080_01,ExpendEnergy,50000
BlastUltimate_0080_01,TriggerExpendEnergy,50000
BlastUltimate_0080_01,bCanSpeedImpact,true
BlastUltimate_0080_01,BlastUltimateParamData.Type,突進格闘
BlastUltimate_0080_01,BlastUltimateParamData.bNonLockUsable,false
BlastUltimate_0080_01,BlastUltimateParamData.MoveLimitTime,1
BlastUltimate_0080_01,BlastGroup,GR0080_01UB
BlastSkill1_0080_10,ExpendEnergy,30000
BlastSkill1_0080_10,TriggerExpendEnergy,30000
BlastSkill1_0080_10,bCanBlastImpact,true
BlastSkill1_0080_10,BlastImpactPower,5
BlastSkill1_0080_10,bWeakSpecialShield,true
BlastSkill1_0080_10,BlastSkillParamData.bMapChangeEscapeEvenet,true
BlastSkill1_0080_10,BlastSkillParamData.bKamehameHa,false
BlastSkill1_0080_10,BlastSkillParamData.SuperZCounterType,EKoratSuperZCounterType::Repel
BlastSkill1_0080_10,BlastGroup,GR0080_01B1
BlastSkill2_0080_10,LungeSpeed,10000
BlastSkill2_0080_10,ExpendEnergy,30000
BlastSkill2_0080_10,TriggerExpendEnergy,15000
BlastSkill2_0080_10,bCanSpeedImpact,true
BlastSkill2_0080_10,BlastSkillParamData.Type,突進格闘
BlastSkill2_0080_10,BlastSkillParamData.bNonLockUsable,false
BlastSkill2_0080_10,BlastSkillParamData.MoveLimitTime,1.5
BlastSkill2_0080_10,BlastSkillParamData.MoveType,EBlastDashMoveType::ControllableTarget
BlastSkill2_0080_10,BlastGroup,GR0080_10B2
BlastForte1_0080_10,BlastForteParamData.Type,爆破
BlastForte1_0080_10,BlastForteParamData.bInterruptibleExplosion,true
BlastForte1_0080_10,BlastForteParamData.bInterruptibleBarrier,true
BlastForte1_0080_10,BlastForteParamData.bTurnBeforeTransition,false
BlastForte2_0080_10,BlastForteParamData.Type,残像拳
BlastForte2_0080_10,BlastForteParamData.bNoHitCheckCombatives,true
BlastUltimate_0080_10,ExpendEnergy,50000
BlastUltimate_0080_10,TriggerExpendEnergy,50000
BlastUltimate_0080_10,bCanBlastImpact,true
BlastUltimate_0080_10,BlastImpactPower,8
BlastUltimate_0080_10,BlastUltimateParamData.bMapChangeEscapeEvenet,true
BlastUltimate_0080_10,BlastGroup,GR0082_00UB
BlastSkill1_0080_11,ExpendEnergy,30000
BlastSkill1_0080_11,TriggerExpendEnergy,30000
BlastSkill1_0080_11,bCanBlastImpact,true
BlastSkill1_0080_11,BlastImpactPower,5
BlastSkill1_0080_11,bWeakSpecialShield,true
BlastSkill1_0080_11,BlastSkillParamData.bMapChangeEscapeEvenet,true
BlastSkill1_0080_11,BlastSkillParamData.bKamehameHa,false
BlastSkill1_0080_11,BlastSkillParamData.SuperZCounterType,EKoratSuperZCounterType::Repel
BlastSkill1_0080_11,BlastGroup,GR0080_01B1
BlastSkill2_0080_11,LungeSpeed,8750
BlastSkill2_0080_11,ExpendEnergy,30000
BlastSkill2_0080_11,TriggerExpendEnergy,15000
BlastSkill2_0080_11,bCanSpeedImpact,true
BlastSkill2_0080_11,BlastSkillParamData.Type,突進格闘
BlastSkill2_0080_11,BlastSkillParamData.bNonLockUsable,false
BlastSkill2_0080_11,BlastSkillParamData.MoveLimitTime,2
BlastSkill2_0080_11,BlastSkillParamData.MoveType,EBlastDashMoveType::ControllableTarget
BlastSkill2_0080_11,BlastGroup,GR0080_11B2
BlastForte1_0080_11,BlastForteParamData.Type,爆破
BlastForte1_0080_11,BlastForteParamData.bInterruptibleExplosion,true
BlastForte1_0080_11,BlastForteParamData.bInterruptibleBarrier,true
BlastForte1_0080_11,BlastForteParamData.bTurnBeforeTransition,false
BlastForte2_0080_11,BlastForteParamData.Type,能力
BlastUltimate_0080_11,LungeSpeed,11700
BlastUltimate_0080_11,ExpendEnergy,50000
BlastUltimate_0080_11,TriggerExpendEnergy,50000
BlastUltimate_0080_11,bCanSpeedImpact,true
BlastUltimate_0080_11,BlastUltimateParamData.Type,突進格闘
BlastUltimate_0080_11,BlastUltimateParamData.bNonLockUsable,false
BlastUltimate_0080_11,BlastUltimateParamData.MoveLimitTime,1
BlastUltimate_0080_11,BlastGroup,GR0080_11UB
BlastSkill1_0080_30,ExpendEnergy,30000
BlastSkill1_0080_30,TriggerExpendEnergy,30000
BlastSkill1_0080_30,bCanBlastImpact,true
BlastSkill1_0080_30,BlastImpactPower,5
BlastSkill1_0080_30,bWeakSpecialShield,true
BlastSkill1_0080_30,BlastSkillParamData.SuperZCounterType,EKoratSuperZCounterType::Repel
BlastSkill1_0080_30,BlastSkillParamData.bTurnCGSection,true
BlastSkill1_0080_30,BlastGroup,GR0030_00B1
BlastSkill2_0080_30,ExpendEnergy,30000
BlastSkill2_0080_30,TriggerExpendEnergy,30000
BlastSkill2_0080_30,BlastSkillParamData.bImpossibleGuard,true
BlastSkill2_0080_30,BlastSkillParamData.bKamehameHa,false
BlastSkill2_0080_30,BlastGroup,GR0080_30B2
BlastForte1_0080_30,BlastForteParamData.bIsImpossileGuard,true
BlastForte1_0080_30,BlastForteParamData.bNoAutoGuard,true
BlastForte2_0080_30,BlastForteParamData.Type,残像拳
BlastUltimate_0080_30,LungeSpeed,11700
BlastUltimate_0080_30,ExpendEnergy,50000
BlastUltimate_0080_30,TriggerExpendEnergy,50000
BlastUltimate_0080_30,bCanSpeedImpact,true
BlastUltimate_0080_30,BlastUltimateParamData.Type,突進格闘
BlastUltimate_0080_30,BlastUltimateParamData.bNonLockUsable,false
BlastUltimate_0080_30,BlastUltimateParamData.MoveLimitTime,1
BlastUltimate_0080_30,BlastGroup,GR0080_30UB
BlastSkill1_0080_31,ExpendEnergy,30000
BlastSkill1_0080_31,TriggerExpendEnergy,30000
BlastSkill1_0080_31,bCanBlastImpact,true
BlastSkill1_0080_31,BlastImpactPower,5
BlastSkill1_0080_31,bWeakSpecialShield,true
BlastSkill1_0080_31,BlastSkillParamData.bMapChangeEscapeEvenet,true
BlastSkill1_0080_31,BlastSkillParamData.SuperZCounterType,EKoratSuperZCounterType::Repel
BlastSkill1_0080_31,BlastGroup,GR0020_00B1
BlastSkill2_0080_31,ExpendEnergy,40000
BlastSkill2_0080_31,TriggerExpendEnergy,40000
BlastSkill2_0080_31,bCanBlastImpact,true
BlastSkill2_0080_31,BlastImpactPower,5
BlastSkill2_0080_31,bWeakSpecialShield,true
BlastSkill2_0080_31,BlastSkillParamData.bMapChangeEscapeEvenet,true
BlastSkill2_0080_31,BlastSkillParamData.bMapChangeDestruct,true
BlastSkill2_0080_31,BlastSkillParamData.bKamehameHa,false
BlastSkill2_0080_31,BlastSkillParamData.SuperZCounterType,EKoratSuperZCounterType::Repel
BlastSkill2_0080_31,BlastGroup,GR0020_31B1
BlastForte1_0080_31,BlastForteParamData.Type,爆破
BlastForte1_0080_31,BlastForteParamData.bInterruptibleExplosion,true
BlastForte1_0080_31,BlastForteParamData.bInterruptibleBarrier,true
BlastForte1_0080_31,BlastForteParamData.bTurnBeforeTransition,false
BlastForte2_0080_31,ExpendBlastStock,4
BlastForte2_0080_31,TriggerExpendBlastStock,4
BlastForte2_0080_31,BlastForteParamData.Type,特殊
BlastForte2_0080_31,BlastForteParamData.bNoAutoGuard,true
BlastUltimate_0080_31,LungeSpeed,11700
BlastUltimate_0080_31,ExpendEnergy,50000
BlastUltimate_0080_31,TriggerExpendEnergy,50000
BlastUltimate_0080_31,bCanSpeedImpact,true
BlastUltimate_0080_31,BlastUltimateParamData.Type,突進格闘
BlastUltimate_0080_31,BlastUltimateParamData.bNonLockUsable,false
BlastUltimate_0080_31,BlastUltimateParamData.MoveLimitTime,1
BlastUltimate_0080_31,BlastGroup,GR0080_31UB
BlastSkill1_0081_20,ExpendEnergy,30000
BlastSkill1_0081_20,TriggerExpendEnergy,30000
BlastSkill1_0081_20,bCanBlastImpact,true
BlastSkill1_0081_20,BlastImpactPower,5
BlastSkill1_0081_20,bWeakSpecialShield,true
BlastSkill1_0081_20,BlastSkillParamData.bMapChangeEscapeEvenet,true
BlastSkill1_0081_20,BlastSkillParamData.bKamehameHa,false
BlastSkill1_0081_20,BlastSkillParamData.SuperZCounterType,EKoratSuperZCounterType::Repel
BlastSkill1_0081_20,BlastGroup,GR0080_00B1
BlastSkill2_0081_20,ExpendEnergy,30000
BlastSkill2_0081_20,TriggerExpendEnergy,30000
BlastSkill2_0081_20,bCanBlastImpact,true
BlastSkill2_0081_20,BlastImpactPower,5
BlastSkill2_0081_20,bWeakSpecialShield,true
BlastSkill2_0081_20,BlastSkillParamData.bMapChangeEscapeEvenet,true
BlastSkill2_0081_20,BlastSkillParamData.bKamehameHa,false
BlastSkill2_0081_20,BlastSkillParamData.SuperZCounterType,EKoratSuperZCounterType::Repel
BlastSkill2_0081_20,BlastGroup,GR0080_01B1
BlastForte1_0081_20,BlastForteParamData.Type,爆破
BlastForte1_0081_20,BlastForteParamData.bInterruptibleExplosion,true
BlastForte1_0081_20,BlastForteParamData.bInterruptibleBarrier,true
BlastForte1_0081_20,BlastForteParamData.bTurnBeforeTransition,false
BlastForte2_0081_20,ExpendBlastStock,4
BlastForte2_0081_20,TriggerExpendBlastStock,4
BlastForte2_0081_20,BlastForteParamData.Type,特殊
BlastForte2_0081_20,BlastForteParamData.bNoAutoGuard,true
BlastUltimate_0081_20,ExpendEnergy,50000
BlastUltimate_0081_20,TriggerExpendEnergy,50000
BlastUltimate_0081_20,BlastUltimateParamData.bMapChangeEscapeEvenet,true
BlastUltimate_0081_20,BlastUltimateParamData.SureToHitRange,500
BlastUltimate_0081_20,BlastUltimateParamData.bBackstepWhenNearMode,false
BlastUltimate_0081_20,BlastGroup,GR0002_31UB
BlastSkill1_0082_00,ExpendEnergy,30000
BlastSkill1_0082_00,TriggerExpendEnergy,30000
BlastSkill1_0082_00,bCanBlastImpact,true
BlastSkill1_0082_00,BlastImpactPower,5
BlastSkill1_0082_00,bWeakSpecialShield,true
BlastSkill1_0082_00,BlastSkillParamData.bMapChangeEscapeEvenet,true
BlastSkill1_0082_00,BlastSkillParamData.bKamehameHa,false
BlastSkill1_0082_00,BlastSkillParamData.SuperZCounterType,EKoratSuperZCounterType::Repel
BlastSkill1_0082_00,BlastGroup,GR0040_20B1
BlastSkill2_0082_00,LungeSpeed,10000
BlastSkill2_0082_00,ExpendEnergy,30000
BlastSkill2_0082_00,TriggerExpendEnergy,15000
BlastSkill2_0082_00,bCanSpeedImpact,true
BlastSkill2_0082_00,BlastSkillParamData.Type,突進格闘
BlastSkill2_0082_00,BlastSkillParamData.bNonLockUsable,false
BlastSkill2_0082_00,BlastSkillParamData.MoveLimitTime,1.5
BlastSkill2_0082_00,BlastSkillParamData.MoveType,EBlastDashMoveType::ControllableTarget
BlastSkill2_0082_00,BlastGroup,GR0080_10B2
BlastForte1_0082_00,BlastForteParamData.Type,残像拳
BlastForte2_0082_00,BlastForteParamData.Type,能力
BlastUltimate_0082_00,ExpendEnergy,50000
BlastUltimate_0082_00,TriggerExpendEnergy,50000
BlastUltimate_0082_00,bCanBlastImpact,true
BlastUltimate_0082_00,BlastImpactPower,8
BlastUltimate_0082_00,BlastUltimateParamData.bMapChangeEscapeEvenet,true
BlastUltimate_0082_00,BlastGroup,GR0082_00UB
BlastSkill1_0082_01,ExpendEnergy,30000
BlastSkill1_0082_01,TriggerExpendEnergy,30000
BlastSkill1_0082_01,bCanBlastImpact,true
BlastSkill1_0082_01,BlastImpactPower,5
BlastSkill1_0082_01,bWeakSpecialShield,true
BlastSkill1_0082_01,BlastSkillParamData.bMapChangeEscapeEvenet,true
BlastSkill1_0082_01,BlastSkillParamData.bKamehameHa,false
BlastSkill1_0082_01,BlastSkillParamData.SuperZCounterType,EKoratSuperZCounterType::Repel
BlastSkill1_0082_01,BlastGroup,GR0040_20B1
BlastSkill2_0082_01,LungeSpeed,10000
BlastSkill2_0082_01,ExpendEnergy,30000
BlastSkill2_0082_01,TriggerExpendEnergy,15000
BlastSkill2_0082_01,bCanSpeedImpact,true
BlastSkill2_0082_01,BlastSkillParamData.Type,突進格闘
BlastSkill2_0082_01,BlastSkillParamData.bNonLockUsable,false
BlastSkill2_0082_01,BlastSkillParamData.MoveLimitTime,1.5
BlastSkill2_0082_01,BlastSkillParamData.MoveType,EBlastDashMoveType::ControllableTarget
BlastSkill2_0082_01,BlastGroup,GR0080_10B2
BlastForte1_0082_01,BlastForteParamData.Type,爆破
BlastForte1_0082_01,BlastForteParamData.bInterruptibleExplosion,true
BlastForte1_0082_01,BlastForteParamData.bInterruptibleBarrier,true
BlastForte1_0082_01,BlastForteParamData.bTurnBeforeTransition,false
BlastForte2_0082_01,ExpendBlastStock,4
BlastForte2_0082_01,TriggerExpendBlastStock,4
BlastForte2_0082_01,BlastForteParamData.Type,特殊
BlastForte2_0082_01,BlastForteParamData.bNoAutoGuard,true
BlastUltimate_0082_01,ExpendEnergy,50000
BlastUltimate_0082_01,TriggerExpendEnergy,50000
BlastUltimate_0082_01,bCanBlastImpact,true
BlastUltimate_0082_01,BlastImpactPower,9
BlastUltimate_0082_01,BlastUltimateParamData.bMapChangeEscapeEvenet,true
BlastUltimate_0082_01,BlastUltimateParamData.bKamehameHa,false
BlastUltimate_0082_01,BlastGroup,GR0082_01UB
BlastSkill1_0090_00,ExpendEnergy,20000
BlastSkill1_0090_00,TriggerExpendEnergy,20000
BlastSkill1_0090_00,BlastSkillParamData.bEnableSteel,false
BlastSkill1_0090_00,BlastGroup,GR0090_00B1
BlastSkill2_0090_00,LungeSpeed,6500
BlastSkill2_0090_00,ExpendEnergy,20000
BlastSkill2_0090_00,bCanSpeedImpact,true
BlastSkill2_0090_00,BlastSkillParamData.Type,突進格闘
BlastSkill2_0090_00,BlastSkillParamData.bNonLockUsable,false
BlastSkill2_0090_00,BlastSkillParamData.MoveLimitTime,1.5
BlastSkill2_0090_00,BlastGroup,GR0090_00B2
BlastForte1_0090_00,BlastForteParamData.Type,残像拳
BlastForte2_0090_00,ExpendBlastStock,4
BlastForte2_0090_00,TriggerExpendBlastStock,4
BlastForte2_0090_00,BlastForteParamData.Type,能力
BlastForte2_0090_00,BlastForteParamData.bNoAutoGuard,true
BlastUltimate_0090_00,ExpendEnergy,50000
BlastUltimate_0090_00,TriggerExpendEnergy,50000
BlastUltimate_0090_00,bCanBlastImpact,true
BlastUltimate_0090_00,BlastImpactPower,9
BlastUltimate_0090_00,BlastUltimateParamData.bMapChangeEscapeEvenet,true
BlastUltimate_0090_00,BlastGroup,GR0000_00B1
BlastSkill1_0090_01,ExpendEnergy,30000
BlastSkill1_0090_01,TriggerExpendEnergy,30000
BlastSkill1_0090_01,bCanBlastImpact,true
BlastSkill1_0090_01,BlastImpactPower,5
BlastSkill1_0090_01,bWeakSpecialShield,true
BlastSkill1_0090_01,BlastSkillParamData.bMapChangeEscapeEvenet,true
BlastSkill1_0090_01,BlastSkillParamData.SuperZCounterType,EKoratSuperZCounterType::Repel
BlastSkill1_0090_01,BlastSkillParamData.bTurnCGSection,true
BlastSkill1_0090_01,BlastGroup,GR0000_00B1
BlastSkill2_0090_01,LungeSpeed,11700
BlastSkill2_0090_01,ExpendEnergy,30000
BlastSkill2_0090_01,TriggerExpendEnergy,15000
BlastSkill2_0090_01,bCanSpeedImpact,true
BlastSkill2_0090_01,BlastSkillParamData.Type,突進格闘
BlastSkill2_0090_01,BlastSkillParamData.bNonLockUsable,false
BlastSkill2_0090_01,BlastSkillParamData.MoveLimitTime,1
BlastSkill2_0090_01,BlastGroup,GR0090_00B2
BlastForte1_0090_01,BlastForteParamData.Type,残像拳
BlastForte1_0090_01,BlastForteParamData.bNoHitCheckCombatives,true
BlastForte2_0090_01,BlastForteParamData.Type,能力
BlastUltimate_0090_01,ExpendEnergy,50000
BlastUltimate_0090_01,TriggerExpendEnergy,50000
BlastUltimate_0090_01,bCanBlastImpact,true
BlastUltimate_0090_01,BlastImpactPower,9
BlastUltimate_0090_01,SupportCharacters[0].bInheritDamageModel,false
BlastUltimate_0090_01,SupportCharacters[0].bInheritEquipItems,false
BlastUltimate_0090_01,SupportCharacters[0].CostumeDamageLv,0
BlastUltimate_0090_01,SupportCharacters[0].CostumeScratchLv,0
BlastUltimate_0090_01,SupportCharacters[0].bIsSubCharacterCostume,true
BlastUltimate_0090_01,SupportCharacters[0].bIsSubCharacterEquipItems,true
BlastUltimate_0090_01,BlastUltimateParamData.bMapChangeEscapeEvenet,true
BlastUltimate_0090_01,BlastGroup,GR0000_00B1
BlastSkill1_0100_00,ExpendEnergy,30000
BlastSkill1_0100_00,TriggerExpendEnergy,30000
BlastSkill1_0100_00,bCanBlastImpact,true
BlastSkill1_0100_00,BlastImpactPower,5
BlastSkill1_0100_00,bWeakSpecialShield,true
BlastSkill1_0100_00,BlastSkillParamData.SuperZCounterType,EKoratSuperZCounterType::Repel
BlastSkill1_0100_00,BlastGroup,GR0100_00B1
BlastSkill2_0100_00,LungeSpeed,8750
BlastSkill2_0100_00,ExpendEnergy,30000
BlastSkill2_0100_00,TriggerExpendEnergy,15000
BlastSkill2_0100_00,bCanSpeedImpact,true
BlastSkill2_0100_00,BlastSkillParamData.Type,突進格闘
BlastSkill2_0100_00,BlastSkillParamData.bNonLockUsable,false
BlastSkill2_0100_00,BlastSkillParamData.MoveLimitTime,2
BlastSkill2_0100_00,BlastSkillParamData.MoveType,EBlastDashMoveType::ControllableTarget
BlastSkill2_0100_00,BlastGroup,GR0100_00B2
BlastForte1_0100_00,BlastForteParamData.Type,爆破
BlastForte1_0100_00,BlastForteParamData.bInterruptibleExplosion,true
BlastForte1_0100_00,BlastForteParamData.bInterruptibleBarrier,true
BlastForte1_0100_00,BlastForteParamData.bTurnBeforeTransition,false
BlastForte2_0100_00,BlastForteParamData.Type,能力
BlastUltimate_0100_00,ExpendEnergy,50000
BlastUltimate_0100_00,TriggerExpendEnergy,50000
BlastUltimate_0100_00,bCanBlastImpact,true
BlastUltimate_0100_00,BlastImpactPower,9
BlastUltimate_0100_00,BlastUltimateParamData.bMapChangeEscapeEvenet,true
BlastUltimate_0100_00,BlastGroup,GR0000_00B1
BlastSkill1_0100_01,ExpendEnergy,30000
BlastSkill1_0100_01,TriggerExpendEnergy,30000
BlastSkill1_0100_01,bCanBlastImpact,true
BlastSkill1_0100_01,BlastImpactPower,5
BlastSkill1_0100_01,bWeakSpecialShield,true
BlastSkill1_0100_01,BlastSkillParamData.bMapChangeEscapeEvenet,true
BlastSkill1_0100_01,BlastSkillParamData.SuperZCounterType,EKoratSuperZCounterType::Repel
BlastSkill1_0100_01,BlastGroup,GR0020_11UB
BlastSkill2_0100_01,ExpendEnergy,40000
BlastSkill2_0100_01,TriggerExpendEnergy,40000
BlastSkill2_0100_01,bCanBlastImpact,true
BlastSkill2_0100_01,BlastImpactPower,5
BlastSkill2_0100_01,bWeakSpecialShield,true
BlastSkill2_0100_01,BlastSkillParamData.bMapChangeEscapeEvenet,true
BlastSkill2_0100_01,BlastSkillParamData.bMapChangeDestruct,true
BlastSkill2_0100_01,BlastSkillParamData.SuperZCounterType,EKoratSuperZCounterType::Repel
BlastSkill2_0100_01,BlastGroup,GR0000_00B1
BlastForte1_0100_01,ExpendBlastStock,3
BlastForte1_0100_01,TriggerExpendBlastStock,3
BlastForte1_0100_01,BlastForteParamData.Type,残像拳
BlastForte2_0100_01,BlastForteParamData.Type,能力
BlastUltimate_0100_01,LungeSpeed,11700
BlastUltimate_0100_01,ExpendEnergy,50000
BlastUltimate_0100_01,TriggerExpendEnergy,50000
BlastUltimate_0100_01,bCanSpeedImpact,true
BlastUltimate_0100_01,BlastUltimateParamData.Type,突進格闘
BlastUltimate_0100_01,BlastUltimateParamData.bNonLockUsable,false
BlastUltimate_0100_01,BlastUltimateParamData.MoveLimitTime,1
BlastUltimate_0100_01,BlastGroup,GR0100_01UB
BlastSkill1_0100_02,ExpendEnergy,30000
BlastSkill1_0100_02,TriggerExpendEnergy,30000
BlastSkill1_0100_02,bCanBlastImpact,true
BlastSkill1_0100_02,BlastImpactPower,5
BlastSkill1_0100_02,bWeakSpecialShield,true
BlastSkill1_0100_02,BlastSkillParamData.bMapChangeEscapeEvenet,true
BlastSkill1_0100_02,BlastSkillParamData.SuperZCounterType,EKoratSuperZCounterType::Repel
BlastSkill1_0100_02,BlastSkillParamData.bTurnCGSection,true
BlastSkill1_0100_02,BlastGroup,GR0000_00B1
BlastSkill2_0100_02,LungeSpeed,11700
BlastSkill2_0100_02,ExpendEnergy,30000
BlastSkill2_0100_02,TriggerExpendEnergy,15000
BlastSkill2_0100_02,bCanSpeedImpact,true
BlastSkill2_0100_02,BlastSkillParamData.Type,突進格闘
BlastSkill2_0100_02,BlastSkillParamData.bNonLockUsable,false
BlastSkill2_0100_02,BlastSkillParamData.MoveLimitTime,1
BlastSkill2_0100_02,BlastGroup,GR0100_02B2
BlastForte1_0100_02,BlastForteParamData.Type,能力
BlastForte2_0100_02,BlastForteParamData.Type,能力
BlastUltimate_0100_02,ExpendEnergy,50000
BlastUltimate_0100_02,TriggerExpendEnergy,50000
BlastUltimate_0100_02,bCanBlastImpact,true
BlastUltimate_0100_02,BlastImpactPower,9
BlastUltimate_0100_02,BlastUltimateParamData.bMapChangeEscapeEvenet,true
BlastUltimate_0100_02,BlastUltimateParamData.bMapChangeDestruct,true
BlastUltimate_0100_02,BlastGroup,GR0000_00B1
BlastSkill1_0110_00,ExpendEnergy,30000
BlastSkill1_0110_00,TriggerExpendEnergy,30000
BlastSkill1_0110_00,bCanBlastImpact,true
BlastSkill1_0110_00,BlastImpactPower,5
BlastSkill1_0110_00,bWeakSpecialShield,true
BlastSkill1_0110_00,BlastSkillParamData.bMapChangeEscapeEvenet,true
BlastSkill1_0110_00,BlastSkillParamData.SuperZCounterType,EKoratSuperZCounterType::Repel
BlastSkill1_0110_00,BlastSkillParamData.bTurnCGSection,true
BlastSkill1_0110_00,BlastGroup,GR0000_00B1
BlastSkill2_0110_00,ExpendEnergy,40000
BlastSkill2_0110_00,TriggerExpendEnergy,40000
BlastSkill2_0110_00,BlastSkillParamData.bMapChangeEscapeEvenet,true
BlastSkill2_0110_00,BlastSkillParamData.SureToHitRange,500
BlastSkill2_0110_00,BlastSkillParamData.bBackstepWhenNearMode,false
BlastSkill2_0110_00,BlastGroup,GR0110_00B2
BlastForte1_0110_00,BlastForteParamData.Type,残像拳
BlastForte1_0110_00,BlastForteParamData.bNoHitCheckCombatives,true
BlastForte2_0110_00,ExpendBlastStock,4
BlastForte2_0110_00,TriggerExpendBlastStock,4
BlastForte2_0110_00,BlastForteParamData.Type,特殊
BlastForte2_0110_00,BlastForteParamData.bNoAutoGuard,true
BlastUltimate_0110_00,ExpendEnergy,50000
BlastUltimate_0110_00,TriggerExpendEnergy,50000
BlastUltimate_0110_00,bCanBlastImpact,true
BlastUltimate_0110_00,BlastImpactPower,9
BlastUltimate_0110_00,BlastUltimateParamData.bMapChangeEscapeEvenet,true
BlastUltimate_0110_00,BlastGroup,GR0000_00B1
BlastSkill1_0110_01,ExpendEnergy,30000
BlastSkill1_0110_01,TriggerExpendEnergy,30000
BlastSkill1_0110_01,bCanBlastImpact,true
BlastSkill1_0110_01,BlastImpactPower,5
BlastSkill1_0110_01,bWeakSpecialShield,true
BlastSkill1_0110_01,BlastSkillParamData.bMapChangeEscapeEvenet,true
BlastSkill1_0110_01,BlastSkillParamData.SuperZCounterType,EKoratSuperZCounterType::Repel
BlastSkill1_0110_01,BlastSkillParamData.bTurnCGSection,true
BlastSkill1_0110_01,BlastGroup,GR0000_00B1
BlastSkill2_0110_01,LungeSpeed,8750
BlastSkill2_0110_01,ExpendEnergy,30000
BlastSkill2_0110_01,TriggerExpendEnergy,15000
BlastSkill2_0110_01,bCanSpeedImpact,true
BlastSkill2_0110_01,BlastSkillParamData.Type,突進格闘
BlastSkill2_0110_01,BlastSkillParamData.bNonLockUsable,false
BlastSkill2_0110_01,BlastSkillParamData.MoveLimitTime,2
BlastSkill2_0110_01,BlastSkillParamData.MoveType,EBlastDashMoveType::ControllableTarget
BlastSkill2_0110_01,BlastGroup,GR0110_01B2
BlastForte1_0110_01,BlastForteParamData.Type,瞬間移動
BlastForte1_0110_01,BlastForteParamData.bNonLockUsable,false
BlastForte2_0110_01,BlastForteParamData.Type,能力
BlastUltimate_0110_01_2,ExpendEnergy,50000
BlastUltimate_0110_01_2,TriggerExpendEnergy,50000
BlastUltimate_0110_01_2,bCanSpeedImpact,true
BlastUltimate_0110_01_2,BlastUltimateParamData.Type,突進格闘
BlastUltimate_0110_01_2,BlastUltimateParamData.bNonLockUsable,false
BlastUltimate_0110_01_2,BlastUltimateParamData.MoveType,EBlastDashMoveType::ControllableTarget
BlastUltimate_0110_01_2,BlastGroup,GR0110_01UB2
BlastSkill1_0110_02,ExpendEnergy,30000
BlastSkill1_0110_02,TriggerExpendEnergy,30000
BlastSkill1_0110_02,bCanBlastImpact,true
BlastSkill1_0110_02,BlastImpactPower,5
BlastSkill1_0110_02,bWeakSpecialShield,true
BlastSkill1_0110_02,BlastSkillParamData.bMapChangeEscapeEvenet,true
BlastSkill1_0110_02,BlastSkillParamData.SuperZCounterType,EKoratSuperZCounterType::Repel
BlastSkill1_0110_02,BlastSkillParamData.bTurnCGSection,true
BlastSkill1_0110_02,BlastGroup,GR0000_00B1
BlastSkill2_0110_02,LungeSpeed,11700
BlastSkill2_0110_02,ExpendEnergy,30000
BlastSkill2_0110_02,TriggerExpendEnergy,15000
BlastSkill2_0110_02,bCanSpeedImpact,true
BlastSkill2_0110_02,BlastSkillParamData.Type,突進格闘
BlastSkill2_0110_02,BlastSkillParamData.bNonLockUsable,false
BlastSkill2_0110_02,BlastSkillParamData.MoveLimitTime,1
BlastSkill2_0110_02,BlastGroup,GR0110_02B2
BlastForte1_0110_02,BlastForteParamData.Type,残像拳
BlastForte1_0110_02,BlastForteParamData.bNoHitCheckCombatives,true
BlastForte2_0110_02,ExpendBlastStock,4
BlastForte2_0110_02,TriggerExpendBlastStock,4
BlastForte2_0110_02,BlastForteParamData.Type,特殊
BlastForte2_0110_02,BlastForteParamData.bNoAutoGuard,true
BlastUltimate_0110_02,ExpendEnergy,50000
BlastUltimate_0110_02,TriggerExpendEnergy,50000
BlastUltimate_0110_02,bCanBlastImpact,true
BlastUltimate_0110_02,BlastImpactPower,9
BlastUltimate_0110_02,BlastUltimateParamData.bMapChangeEscapeEvenet,true
BlastUltimate_0110_02,BlastUltimateParamData.bMapChangeDestruct,true
BlastUltimate_0110_02,BlastGroup,GR0000_00B1
BlastSkill1_0110_03,ExpendEnergy,30000
BlastSkill1_0110_03,TriggerExpendEnergy,30000
BlastSkill1_0110_03,bWeakSpecialShield,true
BlastSkill1_0110_03,BlastSkillParamData.bMapChangeEscapeEvenet,true
BlastSkill1_0110_03,BlastSkillParamData.SuperZCounterType,EKoratSuperZCounterType::Erase
BlastSkill1_0110_03,BlastGroup,GR0110_03B1
BlastSkill2_0110_03,LungeSpeed,8750
BlastSkill2_0110_03,ExpendEnergy,30000
BlastSkill2_0110_03,TriggerExpendEnergy,15000
BlastSkill2_0110_03,bCanSpeedImpact,true
BlastSkill2_0110_03,BlastSkillParamData.Type,突進格闘
BlastSkill2_0110_03,BlastSkillParamData.bNonLockUsable,false
BlastSkill2_0110_03,BlastSkillParamData.MoveLimitTime,2
BlastSkill2_0110_03,BlastSkillParamData.MoveType,EBlastDashMoveType::ControllableTarget
BlastSkill2_0110_03,BlastGroup,GR0110_03B2
BlastForte1_0110_03,BlastForteParamData.Type,瞬間移動
BlastForte1_0110_03,BlastForteParamData.bNonLockUsable,false
BlastForte2_0110_03,ExpendBlastStock,1
BlastForte2_0110_03,TriggerExpendBlastStock,1
BlastForte2_0110_03,BlastForteParamData.Type,爆破
BlastForte2_0110_03,BlastForteParamData.bInterruptibleFrontBarrier,true
BlastUltimate_0110_03,ExpendEnergy,50000
BlastUltimate_0110_03,TriggerExpendEnergy,50000
BlastUltimate_0110_03,bCanBlastImpact,true
BlastUltimate_0110_03,BlastImpactPower,9
BlastUltimate_0110_03,BlastUltimateParamData.bMapChangeEscapeEvenet,true
BlastUltimate_0110_03,BlastUltimateParamData.bMapChangeDestruct,true
BlastUltimate_0110_03,BlastGroup,GR0000_00B1
BlastSkill1_0110_04,ExpendEnergy,30000
BlastSkill1_0110_04,TriggerExpendEnergy,30000
BlastSkill1_0110_04,bCanBlastImpact,true
BlastSkill1_0110_04,BlastImpactPower,5
BlastSkill1_0110_04,bWeakSpecialShield,true
BlastSkill1_0110_04,BlastSkillParamData.bMapChangeEscapeEvenet,true
BlastSkill1_0110_04,BlastSkillParamData.bMapChangeDestruct,true
BlastSkill1_0110_04,BlastSkillParamData.SuperZCounterType,EKoratSuperZCounterType::Repel
BlastSkill1_0110_04,BlastSkillParamData.bTurnCGSection,true
BlastSkill1_0110_04,BlastGroup,GR0000_00B1
BlastSkill2_0110_04,LungeSpeed,8750
BlastSkill2_0110_04,ExpendEnergy,40000
BlastSkill2_0110_04,TriggerExpendEnergy,20000
BlastSkill2_0110_04,bCanSpeedImpact,true
BlastSkill2_0110_04,BlastSkillParamData.Type,突進格闘
BlastSkill2_0110_04,BlastSkillParamData.bNonLockUsable,false
BlastSkill2_0110_04,BlastSkillParamData.MoveHitDistance,600
BlastSkill2_0110_04,BlastSkillParamData.MoveLimitTime,0.3
BlastSkill2_0110_04,BlastSkillParamData.MoveTypeTargetInputInfluence,0
BlastSkill2_0110_04,BlastSkillParamData.MoveTypeTargetInputInfluenceAttenuationDistance,0
BlastSkill2_0110_04,BlastGroup,GR0110_04B2
BlastForte1_0110_04,BlastForteParamData.Type,能力
BlastForte2_0110_04,BlastForteParamData.Type,能力
BlastUltimate_0110_04,LungeSpeed,11700
BlastUltimate_0110_04,ExpendEnergy,50000
BlastUltimate_0110_04,TriggerExpendEnergy,50000
BlastUltimate_0110_04,bCanSpeedImpact,true
BlastUltimate_0110_04,BlastUltimateParamData.Type,突進格闘
BlastUltimate_0110_04,BlastUltimateParamData.bNonLockUsable,false
BlastUltimate_0110_04,BlastUltimateParamData.MoveLimitTime,1
BlastUltimate_0110_04,BlastUltimateParamData.MoveType,EBlastDashMoveType::ControllableTarget
BlastUltimate_0110_04,BlastGroup,GR0110_04UB
BlastSkill1_0120_00,ExpendEnergy,30000
BlastSkill1_0120_00,TriggerExpendEnergy,30000
BlastSkill1_0120_00,bCanBlastImpact,true
BlastSkill1_0120_00,BlastImpactPower,5
BlastSkill1_0120_00,bWeakSpecialShield,true
BlastSkill1_0120_00,BlastSkillParamData.bMapChangeEscapeEvenet,true
BlastSkill1_0120_00,BlastSkillParamData.bKamehameHa,false
BlastSkill1_0120_00,BlastSkillParamData.SuperZCounterType,EKoratSuperZCounterType::Repel
BlastSkill1_0120_00,BlastGroup,GR0040_20B1
BlastSkill2_0120_00,LungeSpeed,10000
BlastSkill2_0120_00,ExpendEnergy,30000
BlastSkill2_0120_00,TriggerExpendEnergy,15000
BlastSkill2_0120_00,bCanSpeedImpact,true
BlastSkill2_0120_00,BlastSkillParamData.Type,突進格闘
BlastSkill2_0120_00,BlastSkillParamData.bNonLockUsable,false
BlastSkill2_0120_00,BlastSkillParamData.MoveLimitTime,1.5
BlastSkill2_0120_00,BlastSkillParamData.MoveType,EBlastDashMoveType::ControllableTarget
BlastSkill2_0120_00,BlastGroup,GR0080_10B2
BlastForte1_0120_00,BlastForteParamData.Type,残像拳
BlastForte2_0120_00,BlastForteParamData.Type,能力
BlastUltimate_0120_00,ExpendEnergy,50000
BlastUltimate_0120_00,TriggerExpendEnergy,50000
BlastUltimate_0120_00,bCanBlastImpact,true
BlastUltimate_0120_00,BlastImpactPower,9
BlastUltimate_0120_00,BlastUltimateParamData.bMapChangeEscapeEvenet,true
BlastUltimate_0120_00,BlastUltimateParamData.bKamehameHa,false
BlastUltimate_0120_00,BlastGroup,GR0082_01UB
BlastSkill1_0120_01,ExpendEnergy,30000
BlastSkill1_0120_01,TriggerExpendEnergy,30000
BlastSkill1_0120_01,bCanBlastImpact,true
BlastSkill1_0120_01,BlastImpactPower,5
BlastSkill1_0120_01,bWeakSpecialShield,true
BlastSkill1_0120_01,BlastSkillParamData.bMapChangeEscapeEvenet,true
BlastSkill1_0120_01,BlastSkillParamData.bKamehameHa,false
BlastSkill1_0120_01,BlastSkillParamData.SuperZCounterType,EKoratSuperZCounterType::Repel
BlastSkill1_0120_01,BlastGroup,GR0000_10B1
BlastSkill2_0120_01,ExpendEnergy,30000
BlastSkill2_0120_01,TriggerExpendEnergy,30000
BlastSkill2_0120_01,BlastSkillParamData.bImpossibleGuard,true
BlastSkill2_0120_01,BlastSkillParamData.bKamehameHa,false
BlastSkill2_0120_01,BlastGroup,GR0120_01B2
BlastForte1_0120_01,BlastForteParamData.Type,能力
BlastForte2_0120_01,ExpendBlastStock,3
BlastForte2_0120_01,TriggerExpendBlastStock,3
BlastForte2_0120_01,BlastForteParamData.Type,能力
BlastUltimate_0120_01,ExpendEnergy,50000
BlastUltimate_0120_01,TriggerExpendEnergy,50000
BlastUltimate_0120_01,SupportCharacters[0].bInheritDamageModel,false
BlastUltimate_0120_01,SupportCharacters[0].bInheritEquipItems,false
BlastUltimate_0120_01,SupportCharacters[0].CostumeDamageLv,0
BlastUltimate_0120_01,SupportCharacters[0].CostumeScratchLv,0
BlastUltimate_0120_01,SupportCharacters[0].bIsSubCharacterCostume,false
BlastUltimate_0120_01,SupportCharacters[0].bIsSubCharacterEquipItems,false
BlastUltimate_0120_01,SupportCharacters[1].bInheritDamageModel,false
BlastUltimate_0120_01,SupportCharacters[1].bInheritEquipItems,false
BlastUltimate_0120_01,SupportCharacters[1].CostumeDamageLv,0
BlastUltimate_0120_01,SupportCharacters[1].CostumeScratchLv,0
BlastUltimate_0120_01,SupportCharacters[1].bIsSubCharacterCostume,false
BlastUltimate_0120_01,SupportCharacters[1].bIsSubCharacterEquipItems,false
BlastUltimate_0120_01,SupportCharacters[2].bInheritDamageModel,false
BlastUltimate_0120_01,SupportCharacters[2].bInheritEquipItems,false
BlastUltimate_0120_01,SupportCharacters[2].CostumeDamageLv,0
BlastUltimate_0120_01,SupportCharacters[2].CostumeScratchLv,0
BlastUltimate_0120_01,SupportCharacters[2].bIsSubCharacterCostume,false
BlastUltimate_0120_01,SupportCharacters[2].bIsSubCharacterEquipItems,false
BlastUltimate_0120_01,SupportCharacters[3].bInheritDamageModel,false
BlastUltimate_0120_01,SupportCharacters[3].bInheritEquipItems,false
BlastUltimate_0120_01,SupportCharacters[3].CostumeDamageLv,0
BlastUltimate_0120_01,SupportCharacters[3].CostumeScratchLv,0
BlastUltimate_0120_01,SupportCharacters[3].bIsSubCharacterCostume,false
BlastUltimate_0120_01,SupportCharacters[3].bIsSubCharacterEquipItems,false
BlastUltimate_0120_01,SupportCharacters[4].bInheritDamageModel,false
BlastUltimate_0120_01,SupportCharacters[4].bInheritEquipItems,false
BlastUltimate_0120_01,SupportCharacters[4].CostumeDamageLv,0
BlastUltimate_0120_01,SupportCharacters[4].CostumeScratchLv,0
BlastUltimate_0120_01,SupportCharacters[4].bIsSubCharacterCostume,false
BlastUltimate_0120_01,SupportCharacters[4].bIsSubCharacterEquipItems,false
BlastUltimate_0120_01,SupportCharacters[5].bInheritDamageModel,false
BlastUltimate_0120_01,SupportCharacters[5].bInheritEquipItems,false
BlastUltimate_0120_01,SupportCharacters[5].CostumeDamageLv,0
BlastUltimate_0120_01,SupportCharacters[5].CostumeScratchLv,0
BlastUltimate_0120_01,SupportCharacters[5].bIsSubCharacterCostume,false
BlastUltimate_0120_01,SupportCharacters[5].bIsSubCharacterEquipItems,false
BlastUltimate_0120_01,SupportCharacters[6].bInheritDamageModel,false
BlastUltimate_0120_01,SupportCharacters[6].bInheritEquipItems,false
BlastUltimate_0120_01,SupportCharacters[6].CostumeDamageLv,0
BlastUltimate_0120_01,SupportCharacters[6].CostumeScratchLv,0
BlastUltimate_0120_01,SupportCharacters[6].bIsSubCharacterCostume,false
BlastUltimate_0120_01,SupportCharacters[6].bIsSubCharacterEquipItems,false
BlastUltimate_0120_01,BlastUltimateParamData.bImpossibleGuard,true
BlastUltimate_0120_01,BlastUltimateParamData.bKamehameHa,false
BlastUltimate_0120_01,BlastGroup,GR0120_01UB
BlastSkill1_0120_02,ExpendEnergy,30000
BlastSkill1_0120_02,TriggerExpendEnergy,30000
BlastSkill1_0120_02,bCanBlastImpact,true
BlastSkill1_0120_02,BlastImpactPower,5
BlastSkill1_0120_02,bWeakSpecialShield,true
BlastSkill1_0120_02,BlastSkillParamData.bMapChangeEscapeEvenet,true
BlastSkill1_0120_02,BlastSkillParamData.bKamehameHa,false
BlastSkill1_0120_02,BlastSkillParamData.SuperZCounterType,EKoratSuperZCounterType::Repel
BlastSkill1_0120_02,BlastGroup,GR0120_02B1
BlastSkill2_0120_02,ExpendEnergy,30000
BlastSkill2_0120_02,TriggerExpendEnergy,30000
BlastSkill2_0120_02,bWeakSpecialShield,true
BlastSkill2_0120_02,BlastSkillParamData.bMapChangeEscapeEvenet,true
BlastSkill2_0120_02,BlastSkillParamData.bKamehameHa,false
BlastSkill2_0120_02,BlastGroup,GR0120_02B2
BlastForte1_0120_02,BlastForteParamData.Type,拘束
BlastForte1_0120_02,BlastForteParamData.bIsImpossileGuard,true
BlastForte1_0120_02,BlastForteParamData.bNoAutoGuard,true
BlastForte2_0120_02,BlastForteParamData.Type,能力
BlastUltimate_0120_02,LungeSpeed,8750
BlastUltimate_0120_02,ExpendEnergy,50000
BlastUltimate_0120_02,TriggerExpendEnergy,50000
BlastUltimate_0120_02,bCanSpeedImpact,true
BlastUltimate_0120_02,SupportCharacters[0].bInheritDamageModel,false
BlastUltimate_0120_02,SupportCharacters[0].bInheritEquipItems,false
BlastUltimate_0120_02,SupportCharacters[0].CostumeDamageLv,0
BlastUltimate_0120_02,SupportCharacters[0].CostumeScratchLv,0
BlastUltimate_0120_02,SupportCharacters[0].bIsSubCharacterCostume,true
BlastUltimate_0120_02,SupportCharacters[0].bIsSubCharacterEquipItems,true
BlastUltimate_0120_02,BlastUltimateParamData.Type,突進格闘
BlastUltimate_0120_02,BlastUltimateParamData.bDontJostle,true
BlastUltimate_0120_02,BlastUltimateParamData.bKamehameHa,false
BlastUltimate_0120_02,BlastUltimateParamData.bNonLockUsable,false
BlastUltimate_0120_02,BlastUltimateParamData.MoveLimitTime,2
BlastUltimate_0120_02,BlastUltimateParamData.MoveType,EBlastDashMoveType::ControllableTarget
BlastUltimate_0120_02,BlastGroup,GR0120_02UB
BlastSkill1_0121_00,ExpendEnergy,30000
BlastSkill1_0121_00,TriggerExpendEnergy,30000
BlastSkill1_0121_00,bCanBlastImpact,true
BlastSkill1_0121_00,BlastImpactPower,5
BlastSkill1_0121_00,bWeakSpecialShield,true
BlastSkill1_0121_00,BlastSkillParamData.bMapChangeEscapeEvenet,true
BlastSkill1_0121_00,BlastSkillParamData.bKamehameHa,false
BlastSkill1_0121_00,BlastSkillParamData.SuperZCounterType,EKoratSuperZCounterType::Repel
BlastSkill1_0121_00,BlastGroup,GR0000_10B1
BlastSkill2_0121_00,LungeSpeed,8750
BlastSkill2_0121_00,ExpendEnergy,30000
BlastSkill2_0121_00,TriggerExpendEnergy,15000
BlastSkill2_0121_00,bCanSpeedImpact,true
BlastSkill2_0121_00,BlastSkillParamData.Type,突進格闘
BlastSkill2_0121_00,BlastSkillParamData.bKamehameHa,false
BlastSkill2_0121_00,BlastSkillParamData.bNonLockUsable,false
BlastSkill2_0121_00,BlastSkillParamData.MoveLimitTime,2
BlastSkill2_0121_00,BlastSkillParamData.MoveType,EBlastDashMoveType::ControllableTarget
BlastSkill2_0121_00,BlastGroup,GR0121_00B2
BlastForte1_0121_00,BlastForteParamData.Type,能力
BlastForte2_0121_00,BlastForteParamData.Type,能力
BlastUltimate_0121_00,ExpendEnergy,50000
BlastUltimate_0121_00,TriggerExpendEnergy,50000
BlastUltimate_0121_00,bCanBlastImpact,true
BlastUltimate_0121_00,BlastImpactPower,9
BlastUltimate_0121_00,BlastUltimateParamData.bMapChangeEscapeEvenet,true
BlastUltimate_0121_00,BlastGroup,GR0121_00UB
BlastSkill1_0130_00,LungeSpeed,9750
BlastSkill1_0130_00,ExpendEnergy,20000
BlastSkill1_0130_00,bCanSpeedImpact,true
BlastSkill1_0130_00,BlastSkillParamData.Type,突進格闘
BlastSkill1_0130_00,BlastSkillParamData.bNonLockUsable,false
BlastSkill1_0130_00,BlastSkillParamData.MoveLimitTime,1.5
BlastSkill1_0130_00,BlastSkillParamData.MoveType,EBlastDashMoveType::ControllableTarget
BlastSkill1_0130_00,BlastGroup,GR0130_00B1
BlastSkill2_0130_00,LungeSpeed,11700
BlastSkill2_0130_00,ExpendEnergy,30000
BlastSkill2_0130_00,TriggerExpendEnergy,15000
BlastSkill2_0130_00,bCanSpeedImpact,true
BlastSkill2_0130_00,BlastSkillParamData.Type,突進格闘
BlastSkill2_0130_00,BlastSkillParamData.bNonLockUsable,false
BlastSkill2_0130_00,BlastSkillParamData.MoveLimitTime,1
BlastSkill2_0130_00,BlastGroup,GR0130_00B2
BlastForte1_0130_00,ExpendBlastStock,3
BlastForte1_0130_00,TriggerExpendBlastStock,3
BlastForte1_0130_00,BlastForteParamData.Type,残像拳
BlastForte2_0130_00,ExpendBlastStock,4
BlastForte2_0130_00,TriggerExpendBlastStock,4
BlastForte2_0130_00,BlastForteParamData.Type,特殊
BlastForte2_0130_00,BlastForteParamData.bNoAutoGuard,true
BlastUltimate_0130_00,LungeSpeed,11700
BlastUltimate_0130_00,ExpendEnergy,50000
BlastUltimate_0130_00,TriggerExpendEnergy,50000
BlastUltimate_0130_00,bCanSpeedImpact,true
BlastUltimate_0130_00,BlastUltimateParamData.Type,突進格闘
BlastUltimate_0130_00,BlastUltimateParamData.bKamehameHa,false
BlastUltimate_0130_00,BlastUltimateParamData.bNonLockUsable,false
BlastUltimate_0130_00,BlastUltimateParamData.MoveLimitTime,1
BlastUltimate_0130_00,BlastGroup,GR0130_00UB
BlastUltimate2_0130_00_04,LungeSpeed,8750
BlastUltimate2_0130_00_04,ExpendEnergy,50000
BlastUltimate2_0130_00_04,TriggerExpendEnergy,50000
BlastUltimate2_0130_00_04,bCanSpeedImpact,true
BlastUltimate2_0130_00_04,SupportCharacters[0].bInheritDamageModel,false
BlastUltimate2_0130_00_04,SupportCharacters[0].bInheritEquipItems,false
BlastUltimate2_0130_00_04,SupportCharacters[0].CostumeDamageLv,0
BlastUltimate2_0130_00_04,SupportCharacters[0].CostumeScratchLv,0
BlastUltimate2_0130_00_04,SupportCharacters[0].bIsSubCharacterCostume,true
BlastUltimate2_0130_00_04,SupportCharacters[0].bIsSubCharacterEquipItems,true
BlastUltimate2_0130_00_04,BlastUltimateParamData.Type,突進格闘
BlastUltimate2_0130_00_04,BlastUltimateParamData.bNonLockUsable,false
BlastUltimate2_0130_00_04,BlastUltimateParamData.MoveLimitTime,2
BlastUltimate2_0130_00_04,BlastUltimateParamData.MoveType,EBlastDashMoveType::ControllableTarget
BlastUltimate2_0130_00_04,BlastGroup,GR0450_00UB
BlastSkill1_0140_00,ExpendEnergy,30000
BlastSkill1_0140_00,TriggerExpendEnergy,30000
BlastSkill1_0140_00,bCanBlastImpact,true
BlastSkill1_0140_00,BlastImpactPower,5
BlastSkill1_0140_00,bWeakSpecialShield,true
BlastSkill1_0140_00,BlastSkillParamData.bMapChangeEscapeEvenet,true
BlastSkill1_0140_00,BlastSkillParamData.SuperZCounterType,EKoratSuperZCounterType::Repel
BlastSkill1_0140_00,BlastGroup,GR0000_00B1
BlastSkill2_0140_00,ExpendEnergy,40000
BlastSkill2_0140_00,TriggerExpendEnergy,40000
BlastSkill2_0140_00,BlastSkillParamData.bImpossibleGuard,true
BlastSkill2_0140_00,BlastGroup,GR0140_00B2
BlastForte1_0140_00,ExpendBlastStock,3
BlastForte1_0140_00,TriggerExpendBlastStock,3
BlastForte1_0140_00,BlastForteParamData.Type,残像拳
BlastForte2_0140_00,BlastForteParamData.Type,能力
BlastUltimate_0140_00,bGaveAfterStateToBlowFalling,true
BlastUltimate_0140_00,ExpendEnergy,50000
BlastUltimate_0140_00,TriggerExpendEnergy,50000
BlastUltimate_0140_00,BlastUltimateParamData.bImpossibleGuard,true
BlastUltimate_0140_00,BlastUltimateParamData.BlastDemoBranchConditions[0].BranchType,ESSBlastDemoBranchType::DramaticFinish
BlastUltimate_0140_00,BlastUltimateParamData.BlastDemoBranchConditions[0].SortId,0
BlastUltimate_0140_00,BlastUltimateParamData.BlastDemoBranchConditions[0].bTrueIfAllApply,true
BlastUltimate_0140_00,BlastUltimateParamData.BlastDemoBranchConditions[0].MyselfRemainingHP,0
BlastUltimate_0140_00,BlastUltimateParamData.BlastDemoBranchConditions[0].ExParam,-1
BlastUltimate_0140_00,BlastUltimateParamData.BlastDemoBranchConditions[0].SpDerivationType,EBlastDemoSpDerivationType::Unspecified
BlastUltimate_0140_00,BlastUltimateParamData.BlastDemoBranchConditions[0].VictoryAppealWarpType,EVictoryAppealWarpType::MyselfSafeArea
BlastUltimate_0140_00,BlastUltimateParamData.SureToHitRange,1000
BlastUltimate_0140_00,BlastGroup,GR0140_00UB
BlastSkill1_0141_00,ExpendEnergy,30000
BlastSkill1_0141_00,TriggerExpendEnergy,30000
BlastSkill1_0141_00,bCanBlastImpact,true
BlastSkill1_0141_00,BlastImpactPower,5
BlastSkill1_0141_00,bWeakSpecialShield,true
BlastSkill1_0141_00,BlastSkillParamData.bMapChangeEscapeEvenet,true
BlastSkill1_0141_00,BlastSkillParamData.SuperZCounterType,EKoratSuperZCounterType::Repel
BlastSkill1_0141_00,BlastGroup,GR0000_00B1
BlastSkill2_0141_00,LungeSpeed,8750
BlastSkill2_0141_00,ExpendEnergy,30000
BlastSkill2_0141_00,TriggerExpendEnergy,15000
BlastSkill2_0141_00,bCanSpeedImpact,true
BlastSkill2_0141_00,BlastSkillParamData.Type,突進格闘
BlastSkill2_0141_00,BlastSkillParamData.bNonLockUsable,false
BlastSkill2_0141_00,BlastSkillParamData.MoveLimitTime,2
BlastSkill2_0141_00,BlastSkillParamData.MoveType,EBlastDashMoveType::ControllableTarget
BlastSkill2_0141_00,BlastGroup,GR0141_00B2
BlastForte1_0141_00,BlastForteParamData.Type,能力
BlastForte2_0141_00,BlastForteParamData.Type,能力
BlastUltimate_0141_00,ExpendEnergy,50000
BlastUltimate_0141_00,TriggerExpendEnergy,50000
BlastUltimate_0141_00,bCanBlastImpact,true
BlastUltimate_0141_00,BlastImpactPower,9
BlastUltimate_0141_00,BlastUltimateParamData.bMapChangeEscapeEvenet,true
BlastUltimate_0141_00,BlastGroup,GR0000_00B1
BlastSkill1_0150_00,ExpendEnergy,20000
BlastSkill1_0150_00,TriggerExpendEnergy,20000
BlastSkill1_0150_00,bWeakSpecialShield,true
BlastSkill1_0150_00,BlastSkillParamData.bKamehameHa,false
BlastSkill1_0150_00,BlastGroup,GR0150_00B1
BlastSkill2_0150_00,LungeSpeed,8750
BlastSkill2_0150_00,ExpendEnergy,30000
BlastSkill2_0150_00,TriggerExpendEnergy,15000
BlastSkill2_0150_00,bCanSpeedImpact,true
BlastSkill2_0150_00,BlastSkillParamData.Type,突進格闘
BlastSkill2_0150_00,BlastSkillParamData.bNonLockUsable,false
BlastSkill2_0150_00,BlastSkillParamData.MoveLimitTime,2
BlastSkill2_0150_00,BlastSkillParamData.MoveType,EBlastDashMoveType::ControllableTarget
BlastSkill2_0150_00,BlastGroup,GR0150_00B2
BlastForte1_0150_00,BlastForteParamData.Type,拘束
BlastForte1_0150_00,BlastForteParamData.bIsImpossileGuard,true
BlastForte1_0150_00,BlastForteParamData.bNoAutoGuard,true
BlastForte2_0150_00,BlastForteParamData.Type,能力
BlastUltimate_0150_00,ExpendEnergy,50000
BlastUltimate_0150_00,TriggerExpendEnergy,50000
BlastUltimate_0150_00,bCanBlastImpact,true
BlastUltimate_0150_00,BlastImpactPower,12
BlastUltimate_0150_00,BlastUltimateParamData.bMapChangeEscapeEvenet,true
BlastUltimate_0150_00,BlastUltimateParamData.bMapChangeDestruct,true
BlastUltimate_0150_00,BlastGroup,GR0150_00UB
BlastSkill1_0151_00,ExpendEnergy,30000
BlastSkill1_0151_00,TriggerExpendEnergy,30000
BlastSkill1_0151_00,bCanBlastImpact,true
BlastSkill1_0151_00,BlastImpactPower,5
BlastSkill1_0151_00,bWeakSpecialShield,true
BlastSkill1_0151_00,BlastGroup,GR0151_00B1
BlastSkill2_0151_00,ExpendEnergy,40000
BlastSkill2_0151_00,TriggerExpendEnergy,40000
BlastSkill2_0151_00,BlastSkillParamData.bMapChangeEscapeEvenet,true
BlastSkill2_0151_00,BlastSkillParamData.bNonLockUsable,false
BlastSkill2_0151_00,BlastGroup,GR0151_00B2
BlastForte1_0151_00,BlastForteParamData.Type,爆破
BlastForte1_0151_00,BlastForteParamData.bInterruptibleExplosion,true
BlastForte1_0151_00,BlastForteParamData.bInterruptibleBarrier,true
BlastForte1_0151_00,BlastForteParamData.bTurnBeforeTransition,false
BlastForte2_0151_00,BlastForteParamData.Type,能力
BlastUltimate_0151_00,LungeSpeed,11700
BlastUltimate_0151_00,ExpendEnergy,50000
BlastUltimate_0151_00,TriggerExpendEnergy,50000
BlastUltimate_0151_00,bCanSpeedImpact,true
BlastUltimate_0151_00,BlastUltimateParamData.Type,突進格闘
BlastUltimate_0151_00,BlastUltimateParamData.bNonLockUsable,false
BlastUltimate_0151_00,BlastUltimateParamData.MoveLimitTime,1
BlastUltimate_0151_00,BlastGroup,GR0151_00UB
BlastSkill1_0152_00,ExpendEnergy,20000
BlastSkill1_0152_00,TriggerExpendEnergy,20000
BlastSkill1_0152_00,bWeakSpecialShield,true
BlastSkill1_0152_00,BlastGroup,GR0150_00B1
BlastSkill2_0152_00,LungeSpeed,10000
BlastSkill2_0152_00,ExpendEnergy,30000
BlastSkill2_0152_00,TriggerExpendEnergy,15000
BlastSkill2_0152_00,bCanSpeedImpact,true
BlastSkill2_0152_00,BlastSkillParamData.Type,突進格闘
BlastSkill2_0152_00,BlastSkillParamData.bNonLockUsable,false
BlastSkill2_0152_00,BlastSkillParamData.MoveLimitTime,1.5
BlastSkill2_0152_00,BlastSkillParamData.MoveType,EBlastDashMoveType::ControllableTarget
BlastSkill2_0152_00,BlastGroup,GR0080_10B2
BlastForte1_0152_00,BlastForteParamData.Type,爆破
BlastForte1_0152_00,BlastForteParamData.bInterruptibleExplosion,true
BlastForte1_0152_00,BlastForteParamData.bInterruptibleBarrier,true
BlastForte1_0152_00,BlastForteParamData.bTurnBeforeTransition,false
BlastForte2_0152_00,BlastForteParamData.Type,能力
BlastUltimate_0152_00,LungeSpeed,8750
BlastUltimate_0152_00,ExpendEnergy,50000
BlastUltimate_0152_00,TriggerExpendEnergy,50000
BlastUltimate_0152_00,bCanSpeedImpact,true
BlastUltimate_0152_00,BlastUltimateParamData.Type,突進格闘
BlastUltimate_0152_00,BlastUltimateParamData.bNonLockUsable,false
BlastUltimate_0152_00,BlastUltimateParamData.MoveLimitTime,2
BlastUltimate_0152_00,BlastUltimateParamData.MoveType,EBlastDashMoveType::ControllableTarget
BlastUltimate_0152_00,BlastGroup,GR0152_00UB
BlastSkill1_0153_00,ExpendEnergy,20000
BlastSkill1_0153_00,TriggerExpendEnergy,20000
BlastSkill1_0153_00,bWeakSpecialShield,true
BlastSkill1_0153_00,BlastGroup,GR0150_00B1
BlastSkill2_0153_00,LungeSpeed,8750
BlastSkill2_0153_00,ExpendEnergy,30000
BlastSkill2_0153_00,TriggerExpendEnergy,15000
BlastSkill2_0153_00,bCanSpeedImpact,true
BlastSkill2_0153_00,BlastSkillParamData.Type,突進格闘
BlastSkill2_0153_00,BlastSkillParamData.bNonLockUsable,false
BlastSkill2_0153_00,BlastSkillParamData.MoveLimitTime,2
BlastSkill2_0153_00,BlastSkillParamData.MoveType,EBlastDashMoveType::ControllableTarget
BlastSkill2_0153_00,BlastGroup,GR0153_00B2
BlastForte1_0153_00,BlastForteParamData.Type,拘束
BlastForte1_0153_00,BlastForteParamData.bIsImpossileGuard,true
BlastForte1_0153_00,BlastForteParamData.bNoAutoGuard,true
BlastForte2_0153_00,ExpendBlastStock,4
BlastForte2_0153_00,TriggerExpendBlastStock,4
BlastForte2_0153_00,BlastForteParamData.Type,特殊
BlastForte2_0153_00,BlastForteParamData.bNoAutoGuard,true
BlastUltimate_0153_00,ExpendEnergy,50000
BlastUltimate_0153_00,TriggerExpendEnergy,50000
BlastUltimate_0153_00,bCanBlastImpact,true
BlastUltimate_0153_00,BlastImpactPower,12
BlastUltimate_0153_00,BlastUltimateParamData.bMapChangeEscapeEvenet,true
BlastUltimate_0153_00,BlastUltimateParamData.bMapChangeDestruct,true
BlastUltimate_0153_00,BlastGroup,GR0153_00UB
BlastSkill1_0153_10,ExpendEnergy,20000
BlastSkill1_0153_10,TriggerExpendEnergy,20000
BlastSkill1_0153_10,bWeakSpecialShield,true
BlastSkill1_0153_10,BlastSkillParamData.bKamehameHa,false
BlastSkill1_0153_10,BlastGroup,GR0150_00B1
BlastSkill2_0153_10,ExpendEnergy,30000
BlastSkill2_0153_10,TriggerExpendEnergy,30000
BlastSkill2_0153_10,BlastSkillParamData.bImpossibleGuard,true
BlastSkill2_0153_10,BlastGroup,GR0153_10B2
BlastForte1_0153_10,BlastForteParamData.Type,拘束
BlastForte1_0153_10,BlastForteParamData.bIsImpossileGuard,true
BlastForte1_0153_10,BlastForteParamData.bNoAutoGuard,true
BlastForte2_0153_10,BlastForteParamData.Type,能力
BlastUltimate_0153_10,ExpendEnergy,50000
BlastUltimate_0153_10,TriggerExpendEnergy,50000
BlastUltimate_0153_10,bCanBlastImpact,true
BlastUltimate_0153_10,BlastImpactPower,12
BlastUltimate_0153_10,BlastUltimateParamData.bMapChangeEscapeEvenet,true
BlastUltimate_0153_10,BlastUltimateParamData.bMapChangeDestruct,true
BlastUltimate_0153_10,BlastGroup,GR0153_10UB
BlastSkill1_0153_20,ExpendEnergy,20000
BlastSkill1_0153_20,TriggerExpendEnergy,20000
BlastSkill1_0153_20,bWeakSpecialShield,true
BlastSkill1_0153_20,BlastSkillParamData.bKamehameHa,false
BlastSkill1_0153_20,BlastGroup,GR0150_00B1
BlastSkill2_0153_20,LungeSpeed,11700
BlastSkill2_0153_20,ExpendEnergy,40000
BlastSkill2_0153_20,TriggerExpendEnergy,20000
BlastSkill2_0153_20,bCanSpeedImpact,true
BlastSkill2_0153_20,BlastSkillParamData.Type,突進格闘
BlastSkill2_0153_20,BlastSkillParamData.bImpossibleGuard,true
BlastSkill2_0153_20,BlastSkillParamData.bNonLockUsable,false
BlastSkill2_0153_20,BlastSkillParamData.MoveLimitTime,1
BlastSkill2_0153_20,BlastGroup,GR0153_20B2
BlastForte1_0153_20,BlastForteParamData.Type,拘束
BlastForte1_0153_20,BlastForteParamData.bIsImpossileGuard,true
BlastForte1_0153_20,BlastForteParamData.bNoAutoGuard,true
BlastForte2_0153_20,BlastForteParamData.Type,能力
BlastUltimate_0153_20,ExpendEnergy,50000
BlastUltimate_0153_20,TriggerExpendEnergy,50000
BlastUltimate_0153_20,bCanBlastImpact,true
BlastUltimate_0153_20,BlastImpactPower,12
BlastUltimate_0153_20,BlastUltimateParamData.bMapChangeEscapeEvenet,true
BlastUltimate_0153_20,BlastUltimateParamData.bMapChangeDestruct,true
BlastUltimate_0153_20,BlastGroup,GR0150_00UB
BlastUltimate2_0153_20_02,LungeSpeed,11700
BlastUltimate2_0153_20_02,ExpendEnergy,50000
BlastUltimate2_0153_20_02,TriggerExpendEnergy,50000
BlastUltimate2_0153_20_02,bCanSpeedImpact,true
BlastUltimate2_0153_20_02,SupportCharacters[0].bInheritDamageModel,false
BlastUltimate2_0153_20_02,SupportCharacters[0].bInheritEquipItems,false
BlastUltimate2_0153_20_02,SupportCharacters[0].CostumeDamageLv,0
BlastUltimate2_0153_20_02,SupportCharacters[0].CostumeScratchLv,1
BlastUltimate2_0153_20_02,SupportCharacters[0].bIsSubCharacterCostume,false
BlastUltimate2_0153_20_02,SupportCharacters[0].bIsSubCharacterEquipItems,true
BlastUltimate2_0153_20_02,BlastUltimateParamData.Type,突進格闘
BlastUltimate2_0153_20_02,BlastGroup,GR0000_00UB
BlastSkill1_0154_00,ExpendEnergy,30000
BlastSkill1_0154_00,TriggerExpendEnergy,30000
BlastSkill1_0154_00,BlastSkillParamData.bImpossibleGuard,true
BlastSkill1_0154_00,BlastGroup,GR0154_00B1
BlastSkill2_0154_00,LungeSpeed,10000
BlastSkill2_0154_00,ExpendEnergy,40000
BlastSkill2_0154_00,TriggerExpendEnergy,40000
BlastSkill2_0154_00,bCanSpeedImpact,true
BlastSkill2_0154_00,BlastSkillParamData.Type,突進格闘
BlastSkill2_0154_00,BlastSkillParamData.bImpossibleGuard,true
BlastSkill2_0154_00,BlastSkillParamData.bNonLockUsable,false
BlastSkill2_0154_00,BlastSkillParamData.MoveLimitTime,2
BlastSkill2_0154_00,BlastSkillParamData.MoveType,EBlastDashMoveType::ControllableTurn
BlastSkill2_0154_00,BlastGroup,GR0154_00B2
BlastForte1_0154_00,BlastForteParamData.Type,拘束
BlastForte1_0154_00,BlastForteParamData.bIsImpossileGuard,true
BlastForte1_0154_00,BlastForteParamData.bNoAutoGuard,true
BlastForte2_0154_00,ExpendBlastStock,4
BlastForte2_0154_00,TriggerExpendBlastStock,4
BlastForte2_0154_00,BlastForteParamData.Type,特殊
BlastForte2_0154_00,BlastForteParamData.bNoAutoGuard,true
BlastUltimate_0154_00,ExpendEnergy,50000
BlastUltimate_0154_00,TriggerExpendEnergy,50000
BlastUltimate_0154_00,bCanBlastImpact,true
BlastUltimate_0154_00,BlastImpactPower,9
BlastUltimate_0154_00,BlastUltimateParamData.bMapChangeEscapeEvenet,true
BlastUltimate_0154_00,BlastGroup,GR0154_00UB
BlastSkill1_0155_00,ExpendEnergy,30000
BlastSkill1_0155_00,TriggerExpendEnergy,30000
BlastSkill1_0155_00,bWeakSpecialShield,true
BlastSkill1_0155_00,BlastGroup,GR0150_00B1
BlastSkill2_0155_00,LungeSpeed,11700
BlastSkill2_0155_00,ExpendEnergy,30000
BlastSkill2_0155_00,TriggerExpendEnergy,15000
BlastSkill2_0155_00,bCanSpeedImpact,true
BlastSkill2_0155_00,BlastSkillParamData.Type,突進格闘
BlastSkill2_0155_00,BlastSkillParamData.bNonLockUsable,false
BlastSkill2_0155_00,BlastSkillParamData.MoveLimitTime,1
BlastSkill2_0155_00,BlastGroup,GR0000_43B2
BlastForte1_0155_00,BlastForteParamData.Type,残像拳
BlastForte2_0155_00,ExpendBlastStock,4
BlastForte2_0155_00,TriggerExpendBlastStock,4
BlastForte2_0155_00,BlastForteParamData.Type,特殊
BlastForte2_0155_00,BlastForteParamData.bNoAutoGuard,true
BlastUltimate_0155_00,LungeSpeed,8750
BlastUltimate_0155_00,ExpendEnergy,50000
BlastUltimate_0155_00,TriggerExpendEnergy,50000
BlastUltimate_0155_00,bCanSpeedImpact,true
BlastUltimate_0155_00,BlastUltimateParamData.Type,突進格闘
BlastUltimate_0155_00,BlastUltimateParamData.bMapChangeDestruct,true
BlastUltimate_0155_00,BlastUltimateParamData.bNonLockUsable,false
BlastUltimate_0155_00,BlastUltimateParamData.MoveLimitTime,2
BlastUltimate_0155_00,BlastUltimateParamData.MoveType,EBlastDashMoveType::ControllableTarget
BlastUltimate_0155_00,BlastGroup,GR0155_00UB
BlastSkill1_0160_00,ExpendEnergy,30000
BlastSkill1_0160_00,TriggerExpendEnergy,30000
BlastSkill1_0160_00,bCanBlastImpact,true
BlastSkill1_0160_00,BlastImpactPower,5
BlastSkill1_0160_00,bWeakSpecialShield,true
BlastSkill1_0160_00,BlastSkillParamData.bMapChangeEscapeEvenet,true
BlastSkill1_0160_00,BlastSkillParamData.SuperZCounterType,EKoratSuperZCounterType::Repel
BlastSkill1_0160_00,BlastSkillParamData.bTurnCGSection,true
BlastSkill1_0160_00,BlastGroup,GR0000_00B1
BlastSkill2_0160_00,ExpendEnergy,30000
BlastSkill2_0160_00,TriggerExpendEnergy,30000
BlastSkill2_0160_00,MaxChargeDamageRate,1.8
BlastSkill2_0160_00,bWeakSpecialShield,true
BlastSkill2_0160_00,BlastSkillParamData.bMapChangeEscapeEvenet,true
BlastSkill2_0160_00,BlastSkillParamData.bTurnCGSection,true
BlastSkill2_0160_00,BlastGroup,GR0032_31B2
BlastForte1_0160_00,BlastForteParamData.bIsImpossileGuard,true
BlastForte1_0160_00,BlastForteParamData.bNoAutoGuard,true
BlastForte2_0160_00,BlastForteParamData.Type,残像拳
BlastUltimate_0160_00,LungeSpeed,8750
BlastUltimate_0160_00,ExpendEnergy,50000
BlastUltimate_0160_00,TriggerExpendEnergy,50000
BlastUltimate_0160_00,bCanSpeedImpact,true
BlastUltimate_0160_00,BlastUltimateParamData.Type,突進格闘
BlastUltimate_0160_00,BlastUltimateParamData.bNonLockUsable,false
BlastUltimate_0160_00,BlastUltimateParamData.MoveLimitTime,2
BlastUltimate_0160_00,BlastUltimateParamData.MoveType,EBlastDashMoveType::ControllableTarget
BlastUltimate_0160_00,BlastGroup,GR0160_00UB
BlastSkill1_0161_00,ExpendEnergy,30000
BlastSkill1_0161_00,TriggerExpendEnergy,30000
BlastSkill1_0161_00,bCanBlastImpact,true
BlastSkill1_0161_00,BlastImpactPower,5
BlastSkill1_0161_00,bWeakSpecialShield,true
BlastSkill1_0161_00,BlastSkillParamData.bMapChangeEscapeEvenet,true
BlastSkill1_0161_00,BlastSkillParamData.SuperZCounterType,EKoratSuperZCounterType::Repel
BlastSkill1_0161_00,BlastGroup,GR0161_00B1
BlastSkill2_0161_00,LungeSpeed,8750
BlastSkill2_0161_00,ExpendEnergy,30000
BlastSkill2_0161_00,TriggerExpendEnergy,15000
BlastSkill2_0161_00,bCanSpeedImpact,true
BlastSkill2_0161_00,BlastSkillParamData.Type,突進格闘
BlastSkill2_0161_00,BlastSkillParamData.bNonLockUsable,false
BlastSkill2_0161_00,BlastSkillParamData.MoveLimitTime,2
BlastSkill2_0161_00,BlastSkillParamData.MoveType,EBlastDashMoveType::ControllableTarget
BlastSkill2_0161_00,BlastGroup,GR0161_00B2
BlastForte1_0161_00,BlastForteParamData.bIsImpossileGuard,true
BlastForte1_0161_00,BlastForteParamData.bNoAutoGuard,true
BlastForte2_0161_00,BlastForteParamData.Type,能力
BlastUltimate_0161_00,bGaveAfterStateToBlowFalling,true
BlastUltimate_0161_00,LungeSpeed,11700
BlastUltimate_0161_00,ExpendEnergy,50000
BlastUltimate_0161_00,TriggerExpendEnergy,50000
BlastUltimate_0161_00,SupportCharacters[0].bInheritDamageModel,false
BlastUltimate_0161_00,SupportCharacters[0].bInheritEquipItems,false
BlastUltimate_0161_00,SupportCharacters[0].CostumeDamageLv,0
BlastUltimate_0161_00,SupportCharacters[0].CostumeScratchLv,0
BlastUltimate_0161_00,SupportCharacters[0].bIsSubCharacterCostume,false
BlastUltimate_0161_00,SupportCharacters[0].bIsSubCharacterEquipItems,false
BlastUltimate_0161_00,BlastUltimateParamData.bMapChangeEscapeEvenet,true
BlastUltimate_0161_00,BlastUltimateParamData.bMapChangeDestruct,true
BlastUltimate_0161_00,BlastUltimateParamData.bImpossibleGuard,true
BlastUltimate_0161_00,BlastUltimateParamData.MoveLimitTime,1
BlastUltimate_0161_00,BlastUltimateParamData.SureToHitRange,500
BlastUltimate_0161_00,BlastGroup,GR0161_00UB
BlastSkill1_0162_00,ExpendEnergy,30000
BlastSkill1_0162_00,TriggerExpendEnergy,30000
BlastSkill1_0162_00,bCanBlastImpact,true
BlastSkill1_0162_00,BlastImpactPower,5
BlastSkill1_0162_00,bWeakSpecialShield,true
BlastSkill1_0162_00,BlastSkillParamData.bMapChangeEscapeEvenet,true
BlastSkill1_0162_00,BlastSkillParamData.SuperZCounterType,EKoratSuperZCounterType::Repel
BlastSkill1_0162_00,BlastSkillParamData.bTurnCGSection,true
BlastSkill1_0162_00,BlastGroup,GR0000_00B1
BlastSkill2_0162_00,ExpendEnergy,20000
BlastSkill2_0162_00,TriggerExpendEnergy,20000
BlastSkill2_0162_00,bWeakSpecialShield,true
BlastSkill2_0162_00,BlastGroup,GR0150_00B1
BlastForte1_0162_00,BlastForteParamData.Type,爆破
BlastForte1_0162_00,BlastForteParamData.bInterruptibleExplosion,true
BlastForte1_0162_00,BlastForteParamData.bInterruptibleBarrier,true
BlastForte1_0162_00,BlastForteParamData.bTurnBeforeTransition,false
BlastForte2_0162_00,BlastForteParamData.Type,残像拳
BlastUltimate_0162_00,ExpendEnergy,50000
BlastUltimate_0162_00,TriggerExpendEnergy,50000
BlastUltimate_0162_00,BlastUltimateParamData.bMapChangeEscapeEvenet,true
BlastUltimate_0162_00,BlastUltimateParamData.bKamehameHa,false
BlastUltimate_0162_00,BlastUltimateParamData.SureToHitRange,500
BlastUltimate_0162_00,BlastUltimateParamData.bBackstepWhenNearMode,false
BlastUltimate_0162_00,BlastGroup,GR0162_00UB
BlastSkill1_0162_01,ExpendEnergy,20000
BlastSkill1_0162_01,TriggerExpendEnergy,20000
BlastSkill1_0162_01,bWeakSpecialShield,true
BlastSkill1_0162_01,BlastGroup,GR0162_01B1
BlastSkill2_0162_01,LungeSpeed,11700
BlastSkill2_0162_01,ExpendEnergy,30000
BlastSkill2_0162_01,TriggerExpendEnergy,15000
BlastSkill2_0162_01,bCanSpeedImpact,true
BlastSkill2_0162_01,BlastSkillParamData.Type,突進格闘
BlastSkill2_0162_01,BlastSkillParamData.bNonLockUsable,false
BlastSkill2_0162_01,BlastSkillParamData.MoveLimitTime,1
BlastSkill2_0162_01,BlastGroup,GR0162_01B2
BlastForte1_0162_01,BlastForteParamData.Type,瞬間移動
BlastForte1_0162_01,BlastForteParamData.bNonLockUsable,false
BlastForte2_0162_01,BlastForteParamData.Type,残像拳
BlastForte2_0162_01,BlastForteParamData.bNoHitCheckCombatives,true
BlastUltimate_0162_01,ExpendEnergy,50000
BlastUltimate_0162_01,TriggerExpendEnergy,50000
BlastUltimate_0162_01,bCanBlastImpact,true
BlastUltimate_0162_01,BlastImpactPower,9
BlastUltimate_0162_01,BlastUltimateParamData.bMapChangeEscapeEvenet,true
BlastUltimate_0162_01,BlastUltimateParamData.bMapChangeDestruct,true
BlastUltimate_0162_01,BlastUltimateParamData.bKamehameHa,false
BlastUltimate_0162_01,BlastGroup,GR0000_00B1
BlastSkill1_0163_00,ExpendEnergy,30000
BlastSkill1_0163_00,TriggerExpendEnergy,30000
BlastSkill1_0163_00,bWeakSpecialShield,true
BlastSkill1_0163_00,BlastSkillParamData.bTurnCGSection,true
BlastSkill1_0163_00,BlastGroup,GR0032_31B2
BlastSkill2_0163_00,LungeSpeed,8750
BlastSkill2_0163_00,ExpendEnergy,30000
BlastSkill2_0163_00,TriggerExpendEnergy,15000
BlastSkill2_0163_00,bCanSpeedImpact,true
BlastSkill2_0163_00,BlastSkillParamData.Type,突進格闘
BlastSkill2_0163_00,BlastSkillParamData.bNonLockUsable,false
BlastSkill2_0163_00,BlastSkillParamData.MoveLimitTime,2
BlastSkill2_0163_00,BlastSkillParamData.MoveType,EBlastDashMoveType::ControllableTarget
BlastSkill2_0163_00,BlastGroup,GR0163_00B2
BlastForte1_0163_00,BlastForteParamData.bIsImpossileGuard,true
BlastForte1_0163_00,BlastForteParamData.bNoAutoGuard,true
BlastForte2_0163_00,BlastForteParamData.Type,爆破
BlastForte2_0163_00,BlastForteParamData.bInterruptibleExplosion,true
BlastForte2_0163_00,BlastForteParamData.bInterruptibleBarrier,true
BlastForte2_0163_00,BlastForteParamData.bTurnBeforeTransition,false
BlastUltimate_0163_00,ExpendEnergy,50000
BlastUltimate_0163_00,TriggerExpendEnergy,50000
BlastUltimate_0163_00,bCanBlastImpact,true
BlastUltimate_0163_00,BlastImpactPower,9
BlastUltimate_0163_00,BlastUltimateParamData.bMapChangeEscapeEvenet,true
BlastUltimate_0163_00,BlastGroup,GR0000_00B1
BlastSkill1_0170_00,ExpendEnergy,30000
BlastSkill1_0170_00,TriggerExpendEnergy,30000
BlastSkill1_0170_00,SupportCharacters[0].bInheritDamageModel,false
BlastSkill1_0170_00,SupportCharacters[0].bInheritEquipItems,false
BlastSkill1_0170_00,SupportCharacters[0].CostumeDamageLv,0
BlastSkill1_0170_00,SupportCharacters[0].CostumeScratchLv,0
BlastSkill1_0170_00,SupportCharacters[0].bIsSubCharacterCostume,false
BlastSkill1_0170_00,SupportCharacters[0].bIsSubCharacterEquipItems,false
BlastSkill1_0170_00,BlastSkillParamData.bEnableSteel,false
BlastSkill1_0170_00,BlastGroup,GR0170_00B1
BlastSkill2_0170_00,ExpendEnergy,30000
BlastSkill2_0170_00,TriggerExpendEnergy,30000
BlastSkill2_0170_00,bCanBlastImpact,true
BlastSkill2_0170_00,BlastImpactPower,5
BlastSkill2_0170_00,bWeakSpecialShield,true
BlastSkill2_0170_00,BlastSkillParamData.bMapChangeEscapeEvenet,true
BlastSkill2_0170_00,BlastSkillParamData.SuperZCounterType,EKoratSuperZCounterType::Repel
BlastSkill2_0170_00,BlastSkillParamData.bTurnCGSection,true
BlastSkill2_0170_00,BlastGroup,GR0000_00B1
BlastForte1_0170_00,BlastForteParamData.Type,拘束
BlastForte1_0170_00,BlastForteParamData.bIsImpossileGuard,true
BlastForte1_0170_00,BlastForteParamData.bNoAutoGuard,true
BlastForte2_0170_00,ExpendBlastStock,4
BlastForte2_0170_00,TriggerExpendBlastStock,4
BlastForte2_0170_00,BlastForteParamData.Type,特殊
BlastForte2_0170_00,BlastForteParamData.bNoAutoGuard,true
BlastUltimate_0170_00,ExpendEnergy,50000
BlastUltimate_0170_00,TriggerExpendEnergy,50000
BlastUltimate_0170_00,BlastUltimateParamData.bMapChangeEscapeEvenet,true
BlastUltimate_0170_00,BlastUltimateParamData.bImpossibleGuard,true
BlastUltimate_0170_00,BlastUltimateParamData.bKamehameHa,false
BlastUltimate_0170_00,BlastUltimateParamData.SureToHitRange,500
BlastUltimate_0170_00,BlastGroup,GR0170_00UB
BlastSkill1_0171_00,ExpendEnergy,30000
BlastSkill1_0171_00,TriggerExpendEnergy,30000
BlastSkill1_0171_00,bCanBlastImpact,true
BlastSkill1_0171_00,BlastImpactPower,5
BlastSkill1_0171_00,bWeakSpecialShield,true
BlastSkill1_0171_00,BlastSkillParamData.bMapChangeEscapeEvenet,true
BlastSkill1_0171_00,BlastSkillParamData.SuperZCounterType,EKoratSuperZCounterType::Repel
BlastSkill1_0171_00,BlastSkillParamData.bTurnCGSection,true
BlastSkill1_0171_00,BlastGroup,GR0000_00B1
BlastSkill2_0171_00,ExpendEnergy,30000
BlastSkill2_0171_00,TriggerExpendEnergy,30000
BlastSkill2_0171_00,BlastSkillParamData.bImpossibleGuard,true
BlastSkill2_0171_00,BlastSkillParamData.SuperZCounterType,EKoratSuperZCounterType::Erase
BlastSkill2_0171_00,BlastSkillParamData.bBackstepWhenNearMode,false
BlastSkill2_0171_00,BlastGroup,GR0171_00B2
BlastForte1_0171_00,BlastForteParamData.Type,拘束
BlastForte1_0171_00,BlastForteParamData.bIsImpossileGuard,true
BlastForte1_0171_00,BlastForteParamData.bNoAutoGuard,true
BlastForte2_0171_00,ExpendBlastStock,1
BlastForte2_0171_00,TriggerExpendBlastStock,1
BlastForte2_0171_00,BlastForteParamData.Type,特殊
BlastForte2_0171_00,BlastForteParamData.bNoAutoGuard,true
BlastUltimate_0171_00,LungeSpeed,8750
BlastUltimate_0171_00,ExpendEnergy,50000
BlastUltimate_0171_00,TriggerExpendEnergy,50000
BlastUltimate_0171_00,bCanSpeedImpact,true
BlastUltimate_0171_00,BlastUltimateParamData.Type,突進格闘
BlastUltimate_0171_00,BlastUltimateParamData.bDontJostle,true
BlastUltimate_0171_00,BlastUltimateParamData.bKamehameHa,false
BlastUltimate_0171_00,BlastUltimateParamData.bNonLockUsable,false
BlastUltimate_0171_00,BlastUltimateParamData.MoveLimitTime,2
BlastUltimate_0171_00,BlastUltimateParamData.MoveType,EBlastDashMoveType::ControllableTarget
BlastUltimate_0171_00,BlastGroup,GR0171_00UB
BlastSkill1_0172_00,ExpendEnergy,30000
BlastSkill1_0172_00,TriggerExpendEnergy,30000
BlastSkill1_0172_00,bWeakSpecialShield,true
BlastSkill1_0172_00,BlastGroup,GR0172_00B1
BlastSkill2_0172_00,ExpendEnergy,40000
BlastSkill2_0172_00,TriggerExpendEnergy,40000
BlastSkill2_0172_00,SupportCharacters[0].bInheritDamageModel,false
BlastSkill2_0172_00,SupportCharacters[0].bInheritEquipItems,false
BlastSkill2_0172_00,SupportCharacters[0].CostumeDamageLv,0
BlastSkill2_0172_00,SupportCharacters[0].CostumeScratchLv,0
BlastSkill2_0172_00,SupportCharacters[0].bIsSubCharacterCostume,false
BlastSkill2_0172_00,SupportCharacters[0].bIsSubCharacterEquipItems,false
BlastSkill2_0172_00,BlastSkillParamData.bImpossibleGuard,true
BlastSkill2_0172_00,BlastGroup,GR0172_00B2
BlastForte1_0172_00,BlastForteParamData.Type,拘束
BlastForte1_0172_00,BlastForteParamData.bIsImpossileGuard,true
BlastForte1_0172_00,BlastForteParamData.bNoAutoGuard,true
BlastForte2_0172_00,ExpendBlastStock,4
BlastForte2_0172_00,TriggerExpendBlastStock,4
BlastForte2_0172_00,BlastForteParamData.Type,特殊
BlastForte2_0172_00,BlastForteParamData.bIsImpossileGuard,true
BlastForte2_0172_00,BlastForteParamData.bNoAutoGuard,true
BlastUltimate_0172_00,bGaveAfterStateToBlowFalling,true
BlastUltimate_0172_00,bGaveAfterStateToBlowFallingAlsoSIOT,true
BlastUltimate_0172_00,ExpendEnergy,50000
BlastUltimate_0172_00,TriggerExpendEnergy,50000
BlastUltimate_0172_00,BlastUltimateParamData.bMapChangeEscapeEvenet,true
BlastUltimate_0172_00,BlastUltimateParamData.bImpossibleGuard,true
BlastUltimate_0172_00,BlastUltimateParamData.SureToHitRange,500
BlastUltimate_0172_00,BlastGroup,GR0172_00UB
BlastSkill1_0172_10,ExpendEnergy,30000
BlastSkill1_0172_10,TriggerExpendEnergy,30000
BlastSkill1_0172_10,BlastSkillParamData.bImpossibleGuard,true
BlastSkill1_0172_10,BlastGroup,GR0172_10B1
BlastSkill2_0172_10,ExpendEnergy,30000
BlastSkill2_0172_10,TriggerExpendEnergy,30000
BlastSkill2_0172_10,bWeakSpecialShield,true
BlastSkill2_0172_10,BlastSkillParamData.bTurnCGSection,true
BlastSkill2_0172_10,BlastGroup,GR0032_31B2
BlastForte1_0172_10,BlastForteParamData.Type,爆破
BlastForte1_0172_10,BlastForteParamData.bInterruptibleExplosion,true
BlastForte1_0172_10,BlastForteParamData.bInterruptibleBarrier,true
BlastForte1_0172_10,BlastForteParamData.bTurnBeforeTransition,false
BlastForte2_0172_10,ExpendBlastStock,4
BlastForte2_0172_10,TriggerExpendBlastStock,4
BlastForte2_0172_10,BlastForteParamData.Type,特殊
BlastForte2_0172_10,BlastForteParamData.bNoAutoGuard,true
BlastUltimate_0172_10,ExpendEnergy,50000
BlastUltimate_0172_10,TriggerExpendEnergy,50000
BlastUltimate_0172_10,bCanBlastImpact,true
BlastUltimate_0172_10,BlastImpactPower,9
BlastUltimate_0172_10,BlastUltimateParamData.bMapChangeEscapeEvenet,true
BlastUltimate_0172_10,BlastGroup,GR0000_00B1
BlastSkill1_0172_11,ExpendEnergy,30000
BlastSkill1_0172_11,TriggerExpendEnergy,30000
BlastSkill1_0172_11,bCanBlastImpact,true
BlastSkill1_0172_11,BlastImpactPower,5
BlastSkill1_0172_11,bWeakSpecialShield,true
BlastSkill1_0172_11,BlastSkillParamData.bMapChangeEscapeEvenet,true
BlastSkill1_0172_11,BlastSkillParamData.SuperZCounterType,EKoratSuperZCounterType::Repel
BlastSkill1_0172_11,BlastSkillParamData.bTurnCGSection,true
BlastSkill1_0172_11,BlastGroup,GR0000_00B1
BlastSkill2_0172_11,ExpendEnergy,40000
BlastSkill2_0172_11,TriggerExpendEnergy,40000
BlastSkill2_0172_11,SupportCharacters[0].bInheritDamageModel,false
BlastSkill2_0172_11,SupportCharacters[0].bInheritEquipItems,false
BlastSkill2_0172_11,SupportCharacters[0].CostumeDamageLv,0
BlastSkill2_0172_11,SupportCharacters[0].CostumeScratchLv,0
BlastSkill2_0172_11,SupportCharacters[0].bIsSubCharacterCostume,false
BlastSkill2_0172_11,SupportCharacters[0].bIsSubCharacterEquipItems,false
BlastSkill2_0172_11,BlastSkillParamData.bImpossibleGuard,true
BlastSkill2_0172_11,BlastGroup,GR0172_00B2
BlastForte1_0172_11,BlastForteParamData.Type,残像拳
BlastForte2_0172_11,BlastForteParamData.Type,能力
BlastUltimate_0172_11,ExpendEnergy,50000
BlastUltimate_0172_11,TriggerExpendEnergy,50000
BlastUltimate_0172_11,SupportCharacters[0].bInheritDamageModel,false
BlastUltimate_0172_11,SupportCharacters[0].bInheritEquipItems,false
BlastUltimate_0172_11,SupportCharacters[0].CostumeDamageLv,0
BlastUltimate_0172_11,SupportCharacters[0].CostumeScratchLv,0
BlastUltimate_0172_11,SupportCharacters[0].bIsSubCharacterCostume,false
BlastUltimate_0172_11,SupportCharacters[0].bIsSubCharacterEquipItems,false
BlastUltimate_0172_11,SupportCharacters[1].bInheritDamageModel,false
BlastUltimate_0172_11,SupportCharacters[1].bInheritEquipItems,false
BlastUltimate_0172_11,SupportCharacters[1].CostumeDamageLv,0
BlastUltimate_0172_11,SupportCharacters[1].CostumeScratchLv,0
BlastUltimate_0172_11,SupportCharacters[1].bIsSubCharacterCostume,false
BlastUltimate_0172_11,SupportCharacters[1].bIsSubCharacterEquipItems,false
BlastUltimate_0172_11,SupportCharacters[2].bInheritDamageModel,false
BlastUltimate_0172_11,SupportCharacters[2].bInheritEquipItems,false
BlastUltimate_0172_11,SupportCharacters[2].CostumeDamageLv,0
BlastUltimate_0172_11,SupportCharacters[2].CostumeScratchLv,0
BlastUltimate_0172_11,SupportCharacters[2].bIsSubCharacterCostume,false
BlastUltimate_0172_11,SupportCharacters[2].bIsSubCharacterEquipItems,false
BlastUltimate_0172_11,SupportCharacters[3].bInheritDamageModel,false
BlastUltimate_0172_11,SupportCharacters[3].bInheritEquipItems,false
BlastUltimate_0172_11,SupportCharacters[3].CostumeDamageLv,0
BlastUltimate_0172_11,SupportCharacters[3].CostumeScratchLv,0
BlastUltimate_0172_11,SupportCharacters[3].bIsSubCharacterCostume,false
BlastUltimate_0172_11,SupportCharacters[3].bIsSubCharacterEquipItems,false
BlastUltimate_0172_11,SupportCharacters[4].bInheritDamageModel,false
BlastUltimate_0172_11,SupportCharacters[4].bInheritEquipItems,false
BlastUltimate_0172_11,SupportCharacters[4].CostumeDamageLv,0
BlastUltimate_0172_11,SupportCharacters[4].CostumeScratchLv,0
BlastUltimate_0172_11,SupportCharacters[4].bIsSubCharacterCostume,false
BlastUltimate_0172_11,SupportCharacters[4].bIsSubCharacterEquipItems,false
BlastUltimate_0172_11,SupportCharacters[5].bInheritDamageModel,false
BlastUltimate_0172_11,SupportCharacters[5].bInheritEquipItems,false
BlastUltimate_0172_11,SupportCharacters[5].CostumeDamageLv,0
BlastUltimate_0172_11,SupportCharacters[5].CostumeScratchLv,0
BlastUltimate_0172_11,SupportCharacters[5].bIsSubCharacterCostume,false
BlastUltimate_0172_11,SupportCharacters[5].bIsSubCharacterEquipItems,false
BlastUltimate_0172_11,SupportCharacters[6].bInheritDamageModel,false
BlastUltimate_0172_11,SupportCharacters[6].bInheritEquipItems,false
BlastUltimate_0172_11,SupportCharacters[6].CostumeDamageLv,0
BlastUltimate_0172_11,SupportCharacters[6].CostumeScratchLv,0
BlastUltimate_0172_11,SupportCharacters[6].bIsSubCharacterCostume,false
BlastUltimate_0172_11,SupportCharacters[6].bIsSubCharacterEquipItems,false
BlastUltimate_0172_11,BlastUltimateParamData.bImpossibleGuard,true
BlastUltimate_0172_11,BlastGroup,GR0172_11UB
BlastSkill1_0173_00,ExpendEnergy,30000
BlastSkill1_0173_00,TriggerExpendEnergy,30000
BlastSkill1_0173_00,bCanBlastImpact,true
BlastSkill1_0173_00,BlastImpactPower,5
BlastSkill1_0173_00,bWeakSpecialShield,true
BlastSkill1_0173_00,BlastSkillParamData.bMapChangeEscapeEvenet,true
BlastSkill1_0173_00,BlastSkillParamData.SuperZCounterType,EKoratSuperZCounterType::Repel
BlastSkill1_0173_00,BlastSkillParamData.bTurnCGSection,true
BlastSkill1_0173_00,BlastGroup,GR0000_00B1
BlastSkill2_0173_00,LungeSpeed,11700
BlastSkill2_0173_00,ExpendEnergy,30000
BlastSkill2_0173_00,TriggerExpendEnergy,15000
BlastSkill2_0173_00,bCanSpeedImpact,true
BlastSkill2_0173_00,BlastSkillParamData.Type,突進格闘
BlastSkill2_0173_00,BlastSkillParamData.bNonLockUsable,false
BlastSkill2_0173_00,BlastSkillParamData.MoveLimitTime,1
BlastSkill2_0173_00,BlastSkillParamData.MoveType,EBlastDashMoveType::ControllableTarget
BlastSkill2_0173_00,BlastGroup,GR0173_00B2
BlastForte1_0173_00,BlastForteParamData.Type,瞬間移動
BlastForte1_0173_00,BlastForteParamData.bNonLockUsable,false
BlastForte2_0173_00,ExpendBlastStock,4
BlastForte2_0173_00,TriggerExpendBlastStock,4
BlastForte2_0173_00,BlastForteParamData.Type,特殊
BlastForte2_0173_00,BlastForteParamData.bNoAutoGuard,true
BlastUltimate_0173_00,ExpendEnergy,50000
BlastUltimate_0173_00,TriggerExpendEnergy,50000
BlastUltimate_0173_00,bCanBlastImpact,true
BlastUltimate_0173_00,BlastImpactPower,12
BlastUltimate_0173_00,BlastUltimateParamData.bMapChangeEscapeEvenet,true
BlastUltimate_0173_00,BlastUltimateParamData.bMapChangeDestruct,true
BlastUltimate_0173_00,BlastUltimateParamData.bKamehameHa,false
BlastUltimate_0173_00,BlastGroup,GR0173_00UB
BlastSkill1_0180_00,LungeSpeed,10000
BlastSkill1_0180_00,ExpendEnergy,30000
BlastSkill1_0180_00,TriggerExpendEnergy,15000
BlastSkill1_0180_00,bCanSpeedImpact,true
BlastSkill1_0180_00,BlastSkillParamData.Type,突進格闘
BlastSkill1_0180_00,BlastSkillParamData.bNonLockUsable,false
BlastSkill1_0180_00,BlastSkillParamData.BlastDemoBranchConditions[0].BranchType,ESSBlastDemoBranchType::SpDerivA
BlastSkill1_0180_00,BlastSkillParamData.BlastDemoBranchConditions[0].SortId,0
BlastSkill1_0180_00,BlastSkillParamData.BlastDemoBranchConditions[0].bTrueIfAllApply,false
BlastSkill1_0180_00,BlastSkillParamData.BlastDemoBranchConditions[0].MyselfRemainingHP,0
BlastSkill1_0180_00,BlastSkillParamData.BlastDemoBranchConditions[0].ExParam,-1
BlastSkill1_0180_00,BlastSkillParamData.BlastDemoBranchConditions[0].SpDerivationType,EBlastDemoSpDerivationType::DynamiteKick
BlastSkill1_0180_00,BlastSkillParamData.BlastDemoBranchConditions[0].VictoryAppealWarpType,EVictoryAppealWarpType::MyselfSafeArea
BlastSkill1_0180_00,BlastSkillParamData.MoveLimitTime,1.5
BlastSkill1_0180_00,BlastGroup,GR0180_00B1
BlastSkill2_0180_00,LungeSpeed,11700
BlastSkill2_0180_00,ExpendEnergy,40000
BlastSkill2_0180_00,TriggerExpendEnergy,20000
BlastSkill2_0180_00,bCanSpeedImpact,true
BlastSkill2_0180_00,BlastSkillParamData.Type,突進格闘
BlastSkill2_0180_00,BlastSkillParamData.bImpossibleGuard,true
BlastSkill2_0180_00,BlastSkillParamData.bNonLockUsable,false
BlastSkill2_0180_00,BlastSkillParamData.MoveLimitTime,1
BlastSkill2_0180_00,BlastSkillParamData.MoveType,EBlastDashMoveType::ControllableTarget
BlastSkill2_0180_00,BlastGroup,GR0180_00B2
BlastForte1_0180_00,BlastForteParamData.Type,能力
BlastForte2_0180_00,BlastForteParamData.Type,能力
BlastUltimate_0180_00,LungeSpeed,8750
BlastUltimate_0180_00,ExpendEnergy,50000
BlastUltimate_0180_00,TriggerExpendEnergy,50000
BlastUltimate_0180_00,bCanSpeedImpact,true
BlastUltimate_0180_00,SupportCharacters[0].bInheritDamageModel,false
BlastUltimate_0180_00,SupportCharacters[0].bInheritEquipItems,false
BlastUltimate_0180_00,SupportCharacters[0].CostumeDamageLv,0
BlastUltimate_0180_00,SupportCharacters[0].CostumeScratchLv,0
BlastUltimate_0180_00,SupportCharacters[0].bIsSubCharacterCostume,true
BlastUltimate_0180_00,SupportCharacters[0].bIsSubCharacterEquipItems,true
BlastUltimate_0180_00,BlastUltimateParamData.Type,突進格闘
BlastUltimate_0180_00,BlastUltimateParamData.bNonLockUsable,false
BlastUltimate_0180_00,BlastUltimateParamData.MoveLimitTime,2
BlastUltimate_0180_00,BlastUltimateParamData.MoveType,EBlastDashMoveType::ControllableTarget
BlastUltimate_0180_00,BlastGroup,GR0180_00UB
BlastSkill1_0190_00,ExpendEnergy,20000
BlastSkill1_0190_00,TriggerExpendEnergy,20000
BlastSkill1_0190_00,bWeakSpecialShield,true
BlastSkill1_0190_00,BlastGroup,GR0070_00B1
BlastSkill2_0190_00,ExpendEnergy,20000
BlastSkill2_0190_00,TriggerExpendEnergy,20000
BlastSkill2_0190_00,BlastSkillParamData.bEnableSteel,false
BlastSkill2_0190_00,BlastSkillParamData.SuperZCounterType,EKoratSuperZCounterType::Erase
BlastSkill2_0190_00,BlastGroup,GR0190_00B2
BlastForte1_0190_00,BlastForteParamData.Type,拘束
BlastForte1_0190_00,BlastForteParamData.bIsImpossileGuard,true
BlastForte1_0190_00,BlastForteParamData.bNoAutoGuard,true
BlastForte2_0190_00,BlastForteParamData.Type,残像拳
BlastUltimate_0190_00,bGaveAfterStateToBlowFalling,true
BlastUltimate_0190_00,LungeSpeed,8750
BlastUltimate_0190_00,ExpendEnergy,50000
BlastUltimate_0190_00,TriggerExpendEnergy,50000
BlastUltimate_0190_00,bCanSpeedImpact,true
BlastUltimate_0190_00,BlastUltimateParamData.Type,突進格闘
BlastUltimate_0190_00,BlastUltimateParamData.bMapChangeEscapeEvenet,true
BlastUltimate_0190_00,BlastUltimateParamData.bNonLockUsable,false
BlastUltimate_0190_00,BlastUltimateParamData.MoveLimitTime,2
BlastUltimate_0190_00,BlastUltimateParamData.MoveType,EBlastDashMoveType::ControllableTarget
BlastUltimate_0190_00,BlastGroup,GR0190_00UB
BlastSkill1_0210_00,LungeSpeed,8750
BlastSkill1_0210_00,ExpendEnergy,40000
BlastSkill1_0210_00,TriggerExpendEnergy,40000
BlastSkill1_0210_00,bCanSpeedImpact,true
BlastSkill1_0210_00,BlastSkillParamData.Type,突進格闘
BlastSkill1_0210_00,BlastSkillParamData.bImpossibleGuard,true
BlastSkill1_0210_00,BlastSkillParamData.bNonLockUsable,false
BlastSkill1_0210_00,BlastSkillParamData.MoveLimitTime,1
BlastSkill1_0210_00,BlastSkillParamData.MoveType,EBlastDashMoveType::ControllableTarget
BlastSkill1_0210_00,BlastGroup,GR0210_00B1
BlastSkill2_0210_00,LungeSpeed,8750
BlastSkill2_0210_00,ExpendEnergy,30000
BlastSkill2_0210_00,TriggerExpendEnergy,15000
BlastSkill2_0210_00,bCanSpeedImpact,true
BlastSkill2_0210_00,BlastSkillParamData.Type,突進格闘
BlastSkill2_0210_00,BlastSkillParamData.bNonLockUsable,false
BlastSkill2_0210_00,BlastSkillParamData.MoveLimitTime,2
BlastSkill2_0210_00,BlastSkillParamData.MoveType,EBlastDashMoveType::ControllableTarget
BlastSkill2_0210_00,BlastGroup,GR0210_00B2
BlastForte1_0210_00,ExpendBlastStock,4
BlastForte1_0210_00,TriggerExpendBlastStock,4
BlastForte1_0210_00,BlastForteParamData.Type,特殊
BlastForte1_0210_00,BlastForteParamData.bNoAutoGuard,true
BlastForte2_0210_00,ExpendBlastStock,6
BlastForte2_0210_00,TriggerExpendBlastStock,6
BlastForte2_0210_00,BlastForteParamData.Type,特殊
BlastForte2_0210_00,BlastForteParamData.bNoAutoGuard,true
BlastUltimate_0210_00,LungeSpeed,11700
BlastUltimate_0210_00,ExpendEnergy,50000
BlastUltimate_0210_00,TriggerExpendEnergy,50000
BlastUltimate_0210_00,bCanSpeedImpact,true
BlastUltimate_0210_00,BlastUltimateParamData.Type,突進格闘
BlastUltimate_0210_00,BlastUltimateParamData.bNonLockUsable,false
BlastUltimate_0210_00,BlastUltimateParamData.MoveLimitTime,1
BlastUltimate_0210_00,BlastGroup,GR0210_00UB
BlastSkill1_0220_00,LungeSpeed,10000
BlastSkill1_0220_00,ExpendEnergy,40000
BlastSkill1_0220_00,TriggerExpendEnergy,40000
BlastSkill1_0220_00,bCanSpeedImpact,true
BlastSkill1_0220_00,BlastSkillParamData.Type,突進格闘
BlastSkill1_0220_00,BlastSkillParamData.bImpossibleGuard,true
BlastSkill1_0220_00,BlastSkillParamData.bNonLockUsable,false
BlastSkill1_0220_00,BlastSkillParamData.MoveLimitTime,2
BlastSkill1_0220_00,BlastSkillParamData.MoveType,EBlastDashMoveType::ControllableTurn
BlastSkill1_0220_00,BlastGroup,GR0220_00B1
BlastSkill2_0220_00,LungeSpeed,8750
BlastSkill2_0220_00,ExpendEnergy,30000
BlastSkill2_0220_00,TriggerExpendEnergy,15000
BlastSkill2_0220_00,bCanSpeedImpact,true
BlastSkill2_0220_00,BlastSkillParamData.Type,突進格闘
BlastSkill2_0220_00,BlastSkillParamData.bNonLockUsable,false
BlastSkill2_0220_00,BlastSkillParamData.MoveLimitTime,2
BlastSkill2_0220_00,BlastGroup,GR0220_00B2
BlastForte1_0220_00,BlastForteParamData.Type,残像拳
BlastForte1_0220_00,BlastForteParamData.bNoHitCheckCombatives,true
BlastForte2_0220_00,BlastForteParamData.Type,能力
BlastUltimate_0220_00,ExpendEnergy,50000
BlastUltimate_0220_00,TriggerExpendEnergy,50000
BlastUltimate_0220_00,bCanBlastImpact,true
BlastUltimate_0220_00,BlastImpactPower,9
BlastUltimate_0220_00,BlastUltimateParamData.bMapChangeEscapeEvenet,true
BlastUltimate_0220_00,BlastGroup,GR0220_00UB
BlastSkill1_0230_00,ExpendEnergy,30000
BlastSkill1_0230_00,TriggerExpendEnergy,30000
BlastSkill1_0230_00,bCanBlastImpact,true
BlastSkill1_0230_00,BlastImpactPower,5
BlastSkill1_0230_00,bWeakSpecialShield,true
BlastSkill1_0230_00,BlastSkillParamData.SuperZCounterType,EKoratSuperZCounterType::Repel
BlastSkill1_0230_00,BlastSkillParamData.bTurnCGSection,true
BlastSkill1_0230_00,BlastGroup,GR0000_00B1
BlastSkill2_0230_00,LungeSpeed,8750
BlastSkill2_0230_00,ExpendEnergy,30000
BlastSkill2_0230_00,TriggerExpendEnergy,15000
BlastSkill2_0230_00,bCanSpeedImpact,true
BlastSkill2_0230_00,SupportCharacters[0].bInheritDamageModel,false
BlastSkill2_0230_00,SupportCharacters[0].bInheritEquipItems,false
BlastSkill2_0230_00,SupportCharacters[0].CostumeDamageLv,0
BlastSkill2_0230_00,SupportCharacters[0].CostumeScratchLv,0
BlastSkill2_0230_00,SupportCharacters[0].bIsSubCharacterCostume,false
BlastSkill2_0230_00,SupportCharacters[0].bIsSubCharacterEquipItems,false
BlastSkill2_0230_00,BlastSkillParamData.Type,突進格闘
BlastSkill2_0230_00,BlastSkillParamData.bNonLockUsable,false
BlastSkill2_0230_00,BlastSkillParamData.MoveLimitTime,2
BlastSkill2_0230_00,BlastSkillParamData.MoveType,EBlastDashMoveType::ControllableTarget
BlastSkill2_0230_00,BlastGroup,GR0230_00B2
BlastForte1_0230_00,ExpendBlastStock,3
BlastForte1_0230_00,TriggerExpendBlastStock,3
BlastForte1_0230_00,BlastForteParamData.Type,残像拳
BlastForte2_0230_00,BlastForteParamData.Type,能力
BlastUltimate_0230_00,LungeSpeed,11700
BlastUltimate_0230_00,ExpendEnergy,50000
BlastUltimate_0230_00,TriggerExpendEnergy,50000
BlastUltimate_0230_00,bCanSpeedImpact,true
BlastUltimate_0230_00,BlastUltimateParamData.Type,突進格闘
BlastUltimate_0230_00,BlastUltimateParamData.bNonLockUsable,false
BlastUltimate_0230_00,BlastUltimateParamData.MoveLimitTime,1
BlastUltimate_0230_00,BlastGroup,GR0230_00UB
BlastSkill1_0240_00,ExpendEnergy,30000
BlastSkill1_0240_00,TriggerExpendEnergy,30000
BlastSkill1_0240_00,bCanBlastImpact,true
BlastSkill1_0240_00,BlastImpactPower,5
BlastSkill1_0240_00,bWeakSpecialShield,true
BlastSkill1_0240_00,BlastSkillParamData.bMapChangeEscapeEvenet,true
BlastSkill1_0240_00,BlastSkillParamData.SuperZCounterType,EKoratSuperZCounterType::Repel
BlastSkill1_0240_00,BlastSkillParamData.bTurnCGSection,true
BlastSkill1_0240_00,BlastGroup,GR0000_00B1
BlastSkill2_0240_00,LungeSpeed,8750
BlastSkill2_0240_00,ExpendEnergy,30000
BlastSkill2_0240_00,TriggerExpendEnergy,15000
BlastSkill2_0240_00,bCanSpeedImpact,true
BlastSkill2_0240_00,BlastSkillParamData.Type,突進格闘
BlastSkill2_0240_00,BlastSkillParamData.bNonLockUsable,false
BlastSkill2_0240_00,BlastSkillParamData.MoveLimitTime,2
BlastSkill2_0240_00,BlastSkillParamData.MoveType,EBlastDashMoveType::ControllableTarget
BlastSkill2_0240_00,BlastGroup,GR0240_00B2
BlastForte1_0240_00,BlastForteParamData.Type,残像拳
BlastForte1_0240_00,BlastForteParamData.bNoHitCheckCombatives,true
BlastForte2_0240_00,ExpendBlastStock,4
BlastForte2_0240_00,TriggerExpendBlastStock,4
BlastForte2_0240_00,BlastForteParamData.Type,特殊
BlastForte2_0240_00,BlastForteParamData.bNoAutoGuard,true
BlastUltimate_0240_00,ExpendEnergy,50000
BlastUltimate_0240_00,TriggerExpendEnergy,50000
BlastUltimate_0240_00,BlastUltimateParamData.bMapChangeEscapeEvenet,true
BlastUltimate_0240_00,BlastUltimateParamData.SureToHitRange,500
BlastUltimate_0240_00,BlastUltimateParamData.bBackstepWhenNearMode,false
BlastUltimate_0240_00,BlastGroup,GR0002_31UB
BlastSkill1_0240_01,ExpendEnergy,20000
BlastSkill1_0240_01,TriggerExpendEnergy,20000
BlastSkill1_0240_01,bWeakSpecialShield,true
BlastSkill1_0240_01,BlastGroup,GR0240_01B1
BlastSkill2_0240_01,ExpendEnergy,40000
BlastSkill2_0240_01,TriggerExpendEnergy,40000
BlastSkill2_0240_01,SupportCharacters[0].bInheritDamageModel,false
BlastSkill2_0240_01,SupportCharacters[0].bInheritEquipItems,false
BlastSkill2_0240_01,SupportCharacters[0].CostumeDamageLv,0
BlastSkill2_0240_01,SupportCharacters[0].CostumeScratchLv,0
BlastSkill2_0240_01,SupportCharacters[0].bIsSubCharacterCostume,false
BlastSkill2_0240_01,SupportCharacters[0].bIsSubCharacterEquipItems,false
BlastSkill2_0240_01,BlastSkillParamData.bImpossibleGuard,true
BlastSkill2_0240_01,BlastGroup,GR0172_00B2
BlastForte1_0240_01,BlastForteParamData.Type,拘束
BlastForte1_0240_01,BlastForteParamData.bIsImpossileGuard,true
BlastForte1_0240_01,BlastForteParamData.bNoAutoGuard,true
BlastForte2_0240_01,ExpendBlastStock,1
BlastForte2_0240_01,TriggerExpendBlastStock,1
BlastForte2_0240_01,BlastForteParamData.Type,特殊
BlastForte2_0240_01,BlastForteParamData.bIsImpossileGuard,true
BlastForte2_0240_01,BlastForteParamData.bNoAutoGuard,true
BlastUltimate_0240_01,LungeSpeed,8750
BlastUltimate_0240_01,ExpendEnergy,50000
BlastUltimate_0240_01,TriggerExpendEnergy,50000
BlastUltimate_0240_01,bCanSpeedImpact,true
BlastUltimate_0240_01,BlastUltimateParamData.Type,突進格闘
BlastUltimate_0240_01,BlastUltimateParamData.bMapChangeEscapeEvenet,true
BlastUltimate_0240_01,BlastUltimateParamData.bNonLockUsable,false
BlastUltimate_0240_01,BlastUltimateParamData.MoveLimitTime,2
BlastUltimate_0240_01,BlastUltimateParamData.MoveType,EBlastDashMoveType::ControllableTarget
BlastUltimate_0240_01,BlastGroup,GR0240_01UB
BlastSkill1_0260_00,ExpendEnergy,30000
BlastSkill1_0260_00,TriggerExpendEnergy,30000
BlastSkill1_0260_00,bCanBlastImpact,true
BlastSkill1_0260_00,BlastImpactPower,5
BlastSkill1_0260_00,bWeakSpecialShield,true
BlastSkill1_0260_00,BlastSkillParamData.SuperZCounterType,EKoratSuperZCounterType::Repel
BlastSkill1_0260_00,BlastSkillParamData.bTurnCGSection,true
BlastSkill1_0260_00,BlastGroup,GR0000_00B1
BlastSkill2_0260_00,LungeSpeed,11700
BlastSkill2_0260_00,ExpendEnergy,30000
BlastSkill2_0260_00,TriggerExpendEnergy,15000
BlastSkill2_0260_00,bCanSpeedImpact,true
BlastSkill2_0260_00,BlastSkillParamData.Type,突進格闘
BlastSkill2_0260_00,BlastSkillParamData.bNonLockUsable,false
BlastSkill2_0260_00,BlastSkillParamData.MoveLimitTime,1
BlastSkill2_0260_00,BlastGroup,GR0260_00B2
BlastForte1_0260_00,ExpendBlastStock,3
BlastForte1_0260_00,TriggerExpendBlastStock,3
BlastForte1_0260_00,BlastForteParamData.Type,残像拳
BlastForte2_0260_00,ExpendBlastStock,4
BlastForte2_0260_00,TriggerExpendBlastStock,4
BlastForte2_0260_00,BlastForteParamData.Type,特殊
BlastForte2_0260_00,BlastForteParamData.bNoAutoGuard,true
BlastUltimate_0260_00,LungeSpeed,8750
BlastUltimate_0260_00,ExpendEnergy,50000
BlastUltimate_0260_00,TriggerExpendEnergy,50000
BlastUltimate_0260_00,bCanSpeedImpact,true
BlastUltimate_0260_00,BlastUltimateParamData.Type,突進格闘
BlastUltimate_0260_00,BlastUltimateParamData.bNonLockUsable,false
BlastUltimate_0260_00,BlastUltimateParamData.MoveLimitTime,2
BlastUltimate_0260_00,BlastUltimateParamData.MoveType,EBlastDashMoveType::ControllableTarget
BlastUltimate_0260_00,BlastGroup,GR0260_00UB
BlastSkill1_0270_00,LungeSpeed,8750
BlastSkill1_0270_00,ExpendEnergy,30000
BlastSkill1_0270_00,TriggerExpendEnergy,15000
BlastSkill1_0270_00,bCanSpeedImpact,true
BlastSkill1_0270_00,BlastSkillParamData.Type,突進格闘
BlastSkill1_0270_00,BlastSkillParamData.bNonLockUsable,false
BlastSkill1_0270_00,BlastSkillParamData.MoveLimitTime,2
BlastSkill1_0270_00,BlastSkillParamData.MoveType,EBlastDashMoveType::ControllableTarget
BlastSkill1_0270_00,BlastGroup,GR0270_00B1
BlastSkill2_0270_00,LungeSpeed,11700
BlastSkill2_0270_00,ExpendEnergy,40000
BlastSkill2_0270_00,TriggerExpendEnergy,40000
BlastSkill2_0270_00,bCanSpeedImpact,true
BlastSkill2_0270_00,BlastSkillParamData.Type,突進格闘
BlastSkill2_0270_00,BlastSkillParamData.bImpossibleGuard,true
BlastSkill2_0270_00,BlastSkillParamData.bNonLockUsable,false
BlastSkill2_0270_00,BlastSkillParamData.MoveLimitTime,1.5
BlastSkill2_0270_00,BlastSkillParamData.MoveType,EBlastDashMoveType::ControllableTurn
BlastSkill2_0270_00,BlastGroup,GR0270_00B2
BlastForte1_0270_00,BlastForteParamData.Type,残像拳
BlastForte2_0270_00,ExpendBlastStock,4
BlastForte2_0270_00,TriggerExpendBlastStock,4
BlastForte2_0270_00,BlastForteParamData.Type,特殊
BlastForte2_0270_00,BlastForteParamData.bNoAutoGuard,true
BlastUltimate_0270_00,LungeSpeed,11700
BlastUltimate_0270_00,ExpendEnergy,50000
BlastUltimate_0270_00,TriggerExpendEnergy,50000
BlastUltimate_0270_00,bCanSpeedImpact,true
BlastUltimate_0270_00,BlastUltimateParamData.Type,突進格闘
BlastUltimate_0270_00,BlastUltimateParamData.bNonLockUsable,false
BlastUltimate_0270_00,BlastUltimateParamData.MoveLimitTime,1
BlastUltimate_0270_00,BlastGroup,GR0270_00UB
BlastSkill1_0280_00,LungeSpeed,8750
BlastSkill1_0280_00,ExpendEnergy,40000
BlastSkill1_0280_00,TriggerExpendEnergy,40000
BlastSkill1_0280_00,bCanSpeedImpact,true
BlastSkill1_0280_00,BlastSkillParamData.Type,突進格闘
BlastSkill1_0280_00,BlastSkillParamData.bImpossibleGuard,true
BlastSkill1_0280_00,BlastSkillParamData.bNonLockUsable,false
BlastSkill1_0280_00,BlastSkillParamData.MoveLimitTime,1
BlastSkill1_0280_00,BlastSkillParamData.MoveType,EBlastDashMoveType::ControllableTurn
BlastSkill1_0280_00,BlastGroup,GR0280_00B1
BlastSkill2_0280_00,ExpendEnergy,40000
BlastSkill2_0280_00,TriggerExpendEnergy,40000
BlastSkill2_0280_00,BlastSkillParamData.SureToHitRange,500
BlastSkill2_0280_00,BlastSkillParamData.bBackstepWhenNearMode,false
BlastSkill2_0280_00,BlastSkillParamData.bTurnBeforeTransition,false
BlastSkill2_0280_00,BlastGroup,GR0280_00B2
BlastForte1_0280_00,BlastForteParamData.Type,能力
BlastForte2_0280_00,ExpendBlastStock,3
BlastForte2_0280_00,TriggerExpendBlastStock,3
BlastForte2_0280_00,BlastForteParamData.Type,特殊
BlastForte2_0280_00,BlastForteParamData.bNoAutoGuard,true
BlastUltimate_0280_00,LungeSpeed,8750
BlastUltimate_0280_00,ExpendEnergy,50000
BlastUltimate_0280_00,TriggerExpendEnergy,50000
BlastUltimate_0280_00,bCanSpeedImpact,true
BlastUltimate_0280_00,BlastUltimateParamData.Type,突進格闘
BlastUltimate_0280_00,BlastUltimateParamData.bNonLockUsable,false
BlastUltimate_0280_00,BlastUltimateParamData.MoveLimitTime,2
BlastUltimate_0280_00,BlastUltimateParamData.MoveType,EBlastDashMoveType::ControllableTarget
BlastUltimate_0280_00,BlastGroup,GR0280_00UB
BlastSkill1_0301_00,ExpendEnergy,20000
BlastSkill1_0301_00,TriggerExpendEnergy,20000
BlastSkill1_0301_00,BlastSkillParamData.bEnableSteel,false
BlastSkill1_0301_00,BlastSkillParamData.bKamehameHa,false
BlastSkill1_0301_00,BlastSkillParamData.SuperZCounterType,EKoratSuperZCounterType::Erase
BlastSkill1_0301_00,BlastGroup,GR0301_00B1
BlastSkill2_0301_00,LungeSpeed,11700
BlastSkill2_0301_00,ExpendEnergy,30000
BlastSkill2_0301_00,TriggerExpendEnergy,15000
BlastSkill2_0301_00,bCanSpeedImpact,true
BlastSkill2_0301_00,BlastSkillParamData.Type,突進格闘
BlastSkill2_0301_00,BlastSkillParamData.bKamehameHa,false
BlastSkill2_0301_00,BlastSkillParamData.bNonLockUsable,false
BlastSkill2_0301_00,BlastSkillParamData.MoveLimitTime,1
BlastSkill2_0301_00,BlastGroup,GR0301_00B2
BlastForte1_0301_00,ExpendBlastStock,4
BlastForte1_0301_00,TriggerExpendBlastStock,4
BlastForte1_0301_00,BlastForteParamData.Type,特殊
BlastForte1_0301_00,BlastForteParamData.bNoAutoGuard,true
BlastForte2_0301_00,BlastForteParamData.Type,能力
BlastUltimate_0301_00,LungeSpeed,8750
BlastUltimate_0301_00,ExpendEnergy,50000
BlastUltimate_0301_00,TriggerExpendEnergy,50000
BlastUltimate_0301_00,bCanSpeedImpact,true
BlastUltimate_0301_00,SupportCharacters[0].bInheritDamageModel,false
BlastUltimate_0301_00,SupportCharacters[0].bInheritEquipItems,false
BlastUltimate_0301_00,SupportCharacters[0].CostumeDamageLv,0
BlastUltimate_0301_00,SupportCharacters[0].CostumeScratchLv,0
BlastUltimate_0301_00,SupportCharacters[0].bIsSubCharacterCostume,true
BlastUltimate_0301_00,SupportCharacters[0].bIsSubCharacterEquipItems,true
BlastUltimate_0301_00,BlastUltimateParamData.Type,突進格闘
BlastUltimate_0301_00,BlastUltimateParamData.bNonLockUsable,false
BlastUltimate_0301_00,BlastUltimateParamData.MoveLimitTime,2
BlastUltimate_0301_00,BlastUltimateParamData.MoveType,EBlastDashMoveType::ControllableTarget
BlastUltimate_0301_00,BlastGroup,GR0301_00UB
BlastSkill1_0310_00,ExpendEnergy,30000
BlastSkill1_0310_00,TriggerExpendEnergy,30000
BlastSkill1_0310_00,bCanBlastImpact,true
BlastSkill1_0310_00,BlastImpactPower,5
BlastSkill1_0310_00,bWeakSpecialShield,true
BlastSkill1_0310_00,BlastSkillParamData.bMapChangeEscapeEvenet,true
BlastSkill1_0310_00,BlastSkillParamData.bKamehameHa,false
BlastSkill1_0310_00,BlastSkillParamData.SuperZCounterType,EKoratSuperZCounterType::Repel
BlastSkill1_0310_00,BlastGroup,GR0310_00B1
BlastSkill2_0310_00,LungeSpeed,11700
BlastSkill2_0310_00,ExpendEnergy,30000
BlastSkill2_0310_00,TriggerExpendEnergy,15000
BlastSkill2_0310_00,bCanSpeedImpact,true
BlastSkill2_0310_00,BlastSkillParamData.Type,突進格闘
BlastSkill2_0310_00,BlastSkillParamData.bNonLockUsable,false
BlastSkill2_0310_00,BlastSkillParamData.MoveLimitTime,1
BlastSkill2_0310_00,BlastGroup,GR0310_00B2
BlastForte1_0310_00,ExpendBlastStock,5
BlastForte1_0310_00,TriggerExpendBlastStock,5
BlastForte1_0310_00,BlastForteParamData.Type,爆破
BlastForte1_0310_00,BlastForteParamData.bInterruptibleExplosion,true
BlastForte1_0310_00,BlastForteParamData.bInterruptibleBarrier,true
BlastForte1_0310_00,BlastForteParamData.bTurnBeforeTransition,false
BlastForte1_0310_00,BlastForteParamData.bNoAutoGuard,true
BlastForte2_0310_00,BlastForteParamData.Type,能力
BlastUltimate_0310_00,ExpendEnergy,50000
BlastUltimate_0310_00,TriggerExpendEnergy,50000
BlastUltimate_0310_00,bCanBlastImpact,true
BlastUltimate_0310_00,BlastImpactPower,8
BlastUltimate_0310_00,BlastUltimateParamData.bMapChangeEscapeEvenet,true
BlastUltimate_0310_00,BlastGroup,GR0310_00UB
BlastSkill1_0310_01,ExpendEnergy,30000
BlastSkill1_0310_01,TriggerExpendEnergy,30000
BlastSkill1_0310_01,bCanBlastImpact,true
BlastSkill1_0310_01,BlastImpactPower,5
BlastSkill1_0310_01,bWeakSpecialShield,true
BlastSkill1_0310_01,BlastSkillParamData.bMapChangeEscapeEvenet,true
BlastSkill1_0310_01,BlastSkillParamData.bKamehameHa,false
BlastSkill1_0310_01,BlastSkillParamData.SuperZCounterType,EKoratSuperZCounterType::Repel
BlastSkill1_0310_01,BlastGroup,GR0310_00B1
BlastSkill2_0310_01,LungeSpeed,11700
BlastSkill2_0310_01,ExpendEnergy,30000
BlastSkill2_0310_01,TriggerExpendEnergy,15000
BlastSkill2_0310_01,bCanSpeedImpact,true
BlastSkill2_0310_01,BlastSkillParamData.Type,突進格闘
BlastSkill2_0310_01,BlastSkillParamData.bNonLockUsable,false
BlastSkill2_0310_01,BlastSkillParamData.MoveLimitTime,1.5
BlastSkill2_0310_01,BlastSkillParamData.MoveType,EBlastDashMoveType::ControllableTarget
BlastSkill2_0310_01,BlastGroup,GR0000_23B2
BlastForte1_0310_01,ExpendBlastStock,5
BlastForte1_0310_01,TriggerExpendBlastStock,5
BlastForte1_0310_01,BlastForteParamData.Type,爆破
BlastForte1_0310_01,BlastForteParamData.bInterruptibleExplosion,true
BlastForte1_0310_01,BlastForteParamData.bInterruptibleBarrier,true
BlastForte1_0310_01,BlastForteParamData.bTurnBeforeTransition,false
BlastForte1_0310_01,BlastForteParamData.bNoAutoGuard,true
BlastForte2_0310_01,ExpendBlastStock,3
BlastForte2_0310_01,TriggerExpendBlastStock,3
BlastForte2_0310_01,BlastForteParamData.Type,能力
BlastUltimate_0310_01,LungeSpeed,10000
BlastUltimate_0310_01,ExpendEnergy,50000
BlastUltimate_0310_01,TriggerExpendEnergy,50000
BlastUltimate_0310_01,bCanSpeedImpact,true
BlastUltimate_0310_01,BlastUltimateParamData.Type,突進格闘
BlastUltimate_0310_01,BlastUltimateParamData.bNonLockUsable,false
BlastUltimate_0310_01,BlastUltimateParamData.MoveLimitTime,1.5
BlastUltimate_0310_01,BlastUltimateParamData.MoveType,EBlastDashMoveType::ControllableTarget
BlastUltimate_0310_01,BlastGroup,GR0020_61UB
BlastSkill1_0320_00,ExpendEnergy,30000
BlastSkill1_0320_00,TriggerExpendEnergy,30000
BlastSkill1_0320_00,bCanBlastImpact,true
BlastSkill1_0320_00,BlastImpactPower,5
BlastSkill1_0320_00,bWeakSpecialShield,true
BlastSkill1_0320_00,BlastSkillParamData.SuperZCounterType,EKoratSuperZCounterType::Repel
BlastSkill1_0320_00,BlastGroup,GR0320_00B1
BlastSkill2_0320_00,LungeSpeed,8750
BlastSkill2_0320_00,ExpendEnergy,30000
BlastSkill2_0320_00,TriggerExpendEnergy,15000
BlastSkill2_0320_00,bCanSpeedImpact,true
BlastSkill2_0320_00,BlastSkillParamData.Type,突進格闘
BlastSkill2_0320_00,BlastSkillParamData.bNonLockUsable,false
BlastSkill2_0320_00,BlastSkillParamData.MoveLimitTime,2
BlastSkill2_0320_00,BlastSkillParamData.MoveType,EBlastDashMoveType::ControllableTarget
BlastSkill2_0320_00,BlastGroup,GR0320_00B2
BlastForte1_0320_00,BlastForteParamData.Type,能力
BlastForte2_0320_00,ExpendBlastStock,4
BlastForte2_0320_00,TriggerExpendBlastStock,4
BlastForte2_0320_00,BlastForteParamData.Type,特殊
BlastForte2_0320_00,BlastForteParamData.bNoAutoGuard,true
BlastUltimate_0320_00,ExpendEnergy,50000
BlastUltimate_0320_00,TriggerExpendEnergy,50000
BlastUltimate_0320_00,bCanBlastImpact,true
BlastUltimate_0320_00,BlastImpactPower,8
BlastUltimate_0320_00,BlastUltimateParamData.bMapChangeEscapeEvenet,true
BlastUltimate_0320_00,BlastUltimateParamData.bKamehameHa,false
BlastUltimate_0320_00,BlastGroup,GR0320_00UB
BlastSkill1_0330_00,ExpendEnergy,30000
BlastSkill1_0330_00,TriggerExpendEnergy,30000
BlastSkill1_0330_00,bCanBlastImpact,true
BlastSkill1_0330_00,BlastImpactPower,5
BlastSkill1_0330_00,bWeakSpecialShield,true
BlastSkill1_0330_00,BlastSkillParamData.bMapChangeEscapeEvenet,true
BlastSkill1_0330_00,BlastSkillParamData.bKamehameHa,false
BlastSkill1_0330_00,BlastSkillParamData.SuperZCounterType,EKoratSuperZCounterType::Repel
BlastSkill1_0330_00,BlastGroup,GR0040_20B1
BlastSkill2_0330_00,LungeSpeed,10000
BlastSkill2_0330_00,ExpendEnergy,30000
BlastSkill2_0330_00,TriggerExpendEnergy,15000
BlastSkill2_0330_00,bCanSpeedImpact,true
BlastSkill2_0330_00,BlastSkillParamData.Type,突進格闘
BlastSkill2_0330_00,BlastSkillParamData.bNonLockUsable,false
BlastSkill2_0330_00,BlastSkillParamData.MoveLimitTime,1.5
BlastSkill2_0330_00,BlastSkillParamData.MoveType,EBlastDashMoveType::ControllableTarget
BlastSkill2_0330_00,BlastGroup,GR0080_10B2
BlastForte1_0330_00,BlastForteParamData.Type,拘束
BlastForte1_0330_00,BlastForteParamData.bIsImpossileGuard,true
BlastForte1_0330_00,BlastForteParamData.bNoAutoGuard,true
BlastForte2_0330_00,BlastForteParamData.Type,残像拳
BlastUltimate_0330_00,bGaveAfterStateToBlowFalling,true
BlastUltimate_0330_00,LungeSpeed,11700
BlastUltimate_0330_00,ExpendEnergy,50000
BlastUltimate_0330_00,TriggerExpendEnergy,50000
BlastUltimate_0330_00,bCanSpeedImpact,true
BlastUltimate_0330_00,BlastUltimateParamData.Type,突進格闘
BlastUltimate_0330_00,BlastUltimateParamData.bNonLockUsable,false
BlastUltimate_0330_00,BlastUltimateParamData.BlastDemoBranchConditions[0].BranchType,ESSBlastDemoBranchType::None
BlastUltimate_0330_00,BlastUltimateParamData.BlastDemoBranchConditions[0].SortId,0
BlastUltimate_0330_00,BlastUltimateParamData.BlastDemoBranchConditions[0].bTrueIfAllApply,true
BlastUltimate_0330_00,BlastUltimateParamData.BlastDemoBranchConditions[0].MyselfRemainingHP,0
BlastUltimate_0330_00,BlastUltimateParamData.BlastDemoBranchConditions[0].ExParam,-1
BlastUltimate_0330_00,BlastUltimateParamData.BlastDemoBranchConditions[0].SpDerivationType,EBlastDemoSpDerivationType::Unspecified
BlastUltimate_0330_00,BlastUltimateParamData.BlastDemoBranchConditions[0].VictoryAppealWarpType,EVictoryAppealWarpType::TargetSmallArea
BlastUltimate_0330_00,BlastUltimateParamData.MoveLimitTime,1
BlastUltimate_0330_00,BlastGroup,GR0330_00UB
BlastSkill1_0340_00,ExpendEnergy,40000
BlastSkill1_0340_00,TriggerExpendEnergy,40000
BlastSkill1_0340_00,BlastSkillParamData.bNonLockUsable,false
BlastSkill1_0340_00,BlastGroup,GR0340_00B1
BlastSkill2_0340_00,ExpendEnergy,20000
BlastSkill2_0340_00,TriggerExpendEnergy,20000
BlastSkill2_0340_00,BlastSkillParamData.bNonLockUsable,false
BlastSkill2_0340_00,BlastGroup,GR0340_00B2
BlastForte1_0340_00,BlastForteParamData.Type,能力
BlastForte2_0340_00,BlastForteParamData.Type,能力
BlastUltimate_0340_00,ExpendEnergy,50000
BlastUltimate_0340_00,TriggerExpendEnergy,50000
BlastUltimate_0340_00,bCanBlastImpact,true
BlastUltimate_0340_00,BlastImpactPower,9
BlastUltimate_0340_00,BlastUltimateParamData.bMapChangeEscapeEvenet,true
BlastUltimate_0340_00,BlastUltimateParamData.bKamehameHa,false
BlastUltimate_0340_00,BlastGroup,GR0340_00UB
BlastSkill1_0350_00,ExpendEnergy,20000
BlastSkill1_0350_00,TriggerExpendEnergy,20000
BlastSkill1_0350_00,bWeakSpecialShield,true
BlastSkill1_0350_00,BlastGroup,GR0350_00B1
BlastSkill2_0350_00,LungeSpeed,8750
BlastSkill2_0350_00,ExpendEnergy,30000
BlastSkill2_0350_00,TriggerExpendEnergy,15000
BlastSkill2_0350_00,bCanSpeedImpact,true
BlastSkill2_0350_00,BlastSkillParamData.Type,突進格闘
BlastSkill2_0350_00,BlastSkillParamData.bKamehameHa,false
BlastSkill2_0350_00,BlastSkillParamData.bNonLockUsable,false
BlastSkill2_0350_00,BlastSkillParamData.MoveLimitTime,2
BlastSkill2_0350_00,BlastSkillParamData.MoveType,EBlastDashMoveType::ControllableTarget
BlastSkill2_0350_00,BlastGroup,GR0350_00B2
BlastForte1_0350_00,BlastForteParamData.Type,残像拳
BlastForte1_0350_00,BlastForteParamData.bNoHitCheckCombatives,true
BlastForte2_0350_00,ExpendBlastStock,4
BlastForte2_0350_00,TriggerExpendBlastStock,4
BlastForte2_0350_00,BlastForteParamData.Type,特殊
BlastForte2_0350_00,BlastForteParamData.bNoAutoGuard,true
BlastUltimate_0350_00,ExpendEnergy,50000
BlastUltimate_0350_00,TriggerExpendEnergy,50000
BlastUltimate_0350_00,bCanBlastImpact,true
BlastUltimate_0350_00,BlastImpactPower,9
BlastUltimate_0350_00,BlastUltimateParamData.bMapChangeEscapeEvenet,true
BlastUltimate_0350_00,BlastGroup,GR0350_00UB
BlastSkill1_0351_00,ExpendEnergy,30000
BlastSkill1_0351_00,TriggerExpendEnergy,30000
BlastSkill1_0351_00,bCanBlastImpact,true
BlastSkill1_0351_00,BlastImpactPower,5
BlastSkill1_0351_00,bWeakSpecialShield,true
BlastSkill1_0351_00,BlastSkillParamData.bMapChangeEscapeEvenet,true
BlastSkill1_0351_00,BlastSkillParamData.SuperZCounterType,EKoratSuperZCounterType::Repel
BlastSkill1_0351_00,BlastGroup,GR0000_10B1
BlastSkill2_0351_00,LungeSpeed,8750
BlastSkill2_0351_00,ExpendEnergy,30000
BlastSkill2_0351_00,TriggerExpendEnergy,15000
BlastSkill2_0351_00,bCanSpeedImpact,true
BlastSkill2_0351_00,BlastSkillParamData.Type,突進格闘
BlastSkill2_0351_00,BlastSkillParamData.bKamehameHa,false
BlastSkill2_0351_00,BlastSkillParamData.bNonLockUsable,false
BlastSkill2_0351_00,BlastSkillParamData.MoveLimitTime,2
BlastSkill2_0351_00,BlastSkillParamData.MoveType,EBlastDashMoveType::ControllableTarget
BlastSkill2_0351_00,BlastGroup,GR0351_00B2
BlastForte1_0351_00,BlastForteParamData.Type,能力
BlastForte2_0351_00,BlastForteParamData.Type,能力
BlastUltimate_0351_00,LungeSpeed,8750
BlastUltimate_0351_00,ExpendEnergy,50000
BlastUltimate_0351_00,TriggerExpendEnergy,50000
BlastUltimate_0351_00,bCanSpeedImpact,true
BlastUltimate_0351_00,BlastUltimateParamData.Type,投げ
BlastUltimate_0351_00,BlastUltimateParamData.bImpossibleGuard,true
BlastUltimate_0351_00,BlastUltimateParamData.bNonLockUsable,false
BlastUltimate_0351_00,BlastUltimateParamData.MoveLimitTime,0.5
BlastUltimate_0351_00,BlastUltimateParamData.SureToHitRange,500
BlastUltimate_0351_00,BlastUltimateParamData.bBackstepWhenNearMode,false
BlastUltimate_0351_00,BlastGroup,GR0351_00UB
BlastSkill1_0360_00,ExpendEnergy,30000
BlastSkill1_0360_00,TriggerExpendEnergy,30000
BlastSkill1_0360_00,bCanBlastImpact,true
BlastSkill1_0360_00,BlastImpactPower,5
BlastSkill1_0360_00,bWeakSpecialShield,true
BlastSkill1_0360_00,BlastSkillParamData.bMapChangeEscapeEvenet,true
BlastSkill1_0360_00,BlastSkillParamData.SuperZCounterType,EKoratSuperZCounterType::Repel
BlastSkill1_0360_00,BlastGroup,GR0023_00B1
BlastSkill2_0360_00,LungeSpeed,11700
BlastSkill2_0360_00,ExpendEnergy,40000
BlastSkill2_0360_00,TriggerExpendEnergy,40000
BlastSkill2_0360_00,bCanSpeedImpact,true
BlastSkill2_0360_00,BlastSkillParamData.Type,突進格闘
BlastSkill2_0360_00,BlastSkillParamData.bImpossibleGuard,true
BlastSkill2_0360_00,BlastSkillParamData.bNonLockUsable,false
BlastSkill2_0360_00,BlastSkillParamData.MoveLimitTime,1.5
BlastSkill2_0360_00,BlastSkillParamData.MoveType,EBlastDashMoveType::ControllableTurn
BlastSkill2_0360_00,BlastGroup,GR0360_00B2
BlastForte1_0360_00,BlastForteParamData.Type,能力
BlastForte2_0360_00,BlastForteParamData.Type,能力
BlastUltimate_0360_00,ExpendEnergy,50000
BlastUltimate_0360_00,TriggerExpendEnergy,50000
BlastUltimate_0360_00,BlastUltimateParamData.bDontJostle,true
BlastUltimate_0360_00,BlastUltimateParamData.bMapChangeEscapeEvenet,true
BlastUltimate_0360_00,BlastUltimateParamData.bKamehameHa,false
BlastUltimate_0360_00,BlastGroup,GR0360_00UB
BlastSkill1_0370_00,ExpendEnergy,30000
BlastSkill1_0370_00,TriggerExpendEnergy,30000
BlastSkill1_0370_00,bCanBlastImpact,true
BlastSkill1_0370_00,BlastImpactPower,5
BlastSkill1_0370_00,bWeakSpecialShield,true
BlastSkill1_0370_00,BlastSkillParamData.bMapChangeEscapeEvenet,true
BlastSkill1_0370_00,BlastSkillParamData.bKamehameHa,false
BlastSkill1_0370_00,BlastSkillParamData.SuperZCounterType,EKoratSuperZCounterType::Repel
BlastSkill1_0370_00,BlastGroup,GR0040_20B1
BlastSkill2_0370_00,ExpendEnergy,30000
BlastSkill2_0370_00,TriggerExpendEnergy,30000
BlastSkill2_0370_00,bWeakSpecialShield,true
BlastSkill2_0370_00,BlastGroup,GR0370_00B2
BlastForte1_0370_00,BlastForteParamData.Type,能力
BlastForte2_0370_00,ExpendBlastStock,4
BlastForte2_0370_00,TriggerExpendBlastStock,4
BlastForte2_0370_00,BlastForteParamData.Type,特殊
BlastForte2_0370_00,BlastForteParamData.bNoAutoGuard,true
BlastUltimate_0370_00,LungeSpeed,8750
BlastUltimate_0370_00,ExpendEnergy,50000
BlastUltimate_0370_00,TriggerExpendEnergy,50000
BlastUltimate_0370_00,bCanSpeedImpact,true
BlastUltimate_0370_00,BlastUltimateParamData.Type,突進格闘
BlastUltimate_0370_00,BlastUltimateParamData.bNonLockUsable,false
BlastUltimate_0370_00,BlastUltimateParamData.MoveLimitTime,2
BlastUltimate_0370_00,BlastUltimateParamData.MoveType,EBlastDashMoveType::ControllableTarget
BlastUltimate_0370_00,BlastGroup,GR0370_00UB
BlastSkill1_0380_00,ExpendEnergy,30000
BlastSkill1_0380_00,TriggerExpendEnergy,30000
BlastSkill1_0380_00,bCanBlastImpact,true
BlastSkill1_0380_00,BlastImpactPower,5
BlastSkill1_0380_00,bWeakSpecialShield,true
BlastSkill1_0380_00,BlastSkillParamData.bMapChangeEscapeEvenet,true
BlastSkill1_0380_00,BlastSkillParamData.bKamehameHa,false
BlastSkill1_0380_00,BlastSkillParamData.SuperZCounterType,EKoratSuperZCounterType::Repel
BlastSkill1_0380_00,BlastGroup,GR0040_20B1
BlastSkill2_0380_00,ExpendEnergy,30000
BlastSkill2_0380_00,TriggerExpendEnergy,30000
BlastSkill2_0380_00,bCanBlastImpact,true
BlastSkill2_0380_00,BlastImpactPower,5
BlastSkill2_0380_00,bWeakSpecialShield,true
BlastSkill2_0380_00,BlastSkillParamData.bMapChangeEscapeEvenet,true
BlastSkill2_0380_00,BlastSkillParamData.SuperZCounterType,EKoratSuperZCounterType::Repel
BlastSkill2_0380_00,BlastGroup,GR0380_00B2
BlastForte1_0380_00,ExpendBlastStock,4
BlastForte1_0380_00,TriggerExpendBlastStock,4
BlastForte1_0380_00,BlastForteParamData.Type,特殊
BlastForte1_0380_00,BlastForteParamData.bNoAutoGuard,true
BlastForte2_0380_00,ExpendBlastStock,1
BlastForte2_0380_00,TriggerExpendBlastStock,1
BlastForte2_0380_00,BlastForteParamData.Type,能力
BlastUltimate_0380_00,ExpendEnergy,50000
BlastUltimate_0380_00,TriggerExpendEnergy,50000
BlastUltimate_0380_00,BlastUltimateParamData.bBodyChange,true
BlastUltimate_0380_00,BlastUltimateParamData.bNonLockUsable,false
BlastUltimate_0380_00,BlastGroup,GR0380_00UB
BlastSkill1_0390_00,ExpendEnergy,30000
BlastSkill1_0390_00,TriggerExpendEnergy,30000
BlastSkill1_0390_00,bCanBlastImpact,true
BlastSkill1_0390_00,BlastImpactPower,5
BlastSkill1_0390_00,bWeakSpecialShield,true
BlastSkill1_0390_00,BlastSkillParamData.SuperZCounterType,EKoratSuperZCounterType::Repel
BlastSkill1_0390_00,BlastGroup,GR0390_00B1
BlastSkill2_0390_00,ExpendEnergy,30000
BlastSkill2_0390_00,TriggerExpendEnergy,30000
BlastSkill2_0390_00,bWeakSpecialShield,true
BlastSkill2_0390_00,BlastGroup,GR0390_00B2
BlastForte1_0390_00,BlastForteParamData.Type,能力
BlastForte2_0390_00,ExpendBlastStock,4
BlastForte2_0390_00,TriggerExpendBlastStock,4
BlastForte2_0390_00,BlastForteParamData.Type,特殊
BlastForte2_0390_00,BlastForteParamData.bNoAutoGuard,true
BlastUltimate_0390_00,ExpendEnergy,50000
BlastUltimate_0390_00,TriggerExpendEnergy,50000
BlastUltimate_0390_00,BlastUltimateParamData.bMapChangeEscapeEvenet,true
BlastUltimate_0390_00,BlastUltimateParamData.SureToHitRange,500
BlastUltimate_0390_00,BlastUltimateParamData.bBackstepWhenNearMode,false
BlastUltimate_0390_00,BlastGroup,GR0390_00UB
BlastSkill1_0400_00,ExpendEnergy,30000
BlastSkill1_0400_00,TriggerExpendEnergy,30000
BlastSkill1_0400_00,bCanBlastImpact,true
BlastSkill1_0400_00,BlastImpactPower,5
BlastSkill1_0400_00,bWeakSpecialShield,true
BlastSkill1_0400_00,BlastSkillParamData.bMapChangeEscapeEvenet,true
BlastSkill1_0400_00,BlastSkillParamData.SuperZCounterType,EKoratSuperZCounterType::Repel
BlastSkill1_0400_00,BlastGroup,GR0400_00B1
BlastSkill2_0400_00,LungeSpeed,11700
BlastSkill2_0400_00,ExpendEnergy,30000
BlastSkill2_0400_00,TriggerExpendEnergy,15000
BlastSkill2_0400_00,bCanSpeedImpact,true
BlastSkill2_0400_00,BlastSkillParamData.Type,突進格闘
BlastSkill2_0400_00,BlastSkillParamData.bNonLockUsable,false
BlastSkill2_0400_00,BlastSkillParamData.MoveLimitTime,1
BlastSkill2_0400_00,BlastGroup,GR0400_00B2
BlastForte1_0400_00,BlastForteParamData.Type,残像拳
BlastForte2_0400_00,ExpendBlastStock,4
BlastForte2_0400_00,TriggerExpendBlastStock,4
BlastForte2_0400_00,BlastForteParamData.Type,特殊
BlastForte2_0400_00,BlastForteParamData.bNoAutoGuard,true
BlastUltimate_0400_00,LungeSpeed,8750
BlastUltimate_0400_00,ExpendEnergy,50000
BlastUltimate_0400_00,TriggerExpendEnergy,50000
BlastUltimate_0400_00,bCanSpeedImpact,true
BlastUltimate_0400_00,SupportCharacters[0].bInheritDamageModel,false
BlastUltimate_0400_00,SupportCharacters[0].bInheritEquipItems,false
BlastUltimate_0400_00,SupportCharacters[0].CostumeDamageLv,0
BlastUltimate_0400_00,SupportCharacters[0].CostumeScratchLv,0
BlastUltimate_0400_00,SupportCharacters[0].bIsSubCharacterCostume,true
BlastUltimate_0400_00,SupportCharacters[0].bIsSubCharacterEquipItems,true
BlastUltimate_0400_00,BlastUltimateParamData.Type,突進格闘
BlastUltimate_0400_00,BlastUltimateParamData.bNonLockUsable,false
BlastUltimate_0400_00,BlastUltimateParamData.MoveLimitTime,2
BlastUltimate_0400_00,BlastUltimateParamData.MoveType,EBlastDashMoveType::ControllableTarget
BlastUltimate_0400_00,BlastGroup,GR0400_00UB
BlastSkill1_0410_00,ExpendEnergy,30000
BlastSkill1_0410_00,TriggerExpendEnergy,30000
BlastSkill1_0410_00,bCanBlastImpact,true
BlastSkill1_0410_00,BlastImpactPower,5
BlastSkill1_0410_00,bWeakSpecialShield,true
BlastSkill1_0410_00,BlastSkillParamData.bMapChangeEscapeEvenet,true
BlastSkill1_0410_00,BlastSkillParamData.SuperZCounterType,EKoratSuperZCounterType::Repel
BlastSkill1_0410_00,BlastGroup,GR0040_20B1
BlastSkill2_0410_00,ExpendEnergy,30000
BlastSkill2_0410_00,TriggerExpendEnergy,30000
BlastSkill2_0410_00,bCanBlastImpact,true
BlastSkill2_0410_00,BlastImpactPower,5
BlastSkill2_0410_00,bWeakSpecialShield,true
BlastSkill2_0410_00,BlastSkillParamData.SuperZCounterType,EKoratSuperZCounterType::Repel
BlastSkill2_0410_00,BlastGroup,GR0410_00B2
BlastForte1_0410_00,BlastForteParamData.Type,爆破
BlastForte1_0410_00,BlastForteParamData.bInterruptibleExplosion,true
BlastForte1_0410_00,BlastForteParamData.bInterruptibleBarrier,true
BlastForte1_0410_00,BlastForteParamData.bTurnBeforeTransition,false
BlastForte2_0410_00,ExpendBlastStock,4
BlastForte2_0410_00,TriggerExpendBlastStock,4
BlastForte2_0410_00,BlastForteParamData.Type,特殊
BlastForte2_0410_00,BlastForteParamData.bNoAutoGuard,true
BlastUltimate_0410_00,LungeSpeed,8750
BlastUltimate_0410_00,ExpendEnergy,50000
BlastUltimate_0410_00,TriggerExpendEnergy,50000
BlastUltimate_0410_00,bCanSpeedImpact,true
BlastUltimate_0410_00,SupportCharacters[0].bInheritDamageModel,false
BlastUltimate_0410_00,SupportCharacters[0].bInheritEquipItems,false
BlastUltimate_0410_00,SupportCharacters[0].CostumeDamageLv,0
BlastUltimate_0410_00,SupportCharacters[0].CostumeScratchLv,0
BlastUltimate_0410_00,SupportCharacters[0].bIsSubCharacterCostume,true
BlastUltimate_0410_00,SupportCharacters[0].bIsSubCharacterEquipItems,true
BlastUltimate_0410_00,BlastUltimateParamData.Type,突進格闘
BlastUltimate_0410_00,BlastUltimateParamData.bNonLockUsable,false
BlastUltimate_0410_00,BlastUltimateParamData.MoveLimitTime,2
BlastUltimate_0410_00,BlastUltimateParamData.MoveType,EBlastDashMoveType::ControllableTarget
BlastUltimate_0410_00,BlastGroup,GR0400_00UB
BlastSkill1_0420_00,ExpendEnergy,30000
BlastSkill1_0420_00,TriggerExpendEnergy,30000
BlastSkill1_0420_00,BlastSkillParamData.bEnableSteel,false
BlastSkill1_0420_00,BlastSkillParamData.SuperZCounterType,EKoratSuperZCounterType::Erase
BlastSkill1_0420_00,BlastGroup,GR0190_00B2
BlastSkill2_0420_00,ExpendEnergy,30000
BlastSkill2_0420_00,TriggerExpendEnergy,30000
BlastSkill2_0420_00,bWeakSpecialShield,true
BlastSkill2_0420_00,BlastGroup,GR0002_31B2
BlastForte1_0420_00,BlastForteParamData.Type,拘束
BlastForte1_0420_00,BlastForteParamData.bIsImpossileGuard,true
BlastForte1_0420_00,BlastForteParamData.bNoAutoGuard,true
BlastForte2_0420_00,ExpendBlastStock,4
BlastForte2_0420_00,TriggerExpendBlastStock,4
BlastForte2_0420_00,BlastForteParamData.Type,特殊
BlastForte2_0420_00,BlastForteParamData.bNoAutoGuard,true
BlastUltimate_0420_00,ExpendEnergy,50000
BlastUltimate_0420_00,TriggerExpendEnergy,50000
BlastUltimate_0420_00,BlastUltimateParamData.bImpossibleGuard,true
BlastUltimate_0420_00,BlastGroup,GR0420_00UB
BlastSkill1_0430_00,ExpendEnergy,20000
BlastSkill1_0430_00,TriggerExpendEnergy,20000
BlastSkill1_0430_00,bWeakSpecialShield,true
BlastSkill1_0430_00,BlastGroup,GR0150_00B1
BlastSkill2_0430_00,ExpendEnergy,40000
BlastSkill2_0430_00,TriggerExpendEnergy,40000
BlastSkill2_0430_00,BlastSkillParamData.bMapChangeEscapeEvenet,true
BlastSkill2_0430_00,BlastSkillParamData.SureToHitRange,500
BlastSkill2_0430_00,BlastSkillParamData.bBackstepWhenNearMode,false
BlastSkill2_0430_00,BlastSkillParamData.bTurnBeforeTransition,false
BlastSkill2_0430_00,BlastGroup,GR0110_00B2
BlastForte1_0430_00,BlastForteParamData.Type,爆破
BlastForte1_0430_00,BlastForteParamData.bInterruptibleExplosion,true
BlastForte1_0430_00,BlastForteParamData.bInterruptibleBarrier,true
BlastForte1_0430_00,BlastForteParamData.bTurnBeforeTransition,false
BlastForte2_0430_00,BlastForteParamData.Type,能力
BlastUltimate_0430_00,LungeSpeed,11700
BlastUltimate_0430_00,ExpendEnergy,50000
BlastUltimate_0430_00,TriggerExpendEnergy,50000
BlastUltimate_0430_00,bCanSpeedImpact,true
BlastUltimate_0430_00,SupportCharacters[0].bInheritDamageModel,false
BlastUltimate_0430_00,SupportCharacters[0].bInheritEquipItems,false
BlastUltimate_0430_00,SupportCharacters[0].CostumeDamageLv,0
BlastUltimate_0430_00,SupportCharacters[0].CostumeScratchLv,0
BlastUltimate_0430_00,SupportCharacters[0].bIsSubCharacterCostume,true
BlastUltimate_0430_00,SupportCharacters[0].bIsSubCharacterEquipItems,true
BlastUltimate_0430_00,BlastUltimateParamData.Type,突進格闘
BlastUltimate_0430_00,BlastUltimateParamData.bMapChangeEscapeEvenet,true
BlastUltimate_0430_00,BlastUltimateParamData.bMapChangeDestruct,true
BlastUltimate_0430_00,BlastUltimateParamData.bKamehameHa,false
BlastUltimate_0430_00,BlastUltimateParamData.bNonLockUsable,false
BlastUltimate_0430_00,BlastUltimateParamData.MoveLimitTime,1
BlastUltimate_0430_00,BlastGroup,GR0430_00UB
BlastSkill1_0440_00,ExpendEnergy,30000
BlastSkill1_0440_00,TriggerExpendEnergy,30000
BlastSkill1_0440_00,BlastSkillParamData.bEnableSteel,false
BlastSkill1_0440_00,BlastGroup,GR0440_00B1
BlastSkill2_0440_00,LungeSpeed,8750
BlastSkill2_0440_00,ExpendEnergy,40000
BlastSkill2_0440_00,TriggerExpendEnergy,20000
BlastSkill2_0440_00,bCanSpeedImpact,true
BlastSkill2_0440_00,BlastSkillParamData.Type,投げ
BlastSkill2_0440_00,BlastSkillParamData.bImpossibleGuard,true
BlastSkill2_0440_00,BlastSkillParamData.bNonLockUsable,false
BlastSkill2_0440_00,BlastSkillParamData.MoveLimitTime,0.12
BlastSkill2_0440_00,BlastSkillParamData.SureToHitRange,750
BlastSkill2_0440_00,BlastSkillParamData.bBackstepWhenNearMode,false
BlastSkill2_0440_00,BlastGroup,GR0440_00B2
BlastForte1_0440_00,BlastForteParamData.Type,爆破
BlastForte1_0440_00,BlastForteParamData.bInterruptibleExplosion,true
BlastForte1_0440_00,BlastForteParamData.bInterruptibleBarrier,true
BlastForte1_0440_00,BlastForteParamData.bTurnBeforeTransition,false
BlastForte2_0440_00,BlastForteParamData.Type,能力
BlastUltimate_0440_00,bGaveAfterStateToBlowFalling,true
BlastUltimate_0440_00,LungeSpeed,8750
BlastUltimate_0440_00,ExpendEnergy,50000
BlastUltimate_0440_00,TriggerExpendEnergy,50000
BlastUltimate_0440_00,bCanSpeedImpact,true
BlastUltimate_0440_00,BlastUltimateParamData.Type,突進格闘
BlastUltimate_0440_00,BlastUltimateParamData.bMapChangeEscapeEvenet,true
BlastUltimate_0440_00,BlastUltimateParamData.bMapChangeDestruct,true
BlastUltimate_0440_00,BlastUltimateParamData.bImpossibleGuard,true
BlastUltimate_0440_00,BlastUltimateParamData.bNonLockUsable,false
BlastUltimate_0440_00,BlastUltimateParamData.MoveLimitTime,2
BlastUltimate_0440_00,BlastUltimateParamData.MoveType,EBlastDashMoveType::ControllableTarget
BlastUltimate_0440_00,BlastGroup,GR0440_00UB
BlastSkill1_0450_00,ExpendEnergy,30000
BlastSkill1_0450_00,TriggerExpendEnergy,30000
BlastSkill1_0450_00,bWeakSpecialShield,true
BlastSkill1_0450_00,BlastGroup,GR0400_00B1
BlastSkill2_0450_00,ExpendEnergy,30000
BlastSkill2_0450_00,TriggerExpendEnergy,30000
BlastSkill2_0450_00,bCanBlastImpact,true
BlastSkill2_0450_00,BlastImpactPower,5
BlastSkill2_0450_00,bWeakSpecialShield,true
BlastSkill2_0450_00,BlastSkillParamData.bMapChangeEscapeEvenet,true
BlastSkill2_0450_00,BlastSkillParamData.SuperZCounterType,EKoratSuperZCounterType::Repel
BlastSkill2_0450_00,BlastGroup,GR0450_00B2
BlastForte1_0450_00,BlastForteParamData.Type,爆破
BlastForte1_0450_00,BlastForteParamData.bInterruptibleExplosion,true
BlastForte1_0450_00,BlastForteParamData.bInterruptibleBarrier,true
BlastForte1_0450_00,BlastForteParamData.bTurnBeforeTransition,false
BlastForte2_0450_00,BlastForteParamData.Type,能力
BlastUltimate_0450_00,LungeSpeed,8750
BlastUltimate_0450_00,ExpendEnergy,50000
BlastUltimate_0450_00,TriggerExpendEnergy,50000
BlastUltimate_0450_00,bCanSpeedImpact,true
BlastUltimate_0450_00,SupportCharacters[0].bInheritDamageModel,false
BlastUltimate_0450_00,SupportCharacters[0].bInheritEquipItems,false
BlastUltimate_0450_00,SupportCharacters[0].CostumeDamageLv,0
BlastUltimate_0450_00,SupportCharacters[0].CostumeScratchLv,0
BlastUltimate_0450_00,SupportCharacters[0].bIsSubCharacterCostume,true
BlastUltimate_0450_00,SupportCharacters[0].bIsSubCharacterEquipItems,true
BlastUltimate_0450_00,BlastUltimateParamData.Type,突進格闘
BlastUltimate_0450_00,BlastUltimateParamData.bNonLockUsable,false
BlastUltimate_0450_00,BlastUltimateParamData.MoveLimitTime,2
BlastUltimate_0450_00,BlastUltimateParamData.MoveType,EBlastDashMoveType::ControllableTarget
BlastUltimate_0450_00,BlastGroup,GR0450_00UB
BlastUltimate2_0450_00_01,LungeSpeed,8750
BlastUltimate2_0450_00_01,ExpendEnergy,50000
BlastUltimate2_0450_00_01,TriggerExpendEnergy,50000
BlastUltimate2_0450_00_01,bCanSpeedImpact,true
BlastUltimate2_0450_00_01,SupportCharacters[0].bInheritDamageModel,false
BlastUltimate2_0450_00_01,SupportCharacters[0].bInheritEquipItems,false
BlastUltimate2_0450_00_01,SupportCharacters[0].CostumeDamageLv,0
BlastUltimate2_0450_00_01,SupportCharacters[0].CostumeScratchLv,0
BlastUltimate2_0450_00_01,SupportCharacters[0].bIsSubCharacterCostume,true
BlastUltimate2_0450_00_01,SupportCharacters[0].bIsSubCharacterEquipItems,true
BlastUltimate2_0450_00_01,BlastUltimateParamData.Type,突進格闘
BlastUltimate2_0450_00_01,BlastUltimateParamData.bNonLockUsable,false
BlastUltimate2_0450_00_01,BlastUltimateParamData.MoveLimitTime,2
BlastUltimate2_0450_00_01,BlastUltimateParamData.MoveType,EBlastDashMoveType::ControllableTarget
BlastUltimate2_0450_00_01,BlastGroup,GR0450_00UB
BlastSkill1_0450_10,ExpendEnergy,30000
BlastSkill1_0450_10,TriggerExpendEnergy,30000
BlastSkill1_0450_10,bCanBlastImpact,true
BlastSkill1_0450_10,BlastImpactPower,5
BlastSkill1_0450_10,bWeakSpecialShield,true
BlastSkill1_0450_10,BlastSkillParamData.bMapChangeEscapeEvenet,true
BlastSkill1_0450_10,BlastSkillParamData.SuperZCounterType,EKoratSuperZCounterType::Repel
BlastSkill1_0450_10,BlastGroup,GR0450_10B1
BlastSkill2_0450_10,ExpendEnergy,30000
BlastSkill2_0450_10,TriggerExpendEnergy,30000
BlastSkill2_0450_10,bWeakSpecialShield,true
BlastSkill2_0450_10,BlastSkillParamData.SuperZCounterType,EKoratSuperZCounterType::Erase
BlastSkill2_0450_10,BlastGroup,GR0450_10B2
BlastForte1_0450_10,BlastForteParamData.Type,爆破
BlastForte1_0450_10,BlastForteParamData.bInterruptibleExplosion,true
BlastForte1_0450_10,BlastForteParamData.bInterruptibleBarrier,true
BlastForte1_0450_10,BlastForteParamData.bTurnBeforeTransition,false
BlastForte2_0450_10,ExpendBlastStock,4
BlastForte2_0450_10,TriggerExpendBlastStock,4
BlastForte2_0450_10,BlastForteParamData.Type,特殊
BlastForte2_0450_10,BlastForteParamData.bNoAutoGuard,true
BlastUltimate_0450_10,bGaveAfterStateToBlowFalling,true
BlastUltimate_0450_10,LungeSpeed,8750
BlastUltimate_0450_10,ExpendEnergy,50000
BlastUltimate_0450_10,TriggerExpendEnergy,50000
BlastUltimate_0450_10,bCanSpeedImpact,true
BlastUltimate_0450_10,BlastUltimateParamData.Type,突進格闘
BlastUltimate_0450_10,BlastUltimateParamData.bNonLockUsable,false
BlastUltimate_0450_10,BlastUltimateParamData.MoveLimitTime,2
BlastUltimate_0450_10,BlastUltimateParamData.MoveType,EBlastDashMoveType::ControllableTarget
BlastUltimate_0450_10,BlastGroup,GR0450_10UB
BlastSkill1_0451_00,ExpendEnergy,30000
BlastSkill1_0451_00,TriggerExpendEnergy,30000
BlastSkill1_0451_00,bCanBlastImpact,true
BlastSkill1_0451_00,BlastImpactPower,5
BlastSkill1_0451_00,bWeakSpecialShield,true
BlastSkill1_0451_00,BlastSkillParamData.bMapChangeEscapeEvenet,true
BlastSkill1_0451_00,BlastSkillParamData.bKamehameHa,false
BlastSkill1_0451_00,BlastSkillParamData.SuperZCounterType,EKoratSuperZCounterType::Repel
BlastSkill1_0451_00,BlastGroup,GR0040_20B1
BlastSkill2_0451_00,ExpendEnergy,30000
BlastSkill2_0451_00,TriggerExpendEnergy,30000
BlastSkill2_0451_00,bWeakSpecialShield,true
BlastSkill2_0451_00,BlastSkillParamData.bMapChangeEscapeEvenet,true
BlastSkill2_0451_00,BlastGroup,GR0451_00B2
BlastForte1_0451_00,BlastForteParamData.Type,爆破
BlastForte1_0451_00,BlastForteParamData.bInterruptibleExplosion,true
BlastForte1_0451_00,BlastForteParamData.bInterruptibleBarrier,true
BlastForte1_0451_00,BlastForteParamData.bTurnBeforeTransition,false
BlastForte2_0451_00,BlastForteParamData.Type,能力
BlastUltimate_0451_00,ExpendEnergy,50000
BlastUltimate_0451_00,TriggerExpendEnergy,50000
BlastUltimate_0451_00,bCanBlastImpact,true
BlastUltimate_0451_00,BlastImpactPower,8
BlastUltimate_0451_00,BlastUltimateParamData.bMapChangeEscapeEvenet,true
BlastUltimate_0451_00,BlastUltimateParamData.bMapChangeDestruct,true
BlastUltimate_0451_00,BlastGroup,GR0451_00UB
BlastSkill1_0460_00,ExpendEnergy,20000
BlastSkill1_0460_00,TriggerExpendEnergy,20000
BlastSkill1_0460_00,bWeakSpecialShield,true
BlastSkill1_0460_00,BlastGroup,GR0460_00B1
BlastSkill2_0460_00,ExpendEnergy,30000
BlastSkill2_0460_00,TriggerExpendEnergy,30000
BlastSkill2_0460_00,bCanBlastImpact,true
BlastSkill2_0460_00,BlastImpactPower,5
BlastSkill2_0460_00,bWeakSpecialShield,true
BlastSkill2_0460_00,BlastSkillParamData.bMapChangeEscapeEvenet,true
BlastSkill2_0460_00,BlastSkillParamData.SuperZCounterType,EKoratSuperZCounterType::Repel
BlastSkill2_0460_00,BlastGroup,GR0460_00B2
BlastForte1_0460_00,ExpendBlastStock,3
BlastForte1_0460_00,TriggerExpendBlastStock,3
BlastForte1_0460_00,BlastForteParamData.Type,爆破
BlastForte1_0460_00,BlastForteParamData.bInterruptibleExplosion,true
BlastForte1_0460_00,BlastForteParamData.bInterruptibleBarrier,true
BlastForte1_0460_00,BlastForteParamData.bTurnBeforeTransition,false
BlastForte2_0460_00,ExpendBlastStock,4
BlastForte2_0460_00,TriggerExpendBlastStock,4
BlastForte2_0460_00,BlastForteParamData.Type,特殊
BlastForte2_0460_00,BlastForteParamData.bNoAutoGuard,true
BlastUltimate_0460_00,LungeSpeed,8750
BlastUltimate_0460_00,ExpendEnergy,50000
BlastUltimate_0460_00,TriggerExpendEnergy,50000
BlastUltimate_0460_00,bCanSpeedImpact,true
BlastUltimate_0460_00,BlastUltimateParamData.Type,突進格闘
BlastUltimate_0460_00,BlastUltimateParamData.bNonLockUsable,false
BlastUltimate_0460_00,BlastUltimateParamData.MoveLimitTime,2
BlastUltimate_0460_00,BlastUltimateParamData.MoveType,EBlastDashMoveType::ControllableTarget
BlastUltimate_0460_00,BlastGroup,GR0460_00UB
BlastSkill3_0460_00,ExpendEnergy,30000
BlastSkill3_0460_00,TriggerExpendEnergy,30000
BlastSkill3_0460_00,BlastSkillParamData.bMapChangeEscapeEvenet,true
BlastSkill3_0460_00,BlastSkillParamData.bImpossibleGuard,true
BlastSkill3_0460_00,BlastGroup,GR0050_00UB
BlastSkill1_0470_00,ExpendEnergy,30000
BlastSkill1_0470_00,TriggerExpendEnergy,30000
BlastSkill1_0470_00,bCanBlastImpact,true
BlastSkill1_0470_00,BlastImpactPower,5
BlastSkill1_0470_00,bWeakSpecialShield,true
BlastSkill1_0470_00,BlastSkillParamData.bMapChangeEscapeEvenet,true
BlastSkill1_0470_00,BlastSkillParamData.bKamehameHa,false
BlastSkill1_0470_00,BlastSkillParamData.SuperZCounterType,EKoratSuperZCounterType::Repel
BlastSkill1_0470_00,BlastGroup,GR0040_20B1
BlastSkill2_0470_00,LungeSpeed,10000
BlastSkill2_0470_00,ExpendEnergy,30000
BlastSkill2_0470_00,TriggerExpendEnergy,15000
BlastSkill2_0470_00,bCanSpeedImpact,true
BlastSkill2_0470_00,BlastSkillParamData.Type,突進格闘
BlastSkill2_0470_00,BlastSkillParamData.bNonLockUsable,false
BlastSkill2_0470_00,BlastSkillParamData.MoveLimitTime,1.5
BlastSkill2_0470_00,BlastGroup,GR0470_00B2
BlastForte1_0470_00,BlastForteParamData.Type,能力
BlastForte2_0470_00,BlastForteParamData.Type,能力
BlastUltimate_0470_00,LungeSpeed,8750
BlastUltimate_0470_00,ExpendEnergy,50000
BlastUltimate_0470_00,TriggerExpendEnergy,50000
BlastUltimate_0470_00,bCanSpeedImpact,true
BlastUltimate_0470_00,BlastUltimateParamData.Type,突進格闘
BlastUltimate_0470_00,BlastUltimateParamData.bNonLockUsable,false
BlastUltimate_0470_00,BlastUltimateParamData.MoveLimitTime,2
BlastUltimate_0470_00,BlastUltimateParamData.MoveType,EBlastDashMoveType::ControllableTarget
BlastUltimate_0470_00,BlastGroup,GR0470_00UB
BlastSkill1_0480_00,ExpendEnergy,30000
BlastSkill1_0480_00,TriggerExpendEnergy,30000
BlastSkill1_0480_00,bCanBlastImpact,true
BlastSkill1_0480_00,BlastImpactPower,5
BlastSkill1_0480_00,bWeakSpecialShield,true
BlastSkill1_0480_00,BlastSkillParamData.bMapChangeEscapeEvenet,true
BlastSkill1_0480_00,BlastSkillParamData.bKamehameHa,false
BlastSkill1_0480_00,BlastSkillParamData.SuperZCounterType,EKoratSuperZCounterType::Repel
BlastSkill1_0480_00,BlastGroup,GR0040_20B1
BlastSkill2_0480_00,ExpendEnergy,30000
BlastSkill2_0480_00,TriggerExpendEnergy,30000
BlastSkill2_0480_00,bToAimBodyBlendTimeIsZero,true
BlastSkill2_0480_00,BlastGroup,GR0480_00B2
BlastForte1_0480_00,BlastForteParamData.Type,能力
BlastForte2_0480_00,BlastForteParamData.Type,能力
BlastUltimate_0480_00,LungeSpeed,8750
BlastUltimate_0480_00,ExpendEnergy,50000
BlastUltimate_0480_00,TriggerExpendEnergy,50000
BlastUltimate_0480_00,bCanSpeedImpact,true
BlastUltimate_0480_00,BlastUltimateParamData.Type,突進格闘
BlastUltimate_0480_00,BlastUltimateParamData.bDontJostle,true
BlastUltimate_0480_00,BlastUltimateParamData.bKamehameHa,false
BlastUltimate_0480_00,BlastUltimateParamData.bNonLockUsable,false
BlastUltimate_0480_00,BlastUltimateParamData.MoveLimitTime,2
BlastUltimate_0480_00,BlastUltimateParamData.MoveType,EBlastDashMoveType::ControllableTarget
BlastUltimate_0480_00,BlastGroup,GR0480_00UB
BlastSkill1_0490_00,LungeSpeed,8750
BlastSkill1_0490_00,ExpendEnergy,30000
BlastSkill1_0490_00,TriggerExpendEnergy,15000
BlastSkill1_0490_00,bCanSpeedImpact,true
BlastSkill1_0490_00,SupportCharacters[0].bInheritDamageModel,false
BlastSkill1_0490_00,SupportCharacters[0].bInheritEquipItems,false
BlastSkill1_0490_00,SupportCharacters[0].CostumeDamageLv,0
BlastSkill1_0490_00,SupportCharacters[0].CostumeScratchLv,0
BlastSkill1_0490_00,SupportCharacters[0].bIsSubCharacterCostume,false
BlastSkill1_0490_00,SupportCharacters[0].bIsSubCharacterEquipItems,false
BlastSkill1_0490_00,BlastSkillParamData.Type,突進格闘
BlastSkill1_0490_00,BlastSkillParamData.bKamehameHa,false
BlastSkill1_0490_00,BlastSkillParamData.bNonLockUsable,false
BlastSkill1_0490_00,BlastSkillParamData.MoveLimitTime,2
BlastSkill1_0490_00,BlastSkillParamData.MoveType,EBlastDashMoveType::ControllableTarget
BlastSkill1_0490_00,BlastGroup,GR0490_00B1
BlastSkill2_0490_00,ExpendEnergy,40000
BlastSkill2_0490_00,TriggerExpendEnergy,40000
BlastSkill2_0490_00,BlastSkillParamData.bKamehameHa,false
BlastSkill2_0490_00,BlastSkillParamData.bNonLockUsable,false
BlastSkill2_0490_00,BlastGroup,GR0490_00B2
BlastForte1_0490_00,BlastForteParamData.Type,拘束
BlastForte1_0490_00,BlastForteParamData.bIsImpossileGuard,true
BlastForte1_0490_00,BlastForteParamData.bNoAutoGuard,true
BlastForte2_0490_00,BlastForteParamData.Type,爆破
BlastForte2_0490_00,BlastForteParamData.bInterruptibleExplosion,true
BlastForte2_0490_00,BlastForteParamData.bInterruptibleBarrier,true
BlastForte2_0490_00,BlastForteParamData.bTurnBeforeTransition,false
BlastUltimate_0490_00,ExpendEnergy,50000
BlastUltimate_0490_00,TriggerExpendEnergy,50000
BlastUltimate_0490_00,BlastUltimateParamData.bImpossibleGuard,true
BlastUltimate_0490_00,BlastGroup,GR0490_00UB
BlastSkill1_0500_00,ExpendEnergy,30000
BlastSkill1_0500_00,TriggerExpendEnergy,30000
BlastSkill1_0500_00,bCanBlastImpact,true
BlastSkill1_0500_00,BlastImpactPower,5
BlastSkill1_0500_00,bWeakSpecialShield,true
BlastSkill1_0500_00,BlastSkillParamData.SuperZCounterType,EKoratSuperZCounterType::Repel
BlastSkill1_0500_00,BlastGroup,GR0500_00B1
BlastSkill2_0500_00,ExpendEnergy,30000
BlastSkill2_0500_00,TriggerExpendEnergy,30000
BlastSkill2_0500_00,BlastSkillParamData.bImpossibleGuard,true
BlastSkill2_0500_00,BlastSkillParamData.SuperZCounterType,EKoratSuperZCounterType::Erase
BlastSkill2_0500_00,BlastSkillParamData.bBackstepWhenNearMode,false
BlastSkill2_0500_00,BlastGroup,GR0500_00B2
BlastForte1_0500_00,ExpendBlastStock,1
BlastForte1_0500_00,TriggerExpendBlastStock,1
BlastForte1_0500_00,BlastForteParamData.Type,特殊
BlastForte1_0500_00,BlastForteParamData.bIsImpossileGuard,true
BlastForte1_0500_00,BlastForteParamData.bNoAutoGuard,true
BlastForte2_0500_00,ExpendBlastStock,3
BlastForte2_0500_00,TriggerExpendBlastStock,3
BlastForte2_0500_00,BlastForteParamData.Type,残像拳
BlastUltimate_0500_00,LungeSpeed,11700
BlastUltimate_0500_00,ExpendEnergy,50000
BlastUltimate_0500_00,TriggerExpendEnergy,50000
BlastUltimate_0500_00,bCanSpeedImpact,true
BlastUltimate_0500_00,BlastUltimateParamData.Type,突進格闘
BlastUltimate_0500_00,BlastUltimateParamData.bNonLockUsable,false
BlastUltimate_0500_00,BlastUltimateParamData.MoveLimitTime,1
BlastUltimate_0500_00,BlastGroup,GR0500_00UB
BlastSkill1_0510_00,ExpendEnergy,30000
BlastSkill1_0510_00,TriggerExpendEnergy,30000
BlastSkill1_0510_00,bCanBlastImpact,true
BlastSkill1_0510_00,BlastImpactPower,5
BlastSkill1_0510_00,bWeakSpecialShield,true
BlastSkill1_0510_00,BlastSkillParamData.bKamehameHa,false
BlastSkill1_0510_00,BlastSkillParamData.SuperZCounterType,EKoratSuperZCounterType::Repel
BlastSkill1_0510_00,BlastGroup,GR0510_00B1
BlastSkill2_0510_00,ExpendEnergy,30000
BlastSkill2_0510_00,TriggerExpendEnergy,30000
BlastSkill2_0510_00,bWeakSpecialShield,true
BlastSkill2_0510_00,BlastGroup,GR0000_21B2
BlastForte1_0510_00,BlastForteParamData.Type,爆破
BlastForte1_0510_00,BlastForteParamData.bInterruptibleExplosion,true
BlastForte1_0510_00,BlastForteParamData.bInterruptibleBarrier,true
BlastForte1_0510_00,BlastForteParamData.bTurnBeforeTransition,false
BlastForte2_0510_00,BlastForteParamData.Type,能力
BlastUltimate_0510_00,LungeSpeed,8750
BlastUltimate_0510_00,ExpendEnergy,50000
BlastUltimate_0510_00,TriggerExpendEnergy,50000
BlastUltimate_0510_00,bCanSpeedImpact,true
BlastUltimate_0510_00,BlastUltimateParamData.Type,突進格闘
BlastUltimate_0510_00,BlastUltimateParamData.bNonLockUsable,false
BlastUltimate_0510_00,BlastUltimateParamData.MoveLimitTime,2
BlastUltimate_0510_00,BlastGroup,GR0510_00UB
BlastSkill1_0540_00,ExpendEnergy,20000
BlastSkill1_0540_00,TriggerExpendEnergy,20000
BlastSkill1_0540_00,bCanBlastImpact,true
BlastSkill1_0540_00,BlastImpactPower,5
BlastSkill1_0540_00,bWeakSpecialShield,true
BlastSkill1_0540_00,BlastSkillParamData.bKamehameHa,false
BlastSkill1_0540_00,BlastSkillParamData.SuperZCounterType,EKoratSuperZCounterType::Repel
BlastSkill1_0540_00,BlastGroup,GR0540_00B1
BlastSkill2_0540_00,ExpendEnergy,30000
BlastSkill2_0540_00,TriggerExpendEnergy,30000
BlastSkill2_0540_00,bCanBlastImpact,true
BlastSkill2_0540_00,BlastImpactPower,5
BlastSkill2_0540_00,bWeakSpecialShield,true
BlastSkill2_0540_00,BlastSkillParamData.bMapChangeEscapeEvenet,true
BlastSkill2_0540_00,BlastSkillParamData.bKamehameHa,false
BlastSkill2_0540_00,BlastSkillParamData.SuperZCounterType,EKoratSuperZCounterType::Repel
BlastSkill2_0540_00,BlastGroup,GR0540_00B1
BlastForte1_0540_00,BlastForteParamData.Type,能力
BlastForte2_0540_00,ExpendBlastStock,4
BlastForte2_0540_00,TriggerExpendBlastStock,4
BlastForte2_0540_00,BlastForteParamData.Type,特殊
BlastForte2_0540_00,BlastForteParamData.bNoAutoGuard,true
BlastUltimate_0540_00,LungeSpeed,8750
BlastUltimate_0540_00,ExpendEnergy,50000
BlastUltimate_0540_00,TriggerExpendEnergy,50000
BlastUltimate_0540_00,bCanSpeedImpact,true
BlastUltimate_0540_00,BlastUltimateParamData.Type,突進格闘
BlastUltimate_0540_00,BlastUltimateParamData.bImpossibleGuard,true
BlastUltimate_0540_00,BlastUltimateParamData.bNonLockUsable,false
BlastUltimate_0540_00,BlastUltimateParamData.MoveLimitTime,1
BlastUltimate_0540_00,BlastUltimateParamData.MoveType,EBlastDashMoveType::ControllableTurn
BlastUltimate_0540_00,BlastGroup,GR0540_00UB
BlastSkill1_0550_00,ExpendEnergy,30000
BlastSkill1_0550_00,TriggerExpendEnergy,30000
BlastSkill1_0550_00,bCanBlastImpact,true
BlastSkill1_0550_00,BlastImpactPower,5
BlastSkill1_0550_00,bWeakSpecialShield,true
BlastSkill1_0550_00,BlastSkillParamData.bMapChangeEscapeEvenet,true
BlastSkill1_0550_00,BlastSkillParamData.bKamehameHa,false
BlastSkill1_0550_00,BlastSkillParamData.SuperZCounterType,EKoratSuperZCounterType::Repel
BlastSkill1_0550_00,BlastGroup,GR0040_20B1
BlastSkill2_0550_00,LungeSpeed,10000
BlastSkill2_0550_00,ExpendEnergy,30000
BlastSkill2_0550_00,TriggerExpendEnergy,15000
BlastSkill2_0550_00,bCanSpeedImpact,true
BlastSkill2_0550_00,BlastSkillParamData.Type,突進格闘
BlastSkill2_0550_00,BlastSkillParamData.bNonLockUsable,false
BlastSkill2_0550_00,BlastSkillParamData.MoveLimitTime,1.5
BlastSkill2_0550_00,BlastSkillParamData.MoveType,EBlastDashMoveType::ControllableTarget
BlastSkill2_0550_00,BlastGroup,GR0080_10B2
BlastForte1_0550_00,BlastForteParamData.Type,残像拳
BlastForte1_0550_00,BlastForteParamData.bNoHitCheckCombatives,true
BlastForte2_0550_00,ExpendBlastStock,4
BlastForte2_0550_00,TriggerExpendBlastStock,4
BlastForte2_0550_00,BlastForteParamData.Type,特殊
BlastForte2_0550_00,BlastForteParamData.bNoAutoGuard,true
BlastUltimate_0550_00,ExpendEnergy,50000
BlastUltimate_0550_00,TriggerExpendEnergy,50000
BlastUltimate_0550_00,BlastUltimateParamData.bMapChangeEscapeEvenet,true
BlastUltimate_0550_00,BlastUltimateParamData.SureToHitRange,500
BlastUltimate_0550_00,BlastUltimateParamData.bBackstepWhenNearMode,false
BlastUltimate_0550_00,BlastGroup,GR0002_31UB
BlastSkill1_0551_00,LungeSpeed,8750
BlastSkill1_0551_00,ExpendEnergy,30000
BlastSkill1_0551_00,TriggerExpendEnergy,15000
BlastSkill1_0551_00,bCanSpeedImpact,true
BlastSkill1_0551_00,BlastSkillParamData.Type,突進格闘
BlastSkill1_0551_00,BlastSkillParamData.bNonLockUsable,false
BlastSkill1_0551_00,BlastSkillParamData.MoveLimitTime,2
BlastSkill1_0551_00,BlastSkillParamData.MoveType,EBlastDashMoveType::ControllableTarget
BlastSkill1_0551_00,BlastGroup,GR0551_00B1
BlastSkill2_0551_00,ExpendEnergy,20000
BlastSkill2_0551_00,TriggerExpendEnergy,20000
BlastSkill2_0551_00,bWeakSpecialShield,true
BlastSkill2_0551_00,BlastGroup,GR0551_00B2
BlastForte1_0551_00,BlastForteParamData.Type,能力
BlastForte2_0551_00,ExpendBlastStock,4
BlastForte2_0551_00,TriggerExpendBlastStock,4
BlastForte2_0551_00,BlastForteParamData.Type,特殊
BlastForte2_0551_00,BlastForteParamData.bNoAutoGuard,true
BlastUltimate_0551_00,ExpendEnergy,50000
BlastUltimate_0551_00,TriggerExpendEnergy,50000
BlastUltimate_0551_00,BlastUltimateParamData.bMapChangeEscapeEvenet,true
BlastUltimate_0551_00,BlastGroup,GR0551_00UB
BlastSkill1_0552_00,ExpendEnergy,30000
BlastSkill1_0552_00,TriggerExpendEnergy,30000
BlastSkill1_0552_00,bCanBlastImpact,true
BlastSkill1_0552_00,BlastImpactPower,5
BlastSkill1_0552_00,bWeakSpecialShield,true
BlastSkill1_0552_00,BlastSkillParamData.bMapChangeEscapeEvenet,true
BlastSkill1_0552_00,BlastSkillParamData.bKamehameHa,false
BlastSkill1_0552_00,BlastSkillParamData.SuperZCounterType,EKoratSuperZCounterType::Repel
BlastSkill1_0552_00,BlastGroup,GR0020_32B1
BlastSkill2_0552_00,LungeSpeed,8750
BlastSkill2_0552_00,ExpendEnergy,40000
BlastSkill2_0552_00,TriggerExpendEnergy,20000
BlastSkill2_0552_00,bCanSpeedImpact,true
BlastSkill2_0552_00,BlastSkillParamData.Type,突進格闘
BlastSkill2_0552_00,BlastSkillParamData.bImpossibleGuard,true
BlastSkill2_0552_00,BlastSkillParamData.bKamehameHa,false
BlastSkill2_0552_00,BlastSkillParamData.bNonLockUsable,false
BlastSkill2_0552_00,BlastSkillParamData.MoveLimitTime,0.25
BlastSkill2_0552_00,BlastSkillParamData.bBackstepWhenNearMode,false
BlastSkill2_0552_00,BlastGroup,GR0552_00B2
BlastForte1_0552_00,BlastForteParamData.Type,爆破
BlastForte1_0552_00,BlastForteParamData.bInterruptibleExplosion,true
BlastForte1_0552_00,BlastForteParamData.bInterruptibleBarrier,true
BlastForte1_0552_00,BlastForteParamData.bTurnBeforeTransition,false
BlastForte2_0552_00,ExpendBlastStock,4
BlastForte2_0552_00,TriggerExpendBlastStock,4
BlastForte2_0552_00,BlastForteParamData.Type,特殊
BlastForte2_0552_00,BlastForteParamData.bNoAutoGuard,true
BlastUltimate_0552_00,ExpendEnergy,50000
BlastUltimate_0552_00,TriggerExpendEnergy,50000
BlastUltimate_0552_00,bCanBlastImpact,true
BlastUltimate_0552_00,BlastImpactPower,12
BlastUltimate_0552_00,BlastUltimateParamData.bMapChangeEscapeEvenet,true
BlastUltimate_0552_00,BlastUltimateParamData.bMapChangeDestruct,true
BlastUltimate_0552_00,BlastUltimateParamData.bImpossibleGuard,true
BlastUltimate_0552_00,BlastGroup,GR0552_00UB
BlastSkill1_0553_00,ExpendEnergy,30000
BlastSkill1_0553_00,TriggerExpendEnergy,30000
BlastSkill1_0553_00,bCanBlastImpact,true
BlastSkill1_0553_00,BlastImpactPower,5
BlastSkill1_0553_00,bWeakSpecialShield,true
BlastSkill1_0553_00,BlastSkillParamData.bMapChangeEscapeEvenet,true
BlastSkill1_0553_00,BlastSkillParamData.bKamehameHa,false
BlastSkill1_0553_00,BlastSkillParamData.SuperZCounterType,EKoratSuperZCounterType::Repel
BlastSkill1_0553_00,BlastGroup,GR0040_20B1
BlastSkill2_0553_00,LungeSpeed,8750
BlastSkill2_0553_00,ExpendEnergy,40000
BlastSkill2_0553_00,TriggerExpendEnergy,20000
BlastSkill2_0553_00,bCanSpeedImpact,true
BlastSkill2_0553_00,BlastSkillParamData.Type,突進格闘
BlastSkill2_0553_00,BlastSkillParamData.bImpossibleGuard,true
BlastSkill2_0553_00,BlastSkillParamData.bNonLockUsable,false
BlastSkill2_0553_00,BlastSkillParamData.MoveLimitTime,0.5
BlastSkill2_0553_00,BlastSkillParamData.bBackstepWhenNearMode,false
BlastSkill2_0553_00,BlastGroup,GR0553_00B2
BlastForte1_0553_00,BlastForteParamData.Type,能力
BlastForte2_0553_00,ExpendBlastStock,4
BlastForte2_0553_00,TriggerExpendBlastStock,4
BlastForte2_0553_00,BlastForteParamData.Type,特殊
BlastForte2_0553_00,BlastForteParamData.bNoAutoGuard,true
BlastUltimate_0553_00,LungeSpeed,11700
BlastUltimate_0553_00,ExpendEnergy,50000
BlastUltimate_0553_00,TriggerExpendEnergy,50000
BlastUltimate_0553_00,bCanSpeedImpact,true
BlastUltimate_0553_00,BlastUltimateParamData.Type,突進格闘
BlastUltimate_0553_00,BlastUltimateParamData.bNonLockUsable,false
BlastUltimate_0553_00,BlastUltimateParamData.BlastDemoBranchConditions[0].BranchType,ESSBlastDemoBranchType::Wall
BlastUltimate_0553_00,BlastUltimateParamData.BlastDemoBranchConditions[0].SortId,0
BlastUltimate_0553_00,BlastUltimateParamData.BlastDemoBranchConditions[0].bTrueIfAllApply,false
BlastUltimate_0553_00,BlastUltimateParamData.BlastDemoBranchConditions[0].MyselfRemainingHP,0
BlastUltimate_0553_00,BlastUltimateParamData.BlastDemoBranchConditions[0].ExParam,-1
BlastUltimate_0553_00,BlastUltimateParamData.BlastDemoBranchConditions[0].SpDerivationType,EBlastDemoSpDerivationType::Unspecified
BlastUltimate_0553_00,BlastUltimateParamData.BlastDemoBranchConditions[0].VictoryAppealWarpType,EVictoryAppealWarpType::MyselfSafeArea
BlastUltimate_0553_00,BlastUltimateParamData.MoveLimitTime,1
BlastUltimate_0553_00,BlastGroup,GR0553_00UB
BlastSkill1_0554_00,ExpendEnergy,30000
BlastSkill1_0554_00,TriggerExpendEnergy,30000
BlastSkill1_0554_00,bCanBlastImpact,true
BlastSkill1_0554_00,BlastImpactPower,5
BlastSkill1_0554_00,bWeakSpecialShield,true
BlastSkill1_0554_00,BlastSkillParamData.bMapChangeEscapeEvenet,true
BlastSkill1_0554_00,BlastSkillParamData.bKamehameHa,false
BlastSkill1_0554_00,BlastSkillParamData.SuperZCounterType,EKoratSuperZCounterType::Repel
BlastSkill1_0554_00,BlastGroup,GR0554_00B1
BlastSkill2_0554_00,LungeSpeed,11700
BlastSkill2_0554_00,ExpendEnergy,30000
BlastSkill2_0554_00,TriggerExpendEnergy,15000
BlastSkill2_0554_00,bCanSpeedImpact,true
BlastSkill2_0554_00,BlastSkillParamData.Type,突進格闘
BlastSkill2_0554_00,BlastSkillParamData.bNonLockUsable,false
BlastSkill2_0554_00,BlastSkillParamData.BlastDemoBranchConditions[0].BranchType,ESSBlastDemoBranchType::Wall
BlastSkill2_0554_00,BlastSkillParamData.BlastDemoBranchConditions[0].SortId,0
BlastSkill2_0554_00,BlastSkillParamData.BlastDemoBranchConditions[0].bTrueIfAllApply,false
BlastSkill2_0554_00,BlastSkillParamData.BlastDemoBranchConditions[0].MyselfRemainingHP,0
BlastSkill2_0554_00,BlastSkillParamData.BlastDemoBranchConditions[0].ExParam,-1
BlastSkill2_0554_00,BlastSkillParamData.BlastDemoBranchConditions[0].SpDerivationType,EBlastDemoSpDerivationType::Unspecified
BlastSkill2_0554_00,BlastSkillParamData.BlastDemoBranchConditions[0].VictoryAppealWarpType,EVictoryAppealWarpType::MyselfSafeArea
BlastSkill2_0554_00,BlastSkillParamData.MoveLimitTime,1
BlastSkill2_0554_00,BlastGroup,GR0554_00B2
BlastForte1_0554_00,BlastForteParamData.Type,能力
BlastForte2_0554_00,ExpendBlastStock,4
BlastForte2_0554_00,TriggerExpendBlastStock,4
BlastForte2_0554_00,BlastForteParamData.Type,特殊
BlastForte2_0554_00,BlastForteParamData.bNoAutoGuard,true
BlastUltimate_0554_00,ExpendEnergy,50000
BlastUltimate_0554_00,TriggerExpendEnergy,50000
BlastUltimate_0554_00,bCanBlastImpact,true
BlastUltimate_0554_00,BlastImpactPower,12
BlastUltimate_0554_00,BlastUltimateParamData.bMapChangeEscapeEvenet,true
BlastUltimate_0554_00,BlastUltimateParamData.bMapChangeDestruct,true
BlastUltimate_0554_00,BlastGroup,GR0554_00UB
BlastSkill1_0555_00,ExpendEnergy,30000
BlastSkill1_0555_00,TriggerExpendEnergy,30000
BlastSkill1_0555_00,bCanBlastImpact,true
BlastSkill1_0555_00,BlastImpactPower,5
BlastSkill1_0555_00,bWeakSpecialShield,true
BlastSkill1_0555_00,BlastSkillParamData.bMapChangeEscapeEvenet,true
BlastSkill1_0555_00,BlastSkillParamData.bKamehameHa,false
BlastSkill1_0555_00,BlastSkillParamData.SuperZCounterType,EKoratSuperZCounterType::Repel
BlastSkill1_0555_00,BlastGroup,GR0554_00B1
BlastSkill2_0555_00,ExpendEnergy,40000
BlastSkill2_0555_00,TriggerExpendEnergy,40000
BlastSkill2_0555_00,bWeakSpecialShield,true
BlastSkill2_0555_00,BlastSkillParamData.bKamehameHa,false
BlastSkill2_0555_00,BlastSkillParamData.bBackstepWhenNearMode,false
BlastSkill2_0555_00,BlastSkillParamData.bTurnBeforeTransition,false
BlastSkill2_0555_00,BlastGroup,GR0555_00B2
BlastForte1_0555_00,BlastForteParamData.Type,瞬間移動
BlastForte1_0555_00,BlastForteParamData.bNonLockUsable,false
BlastForte2_0555_00,ExpendBlastStock,4
BlastForte2_0555_00,TriggerExpendBlastStock,4
BlastForte2_0555_00,BlastForteParamData.Type,特殊
BlastForte2_0555_00,BlastForteParamData.bNoAutoGuard,true
BlastUltimate_0555_00,ExpendEnergy,50000
BlastUltimate_0555_00,TriggerExpendEnergy,50000
BlastUltimate_0555_00,bCanBlastImpact,true
BlastUltimate_0555_00,BlastImpactPower,12
BlastUltimate_0555_00,BlastUltimateParamData.bMapChangeEscapeEvenet,true
BlastUltimate_0555_00,BlastGroup,GR0555_00UB
BlastSkill1_0561_00,ExpendEnergy,30000
BlastSkill1_0561_00,TriggerExpendEnergy,30000
BlastSkill1_0561_00,bCanBlastImpact,true
BlastSkill1_0561_00,BlastImpactPower,5
BlastSkill1_0561_00,bWeakSpecialShield,true
BlastSkill1_0561_00,BlastSkillParamData.bMapChangeEscapeEvenet,true
BlastSkill1_0561_00,BlastSkillParamData.bKamehameHa,false
BlastSkill1_0561_00,BlastSkillParamData.SuperZCounterType,EKoratSuperZCounterType::Repel
BlastSkill1_0561_00,BlastGroup,GR0561_00B1
BlastSkill2_0561_00,LungeSpeed,8750
BlastSkill2_0561_00,ExpendEnergy,40000
BlastSkill2_0561_00,TriggerExpendEnergy,20000
BlastSkill2_0561_00,bCanSpeedImpact,true
BlastSkill2_0561_00,BlastSkillParamData.Type,投げ
BlastSkill2_0561_00,BlastSkillParamData.bImpossibleGuard,true
BlastSkill2_0561_00,BlastSkillParamData.bNonLockUsable,false
BlastSkill2_0561_00,BlastSkillParamData.MoveLimitTime,0.12
BlastSkill2_0561_00,BlastSkillParamData.SureToHitRange,750
BlastSkill2_0561_00,BlastSkillParamData.bBackstepWhenNearMode,false
BlastSkill2_0561_00,BlastGroup,GR0561_00B2
BlastForte1_0561_00,BlastForteParamData.Type,拘束
BlastForte1_0561_00,BlastForteParamData.bIsImpossileGuard,true
BlastForte1_0561_00,BlastForteParamData.bNoAutoGuard,true
BlastForte2_0561_00,ExpendBlastStock,3
BlastForte2_0561_00,TriggerExpendBlastStock,3
BlastForte2_0561_00,BlastForteParamData.Type,能力
BlastUltimate_0561_00,LungeSpeed,11700
BlastUltimate_0561_00,ExpendEnergy,50000
BlastUltimate_0561_00,TriggerExpendEnergy,50000
BlastUltimate_0561_00,bCanSpeedImpact,true
BlastUltimate_0561_00,BlastUltimateParamData.Type,突進格闘
BlastUltimate_0561_00,BlastUltimateParamData.bImpossibleGuard,true
BlastUltimate_0561_00,BlastUltimateParamData.bNonLockUsable,false
BlastUltimate_0561_00,BlastUltimateParamData.MoveLimitTime,1
BlastUltimate_0561_00,BlastGroup,GR0561_00UB
BlastSkill1_0570_00,ExpendEnergy,30000
BlastSkill1_0570_00,TriggerExpendEnergy,30000
BlastSkill1_0570_00,bWeakSpecialShield,true
BlastSkill1_0570_00,BlastSkillParamData.bMapChangeEscapeEvenet,true
BlastSkill1_0570_00,BlastSkillParamData.BlastImpactCameraType,EKoratBlastImpactCameraType::Giant
BlastSkill1_0570_00,BlastGroup,GR0570_00B1
BlastSkill2_0570_00,LungeSpeed,11700
BlastSkill2_0570_00,ExpendEnergy,40000
BlastSkill2_0570_00,TriggerExpendEnergy,40000
BlastSkill2_0570_00,BlastSkillParamData.Type,突進格闘
BlastSkill2_0570_00,BlastSkillParamData.bImpossibleGuard,true
BlastSkill2_0570_00,BlastSkillParamData.bNonLockUsable,false
BlastSkill2_0570_00,BlastSkillParamData.BlastImpactCameraType,EKoratBlastImpactCameraType::Giant
BlastSkill2_0570_00,BlastSkillParamData.MoveLimitTime,1.5
BlastSkill2_0570_00,BlastSkillParamData.MoveType,EBlastDashMoveType::ControllableTurn
BlastSkill2_0570_00,BlastGroup,GR0570_00B2
BlastForte1_0570_00,ExpendBlastStock,3
BlastForte1_0570_00,TriggerExpendBlastStock,3
BlastForte1_0570_00,BlastForteParamData.Type,爆破
BlastForte1_0570_00,BlastForteParamData.bInterruptibleExplosion,true
BlastForte1_0570_00,BlastForteParamData.bInterruptibleBarrier,true
BlastForte1_0570_00,BlastForteParamData.bTurnBeforeTransition,false
BlastForte2_0570_00,ExpendBlastStock,4
BlastForte2_0570_00,TriggerExpendBlastStock,4
BlastForte2_0570_00,BlastForteParamData.Type,特殊
BlastForte2_0570_00,BlastForteParamData.bNoAutoGuard,true
BlastUltimate_0570_00,ExpendEnergy,50000
BlastUltimate_0570_00,TriggerExpendEnergy,50000
BlastUltimate_0570_00,bCanBlastImpact,true
BlastUltimate_0570_00,BlastImpactPower,9
BlastUltimate_0570_00,BlastUltimateParamData.bMapChangeEscapeEvenet,true
BlastUltimate_0570_00,BlastUltimateParamData.BlastImpactCameraType,EKoratBlastImpactCameraType::Giant
BlastUltimate_0570_00,BlastGroup,GR0570_00UB
BlastSkill1_0580_00,ExpendEnergy,30000
BlastSkill1_0580_00,TriggerExpendEnergy,30000
BlastSkill1_0580_00,bCanBlastImpact,true
BlastSkill1_0580_00,BlastImpactPower,5
BlastSkill1_0580_00,bWeakSpecialShield,true
BlastSkill1_0580_00,BlastSkillParamData.SuperZCounterType,EKoratSuperZCounterType::Repel
BlastSkill1_0580_00,BlastGroup,GR0580_00B1
BlastSkill2_0580_00,ExpendEnergy,30000
BlastSkill2_0580_00,TriggerExpendEnergy,30000
BlastSkill2_0580_00,bWeakSpecialShield,true
BlastSkill2_0580_00,BlastGroup,GR0370_00B2
BlastForte1_0580_00,BlastForteParamData.Type,爆破
BlastForte1_0580_00,BlastForteParamData.bInterruptibleExplosion,true
BlastForte1_0580_00,BlastForteParamData.bInterruptibleBarrier,true
BlastForte1_0580_00,BlastForteParamData.bTurnBeforeTransition,false
BlastForte2_0580_00,BlastForteParamData.Type,能力
BlastUltimate_0580_00,LungeSpeed,11700
BlastUltimate_0580_00,ExpendEnergy,50000
BlastUltimate_0580_00,TriggerExpendEnergy,50000
BlastUltimate_0580_00,bCanSpeedImpact,true
BlastUltimate_0580_00,BlastUltimateParamData.Type,突進格闘
BlastUltimate_0580_00,BlastUltimateParamData.bNonLockUsable,false
BlastUltimate_0580_00,BlastUltimateParamData.MoveLimitTime,1
BlastUltimate_0580_00,BlastGroup,GR0580_00UB
BlastSkill1_0590_00,ExpendEnergy,20000
BlastSkill1_0590_00,TriggerExpendEnergy,20000
BlastSkill1_0590_00,bWeakSpecialShield,true
BlastSkill1_0590_00,BlastGroup,GR0590_00B1
BlastSkill2_0590_00,ExpendEnergy,30000
BlastSkill2_0590_00,TriggerExpendEnergy,30000
BlastSkill2_0590_00,bToAimBodyBlendTimeIsZero,true
BlastSkill2_0590_00,BlastGroup,GR0590_00B2
BlastForte1_0590_00,BlastForteParamData.Type,爆破
BlastForte1_0590_00,BlastForteParamData.bInterruptibleExplosion,true
BlastForte1_0590_00,BlastForteParamData.bInterruptibleBarrier,true
BlastForte1_0590_00,BlastForteParamData.bTurnBeforeTransition,false
BlastForte2_0590_00,BlastForteParamData.Type,能力
BlastUltimate_0590_00,LungeSpeed,11700
BlastUltimate_0590_00,ExpendEnergy,50000
BlastUltimate_0590_00,TriggerExpendEnergy,50000
BlastUltimate_0590_00,bCanSpeedImpact,true
BlastUltimate_0590_00,BlastUltimateParamData.Type,突進格闘
BlastUltimate_0590_00,BlastUltimateParamData.bNonLockUsable,false
BlastUltimate_0590_00,BlastUltimateParamData.MoveLimitTime,1
BlastUltimate_0590_00,BlastGroup,GR0590_00UB
BlastSkill1_0591_00,ExpendEnergy,30000
BlastSkill1_0591_00,TriggerExpendEnergy,30000
BlastSkill1_0591_00,BlastSkillParamData.bMapChangeEscapeEvenet,true
BlastSkill1_0591_00,BlastSkillParamData.BlastImpactCameraType,EKoratBlastImpactCameraType::Giant
BlastSkill1_0591_00,BlastGroup,GR0590_00B2
BlastSkill2_0591_00,ExpendEnergy,40000
BlastSkill2_0591_00,TriggerExpendEnergy,40000
BlastSkill2_0591_00,BlastSkillParamData.bMapChangeEscapeEvenet,true
BlastSkill2_0591_00,BlastSkillParamData.BlastImpactCameraType,EKoratBlastImpactCameraType::Giant
BlastSkill2_0591_00,BlastSkillParamData.SureToHitRange,300
BlastSkill2_0591_00,BlastSkillParamData.bBackstepWhenNearMode,false
BlastSkill2_0591_00,BlastSkillParamData.bTurnBeforeTransition,false
BlastSkill2_0591_00,BlastGroup,GR0110_00B2
BlastForte1_0591_00,BlastForteParamData.Type,爆破
BlastForte1_0591_00,BlastForteParamData.bInterruptibleExplosion,true
BlastForte1_0591_00,BlastForteParamData.bInterruptibleBarrier,true
BlastForte1_0591_00,BlastForteParamData.bTurnBeforeTransition,false
BlastForte2_0591_00,BlastForteParamData.Type,能力
BlastUltimate_0591_00,ExpendEnergy,50000
BlastUltimate_0591_00,TriggerExpendEnergy,50000
BlastUltimate_0591_00,bCanBlastImpact,true
BlastUltimate_0591_00,BlastImpactPower,9
BlastUltimate_0591_00,BlastUltimateParamData.bMapChangeEscapeEvenet,true
BlastUltimate_0591_00,BlastUltimateParamData.BlastImpactCameraType,EKoratBlastImpactCameraType::Giant
BlastUltimate_0591_00,BlastGroup,GR0591_00UB
BlastSkill1_0600_00,ExpendEnergy,30000
BlastSkill1_0600_00,TriggerExpendEnergy,30000
BlastSkill1_0600_00,bCanBlastImpact,true
BlastSkill1_0600_00,BlastImpactPower,5
BlastSkill1_0600_00,bWeakSpecialShield,true
BlastSkill1_0600_00,BlastSkillParamData.bMapChangeEscapeEvenet,true
BlastSkill1_0600_00,BlastSkillParamData.bKamehameHa,false
BlastSkill1_0600_00,BlastSkillParamData.SuperZCounterType,EKoratSuperZCounterType::Repel
BlastSkill1_0600_00,BlastGroup,GR0040_20B1
BlastSkill2_0600_00,ExpendEnergy,20000
BlastSkill2_0600_00,TriggerExpendEnergy,20000
BlastSkill2_0600_00,bToAimBodyBlendTimeIsZero,true
BlastSkill2_0600_00,BlastGroup,GR0590_00B2
BlastForte1_0600_00,BlastForteParamData.Type,拘束
BlastForte1_0600_00,BlastForteParamData.bIsImpossileGuard,true
BlastForte1_0600_00,BlastForteParamData.bNoAutoGuard,true
BlastForte2_0600_00,BlastForteParamData.Type,残像拳
BlastUltimate_0600_00,ExpendEnergy,50000
BlastUltimate_0600_00,TriggerExpendEnergy,50000
BlastUltimate_0600_00,bCanBlastImpact,true
BlastUltimate_0600_00,BlastImpactPower,12
BlastUltimate_0600_00,BlastUltimateParamData.bMapChangeEscapeEvenet,true
BlastUltimate_0600_00,BlastUltimateParamData.bMapChangeDestruct,true
BlastUltimate_0600_00,BlastGroup,GR0150_00UB
BlastSkill1_0600_10,ExpendEnergy,40000
BlastSkill1_0600_10,TriggerExpendEnergy,40000
BlastSkill1_0600_10,BlastSkillParamData.bImpossibleGuard,true
BlastSkill1_0600_10,BlastSkillParamData.bKamehameHa,false
BlastSkill1_0600_10,BlastGroup,GR0600_10B1
BlastSkill2_0600_10,ExpendEnergy,20000
BlastSkill2_0600_10,TriggerExpendEnergy,20000
BlastSkill2_0600_10,bWeakSpecialShield,true
BlastSkill2_0600_10,BlastGroup,GR0600_10B2
BlastForte1_0600_10,BlastForteParamData.Type,瞬間移動
BlastForte1_0600_10,BlastForteParamData.bNonLockUsable,false
BlastForte2_0600_10,ExpendBlastStock,4
BlastForte2_0600_10,TriggerExpendBlastStock,4
BlastForte2_0600_10,BlastForteParamData.Type,特殊
BlastForte2_0600_10,BlastForteParamData.bNoAutoGuard,true
BlastUltimate_0600_10,ExpendEnergy,50000
BlastUltimate_0600_10,TriggerExpendEnergy,50000
BlastUltimate_0600_10,bCanBlastImpact,true
BlastUltimate_0600_10,BlastImpactPower,12
BlastUltimate_0600_10,BlastUltimateParamData.bMapChangeEscapeEvenet,true
BlastUltimate_0600_10,BlastUltimateParamData.bMapChangeDestruct,true
BlastUltimate_0600_10,BlastGroup,GR0153_10UB
BlastSkill1_0601_00,ExpendEnergy,20000
BlastSkill1_0601_00,TriggerExpendEnergy,20000
BlastSkill1_0601_00,bWeakSpecialShield,true
BlastSkill1_0601_00,BlastSkillParamData.bKamehameHa,false
BlastSkill1_0601_00,BlastGroup,GR0150_00B1
BlastSkill2_0601_00,LungeSpeed,8750
BlastSkill2_0601_00,ExpendEnergy,30000
BlastSkill2_0601_00,TriggerExpendEnergy,15000
BlastSkill2_0601_00,bCanSpeedImpact,true
BlastSkill2_0601_00,BlastSkillParamData.Type,突進格闘
BlastSkill2_0601_00,BlastSkillParamData.bNonLockUsable,false
BlastSkill2_0601_00,BlastSkillParamData.MoveLimitTime,2
BlastSkill2_0601_00,BlastSkillParamData.MoveType,EBlastDashMoveType::ControllableTarget
BlastSkill2_0601_00,BlastGroup,GR0601_00B2
BlastForte1_0601_00,BlastForteParamData.Type,拘束
BlastForte1_0601_00,BlastForteParamData.bIsImpossileGuard,true
BlastForte1_0601_00,BlastForteParamData.bNoAutoGuard,true
BlastForte2_0601_00,ExpendBlastStock,3
BlastForte2_0601_00,TriggerExpendBlastStock,3
BlastForte2_0601_00,BlastForteParamData.Type,爆破
BlastForte2_0601_00,BlastForteParamData.bInterruptibleExplosion,true
BlastForte2_0601_00,BlastForteParamData.bInterruptibleBarrier,true
BlastForte2_0601_00,BlastForteParamData.bTurnBeforeTransition,false
BlastUltimate_0601_00,ExpendEnergy,50000
BlastUltimate_0601_00,TriggerExpendEnergy,50000
BlastUltimate_0601_00,bCanBlastImpact,true
BlastUltimate_0601_00,BlastImpactPower,12
BlastUltimate_0601_00,BlastUltimateParamData.bMapChangeEscapeEvenet,true
BlastUltimate_0601_00,BlastUltimateParamData.bMapChangeDestruct,true
BlastUltimate_0601_00,BlastGroup,GR0153_10UB
BlastSkill1_0610_00,ExpendEnergy,30000
BlastSkill1_0610_00,TriggerExpendEnergy,30000
BlastSkill1_0610_00,bCanBlastImpact,true
BlastSkill1_0610_00,BlastImpactPower,5
BlastSkill1_0610_00,bWeakSpecialShield,true
BlastSkill1_0610_00,BlastSkillParamData.bMapChangeEscapeEvenet,true
BlastSkill1_0610_00,BlastSkillParamData.bKamehameHa,false
BlastSkill1_0610_00,BlastSkillParamData.SuperZCounterType,EKoratSuperZCounterType::Repel
BlastSkill1_0610_00,BlastGroup,GR0040_20B1
BlastSkill2_0610_00,ExpendEnergy,20000
BlastSkill2_0610_00,TriggerExpendEnergy,20000
BlastSkill2_0610_00,BlastGroup,GR0610_00B2
BlastForte1_0610_00,BlastForteParamData.Type,爆破
BlastForte1_0610_00,BlastForteParamData.bInterruptibleExplosion,true
BlastForte1_0610_00,BlastForteParamData.bInterruptibleBarrier,true
BlastForte1_0610_00,BlastForteParamData.bTurnBeforeTransition,false
BlastForte2_0610_00,BlastForteParamData.Type,能力
BlastUltimate_0610_00,LungeSpeed,11700
BlastUltimate_0610_00,ExpendEnergy,50000
BlastUltimate_0610_00,TriggerExpendEnergy,50000
BlastUltimate_0610_00,bCanSpeedImpact,true
BlastUltimate_0610_00,BlastUltimateParamData.Type,突進格闘
BlastUltimate_0610_00,BlastUltimateParamData.bNonLockUsable,false
BlastUltimate_0610_00,BlastUltimateParamData.MoveLimitTime,1
BlastUltimate_0610_00,BlastGroup,GR0610_00UB
BlastSkill1_0620_00,ExpendEnergy,30000
BlastSkill1_0620_00,TriggerExpendEnergy,30000
BlastSkill1_0620_00,bCanBlastImpact,true
BlastSkill1_0620_00,BlastImpactPower,5
BlastSkill1_0620_00,bWeakSpecialShield,true
BlastSkill1_0620_00,BlastSkillParamData.bMapChangeEscapeEvenet,true
BlastSkill1_0620_00,BlastSkillParamData.bKamehameHa,false
BlastSkill1_0620_00,BlastSkillParamData.SuperZCounterType,EKoratSuperZCounterType::Repel
BlastSkill1_0620_00,BlastGroup,GR0040_20B1
BlastSkill2_0620_00,LungeSpeed,8750
BlastSkill2_0620_00,ExpendEnergy,30000
BlastSkill2_0620_00,TriggerExpendEnergy,15000
BlastSkill2_0620_00,bCanSpeedImpact,true
BlastSkill2_0620_00,BlastSkillParamData.Type,突進格闘
BlastSkill2_0620_00,BlastSkillParamData.bNonLockUsable,false
BlastSkill2_0620_00,BlastSkillParamData.MoveLimitTime,2
BlastSkill2_0620_00,BlastSkillParamData.MoveType,EBlastDashMoveType::ControllableTarget
BlastSkill2_0620_00,BlastGroup,GR0620_00B2
BlastForte1_0620_00,BlastForteParamData.Type,残像拳
BlastForte2_0620_00,BlastForteParamData.Type,能力
BlastUltimate_0620_00,ExpendEnergy,50000
BlastUltimate_0620_00,TriggerExpendEnergy,50000
BlastUltimate_0620_00,bCanBlastImpact,true
BlastUltimate_0620_00,BlastImpactPower,8
BlastUltimate_0620_00,BlastUltimateParamData.bMapChangeEscapeEvenet,true
BlastUltimate_0620_00,BlastGroup,GR0620_00UB
BlastSkill1_0621_00,ExpendEnergy,30000
BlastSkill1_0621_00,TriggerExpendEnergy,30000
BlastSkill1_0621_00,bCanBlastImpact,true
BlastSkill1_0621_00,BlastImpactPower,5
BlastSkill1_0621_00,bWeakSpecialShield,true
BlastSkill1_0621_00,BlastSkillParamData.bMapChangeEscapeEvenet,true
BlastSkill1_0621_00,BlastSkillParamData.SuperZCounterType,EKoratSuperZCounterType::Repel
BlastSkill1_0621_00,BlastGroup,GR0621_00B1
BlastSkill2_0621_00,ExpendEnergy,40000
BlastSkill2_0621_00,TriggerExpendEnergy,40000
BlastSkill2_0621_00,BlastSkillParamData.bMapChangeEscapeEvenet,true
BlastSkill2_0621_00,BlastSkillParamData.SureToHitRange,500
BlastSkill2_0621_00,BlastSkillParamData.bBackstepWhenNearMode,false
BlastSkill2_0621_00,BlastSkillParamData.bTurnBeforeTransition,false
BlastSkill2_0621_00,BlastGroup,GR0621_00B2
BlastForte1_0621_00,ExpendBlastStock,3
BlastForte1_0621_00,TriggerExpendBlastStock,3
BlastForte1_0621_00,BlastForteParamData.Type,爆破
BlastForte1_0621_00,BlastForteParamData.bInterruptibleExplosion,true
BlastForte1_0621_00,BlastForteParamData.bInterruptibleBarrier,true
BlastForte1_0621_00,BlastForteParamData.bTurnBeforeTransition,false
BlastForte2_0621_00,BlastForteParamData.Type,能力
BlastUltimate_0621_00,LungeSpeed,8750
BlastUltimate_0621_00,ExpendEnergy,50000
BlastUltimate_0621_00,TriggerExpendEnergy,50000
BlastUltimate_0621_00,bCanSpeedImpact,true
BlastUltimate_0621_00,BlastUltimateParamData.Type,投げ
BlastUltimate_0621_00,BlastUltimateParamData.bImpossibleGuard,true
BlastUltimate_0621_00,BlastUltimateParamData.bNonLockUsable,false
BlastUltimate_0621_00,BlastUltimateParamData.MoveLimitTime,0.12
BlastUltimate_0621_00,BlastUltimateParamData.SureToHitRange,750
BlastUltimate_0621_00,BlastUltimateParamData.bBackstepWhenNearMode,false
BlastUltimate_0621_00,BlastGroup,GR0621_00UB
BlastSkill1_0630_00,ExpendEnergy,30000
BlastSkill1_0630_00,TriggerExpendEnergy,30000
BlastSkill1_0630_00,bCanBlastImpact,true
BlastSkill1_0630_00,BlastImpactPower,5
BlastSkill1_0630_00,bWeakSpecialShield,true
BlastSkill1_0630_00,BlastSkillParamData.bMapChangeEscapeEvenet,true
BlastSkill1_0630_00,BlastSkillParamData.SuperZCounterType,EKoratSuperZCounterType::Repel
BlastSkill1_0630_00,BlastGroup,GR0400_00B1
BlastSkill2_0630_00,ExpendEnergy,20000
BlastSkill2_0630_00,TriggerExpendEnergy,20000
BlastSkill2_0630_00,bWeakSpecialShield,true
BlastSkill2_0630_00,BlastGroup,GR0551_00B2
BlastForte1_0630_00,ExpendBlastStock,3
BlastForte1_0630_00,TriggerExpendBlastStock,3
BlastForte1_0630_00,BlastForteParamData.Type,爆破
BlastForte1_0630_00,BlastForteParamData.bInterruptibleExplosion,true
BlastForte1_0630_00,BlastForteParamData.bInterruptibleBarrier,true
BlastForte1_0630_00,BlastForteParamData.bTurnBeforeTransition,false
BlastForte2_0630_00,ExpendBlastStock,4
BlastForte2_0630_00,TriggerExpendBlastStock,4
BlastForte2_0630_00,BlastForteParamData.Type,特殊
BlastForte2_0630_00,BlastForteParamData.bNoAutoGuard,true
BlastUltimate_0630_00,ExpendEnergy,50000
BlastUltimate_0630_00,TriggerExpendEnergy,50000
BlastUltimate_0630_00,bCanBlastImpact,true
BlastUltimate_0630_00,BlastImpactPower,8
BlastUltimate_0630_00,BlastUltimateParamData.bMapChangeEscapeEvenet,true
BlastUltimate_0630_00,BlastGroup,GR0630_00UB
BlastSkill1_0631_00,ExpendEnergy,30000
BlastSkill1_0631_00,TriggerExpendEnergy,30000
BlastSkill1_0631_00,bCanBlastImpact,true
BlastSkill1_0631_00,BlastImpactPower,5
BlastSkill1_0631_00,bWeakSpecialShield,true
BlastSkill1_0631_00,BlastSkillParamData.bMapChangeEscapeEvenet,true
BlastSkill1_0631_00,BlastSkillParamData.SuperZCounterType,EKoratSuperZCounterType::Repel
BlastSkill1_0631_00,BlastGroup,GR0020_32B1
BlastSkill2_0631_00,LungeSpeed,11700
BlastSkill2_0631_00,ExpendEnergy,30000
BlastSkill2_0631_00,TriggerExpendEnergy,15000
BlastSkill2_0631_00,bCanSpeedImpact,true
BlastSkill2_0631_00,BlastSkillParamData.Type,突進格闘
BlastSkill2_0631_00,BlastSkillParamData.bNonLockUsable,false
BlastSkill2_0631_00,BlastSkillParamData.MoveLimitTime,1
BlastSkill2_0631_00,BlastGroup,GR0631_00B2
BlastForte1_0631_00,ExpendBlastStock,3
BlastForte1_0631_00,TriggerExpendBlastStock,3
BlastForte1_0631_00,BlastForteParamData.Type,爆破
BlastForte1_0631_00,BlastForteParamData.bInterruptibleExplosion,true
BlastForte1_0631_00,BlastForteParamData.bInterruptibleBarrier,true
BlastForte1_0631_00,BlastForteParamData.bTurnBeforeTransition,false
BlastForte2_0631_00,BlastForteParamData.Type,能力
BlastUltimate_0631_00,ExpendEnergy,50000
BlastUltimate_0631_00,TriggerExpendEnergy,50000
BlastUltimate_0631_00,bCanBlastImpact,true
BlastUltimate_0631_00,BlastImpactPower,8
BlastUltimate_0631_00,BlastUltimateParamData.bMapChangeEscapeEvenet,true
BlastUltimate_0631_00,BlastGroup,GR0631_00UB
BlastSkill1_0640_00,ExpendEnergy,30000
BlastSkill1_0640_00,TriggerExpendEnergy,30000
BlastSkill1_0640_00,bCanBlastImpact,true
BlastSkill1_0640_00,BlastImpactPower,5
BlastSkill1_0640_00,bWeakSpecialShield,true
BlastSkill1_0640_00,BlastSkillParamData.bKamehameHa,false
BlastSkill1_0640_00,BlastSkillParamData.SuperZCounterType,EKoratSuperZCounterType::Repel
BlastSkill1_0640_00,BlastGroup,GR0640_00B1
BlastSkill2_0640_00,ExpendEnergy,20000
BlastSkill2_0640_00,TriggerExpendEnergy,20000
BlastSkill2_0640_00,bWeakSpecialShield,true
BlastSkill2_0640_00,BlastGroup,GR0551_00B2
BlastForte1_0640_00,BlastForteParamData.Type,拘束
BlastForte1_0640_00,BlastForteParamData.bIsImpossileGuard,true
BlastForte1_0640_00,BlastForteParamData.bNoAutoGuard,true
BlastForte2_0640_00,BlastForteParamData.Type,残像拳
BlastForte2_0640_00,BlastForteParamData.bNoHitCheckCombatives,true
BlastUltimate_0640_00,LungeSpeed,8750
BlastUltimate_0640_00,ExpendEnergy,50000
BlastUltimate_0640_00,TriggerExpendEnergy,50000
BlastUltimate_0640_00,bCanSpeedImpact,true
BlastUltimate_0640_00,BlastUltimateParamData.Type,突進格闘
BlastUltimate_0640_00,BlastUltimateParamData.bNonLockUsable,false
BlastUltimate_0640_00,BlastUltimateParamData.MoveLimitTime,2
BlastUltimate_0640_00,BlastUltimateParamData.MoveType,EBlastDashMoveType::ControllableTarget
BlastUltimate_0640_00,BlastGroup,GR0640_00UB
BlastSkill1_0650_00,ExpendEnergy,30000
BlastSkill1_0650_00,TriggerExpendEnergy,30000
BlastSkill1_0650_00,bCanBlastImpact,true
BlastSkill1_0650_00,BlastImpactPower,5
BlastSkill1_0650_00,bWeakSpecialShield,true
BlastSkill1_0650_00,BlastSkillParamData.bMapChangeEscapeEvenet,true
BlastSkill1_0650_00,BlastSkillParamData.BlastImpactCameraType,EKoratBlastImpactCameraType::Giant
BlastSkill1_0650_00,BlastSkillParamData.SuperZCounterType,EKoratSuperZCounterType::Repel
BlastSkill1_0650_00,BlastGroup,GR0023_00B1
BlastSkill2_0650_00,ExpendEnergy,30000
BlastSkill2_0650_00,TriggerExpendEnergy,30000
BlastSkill2_0650_00,bWeakSpecialShield,true
BlastSkill2_0650_00,BlastSkillParamData.bMapChangeEscapeEvenet,true
BlastSkill2_0650_00,BlastSkillParamData.BlastImpactCameraType,EKoratBlastImpactCameraType::Giant
BlastSkill2_0650_00,BlastGroup,GR0650_00B2
BlastForte1_0650_00,ExpendBlastStock,1
BlastForte1_0650_00,TriggerExpendBlastStock,1
BlastForte1_0650_00,BlastForteParamData.Type,特殊
BlastForte1_0650_00,BlastForteParamData.bIsImpossileGuard,true
BlastForte1_0650_00,BlastForteParamData.bNoAutoGuard,true
BlastForte2_0650_00,ExpendBlastStock,4
BlastForte2_0650_00,TriggerExpendBlastStock,4
BlastForte2_0650_00,BlastForteParamData.Type,特殊
BlastForte2_0650_00,BlastForteParamData.bNoAutoGuard,true
BlastUltimate_0650_00,LungeSpeed,11700
BlastUltimate_0650_00,ExpendEnergy,50000
BlastUltimate_0650_00,TriggerExpendEnergy,50000
BlastUltimate_0650_00,BlastUltimateParamData.Type,投げ
BlastUltimate_0650_00,BlastUltimateParamData.bImpossibleGuard,true
BlastUltimate_0650_00,BlastUltimateParamData.bNonLockUsable,false
BlastUltimate_0650_00,BlastUltimateParamData.BlastImpactCameraType,EKoratBlastImpactCameraType::Giant
BlastUltimate_0650_00,BlastUltimateParamData.SureToHitRange,500
BlastUltimate_0650_00,BlastGroup,GR0650_00UB
BlastSkill1_0651_00,ExpendEnergy,30000
BlastSkill1_0651_00,TriggerExpendEnergy,30000
BlastSkill1_0651_00,bCanBlastImpact,true
BlastSkill1_0651_00,BlastImpactPower,5
BlastSkill1_0651_00,bWeakSpecialShield,true
BlastSkill1_0651_00,BlastSkillParamData.bMapChangeEscapeEvenet,true
BlastSkill1_0651_00,BlastSkillParamData.SuperZCounterType,EKoratSuperZCounterType::Repel
BlastSkill1_0651_00,BlastGroup,GR0651_00B1
BlastSkill2_0651_00,ExpendEnergy,30000
BlastSkill2_0651_00,TriggerExpendEnergy,30000
BlastSkill2_0651_00,bWeakSpecialShield,true
BlastSkill2_0651_00,BlastSkillParamData.bKamehameHa,false
BlastSkill2_0651_00,BlastSkillParamData.SuperZCounterType,EKoratSuperZCounterType::Erase
BlastSkill2_0651_00,BlastGroup,GR0651_00B2
BlastForte1_0651_00,ExpendBlastStock,1
BlastForte1_0651_00,TriggerExpendBlastStock,1
BlastForte1_0651_00,BlastForteParamData.Type,特殊
BlastForte1_0651_00,BlastForteParamData.bIsImpossileGuard,true
BlastForte1_0651_00,BlastForteParamData.bNoAutoGuard,true
BlastForte2_0651_00,BlastForteParamData.Type,瞬間移動
BlastForte2_0651_00,BlastForteParamData.bNonLockUsable,false
BlastUltimate_0651_00,LungeSpeed,11700
BlastUltimate_0651_00,ExpendEnergy,50000
BlastUltimate_0651_00,TriggerExpendEnergy,50000
BlastUltimate_0651_00,bCanSpeedImpact,true
BlastUltimate_0651_00,BlastUltimateParamData.Type,突進格闘
BlastUltimate_0651_00,BlastUltimateParamData.bNonLockUsable,false
BlastUltimate_0651_00,BlastUltimateParamData.MoveLimitTime,1
BlastUltimate_0651_00,BlastGroup,GR0651_00UB
BlastSkill1_0660_00,ExpendEnergy,30000
BlastSkill1_0660_00,TriggerExpendEnergy,30000
BlastSkill1_0660_00,bCanBlastImpact,true
BlastSkill1_0660_00,BlastImpactPower,5
BlastSkill1_0660_00,bWeakSpecialShield,true
BlastSkill1_0660_00,BlastSkillParamData.bMapChangeEscapeEvenet,true
BlastSkill1_0660_00,BlastSkillParamData.SuperZCounterType,EKoratSuperZCounterType::Repel
BlastSkill1_0660_00,BlastGroup,GR0660_00B1
BlastSkill2_0660_00,ExpendEnergy,30000
BlastSkill2_0660_00,TriggerExpendEnergy,30000
BlastSkill2_0660_00,BlastSkillParamData.bImpossibleGuard,true
BlastSkill2_0660_00,BlastGroup,GR0660_00B2
BlastForte1_0660_00,BlastForteParamData.Type,爆破
BlastForte1_0660_00,BlastForteParamData.bInterruptibleExplosion,true
BlastForte1_0660_00,BlastForteParamData.bInterruptibleBarrier,true
BlastForte1_0660_00,BlastForteParamData.bTurnBeforeTransition,false
BlastForte2_0660_00,BlastForteParamData.Type,残像拳
BlastUltimate_0660_00,LungeSpeed,11700
BlastUltimate_0660_00,ExpendEnergy,50000
BlastUltimate_0660_00,TriggerExpendEnergy,50000
BlastUltimate_0660_00,bCanSpeedImpact,true
BlastUltimate_0660_00,BlastUltimateParamData.Type,突進格闘
BlastUltimate_0660_00,BlastUltimateParamData.bNonLockUsable,false
BlastUltimate_0660_00,BlastUltimateParamData.BlastDemoBranchConditions[0].BranchType,ESSBlastDemoBranchType::Giant
BlastUltimate_0660_00,BlastUltimateParamData.BlastDemoBranchConditions[0].SortId,10
BlastUltimate_0660_00,BlastUltimateParamData.BlastDemoBranchConditions[0].bTrueIfAllApply,true
BlastUltimate_0660_00,BlastUltimateParamData.BlastDemoBranchConditions[0].MyselfRemainingHP,0
BlastUltimate_0660_00,BlastUltimateParamData.BlastDemoBranchConditions[0].ExParam,-1
BlastUltimate_0660_00,BlastUltimateParamData.BlastDemoBranchConditions[0].SpDerivationType,EBlastDemoSpDerivationType::Unspecified
BlastUltimate_0660_00,BlastUltimateParamData.BlastDemoBranchConditions[0].VictoryAppealWarpType,EVictoryAppealWarpType::MyselfSafeArea
BlastUltimate_0660_00,BlastUltimateParamData.MoveLimitTime,1
BlastUltimate_0660_00,BlastGroup,GR0660_00UB
BlastSkill1_0670_00,ExpendEnergy,20000
BlastSkill1_0670_00,TriggerExpendEnergy,20000
BlastSkill1_0670_00,bWeakSpecialShield,true
BlastSkill1_0670_00,BlastSkillParamData.bMapChangeEscapeEvenet,true
BlastSkill1_0670_00,BlastSkillParamData.BlastImpactCameraType,EKoratBlastImpactCameraType::Giant
BlastSkill1_0670_00,BlastSkillParamData.SuperZCounterType,EKoratSuperZCounterType::Erase
BlastSkill1_0670_00,BlastGroup,GR0670_00B1
BlastSkill2_0670_00,ExpendEnergy,40000
BlastSkill2_0670_00,TriggerExpendEnergy,40000
BlastSkill2_0670_00,BlastSkillParamData.bMapChangeEscapeEvenet,true
BlastSkill2_0670_00,BlastSkillParamData.BlastImpactCameraType,EKoratBlastImpactCameraType::Giant
BlastSkill2_0670_00,BlastSkillParamData.SureToHitRange,800
BlastSkill2_0670_00,BlastSkillParamData.bBackstepWhenNearMode,false
BlastSkill2_0670_00,BlastSkillParamData.bTurnBeforeTransition,false
BlastSkill2_0670_00,BlastGroup,GR0110_00B2
BlastForte1_0670_00,BlastForteParamData.Type,爆破
BlastForte1_0670_00,BlastForteParamData.bInterruptibleExplosion,true
BlastForte1_0670_00,BlastForteParamData.bInterruptibleBarrier,true
BlastForte1_0670_00,BlastForteParamData.bTurnBeforeTransition,false
BlastForte2_0670_00,BlastForteParamData.Type,残像拳
BlastUltimate_0670_00,ExpendEnergy,50000
BlastUltimate_0670_00,TriggerExpendEnergy,50000
BlastUltimate_0670_00,bCanBlastImpact,true
BlastUltimate_0670_00,BlastImpactPower,9
BlastUltimate_0670_00,bToAimBodyBlendTimeIsZero,true
BlastUltimate_0670_00,BlastUltimateParamData.bMapChangeEscapeEvenet,true
BlastUltimate_0670_00,BlastUltimateParamData.bMapChangeDestruct,true
BlastUltimate_0670_00,BlastUltimateParamData.BlastImpactCameraType,EKoratBlastImpactCameraType::Giant
BlastUltimate_0670_00,BlastUltimateParamData.SureToHitRange,2500
BlastUltimate_0670_00,BlastGroup,GR0670_00UB
BlastSkill1_0680_00,ExpendEnergy,30000
BlastSkill1_0680_00,TriggerExpendEnergy,30000
BlastSkill1_0680_00,bCanBlastImpact,true
BlastSkill1_0680_00,BlastImpactPower,5
BlastSkill1_0680_00,bWeakSpecialShield,true
BlastSkill1_0680_00,BlastSkillParamData.bMapChangeEscapeEvenet,true
BlastSkill1_0680_00,BlastSkillParamData.SuperZCounterType,EKoratSuperZCounterType::Repel
BlastSkill1_0680_00,BlastGroup,GR0020_00B1
BlastSkill2_0680_00,ExpendEnergy,20000
BlastSkill2_0680_00,TriggerExpendEnergy,20000
BlastSkill2_0680_00,bWeakSpecialShield,true
BlastSkill2_0680_00,BlastSkillParamData.bMapChangeEscapeEvenet,true
BlastSkill2_0680_00,BlastGroup,GR0600_10B2
BlastForte1_0680_00,BlastForteParamData.Type,爆破
BlastForte1_0680_00,BlastForteParamData.bInterruptibleExplosion,true
BlastForte1_0680_00,BlastForteParamData.bInterruptibleBarrier,true
BlastForte1_0680_00,BlastForteParamData.bTurnBeforeTransition,false
BlastForte2_0680_00,BlastForteParamData.Type,能力
BlastUltimate_0680_00,ExpendEnergy,50000
BlastUltimate_0680_00,TriggerExpendEnergy,50000
BlastUltimate_0680_00,bCanBlastImpact,true
BlastUltimate_0680_00,BlastImpactPower,9
BlastUltimate_0680_00,BlastUltimateParamData.bMapChangeEscapeEvenet,true
BlastUltimate_0680_00,BlastUltimateParamData.bMapChangeDestruct,true
BlastUltimate_0680_00,BlastGroup,GR0020_31B1
BlastSkill1_0680_01,ExpendEnergy,30000
BlastSkill1_0680_01,TriggerExpendEnergy,30000
BlastSkill1_0680_01,bCanBlastImpact,true
BlastSkill1_0680_01,BlastImpactPower,5
BlastSkill1_0680_01,bWeakSpecialShield,true
BlastSkill1_0680_01,BlastSkillParamData.bMapChangeEscapeEvenet,true
BlastSkill1_0680_01,BlastSkillParamData.SuperZCounterType,EKoratSuperZCounterType::Repel
BlastSkill1_0680_01,BlastGroup,GR0020_00B1
BlastSkill2_0680_01,LungeSpeed,8750
BlastSkill2_0680_01,ExpendEnergy,30000
BlastSkill2_0680_01,TriggerExpendEnergy,15000
BlastSkill2_0680_01,bCanSpeedImpact,true
BlastSkill2_0680_01,BlastSkillParamData.Type,突進格闘
BlastSkill2_0680_01,BlastSkillParamData.bNonLockUsable,false
BlastSkill2_0680_01,BlastSkillParamData.MoveLimitTime,2
BlastSkill2_0680_01,BlastSkillParamData.MoveType,EBlastDashMoveType::ControllableTarget
BlastSkill2_0680_01,BlastGroup,GR0680_01B2
BlastForte1_0680_01,BlastForteParamData.Type,残像拳
BlastForte2_0680_01,BlastForteParamData.Type,能力
BlastUltimate_0680_01,ExpendEnergy,50000
BlastUltimate_0680_01,TriggerExpendEnergy,50000
BlastUltimate_0680_01,bCanBlastImpact,true
BlastUltimate_0680_01,BlastImpactPower,9
BlastUltimate_0680_01,BlastUltimateParamData.bMapChangeEscapeEvenet,true
BlastUltimate_0680_01,BlastUltimateParamData.bMapChangeDestruct,true
BlastUltimate_0680_01,BlastGroup,GR0020_31B1
BlastSkill1_0680_02,ExpendEnergy,30000
BlastSkill1_0680_02,TriggerExpendEnergy,30000
BlastSkill1_0680_02,bCanBlastImpact,true
BlastSkill1_0680_02,BlastImpactPower,5
BlastSkill1_0680_02,bWeakSpecialShield,true
BlastSkill1_0680_02,BlastSkillParamData.bMapChangeEscapeEvenet,true
BlastSkill1_0680_02,BlastSkillParamData.SuperZCounterType,EKoratSuperZCounterType::Repel
BlastSkill1_0680_02,BlastGroup,GR0020_31B1
BlastSkill2_0680_02,ExpendEnergy,30000
BlastSkill2_0680_02,TriggerExpendEnergy,30000
BlastSkill2_0680_02,BlastSkillParamData.bImpossibleGuard,true
BlastSkill2_0680_02,BlastGroup,GR0680_02B2
BlastForte1_0680_02,BlastForteParamData.Type,爆破
BlastForte1_0680_02,BlastForteParamData.bInterruptibleExplosion,true
BlastForte1_0680_02,BlastForteParamData.bInterruptibleBarrier,true
BlastForte1_0680_02,BlastForteParamData.bTurnBeforeTransition,false
BlastForte2_0680_02,ExpendBlastStock,4
BlastForte2_0680_02,TriggerExpendBlastStock,4
BlastForte2_0680_02,BlastForteParamData.Type,特殊
BlastForte2_0680_02,BlastForteParamData.bNoAutoGuard,true
BlastUltimate_0680_02,ExpendEnergy,50000
BlastUltimate_0680_02,TriggerExpendEnergy,50000
BlastUltimate_0680_02,bCanBlastImpact,true
BlastUltimate_0680_02,BlastImpactPower,8
BlastUltimate_0680_02,BlastUltimateParamData.bMapChangeEscapeEvenet,true
BlastUltimate_0680_02,BlastUltimateParamData.bMapChangeDestruct,true
BlastUltimate_0680_02,BlastGroup,GR0680_02UB
BlastSkill1_0681_00,ExpendEnergy,30000
BlastSkill1_0681_00,TriggerExpendEnergy,30000
BlastSkill1_0681_00,bCanBlastImpact,true
BlastSkill1_0681_00,BlastImpactPower,5
BlastSkill1_0681_00,bWeakSpecialShield,true
BlastSkill1_0681_00,BlastSkillParamData.bMapChangeEscapeEvenet,true
BlastSkill1_0681_00,BlastSkillParamData.BlastImpactCameraType,EKoratBlastImpactCameraType::Giant
BlastSkill1_0681_00,BlastSkillParamData.SuperZCounterType,EKoratSuperZCounterType::Repel
BlastSkill1_0681_00,BlastGroup,GR0020_00B1
BlastSkill2_0681_00,ExpendEnergy,30000
BlastSkill2_0681_00,TriggerExpendEnergy,30000
BlastSkill2_0681_00,BlastSkillParamData.bMapChangeEscapeEvenet,true
BlastSkill2_0681_00,BlastSkillParamData.bImpossibleGuard,true
BlastSkill2_0681_00,BlastSkillParamData.BlastImpactCameraType,EKoratBlastImpactCameraType::Giant
BlastSkill2_0681_00,BlastSkillParamData.SuperZCounterType,EKoratSuperZCounterType::Erase
BlastSkill2_0681_00,BlastGroup,GR0670_00B1
BlastForte1_0681_00,BlastForteParamData.Type,爆破
BlastForte1_0681_00,BlastForteParamData.bInterruptibleExplosion,true
BlastForte1_0681_00,BlastForteParamData.bInterruptibleBarrier,true
BlastForte1_0681_00,BlastForteParamData.bTurnBeforeTransition,false
BlastForte2_0681_00,ExpendBlastStock,4
BlastForte2_0681_00,TriggerExpendBlastStock,4
BlastForte2_0681_00,BlastForteParamData.Type,特殊
BlastForte2_0681_00,BlastForteParamData.bNoAutoGuard,true
BlastUltimate_0681_00,ExpendEnergy,50000
BlastUltimate_0681_00,TriggerExpendEnergy,50000
BlastUltimate_0681_00,bCanBlastImpact,true
BlastUltimate_0681_00,BlastImpactPower,12
BlastUltimate_0681_00,BlastUltimateParamData.bMapChangeEscapeEvenet,true
BlastUltimate_0681_00,BlastUltimateParamData.bMapChangeDestruct,true
BlastUltimate_0681_00,BlastUltimateParamData.BlastImpactCameraType,EKoratBlastImpactCameraType::Giant
BlastUltimate_0681_00,BlastGroup,GR0680_02UB
BlastSkill1_0690_00,ExpendEnergy,30000
BlastSkill1_0690_00,TriggerExpendEnergy,30000
BlastSkill1_0690_00,bCanBlastImpact,true
BlastSkill1_0690_00,BlastImpactPower,5
BlastSkill1_0690_00,bWeakSpecialShield,true
BlastSkill1_0690_00,BlastSkillParamData.bMapChangeEscapeEvenet,true
BlastSkill1_0690_00,BlastSkillParamData.SuperZCounterType,EKoratSuperZCounterType::Repel
BlastSkill1_0690_00,BlastGroup,GR0690_00B1
BlastSkill2_0690_00,LungeSpeed,8750
BlastSkill2_0690_00,ExpendEnergy,40000
BlastSkill2_0690_00,TriggerExpendEnergy,40000
BlastSkill2_0690_00,bCanSpeedImpact,true
BlastSkill2_0690_00,BlastSkillParamData.Type,突進格闘
BlastSkill2_0690_00,BlastSkillParamData.bImpossibleGuard,true
BlastSkill2_0690_00,BlastSkillParamData.bNonLockUsable,false
BlastSkill2_0690_00,BlastSkillParamData.MoveLimitTime,1
BlastSkill2_0690_00,BlastSkillParamData.MoveType,EBlastDashMoveType::ControllableTurn
BlastSkill2_0690_00,BlastGroup,GR0690_00B2
BlastForte1_0690_00,BlastForteParamData.Type,瞬間移動
BlastForte1_0690_00,BlastForteParamData.bNonLockUsable,false
BlastForte2_0690_00,BlastForteParamData.Type,爆破
BlastForte2_0690_00,BlastForteParamData.bInterruptibleExplosion,true
BlastForte2_0690_00,BlastForteParamData.bInterruptibleBarrier,true
BlastForte2_0690_00,BlastForteParamData.bTurnBeforeTransition,false
BlastUltimate_0690_00,LungeSpeed,8750
BlastUltimate_0690_00,ExpendEnergy,50000
BlastUltimate_0690_00,TriggerExpendEnergy,50000
BlastUltimate_0690_00,bCanSpeedImpact,true
BlastUltimate_0690_00,BlastUltimateParamData.Type,突進格闘
BlastUltimate_0690_00,BlastUltimateParamData.bNonLockUsable,false
BlastUltimate_0690_00,BlastUltimateParamData.MoveLimitTime,2
BlastUltimate_0690_00,BlastUltimateParamData.MoveType,EBlastDashMoveType::ControllableTarget
BlastUltimate_0690_00,BlastGroup,GR0690_00UB
BlastSkill1_0700_00,ExpendEnergy,20000
BlastSkill1_0700_00,TriggerExpendEnergy,20000
BlastSkill1_0700_00,bWeakSpecialShield,true
BlastSkill1_0700_00,BlastGroup,GR0551_00B2
BlastSkill2_0700_00,ExpendEnergy,20000
BlastSkill2_0700_00,TriggerExpendEnergy,20000
BlastSkill2_0700_00,BlastGroup,GR0700_00B2
BlastForte1_0700_00,BlastForteParamData.Type,爆破
BlastForte1_0700_00,BlastForteParamData.bInterruptibleExplosion,true
BlastForte1_0700_00,BlastForteParamData.bInterruptibleBarrier,true
BlastForte1_0700_00,BlastForteParamData.bTurnBeforeTransition,false
BlastForte2_0700_00,ExpendBlastStock,1
BlastForte2_0700_00,TriggerExpendBlastStock,1
BlastForte2_0700_00,BlastForteParamData.Type,特殊
BlastForte2_0700_00,BlastForteParamData.bIsImpossileGuard,true
BlastForte2_0700_00,BlastForteParamData.bNoAutoGuard,true
BlastUltimate_0700_00,ExpendEnergy,50000
BlastUltimate_0700_00,TriggerExpendEnergy,50000
BlastUltimate_0700_00,BlastUltimateParamData.bNonLockUsable,false
BlastUltimate_0700_00,BlastGroup,GR0700_00UB
BlastSkill1_0700_01,ExpendEnergy,40000
BlastSkill1_0700_01,TriggerExpendEnergy,40000
BlastSkill1_0700_01,BlastSkillParamData.bNonLockUsable,false
BlastSkill1_0700_01,BlastGroup,GR0700_01B1
BlastSkill2_0700_01,LungeSpeed,8750
BlastSkill2_0700_01,ExpendEnergy,30000
BlastSkill2_0700_01,TriggerExpendEnergy,15000
BlastSkill2_0700_01,bCanSpeedImpact,true
BlastSkill2_0700_01,BlastSkillParamData.Type,突進格闘
BlastSkill2_0700_01,BlastSkillParamData.bNonLockUsable,false
BlastSkill2_0700_01,BlastSkillParamData.MoveLimitTime,2
BlastSkill2_0700_01,BlastSkillParamData.MoveType,EBlastDashMoveType::ControllableTarget
BlastSkill2_0700_01,BlastGroup,GR0700_01B2
BlastForte1_0700_01,BlastForteParamData.Type,残像拳
BlastForte1_0700_01,BlastForteParamData.bNoHitCheckCombatives,true
BlastForte2_0700_01,ExpendBlastStock,4
BlastForte2_0700_01,TriggerExpendBlastStock,4
BlastForte2_0700_01,BlastForteParamData.Type,特殊
BlastForte2_0700_01,BlastForteParamData.bNoAutoGuard,true
BlastUltimate_0700_01,ExpendEnergy,50000
BlastUltimate_0700_01,TriggerExpendEnergy,50000
BlastUltimate_0700_01,bCanBlastImpact,true
BlastUltimate_0700_01,BlastImpactPower,12
BlastUltimate_0700_01,BlastUltimateParamData.bMapChangeEscapeEvenet,true
BlastUltimate_0700_01,BlastUltimateParamData.bMapChangeDestruct,true
BlastUltimate_0700_01,BlastGroup,GR0700_01UB
BlastSkill1_0710_00,ExpendEnergy,20000
BlastSkill1_0710_00,TriggerExpendEnergy,20000
BlastSkill1_0710_00,bWeakSpecialShield,true
BlastSkill1_0710_00,BlastSkillParamData.bMapChangeEscapeEvenet,true
BlastSkill1_0710_00,BlastGroup,GR0710_00B1
BlastSkill2_0710_00,LungeSpeed,11700
BlastSkill2_0710_00,ExpendEnergy,30000
BlastSkill2_0710_00,TriggerExpendEnergy,15000
BlastSkill2_0710_00,bCanSpeedImpact,true
BlastSkill2_0710_00,BlastSkillParamData.Type,突進格闘
BlastSkill2_0710_00,BlastSkillParamData.bNonLockUsable,false
BlastSkill2_0710_00,BlastSkillParamData.MoveLimitTime,1
BlastSkill2_0710_00,BlastGroup,GR0710_00B2
BlastForte1_0710_00,BlastForteParamData.Type,能力
BlastForte2_0710_00,BlastForteParamData.Type,残像拳
BlastForte2_0710_00,BlastForteParamData.bNoHitCheckCombatives,true
BlastUltimate_0710_00,LungeSpeed,8750
BlastUltimate_0710_00,ExpendEnergy,50000
BlastUltimate_0710_00,TriggerExpendEnergy,50000
BlastUltimate_0710_00,bCanSpeedImpact,true
BlastUltimate_0710_00,BlastUltimateParamData.Type,突進格闘
BlastUltimate_0710_00,BlastUltimateParamData.bNonLockUsable,false
BlastUltimate_0710_00,BlastUltimateParamData.MoveLimitTime,2
BlastUltimate_0710_00,BlastUltimateParamData.MoveType,EBlastDashMoveType::ControllableTarget
BlastUltimate_0710_00,BlastGroup,GR0710_00UB
BlastSkill1_0720_00,ExpendEnergy,20000
BlastSkill1_0720_00,TriggerExpendEnergy,20000
BlastSkill1_0720_00,BlastSkillParamData.bEnableSteel,false
BlastSkill1_0720_00,BlastSkillParamData.bKamehameHa,false
BlastSkill1_0720_00,BlastSkillParamData.SuperZCounterType,EKoratSuperZCounterType::Erase
BlastSkill1_0720_00,BlastGroup,GR0720_00B1
BlastSkill2_0720_00,ExpendEnergy,40000
BlastSkill2_0720_00,TriggerExpendEnergy,40000
BlastSkill2_0720_00,SupportCharacters[0].bInheritDamageModel,false
BlastSkill2_0720_00,SupportCharacters[0].bInheritEquipItems,false
BlastSkill2_0720_00,SupportCharacters[0].CostumeDamageLv,0
BlastSkill2_0720_00,SupportCharacters[0].CostumeScratchLv,0
BlastSkill2_0720_00,SupportCharacters[0].bIsSubCharacterCostume,false
BlastSkill2_0720_00,SupportCharacters[0].bIsSubCharacterEquipItems,false
BlastSkill2_0720_00,BlastSkillParamData.bImpossibleGuard,true
BlastSkill2_0720_00,BlastSkillParamData.bEnableSteel,false
BlastSkill2_0720_00,BlastGroup,GR0720_00B2
BlastForte1_0720_00,BlastForteParamData.Type,拘束
BlastForte1_0720_00,BlastForteParamData.bIsImpossileGuard,true
BlastForte1_0720_00,BlastForteParamData.bNoAutoGuard,true
BlastForte2_0720_00,BlastForteParamData.Type,能力
BlastUltimate_0720_00,LungeSpeed,11700
BlastUltimate_0720_00,ExpendEnergy,50000
BlastUltimate_0720_00,TriggerExpendEnergy,50000
BlastUltimate_0720_00,bCanSpeedImpact,true
BlastUltimate_0720_00,SupportCharacters[0].bInheritDamageModel,false
BlastUltimate_0720_00,SupportCharacters[0].bInheritEquipItems,false
BlastUltimate_0720_00,SupportCharacters[0].CostumeDamageLv,0
BlastUltimate_0720_00,SupportCharacters[0].CostumeScratchLv,0
BlastUltimate_0720_00,SupportCharacters[0].bIsSubCharacterCostume,false
BlastUltimate_0720_00,SupportCharacters[0].bIsSubCharacterEquipItems,false
BlastUltimate_0720_00,BlastUltimateParamData.Type,突進格闘
BlastUltimate_0720_00,BlastUltimateParamData.bNonLockUsable,false
BlastUltimate_0720_00,BlastUltimateParamData.MoveLimitTime,1
BlastUltimate_0720_00,BlastGroup,GR0720_00UB
BlastSkill1_0730_00,ExpendEnergy,20000
BlastSkill1_0730_00,TriggerExpendEnergy,20000
BlastSkill1_0730_00,BlastSkillParamData.bEnableSteel,false
BlastSkill1_0730_00,BlastSkillParamData.SuperZCounterType,EKoratSuperZCounterType::Erase
BlastSkill1_0730_00,BlastGroup,GR0730_00B1
BlastSkill2_0730_00,LungeSpeed,8750
BlastSkill2_0730_00,ExpendEnergy,30000
BlastSkill2_0730_00,TriggerExpendEnergy,15000
BlastSkill2_0730_00,bCanSpeedImpact,true
BlastSkill2_0730_00,BlastSkillParamData.Type,突進格闘
BlastSkill2_0730_00,BlastSkillParamData.bNonLockUsable,false
BlastSkill2_0730_00,BlastSkillParamData.MoveLimitTime,2
BlastSkill2_0730_00,BlastSkillParamData.MoveType,EBlastDashMoveType::ControllableTarget
BlastSkill2_0730_00,BlastGroup,GR0730_00B2
BlastForte1_0730_00,BlastForteParamData.Type,拘束
BlastForte1_0730_00,BlastForteParamData.bIsImpossileGuard,true
BlastForte1_0730_00,BlastForteParamData.bNoAutoGuard,true
BlastForte2_0730_00,BlastForteParamData.Type,能力
BlastUltimate_0730_00,ExpendEnergy,50000
BlastUltimate_0730_00,TriggerExpendEnergy,50000
BlastUltimate_0730_00,BlastUltimateParamData.bImpossibleGuard,true
BlastUltimate_0730_00,BlastUltimateParamData.bExScale,true
BlastUltimate_0730_00,BlastGroup,GR0730_00UB
BlastSkill1_0760_00,LungeSpeed,8750
BlastSkill1_0760_00,ExpendEnergy,40000
BlastSkill1_0760_00,TriggerExpendEnergy,40000
BlastSkill1_0760_00,bCanSpeedImpact,true
BlastSkill1_0760_00,BlastSkillParamData.Type,突進格闘
BlastSkill1_0760_00,BlastSkillParamData.bImpossibleGuard,true
BlastSkill1_0760_00,BlastSkillParamData.bNonLockUsable,false
BlastSkill1_0760_00,BlastSkillParamData.MoveLimitTime,1
BlastSkill1_0760_00,BlastSkillParamData.MoveType,EBlastDashMoveType::ControllableTurn
BlastSkill1_0760_00,BlastGroup,GR0760_00B1
BlastSkill2_0760_00,LungeSpeed,8750
BlastSkill2_0760_00,ExpendEnergy,30000
BlastSkill2_0760_00,TriggerExpendEnergy,15000
BlastSkill2_0760_00,bCanSpeedImpact,true
BlastSkill2_0760_00,BlastSkillParamData.Type,突進格闘
BlastSkill2_0760_00,BlastSkillParamData.bNonLockUsable,false
BlastSkill2_0760_00,BlastSkillParamData.MoveLimitTime,2
BlastSkill2_0760_00,BlastGroup,GR0760_00B2
BlastForte1_0760_00,ExpendBlastStock,1
BlastForte1_0760_00,TriggerExpendBlastStock,1
BlastForte1_0760_00,BlastForteParamData.Type,能力
BlastForte2_0760_00,BlastForteParamData.Type,能力
BlastUltimate_0760_00,LungeSpeed,11700
BlastUltimate_0760_00,ExpendEnergy,50000
BlastUltimate_0760_00,TriggerExpendEnergy,50000
BlastUltimate_0760_00,bCanSpeedImpact,true
BlastUltimate_0760_00,SupportCharacters[0].bInheritDamageModel,false
BlastUltimate_0760_00,SupportCharacters[0].bInheritEquipItems,false
BlastUltimate_0760_00,SupportCharacters[0].CostumeDamageLv,0
BlastUltimate_0760_00,SupportCharacters[0].CostumeScratchLv,0
BlastUltimate_0760_00,SupportCharacters[0].bIsSubCharacterCostume,false
BlastUltimate_0760_00,SupportCharacters[0].bIsSubCharacterEquipItems,false
BlastUltimate_0760_00,BlastUltimateParamData.Type,突進格闘
BlastUltimate_0760_00,BlastUltimateParamData.bNonLockUsable,false
BlastUltimate_0760_00,BlastUltimateParamData.MoveLimitTime,1
BlastUltimate_0760_00,BlastGroup,GR0760_00UB
BlastSkill1_0780_00,ExpendEnergy,30000
BlastSkill1_0780_00,TriggerExpendEnergy,30000
BlastSkill1_0780_00,bCanBlastImpact,true
BlastSkill1_0780_00,BlastImpactPower,5
BlastSkill1_0780_00,bWeakSpecialShield,true
BlastSkill1_0780_00,BlastSkillParamData.bMapChangeEscapeEvenet,true
BlastSkill1_0780_00,BlastSkillParamData.SuperZCounterType,EKoratSuperZCounterType::Repel
BlastSkill1_0780_00,BlastGroup,GR0780_00B1
BlastSkill2_0780_00,LungeSpeed,11700
BlastSkill2_0780_00,ExpendEnergy,30000
BlastSkill2_0780_00,TriggerExpendEnergy,15000
BlastSkill2_0780_00,bCanSpeedImpact,true
BlastSkill2_0780_00,BlastSkillParamData.Type,突進格闘
BlastSkill2_0780_00,BlastSkillParamData.bNonLockUsable,false
BlastSkill2_0780_00,BlastSkillParamData.MoveLimitTime,1
BlastSkill2_0780_00,BlastGroup,GR0780_00B2
BlastForte1_0780_00,ExpendBlastStock,4
BlastForte1_0780_00,TriggerExpendBlastStock,4
BlastForte1_0780_00,BlastForteParamData.Type,特殊
BlastForte1_0780_00,BlastForteParamData.bNoAutoGuard,true
BlastForte2_0780_00,ExpendBlastStock,4
BlastForte2_0780_00,TriggerExpendBlastStock,4
BlastForte2_0780_00,BlastForteParamData.Type,特殊
BlastForte2_0780_00,BlastForteParamData.bNoAutoGuard,true
BlastUltimate_0780_00,ExpendEnergy,50000
BlastUltimate_0780_00,TriggerExpendEnergy,50000
BlastUltimate_0780_00,bCanBlastImpact,true
BlastUltimate_0780_00,BlastImpactPower,12
BlastUltimate_0780_00,BlastUltimateParamData.bMapChangeEscapeEvenet,true
BlastUltimate_0780_00,BlastUltimateParamData.bMapChangeDestruct,true
BlastUltimate_0780_00,BlastUltimateParamData.bImpossibleGuard,true
BlastUltimate_0780_00,BlastGroup,GR0780_00UB
BlastSkill1_0790_00,ExpendEnergy,30000
BlastSkill1_0790_00,TriggerExpendEnergy,30000
BlastSkill1_0790_00,bWeakSpecialShield,true
BlastSkill1_0790_00,BlastGroup,GR0790_00B1
BlastSkill2_0790_00,ExpendEnergy,20000
BlastSkill2_0790_00,TriggerExpendEnergy,20000
BlastSkill2_0790_00,BlastSkillParamData.SureToHitRange,1000
BlastSkill2_0790_00,BlastSkillParamData.bBackstepWhenNearMode,false
BlastSkill2_0790_00,BlastGroup,GR0790_00B2
BlastForte1_0790_00,ExpendBlastStock,3
BlastForte1_0790_00,TriggerExpendBlastStock,3
BlastForte1_0790_00,BlastForteParamData.Type,爆破
BlastForte1_0790_00,BlastForteParamData.bInterruptibleExplosion,true
BlastForte1_0790_00,BlastForteParamData.bInterruptibleBarrier,true
BlastForte1_0790_00,BlastForteParamData.bTurnBeforeTransition,false
BlastForte2_0790_00,ExpendBlastStock,4
BlastForte2_0790_00,TriggerExpendBlastStock,4
BlastForte2_0790_00,BlastForteParamData.Type,特殊
BlastForte2_0790_00,BlastForteParamData.bNoAutoGuard,true
BlastUltimate_0790_00,LungeSpeed,8750
BlastUltimate_0790_00,ExpendEnergy,50000
BlastUltimate_0790_00,TriggerExpendEnergy,50000
BlastUltimate_0790_00,bCanSpeedImpact,true
BlastUltimate_0790_00,SupportCharacters[0].bInheritDamageModel,false
BlastUltimate_0790_00,SupportCharacters[0].bInheritEquipItems,false
BlastUltimate_0790_00,SupportCharacters[0].CostumeDamageLv,0
BlastUltimate_0790_00,SupportCharacters[0].CostumeScratchLv,0
BlastUltimate_0790_00,SupportCharacters[0].bIsSubCharacterCostume,true
BlastUltimate_0790_00,SupportCharacters[0].bIsSubCharacterEquipItems,true
BlastUltimate_0790_00,BlastUltimateParamData.Type,突進格闘
BlastUltimate_0790_00,BlastUltimateParamData.bMapChangeEscapeEvenet,true
BlastUltimate_0790_00,BlastUltimateParamData.bNonLockUsable,false
BlastUltimate_0790_00,BlastUltimateParamData.MoveLimitTime,2
BlastUltimate_0790_00,BlastUltimateParamData.MoveType,EBlastDashMoveType::ControllableTarget
BlastUltimate_0790_00,BlastGroup,GR0790_00UB
BlastSkill1_0800_00,ExpendEnergy,30000
BlastSkill1_0800_00,TriggerExpendEnergy,30000
BlastSkill1_0800_00,bCanBlastImpact,true
BlastSkill1_0800_00,BlastImpactPower,5
BlastSkill1_0800_00,bWeakSpecialShield,true
BlastSkill1_0800_00,BlastSkillParamData.bKamehameHa,false
BlastSkill1_0800_00,BlastSkillParamData.SuperZCounterType,EKoratSuperZCounterType::Repel
BlastSkill1_0800_00,BlastGroup,GR0800_00B1
BlastSkill2_0800_00,LungeSpeed,8750
BlastSkill2_0800_00,ExpendEnergy,40000
BlastSkill2_0800_00,TriggerExpendEnergy,20000
BlastSkill2_0800_00,bCanSpeedImpact,true
BlastSkill2_0800_00,BlastSkillParamData.Type,突進格闘
BlastSkill2_0800_00,BlastSkillParamData.bImpossibleGuard,true
BlastSkill2_0800_00,BlastSkillParamData.bKamehameHa,false
BlastSkill2_0800_00,BlastSkillParamData.bNonLockUsable,false
BlastSkill2_0800_00,BlastSkillParamData.MoveLimitTime,2
BlastSkill2_0800_00,BlastSkillParamData.MoveType,EBlastDashMoveType::ControllableTarget
BlastSkill2_0800_00,BlastGroup,GR0800_00B2
BlastForte1_0800_00,BlastForteParamData.Type,残像拳
BlastForte1_0800_00,BlastForteParamData.bNoHitCheckCombatives,true
BlastForte2_0800_00,BlastForteParamData.Type,能力
BlastUltimate_0800_00,ExpendEnergy,50000
BlastUltimate_0800_00,TriggerExpendEnergy,50000
BlastUltimate_0800_00,bCanBlastImpact,true
BlastUltimate_0800_00,BlastImpactPower,9
BlastUltimate_0800_00,BlastUltimateParamData.bMapChangeEscapeEvenet,true
BlastUltimate_0800_00,BlastGroup,GR0000_00B1
BlastSkill1_0800_01,ExpendEnergy,30000
BlastSkill1_0800_01,TriggerExpendEnergy,30000
BlastSkill1_0800_01,bCanBlastImpact,true
BlastSkill1_0800_01,BlastImpactPower,5
BlastSkill1_0800_01,bWeakSpecialShield,true
BlastSkill1_0800_01,BlastSkillParamData.bMapChangeEscapeEvenet,true
BlastSkill1_0800_01,BlastSkillParamData.SuperZCounterType,EKoratSuperZCounterType::Repel
BlastSkill1_0800_01,BlastSkillParamData.bTurnCGSection,true
BlastSkill1_0800_01,BlastGroup,GR0000_00B1
BlastSkill2_0800_01,LungeSpeed,11700
BlastSkill2_0800_01,ExpendEnergy,30000
BlastSkill2_0800_01,TriggerExpendEnergy,15000
BlastSkill2_0800_01,bCanSpeedImpact,true
BlastSkill2_0800_01,BlastSkillParamData.Type,突進格闘
BlastSkill2_0800_01,BlastSkillParamData.bNonLockUsable,false
BlastSkill2_0800_01,BlastSkillParamData.MoveLimitTime,1
BlastSkill2_0800_01,BlastGroup,GR0800_01B2
BlastForte1_0800_01,BlastForteParamData.Type,瞬間移動
BlastForte1_0800_01,BlastForteParamData.bNonLockUsable,false
BlastForte2_0800_01,ExpendBlastStock,4
BlastForte2_0800_01,TriggerExpendBlastStock,4
BlastForte2_0800_01,BlastForteParamData.Type,特殊
BlastForte2_0800_01,BlastForteParamData.bNoAutoGuard,true
BlastUltimate_0800_01,LungeSpeed,11700
BlastUltimate_0800_01,ExpendEnergy,50000
BlastUltimate_0800_01,TriggerExpendEnergy,50000
BlastUltimate_0800_01,bCanSpeedImpact,true
BlastUltimate_0800_01,BlastUltimateParamData.Type,突進格闘
BlastUltimate_0800_01,BlastUltimateParamData.bNonLockUsable,false
BlastUltimate_0800_01,BlastUltimateParamData.MoveLimitTime,1
BlastUltimate_0800_01,BlastGroup,GR0000_00B1
BlastSkill1_0810_00,ExpendEnergy,30000
BlastSkill1_0810_00,TriggerExpendEnergy,30000
BlastSkill1_0810_00,BlastSkillParamData.bEnableSteel,false
BlastSkill1_0810_00,BlastSkillParamData.bKamehameHa,false
BlastSkill1_0810_00,BlastSkillParamData.SuperZCounterType,EKoratSuperZCounterType::Erase
BlastSkill1_0810_00,BlastGroup,GR0810_00B1
BlastSkill2_0810_00,LungeSpeed,11700
BlastSkill2_0810_00,ExpendEnergy,30000
BlastSkill2_0810_00,TriggerExpendEnergy,15000
BlastSkill2_0810_00,bCanSpeedImpact,true
BlastSkill2_0810_00,BlastSkillParamData.Type,突進格闘
BlastSkill2_0810_00,BlastSkillParamData.bKamehameHa,false
BlastSkill2_0810_00,BlastSkillParamData.bNonLockUsable,false
BlastSkill2_0810_00,BlastSkillParamData.MoveLimitTime,1
BlastSkill2_0810_00,BlastGroup,GR0810_00B2
BlastForte1_0810_00,ExpendBlastStock,4
BlastForte1_0810_00,TriggerExpendBlastStock,4
BlastForte1_0810_00,BlastForteParamData.Type,特殊
BlastForte1_0810_00,BlastForteParamData.bNoAutoGuard,true
BlastForte2_0810_00,ExpendBlastStock,3
BlastForte2_0810_00,TriggerExpendBlastStock,3
BlastForte2_0810_00,BlastForteParamData.Type,残像拳
BlastUltimate_0810_00,ExpendEnergy,50000
BlastUltimate_0810_00,TriggerExpendEnergy,50000
BlastUltimate_0810_00,bCanBlastImpact,true
BlastUltimate_0810_00,BlastImpactPower,8
BlastUltimate_0810_00,SupportCharacters[0].bInheritDamageModel,false
BlastUltimate_0810_00,SupportCharacters[0].bInheritEquipItems,false
BlastUltimate_0810_00,SupportCharacters[0].CostumeDamageLv,0
BlastUltimate_0810_00,SupportCharacters[0].CostumeScratchLv,0
BlastUltimate_0810_00,SupportCharacters[0].bIsSubCharacterCostume,true
BlastUltimate_0810_00,SupportCharacters[0].bIsSubCharacterEquipItems,true
BlastUltimate_0810_00,BlastUltimateParamData.bMapChangeEscapeEvenet,true
BlastUltimate_0810_00,BlastGroup,GR0810_00UB
BlastSkill1_0810_01,ExpendEnergy,30000
BlastSkill1_0810_01,TriggerExpendEnergy,30000
BlastSkill1_0810_01,bCanBlastImpact,true
BlastSkill1_0810_01,BlastImpactPower,5
BlastSkill1_0810_01,bWeakSpecialShield,true
BlastSkill1_0810_01,BlastSkillParamData.bMapChangeEscapeEvenet,true
BlastSkill1_0810_01,BlastSkillParamData.bMapChangeDestruct,true
BlastSkill1_0810_01,BlastSkillParamData.bKamehameHa,false
BlastSkill1_0810_01,BlastSkillParamData.SuperZCounterType,EKoratSuperZCounterType::Repel
BlastSkill1_0810_01,BlastGroup,GR0810_01B1
BlastSkill2_0810_01,ExpendEnergy,30000
BlastSkill2_0810_01,TriggerExpendEnergy,30000
BlastSkill2_0810_01,bWeakSpecialShield,true
BlastSkill2_0810_01,BlastSkillParamData.bMapChangeEscapeEvenet,true
BlastSkill2_0810_01,BlastSkillParamData.bKamehameHa,false
BlastSkill2_0810_01,BlastGroup,GR0810_01B2
BlastForte1_0810_01,ExpendBlastStock,4
BlastForte1_0810_01,TriggerExpendBlastStock,4
BlastForte1_0810_01,BlastForteParamData.Type,特殊
BlastForte1_0810_01,BlastForteParamData.bNoAutoGuard,true
BlastForte2_0810_01,ExpendBlastStock,4
BlastForte2_0810_01,TriggerExpendBlastStock,4
BlastForte2_0810_01,BlastForteParamData.Type,特殊
BlastForte2_0810_01,BlastForteParamData.bNoAutoGuard,true
BlastUltimate_0810_01,LungeSpeed,8750
BlastUltimate_0810_01,ExpendEnergy,50000
BlastUltimate_0810_01,TriggerExpendEnergy,50000
BlastUltimate_0810_01,bCanSpeedImpact,true
BlastUltimate_0810_01,SupportCharacters[0].bInheritDamageModel,false
BlastUltimate_0810_01,SupportCharacters[0].bInheritEquipItems,false
BlastUltimate_0810_01,SupportCharacters[0].CostumeDamageLv,0
BlastUltimate_0810_01,SupportCharacters[0].CostumeScratchLv,0
BlastUltimate_0810_01,SupportCharacters[0].bIsSubCharacterCostume,false
BlastUltimate_0810_01,SupportCharacters[0].bIsSubCharacterEquipItems,false
BlastUltimate_0810_01,BlastUltimateParamData.Type,突進格闘
BlastUltimate_0810_01,BlastUltimateParamData.bMapChangeEscapeEvenet,true
BlastUltimate_0810_01,BlastUltimateParamData.bNonLockUsable,false
BlastUltimate_0810_01,BlastUltimateParamData.MoveLimitTime,2
BlastUltimate_0810_01,BlastUltimateParamData.MoveType,EBlastDashMoveType::ControllableTarget
BlastUltimate_0810_01,BlastGroup,GR0810_01UB
BlastSkill1_0811_00,ExpendEnergy,30000
BlastSkill1_0811_00,TriggerExpendEnergy,30000
BlastSkill1_0811_00,bCanBlastImpact,true
BlastSkill1_0811_00,BlastImpactPower,5
BlastSkill1_0811_00,bWeakSpecialShield,true
BlastSkill1_0811_00,BlastSkillParamData.bMapChangeEscapeEvenet,true
BlastSkill1_0811_00,BlastSkillParamData.bKamehameHa,false
BlastSkill1_0811_00,BlastSkillParamData.SuperZCounterType,EKoratSuperZCounterType::Repel
BlastSkill1_0811_00,BlastGroup,GR0811_00B1
BlastSkill2_0811_00,LungeSpeed,8750
BlastSkill2_0811_00,ExpendEnergy,30000
BlastSkill2_0811_00,TriggerExpendEnergy,15000
BlastSkill2_0811_00,bCanSpeedImpact,true
BlastSkill2_0811_00,BlastSkillParamData.Type,突進格闘
BlastSkill2_0811_00,BlastSkillParamData.bKamehameHa,false
BlastSkill2_0811_00,BlastSkillParamData.bNonLockUsable,false
BlastSkill2_0811_00,BlastSkillParamData.MoveLimitTime,2
BlastSkill2_0811_00,BlastSkillParamData.MoveType,EBlastDashMoveType::ControllableTarget
BlastSkill2_0811_00,BlastGroup,GR0811_00B2
BlastForte1_0811_00,BlastForteParamData.Type,爆破
BlastForte1_0811_00,BlastForteParamData.bInterruptibleExplosion,true
BlastForte1_0811_00,BlastForteParamData.bInterruptibleBarrier,true
BlastForte1_0811_00,BlastForteParamData.bTurnBeforeTransition,false
BlastForte2_0811_00,BlastForteParamData.Type,能力
BlastUltimate_0811_00,LungeSpeed,11700
BlastUltimate_0811_00,ExpendEnergy,50000
BlastUltimate_0811_00,TriggerExpendEnergy,50000
BlastUltimate_0811_00,bCanSpeedImpact,true
BlastUltimate_0811_00,BlastUltimateParamData.Type,突進格闘
BlastUltimate_0811_00,BlastUltimateParamData.bNonLockUsable,false
BlastUltimate_0811_00,BlastUltimateParamData.MoveLimitTime,1
BlastUltimate_0811_00,BlastGroup,GR0811_00UB
BlastSkill1_0820_00,ExpendEnergy,20000
BlastSkill1_0820_00,TriggerExpendEnergy,20000
BlastSkill1_0820_00,bWeakSpecialShield,true
BlastSkill1_0820_00,BlastSkillParamData.bKamehameHa,false
BlastSkill1_0820_00,BlastGroup,GR0820_00B1
BlastSkill2_0820_00,ExpendEnergy,30000
BlastSkill2_0820_00,TriggerExpendEnergy,30000
BlastSkill2_0820_00,bToAimBodyBlendTimeIsZero,true
BlastSkill2_0820_00,BlastSkillParamData.bMapChangeEscapeEvenet,true
BlastSkill2_0820_00,BlastGroup,GR0820_00B2
BlastForte1_0820_00,BlastForteParamData.Type,拘束
BlastForte1_0820_00,BlastForteParamData.bIsImpossileGuard,true
BlastForte1_0820_00,BlastForteParamData.bNoAutoGuard,true
BlastForte2_0820_00,ExpendBlastStock,4
BlastForte2_0820_00,TriggerExpendBlastStock,4
BlastForte2_0820_00,BlastForteParamData.Type,特殊
BlastForte2_0820_00,BlastForteParamData.bNoAutoGuard,true
BlastUltimate_0820_00,ExpendEnergy,50000
BlastUltimate_0820_00,TriggerExpendEnergy,50000
BlastUltimate_0820_00,BlastUltimateParamData.bMapChangeEscapeEvenet,true
BlastUltimate_0820_00,BlastGroup,GR_BEAM_UB
BlastSkill1_0830_00,ExpendEnergy,20000
BlastSkill1_0830_00,TriggerExpendEnergy,20000
BlastSkill1_0830_00,bWeakSpecialShield,true
BlastSkill1_0830_00,BlastGroup,GR0830_00B1
BlastSkill2_0830_00,LungeSpeed,8750
BlastSkill2_0830_00,ExpendEnergy,30000
BlastSkill2_0830_00,TriggerExpendEnergy,15000
BlastSkill2_0830_00,bCanSpeedImpact,true
BlastSkill2_0830_00,BlastSkillParamData.Type,突進格闘
BlastSkill2_0830_00,BlastSkillParamData.bNonLockUsable,false
BlastSkill2_0830_00,BlastSkillParamData.MoveLimitTime,2
BlastSkill2_0830_00,BlastSkillParamData.MoveType,EBlastDashMoveType::ControllableTarget
BlastSkill2_0830_00,BlastGroup,GR0830_00B2
BlastForte1_0830_00,BlastForteParamData.bNoAutoGuard,true
BlastForte2_0830_00,ExpendBlastStock,4
BlastForte2_0830_00,TriggerExpendBlastStock,4
BlastForte2_0830_00,BlastForteParamData.Type,特殊
BlastForte2_0830_00,BlastForteParamData.bNoAutoGuard,true
BlastUltimate_0830_00,LungeSpeed,11700
BlastUltimate_0830_00,ExpendEnergy,50000
BlastUltimate_0830_00,TriggerExpendEnergy,50000
BlastUltimate_0830_00,bCanSpeedImpact,true
BlastUltimate_0830_00,BlastUltimateParamData.Type,突進格闘
BlastUltimate_0830_00,BlastUltimateParamData.bDontJostle,true
BlastUltimate_0830_00,BlastUltimateParamData.bKamehameHa,false
BlastUltimate_0830_00,BlastUltimateParamData.bNonLockUsable,false
BlastUltimate_0830_00,BlastUltimateParamData.MoveLimitTime,1
BlastUltimate_0830_00,BlastGroup,GR0830_00UB
BlastSkill1_0870_00,ExpendEnergy,30000
BlastSkill1_0870_00,TriggerExpendEnergy,30000
BlastSkill1_0870_00,bWeakSpecialShield,true
BlastSkill1_0870_00,BlastSkillParamData.bEnableSteel,false
BlastSkill1_0870_00,BlastGroup,GR0870_00B1
BlastSkill2_0870_00,LungeSpeed,8750
BlastSkill2_0870_00,ExpendEnergy,40000
BlastSkill2_0870_00,TriggerExpendEnergy,20000
BlastSkill2_0870_00,bCanSpeedImpact,true
BlastSkill2_0870_00,BlastSkillParamData.Type,突進格闘
BlastSkill2_0870_00,BlastSkillParamData.bNonLockUsable,false
BlastSkill2_0870_00,BlastSkillParamData.MoveLimitTime,2
BlastSkill2_0870_00,BlastSkillParamData.MoveType,EBlastDashMoveType::ControllableTarget
BlastSkill2_0870_00,BlastGroup,GR0870_00B2
BlastForte1_0870_00,BlastForteParamData.Type,残像拳
BlastForte2_0870_00,BlastForteParamData.Type,瞬間移動
BlastForte2_0870_00,BlastForteParamData.bNonLockUsable,false
BlastUltimate_0870_00,LungeSpeed,11700
BlastUltimate_0870_00,ExpendEnergy,50000
BlastUltimate_0870_00,TriggerExpendEnergy,50000
BlastUltimate_0870_00,bCanSpeedImpact,true
BlastUltimate_0870_00,BlastUltimateParamData.Type,突進格闘
BlastUltimate_0870_00,BlastUltimateParamData.bNonLockUsable,false
BlastUltimate_0870_00,BlastUltimateParamData.MoveLimitTime,1
BlastUltimate_0870_00,BlastGroup,GR0870_00UB
BlastSkill1_0881_00,ExpendEnergy,30000
BlastSkill1_0881_00,TriggerExpendEnergy,30000
BlastSkill1_0881_00,bWeakSpecialShield,true
BlastSkill1_0881_00,BlastSkillParamData.bMapChangeEscapeEvenet,true
BlastSkill1_0881_00,BlastGroup,GR0881_00B1
BlastSkill2_0881_00,LungeSpeed,11700
BlastSkill2_0881_00,ExpendEnergy,30000
BlastSkill2_0881_00,TriggerExpendEnergy,15000
BlastSkill2_0881_00,bCanSpeedImpact,true
BlastSkill2_0881_00,BlastSkillParamData.Type,突進格闘
BlastSkill2_0881_00,BlastSkillParamData.bNonLockUsable,false
BlastSkill2_0881_00,BlastSkillParamData.MoveLimitTime,1
BlastSkill2_0881_00,BlastGroup,GR0881_00B2
BlastForte1_0881_00,BlastForteParamData.Type,爆破
BlastForte1_0881_00,BlastForteParamData.bInterruptibleExplosion,true
BlastForte1_0881_00,BlastForteParamData.bInterruptibleBarrier,true
BlastForte1_0881_00,BlastForteParamData.bTurnBeforeTransition,false
BlastForte2_0881_00,ExpendBlastStock,4
BlastForte2_0881_00,TriggerExpendBlastStock,4
BlastForte2_0881_00,BlastForteParamData.Type,特殊
BlastForte2_0881_00,BlastForteParamData.bNoAutoGuard,true
BlastUltimate_0881_00,ExpendEnergy,50000
BlastUltimate_0881_00,TriggerExpendEnergy,50000
BlastUltimate_0881_00,bCanBlastImpact,true
BlastUltimate_0881_00,BlastImpactPower,8
BlastUltimate_0881_00,BlastUltimateParamData.bMapChangeEscapeEvenet,true
BlastUltimate_0881_00,BlastUltimateParamData.bMapChangeDestruct,true
BlastUltimate_0881_00,BlastGroup,GR0881_00UB
BlastSkill1_0890_00,ExpendEnergy,30000
BlastSkill1_0890_00,TriggerExpendEnergy,30000
BlastSkill1_0890_00,bCanBlastImpact,true
BlastSkill1_0890_00,BlastImpactPower,5
BlastSkill1_0890_00,bWeakSpecialShield,true
BlastSkill1_0890_00,BlastSkillParamData.bMapChangeEscapeEvenet,true
BlastSkill1_0890_00,BlastSkillParamData.SuperZCounterType,EKoratSuperZCounterType::Repel
BlastSkill1_0890_00,BlastGroup,GR0020_00B1
BlastSkill2_0890_00,LungeSpeed,10000
BlastSkill2_0890_00,ExpendEnergy,30000
BlastSkill2_0890_00,TriggerExpendEnergy,15000
BlastSkill2_0890_00,bCanSpeedImpact,true
BlastSkill2_0890_00,BlastSkillParamData.Type,突進格闘
BlastSkill2_0890_00,BlastSkillParamData.bNonLockUsable,false
BlastSkill2_0890_00,BlastSkillParamData.MoveLimitTime,1.5
BlastSkill2_0890_00,BlastSkillParamData.MoveType,EBlastDashMoveType::ControllableTarget
BlastSkill2_0890_00,BlastGroup,GR0080_10B2
BlastForte1_0890_00,BlastForteParamData.Type,爆破
BlastForte1_0890_00,BlastForteParamData.bInterruptibleExplosion,true
BlastForte1_0890_00,BlastForteParamData.bInterruptibleBarrier,true
BlastForte1_0890_00,BlastForteParamData.bTurnBeforeTransition,false
BlastForte2_0890_00,ExpendBlastStock,4
BlastForte2_0890_00,TriggerExpendBlastStock,4
BlastForte2_0890_00,BlastForteParamData.Type,特殊
BlastForte2_0890_00,BlastForteParamData.bNoAutoGuard,true
BlastUltimate_0890_00,LungeSpeed,11700
BlastUltimate_0890_00,ExpendEnergy,50000
BlastUltimate_0890_00,TriggerExpendEnergy,50000
BlastUltimate_0890_00,bCanSpeedImpact,true
BlastUltimate_0890_00,BlastUltimateParamData.Type,突進格闘
BlastUltimate_0890_00,BlastUltimateParamData.bNonLockUsable,false
BlastUltimate_0890_00,BlastUltimateParamData.MoveLimitTime,1
BlastUltimate_0890_00,BlastGroup,GR0890_00UB
BlastSkill1_0890_01,ExpendEnergy,30000
BlastSkill1_0890_01,TriggerExpendEnergy,30000
BlastSkill1_0890_01,bWeakSpecialShield,true
BlastSkill1_0890_01,BlastGroup,GR0890_01B1
BlastSkill2_0890_01,LungeSpeed,11700
BlastSkill2_0890_01,ExpendEnergy,30000
BlastSkill2_0890_01,TriggerExpendEnergy,15000
BlastSkill2_0890_01,bCanSpeedImpact,true
BlastSkill2_0890_01,BlastSkillParamData.Type,突進格闘
BlastSkill2_0890_01,BlastSkillParamData.bNonLockUsable,false
BlastSkill2_0890_01,BlastSkillParamData.MoveLimitTime,1
BlastSkill2_0890_01,BlastGroup,GR0890_01B2
BlastForte1_0890_01,BlastForteParamData.Type,爆破
BlastForte1_0890_01,BlastForteParamData.bInterruptibleExplosion,true
BlastForte1_0890_01,BlastForteParamData.bInterruptibleBarrier,true
BlastForte1_0890_01,BlastForteParamData.bTurnBeforeTransition,false
BlastForte2_0890_01,BlastForteParamData.Type,残像拳
BlastForte2_0890_01,BlastForteParamData.bNoHitCheckCombatives,true
BlastUltimate_0890_01,ExpendEnergy,50000
BlastUltimate_0890_01,TriggerExpendEnergy,50000
BlastUltimate_0890_01,bCanBlastImpact,true
BlastUltimate_0890_01,BlastImpactPower,9
BlastUltimate_0890_01,BlastUltimateParamData.bMapChangeEscapeEvenet,true
BlastUltimate_0890_01,BlastGroup,GR0890_02UB
BlastSkill1_0890_02,ExpendEnergy,30000
BlastSkill1_0890_02,TriggerExpendEnergy,30000
BlastSkill1_0890_02,bCanBlastImpact,true
BlastSkill1_0890_02,BlastImpactPower,5
BlastSkill1_0890_02,bWeakSpecialShield,true
BlastSkill1_0890_02,BlastSkillParamData.bMapChangeEscapeEvenet,true
BlastSkill1_0890_02,BlastSkillParamData.SuperZCounterType,EKoratSuperZCounterType::Repel
BlastSkill1_0890_02,BlastGroup,GR0020_00B1
BlastSkill2_0890_02,ExpendEnergy,30000
BlastSkill2_0890_02,TriggerExpendEnergy,30000
BlastSkill2_0890_02,BlastSkillParamData.bMapChangeEscapeEvenet,true
BlastSkill2_0890_02,BlastGroup,GR0890_01B1
BlastForte1_0890_02,BlastForteParamData.Type,爆破
BlastForte1_0890_02,BlastForteParamData.bInterruptibleExplosion,true
BlastForte1_0890_02,BlastForteParamData.bInterruptibleBarrier,true
BlastForte1_0890_02,BlastForteParamData.bTurnBeforeTransition,false
BlastForte2_0890_02,ExpendBlastStock,4
BlastForte2_0890_02,TriggerExpendBlastStock,4
BlastForte2_0890_02,BlastForteParamData.Type,特殊
BlastForte2_0890_02,BlastForteParamData.bNoAutoGuard,true
BlastUltimate_0890_02,ExpendEnergy,50000
BlastUltimate_0890_02,TriggerExpendEnergy,50000
BlastUltimate_0890_02,bCanBlastImpact,true
BlastUltimate_0890_02,BlastImpactPower,9
BlastUltimate_0890_02,BlastUltimateParamData.bMapChangeEscapeEvenet,true
BlastUltimate_0890_02,BlastUltimateParamData.bMapChangeDestruct,true
BlastUltimate_0890_02,BlastGroup,GR0890_02UB
BlastSkill1_0900_00,ExpendEnergy,30000
BlastSkill1_0900_00,TriggerExpendEnergy,30000
BlastSkill1_0900_00,bCanBlastImpact,true
BlastSkill1_0900_00,BlastImpactPower,5
BlastSkill1_0900_00,bWeakSpecialShield,true
BlastSkill1_0900_00,BlastSkillParamData.bMapChangeEscapeEvenet,true
BlastSkill1_0900_00,BlastSkillParamData.bKamehameHa,false
BlastSkill1_0900_00,BlastSkillParamData.SuperZCounterType,EKoratSuperZCounterType::Repel
BlastSkill1_0900_00,BlastGroup,GR0040_20B1
BlastSkill2_0900_00,ExpendEnergy,40000
BlastSkill2_0900_00,TriggerExpendEnergy,40000
BlastSkill2_0900_00,BlastSkillParamData.bMapChangeEscapeEvenet,true
BlastSkill2_0900_00,BlastSkillParamData.SureToHitRange,500
BlastSkill2_0900_00,BlastSkillParamData.bBackstepWhenNearMode,false
BlastSkill2_0900_00,BlastSkillParamData.bTurnBeforeTransition,false
BlastSkill2_0900_00,BlastGroup,GR0110_00B2
BlastForte1_0900_00,BlastForteParamData.Type,能力
BlastForte2_0900_00,BlastForteParamData.Type,残像拳
BlastForte2_0900_00,BlastForteParamData.bNoHitCheckCombatives,true
BlastUltimate_0900_00,ExpendEnergy,50000
BlastUltimate_0900_00,TriggerExpendEnergy,50000
BlastUltimate_0900_00,BlastUltimateParamData.bMapChangeEscapeEvenet,true
BlastUltimate_0900_00,BlastGroup,GR0900_00UB
BlastSkill1_0900_02,ExpendEnergy,30000
BlastSkill1_0900_02,TriggerExpendEnergy,30000
BlastSkill1_0900_02,bCanBlastImpact,true
BlastSkill1_0900_02,BlastImpactPower,5
BlastSkill1_0900_02,bWeakSpecialShield,true
BlastSkill1_0900_02,BlastSkillParamData.bMapChangeEscapeEvenet,true
BlastSkill1_0900_02,BlastSkillParamData.SuperZCounterType,EKoratSuperZCounterType::Repel
BlastSkill1_0900_02,BlastGroup,GR0900_02B1
BlastSkill2_0900_02,LungeSpeed,10000
BlastSkill2_0900_02,ExpendEnergy,30000
BlastSkill2_0900_02,TriggerExpendEnergy,15000
BlastSkill2_0900_02,bCanSpeedImpact,true
BlastSkill2_0900_02,BlastSkillParamData.Type,突進格闘
BlastSkill2_0900_02,BlastSkillParamData.bNonLockUsable,false
BlastSkill2_0900_02,BlastSkillParamData.MoveLimitTime,1.5
BlastSkill2_0900_02,BlastGroup,GR0470_00B2
BlastForte1_0900_02,BlastForteParamData.Type,残像拳
BlastForte1_0900_02,BlastForteParamData.bNoHitCheckCombatives,true
BlastForte2_0900_02,ExpendBlastStock,4
BlastForte2_0900_02,TriggerExpendBlastStock,4
BlastForte2_0900_02,BlastForteParamData.Type,特殊
BlastForte2_0900_02,BlastForteParamData.bNoAutoGuard,true
BlastUltimate_0900_02,ExpendEnergy,50000
BlastUltimate_0900_02,TriggerExpendEnergy,50000
BlastUltimate_0900_02,bCanBlastImpact,true
BlastUltimate_0900_02,BlastImpactPower,9
BlastUltimate_0900_02,SupportCharacters[0].bInheritDamageModel,false
BlastUltimate_0900_02,SupportCharacters[0].bInheritEquipItems,false
BlastUltimate_0900_02,SupportCharacters[0].CostumeDamageLv,0
BlastUltimate_0900_02,SupportCharacters[0].CostumeScratchLv,0
BlastUltimate_0900_02,SupportCharacters[0].bIsSubCharacterCostume,true
BlastUltimate_0900_02,SupportCharacters[0].bIsSubCharacterEquipItems,true
BlastUltimate_0900_02,SupportCharacters[1].bInheritDamageModel,false
BlastUltimate_0900_02,SupportCharacters[1].bInheritEquipItems,false
BlastUltimate_0900_02,SupportCharacters[1].CostumeDamageLv,0
BlastUltimate_0900_02,SupportCharacters[1].CostumeScratchLv,0
BlastUltimate_0900_02,SupportCharacters[1].bIsSubCharacterCostume,true
BlastUltimate_0900_02,SupportCharacters[1].bIsSubCharacterEquipItems,true
BlastUltimate_0900_02,BlastUltimateParamData.bMapChangeEscapeEvenet,true
BlastUltimate_0900_02,BlastUltimateParamData.bImpossibleGuard,true
BlastUltimate_0900_02,BlastGroup,GR0900_02UB
BlastSkill1_0910_00,ExpendEnergy,30000
BlastSkill1_0910_00,TriggerExpendEnergy,30000
BlastSkill1_0910_00,bCanBlastImpact,true
BlastSkill1_0910_00,BlastImpactPower,5
BlastSkill1_0910_00,bWeakSpecialShield,true
BlastSkill1_0910_00,BlastSkillParamData.bMapChangeEscapeEvenet,true
BlastSkill1_0910_00,BlastSkillParamData.SuperZCounterType,EKoratSuperZCounterType::Repel
BlastSkill1_0910_00,BlastGroup,GR0910_00B1
BlastSkill2_0910_00,ExpendEnergy,30000
BlastSkill2_0910_00,TriggerExpendEnergy,30000
BlastSkill2_0910_00,bWeakSpecialShield,true
BlastSkill2_0910_00,BlastGroup,GR0002_31B2
BlastForte1_0910_00,BlastForteParamData.Type,能力
BlastForte2_0910_00,ExpendBlastStock,4
BlastForte2_0910_00,TriggerExpendBlastStock,4
BlastForte2_0910_00,BlastForteParamData.Type,特殊
BlastForte2_0910_00,BlastForteParamData.bNoAutoGuard,true
BlastUltimate_0910_00,ExpendEnergy,50000
BlastUltimate_0910_00,TriggerExpendEnergy,50000
BlastUltimate_0910_00,bCanBlastImpact,true
BlastUltimate_0910_00,BlastImpactPower,8
BlastUltimate_0910_00,BlastUltimateParamData.bMapChangeEscapeEvenet,true
BlastUltimate_0910_00,BlastGroup,GR0910_00UB
BlastSkill1_0911_00,ExpendEnergy,30000
BlastSkill1_0911_00,TriggerExpendEnergy,30000
BlastSkill1_0911_00,bCanBlastImpact,true
BlastSkill1_0911_00,BlastImpactPower,5
BlastSkill1_0911_00,bWeakSpecialShield,true
BlastSkill1_0911_00,BlastSkillParamData.bMapChangeEscapeEvenet,true
BlastSkill1_0911_00,BlastSkillParamData.SuperZCounterType,EKoratSuperZCounterType::Repel
BlastSkill1_0911_00,BlastGroup,GR0020_32B1
BlastSkill2_0911_00,LungeSpeed,8750
BlastSkill2_0911_00,ExpendEnergy,30000
BlastSkill2_0911_00,TriggerExpendEnergy,15000
BlastSkill2_0911_00,bCanSpeedImpact,true
BlastSkill2_0911_00,BlastSkillParamData.Type,突進格闘
BlastSkill2_0911_00,BlastSkillParamData.bNonLockUsable,false
BlastSkill2_0911_00,BlastSkillParamData.MoveLimitTime,0.5
BlastSkill2_0911_00,BlastSkillParamData.bBackstepWhenNearMode,false
BlastSkill2_0911_00,BlastGroup,GR0911_00B2
BlastForte1_0911_00,BlastForteParamData.Type,拘束
BlastForte1_0911_00,BlastForteParamData.bIsImpossileGuard,true
BlastForte1_0911_00,BlastForteParamData.bNoAutoGuard,true
BlastForte2_0911_00,ExpendBlastStock,4
BlastForte2_0911_00,TriggerExpendBlastStock,4
BlastForte2_0911_00,BlastForteParamData.Type,特殊
BlastForte2_0911_00,BlastForteParamData.bNoAutoGuard,true
BlastUltimate_0911_00,ExpendEnergy,50000
BlastUltimate_0911_00,TriggerExpendEnergy,50000
BlastUltimate_0911_00,BlastUltimateParamData.bMapChangeEscapeEvenet,true
BlastUltimate_0911_00,BlastUltimateParamData.bMapChangeDestruct,true
BlastUltimate_0911_00,BlastUltimateParamData.SureToHitRange,500
BlastUltimate_0911_00,BlastUltimateParamData.bBackstepWhenNearMode,false
BlastUltimate_0911_00,BlastGroup,GR0911_00UB
BlastSkill1_0912_00,ExpendEnergy,30000
BlastSkill1_0912_00,TriggerExpendEnergy,30000
BlastSkill1_0912_00,bCanBlastImpact,true
BlastSkill1_0912_00,BlastImpactPower,5
BlastSkill1_0912_00,bWeakSpecialShield,true
BlastSkill1_0912_00,BlastSkillParamData.bMapChangeEscapeEvenet,true
BlastSkill1_0912_00,BlastSkillParamData.SuperZCounterType,EKoratSuperZCounterType::Repel
BlastSkill1_0912_00,BlastGroup,GR0020_32B1
BlastSkill2_0912_00,ExpendEnergy,40000
BlastSkill2_0912_00,TriggerExpendEnergy,40000
BlastSkill2_0912_00,BlastSkillParamData.bMapChangeEscapeEvenet,true
BlastSkill2_0912_00,BlastSkillParamData.SureToHitRange,500
BlastSkill2_0912_00,BlastSkillParamData.bBackstepWhenNearMode,false
BlastSkill2_0912_00,BlastSkillParamData.bTurnBeforeTransition,false
BlastSkill2_0912_00,BlastGroup,GR0110_00B2
BlastForte1_0912_00,BlastForteParamData.Type,残像拳
BlastForte1_0912_00,BlastForteParamData.bNoHitCheckCombatives,true
BlastForte2_0912_00,BlastForteParamData.Type,能力
BlastUltimate_0912_00,ExpendEnergy,50000
BlastUltimate_0912_00,TriggerExpendEnergy,50000
BlastUltimate_0912_00,bCanBlastImpact,true
BlastUltimate_0912_00,BlastImpactPower,9
BlastUltimate_0912_00,SupportCharacters[0].bInheritDamageModel,false
BlastUltimate_0912_00,SupportCharacters[0].bInheritEquipItems,false
BlastUltimate_0912_00,SupportCharacters[0].CostumeDamageLv,0
BlastUltimate_0912_00,SupportCharacters[0].CostumeScratchLv,0
BlastUltimate_0912_00,SupportCharacters[0].bIsSubCharacterCostume,true
BlastUltimate_0912_00,SupportCharacters[0].bIsSubCharacterEquipItems,true
BlastUltimate_0912_00,SupportCharacters[1].bInheritDamageModel,true
BlastUltimate_0912_00,SupportCharacters[1].bInheritEquipItems,true
BlastUltimate_0912_00,SupportCharacters[1].CostumeDamageLv,0
BlastUltimate_0912_00,SupportCharacters[1].CostumeScratchLv,0
BlastUltimate_0912_00,SupportCharacters[1].bIsSubCharacterCostume,false
BlastUltimate_0912_00,SupportCharacters[1].bIsSubCharacterEquipItems,false
BlastUltimate_0912_00,BlastUltimateParamData.bMapChangeEscapeEvenet,true
BlastUltimate_0912_00,BlastUltimateParamData.bImpossibleGuard,true
BlastUltimate_0912_00,BlastGroup,GR0900_02UB
BlastSkill1_0920_00,ExpendEnergy,30000
BlastSkill1_0920_00,TriggerExpendEnergy,30000
BlastSkill1_0920_00,bCanBlastImpact,true
BlastSkill1_0920_00,BlastImpactPower,5
BlastSkill1_0920_00,bWeakSpecialShield,true
BlastSkill1_0920_00,BlastSkillParamData.bKamehameHa,false
BlastSkill1_0920_00,BlastSkillParamData.SuperZCounterType,EKoratSuperZCounterType::Repel
BlastSkill1_0920_00,BlastGroup,GR0920_00B1
BlastSkill2_0920_00,LungeSpeed,8750
BlastSkill2_0920_00,ExpendEnergy,30000
BlastSkill2_0920_00,TriggerExpendEnergy,15000
BlastSkill2_0920_00,bCanSpeedImpact,true
BlastSkill2_0920_00,BlastSkillParamData.Type,突進格闘
BlastSkill2_0920_00,BlastSkillParamData.bKamehameHa,false
BlastSkill2_0920_00,BlastSkillParamData.bNonLockUsable,false
BlastSkill2_0920_00,BlastSkillParamData.MoveLimitTime,0.5
BlastSkill2_0920_00,BlastSkillParamData.bBackstepWhenNearMode,false
BlastSkill2_0920_00,BlastGroup,GR0920_00B2
BlastForte1_0920_00,BlastForteParamData.Type,残像拳
BlastForte1_0920_00,BlastForteParamData.bNoHitCheckCombatives,true
BlastForte2_0920_00,BlastForteParamData.Type,能力
BlastUltimate_0920_00,ExpendEnergy,50000
BlastUltimate_0920_00,TriggerExpendEnergy,50000
BlastUltimate_0920_00,BlastUltimateParamData.bMapChangeEscapeEvenet,true
BlastUltimate_0920_00,BlastUltimateParamData.SureToHitRange,500
BlastUltimate_0920_00,BlastUltimateParamData.bBackstepWhenNearMode,false
BlastUltimate_0920_00,BlastGroup,GR0920_00UB
BlastSkill1_0920_01,ExpendEnergy,30000
BlastSkill1_0920_01,TriggerExpendEnergy,30000
BlastSkill1_0920_01,bCanBlastImpact,true
BlastSkill1_0920_01,BlastImpactPower,5
BlastSkill1_0920_01,bWeakSpecialShield,true
BlastSkill1_0920_01,BlastSkillParamData.bMapChangeEscapeEvenet,true
BlastSkill1_0920_01,BlastSkillParamData.SuperZCounterType,EKoratSuperZCounterType::Repel
BlastSkill1_0920_01,BlastGroup,GR0920_00B1
BlastSkill2_0920_01,LungeSpeed,8750
BlastSkill2_0920_01,ExpendEnergy,30000
BlastSkill2_0920_01,TriggerExpendEnergy,15000
BlastSkill2_0920_01,bCanSpeedImpact,true
BlastSkill2_0920_01,BlastSkillParamData.Type,突進格闘
BlastSkill2_0920_01,BlastSkillParamData.bNonLockUsable,false
BlastSkill2_0920_01,BlastSkillParamData.MoveLimitTime,2
BlastSkill2_0920_01,BlastSkillParamData.MoveType,EBlastDashMoveType::ControllableTarget
BlastSkill2_0920_01,BlastGroup,GR0920_01B2
BlastForte1_0920_01,BlastForteParamData.Type,能力
BlastForte2_0920_01,BlastForteParamData.Type,能力
BlastUltimate_0920_01,ExpendEnergy,50000
BlastUltimate_0920_01,TriggerExpendEnergy,50000
BlastUltimate_0920_01,BlastUltimateParamData.bMapChangeEscapeEvenet,true
BlastUltimate_0920_01,BlastGroup,GR0920_01UB
BlastSkill1_0920_02,ExpendEnergy,30000
BlastSkill1_0920_02,TriggerExpendEnergy,30000
BlastSkill1_0920_02,bWeakSpecialShield,true
BlastSkill1_0920_02,BlastSkillParamData.bMapChangeEscapeEvenet,true
BlastSkill1_0920_02,BlastGroup,GR0920_02B1
BlastSkill2_0920_02,LungeSpeed,11700
BlastSkill2_0920_02,ExpendEnergy,30000
BlastSkill2_0920_02,TriggerExpendEnergy,15000
BlastSkill2_0920_02,bCanSpeedImpact,true
BlastSkill2_0920_02,BlastSkillParamData.Type,突進格闘
BlastSkill2_0920_02,BlastSkillParamData.bNonLockUsable,false
BlastSkill2_0920_02,BlastSkillParamData.MoveLimitTime,1
BlastSkill2_0920_02,BlastGroup,GR0920_02B2
BlastForte1_0920_02,BlastForteParamData.Type,能力
BlastForte2_0920_02,ExpendBlastStock,4
BlastForte2_0920_02,TriggerExpendBlastStock,4
BlastForte2_0920_02,BlastForteParamData.Type,特殊
BlastForte2_0920_02,BlastForteParamData.bNoAutoGuard,true
BlastUltimate_0920_02,ExpendEnergy,50000
BlastUltimate_0920_02,TriggerExpendEnergy,50000
BlastUltimate_0920_02,BlastUltimateParamData.bMapChangeEscapeEvenet,true
BlastUltimate_0920_02,BlastUltimateParamData.bMapChangeDestruct,true
BlastUltimate_0920_02,BlastUltimateParamData.SureToHitRange,500
BlastUltimate_0920_02,BlastUltimateParamData.bBackstepWhenNearMode,false
BlastUltimate_0920_02,BlastGroup,GR0920_02UB
BlastSkill1_0930_00,ExpendEnergy,30000
BlastSkill1_0930_00,TriggerExpendEnergy,30000
BlastSkill1_0930_00,bCanBlastImpact,true
BlastSkill1_0930_00,BlastImpactPower,5
BlastSkill1_0930_00,bWeakSpecialShield,true
BlastSkill1_0930_00,BlastSkillParamData.bMapChangeEscapeEvenet,true
BlastSkill1_0930_00,BlastSkillParamData.SuperZCounterType,EKoratSuperZCounterType::Repel
BlastSkill1_0930_00,BlastGroup,GR0930_00B1
BlastSkill2_0930_00,LungeSpeed,11700
BlastSkill2_0930_00,ExpendEnergy,30000
BlastSkill2_0930_00,TriggerExpendEnergy,15000
BlastSkill2_0930_00,bCanSpeedImpact,true
BlastSkill2_0930_00,BlastSkillParamData.Type,突進格闘
BlastSkill2_0930_00,BlastSkillParamData.bNonLockUsable,false
BlastSkill2_0930_00,BlastSkillParamData.MoveLimitTime,1
BlastSkill2_0930_00,BlastSkillParamData.MoveType,EBlastDashMoveType::ControllableTarget
BlastSkill2_0930_00,BlastGroup,GR0930_00B2
BlastForte1_0930_00,BlastForteParamData.Type,爆破
BlastForte1_0930_00,BlastForteParamData.bInterruptibleExplosion,true
BlastForte1_0930_00,BlastForteParamData.bInterruptibleBarrier,true
BlastForte1_0930_00,BlastForteParamData.bTurnBeforeTransition,false
BlastForte2_0930_00,ExpendBlastStock,4
BlastForte2_0930_00,TriggerExpendBlastStock,4
BlastForte2_0930_00,BlastForteParamData.Type,特殊
BlastForte2_0930_00,BlastForteParamData.bNoAutoGuard,true
BlastUltimate_0930_00,LungeSpeed,8750
BlastUltimate_0930_00,ExpendEnergy,50000
BlastUltimate_0930_00,TriggerExpendEnergy,50000
BlastUltimate_0930_00,bCanSpeedImpact,true
BlastUltimate_0930_00,BlastUltimateParamData.Type,突進格闘
BlastUltimate_0930_00,BlastUltimateParamData.bMapChangeEscapeEvenet,true
BlastUltimate_0930_00,BlastUltimateParamData.bNonLockUsable,false
BlastUltimate_0930_00,BlastUltimateParamData.MoveLimitTime,2
BlastUltimate_0930_00,BlastUltimateParamData.MoveType,EBlastDashMoveType::ControllableTarget
BlastUltimate_0930_00,BlastGroup,GR0930_00UB
BlastSkill1_0931_00,ExpendEnergy,30000
BlastSkill1_0931_00,TriggerExpendEnergy,30000
BlastSkill1_0931_00,bCanBlastImpact,true
BlastSkill1_0931_00,BlastImpactPower,5
BlastSkill1_0931_00,bWeakSpecialShield,true
BlastSkill1_0931_00,BlastSkillParamData.bMapChangeEscapeEvenet,true
BlastSkill1_0931_00,BlastSkillParamData.SuperZCounterType,EKoratSuperZCounterType::Repel
BlastSkill1_0931_00,BlastGroup,GR0931_00B1
BlastSkill2_0931_00,ExpendEnergy,40000
BlastSkill2_0931_00,TriggerExpendEnergy,40000
BlastSkill2_0931_00,BlastSkillParamData.bMapChangeEscapeEvenet,true
BlastSkill2_0931_00,BlastSkillParamData.SureToHitRange,500
BlastSkill2_0931_00,BlastSkillParamData.bBackstepWhenNearMode,false
BlastSkill2_0931_00,BlastSkillParamData.bTurnBeforeTransition,false
BlastSkill2_0931_00,BlastGroup,GR0931_00B2
BlastForte1_0931_00,BlastForteParamData.Type,爆破
BlastForte1_0931_00,BlastForteParamData.bInterruptibleExplosion,true
BlastForte1_0931_00,BlastForteParamData.bInterruptibleBarrier,true
BlastForte1_0931_00,BlastForteParamData.bTurnBeforeTransition,false
BlastForte2_0931_00,ExpendBlastStock,4
BlastForte2_0931_00,TriggerExpendBlastStock,4
BlastForte2_0931_00,BlastForteParamData.Type,特殊
BlastForte2_0931_00,BlastForteParamData.bNoAutoGuard,true
BlastUltimate_0931_00,ExpendEnergy,50000
BlastUltimate_0931_00,TriggerExpendEnergy,50000
BlastUltimate_0931_00,bCanBlastImpact,true
BlastUltimate_0931_00,BlastImpactPower,9
BlastUltimate_0931_00,BlastUltimateParamData.bMapChangeEscapeEvenet,true
BlastUltimate_0931_00,BlastUltimateParamData.bMapChangeDestruct,true
BlastUltimate_0931_00,BlastUltimateParamData.bImpossibleGuard,true
BlastUltimate_0931_00,BlastGroup,GR0931_00UB
BlastSkill1_0940_00,ExpendEnergy,20000
BlastSkill1_0940_00,TriggerExpendEnergy,20000
BlastSkill1_0940_00,bWeakSpecialShield,true
BlastSkill1_0940_00,BlastSkillParamData.bKamehameHa,false
BlastSkill1_0940_00,BlastGroup,GR0940_00B1
BlastSkill2_0940_00,LungeSpeed,8750
BlastSkill2_0940_00,ExpendEnergy,30000
BlastSkill2_0940_00,TriggerExpendEnergy,15000
BlastSkill2_0940_00,bCanSpeedImpact,true
BlastSkill2_0940_00,BlastSkillParamData.Type,突進格闘
BlastSkill2_0940_00,BlastSkillParamData.bKamehameHa,false
BlastSkill2_0940_00,BlastSkillParamData.bNonLockUsable,false
BlastSkill2_0940_00,BlastSkillParamData.MoveLimitTime,2
BlastSkill2_0940_00,BlastSkillParamData.MoveType,EBlastDashMoveType::ControllableTarget
BlastSkill2_0940_00,BlastGroup,GR0940_00B2
BlastForte1_0940_00,BlastForteParamData.Type,能力
BlastForte2_0940_00,ExpendBlastStock,4
BlastForte2_0940_00,TriggerExpendBlastStock,4
BlastForte2_0940_00,BlastForteParamData.Type,特殊
BlastForte2_0940_00,BlastForteParamData.bNoAutoGuard,true
BlastUltimate_0940_00,ExpendEnergy,50000
BlastUltimate_0940_00,TriggerExpendEnergy,50000
BlastUltimate_0940_00,bCanBlastImpact,true
BlastUltimate_0940_00,BlastImpactPower,9
BlastUltimate_0940_00,BlastUltimateParamData.bMapChangeEscapeEvenet,true
BlastUltimate_0940_00,BlastGroup,GR0940_00UB
BlastSkill1_0941_00,ExpendEnergy,20000
BlastSkill1_0941_00,TriggerExpendEnergy,20000
BlastSkill1_0941_00,bWeakSpecialShield,true
BlastSkill1_0941_00,BlastSkillParamData.bKamehameHa,false
BlastSkill1_0941_00,BlastGroup,GR0941_00B1
BlastSkill2_0941_00,ExpendEnergy,30000
BlastSkill2_0941_00,TriggerExpendEnergy,30000
BlastSkill2_0941_00,bCanBlastImpact,true
BlastSkill2_0941_00,BlastImpactPower,5
BlastSkill2_0941_00,bWeakSpecialShield,true
BlastSkill2_0941_00,BlastSkillParamData.bMapChangeEscapeEvenet,true
BlastSkill2_0941_00,BlastSkillParamData.SuperZCounterType,EKoratSuperZCounterType::Repel
BlastSkill2_0941_00,BlastGroup,GR0780_00B1
BlastForte1_0941_00,BlastForteParamData.Type,能力
BlastForte2_0941_00,ExpendBlastStock,3
BlastForte2_0941_00,TriggerExpendBlastStock,3
BlastForte2_0941_00,BlastForteParamData.Type,爆破
BlastForte2_0941_00,BlastForteParamData.bInterruptibleExplosion,true
BlastForte2_0941_00,BlastForteParamData.bInterruptibleBarrier,true
BlastForte2_0941_00,BlastForteParamData.bTurnBeforeTransition,false
BlastUltimate_0941_00,ExpendEnergy,50000
BlastUltimate_0941_00,TriggerExpendEnergy,50000
BlastUltimate_0941_00,bCanBlastImpact,true
BlastUltimate_0941_00,BlastImpactPower,12
BlastUltimate_0941_00,BlastUltimateParamData.bMapChangeEscapeEvenet,true
BlastUltimate_0941_00,BlastUltimateParamData.bMapChangeDestruct,true
BlastUltimate_0941_00,BlastUltimateParamData.bImpossibleGuard,true
BlastUltimate_0941_00,BlastGroup,GR0941_00UB
BlastSkill1_0950_00,ExpendEnergy,30000
BlastSkill1_0950_00,TriggerExpendEnergy,30000
BlastSkill1_0950_00,bCanBlastImpact,true
BlastSkill1_0950_00,BlastImpactPower,5
BlastSkill1_0950_00,bWeakSpecialShield,true
BlastSkill1_0950_00,BlastSkillParamData.bMapChangeEscapeEvenet,true
BlastSkill1_0950_00,BlastSkillParamData.SuperZCounterType,EKoratSuperZCounterType::Repel
BlastSkill1_0950_00,BlastGroup,GR0950_00B1
BlastSkill2_0950_00,LungeSpeed,11700
BlastSkill2_0950_00,ExpendEnergy,30000
BlastSkill2_0950_00,TriggerExpendEnergy,15000
BlastSkill2_0950_00,bCanSpeedImpact,true
BlastSkill2_0950_00,BlastSkillParamData.Type,突進格闘
BlastSkill2_0950_00,BlastSkillParamData.bNonLockUsable,false
BlastSkill2_0950_00,BlastSkillParamData.MoveLimitTime,1
BlastSkill2_0950_00,BlastSkillParamData.MoveType,EBlastDashMoveType::ControllableTurn
BlastSkill2_0950_00,BlastGroup,GR0950_00B2
BlastForte1_0950_00,BlastForteParamData.Type,能力
BlastForte2_0950_00,ExpendBlastStock,4
BlastForte2_0950_00,TriggerExpendBlastStock,4
BlastForte2_0950_00,BlastForteParamData.Type,特殊
BlastForte2_0950_00,BlastForteParamData.bNoAutoGuard,true
BlastUltimate_0950_00,ExpendEnergy,50000
BlastUltimate_0950_00,TriggerExpendEnergy,50000
BlastUltimate_0950_00,bCanBlastImpact,true
BlastUltimate_0950_00,BlastImpactPower,9
BlastUltimate_0950_00,BlastUltimateParamData.bMapChangeEscapeEvenet,true
BlastUltimate_0950_00,BlastGroup,GR0940_00UB
BlastSkill1_1000_00,ExpendEnergy,30000
BlastSkill1_1000_00,TriggerExpendEnergy,30000
BlastSkill1_1000_00,bCanBlastImpact,true
BlastSkill1_1000_00,BlastImpactPower,5
BlastSkill1_1000_00,bWeakSpecialShield,true
BlastSkill1_1000_00,BlastSkillParamData.bMapChangeEscapeEvenet,true
BlastSkill1_1000_00,BlastSkillParamData.SuperZCounterType,EKoratSuperZCounterType::Repel
BlastSkill1_1000_00,BlastGroup,GR0780_00B1
BlastSkill2_1000_00,ExpendEnergy,40000
BlastSkill2_1000_00,TriggerExpendEnergy,40000
BlastSkill2_1000_00,BlastSkillParamData.SureToHitRange,500
BlastSkill2_1000_00,BlastSkillParamData.bBackstepWhenNearMode,false
BlastSkill2_1000_00,BlastSkillParamData.bTurnBeforeTransition,false
BlastSkill2_1000_00,BlastGroup,GR1000_00B2
BlastForte1_1000_00,ExpendBlastStock,4
BlastForte1_1000_00,TriggerExpendBlastStock,4
BlastForte1_1000_00,BlastForteParamData.Type,特殊
BlastForte1_1000_00,BlastForteParamData.bNoAutoGuard,true
BlastForte2_1000_00,ExpendBlastStock,4
BlastForte2_1000_00,TriggerExpendBlastStock,4
BlastForte2_1000_00,BlastForteParamData.Type,特殊
BlastForte2_1000_00,BlastForteParamData.bNoAutoGuard,true
BlastUltimate_1000_00,ExpendEnergy,50000
BlastUltimate_1000_00,TriggerExpendEnergy,50000
BlastUltimate_1000_00,bCanBlastImpact,true
BlastUltimate_1000_00,BlastImpactPower,12
BlastUltimate_1000_00,BlastUltimateParamData.bMapChangeEscapeEvenet,true
BlastUltimate_1000_00,BlastUltimateParamData.bMapChangeDestruct,true
BlastUltimate_1000_00,BlastUltimateParamData.bImpossibleGuard,true
BlastUltimate_1000_00,BlastGroup,GR0780_00UB
BlastSkill1_1190_00,ExpendEnergy,30000
BlastSkill1_1190_00,TriggerExpendEnergy,30000
BlastSkill1_1190_00,bCanBlastImpact,true
BlastSkill1_1190_00,BlastImpactPower,5
BlastSkill1_1190_00,bWeakSpecialShield,true
BlastSkill1_1190_00,BlastSkillParamData.bMapChangeEscapeEvenet,true
BlastSkill1_1190_00,BlastSkillParamData.SuperZCounterType,EKoratSuperZCounterType::Repel
BlastSkill1_1190_00,BlastGroup,GR1190_00B1
BlastSkill2_1190_00,LungeSpeed,8750
BlastSkill2_1190_00,ExpendEnergy,30000
BlastSkill2_1190_00,TriggerExpendEnergy,15000
BlastSkill2_1190_00,bCanSpeedImpact,true
BlastSkill2_1190_00,BlastSkillParamData.Type,突進格闘
BlastSkill2_1190_00,BlastSkillParamData.bNonLockUsable,false
BlastSkill2_1190_00,BlastSkillParamData.MoveLimitTime,2
BlastSkill2_1190_00,BlastSkillParamData.MoveType,EBlastDashMoveType::ControllableTarget
BlastSkill2_1190_00,BlastGroup,GR1190_00B2
BlastForte1_1190_00,ExpendBlastStock,4
BlastForte1_1190_00,TriggerExpendBlastStock,4
BlastForte1_1190_00,BlastForteParamData.Type,特殊
BlastForte1_1190_00,BlastForteParamData.bNoAutoGuard,true
BlastForte2_1190_00,BlastForteParamData.Type,特殊
BlastUltimate_1190_00,LungeSpeed,11700
BlastUltimate_1190_00,ExpendEnergy,50000
BlastUltimate_1190_00,TriggerExpendEnergy,50000
BlastUltimate_1190_00,bCanSpeedImpact,true
BlastUltimate_1190_00,SupportCharacters[0].bInheritDamageModel,false
BlastUltimate_1190_00,SupportCharacters[0].bInheritEquipItems,false
BlastUltimate_1190_00,SupportCharacters[0].CostumeDamageLv,0
BlastUltimate_1190_00,SupportCharacters[0].CostumeScratchLv,0
BlastUltimate_1190_00,SupportCharacters[0].bIsSubCharacterCostume,false
BlastUltimate_1190_00,SupportCharacters[0].bIsSubCharacterEquipItems,false
BlastUltimate_1190_00,SupportCharacters[1].bInheritDamageModel,false
BlastUltimate_1190_00,SupportCharacters[1].bInheritEquipItems,false
BlastUltimate_1190_00,SupportCharacters[1].CostumeDamageLv,0
BlastUltimate_1190_00,SupportCharacters[1].CostumeScratchLv,0
BlastUltimate_1190_00,SupportCharacters[1].bIsSubCharacterCostume,false
BlastUltimate_1190_00,SupportCharacters[1].bIsSubCharacterEquipItems,false
BlastUltimate_1190_00,BlastUltimateParamData.Type,突進格闘
BlastUltimate_1190_00,BlastUltimateParamData.bNonLockUsable,false
BlastUltimate_1190_00,BlastUltimateParamData.MoveLimitTime,1
BlastUltimate_1190_00,BlastGroup,GR1190_00UB
BlastSkill1_1321_00,ExpendEnergy,30000
BlastSkill1_1321_00,TriggerExpendEnergy,30000
BlastSkill1_1321_00,bCanBlastImpact,true
BlastSkill1_1321_00,BlastImpactPower,5
BlastSkill1_1321_00,bWeakSpecialShield,true
BlastSkill1_1321_00,BlastSkillParamData.SuperZCounterType,EKoratSuperZCounterType::Repel
BlastSkill1_1321_00,BlastGroup,GR1321_00B1
BlastSkill2_1321_00,LungeSpeed,10000
BlastSkill2_1321_00,ExpendEnergy,40000
BlastSkill2_1321_00,TriggerExpendEnergy,40000
BlastSkill2_1321_00,bCanSpeedImpact,true
BlastSkill2_1321_00,BlastSkillParamData.Type,突進格闘
BlastSkill2_1321_00,BlastSkillParamData.bImpossibleGuard,true
BlastSkill2_1321_00,BlastSkillParamData.bNonLockUsable,false
BlastSkill2_1321_00,BlastSkillParamData.MoveLimitTime,2
BlastSkill2_1321_00,BlastSkillParamData.MoveType,EBlastDashMoveType::ControllableTurn
BlastSkill2_1321_00,BlastGroup,GR1321_00B2
BlastForte1_1321_00,BlastForteParamData.Type,拘束
BlastForte1_1321_00,BlastForteParamData.bIsImpossileGuard,true
BlastForte1_1321_00,BlastForteParamData.bNoAutoGuard,true
BlastForte2_1321_00,ExpendBlastStock,4
BlastForte2_1321_00,TriggerExpendBlastStock,4
BlastForte2_1321_00,BlastForteParamData.Type,特殊
BlastForte2_1321_00,BlastForteParamData.bNoAutoGuard,true
BlastUltimate_1321_00,LungeSpeed,11700
BlastUltimate_1321_00,ExpendEnergy,50000
BlastUltimate_1321_00,TriggerExpendEnergy,50000
BlastUltimate_1321_00,bCanSpeedImpact,true
BlastUltimate_1321_00,SupportCharacters[0].bInheritDamageModel,false
BlastUltimate_1321_00,SupportCharacters[0].bInheritEquipItems,false
BlastUltimate_1321_00,SupportCharacters[0].CostumeDamageLv,0
BlastUltimate_1321_00,SupportCharacters[0].CostumeScratchLv,0
BlastUltimate_1321_00,SupportCharacters[0].bIsSubCharacterCostume,false
BlastUltimate_1321_00,SupportCharacters[0].bIsSubCharacterEquipItems,false
BlastUltimate_1321_00,BlastUltimateParamData.Type,突進格闘
BlastUltimate_1321_00,BlastUltimateParamData.bNonLockUsable,false
BlastUltimate_1321_00,BlastUltimateParamData.MoveLimitTime,1
BlastUltimate_1321_00,BlastGroup,GR1321_00UB
BlastSkill1_1331_00,LungeSpeed,11700
BlastSkill1_1331_00,ExpendEnergy,40000
BlastSkill1_1331_00,TriggerExpendEnergy,40000
BlastSkill1_1331_00,bCanSpeedImpact,true
BlastSkill1_1331_00,BlastSkillParamData.Type,突進格闘
BlastSkill1_1331_00,BlastSkillParamData.bImpossibleGuard,true
BlastSkill1_1331_00,BlastSkillParamData.bNonLockUsable,false
BlastSkill1_1331_00,BlastSkillParamData.MoveLimitTime,1.5
BlastSkill1_1331_00,BlastSkillParamData.MoveType,EBlastDashMoveType::ControllableTurn
BlastSkill1_1331_00,BlastGroup,GR1331_00B1
BlastSkill2_1331_00,LungeSpeed,8750
BlastSkill2_1331_00,ExpendEnergy,30000
BlastSkill2_1331_00,TriggerExpendEnergy,15000
BlastSkill2_1331_00,bCanSpeedImpact,true
BlastSkill2_1331_00,BlastSkillParamData.Type,突進格闘
BlastSkill2_1331_00,BlastSkillParamData.bNonLockUsable,false
BlastSkill2_1331_00,BlastSkillParamData.MoveLimitTime,2
BlastSkill2_1331_00,BlastSkillParamData.MoveType,EBlastDashMoveType::ControllableTarget
BlastSkill2_1331_00,BlastGroup,GR1331_00B2
BlastForte1_1331_00,BlastForteParamData.Type,残像拳
BlastForte1_1331_00,BlastForteParamData.bNoHitCheckCombatives,true
BlastForte2_1331_00,ExpendBlastStock,4
BlastForte2_1331_00,TriggerExpendBlastStock,4
BlastForte2_1331_00,BlastForteParamData.Type,特殊
BlastForte2_1331_00,BlastForteParamData.bNoAutoGuard,true
BlastUltimate_1331_00,ExpendEnergy,50000
BlastUltimate_1331_00,TriggerExpendEnergy,50000
BlastUltimate_1331_00,bCanBlastImpact,true
BlastUltimate_1331_00,BlastImpactPower,8
BlastUltimate_1331_00,SupportCharacters[0].bInheritDamageModel,false
BlastUltimate_1331_00,SupportCharacters[0].bInheritEquipItems,false
BlastUltimate_1331_00,SupportCharacters[0].CostumeDamageLv,0
BlastUltimate_1331_00,SupportCharacters[0].CostumeScratchLv,0
BlastUltimate_1331_00,SupportCharacters[0].bIsSubCharacterCostume,true
BlastUltimate_1331_00,SupportCharacters[0].bIsSubCharacterEquipItems,true
BlastUltimate_1331_00,BlastGroup,GR1331_00UB
BlastSkill1_1341_00,ExpendEnergy,30000
BlastSkill1_1341_00,TriggerExpendEnergy,30000
BlastSkill1_1341_00,bWeakSpecialShield,true
BlastSkill1_1341_00,BlastGroup,GR1341_00B1
BlastSkill2_1341_00,ExpendEnergy,30000
BlastSkill2_1341_00,TriggerExpendEnergy,30000
BlastSkill2_1341_00,bWeakSpecialShield,true
BlastSkill2_1341_00,BlastGroup,GR0002_31B2
BlastForte1_1341_00,BlastForteParamData.Type,能力
BlastForte2_1341_00,ExpendBlastStock,4
BlastForte2_1341_00,TriggerExpendBlastStock,4
BlastForte2_1341_00,BlastForteParamData.Type,特殊
BlastForte2_1341_00,BlastForteParamData.bNoAutoGuard,true
BlastUltimate_1341_00,ExpendEnergy,50000
BlastUltimate_1341_00,TriggerExpendEnergy,50000
BlastUltimate_1341_00,bCanBlastImpact,true
BlastUltimate_1341_00,BlastImpactPower,8
BlastUltimate_1341_00,SupportCharacters[0].bInheritDamageModel,false
BlastUltimate_1341_00,SupportCharacters[0].bInheritEquipItems,false
BlastUltimate_1341_00,SupportCharacters[0].CostumeDamageLv,0
BlastUltimate_1341_00,SupportCharacters[0].CostumeScratchLv,0
BlastUltimate_1341_00,SupportCharacters[0].bIsSubCharacterCostume,true
BlastUltimate_1341_00,SupportCharacters[0].bIsSubCharacterEquipItems,true
BlastUltimate_1341_00,BlastGroup,GR1331_00UB
BlastSkill1_1500_00,LungeSpeed,8750
BlastSkill1_1500_00,ExpendEnergy,40000
BlastSkill1_1500_00,TriggerExpendEnergy,20000
BlastSkill1_1500_00,BlastSkillParamData.Type,投げ
BlastSkill1_1500_00,BlastSkillParamData.bNonLockUsable,false
BlastSkill1_1500_00,BlastSkillParamData.BlastImpactCameraType,EKoratBlastImpactCameraType::Giant
BlastSkill1_1500_00,BlastSkillParamData.MoveType,EBlastDashMoveType::ControllableTarget
BlastSkill1_1500_00,BlastGroup,GR1500_00B1
BlastSkill2_1500_00,ExpendEnergy,30000
BlastSkill2_1500_00,TriggerExpendEnergy,30000
BlastSkill2_1500_00,bWeakSpecialShield,true
BlastSkill2_1500_00,BlastSkillParamData.bMapChangeEscapeEvenet,true
BlastSkill2_1500_00,BlastSkillParamData.BlastImpactCameraType,EKoratBlastImpactCameraType::Giant
BlastSkill2_1500_00,BlastGroup,GR1500_00B2
BlastForte1_1500_00,BlastForteParamData.Type,残像拳
BlastForte2_1500_00,ExpendBlastStock,4
BlastForte2_1500_00,TriggerExpendBlastStock,4
BlastForte2_1500_00,BlastForteParamData.Type,特殊
BlastForte2_1500_00,BlastForteParamData.bNoAutoGuard,true
BlastUltimate_1500_00,ExpendEnergy,50000
BlastUltimate_1500_00,TriggerExpendEnergy,50000
BlastUltimate_1500_00,bCanBlastImpact,true
BlastUltimate_1500_00,BlastImpactPower,8
BlastUltimate_1500_00,BlastUltimateParamData.bMapChangeEscapeEvenet,true
BlastUltimate_1500_00,BlastUltimateParamData.bMapChangeDestruct,true
BlastUltimate_1500_00,BlastUltimateParamData.BlastImpactCameraType,EKoratBlastImpactCameraType::Giant
BlastUltimate_1500_00,BlastGroup,GR1500_00UB
BlastSkill1_1960_00,ExpendEnergy,20000
BlastSkill1_1960_00,TriggerExpendEnergy,20000
BlastSkill1_1960_00,bWeakSpecialShield,true
BlastSkill1_1960_00,BlastSkillParamData.SuperZCounterType,EKoratSuperZCounterType::Repel
BlastSkill1_1960_00,BlastGroup,GR1960_00B1
BlastSkill2_1960_00,LungeSpeed,8750
BlastSkill2_1960_00,ExpendEnergy,30000
BlastSkill2_1960_00,TriggerExpendEnergy,15000
BlastSkill2_1960_00,bCanSpeedImpact,true
BlastSkill2_1960_00,SupportCharacters[0].bInheritDamageModel,false
BlastSkill2_1960_00,SupportCharacters[0].bInheritEquipItems,false
BlastSkill2_1960_00,SupportCharacters[0].CostumeDamageLv,0
BlastSkill2_1960_00,SupportCharacters[0].CostumeScratchLv,0
BlastSkill2_1960_00,SupportCharacters[0].bIsSubCharacterCostume,false
BlastSkill2_1960_00,SupportCharacters[0].bIsSubCharacterEquipItems,false
BlastSkill2_1960_00,BlastSkillParamData.Type,突進格闘
BlastSkill2_1960_00,BlastSkillParamData.bNonLockUsable,false
BlastSkill2_1960_00,BlastSkillParamData.MoveLimitTime,2
BlastSkill2_1960_00,BlastSkillParamData.MoveType,EBlastDashMoveType::ControllableTarget
BlastSkill2_1960_00,BlastGroup,GR1960_00B2
BlastForte1_1960_00,BlastForteParamData.bIsImpossileGuard,true
BlastForte1_1960_00,BlastForteParamData.bNoAutoGuard,true
BlastForte2_1960_00,BlastForteParamData.Type,能力
BlastUltimate_1960_00,LungeSpeed,11700
BlastUltimate_1960_00,ExpendEnergy,50000
BlastUltimate_1960_00,TriggerExpendEnergy,50000
BlastUltimate_1960_00,bCanSpeedImpact,true
BlastUltimate_1960_00,SupportCharacters[0].bInheritDamageModel,false
BlastUltimate_1960_00,SupportCharacters[0].bInheritEquipItems,false
BlastUltimate_1960_00,SupportCharacters[0].CostumeDamageLv,0
BlastUltimate_1960_00,SupportCharacters[0].CostumeScratchLv,0
BlastUltimate_1960_00,SupportCharacters[0].bIsSubCharacterCostume,false
BlastUltimate_1960_00,SupportCharacters[0].bIsSubCharacterEquipItems,false
BlastUltimate_1960_00,SupportCharacters[1].bInheritDamageModel,false
BlastUltimate_1960_00,SupportCharacters[1].bInheritEquipItems,false
BlastUltimate_1960_00,SupportCharacters[1].CostumeDamageLv,0
BlastUltimate_1960_00,SupportCharacters[1].CostumeScratchLv,0
BlastUltimate_1960_00,SupportCharacters[1].bIsSubCharacterCostume,true
BlastUltimate_1960_00,SupportCharacters[1].bIsSubCharacterEquipItems,true
BlastUltimate_1960_00,BlastUltimateParamData.Type,突進格闘
BlastUltimate_1960_00,BlastUltimateParamData.bNonLockUsable,false
BlastUltimate_1960_00,BlastUltimateParamData.MoveLimitTime,1
BlastUltimate_1960_00,BlastGroup,GR1960_00UB
BlastSkill1_3000_00,ExpendEnergy,30000
BlastSkill1_3000_00,TriggerExpendEnergy,30000
BlastSkill1_3000_00,bCanBlastImpact,true
BlastSkill1_3000_00,BlastImpactPower,5
BlastSkill1_3000_00,bWeakSpecialShield,true
BlastSkill1_3000_00,BlastSkillParamData.bMapChangeEscapeEvenet,true
BlastSkill1_3000_00,BlastSkillParamData.SuperZCounterType,EKoratSuperZCounterType::Repel
BlastSkill1_3000_00,BlastGroup,GR0030_00B1
BlastSkill2_3000_00,LungeSpeed,10000
BlastSkill2_3000_00,ExpendEnergy,30000
BlastSkill2_3000_00,TriggerExpendEnergy,15000
BlastSkill2_3000_00,bCanSpeedImpact,true
BlastSkill2_3000_00,BlastSkillParamData.Type,突進格闘
BlastSkill2_3000_00,BlastSkillParamData.bNonLockUsable,false
BlastSkill2_3000_00,BlastSkillParamData.MoveLimitTime,2
BlastSkill2_3000_00,BlastSkillParamData.MoveType,EBlastDashMoveType::ControllableTarget
BlastSkill2_3000_00,BlastGroup,GR0080_10B2
BlastForte1_3000_00,BlastForteParamData.Type,残像拳
BlastForte2_3000_00,BlastForteParamData.Type,能力
BlastUltimate_3000_00,ExpendEnergy,50000
BlastUltimate_3000_00,TriggerExpendEnergy,50000
BlastUltimate_3000_00,bCanBlastImpact,true
BlastUltimate_3000_00,BlastImpactPower,9
BlastUltimate_3000_00,BlastUltimateParamData.bMapChangeEscapeEvenet,true
BlastUltimate_3000_00,BlastGroup,GR0000_00B1
BlastSkill1_3000_01,ExpendEnergy,30000
BlastSkill1_3000_01,TriggerExpendEnergy,30000
BlastSkill1_3000_01,bCanBlastImpact,true
BlastSkill1_3000_01,BlastImpactPower,5
BlastSkill1_3000_01,bWeakSpecialShield,true
BlastSkill1_3000_01,BlastSkillParamData.bMapChangeEscapeEvenet,true
BlastSkill1_3000_01,BlastSkillParamData.SuperZCounterType,EKoratSuperZCounterType::Repel
BlastSkill1_3000_01,BlastGroup,GR0032_00B1
BlastSkill2_3000_01,LungeSpeed,8750
BlastSkill2_3000_01,ExpendEnergy,30000
BlastSkill2_3000_01,TriggerExpendEnergy,15000
BlastSkill2_3000_01,bCanSpeedImpact,true
BlastSkill2_3000_01,bWeakSpecialShield,true
BlastSkill2_3000_01,BlastSkillParamData.Type,突進格闘
BlastSkill2_3000_01,BlastSkillParamData.bNonLockUsable,false
BlastSkill2_3000_01,BlastSkillParamData.MoveLimitTime,2
BlastSkill2_3000_01,BlastSkillParamData.MoveType,EBlastDashMoveType::ControllableTarget
BlastSkill2_3000_01,BlastGroup,GR0002_31B2
BlastForte1_3000_01,BlastForteParamData.Type,爆破
BlastForte1_3000_01,BlastForteParamData.bInterruptibleExplosion,true
BlastForte1_3000_01,BlastForteParamData.bInterruptibleBarrier,true
BlastForte1_3000_01,BlastForteParamData.bTurnBeforeTransition,false
BlastForte2_3000_01,BlastForteParamData.Type,能力
BlastUltimate_3000_01,ExpendEnergy,50000
BlastUltimate_3000_01,TriggerExpendEnergy,50000
BlastUltimate_3000_01,bCanBlastImpact,true
BlastUltimate_3000_01,BlastImpactPower,9
BlastUltimate_3000_01,BlastUltimateParamData.bMapChangeEscapeEvenet,true
BlastUltimate_3000_01,BlastGroup,GR0000_00B1
BlastSkill1_3000_02,ExpendEnergy,30000
BlastSkill1_3000_02,TriggerExpendEnergy,30000
BlastSkill1_3000_02,BlastImpactPower,5
BlastSkill1_3000_02,bWeakSpecialShield,true
BlastSkill1_3000_02,BlastGroup,GR0000_00B1
BlastSkill2_3000_02,LungeSpeed,10000
BlastSkill2_3000_02,ExpendEnergy,30000
BlastSkill2_3000_02,TriggerExpendEnergy,15000
BlastSkill2_3000_02,bCanSpeedImpact,true
BlastSkill2_3000_02,BlastSkillParamData.Type,突進格闘
BlastSkill2_3000_02,BlastSkillParamData.bKamehameHa,false
BlastSkill2_3000_02,BlastSkillParamData.bNonLockUsable,false
BlastSkill2_3000_02,BlastSkillParamData.MoveLimitTime,2
BlastSkill2_3000_02,BlastSkillParamData.MoveType,EBlastDashMoveType::ControllableTarget
BlastSkill2_3000_02,BlastGroup,GR0032_20B2
BlastForte1_3000_02,BlastForteParamData.Type,残像拳
BlastForte1_3000_02,BlastForteParamData.bNoHitCheckCombatives,true
BlastForte2_3000_02,BlastForteParamData.Type,能力
BlastUltimate_3000_02,LungeSpeed,11700
BlastUltimate_3000_02,ExpendEnergy,50000
BlastUltimate_3000_02,TriggerExpendEnergy,50000
BlastUltimate_3000_02,bCanSpeedImpact,true
BlastUltimate_3000_02,BlastUltimateParamData.Type,突進格闘
BlastUltimate_3000_02,BlastUltimateParamData.bNonLockUsable,false
BlastUltimate_3000_02,BlastUltimateParamData.MoveLimitTime,1
BlastUltimate_3000_02,BlastGroup,GR0032_20UB
BlastSkill1_3000_03,ExpendEnergy,30000
BlastSkill1_3000_03,TriggerExpendEnergy,30000
BlastSkill1_3000_03,bCanBlastImpact,true
BlastSkill1_3000_03,BlastImpactPower,5
BlastSkill1_3000_03,bWeakSpecialShield,true
BlastSkill1_3000_03,BlastSkillParamData.bMapChangeEscapeEvenet,true
BlastSkill1_3000_03,BlastSkillParamData.SuperZCounterType,EKoratSuperZCounterType::Repel
BlastSkill1_3000_03,BlastGroup,GR0032_02B1
BlastSkill2_3000_03,LungeSpeed,10000
BlastSkill2_3000_03,ExpendEnergy,40000
BlastSkill2_3000_03,TriggerExpendEnergy,20000
BlastSkill2_3000_03,bCanSpeedImpact,true
BlastSkill2_3000_03,BlastSkillParamData.Type,突進格闘
BlastSkill2_3000_03,BlastSkillParamData.bNonLockUsable,false
BlastSkill2_3000_03,BlastSkillParamData.BlastDemoBranchConditions[0].BranchType,ESSBlastDemoBranchType::Giant
BlastSkill2_3000_03,BlastSkillParamData.BlastDemoBranchConditions[0].SortId,13
BlastSkill2_3000_03,BlastSkillParamData.BlastDemoBranchConditions[0].bTrueIfAllApply,true
BlastSkill2_3000_03,BlastSkillParamData.BlastDemoBranchConditions[0].MyselfRemainingHP,0
BlastSkill2_3000_03,BlastSkillParamData.BlastDemoBranchConditions[0].ExParam,-1
BlastSkill2_3000_03,BlastSkillParamData.BlastDemoBranchConditions[0].SpDerivationType,EBlastDemoSpDerivationType::Unspecified
BlastSkill2_3000_03,BlastSkillParamData.BlastDemoBranchConditions[0].VictoryAppealWarpType,EVictoryAppealWarpType::MyselfSafeArea
BlastSkill2_3000_03,BlastSkillParamData.MoveLimitTime,2
BlastSkill2_3000_03,BlastSkillParamData.MoveType,EBlastDashMoveType::ControllableTarget
BlastSkill2_3000_03,BlastGroup,GR0032_02B2
BlastForte1_3000_03,BlastForteParamData.Type,残像拳
BlastForte1_3000_03,BlastForteParamData.bNoHitCheckCombatives,true
BlastForte2_3000_03,ExpendBlastStock,4
BlastForte2_3000_03,TriggerExpendBlastStock,4
BlastForte2_3000_03,BlastForteParamData.Type,特殊
BlastForte2_3000_03,BlastForteParamData.bNoAutoGuard,true
BlastUltimate_3000_03,LungeSpeed,11700
BlastUltimate_3000_03,ExpendEnergy,50000
BlastUltimate_3000_03,TriggerExpendEnergy,50000
BlastUltimate_3000_03,BlastImpactPower,9
BlastUltimate_3000_03,bCanSpeedImpact,true
BlastUltimate_3000_03,BlastUltimateParamData.Type,突進格闘
BlastUltimate_3000_03,BlastUltimateParamData.bNonLockUsable,false
BlastUltimate_3000_03,BlastUltimateParamData.BlastDemoBranchConditions[0].BranchType,ESSBlastDemoBranchType::Giant
BlastUltimate_3000_03,BlastUltimateParamData.BlastDemoBranchConditions[0].SortId,13
BlastUltimate_3000_03,BlastUltimateParamData.BlastDemoBranchConditions[0].bTrueIfAllApply,true
BlastUltimate_3000_03,BlastUltimateParamData.BlastDemoBranchConditions[0].MyselfRemainingHP,0
BlastUltimate_3000_03,BlastUltimateParamData.BlastDemoBranchConditions[0].ExParam,-1
BlastUltimate_3000_03,BlastUltimateParamData.BlastDemoBranchConditions[0].SpDerivationType,EBlastDemoSpDerivationType::Unspecified
BlastUltimate_3000_03,BlastUltimateParamData.BlastDemoBranchConditions[0].VictoryAppealWarpType,EVictoryAppealWarpType::MyselfSafeArea
BlastUltimate_3000_03,BlastUltimateParamData.MoveLimitTime,1
BlastUltimate_3000_03,BlastGroup,GR0032_31B2
BlastSkill1_3010_00,ExpendEnergy,30000
BlastSkill1_3010_00,TriggerExpendEnergy,30000
BlastSkill1_3010_00,MaxChargeDamageRate,1.8
BlastSkill1_3010_00,bWeakSpecialShield,true
BlastSkill1_3010_00,BlastGroup,GR0002_31B2
BlastSkill2_3010_00,LungeSpeed,8750
BlastSkill2_3010_00,ExpendEnergy,30000
BlastSkill2_3010_00,TriggerExpendEnergy,15000
BlastSkill2_3010_00,BlastImpactPower,5
BlastSkill2_3010_00,bCanSpeedImpact,true
BlastSkill2_3010_00,bWeakSpecialShield,true
BlastSkill2_3010_00,BlastSkillParamData.Type,突進格闘
BlastSkill2_3010_00,BlastSkillParamData.bKamehameHa,false
BlastSkill2_3010_00,BlastSkillParamData.bNonLockUsable,false
BlastSkill2_3010_00,BlastSkillParamData.SuperZCounterType,EKoratSuperZCounterType::Repel
BlastSkill2_3010_00,BlastSkillParamData.MoveLimitTime,2
BlastSkill2_3010_00,BlastGroup,GR0040_10B2
BlastForte1_3010_00,BlastForteParamData.Type,残像拳
BlastForte1_3010_00,BlastForteParamData.bNoHitCheckCombatives,true
BlastForte2_3010_00,BlastForteParamData.Type,能力
BlastUltimate_3010_00,ExpendEnergy,50000
BlastUltimate_3010_00,TriggerExpendEnergy,50000
BlastUltimate_3010_00,bCanBlastImpact,true
BlastUltimate_3010_00,BlastImpactPower,9
BlastUltimate_3010_00,BlastUltimateParamData.bMapChangeEscapeEvenet,true
BlastUltimate_3010_00,BlastGroup,GR0040_10B2
BlastSkill1_3010_01,ExpendEnergy,30000
BlastSkill1_3010_01,TriggerExpendEnergy,30000
BlastSkill1_3010_01,MaxChargeDamageRate,1.8
BlastSkill1_3010_01,BlastSkillParamData.bEnableSteel,false
BlastSkill1_3010_01,BlastSkillParamData.SuperZCounterType,EKoratSuperZCounterType::Erase
BlastSkill1_3010_01,BlastGroup,GR0032_31B2
BlastSkill2_3010_01,LungeSpeed,8750
BlastSkill2_3010_01,ExpendEnergy,30000
BlastSkill2_3010_01,TriggerExpendEnergy,15000
BlastSkill2_3010_01,BlastImpactPower,5
BlastSkill2_3010_01,bCanSpeedImpact,true
BlastSkill2_3010_01,bWeakSpecialShield,true
BlastSkill2_3010_01,BlastSkillParamData.Type,突進格闘
BlastSkill2_3010_01,BlastSkillParamData.bKamehameHa,false
BlastSkill2_3010_01,BlastSkillParamData.bNonLockUsable,false
BlastSkill2_3010_01,BlastSkillParamData.SuperZCounterType,EKoratSuperZCounterType::Repel
BlastSkill2_3010_01,BlastSkillParamData.MoveLimitTime,2
BlastSkill2_3010_01,BlastGroup,GR0040_10B2
BlastForte1_3010_01,BlastForteParamData.Type,残像拳
BlastForte1_3010_01,BlastForteParamData.bNoHitCheckCombatives,true
BlastForte2_3010_01,BlastForteParamData.Type,能力
BlastUltimate_3010_01,ExpendEnergy,50000
BlastUltimate_3010_01,TriggerExpendEnergy,50000
BlastUltimate_3010_01,BlastGroup,GR0032_31B2
BlastSkill1_3011_00,ExpendEnergy,30000
BlastSkill1_3011_00,TriggerExpendEnergy,30000
BlastSkill1_3011_00,MaxChargeDamageRate,1.8
BlastSkill1_3011_00,bCanBlastImpact,true
BlastSkill1_3011_00,BlastImpactPower,5
BlastSkill1_3011_00,bWeakSpecialShield,true
BlastSkill1_3011_00,BlastSkillParamData.bMapChangeEscapeEvenet,true
BlastSkill1_3011_00,BlastSkillParamData.SuperZCounterType,EKoratSuperZCounterType::Repel
BlastSkill1_3011_00,BlastGroup,GR0032_31B2
BlastSkill2_3011_00,LungeSpeed,10000
BlastSkill2_3011_00,ExpendEnergy,30000
BlastSkill2_3011_00,TriggerExpendEnergy,15000
BlastSkill2_3011_00,BlastImpactPower,5
BlastSkill2_3011_00,bCanSpeedImpact,true
BlastSkill2_3011_00,bWeakSpecialShield,true
BlastSkill2_3011_00,BlastSkillParamData.Type,突進格闘
BlastSkill2_3011_00,BlastSkillParamData.bKamehameHa,false
BlastSkill2_3011_00,BlastSkillParamData.bNonLockUsable,false
BlastSkill2_3011_00,BlastSkillParamData.SuperZCounterType,EKoratSuperZCounterType::Repel
BlastSkill2_3011_00,BlastSkillParamData.MoveLimitTime,2
BlastSkill2_3011_00,BlastSkillParamData.MoveType,EBlastDashMoveType::ControllableTarget
BlastSkill2_3011_00,BlastGroup,GR0040_10B2
BlastForte1_3011_00,BlastForteParamData.Type,能力
BlastForte2_3011_00,ExpendBlastStock,4
BlastForte2_3011_00,TriggerExpendBlastStock,4
BlastForte2_3011_00,BlastForteParamData.Type,特殊
BlastForte2_3011_00,BlastForteParamData.bNoAutoGuard,true
BlastUltimate_3011_00,LungeSpeed,8750
BlastUltimate_3011_00,ExpendEnergy,50000
BlastUltimate_3011_00,TriggerExpendEnergy,50000
BlastUltimate_3011_00,bCanSpeedImpact,true
BlastUltimate_3011_00,BlastUltimateParamData.Type,突進格闘
BlastUltimate_3011_00,BlastUltimateParamData.bNonLockUsable,false
BlastUltimate_3011_00,BlastUltimateParamData.MoveLimitTime,2
BlastUltimate_3011_00,BlastGroup,GR0032_31B2
BlastSkill1_3012_00,ExpendEnergy,30000
BlastSkill1_3012_00,TriggerExpendEnergy,30000
BlastSkill1_3012_00,bCanBlastImpact,true
BlastSkill1_3012_00,BlastImpactPower,5
BlastSkill1_3012_00,bWeakSpecialShield,true
BlastSkill1_3012_00,BlastSkillParamData.bMapChangeEscapeEvenet,true
BlastSkill1_3012_00,BlastSkillParamData.BlastImpactCameraType,EKoratBlastImpactCameraType::Giant
BlastSkill1_3012_00,BlastSkillParamData.SuperZCounterType,EKoratSuperZCounterType::Repel
BlastSkill1_3012_00,BlastGroup,GR0590_00B2
BlastSkill2_3012_00,ExpendEnergy,40000
BlastSkill2_3012_00,TriggerExpendEnergy,40000
BlastSkill2_3012_00,BlastSkillParamData.Type,投げ
BlastSkill2_3012_00,BlastSkillParamData.TransitionConditionHitBulletCount,0
BlastSkill2_3012_00,BlastSkillParamData.TransitionConditionFinishedBulletCount,0
BlastSkill2_3012_00,BlastSkillParamData.bImpossibleGuard,true
BlastSkill2_3012_00,BlastSkillParamData.bNonLockUsable,false
BlastSkill2_3012_00,BlastSkillParamData.BlastDemoBranchConditions[0].BranchType,ESSBlastDemoBranchType::Giant
BlastSkill2_3012_00,BlastSkillParamData.BlastDemoBranchConditions[0].SortId,0
BlastSkill2_3012_00,BlastSkillParamData.BlastDemoBranchConditions[0].bTrueIfAllApply,false
BlastSkill2_3012_00,BlastSkillParamData.BlastDemoBranchConditions[0].MyselfRemainingHP,0
BlastSkill2_3012_00,BlastSkillParamData.BlastDemoBranchConditions[0].ExParam,-1
BlastSkill2_3012_00,BlastSkillParamData.BlastDemoBranchConditions[0].SpDerivationType,EBlastDemoSpDerivationType::Unspecified
BlastSkill2_3012_00,BlastSkillParamData.BlastDemoBranchConditions[0].VictoryAppealWarpType,EVictoryAppealWarpType::MyselfSafeArea
BlastSkill2_3012_00,BlastSkillParamData.BlastImpactCameraType,EKoratBlastImpactCameraType::Giant
BlastSkill2_3012_00,BlastSkillParamData.SureToHitRange,300
BlastSkill2_3012_00,BlastSkillParamData.bBackstepWhenNearMode,false
BlastSkill2_3012_00,BlastSkillParamData.bTurnBeforeTransition,false
BlastSkill2_3012_00,BlastGroup,GR3012_00B2
BlastForte1_3012_00,BlastForteParamData.Type,爆破
BlastForte1_3012_00,BlastForteParamData.bInterruptibleExplosion,true
BlastForte1_3012_00,BlastForteParamData.bInterruptibleBarrier,true
BlastForte1_3012_00,BlastForteParamData.bTurnBeforeTransition,false
BlastForte2_3012_00,ExpendBlastStock,4
BlastForte2_3012_00,TriggerExpendBlastStock,4
BlastForte2_3012_00,BlastForteParamData.Type,能力
BlastForte2_3012_00,BlastForteParamData.bNoAutoGuard,true
BlastUltimate_3012_00,LungeSpeed,6750
BlastUltimate_3012_00,ExpendEnergy,50000
BlastUltimate_3012_00,TriggerExpendEnergy,50000
BlastUltimate_3012_00,BlastImpactPower,9
BlastUltimate_3012_00,BlastUltimateParamData.Type,投げ
BlastUltimate_3012_00,BlastUltimateParamData.bImpossibleGuard,true
BlastUltimate_3012_00,BlastUltimateParamData.bNonLockUsable,false
BlastUltimate_3012_00,BlastUltimateParamData.BlastDemoBranchConditions[0].BranchType,ESSBlastDemoBranchType::Giant
BlastUltimate_3012_00,BlastUltimateParamData.BlastDemoBranchConditions[0].SortId,11
BlastUltimate_3012_00,BlastUltimateParamData.BlastDemoBranchConditions[0].bTrueIfAllApply,true
BlastUltimate_3012_00,BlastUltimateParamData.BlastDemoBranchConditions[0].MyselfRemainingHP,0
BlastUltimate_3012_00,BlastUltimateParamData.BlastDemoBranchConditions[0].ExParam,-1
BlastUltimate_3012_00,BlastUltimateParamData.BlastDemoBranchConditions[0].SpDerivationType,EBlastDemoSpDerivationType::Unspecified
BlastUltimate_3012_00,BlastUltimateParamData.BlastDemoBranchConditions[0].VictoryAppealWarpType,EVictoryAppealWarpType::MyselfSafeArea
BlastUltimate_3012_00,BlastUltimateParamData.BlastImpactCameraType,EKoratBlastImpactCameraType::Giant
BlastUltimate_3012_00,BlastUltimateParamData.SureToHitRange,750
BlastUltimate_3012_00,BlastUltimateParamData.bBackstepWhenNearMode,false
BlastUltimate_3012_00,BlastGroup,GR0591_00UB
BlastSkill1_3020_00,ExpendEnergy,30000
BlastSkill1_3020_00,TriggerExpendEnergy,30000
BlastSkill1_3020_00,BlastImpactPower,5
BlastSkill1_3020_00,bWeakSpecialShield,true
BlastSkill1_3020_00,BlastSkillParamData.bMapChangeEscapeEvenet,true
BlastSkill1_3020_00,BlastSkillParamData.bKamehameHa,false
BlastSkill1_3020_00,BlastSkillParamData.SuperZCounterType,EKoratSuperZCounterType::Repel
BlastSkill1_3020_00,BlastGroup,GR0040_20B1
BlastSkill2_3020_00,LungeSpeed,10000
BlastSkill2_3020_00,ExpendEnergy,30000
BlastSkill2_3020_00,TriggerExpendEnergy,15000
BlastSkill2_3020_00,bCanSpeedImpact,true
BlastSkill2_3020_00,BlastSkillParamData.Type,突進格闘
BlastSkill2_3020_00,BlastSkillParamData.bNonLockUsable,false
BlastSkill2_3020_00,BlastSkillParamData.MoveLimitTime,2
BlastSkill2_3020_00,BlastGroup,GR0470_00B2
BlastForte1_3020_00,BlastForteParamData.Type,特殊
BlastForte2_3020_00,BlastForteParamData.Type,爆破
BlastForte2_3020_00,BlastForteParamData.bInterruptibleExplosion,true
BlastForte2_3020_00,BlastForteParamData.bInterruptibleBarrier,true
BlastForte2_3020_00,BlastForteParamData.bTurnBeforeTransition,false
BlastUltimate_3020_00,LungeSpeed,8750
BlastUltimate_3020_00,ExpendEnergy,50000
BlastUltimate_3020_00,TriggerExpendEnergy,50000
BlastUltimate_3020_00,SupportCharacters[0].bInheritDamageModel,false
BlastUltimate_3020_00,SupportCharacters[0].bInheritEquipItems,false
BlastUltimate_3020_00,SupportCharacters[0].CostumeDamageLv,0
BlastUltimate_3020_00,SupportCharacters[0].CostumeScratchLv,0
BlastUltimate_3020_00,SupportCharacters[0].bIsSubCharacterCostume,true
BlastUltimate_3020_00,SupportCharacters[0].bIsSubCharacterEquipItems,true
BlastUltimate_3020_00,BlastUltimateParamData.bMapChangeDestructDemoGuard,false
BlastUltimate_3020_00,BlastUltimateParamData.MoveLimitTime,2
BlastUltimate_3020_00,BlastUltimateParamData.MoveType,EBlastDashMoveType::ControllableTarget
BlastUltimate_3020_00,BlastGroup,GR0040_10UB
BlastSkill1_3030_00,ExpendEnergy,30000
BlastSkill1_3030_00,TriggerExpendEnergy,30000
BlastSkill1_3030_00,BlastImpactPower,5
BlastSkill1_3030_00,bWeakSpecialShield,true
BlastSkill1_3030_00,BlastSkillParamData.bMapChangeEscapeEvenet,true
BlastSkill1_3030_00,BlastSkillParamData.SuperZCounterType,EKoratSuperZCounterType::Repel
BlastSkill1_3030_00,BlastGroup,GR0000_00B1
BlastSkill2_3030_00,LungeSpeed,8750
BlastSkill2_3030_00,ExpendEnergy,30000
BlastSkill2_3030_00,TriggerExpendEnergy,15000
BlastSkill2_3030_00,bCanSpeedImpact,true
BlastSkill2_3030_00,BlastSkillParamData.Type,突進格闘
BlastSkill2_3030_00,BlastSkillParamData.bNonLockUsable,false
BlastSkill2_3030_00,BlastSkillParamData.MoveLimitTime,2
BlastSkill2_3030_00,BlastSkillParamData.MoveType,EBlastDashMoveType::ControllableTarget
BlastSkill2_3030_00,BlastGroup,GR0000_11B2
BlastForte1_3030_00,BlastForteParamData.Type,特殊
BlastForte2_3030_00,BlastForteParamData.Type,爆破
BlastForte2_3030_00,BlastForteParamData.bInterruptibleExplosion,true
BlastForte2_3030_00,BlastForteParamData.bInterruptibleBarrier,true
BlastForte2_3030_00,BlastForteParamData.bTurnBeforeTransition,false
BlastUltimate_3030_00,bGaveAfterStateToBlowFalling,true
BlastUltimate_3030_00,ExpendEnergy,50000
BlastUltimate_3030_00,TriggerExpendEnergy,50000
BlastUltimate_3030_00,BlastImpactPower,9
BlastUltimate_3030_00,BlastUltimateParamData.bMapChangeEscapeEvenet,true
BlastUltimate_3030_00,BlastUltimateParamData.bImpossibleGuard,true
BlastUltimate_3030_00,BlastUltimateParamData.BlastDemoBranchConditions[0].BranchType,ESSBlastDemoBranchType::Giant
BlastUltimate_3030_00,BlastUltimateParamData.BlastDemoBranchConditions[0].SortId,10
BlastUltimate_3030_00,BlastUltimateParamData.BlastDemoBranchConditions[0].bTrueIfAllApply,true
BlastUltimate_3030_00,BlastUltimateParamData.BlastDemoBranchConditions[0].MyselfRemainingHP,0
BlastUltimate_3030_00,BlastUltimateParamData.BlastDemoBranchConditions[0].ExParam,-1
BlastUltimate_3030_00,BlastUltimateParamData.BlastDemoBranchConditions[0].SpDerivationType,EBlastDemoSpDerivationType::Unspecified
BlastUltimate_3030_00,BlastUltimateParamData.BlastDemoBranchConditions[0].VictoryAppealWarpType,EVictoryAppealWarpType::MyselfSafeArea
BlastUltimate_3030_00,BlastUltimateParamData.SureToHitRange,500
BlastUltimate_3030_00,BlastGroup,GR0920_02UB
BlastSkill1_3040_00,ExpendEnergy,30000
BlastSkill1_3040_00,TriggerExpendEnergy,30000
BlastSkill1_3040_00,bCanBlastImpact,true
BlastSkill1_3040_00,BlastImpactPower,5
BlastSkill1_3040_00,bWeakSpecialShield,true
BlastSkill1_3040_00,BlastSkillParamData.bMapChangeEscapeEvenet,true
BlastSkill1_3040_00,BlastSkillParamData.BlastImpactCameraType,EKoratBlastImpactCameraType::Giant
BlastSkill1_3040_00,BlastSkillParamData.SuperZCounterType,EKoratSuperZCounterType::Repel
BlastSkill1_3040_00,BlastGroup,GR0570_00B1
BlastSkill2_3040_00,ExpendEnergy,40000
BlastSkill2_3040_00,TriggerExpendEnergy,40000
BlastSkill2_3040_00,BlastSkillParamData.Type,投げ
BlastSkill2_3040_00,BlastSkillParamData.bImpossibleGuard,true
BlastSkill2_3040_00,BlastSkillParamData.bNonLockUsable,false
BlastSkill2_3040_00,BlastSkillParamData.BlastDemoBranchConditions[0].BranchType,ESSBlastDemoBranchType::Giant
BlastSkill2_3040_00,BlastSkillParamData.BlastDemoBranchConditions[0].SortId,0
BlastSkill2_3040_00,BlastSkillParamData.BlastDemoBranchConditions[0].bTrueIfAllApply,false
BlastSkill2_3040_00,BlastSkillParamData.BlastDemoBranchConditions[0].MyselfRemainingHP,0
BlastSkill2_3040_00,BlastSkillParamData.BlastDemoBranchConditions[0].ExParam,-1
BlastSkill2_3040_00,BlastSkillParamData.BlastDemoBranchConditions[0].SpDerivationType,EBlastDemoSpDerivationType::Unspecified
BlastSkill2_3040_00,BlastSkillParamData.BlastDemoBranchConditions[0].VictoryAppealWarpType,EVictoryAppealWarpType::MyselfSafeArea
BlastSkill2_3040_00,BlastSkillParamData.BlastImpactCameraType,EKoratBlastImpactCameraType::Giant
BlastSkill2_3040_00,BlastSkillParamData.MoveHitDistance,700
BlastSkill2_3040_00,BlastSkillParamData.MoveLimitTime,0.3
BlastSkill2_3040_00,BlastSkillParamData.SureToHitRange,300
BlastSkill2_3040_00,BlastSkillParamData.bBackstepWhenNearMode,false
BlastSkill2_3040_00,BlastSkillParamData.bTurnBeforeTransition,false
BlastSkill2_3040_00,BlastGroup,GR3012_00B2
BlastForte1_3040_00,BlastForteParamData.Type,爆破
BlastForte1_3040_00,BlastForteParamData.bInterruptibleExplosion,true
BlastForte1_3040_00,BlastForteParamData.bInterruptibleBarrier,true
BlastForte1_3040_00,BlastForteParamData.bTurnBeforeTransition,false
BlastForte2_3040_00,ExpendBlastStock,4
BlastForte2_3040_00,TriggerExpendBlastStock,4
BlastForte2_3040_00,BlastForteParamData.Type,特殊
BlastForte2_3040_00,BlastForteParamData.bNoAutoGuard,true
BlastUltimate_3040_00,ExpendEnergy,50000
BlastUltimate_3040_00,TriggerExpendEnergy,50000
BlastUltimate_3040_00,bCanBlastImpact,true
BlastUltimate_3040_00,BlastImpactPower,12
BlastUltimate_3040_00,BlastUltimateParamData.bMapChangeEscapeEvenet,true
BlastUltimate_3040_00,BlastUltimateParamData.bMapChangeDestruct,true
BlastUltimate_3040_00,BlastUltimateParamData.bImpossibleGuard,true
BlastUltimate_3040_00,BlastUltimateParamData.BlastImpactCameraType,EKoratBlastImpactCameraType::Giant
BlastUltimate_3040_00,BlastGroup,GR0680_02UB
BlastSkill1_3050_00,LungeSpeed,8750
BlastSkill1_3050_00,ExpendEnergy,30000
BlastSkill1_3050_00,TriggerExpendEnergy,15000
BlastSkill1_3050_00,bCanSpeedImpact,true
BlastSkill1_3050_00,BlastSkillParamData.Type,突進格闘
BlastSkill1_3050_00,BlastSkillParamData.bNonLockUsable,false
BlastSkill1_3050_00,BlastSkillParamData.MoveType,EBlastDashMoveType::ControllableTarget
BlastSkill2_3050_00,ExpendEnergy,30000
BlastSkill2_3050_00,TriggerExpendEnergy,15000
BlastSkill2_3050_00,bCanSpeedImpact,true
BlastSkill2_3050_00,BlastSkillParamData.Type,突進格闘
BlastSkill2_3050_00,BlastSkillParamData.bNonLockUsable,false
BlastForte1_3050_00,ExpendBlastStock,4
BlastForte1_3050_00,TriggerExpendBlastStock,4
BlastForte1_3050_00,BlastForteParamData.Type,特殊
BlastForte1_3050_00,BlastForteParamData.bNoAutoGuard,true
BlastForte2_3050_00,BlastForteParamData.Type,能力
BlastUltimate_3050_00,ExpendEnergy,50000
BlastUltimate_3050_00,TriggerExpendEnergy,50000
BlastUltimate_3050_00,bCanSpeedImpact,true
BlastUltimate_3050_00,BlastUltimateParamData.Type,突進格闘
BlastUltimate_3050_00,BlastUltimateParamData.bNonLockUsable,false
BlastUltimate_3050_00,BlastGroup,GR0000_00B1
BlastUltimate2_3050_00,ExpendEnergy,50000
BlastUltimate2_3050_00,TriggerExpendEnergy,50000
BlastUltimate2_3050_00,BlastUltimateParamData.bMapChangeEscapeEvenet,true
BlastUltimate2_3050_00,BlastUltimateParamData.bBackstepWhenNearMode,false
BlastUltimate2_3050_00,BlastGroup,GR0002_31UB
BlastSkill1_3050_01,LungeSpeed,8750
BlastSkill1_3050_01,ExpendEnergy,30000
BlastSkill1_3050_01,TriggerExpendEnergy,15000
BlastSkill1_3050_01,bCanSpeedImpact,true
BlastSkill1_3050_01,BlastSkillParamData.Type,突進格闘
BlastSkill1_3050_01,BlastSkillParamData.bNonLockUsable,false
BlastSkill1_3050_01,BlastSkillParamData.MoveLimitTime,1
BlastSkill1_3050_01,BlastSkillParamData.MoveType,EBlastDashMoveType::ControllableTarget
BlastSkill2_3050_01,LungeSpeed,11700
BlastSkill2_3050_01,ExpendEnergy,30000
BlastSkill2_3050_01,TriggerExpendEnergy,15000
BlastSkill2_3050_01,bCanSpeedImpact,true
BlastSkill2_3050_01,BlastSkillParamData.Type,突進格闘
BlastSkill2_3050_01,BlastSkillParamData.bNonLockUsable,false
BlastSkill2_3050_01,BlastSkillParamData.MoveLimitTime,2
BlastForte1_3050_01,BlastForteParamData.Type,残像拳
BlastForte2_3050_01,ExpendBlastStock,4
BlastForte2_3050_01,TriggerExpendBlastStock,4
BlastForte2_3050_01,BlastForteParamData.Type,特殊
BlastForte2_3050_01,BlastForteParamData.bNoAutoGuard,true
BlastUltimate_3050_01,ExpendEnergy,50000
BlastUltimate_3050_01,TriggerExpendEnergy,50000
BlastUltimate_3050_01,bCanBlastImpact,true
BlastUltimate_3050_01,BlastImpactPower,9
BlastUltimate_3050_01,bToAimBodyBlendTimeIsZero,true
BlastUltimate_3050_01,BlastUltimateParamData.bMapChangeEscapeEvenet,true
BlastUltimate_3050_01,BlastGroup,GR0000_00B1
BlastSkill1_3050_14,ExpendEnergy,30000
BlastSkill1_3050_14,TriggerExpendEnergy,30000
BlastSkill1_3050_14,bCanBlastImpact,true
BlastSkill1_3050_14,bWeakSpecialShield,true
BlastSkill1_3050_14,BlastSkillParamData.bMapChangeEscapeEvenet,true
BlastSkill1_3050_14,BlastSkillParamData.SuperZCounterType,EKoratSuperZCounterType::Repel
BlastSkill1_3050_14,BlastSkillParamData.bTurnCGSection,true
BlastSkill1_3050_14,BlastGroup,GR0000_00B1
BlastSkill2_3050_14,ExpendEnergy,30000
BlastSkill2_3050_14,TriggerExpendEnergy,15000
BlastSkill2_3050_14,bCanSpeedImpact,true
BlastSkill2_3050_14,BlastSkillParamData.Type,突進格闘
BlastSkill2_3050_14,BlastSkillParamData.bNonLockUsable,false
BlastForte1_3050_14,BlastForteParamData.Type,残像拳
BlastForte1_3050_14,BlastForteParamData.bNoHitCheckCombatives,true
BlastForte2_3050_14,ExpendBlastStock,4
BlastForte2_3050_14,TriggerExpendBlastStock,4
BlastForte2_3050_14,BlastForteParamData.Type,特殊
BlastForte2_3050_14,BlastForteParamData.bNoAutoGuard,true
BlastUltimate_3050_14,ExpendEnergy,50000
BlastUltimate_3050_14,TriggerExpendEnergy,50000
BlastUltimate_3050_14,bCanSpeedImpact,true
BlastUltimate_3050_14,BlastUltimateParamData.Type,突進格闘
BlastUltimate_3050_14,BlastUltimateParamData.bNonLockUsable,false
BlastUltimate_3050_14,BlastGroup,GR0000_23UB
BlastSkill1_3060_00,ExpendEnergy,30000
BlastSkill1_3060_00,TriggerExpendEnergy,30000
BlastSkill1_3060_00,bCanBlastImpact,true
BlastSkill1_3060_00,BlastImpactPower,5
BlastSkill1_3060_00,bWeakSpecialShield,true
BlastSkill1_3060_00,BlastSkillParamData.bMapChangeEscapeEvenet,true
BlastSkill1_3060_00,BlastSkillParamData.bMapChangeDestructDemoGuard,false
BlastSkill1_3060_00,BlastSkillParamData.SuperZCounterType,EKoratSuperZCounterType::Repel
BlastSkill1_3060_00,BlastGroup,GR0400_00B1
BlastSkill2_3060_00,LungeSpeed,10000
BlastSkill2_3060_00,ExpendEnergy,30000
BlastSkill2_3060_00,TriggerExpendEnergy,15000
BlastSkill2_3060_00,bCanSpeedImpact,true
BlastSkill2_3060_00,BlastSkillParamData.Type,突進格闘
BlastSkill2_3060_00,BlastSkillParamData.bNonLockUsable,false
BlastSkill2_3060_00,BlastSkillParamData.MoveLimitTime,1
BlastSkill2_3060_00,BlastSkillParamData.MoveType,EBlastDashMoveType::ControllableTarget
BlastForte1_3060_00,ExpendBlastStock,4
BlastForte1_3060_00,TriggerExpendBlastStock,4
BlastForte1_3060_00,BlastForteParamData.Type,特殊
BlastForte1_3060_00,BlastForteParamData.bNoAutoGuard,true
BlastForte2_3060_00,BlastForteParamData.Type,残像拳
BlastUltimate_3060_00,LungeSpeed,10000
BlastUltimate_3060_00,ExpendEnergy,50000
BlastUltimate_3060_00,TriggerExpendEnergy,50000
BlastUltimate_3060_00,bCanSpeedImpact,true
BlastUltimate_3060_00,BlastUltimateParamData.Type,突進格闘
BlastUltimate_3060_00,BlastUltimateParamData.bNonLockUsable,false
BlastUltimate_3060_00,BlastUltimateParamData.MoveLimitTime,1.5
BlastUltimate_3060_00,BlastUltimateParamData.MoveType,EBlastDashMoveType::ControllableTarget
BlastUltimate_3060_00,BlastGroup,GR0020_61UB
BlastSkill1_3060_01,ExpendEnergy,30000
BlastSkill1_3060_01,TriggerExpendEnergy,30000
BlastSkill1_3060_01,bWeakSpecialShield,true
BlastSkill1_3060_01,BlastGroup,GR0002_31B2
BlastSkill2_3060_01,LungeSpeed,10000
BlastSkill2_3060_01,ExpendEnergy,30000
BlastSkill2_3060_01,TriggerExpendEnergy,15000
BlastSkill2_3060_01,bCanSpeedImpact,true
BlastSkill2_3060_01,BlastSkillParamData.Type,突進格闘
BlastSkill2_3060_01,BlastSkillParamData.bNonLockUsable,false
BlastSkill2_3060_01,BlastSkillParamData.MoveLimitTime,1.5
BlastSkill2_3060_01,BlastSkillParamData.MoveType,EBlastDashMoveType::ControllableTarget
BlastForte1_3060_01,BlastForteParamData.Type,能力
BlastForte2_3060_01,BlastForteParamData.Type,残像拳
BlastUltimate_3060_01,ExpendEnergy,50000
BlastUltimate_3060_01,TriggerExpendEnergy,50000
BlastUltimate_3060_01,bCanBlastImpact,true
BlastUltimate_3060_01,BlastImpactPower,9
BlastUltimate_3060_01,bToAimBodyBlendTimeIsZero,true
BlastUltimate_3060_01,BlastUltimateParamData.bMapChangeEscapeEvenet,true
BlastUltimate_3060_01,BlastGroup,GR0020_00B1
BlastSkill1_3060_02,ExpendEnergy,30000
BlastSkill1_3060_02,TriggerExpendEnergy,30000
BlastSkill1_3060_02,bCanBlastImpact,true
BlastSkill1_3060_02,BlastImpactPower,5
BlastSkill1_3060_02,bWeakSpecialShield,true
BlastSkill1_3060_02,BlastSkillParamData.bMapChangeEscapeEvenet,true
BlastSkill1_3060_02,BlastSkillParamData.SuperZCounterType,EKoratSuperZCounterType::Repel
BlastSkill1_3060_02,BlastGroup,GR0020_00B1
BlastSkill2_3060_02,ExpendEnergy,30000
BlastSkill2_3060_02,TriggerExpendEnergy,30000
BlastSkill2_3060_02,bCanBlastImpact,true
BlastSkill2_3060_02,BlastImpactPower,5
BlastSkill2_3060_02,bWeakSpecialShield,true
BlastSkill2_3060_02,BlastSkillParamData.bEnableSteel,false
BlastSkill2_3060_02,BlastSkillParamData.bKamehameHa,false
BlastSkill2_3060_02,BlastSkillParamData.bNonLockUsable,false
BlastSkill2_3060_02,BlastGroup,GR0020_61B1
BlastForte1_3060_02,BlastForteParamData.Type,爆破
BlastForte1_3060_02,BlastForteParamData.bInterruptibleExplosion,true
BlastForte1_3060_02,BlastForteParamData.bInterruptibleBarrier,true
BlastForte1_3060_02,BlastForteParamData.bTurnBeforeTransition,false
BlastForte2_3060_02,ExpendBlastStock,3
BlastForte2_3060_02,TriggerExpendBlastStock,3
BlastForte2_3060_02,BlastForteParamData.Type,残像拳
BlastUltimate_3060_02,ExpendEnergy,50000
BlastUltimate_3060_02,TriggerExpendEnergy,50000
BlastUltimate_3060_02,bCanBlastImpact,true
BlastUltimate_3060_02,BlastImpactPower,8
BlastUltimate_3060_02,BlastUltimateParamData.bMapChangeEscapeEvenet,true
BlastUltimate_3060_02,BlastGroup,GR0020_11UB
BlastSkill1_3060_03,ExpendEnergy,30000
BlastSkill1_3060_03,TriggerExpendEnergy,30000
BlastSkill1_3060_03,bWeakSpecialShield,true
BlastSkill1_3060_03,BlastSkillParamData.SuperZCounterType,EKoratSuperZCounterType::Erase
BlastSkill2_3060_03,LungeSpeed,11700
BlastSkill2_3060_03,ExpendEnergy,30000
BlastSkill2_3060_03,TriggerExpendEnergy,15000
BlastSkill2_3060_03,bCanSpeedImpact,true
BlastSkill2_3060_03,BlastSkillParamData.Type,突進格闘
BlastSkill2_3060_03,BlastSkillParamData.bNonLockUsable,false
BlastSkill2_3060_03,BlastSkillParamData.MoveLimitTime,2
BlastForte1_3060_03,BlastForteParamData.Type,残像拳
BlastForte1_3060_03,BlastForteParamData.bNoHitCheckCombatives,true
BlastForte2_3060_03,ExpendBlastStock,4
BlastForte2_3060_03,TriggerExpendBlastStock,4
BlastForte2_3060_03,BlastForteParamData.Type,特殊
BlastForte2_3060_03,BlastForteParamData.bNoAutoGuard,true
BlastUltimate_3060_03,ExpendEnergy,50000
BlastUltimate_3060_03,TriggerExpendEnergy,50000
BlastUltimate_3060_03,bCanBlastImpact,true
BlastUltimate_3060_03,BlastImpactPower,9
BlastUltimate_3060_03,bToAimBodyBlendTimeIsZero,true
BlastUltimate_3060_03,BlastUltimateParamData.bMapChangeEscapeEvenet,true
BlastUltimate_3060_03,BlastGroup,GR0020_00B1
BlastSkill1_3070_00,ExpendEnergy,20000
BlastSkill1_3070_00,TriggerExpendEnergy,20000
BlastSkill1_3070_00,bWeakSpecialShield,true
BlastSkill2_3070_00,LungeSpeed,10000
BlastSkill2_3070_00,ExpendEnergy,30000
BlastSkill2_3070_00,TriggerExpendEnergy,15000
BlastSkill2_3070_00,bCanSpeedImpact,true
BlastSkill2_3070_00,BlastSkillParamData.Type,突進格闘
BlastSkill2_3070_00,BlastSkillParamData.bNonLockUsable,false
BlastSkill2_3070_00,BlastSkillParamData.MoveLimitTime,1.5
BlastForte1_3070_00,BlastForteParamData.Type,拘束
BlastForte1_3070_00,BlastForteParamData.bNoAutoGuard,true
BlastForte2_3070_00,BlastForteParamData.Type,能力
BlastUltimate_3070_00,ExpendEnergy,50000
BlastUltimate_3070_00,TriggerExpendEnergy,50000
BlastUltimate_3070_00,BlastImpactPower,9
BlastUltimate_3070_00,bToAimBodyBlendTimeIsZero,true
BlastUltimate_3070_00,BlastUltimateParamData.bImpossibleGuard,true
BlastUltimate_3070_00,BlastGroup,GR0140_00UB
BlastSkill1_3080_00,ExpendEnergy,30000
BlastSkill1_3080_00,TriggerExpendEnergy,30000
BlastSkill1_3080_00,bCanBlastImpact,true
BlastSkill1_3080_00,BlastImpactPower,5
BlastSkill1_3080_00,bWeakSpecialShield,true
BlastSkill1_3080_00,BlastSkillParamData.SuperZCounterType,EKoratSuperZCounterType::Repel
BlastSkill1_3080_00,BlastGroup,GR0020_00B1
BlastSkill2_3080_00,ExpendEnergy,20000
BlastSkill2_3080_00,TriggerExpendEnergy,20000
BlastSkill2_3080_00,bToAimBodyBlendTimeIsZero,true
BlastSkill2_3080_00,BlastSkillParamData.MoveLimitTime,2
BlastSkill2_3080_00,BlastSkillParamData.MoveType,EBlastDashMoveType::ControllableTarget
BlastSkill2_3080_00,BlastGroup,GR0480_00B2
BlastForte1_3080_00,BlastForteParamData.Type,拘束
BlastForte1_3080_00,BlastForteParamData.bIsImpossileGuard,true
BlastForte1_3080_00,BlastForteParamData.bNoAutoGuard,true
BlastForte2_3080_00,BlastForteParamData.Type,爆破
BlastForte2_3080_00,BlastForteParamData.bInterruptibleExplosion,true
BlastForte2_3080_00,BlastForteParamData.bInterruptibleBarrier,true
BlastForte2_3080_00,BlastForteParamData.bTurnBeforeTransition,false
BlastUltimate_3080_00,ExpendEnergy,50000
BlastUltimate_3080_00,TriggerExpendEnergy,50000
BlastUltimate_3080_00,bCanBlastImpact,true
BlastUltimate_3080_00,BlastImpactPower,12
BlastUltimate_3080_00,BlastUltimateParamData.bMapChangeEscapeEvenet,true
BlastUltimate_3080_00,BlastUltimateParamData.bMapChangeDestruct,true
BlastUltimate_3080_00,BlastUltimateParamData.bImpossibleGuard,true
BlastUltimate_3080_00,BlastUltimateParamData.BlastImpactCameraType,EKoratBlastImpactCameraType::Giant
BlastUltimate_3080_00,BlastGroup,GR0000_00UB
BlastSkill1_3100_03,ExpendEnergy,30000
BlastSkill1_3100_03,TriggerExpendEnergy,30000
BlastSkill1_3100_03,BlastImpactPower,5
BlastSkill1_3100_03,bWeakSpecialShield,true
BlastSkill1_3100_03,BlastGroup,GR0002_31B2
BlastSkill2_3100_03,LungeSpeed,8750
BlastSkill2_3100_03,ExpendEnergy,40000
BlastSkill2_3100_03,TriggerExpendEnergy,20000
BlastSkill2_3100_03,bCanSpeedImpact,true
BlastSkill2_3100_03,BlastSkillParamData.Type,突進格闘
BlastSkill2_3100_03,BlastSkillParamData.bNonLockUsable,false
BlastSkill2_3100_03,BlastSkillParamData.BlastDemoBranchConditions[0].BranchType,ESSBlastDemoBranchType::Giant
BlastSkill2_3100_03,BlastSkillParamData.BlastDemoBranchConditions[0].SortId,13
BlastSkill2_3100_03,BlastSkillParamData.BlastDemoBranchConditions[0].bTrueIfAllApply,true
BlastSkill2_3100_03,BlastSkillParamData.BlastDemoBranchConditions[0].MyselfRemainingHP,0
BlastSkill2_3100_03,BlastSkillParamData.BlastDemoBranchConditions[0].ExParam,-1
BlastSkill2_3100_03,BlastSkillParamData.BlastDemoBranchConditions[0].SpDerivationType,EBlastDemoSpDerivationType::Unspecified
BlastSkill2_3100_03,BlastSkillParamData.BlastDemoBranchConditions[0].VictoryAppealWarpType,EVictoryAppealWarpType::MyselfSafeArea
BlastSkill2_3100_03,BlastSkillParamData.MoveLimitTime,2
BlastSkill2_3100_03,BlastSkillParamData.MoveType,EBlastDashMoveType::ControllableTarget
BlastSkill2_3100_03,BlastGroup,GR0022_62B2
BlastForte1_3100_03,ExpendBlastStock,3
BlastForte1_3100_03,TriggerExpendBlastStock,3
BlastForte1_3100_03,BlastForteParamData.Type,爆破
BlastForte1_3100_03,BlastForteParamData.bInterruptibleExplosion,true
BlastForte1_3100_03,BlastForteParamData.bInterruptibleBarrier,true
BlastForte1_3100_03,BlastForteParamData.bTurnBeforeTransition,false
BlastForte2_3100_03,ExpendBlastStock,4
BlastForte2_3100_03,TriggerExpendBlastStock,4
BlastForte2_3100_03,BlastForteParamData.Type,特殊
BlastForte2_3100_03,BlastForteParamData.bNoAutoGuard,true
BlastUltimate_3100_03,ExpendEnergy,50000
BlastUltimate_3100_03,TriggerExpendEnergy,50000
BlastUltimate_3100_03,bCanBlastImpact,true
BlastUltimate_3100_03,BlastImpactPower,9
BlastUltimate_3100_03,BlastUltimateParamData.bMapChangeEscapeEvenet,true
BlastUltimate_3100_03,BlastUltimateParamData.bMapChangeDestruct,true
BlastUltimate_3100_03,BlastUltimateParamData.BlastDemoBranchConditions[0].BranchType,ESSBlastDemoBranchType::Giant
BlastUltimate_3100_03,BlastUltimateParamData.BlastDemoBranchConditions[0].SortId,13
BlastUltimate_3100_03,BlastUltimateParamData.BlastDemoBranchConditions[0].bTrueIfAllApply,true
BlastUltimate_3100_03,BlastUltimateParamData.BlastDemoBranchConditions[0].MyselfRemainingHP,0
BlastUltimate_3100_03,BlastUltimateParamData.BlastDemoBranchConditions[0].ExParam,-1
BlastUltimate_3100_03,BlastUltimateParamData.BlastDemoBranchConditions[0].SpDerivationType,EBlastDemoSpDerivationType::Unspecified
BlastUltimate_3100_03,BlastUltimateParamData.BlastDemoBranchConditions[0].VictoryAppealWarpType,EVictoryAppealWarpType::MyselfSafeArea
BlastUltimate_3100_03,BlastGroup,GR0020_31B1
BlastSkill1_3110_00,ExpendEnergy,30000
BlastSkill1_3110_00,TriggerExpendEnergy,30000
BlastSkill1_3110_00,bWeakSpecialShield,true
BlastSkill2_3110_00,LungeSpeed,10000
BlastSkill2_3110_00,ExpendEnergy,40000
BlastSkill2_3110_00,TriggerExpendEnergy,40000
BlastSkill2_3110_00,bCanSpeedImpact,true
BlastSkill2_3110_00,BlastSkillParamData.Type,突進格闘
BlastSkill2_3110_00,BlastSkillParamData.bMapChangeDestructDemoGuard,false
BlastSkill2_3110_00,BlastSkillParamData.bImpossibleGuard,true
BlastSkill2_3110_00,BlastSkillParamData.bNonLockUsable,false
BlastSkill2_3110_00,BlastSkillParamData.MoveLimitTime,2
BlastSkill2_3110_00,BlastSkillParamData.MoveType,EBlastDashMoveType::ControllableTurn
BlastForte1_3110_00,ExpendBlastStock,4
BlastForte1_3110_00,TriggerExpendBlastStock,4
BlastForte1_3110_00,BlastForteParamData.Type,特殊
BlastForte1_3110_00,BlastForteParamData.bNoAutoGuard,true
BlastForte2_3110_00,BlastForteParamData.Type,能力
BlastUltimate_3110_00,LungeSpeed,11700
BlastUltimate_3110_00,ExpendEnergy,50000
BlastUltimate_3110_00,TriggerExpendEnergy,50000
BlastUltimate_3110_00,bCanSpeedImpact,true
BlastUltimate_3110_00,BlastUltimateParamData.Type,突進格闘
BlastUltimate_3110_00,BlastUltimateParamData.bNonLockUsable,false
BlastSkill1_3130_00,ExpendEnergy,20000
BlastSkill1_3130_00,TriggerExpendEnergy,20000
BlastSkill1_3130_00,bWeakSpecialShield,true
BlastSkill1_3130_00,BlastSkillParamData.SuperZCounterType,EKoratSuperZCounterType::Repel
BlastSkill2_3130_00,ExpendEnergy,40000
BlastSkill2_3130_00,TriggerExpendEnergy,20000
BlastSkill2_3130_00,BlastSkillParamData.bImpossibleGuard,true
BlastForte1_3130_00,BlastForteParamData.Type,拘束
BlastForte1_3130_00,BlastForteParamData.bNoAutoGuard,true
BlastForte2_3130_00,ExpendBlastStock,4
BlastForte2_3130_00,TriggerExpendBlastStock,4
BlastForte2_3130_00,BlastForteParamData.Type,特殊
BlastForte2_3130_00,BlastForteParamData.bNoAutoGuard,true
BlastUltimate_3130_00,ExpendEnergy,50000
BlastUltimate_3130_00,TriggerExpendEnergy,50000
BlastUltimate_3130_00,SupportCharacters[0].bInheritDamageModel,false
BlastUltimate_3130_00,SupportCharacters[0].bInheritEquipItems,false
BlastUltimate_3130_00,SupportCharacters[0].CostumeDamageLv,0
BlastUltimate_3130_00,SupportCharacters[0].CostumeScratchLv,0
BlastUltimate_3130_00,SupportCharacters[0].bIsSubCharacterCostume,false
BlastUltimate_3130_00,SupportCharacters[0].bIsSubCharacterEquipItems,false
BlastUltimate_3130_00,BlastUltimateParamData.MoveLimitTime,1
BlastUltimate_3130_00,BlastUltimateParamData.MoveType,EBlastDashMoveType::ControllableTarget
BlastSkill1_3120_04,ExpendEnergy,30000
BlastSkill1_3120_04,TriggerExpendEnergy,30000
BlastSkill1_3120_04,BlastImpactPower,5
BlastSkill1_3120_04,bWeakSpecialShield,true
BlastSkill1_3120_04,BlastSkillParamData.bMapChangeEscapeEvenet,true
BlastSkill1_3120_04,BlastSkillParamData.BlastDemoBranchConditions[0].BranchType,ESSBlastDemoBranchType::Giant
BlastSkill1_3120_04,BlastSkillParamData.BlastDemoBranchConditions[0].SortId,13
BlastSkill1_3120_04,BlastSkillParamData.BlastDemoBranchConditions[0].bTrueIfAllApply,true
BlastSkill1_3120_04,BlastSkillParamData.BlastDemoBranchConditions[0].MyselfRemainingHP,0
BlastSkill1_3120_04,BlastSkillParamData.BlastDemoBranchConditions[0].ExParam,-1
BlastSkill1_3120_04,BlastSkillParamData.BlastDemoBranchConditions[0].SpDerivationType,EBlastDemoSpDerivationType::Unspecified
BlastSkill1_3120_04,BlastSkillParamData.BlastDemoBranchConditions[0].VictoryAppealWarpType,EVictoryAppealWarpType::MyselfSafeArea
BlastSkill1_3120_04,BlastGroup,GR0022_62B1
BlastSkill2_3120_04,LungeSpeed,11700
BlastSkill2_3120_04,ExpendEnergy,30000
BlastSkill2_3120_04,TriggerExpendEnergy,15000
BlastSkill2_3120_04,bCanSpeedImpact,true
BlastSkill2_3120_04,BlastSkillParamData.Type,突進格闘
BlastSkill2_3120_04,BlastSkillParamData.bNonLockUsable,false
BlastSkill2_3120_04,BlastSkillParamData.BlastDemoBranchConditions[0].BranchType,ESSBlastDemoBranchType::Giant
BlastSkill2_3120_04,BlastSkillParamData.BlastDemoBranchConditions[0].SortId,13
BlastSkill2_3120_04,BlastSkillParamData.BlastDemoBranchConditions[0].bTrueIfAllApply,true
BlastSkill2_3120_04,BlastSkillParamData.BlastDemoBranchConditions[0].MyselfRemainingHP,0
BlastSkill2_3120_04,BlastSkillParamData.BlastDemoBranchConditions[0].ExParam,-1
BlastSkill2_3120_04,BlastSkillParamData.BlastDemoBranchConditions[0].SpDerivationType,EBlastDemoSpDerivationType::Unspecified
BlastSkill2_3120_04,BlastSkillParamData.BlastDemoBranchConditions[0].VictoryAppealWarpType,EVictoryAppealWarpType::MyselfSafeArea
BlastSkill2_3120_04,BlastSkillParamData.MoveLimitTime,1
BlastSkill2_3120_04,BlastGroup,GR0000_43B2
BlastForte1_3120_04,ExpendBlastStock,3
BlastForte1_3120_04,TriggerExpendBlastStock,3
BlastForte1_3120_04,BlastForteParamData.Type,爆破
BlastForte1_3120_04,BlastForteParamData.bInterruptibleExplosion,true
BlastForte1_3120_04,BlastForteParamData.bInterruptibleBarrier,true
BlastForte1_3120_04,BlastForteParamData.bTurnBeforeTransition,false
BlastForte2_3120_04,ExpendBlastStock,4
BlastForte2_3120_04,TriggerExpendBlastStock,4
BlastForte2_3120_04,BlastForteParamData.Type,特殊
BlastForte2_3120_04,BlastForteParamData.bNoAutoGuard,true
BlastUltimate_3120_04,ExpendEnergy,50000
BlastUltimate_3120_04,TriggerExpendEnergy,50000
BlastUltimate_3120_04,bCanBlastImpact,true
BlastUltimate_3120_04,BlastImpactPower,9
BlastUltimate_3120_04,BlastUltimateParamData.bMapChangeEscapeEvenet,true
BlastUltimate_3120_04,BlastUltimateParamData.bMapChangeDestruct,true
BlastUltimate_3120_04,BlastUltimateParamData.BlastDemoBranchConditions[0].BranchType,ESSBlastDemoBranchType::Giant
BlastUltimate_3120_04,BlastUltimateParamData.BlastDemoBranchConditions[0].SortId,13
BlastUltimate_3120_04,BlastUltimateParamData.BlastDemoBranchConditions[0].bTrueIfAllApply,true
BlastUltimate_3120_04,BlastUltimateParamData.BlastDemoBranchConditions[0].MyselfRemainingHP,0
BlastUltimate_3120_04,BlastUltimateParamData.BlastDemoBranchConditions[0].ExParam,-1
BlastUltimate_3120_04,BlastUltimateParamData.BlastDemoBranchConditions[0].SpDerivationType,EBlastDemoSpDerivationType::Unspecified
BlastUltimate_3120_04,BlastUltimateParamData.BlastDemoBranchConditions[0].VictoryAppealWarpType,EVictoryAppealWarpType::MyselfSafeArea
BlastUltimate_3120_04,BlastGroup,GR0000_00B1
BlastSkill1_3140_00,ExpendEnergy,30000
BlastSkill1_3140_00,TriggerExpendEnergy,30000
BlastSkill1_3140_00,bCanBlastImpact,true
BlastSkill1_3140_00,BlastImpactPower,5
BlastSkill1_3140_00,bWeakSpecialShield,true
BlastSkill1_3140_00,BlastSkillParamData.bMapChangeEscapeEvenet,true
BlastSkill1_3140_00,BlastSkillParamData.SuperZCounterType,EKoratSuperZCounterType::Repel
BlastSkill1_3140_00,BlastGroup,GR0080_00B1
BlastSkill2_3140_00,LungeSpeed,10000
BlastSkill2_3140_00,ExpendEnergy,40000
BlastSkill2_3140_00,TriggerExpendEnergy,40000
BlastSkill2_3140_00,bCanSpeedImpact,true
BlastSkill2_3140_00,BlastSkillParamData.Type,突進格闘
BlastSkill2_3140_00,BlastSkillParamData.bImpossibleGuard,true
BlastSkill2_3140_00,BlastSkillParamData.bKamehameHa,false
BlastSkill2_3140_00,BlastSkillParamData.bNonLockUsable,false
BlastSkill2_3140_00,BlastSkillParamData.MoveLimitTime,2
BlastSkill2_3140_00,BlastSkillParamData.MoveType,EBlastDashMoveType::ControllableTurn
BlastSkill2_3140_00,BlastGroup,GR1321_00B2
BlastForte1_3140_00,BlastForteParamData.Type,拘束
BlastForte1_3140_00,BlastForteParamData.bIsImpossileGuard,true
BlastForte1_3140_00,BlastForteParamData.bNoAutoGuard,true
BlastForte2_3140_00,ExpendBlastStock,4
BlastForte2_3140_00,TriggerExpendBlastStock,4
BlastForte2_3140_00,BlastForteParamData.Type,特殊
BlastForte2_3140_00,BlastForteParamData.bNoAutoGuard,true
BlastUltimate_3140_00,LungeSpeed,8750
BlastUltimate_3140_00,ExpendEnergy,50000
BlastUltimate_3140_00,TriggerExpendEnergy,50000
BlastUltimate_3140_00,bCanSpeedImpact,true
BlastUltimate_3140_00,BlastUltimateParamData.Type,突進格闘
BlastUltimate_3140_00,BlastUltimateParamData.bMapChangeDestructDemoGuard,false
BlastUltimate_3140_00,BlastUltimateParamData.bKamehameHa,false
BlastUltimate_3140_00,BlastUltimateParamData.bNonLockUsable,false
BlastUltimate_3140_00,BlastGroup,GR1321_00UB
BlastSkill1_3150_00,ExpendEnergy,30000
BlastSkill1_3150_00,TriggerExpendEnergy,30000
BlastSkill1_3150_00,bWeakSpecialShield,true
BlastSkill1_3150_00,BlastSkillParamData.BlastImpactCameraType,EKoratBlastImpactCameraType::Giant
BlastSkill1_3150_00,BlastGroup,GR0023_00B2
BlastSkill2_3150_00,ExpendEnergy,40000
BlastSkill2_3150_00,TriggerExpendEnergy,40000
BlastSkill2_3150_00,BlastSkillParamData.bMapChangeEscapeEvenet,true
BlastSkill2_3150_00,BlastSkillParamData.bBackstepWhenNearMode,false
BlastSkill2_3150_00,BlastSkillParamData.bTurnBeforeTransition,false
BlastSkill2_3150_00,BlastGroup,GR0002_31UB
BlastForte1_3150_00,ExpendBlastStock,4
BlastForte1_3150_00,TriggerExpendBlastStock,4
BlastForte1_3150_00,BlastForteParamData.Type,特殊
BlastForte1_3150_00,BlastForteParamData.bNoAutoGuard,true
BlastForte2_3150_00,ExpendBlastStock,4
BlastForte2_3150_00,TriggerExpendBlastStock,4
BlastForte2_3150_00,BlastForteParamData.Type,特殊
BlastForte2_3150_00,BlastForteParamData.bNoAutoGuard,true
BlastUltimate_3150_00,ExpendEnergy,50000
BlastUltimate_3150_00,TriggerExpendEnergy,50000
BlastUltimate_3150_00,bCanBlastImpact,true
BlastUltimate_3150_00,BlastImpactPower,12
BlastUltimate_3150_00,BlastUltimateParamData.bMapChangeEscapeEvenet,true
BlastUltimate_3150_00,BlastUltimateParamData.bMapChangeDestruct,true
BlastUltimate_3150_00,BlastUltimateParamData.bImpossibleGuard,true
BlastUltimate_3150_00,BlastUltimateParamData.BlastImpactCameraType,EKoratBlastImpactCameraType::Giant
BlastUltimate_3150_00,BlastUltimateParamData.SureToHitRange,500
BlastUltimate_3150_00,BlastGroup,GR0000_00UB
BlastSkill1_3160_00,ExpendEnergy,30000
BlastSkill1_3160_00,TriggerExpendEnergy,30000
BlastSkill1_3160_00,bCanBlastImpact,true
BlastSkill1_3160_00,BlastImpactPower,5
BlastSkill1_3160_00,bWeakSpecialShield,true
BlastSkill1_3160_00,BlastSkillParamData.bMapChangeEscapeEvenet,true
BlastSkill1_3160_00,BlastSkillParamData.SuperZCounterType,EKoratSuperZCounterType::Repel
BlastSkill1_3160_00,BlastSkillParamData.bTurnCGSection,true
BlastSkill1_3160_00,BlastGroup,GR0000_00B1
BlastSkill2_3160_00,LungeSpeed,8750
BlastSkill2_3160_00,ExpendEnergy,30000
BlastSkill2_3160_00,TriggerExpendEnergy,15000
BlastSkill2_3160_00,bCanSpeedImpact,true
BlastSkill2_3160_00,BlastSkillParamData.Type,突進格闘
BlastSkill2_3160_00,BlastSkillParamData.bNonLockUsable,false
BlastSkill2_3160_00,BlastSkillParamData.MoveLimitTime,2
BlastSkill2_3160_00,BlastSkillParamData.MoveType,EBlastDashMoveType::ControllableTarget
BlastSkill2_3160_00,BlastGroup,GR0000_22B2
BlastForte1_3160_00,BlastForteParamData.Type,残像拳
BlastForte1_3160_00,BlastForteParamData.bNoHitCheckCombatives,true
BlastForte2_3160_00,BlastForteParamData.Type,能力
BlastUltimate_3160_00,LungeSpeed,11700
BlastUltimate_3160_00,ExpendEnergy,50000
BlastUltimate_3160_00,TriggerExpendEnergy,50000
BlastUltimate_3160_00,bCanSpeedImpact,true
BlastUltimate_3160_00,BlastUltimateParamData.Type,突進格闘
BlastUltimate_3160_00,BlastUltimateParamData.bNonLockUsable,false
BlastSkill1_3170_00,ExpendEnergy,30000
BlastSkill1_3170_00,TriggerExpendEnergy,30000
BlastSkill1_3170_00,bCanBlastImpact,true
BlastSkill1_3170_00,BlastImpactPower,5
BlastSkill1_3170_00,bWeakSpecialShield,true
BlastSkill1_3170_00,BlastSkillParamData.bMapChangeEscapeEvenet,true
BlastSkill1_3170_00,BlastSkillParamData.SuperZCounterType,EKoratSuperZCounterType::Repel
BlastSkill1_3170_00,BlastGroup,GR0040_20B1
BlastSkill2_3170_00,LungeSpeed,10000
BlastSkill2_3170_00,ExpendEnergy,30000
BlastSkill2_3170_00,TriggerExpendEnergy,15000
BlastSkill2_3170_00,bCanSpeedImpact,true
BlastSkill2_3170_00,BlastSkillParamData.Type,突進格闘
BlastSkill2_3170_00,BlastSkillParamData.bNonLockUsable,false
BlastSkill2_3170_00,BlastSkillParamData.MoveLimitTime,1.5
BlastSkill2_3170_00,BlastSkillParamData.MoveType,EBlastDashMoveType::ControllableTarget
BlastSkill2_3170_00,BlastGroup,GR0080_10B2
BlastForte1_3170_00,ExpendBlastStock,3
BlastForte1_3170_00,TriggerExpendBlastStock,3
BlastForte1_3170_00,BlastForteParamData.Type,残像拳
BlastForte2_3170_00,BlastForteParamData.Type,拘束
BlastForte2_3170_00,BlastForteParamData.bIsImpossileGuard,true
BlastForte2_3170_00,BlastForteParamData.bNoAutoGuard,true
BlastUltimate_3170_00,ExpendEnergy,50000
BlastUltimate_3170_00,TriggerExpendEnergy,50000
BlastUltimate_3170_00,bCanBlastImpact,true
BlastUltimate_3170_00,BlastImpactPower,9
BlastUltimate_3170_00,BlastUltimateParamData.bMapChangeEscapeEvenet,true
BlastUltimate_3170_00,BlastGroup,GR0310_00UB
BlastSkill1_3190_00,ExpendEnergy,30000
BlastSkill1_3190_00,TriggerExpendEnergy,30000
BlastSkill1_3190_00,bCanBlastImpact,true
BlastSkill1_3190_00,BlastImpactPower,5
BlastSkill1_3190_00,bWeakSpecialShield,true
BlastSkill1_3190_00,BlastSkillParamData.bMapChangeEscapeEvenet,true
BlastSkill1_3190_00,BlastSkillParamData.bKamehameHa,false
BlastSkill1_3190_00,BlastSkillParamData.SuperZCounterType,EKoratSuperZCounterType::Repel
BlastSkill1_3190_00,BlastGroup,GR0040_20B1
BlastSkill2_3190_00,ExpendEnergy,30000
BlastSkill2_3190_00,TriggerExpendEnergy,30000
BlastSkill2_3190_00,bWeakSpecialShield,true
BlastSkill2_3190_00,BlastSkillParamData.Type,特殊
BlastSkill2_3190_00,BlastSkillParamData.TransitionConditionFinishedBulletCount,6
BlastSkill2_3190_00,BlastGroup,GR0050_00B2
BlastForte1_3190_00,BlastForteParamData.Type,残像拳
BlastForte1_3190_00,BlastForteParamData.bNoHitCheckCombatives,true
BlastForte2_3190_00,BlastForteParamData.Type,能力
BlastUltimate_3190_00,LungeSpeed,11700
BlastUltimate_3190_00,ExpendEnergy,50000
BlastUltimate_3190_00,TriggerExpendEnergy,50000
BlastUltimate_3190_00,bCanSpeedImpact,true
BlastUltimate_3190_00,BlastUltimateParamData.Type,突進格闘
BlastUltimate_3190_00,BlastUltimateParamData.bKamehameHa,false
BlastUltimate_3190_00,BlastUltimateParamData.bNonLockUsable,false
BlastUltimate_3190_00,BlastUltimateParamData.MoveLimitTime,1.5
BlastUltimate_3190_00,BlastGroup,GR0130_00UB
BlastSkill1_3270_00,ExpendEnergy,30000
BlastSkill1_3270_00,TriggerExpendEnergy,30000
BlastSkill1_3270_00,bCanBlastImpact,true
BlastSkill1_3270_00,BlastImpactPower,5
BlastSkill1_3270_00,bWeakSpecialShield,true
BlastSkill1_3270_00,BlastSkillParamData.SuperZCounterType,EKoratSuperZCounterType::Repel
BlastSkill1_3270_00,BlastGroup,GR0020_11UB
BlastSkill2_3270_00,LungeSpeed,10000
BlastSkill2_3270_00,ExpendEnergy,30000
BlastSkill2_3270_00,TriggerExpendEnergy,15000
BlastSkill2_3270_00,bCanSpeedImpact,true
BlastSkill2_3270_00,BlastSkillParamData.Type,突進格闘
BlastSkill2_3270_00,BlastSkillParamData.bNonLockUsable,false
BlastSkill2_3270_00,BlastSkillParamData.MoveLimitTime,1
BlastSkill2_3270_00,BlastSkillParamData.MoveType,EBlastDashMoveType::ControllableTarget
BlastSkill2_3270_00,BlastGroup,GR0000_00B2
BlastForte1_3270_00,BlastForteParamData.Type,爆破
BlastForte1_3270_00,BlastForteParamData.bInterruptibleExplosion,true
BlastForte1_3270_00,BlastForteParamData.bInterruptibleBarrier,true
BlastForte1_3270_00,BlastForteParamData.bTurnBeforeTransition,false
BlastForte2_3270_00,BlastForteParamData.Type,能力
BlastUltimate_3270_00,ExpendEnergy,50000
BlastUltimate_3270_00,TriggerExpendEnergy,50000
BlastUltimate_3270_00,bCanBlastImpact,true
BlastUltimate_3270_00,BlastImpactPower,9
BlastUltimate_3270_00,BlastUltimateParamData.bMapChangeEscapeEvenet,true
BlastUltimate_3270_00,BlastGroup,GR0020_50UB
BlastSkill1_3270_01,ExpendEnergy,30000
BlastSkill1_3270_01,TriggerExpendEnergy,30000
BlastSkill1_3270_01,bCanBlastImpact,true
BlastSkill1_3270_01,BlastImpactPower,5
BlastSkill1_3270_01,bWeakSpecialShield,true
BlastSkill1_3270_01,BlastSkillParamData.bMapChangeEscapeEvenet,true
BlastSkill1_3270_01,BlastSkillParamData.SuperZCounterType,EKoratSuperZCounterType::Repel
BlastSkill1_3270_01,BlastGroup,GR0040_20B1
BlastSkill2_3270_01,LungeSpeed,11700
BlastSkill2_3270_01,ExpendEnergy,30000
BlastSkill2_3270_01,TriggerExpendEnergy,15000
BlastSkill2_3270_01,bCanSpeedImpact,true
BlastSkill2_3270_01,BlastSkillParamData.Type,突進格闘
BlastSkill2_3270_01,BlastSkillParamData.bKamehameHa,false
BlastSkill2_3270_01,BlastSkillParamData.bNonLockUsable,false
BlastSkill2_3270_01,BlastSkillParamData.MoveLimitTime,2
BlastSkill2_3270_01,BlastSkillParamData.MoveType,EBlastDashMoveType::ControllableTarget
BlastSkill2_3270_01,BlastGroup,GR0032_20B2
BlastForte1_3270_01,BlastForteParamData.Type,残像拳
BlastForte2_3270_01,ExpendBlastStock,4
BlastForte2_3270_01,TriggerExpendBlastStock,4
BlastForte2_3270_01,BlastForteParamData.Type,特殊
BlastForte2_3270_01,BlastForteParamData.bNoAutoGuard,true
BlastUltimate_3270_01,ExpendEnergy,50000
BlastUltimate_3270_01,TriggerExpendEnergy,50000
BlastUltimate_3270_01,BlastUltimateParamData.bMapChangeEscapeEvenet,true
BlastUltimate_3270_01,BlastUltimateParamData.bKamehameHa,false
BlastUltimate_3270_01,BlastUltimateParamData.SureToHitRange,500
BlastUltimate_3270_01,BlastUltimateParamData.bBackstepWhenNearMode,false
BlastUltimate_3270_01,BlastGroup,GR0002_31UB
BlastSkill1_3280_00,ExpendEnergy,30000
BlastSkill1_3280_00,TriggerExpendEnergy,30000
BlastSkill1_3280_00,bCanBlastImpact,true
BlastSkill1_3280_00,BlastImpactPower,5
BlastSkill1_3280_00,bWeakSpecialShield,true
BlastSkill1_3280_00,BlastSkillParamData.bMapChangeEscapeEvenet,true
BlastSkill1_3280_00,BlastSkillParamData.SuperZCounterType,EKoratSuperZCounterType::Repel
BlastSkill1_3280_00,BlastSkillParamData.bTurnCGSection,true
BlastSkill1_3280_00,BlastGroup,GR0040_20B1
BlastSkill2_3280_00,ExpendEnergy,40000
BlastSkill2_3280_00,TriggerExpendEnergy,40000
BlastSkill2_3280_00,BlastSkillParamData.bMapChangeEscapeEvenet,true
BlastSkill2_3280_00,BlastSkillParamData.SureToHitRange,500
BlastSkill2_3280_00,BlastSkillParamData.bBackstepWhenNearMode,false
BlastSkill2_3280_00,BlastSkillParamData.bTurnBeforeTransition,false
BlastSkill2_3280_00,BlastGroup,GR0110_00B2
BlastForte1_3280_00,BlastForteParamData.Type,残像拳
BlastForte2_3280_00,BlastForteParamData.Type,能力
BlastUltimate_3280_00,LungeSpeed,8750
BlastUltimate_3280_00,ExpendEnergy,50000
BlastUltimate_3280_00,TriggerExpendEnergy,50000
BlastUltimate_3280_00,bCanSpeedImpact,true
BlastUltimate_3280_00,SupportCharacters[0].bInheritDamageModel,false
BlastUltimate_3280_00,SupportCharacters[0].bInheritEquipItems,false
BlastUltimate_3280_00,SupportCharacters[0].CostumeDamageLv,0
BlastUltimate_3280_00,SupportCharacters[0].CostumeScratchLv,0
BlastUltimate_3280_00,SupportCharacters[0].bIsSubCharacterCostume,true
BlastUltimate_3280_00,SupportCharacters[0].bIsSubCharacterEquipItems,true
BlastUltimate_3280_00,SupportCharacters[1].bInheritDamageModel,false
BlastUltimate_3280_00,SupportCharacters[1].bInheritEquipItems,false
BlastUltimate_3280_00,SupportCharacters[1].CostumeDamageLv,0
BlastUltimate_3280_00,SupportCharacters[1].CostumeScratchLv,0
BlastUltimate_3280_00,SupportCharacters[1].bIsSubCharacterCostume,true
BlastUltimate_3280_00,SupportCharacters[1].bIsSubCharacterEquipItems,true
BlastUltimate_3280_00,BlastUltimateParamData.Type,突進格闘
BlastUltimate_3280_00,BlastUltimateParamData.bNonLockUsable,false
BlastUltimate_3280_00,BlastUltimateParamData.MoveLimitTime,2
BlastUltimate_3280_00,BlastUltimateParamData.MoveType,EBlastDashMoveType::ControllableTarget
BlastUltimate_3280_00,BlastGroup,GR0000_41UB
BlastSkill1_3280_01,ExpendEnergy,30000
BlastSkill1_3280_01,TriggerExpendEnergy,30000
BlastSkill1_3280_01,bCanBlastImpact,true
BlastSkill1_3280_01,BlastImpactPower,5
BlastSkill1_3280_01,bWeakSpecialShield,true
BlastSkill1_3280_01,BlastSkillParamData.bMapChangeEscapeEvenet,true
BlastSkill1_3280_01,BlastSkillParamData.bKamehameHa,false
BlastSkill1_3280_01,BlastSkillParamData.SuperZCounterType,EKoratSuperZCounterType::Repel
BlastSkill1_3280_01,BlastGroup,GR0080_00B1
BlastSkill2_3280_01,LungeSpeed,10000
BlastSkill2_3280_01,ExpendEnergy,30000
BlastSkill2_3280_01,TriggerExpendEnergy,15000
BlastSkill2_3280_01,bCanSpeedImpact,true
BlastSkill2_3280_01,BlastSkillParamData.Type,突進格闘
BlastSkill2_3280_01,BlastSkillParamData.bNonLockUsable,false
BlastSkill2_3280_01,BlastSkillParamData.MoveLimitTime,1.5
BlastSkill2_3280_01,BlastSkillParamData.MoveType,EBlastDashMoveType::ControllableTarget
BlastSkill2_3280_01,BlastGroup,GR0000_00B2
BlastForte1_3280_01,BlastForteParamData.Type,爆破
BlastForte1_3280_01,BlastForteParamData.bInterruptibleExplosion,true
BlastForte1_3280_01,BlastForteParamData.bInterruptibleBarrier,true
BlastForte1_3280_01,BlastForteParamData.bTurnBeforeTransition,false
BlastForte2_3280_01,ExpendBlastStock,4
BlastForte2_3280_01,TriggerExpendBlastStock,4
BlastForte2_3280_01,BlastForteParamData.Type,特殊
BlastForte2_3280_01,BlastForteParamData.bNoAutoGuard,true
BlastUltimate_3280_01,LungeSpeed,11700
BlastUltimate_3280_01,ExpendEnergy,50000
BlastUltimate_3280_01,TriggerExpendEnergy,50000
BlastUltimate_3280_01,bCanSpeedImpact,true
BlastUltimate_3280_01,SupportCharacters[0].bInheritDamageModel,false
BlastUltimate_3280_01,SupportCharacters[0].bInheritEquipItems,false
BlastUltimate_3280_01,SupportCharacters[0].CostumeDamageLv,0
BlastUltimate_3280_01,SupportCharacters[0].CostumeScratchLv,0
BlastUltimate_3280_01,SupportCharacters[0].bIsSubCharacterCostume,true
BlastUltimate_3280_01,SupportCharacters[0].bIsSubCharacterEquipItems,true
BlastUltimate_3280_01,BlastUltimateParamData.Type,突進格闘
BlastUltimate_3280_01,BlastUltimateParamData.bNonLockUsable,false
BlastUltimate_3280_01,BlastUltimateParamData.MoveLimitTime,1.5
BlastUltimate_3280_01,BlastUltimateParamData.MoveType,EBlastDashMoveType::ControllableTarget
BlastUltimate_3280_01,BlastGroup,GR0000_41UB
BlastSkill1_3290_00,ExpendEnergy,30000
BlastSkill1_3290_00,TriggerExpendEnergy,30000
BlastSkill1_3290_00,bCanBlastImpact,true
BlastSkill1_3290_00,BlastImpactPower,5
BlastSkill1_3290_00,bWeakSpecialShield,true
BlastSkill1_3290_00,BlastSkillParamData.SuperZCounterType,EKoratSuperZCounterType::Repel
BlastSkill1_3290_00,BlastGroup,GR0400_00B1
BlastSkill2_3290_00,ExpendEnergy,30000
BlastSkill2_3290_00,TriggerExpendEnergy,30000
BlastSkill2_3290_00,bWeakSpecialShield,true
BlastSkill2_3290_00,BlastGroup,GR0002_31B2
BlastForte1_3290_00,BlastForteParamData.Type,爆破
BlastForte1_3290_00,BlastForteParamData.bInterruptibleExplosion,true
BlastForte1_3290_00,BlastForteParamData.bInterruptibleBarrier,true
BlastForte1_3290_00,BlastForteParamData.bTurnBeforeTransition,false
BlastForte2_3290_00,BlastForteParamData.Type,能力
BlastUltimate_3290_00,LungeSpeed,10000
BlastUltimate_3290_00,ExpendEnergy,50000
BlastUltimate_3290_00,TriggerExpendEnergy,50000
BlastUltimate_3290_00,bCanSpeedImpact,true
BlastUltimate_3290_00,SupportCharacters[0].bInheritDamageModel,false
BlastUltimate_3290_00,SupportCharacters[0].bInheritEquipItems,false
BlastUltimate_3290_00,SupportCharacters[0].CostumeDamageLv,0
BlastUltimate_3290_00,SupportCharacters[0].CostumeScratchLv,0
BlastUltimate_3290_00,SupportCharacters[0].bIsSubCharacterCostume,true
BlastUltimate_3290_00,SupportCharacters[0].bIsSubCharacterEquipItems,true
BlastUltimate_3290_00,BlastUltimateParamData.Type,突進格闘
BlastUltimate_3290_00,BlastUltimateParamData.bNonLockUsable,false
BlastUltimate_3290_00,BlastUltimateParamData.MoveLimitTime,2
BlastUltimate_3290_00,BlastUltimateParamData.MoveType,EBlastDashMoveType::ControllableTarget
BlastUltimate_3290_00,BlastGroup,GR0450_00UB
BlastSkill1_3300_00,ExpendEnergy,30000
BlastSkill1_3300_00,TriggerExpendEnergy,30000
BlastSkill1_3300_00,bCanBlastImpact,true
BlastSkill1_3300_00,BlastImpactPower,5
BlastSkill1_3300_00,bWeakSpecialShield,true
BlastSkill1_3300_00,BlastSkillParamData.SuperZCounterType,EKoratSuperZCounterType::Repel
BlastSkill1_3300_00,BlastSkillParamData.bTurnCGSection,true
BlastSkill1_3300_00,BlastGroup,GR0000_00B1
BlastSkill2_3300_00,LungeSpeed,11700
BlastSkill2_3300_00,ExpendEnergy,30000
BlastSkill2_3300_00,TriggerExpendEnergy,15000
BlastSkill2_3300_00,bCanSpeedImpact,true
BlastSkill2_3300_00,BlastSkillParamData.Type,突進格闘
BlastSkill2_3300_00,BlastSkillParamData.bNonLockUsable,false
BlastSkill2_3300_00,BlastSkillParamData.MoveLimitTime,2
BlastSkill2_3300_00,BlastSkillParamData.MoveType,EBlastDashMoveType::ControllableTarget
BlastSkill2_3300_00,BlastGroup,GR0000_00B2
BlastForte1_3300_00,BlastForteParamData.bIsImpossileGuard,true
BlastForte1_3300_00,BlastForteParamData.bNoAutoGuard,true
BlastForte2_3300_00,BlastForteParamData.Type,残像拳
BlastForte2_3300_00,BlastForteParamData.bNoHitCheckCombatives,true
BlastUltimate_3300_00,LungeSpeed,11700
BlastUltimate_3300_00,ExpendEnergy,50000
BlastUltimate_3300_00,TriggerExpendEnergy,50000
BlastUltimate_3300_00,bCanSpeedImpact,true
BlastUltimate_3300_00,BlastUltimateParamData.Type,突進格闘
BlastUltimate_3300_00,BlastUltimateParamData.bKamehameHa,false
BlastUltimate_3300_00,BlastUltimateParamData.bNonLockUsable,false
BlastUltimate_3300_00,BlastUltimateParamData.MoveLimitTime,1.5
BlastUltimate_3300_00,BlastGroup,GR0000_00B1
BlastSkill1_3310_00,ExpendEnergy,30000
BlastSkill1_3310_00,TriggerExpendEnergy,30000
BlastSkill1_3310_00,bWeakSpecialShield,true
BlastSkill1_3310_00,BlastSkillParamData.bMapChangeEscapeEvenet,true
BlastSkill1_3310_00,BlastGroup,GR0881_00B1
BlastSkill2_3310_00,ExpendEnergy,30000
BlastSkill2_3310_00,TriggerExpendEnergy,30000
BlastSkill2_3310_00,bCanBlastImpact,true
BlastSkill2_3310_00,BlastImpactPower,5
BlastSkill2_3310_00,bWeakSpecialShield,true
BlastSkill2_3310_00,BlastSkillParamData.SuperZCounterType,EKoratSuperZCounterType::Repel
BlastSkill2_3310_00,BlastGroup,GR0400_00B1
BlastForte1_3310_00,BlastForteParamData.Type,拘束
BlastForte1_3310_00,BlastForteParamData.bIsImpossileGuard,true
BlastForte1_3310_00,BlastForteParamData.bNoAutoGuard,true
BlastForte2_3310_00,BlastForteParamData.Type,残像拳
BlastForte2_3310_00,BlastForteParamData.bNoHitCheckCombatives,true
BlastUltimate_3310_00,ExpendEnergy,50000
BlastUltimate_3310_00,TriggerExpendEnergy,50000
BlastUltimate_3310_00,BlastUltimateParamData.bMapChangeEscapeEvenet,true
BlastUltimate_3310_00,BlastUltimateParamData.bKamehameHa,false
BlastUltimate_3310_00,BlastUltimateParamData.SureToHitRange,500
BlastUltimate_3310_00,BlastUltimateParamData.bBackstepWhenNearMode,false
BlastUltimate_3310_00,BlastGroup,GR0002_31UB
BlastSkill1_3310_10,ExpendEnergy,30000
BlastSkill1_3310_10,TriggerExpendEnergy,30000
BlastSkill1_3310_10,bCanBlastImpact,true
BlastSkill1_3310_10,BlastImpactPower,5
BlastSkill1_3310_10,bWeakSpecialShield,true
BlastSkill1_3310_10,BlastSkillParamData.bMapChangeEscapeEvenet,true
BlastSkill1_3310_10,BlastSkillParamData.BlastImpactCameraType,EKoratBlastImpactCameraType::Giant
BlastSkill1_3310_10,BlastSkillParamData.SuperZCounterType,EKoratSuperZCounterType::Repel
BlastSkill1_3310_10,BlastGroup,GR0040_20B1
BlastSkill2_3310_10,ExpendEnergy,40000
BlastSkill2_3310_10,TriggerExpendEnergy,40000
BlastSkill2_3310_10,BlastSkillParamData.bMapChangeEscapeEvenet,true
BlastSkill2_3310_10,BlastSkillParamData.BlastImpactCameraType,EKoratBlastImpactCameraType::Giant
BlastSkill2_3310_10,BlastSkillParamData.SureToHitRange,500
BlastSkill2_3310_10,BlastSkillParamData.bBackstepWhenNearMode,false
BlastSkill2_3310_10,BlastSkillParamData.bTurnBeforeTransition,false
BlastSkill2_3310_10,BlastGroup,GR0110_00B2
BlastForte1_3310_10,BlastForteParamData.Type,能力
BlastForte2_3310_10,BlastForteParamData.Type,能力
BlastUltimate_3310_10,LungeSpeed,6750
BlastUltimate_3310_10,ExpendEnergy,50000
BlastUltimate_3310_10,TriggerExpendEnergy,50000
BlastUltimate_3310_10,BlastImpactPower,9
BlastUltimate_3310_10,BlastUltimateParamData.Type,投げ
BlastUltimate_3310_10,BlastUltimateParamData.bImpossibleGuard,true
BlastUltimate_3310_10,BlastUltimateParamData.bNonLockUsable,false
BlastUltimate_3310_10,BlastUltimateParamData.BlastDemoBranchConditions[0].BranchType,ESSBlastDemoBranchType::Giant
BlastUltimate_3310_10,BlastUltimateParamData.BlastDemoBranchConditions[0].SortId,11
BlastUltimate_3310_10,BlastUltimateParamData.BlastDemoBranchConditions[0].bTrueIfAllApply,true
BlastUltimate_3310_10,BlastUltimateParamData.BlastDemoBranchConditions[0].MyselfRemainingHP,0
BlastUltimate_3310_10,BlastUltimateParamData.BlastDemoBranchConditions[0].ExParam,-1
BlastUltimate_3310_10,BlastUltimateParamData.BlastDemoBranchConditions[0].SpDerivationType,EBlastDemoSpDerivationType::Unspecified
BlastUltimate_3310_10,BlastUltimateParamData.BlastDemoBranchConditions[0].VictoryAppealWarpType,EVictoryAppealWarpType::MyselfSafeArea
BlastUltimate_3310_10,BlastUltimateParamData.BlastImpactCameraType,EKoratBlastImpactCameraType::Giant
BlastUltimate_3310_10,BlastUltimateParamData.SureToHitRange,500
BlastUltimate_3310_10,BlastUltimateParamData.bBackstepWhenNearMode,false
BlastUltimate_3310_10,BlastGroup,GR0591_00UB
BlastSkill1_3320_00,ExpendEnergy,20000
BlastSkill1_3320_00,TriggerExpendEnergy,20000
BlastSkill1_3320_00,bWeakSpecialShield,true
BlastSkill1_3320_00,BlastSkillParamData.bMapChangeEscapeEvenet,true
BlastSkill1_3320_00,BlastGroup,GR0070_00B1
BlastSkill2_3320_00,LungeSpeed,10000
BlastSkill2_3320_00,ExpendEnergy,30000
BlastSkill2_3320_00,TriggerExpendEnergy,15000
BlastSkill2_3320_00,bCanSpeedImpact,true
BlastSkill2_3320_00,BlastSkillParamData.Type,突進格闘
BlastSkill2_3320_00,BlastSkillParamData.bNonLockUsable,false
BlastSkill2_3320_00,BlastSkillParamData.MoveLimitTime,1.5
BlastSkill2_3320_00,BlastSkillParamData.MoveType,EBlastDashMoveType::ControllableTarget
BlastSkill2_3320_00,BlastGroup,GR0080_10B2
BlastForte1_3320_00,BlastForteParamData.bIsImpossileGuard,true
BlastForte1_3320_00,BlastForteParamData.bNoAutoGuard,true
BlastForte2_3320_00,BlastForteParamData.Type,能力
BlastUltimate_3320_00,LungeSpeed,10000
BlastUltimate_3320_00,ExpendEnergy,50000
BlastUltimate_3320_00,TriggerExpendEnergy,50000
BlastUltimate_3320_00,bCanSpeedImpact,true
BlastUltimate_3320_00,SupportCharacters[0].bInheritDamageModel,true
BlastUltimate_3320_00,SupportCharacters[0].bInheritEquipItems,true
BlastUltimate_3320_00,SupportCharacters[0].CostumeDamageLv,0
BlastUltimate_3320_00,SupportCharacters[0].CostumeScratchLv,0
BlastUltimate_3320_00,SupportCharacters[0].bIsSubCharacterCostume,false
BlastUltimate_3320_00,SupportCharacters[0].bIsSubCharacterEquipItems,false
BlastUltimate_3320_00,SupportCharacters[1].bInheritDamageModel,true
BlastUltimate_3320_00,SupportCharacters[1].bInheritEquipItems,true
BlastUltimate_3320_00,SupportCharacters[1].CostumeDamageLv,0
BlastUltimate_3320_00,SupportCharacters[1].CostumeScratchLv,0
BlastUltimate_3320_00,SupportCharacters[1].bIsSubCharacterCostume,false
BlastUltimate_3320_00,SupportCharacters[1].bIsSubCharacterEquipItems,false
BlastUltimate_3320_00,SupportCharacters[2].bInheritDamageModel,true
BlastUltimate_3320_00,SupportCharacters[2].bInheritEquipItems,true
BlastUltimate_3320_00,SupportCharacters[2].CostumeDamageLv,0
BlastUltimate_3320_00,SupportCharacters[2].CostumeScratchLv,0
BlastUltimate_3320_00,SupportCharacters[2].bIsSubCharacterCostume,false
BlastUltimate_3320_00,SupportCharacters[2].bIsSubCharacterEquipItems,false
BlastUltimate_3320_00,BlastUltimateParamData.Type,突進格闘
BlastUltimate_3320_00,BlastUltimateParamData.bNonLockUsable,false
BlastUltimate_3320_00,BlastUltimateParamData.MoveLimitTime,1.5
BlastUltimate_3320_00,BlastUltimateParamData.MoveType,EBlastDashMoveType::ControllableTarget
BlastUltimate_3320_00,BlastGroup,GR0000_41UB
BlastSkill1_3330_00,ExpendEnergy,20000
BlastSkill1_3330_00,TriggerExpendEnergy,20000
BlastSkill1_3330_00,BlastSkillParamData.bMapChangeEscapeEvenet,true
BlastSkill1_3330_00,BlastSkillParamData.SuperZCounterType,EKoratSuperZCounterType::Erase
BlastSkill1_3330_00,BlastSkillParamData.bBackstepWhenNearMode,false
BlastSkill1_3330_00,BlastGroup,GR0040_00B1
BlastSkill2_3330_00,LungeSpeed,11700
BlastSkill2_3330_00,ExpendEnergy,30000
BlastSkill2_3330_00,TriggerExpendEnergy,15000
BlastSkill2_3330_00,bCanSpeedImpact,true
BlastSkill2_3330_00,BlastSkillParamData.Type,突進格闘
BlastSkill2_3330_00,BlastSkillParamData.bNonLockUsable,false
BlastSkill2_3330_00,BlastSkillParamData.MoveLimitTime,1
BlastSkill2_3330_00,BlastSkillParamData.MoveType,EBlastDashMoveType::ControllableTarget
BlastSkill2_3330_00,BlastGroup,GR0080_10B2
BlastForte1_3330_00,BlastForteParamData.Type,能力
BlastForte2_3330_00,BlastForteParamData.Type,特殊
BlastForte2_3330_00,BlastForteParamData.bNoAutoGuard,true
BlastUltimate_3330_00,LungeSpeed,11700
BlastUltimate_3330_00,ExpendEnergy,50000
BlastUltimate_3330_00,TriggerExpendEnergy,50000
BlastUltimate_3330_00,bCanSpeedImpact,true
BlastUltimate_3330_00,BlastUltimateParamData.Type,突進格闘
BlastUltimate_3330_00,BlastUltimateParamData.bKamehameHa,false
BlastUltimate_3330_00,BlastUltimateParamData.bNonLockUsable,false
BlastUltimate_3330_00,BlastUltimateParamData.MoveLimitTime,1
BlastUltimate_3330_00,BlastGroup,GR0210_00UB
BlastSkill1_3350_00,ExpendEnergy,30000
BlastSkill1_3350_00,TriggerExpendEnergy,30000
BlastSkill1_3350_00,MaxChargeDamageRate,1.8
BlastSkill1_3350_00,bWeakSpecialShield,true
BlastSkill1_3350_00,BlastGroup,GR0002_31B2
BlastSkill2_3350_00,ExpendEnergy,20000
BlastSkill2_3350_00,TriggerExpendEnergy,20000
BlastSkill2_3350_00,BlastGroup,GR0700_00B2
BlastForte1_3350_00,ExpendBlastStock,4
BlastForte1_3350_00,TriggerExpendBlastStock,4
BlastForte1_3350_00,BlastForteParamData.Type,能力
BlastForte1_3350_00,BlastForteParamData.bNoAutoGuard,true
BlastForte2_3350_00,BlastForteParamData.Type,能力
BlastUltimate_3350_00,ExpendEnergy,50000
BlastUltimate_3350_00,TriggerExpendEnergy,50000
BlastUltimate_3350_00,bCanBlastImpact,true
BlastUltimate_3350_00,BlastImpactPower,8
BlastUltimate_3350_00,BlastUltimateParamData.bMapChangeEscapeEvenet,true
BlastUltimate_3350_00,BlastUltimateParamData.bKamehameHa,false
BlastUltimate_3350_00,BlastGroup,GR0320_00UB
BlastSkill1_3360_00,ExpendEnergy,20000
BlastSkill1_3360_00,TriggerExpendEnergy,20000
BlastSkill1_3360_00,bWeakSpecialShield,true
BlastSkill1_3360_00,BlastSkillParamData.bKamehameHa,false
BlastSkill1_3360_00,BlastGroup,GR0150_00B1
BlastSkill2_3360_00,ExpendEnergy,30000
BlastSkill2_3360_00,TriggerExpendEnergy,30000
BlastSkill2_3360_00,bWeakSpecialShield,true
BlastSkill2_3360_00,BlastGroup,GR0002_31B2
BlastForte1_3360_00,BlastForteParamData.Type,拘束
BlastForte1_3360_00,BlastForteParamData.bIsImpossileGuard,true
BlastForte1_3360_00,BlastForteParamData.bNoAutoGuard,true
BlastForte2_3360_00,BlastForteParamData.Type,能力
BlastUltimate_3360_00,ExpendEnergy,50000
BlastUltimate_3360_00,TriggerExpendEnergy,50000
BlastUltimate_3360_00,bCanBlastImpact,true
BlastUltimate_3360_00,BlastImpactPower,12
BlastUltimate_3360_00,BlastUltimateParamData.bMapChangeEscapeEvenet,true
BlastUltimate_3360_00,BlastUltimateParamData.bMapChangeDestruct,true
BlastUltimate_3360_00,BlastUltimateParamData.SureToHitRange,900
BlastUltimate_3360_00,BlastGroup,GR0150_00UB
