id,slot,key,file,nameKey,name
0000_00,BlastSkill1,,BlastSkill1_0000_00,ST_BLASTSKILL_0000_00_actSPM1,Kamehameha
0000_00,BlastSkill2,,BlastSkill2_0000_00,ST_BLASTSKILL_0000_00_actSPM2,Kaioken Attack
0000_00,BlastForte1,,BlastForte1_0000_00,ST_BlASTFORTE_001,Solar Flare
0000_00,BlastForte2,,BlastForte2_0000_00,ST_BlASTFORTE_024,Kaioken
0000_00,BlastUltimate,,BlastUltimate_0000_00,ST_BLASTULTIMATE_0000_00,Spirit Bomb
0000_00,BlastUltimate,ULT2,BlastUltimate2_0000_00_07,ST_BLASTULTIMATE_0000_00_01,Legendary Strike
0000_10,BlastSkill1,,BlastSkill1_0000_10,ST_BLASTSKILL_0000_10_actSPM1,x20 Kaioken Kamehameha
0000_10,BlastSkill2,,BlastSkill2_0000_10,ST_BLASTSKILL_0000_10_actSPM2,Kaioken Rush
0000_10,BlastForte1,,BlastForte1_0000_10,ST_BlASTFORTE_065,Give Me Your Energy!
0000_10,BlastForte2,,BlastForte2_0000_10,ST_BlASTFORTE_086,I Can't Wait!
0000_10,BlastUltimate,,BlastUltimate_0000_10,ST_BLASTULTIMATE_0000_10,Spirit Bomb
0000_11,BlastSkill1,,BlastSkill1_0000_11,ST_BLASTSKILL_0000_11_actSPM1,Super Kamehameha
0000_11,BlastSkill2,,BlastSkill2_0000_11,ST_BLASTSKILL_0000_11_actSPM2,Meteor Smash
0000_11,BlastForte1,,BlastForte1_0000_11,ST_BlASTFORTE_055,Wild Sense
0000_11,BlastForte2,,BlastForte2_0000_11,ST_BlASTFORTE_073,Now I'm Angry!
0000_11,BlastUltimate,,BlastUltimate_0000_11,ST_BLASTULTIMATE_0000_11,Angry Kamehameha
0000_11,BlastUltimate,ULT2,BlastUltimate2_0000_11_07,ST_BLASTULTIMATE_0000_11_01,All-Out Kamehameha
0000_20,BlastSkill1,,BlastSkill1_0000_20,ST_BLASTSKILL_0000_20_actSPM1,Kamehameha
0000_20,BlastSkill2,,BlastSkill2_0000_20,ST_BLASTSKILL_0000_11_actSPM2,Meteor Smash
0000_20,BlastForte1,,BlastForte1_0000_20,ST_BlASTFORTE_000,Instant Transmission
0000_20,BlastForte2,,BlastForte2_0000_20,ST_BlASTFORTE_055,Wild Sense
0000_20,BlastUltimate,,BlastUltimate_0000_20,ST_BLASTULTIMATE_0000_40,Super Spirit Bomb
0000_20,BlastUltimate,ULT2,BlastUltimate2_0000_20_03,ST_BLASTULTIMATE_0000_20_01,Vanishing Meteor
0000_21,BlastSkill1,,BlastSkill1_0000_21,ST_BLASTSKILL_0000_21_actSPM1,Super Kamehameha
0000_21,BlastSkill2,,BlastSkill2_0000_21,ST_BLASTSKILL_0000_21_actSPM2,Super Energy Wave Combo
0000_21,BlastForte1,,BlastForte1_0000_21,ST_BlASTFORTE_055,Wild Sense
0000_21,BlastForte2,,BlastForte2_0000_21,ST_BlASTFORTE_060,Saiyan Spirit
0000_21,BlastUltimate,,BlastUltimate_0000_21,ST_BLASTULTIMATE_0000_21,Instant Transmission Kamehameha
0000_21,BlastUltimate,ULT2,BlastUltimate2_0000_21_05,ST_BLASTULTIMATE_0000_21_01,Legendary Smash
0000_22,BlastSkill1,,BlastSkill1_0000_22,ST_BLASTSKILL_0000_22_actSPM1,Instant Transmission Kamehameha
0000_22,BlastSkill2,,BlastSkill2_0000_22,ST_BLASTSKILL_0000_22_actSPM2,Meteor Crash
0000_22,BlastForte1,,BlastForte1_0000_22,ST_BlASTFORTE_000,Instant Transmission
0000_22,BlastForte2,,BlastForte2_0000_22,ST_BlASTFORTE_027,Full Power
0000_22,BlastUltimate,,BlastUltimate_0000_22,ST_BLASTULTIMATE_0000_22,Super Kamehameha
0000_23,BlastSkill1,,BlastSkill1_0000_23,ST_BLASTSKILL_0000_23_actSPM1,Super Kamehameha
0000_23,BlastSkill2,,BlastSkill2_0000_23,ST_BLASTSKILL_0000_23_actSPM2,Super Dragon Twin Fists
0000_23,BlastForte1,,BlastForte1_0000_23,ST_BlASTFORTE_000,Instant Transmission
0000_23,BlastForte2,,BlastForte2_0000_23,ST_BlASTFORTE_047,Power Up to the Very Limit
0000_23,BlastUltimate,,BlastUltimate_0000_23,ST_BLASTULTIMATE_0000_23,Dragon Fist
0000_33,BlastSkill1,,BlastSkill1_0000_33,ST_BLASTSKILL_0000_33_actSPM1,x10 Kamehameha
0000_33,BlastSkill2,,BlastSkill2_0000_33,ST_BLASTSKILL_0000_22_actSPM2,Meteor Crash
0000_33,BlastForte1,,BlastForte1_0000_33,ST_BlASTFORTE_000,Instant Transmission
0000_33,BlastForte2,,BlastForte2_0000_33,ST_BlASTFORTE_070,All I Need Is Five Seconds!
0000_33,BlastUltimate,,BlastUltimate_0000_33,ST_BLASTULTIMATE_0000_33,Dragon Fist
0000_40,BlastSkill1,,BlastSkill1_0000_40,ST_BLASTSKILL_0000_40_actSPM1,Super Kamehameha
0000_40,BlastSkill2,,BlastSkill2_0000_40,ST_BLASTSKILL_0000_40_actSPM2,Dragon Burst
0000_40,BlastForte1,,BlastForte1_0000_40,ST_BlASTFORTE_000,Instant Transmission
0000_40,BlastForte2,,BlastForte2_0000_40,ST_BlASTFORTE_107,All Fired Up
0000_40,BlastUltimate,,BlastUltimate_0000_40,ST_BLASTULTIMATE_0000_40,Super Spirit Bomb
0000_40,BlastSkill2,SPM4,BlastSkill4_0000_40,ST_BLASTSKILL_0000_40_actSPM3,Power Pole Dance
0000_40,BlastUltimate,ULT2,BlastUltimate2_0000_40_08,ST_BLASTULTIMATE_0000_40_01,Co-op Rising
0000_41,BlastSkill1,,BlastSkill1_0000_41,ST_BLASTSKILL_0000_41_actSPM1,Super Kamehameha
0000_41,BlastSkill2,,BlastSkill2_0000_41,ST_BLASTSKILL_0000_41_actSPM2,Dragon Blast
0000_41,BlastForte1,,BlastForte1_0000_41,ST_BlASTFORTE_055,Wild Sense
0000_41,BlastForte2,,BlastForte2_0000_41,ST_BlASTFORTE_109,All-Encompassing Power
0000_41,BlastUltimate,,BlastUltimate_0000_41,ST_BLASTULTIMATE_0000_41,Sonic Blast
0000_43,BlastSkill1,,BlastSkill1_0000_43,ST_BLASTSKILL_0000_43_actSPM1,God Kamehameha
0000_43,BlastSkill2,,BlastSkill2_0000_43,ST_BLASTSKILL_0000_43_actSPM2,"""No Hard Feelings"" Hit"
0000_43,BlastForte1,,BlastForte1_0000_43,ST_BlASTFORTE_000,Instant Transmission
0000_43,BlastForte2,,BlastForte2_0000_43,ST_BlASTFORTE_024,Kaioken
0000_43,BlastUltimate,,BlastUltimate_0000_43,ST_BLASTULTIMATE_0000_43,Limit Breaker God Kamehameha
0000_43,BlastUltimate,ULT2,BlastUltimate2_0000_43_09,ST_BLASTULTIMATE_0000_43_01,Joint Strike
0000_50,BlastSkill1,,BlastSkill1_0000_50,ST_BLASTSKILL_0000_50_actSPM1,Kamehameha -Sign-
0000_50,BlastSkill2,,BlastSkill2_0000_50,ST_BLASTSKILL_0000_50_actSPM2,Flash -Sign-
0000_50,BlastForte1,,BlastForte1_0000_50,ST_BlASTFORTE_112,Even Greater Potential
0000_50,BlastForte2,,BlastForte2_0000_50,ST_BlASTFORTE_113,You'll Never Beat Me
0000_50,BlastUltimate,,BlastUltimate_0000_50,ST_BLASTULTIMATE_0000_50,Point-Blank Kamehameha
0000_51,BlastSkill1,,BlastSkill1_0000_51,ST_BLASTSKILL_0000_51_actSPM1,Ultra Kamehameha
0000_51,BlastSkill2,,BlastSkill2_0000_51,ST_BLASTSKILL_0000_51_actSPM2,Ultra Barrage
0000_51,BlastForte1,,BlastForte1_0000_51,ST_BlASTFORTE_114,Ultra Movement
0000_51,BlastForte2,,BlastForte2_0000_51,ST_BlASTFORTE_115,No Backing Down
0000_51,BlastUltimate,,BlastUltimate_0000_51,ST_BLASTULTIMATE_0000_51,Supreme Kamehameha
0001_42,BlastSkill1,,BlastSkill1_0001_42,ST_BLASTSKILL_0001_42_actSPM1,God Kamehameha
0001_42,BlastSkill2,,BlastSkill2_0001_42,ST_BLASTSKILL_0001_42_actSPM2,God Impact
0001_42,BlastForte1,,BlastForte1_0001_42,ST_BlASTFORTE_110,God Bind
0001_42,BlastForte2,,BlastForte2_0001_42,ST_BlASTFORTE_111,Shenron Aura
0001_42,BlastUltimate,,BlastUltimate_0001_42,ST_BLASTULTIMATE_0001_42,God Burst Kamehameha
0002_30,BlastSkill1,,BlastSkill1_0002_30,ST_BLASTSKILL_0002_30_actSPM1,Kamehameha
0002_30,BlastSkill2,,BlastSkill2_0002_30,ST_BLASTSKILL_0002_30_actSPM2,Dragon Fist
0002_30,BlastForte1,,BlastForte1_0002_30,ST_BlASTFORTE_001,Solar Flare
0002_30,BlastForte2,,BlastForte2_0002_30,ST_BlASTFORTE_051,Afterimage Strike
0002_30,BlastUltimate,,BlastUltimate_0002_30,ST_BLASTULTIMATE_0002_30,Spirit Bomb
0002_31,BlastSkill1,,BlastSkill1_0002_31,ST_BLASTSKILL_0002_31_actSPM1,Super Kamehameha
0002_31,BlastSkill2,,BlastSkill2_0002_31,ST_BLASTSKILL_0420_00_actSPM2,Full-Power Energy Blast Volley
0002_31,BlastForte1,,BlastForte1_0002_31,ST_BlASTFORTE_055,Wild Sense
0002_31,BlastForte2,,BlastForte2_0002_31,ST_BlASTFORTE_026,Full Power
0002_31,BlastUltimate,,BlastUltimate_0002_31,ST_BLASTULTIMATE_0240_00,Super Explosive Wave
0002_32,BlastSkill1,,BlastSkill1_0002_32,ST_BLASTSKILL_0002_32_actSPM1,Super Kamehameha
0002_32,BlastSkill2,,BlastSkill2_0002_32,ST_BLASTSKILL_0420_00_actSPM2,Full-Power Energy Blast Volley
0002_32,BlastForte1,,BlastForte1_0002_32,ST_BlASTFORTE_060,Saiyan Spirit
0002_32,BlastForte2,,BlastForte2_0002_32,ST_BlASTFORTE_045,High-Tension
0002_32,BlastUltimate,,BlastUltimate_0002_32,ST_BLASTULTIMATE_0002_32,Dragon Fist
0002_50,BlastSkill1,,BlastSkill1_0002_50,ST_BLASTSKILL_0002_50_actSPM1,Kamehameha
0002_50,BlastSkill2,,BlastSkill2_0002_50,ST_BLASTSKILL_0002_50_actSPM2,Commencing Counterattack!
0002_50,BlastForte1,,BlastForte1_0002_50,ST_BlASTFORTE_051,Afterimage Strike
0002_50,BlastForte2,,BlastForte2_0002_50,ST_BlASTFORTE_039,False Courage
0002_50,BlastUltimate,,BlastUltimate_0002_50,ST_BLASTULTIMATE_0002_50,Keep Going!
0020_00,BlastSkill1,,BlastSkill1_0020_00,ST_BLASTSKILL_0020_00_actSPM1,Galick Gun
0020_00,BlastSkill2,,BlastSkill2_0020_00,ST_BLASTSKILL_0020_00_actSPM2,Final Galick Cannon
0020_00,BlastForte1,,BlastForte1_0020_00,ST_BlASTFORTE_068,Explosive Wave
0020_00,BlastForte2,,BlastForte2_0020_00,ST_BlASTFORTE_060,Saiyan Spirit
0020_00,BlastUltimate,,BlastUltimate_0020_00,ST_BLASTULTIMATE_0020_00,Dirty Fireworks
0020_10,BlastSkill1,,BlastSkill1_0020_10,ST_BLASTSKILL_0020_10_actSPM1,Galick Gun
0020_10,BlastSkill2,,BlastSkill2_0020_10,ST_BLASTSKILL_0000_21_actSPM2,Super Energy Wave Combo
0020_10,BlastForte1,,BlastForte1_0020_10,ST_BlASTFORTE_016,Explosive Wave
0020_10,BlastForte2,,BlastForte2_0020_10,ST_BlASTFORTE_027,Full Power
0020_10,BlastUltimate,,BlastUltimate_0020_10,ST_BLASTULTIMATE_0020_10,Super Explosive Wave
0020_11,BlastSkill1,,BlastSkill1_0020_11,ST_BLASTSKILL_0020_11_actSPM1,Maximum Flasher
0020_11,BlastSkill2,,BlastSkill2_0020_11,ST_BLASTSKILL_0020_11_actSPM2,Cosmic Impact
0020_11,BlastForte1,,BlastForte1_0020_11,ST_BlASTFORTE_019,Explosive Wave
0020_11,BlastForte2,,BlastForte2_0020_11,ST_BlASTFORTE_108,Awakened by Anger
0020_11,BlastUltimate,,BlastUltimate_0020_11,ST_BLASTULTIMATE_0020_11,Big Bang Attack
0020_30,BlastSkill1,,BlastSkill1_0020_30,ST_BLASTSKILL_0020_30_actSPM1,Double Galick Cannon
0020_30,BlastSkill2,,BlastSkill2_0020_30,ST_BLASTSKILL_0020_31_actSPM2,Infinite Blaster
0020_30,BlastForte1,,BlastForte1_0020_30,ST_BlASTFORTE_012,Afterimage
0020_30,BlastForte2,,BlastForte2_0020_30,ST_BlASTFORTE_060,Saiyan Spirit
0020_30,BlastUltimate,,BlastUltimate_0020_30,ST_BLASTULTIMATE_0020_11,Big Bang Attack
0020_31,BlastSkill1,,BlastSkill1_0020_31,ST_BLASTSKILL_0020_31_actSPM1,Final Flash
0020_31,BlastSkill2,,BlastSkill2_0020_31,ST_BLASTSKILL_0020_31_actSPM2,Infinite Blaster
0020_31,BlastForte1,,BlastForte1_0020_31,ST_BlASTFORTE_016,Explosive Wave
0020_31,BlastForte2,,BlastForte2_0020_31,ST_BlASTFORTE_060,Saiyan Spirit
0020_31,BlastUltimate,,BlastUltimate_0020_31,ST_BLASTULTIMATE_0020_31,Cosmic Circle
0020_32,BlastSkill1,,BlastSkill1_0020_32,ST_BLASTSKILL_0020_32_actSPM1,Big Bang Attack
0020_32,BlastSkill2,,BlastSkill2_0020_32,ST_BLASTSKILL_0020_31_actSPM2,Infinite Blaster
0020_32,BlastForte1,,BlastForte1_0020_32,ST_BlASTFORTE_016,Explosive Wave
0020_32,BlastForte2,,BlastForte2_0020_32,ST_BlASTFORTE_055,Wild Sense
0020_32,BlastUltimate,,BlastUltimate_0020_32,ST_BLASTULTIMATE_0020_32,Infinity Flasher
0020_40,BlastSkill1,,BlastSkill1_0020_40,ST_BLASTSKILL_0020_40_actSPM1,Final Impact
0020_40,BlastSkill2,,BlastSkill2_0020_40,ST_BLASTSKILL_0020_32_actSPM1,Big Bang Attack
0020_40,BlastForte1,,BlastForte1_0020_40,ST_BlASTFORTE_074,Prince's Pride
0020_40,BlastForte2,,BlastForte2_0020_40,ST_BlASTFORTE_075,Majin's Awakening
0020_40,BlastUltimate,,BlastUltimate_0020_40,ST_BLASTULTIMATE_0020_40,Final Explosion
0020_50,BlastSkill1,,BlastSkill1_0020_50,ST_BLASTSKILL_0020_50_actSPM1,Final Flash
0020_50,BlastSkill2,,BlastSkill2_0020_50,ST_BLASTSKILL_0021_20_actSPM2,Spirit Breaking Cannon
0020_50,BlastForte1,,BlastForte1_0020_50,ST_BlASTFORTE_016,Explosive Wave
0020_50,BlastForte2,,BlastForte2_0020_50,ST_BlASTFORTE_041,Finish Sign
0020_50,BlastUltimate,,BlastUltimate_0020_50,ST_BLASTULTIMATE_0020_50,Final Shine Attack
0020_60,BlastSkill1,,BlastSkill1_0020_60,ST_BLASTSKILL_0020_60_actSPM1,Galick Gun
0020_60,BlastSkill2,,BlastSkill2_0020_60,ST_BLASTSKILL_0020_60_actSPM2,Absolute Rush
0020_60,BlastForte1,,BlastForte1_0020_60,ST_BlASTFORTE_019,Explosive Wave
0020_60,BlastForte2,,BlastForte2_0020_60,ST_BlASTFORTE_116,All Warmed Up
0020_60,BlastUltimate,,BlastUltimate_0020_60,ST_BLASTULTIMATE_0020_60,Final Flash
0020_61,BlastSkill1,,BlastSkill1_0020_61,ST_BLASTSKILL_0020_61_actSPM1,Galick Rush
0020_61,BlastSkill2,,BlastSkill2_0020_61,ST_BLASTSKILL_0020_61_actSPM2,Galick Uppercut
0020_61,BlastForte1,,BlastForte1_0020_61,ST_BlASTFORTE_060,Saiyan Spirit
0020_61,BlastForte2,,BlastForte2_0020_61,ST_BlASTFORTE_101,I'll Get You For This...
0020_61,BlastUltimate,,BlastUltimate_0020_61,ST_BLASTULTIMATE_0020_61,Final Galick Blast
0020_63,BlastSkill1,,BlastSkill1_0020_63,ST_BLASTSKILL_0020_63_actSPM1,God Final Flash
0020_63,BlastSkill2,,BlastSkill2_0020_63,ST_BLASTSKILL_0020_63_actSPM2,Gamma Burst Flash
0020_63,BlastForte1,,BlastForte1_0020_63,ST_BlASTFORTE_117,I'm No Pushover!
0020_63,BlastForte2,,BlastForte2_0020_63,ST_BlASTFORTE_118,Limits?! I Break Them!
0020_63,BlastUltimate,,BlastUltimate_0020_63,ST_BLASTULTIMATE_0020_63,Final God Explosion
0020_63,BlastUltimate,ULT2,BlastUltimate2_0020_63_04,ST_BLASTULTIMATE_0020_63_01,Joint Strike
0021_20,BlastSkill1,,BlastSkill1_0021_20,ST_BLASTSKILL_0021_20_actSPM1,Big Bang Attack
0021_20,BlastSkill2,,BlastSkill2_0021_20,ST_BLASTSKILL_0021_20_actSPM2,Spirit Breaking Cannon
0021_20,BlastForte1,,BlastForte1_0021_20,ST_BlASTFORTE_016,Explosive Wave
0021_20,BlastForte2,,BlastForte2_0021_20,ST_BlASTFORTE_069,I am Super Vegeta!
0021_20,BlastUltimate,,BlastUltimate_0021_20,ST_BLASTULTIMATE_0021_20,Final Flash
0022_62,BlastSkill1,,BlastSkill1_0022_62,ST_BLASTSKILL_0022_62_actSPM1,God Shine Attack
0022_62,BlastSkill2,,BlastSkill2_0022_62,ST_BLASTSKILL_0022_62_actSPM2,Gamma Fist
0022_62,BlastForte1,,BlastForte1_0022_62,ST_BlASTFORTE_068,Explosive Wave
0022_62,BlastForte2,,BlastForte2_0022_62,ST_BlASTFORTE_060,Saiyan Spirit
0022_62,BlastUltimate,,BlastUltimate_0022_62,ST_BLASTULTIMATE_0022_62,Prominence Flash
0023_00,BlastSkill1,,BlastSkill1_0023_00,ST_BLASTSKILL_0023_00_actSPM1,Chou Makouhou
0023_00,BlastSkill2,,BlastSkill2_0023_00,ST_BLASTSKILL_0023_00_actSPM2,Chou Makouhou Barrage
0023_00,BlastForte1,,BlastForte1_0023_00,ST_BlASTFORTE_068,Explosive Wave
0023_00,BlastForte2,,BlastForte2_0023_00,ST_BlASTFORTE_040,Howl
0023_00,BlastUltimate,,BlastUltimate_0023_00,ST_BLASTULTIMATE_0023_00,Super Galick Gun
0030_00,BlastSkill1,,BlastSkill1_0030_00,ST_BLASTSKILL_0030_00_actSPM1,Masenko
0030_00,BlastSkill2,,BlastSkill2_0030_00,ST_BLASTSKILL_0030_00_actSPM2,Energy Blast Barrage
0030_00,BlastForte1,,BlastForte1_0030_00,ST_BlASTFORTE_043,Super Unyielding Spirit
0030_00,BlastForte2,,BlastForte2_0030_00,ST_BlASTFORTE_051,Afterimage Strike
0030_00,BlastUltimate,,BlastUltimate_0030_00,ST_BLASTULTIMATE_0030_00,Wild Rush Blaster
0031_00,BlastSkill1,,BlastSkill1_0031_00,ST_BLASTSKILL_0031_00_actSPM1,Super Masenko
0031_00,BlastSkill2,,BlastSkill2_0031_00,ST_BLASTSKILL_0030_00_actSPM2,Energy Blast Barrage
0031_00,BlastForte1,,BlastForte1_0031_00,ST_BlASTFORTE_055,Wild Sense
0031_00,BlastForte2,,BlastForte2_0031_00,ST_BlASTFORTE_046,Full-Power Charge
0031_00,BlastUltimate,,BlastUltimate_0031_00,ST_BLASTULTIMATE_0000_22,Super Kamehameha
0031_01,BlastSkill1,,BlastSkill1_0031_01,ST_BLASTSKILL_0031_01_actSPM1,Super Kamehameha
0031_01,BlastSkill2,,BlastSkill2_0031_01,ST_BLASTSKILL_0031_01_actSPM2,Super Assault Combo
0031_01,BlastForte1,,BlastForte1_0031_01,ST_BlASTFORTE_068,Explosive Wave
0031_01,BlastForte2,,BlastForte2_0031_01,ST_BlASTFORTE_026,Full Power
0031_01,BlastUltimate,,BlastUltimate_0031_01,ST_BLASTULTIMATE_0031_01,Raging Masenko
0031_02,BlastSkill1,,BlastSkill1_0031_02,ST_BLASTSKILL_0031_02_actSPM1,Super Kamehameha
0031_02,BlastSkill2,,BlastSkill2_0031_02,ST_BLASTSKILL_0031_02_actSPM2,Explosive Rush
0031_02,BlastForte1,,BlastForte1_0031_02,ST_BlASTFORTE_068,Explosive Wave
0031_02,BlastForte2,,BlastForte2_0031_02,ST_BlASTFORTE_081,Unforgivable
0031_02,BlastUltimate,,BlastUltimate_0031_02,ST_BLASTULTIMATE_0031_02,Father-Son Kamehameha
0031_02,BlastUltimate,ULT2,BlastUltimate2_0031_02_04,ST_BLASTULTIMATE_0031_02_01,Blinding Strike
0032_00,BlastSkill1,,BlastSkill1_0032_00,ST_BLASTSKILL_0032_00_actSPM1,Explosive Cannon
0032_00,BlastSkill2,,BlastSkill2_0032_00,ST_BLASTSKILL_0032_00_actSPM2,Explosive Flash Strike
0032_00,BlastForte1,,BlastForte1_0032_00,ST_BlASTFORTE_055,Wild Sense
0032_00,BlastForte2,,BlastForte2_0032_00,ST_BlASTFORTE_046,Full-Power Charge
0032_00,BlastUltimate,,BlastUltimate_0032_00,ST_BLASTULTIMATE_0000_22,Super Kamehameha
0032_00,BlastUltimate,ULT2,BlastUltimate2_0032_00_06,ST_BLASTULTIMATE_0032_00_01,Punishing Rush
0032_00,BlastUltimate,ULT3,BlastUltimate2_0032_00_07,ST_BLASTULTIMATE_0032_00_02,Z-Sword Rush
0032_01,BlastSkill1,,BlastSkill1_0032_01,ST_BLASTSKILL_0032_01_actSPM1,Explosive Cannon
0032_01,BlastSkill2,,BlastSkill2_0032_01,ST_BLASTSKILL_0032_01_actSPM2,Full-Power Energy Blast Volley
0032_01,BlastForte1,,BlastForte1_0032_01,ST_BlASTFORTE_068,Explosive Wave
0032_01,BlastForte2,,BlastForte2_0032_01,ST_BlASTFORTE_046,Full-Power Charge
0032_01,BlastUltimate,,BlastUltimate_0032_01,ST_BLASTULTIMATE_0032_01,Bros. Kamehameha
0032_01,BlastUltimate,ULT2,BlastUltimate2_0032_01_05,ST_BLASTULTIMATE_0032_01_01,Bloodline Kamehameha
0032_02,BlastSkill1,,BlastSkill1_0032_02,ST_BLASTSKILL_0032_02_actSPM1,Super Explosive Cannon
0032_02,BlastSkill2,,BlastSkill2_0032_02,ST_BLASTSKILL_0032_02_actSPM2,Super Explosive Flash Strike
0032_02,BlastForte1,,BlastForte1_0032_02,ST_BlASTFORTE_016,Explosive Wave
0032_02,BlastForte2,,BlastForte2_0032_02,ST_BlASTFORTE_026,Full Power
0032_02,BlastUltimate,,BlastUltimate_0032_02,ST_BLASTULTIMATE_0032_02,Super Kamehameha
0032_10,BlastSkill1,,BlastSkill1_0032_10,ST_BLASTSKILL_0032_10_actSPM1,Justice Bomber
0032_10,BlastSkill2,,BlastSkill2_0032_10,ST_BLASTSKILL_0032_10_actSPM2,Justice Rush
0032_10,BlastForte1,,BlastForte1_0032_10,ST_BlASTFORTE_044,Justice Pose
0032_10,BlastForte2,,BlastForte2_0032_10,ST_BlASTFORTE_038,Justice Finishing Pose
0032_10,BlastUltimate,,BlastUltimate_0032_10,ST_BLASTULTIMATE_0032_10,Justice Judgment
0032_20,BlastSkill1,,BlastSkill1_0032_20,ST_BLASTSKILL_0032_20_actSPM1,Super Kamehameha
0032_20,BlastSkill2,,BlastSkill2_0032_20,ST_BLASTSKILL_0032_20_actSPM2,Fierce Combination
0032_20,BlastForte1,,BlastForte1_0032_20,ST_BlASTFORTE_055,Wild Sense
0032_20,BlastForte2,,BlastForte2_0032_20,ST_BlASTFORTE_047,Power Up to the Very Limit
0032_20,BlastUltimate,,BlastUltimate_0032_20,ST_BLASTULTIMATE_0032_20,Burst Rush
0032_30,BlastSkill1,,BlastSkill1_0032_30,ST_BLASTSKILL_0032_30_actSPM1,Masenko
0032_30,BlastSkill2,,BlastSkill2_0032_30,ST_BLASTSKILL_0032_30_actSPM2,Super Destructive Wave
0032_30,BlastForte1,,BlastForte1_0032_30,ST_BlASTFORTE_055,Wild Sense
0032_30,BlastForte2,,BlastForte2_0032_30,ST_BlASTFORTE_046,Full-Power Charge
0032_30,BlastUltimate,,BlastUltimate_0032_30,ST_BLASTULTIMATE_0000_22,Super Kamehameha
0032_31,BlastSkill1,,BlastSkill1_0032_31,ST_BLASTSKILL_0032_31_actSPM1,Hyper Masenko
0032_31,BlastSkill2,,BlastSkill2_0032_31,ST_BLASTSKILL_0160_00_actSPM2,Special Beam Cannon
0032_31,BlastForte1,,BlastForte1_0032_31,ST_BlASTFORTE_094,Evil Barrier
0032_31,BlastForte2,,BlastForte2_0032_31,ST_BlASTFORTE_047,Power Up to the Very Limit
0032_31,BlastUltimate,,BlastUltimate_0032_31,ST_BLASTULTIMATE_0032_31,Fierce Combination
0040_00,BlastSkill1,,BlastSkill1_0040_00,ST_BLASTSKILL_0040_00_actSPM1,Explosive Demon Wave
0040_00,BlastSkill2,,BlastSkill2_0040_00,ST_BLASTSKILL_0040_00_actSPM2,Explosive Breath Cannon
0040_00,BlastForte1,,BlastForte1_0040_00,ST_BlASTFORTE_007,Paralyze Beam
0040_00,BlastForte2,,BlastForte2_0040_00,ST_BlASTFORTE_085,All-Out
0040_00,BlastUltimate,,BlastUltimate_0040_00,ST_BLASTULTIMATE_0040_00,Special Beam Cannon
0040_00,BlastUltimate,ULT2,BlastUltimate2_0040_00_03,ST_BLASTULTIMATE_0040_00_01,Demonic Airstrike
0040_10,BlastSkill1,,BlastSkill1_0040_10,ST_BLASTSKILL_0040_10_actSPM1,Special Beam Cannon
0040_10,BlastSkill2,,BlastSkill2_0040_10,ST_BLASTSKILL_0040_10_actSPM2,Light Grenade
0040_10,BlastForte1,,BlastForte1_0040_10,ST_BlASTFORTE_055,Wild Sense
0040_10,BlastForte2,,BlastForte2_0040_10,ST_BlASTFORTE_039,False Courage
0040_10,BlastUltimate,,BlastUltimate_0040_10,ST_BLASTULTIMATE_0040_10,Hellzone Grenade
0040_10,BlastUltimate,ULT2,BlastUltimate2_0040_10_03,ST_BLASTULTIMATE_0040_10_01,Demonic Smiting
0040_20,BlastSkill1,,BlastSkill1_0040_20,ST_BLASTSKILL_0040_20_actSPM1,Full-Power Energy Wave
0040_20,BlastSkill2,,BlastSkill2_0040_20,ST_BLASTSKILL_0040_20_actSPM2,Super Destructive Wave
0040_20,BlastForte1,,BlastForte1_0040_20,ST_BlASTFORTE_092,Buying Time
0040_20,BlastForte2,,BlastForte2_0040_20,ST_BlASTFORTE_026,Full Power
0040_20,BlastUltimate,,BlastUltimate_0040_20,ST_BLASTULTIMATE_0040_20,Mystic Flasher
0050_00,BlastSkill1,,BlastSkill1_0050_00,ST_BLASTSKILL_0050_actSPM1,Kamehameha
0050_00,BlastSkill2,,BlastSkill2_0050_00,ST_BLASTSKILL_0050_actSPM2,Spread Energy Wave
0050_00,BlastForte1,,BlastForte1_0050_00,ST_BlASTFORTE_001,Solar Flare
0050_00,BlastForte2,,BlastForte2_0050_00,ST_BlASTFORTE_051,Afterimage Strike
0050_00,BlastUltimate,,BlastUltimate_0050_00,ST_BLASTULTIMATE_0050_00,Chain Destructo Disc
0050_00,BlastUltimate,ULT2,BlastUltimate2_0050_00_06,ST_BLASTULTIMATE_0050_00_01,Round Cannonball
0060_00,BlastSkill1,,BlastSkill1_0060_00,ST_BLASTSKILL_0050_actSPM1,Kamehameha
0060_00,BlastSkill2,,BlastSkill2_0060_00,ST_BLASTSKILL_0060_00_actSPM2,Wolf Fang Fist
0060_00,BlastForte1,,BlastForte1_0060_00,ST_BlASTFORTE_012,Afterimage
0060_00,BlastForte2,,BlastForte2_0060_00,ST_BlASTFORTE_047,Power Up to the Very Limit
0060_00,BlastUltimate,,BlastUltimate_0060_00,ST_BLASTULTIMATE_0060_00,Spirit Ball
0070_00,BlastSkill1,,BlastSkill1_0070_00,ST_BLASTSKILL_0070_00_actSPM1,Dodon Ray
0070_00,BlastSkill2,,BlastSkill2_0070_00,ST_BLASTSKILL_0070_00_actSPM2,Tri-Beam
0070_00,BlastForte1,,BlastForte1_0070_00,ST_BlASTFORTE_001,Solar Flare
0070_00,BlastForte2,,BlastForte2_0070_00,ST_BlASTFORTE_055,Wild Sense
0070_00,BlastUltimate,,BlastUltimate_0070_00,ST_BLASTULTIMATE_0070_00,Neo Tri-Beam
0080_00,BlastSkill1,,BlastSkill1_0080_00,ST_BLASTSKILL_0080_00_actSPM1,Finish Buster
0080_00,BlastSkill2,,BlastSkill2_0080_00,ST_BLASTSKILL_0080_01_actSPM2,Burning Storm
0080_00,BlastForte1,,BlastForte1_0080_00,ST_BlASTFORTE_012,Afterimage
0080_00,BlastForte2,,BlastForte2_0080_00,ST_BlASTFORTE_047,Power Up to the Very Limit
0080_00,BlastUltimate,,BlastUltimate_0080_00,ST_BLASTULTIMATE_0080_00,Lightning Sword Slash
0080_01,BlastSkill1,,BlastSkill1_0080_01,ST_BLASTSKILL_0080_01_actSPM1,Burning Attack
0080_01,BlastSkill2,,BlastSkill2_0080_01,ST_BLASTSKILL_0080_01_actSPM2,Burning Storm
0080_01,BlastForte1,,BlastForte1_0080_01,ST_BlASTFORTE_068,Explosive Wave
0080_01,BlastForte2,,BlastForte2_0080_01,ST_BlASTFORTE_062,Burning Heart
0080_01,BlastUltimate,,BlastUltimate_0080_01,ST_BLASTULTIMATE_0080_01,Shining Sword Attack
0080_10,BlastSkill1,,BlastSkill1_0080_10,ST_BLASTSKILL_0080_10_actSPM1,Burning Attack
0080_10,BlastSkill2,,BlastSkill2_0080_10,ST_BLASTSKILL_0120_00_actSPM2,High Speed Rush
0080_10,BlastForte1,,BlastForte1_0080_10,ST_BlASTFORTE_016,Explosive Wave
0080_10,BlastForte2,,BlastForte2_0080_10,ST_BlASTFORTE_055,Wild Sense
0080_10,BlastUltimate,,BlastUltimate_0080_10,ST_BLASTULTIMATE_0082_00,Finish Buster
0080_11,BlastSkill1,,BlastSkill1_0080_11,ST_BLASTSKILL_0080_11_actSPM1,Burning Attack
0080_11,BlastSkill2,,BlastSkill2_0080_11,ST_BLASTSKILL_0080_11_actSPM2,Burning Breaker
0080_11,BlastForte1,,BlastForte1_0080_11,ST_BlASTFORTE_016,Explosive Wave
0080_11,BlastForte2,,BlastForte2_0080_11,ST_BlASTFORTE_041,Finish Sign
0080_11,BlastUltimate,,BlastUltimate_0080_11,ST_BLASTULTIMATE_0080_11,Heat Dome Attack
0080_30,BlastSkill1,,BlastSkill1_0080_30,ST_BLASTSKILL_0030_00_actSPM1,Masenko
0080_30,BlastSkill2,,BlastSkill2_0080_30,ST_BLASTSKILL_0080_30_actSPM2,Lightning Sword Slash
0080_30,BlastForte1,,BlastForte1_0080_30,ST_BlASTFORTE_001,Solar Flare
0080_30,BlastForte2,,BlastForte2_0080_30,ST_BlASTFORTE_055,Wild Sense
0080_30,BlastUltimate,,BlastUltimate_0080_30,ST_BLASTULTIMATE_0080_30,Shining Slash
0080_31,BlastSkill1,,BlastSkill1_0080_31,ST_BLASTSKILL_0080_31_actSPM1,Galick Gun
0080_31,BlastSkill2,,BlastSkill2_0080_31,ST_BLASTSKILL_0080_31_actSPM2,Final Flash
0080_31,BlastForte1,,BlastForte1_0080_31,ST_BlASTFORTE_016,Explosive Wave
0080_31,BlastForte2,,BlastForte2_0080_31,ST_BlASTFORTE_047,Power Up to the Very Limit
0080_31,BlastUltimate,,BlastUltimate_0080_31,ST_BLASTULTIMATE_0080_31,Final Hope Slash
0081_20,BlastSkill1,,BlastSkill1_0081_20,ST_BLASTSKILL_0081_20_actSPM1,Finish Buster
0081_20,BlastSkill2,,BlastSkill2_0081_20,ST_BLASTSKILL_0080_01_actSPM1,Burning Attack
0081_20,BlastForte1,,BlastForte1_0081_20,ST_BlASTFORTE_016,Explosive Wave
0081_20,BlastForte2,,BlastForte2_0081_20,ST_BlASTFORTE_032,Inexperienced Power Up
0081_20,BlastUltimate,,BlastUltimate_0081_20,ST_BLASTULTIMATE_0240_00,Super Explosive Wave
0082_00,BlastSkill1,,BlastSkill1_0082_00,ST_BLASTSKILL_0082_00_actSPM1,Full-Power Energy Wave
0082_00,BlastSkill2,,BlastSkill2_0082_00,ST_BLASTSKILL_0120_00_actSPM2,High Speed Rush
0082_00,BlastForte1,,BlastForte1_0082_00,ST_BlASTFORTE_012,Afterimage
0082_00,BlastForte2,,BlastForte2_0082_00,ST_BlASTFORTE_041,Finish Sign
0082_00,BlastUltimate,,BlastUltimate_0082_00,ST_BLASTULTIMATE_0082_00,Finish Buster
0082_01,BlastSkill1,,BlastSkill1_0082_01,ST_BLASTSKILL_0082_01_actSPM1,Full-Power Energy Wave
0082_01,BlastSkill2,,BlastSkill2_0082_01,ST_BLASTSKILL_0120_00_actSPM2,High Speed Rush
0082_01,BlastForte1,,BlastForte1_0082_01,ST_BlASTFORTE_016,Explosive Wave
0082_01,BlastForte2,,BlastForte2_0082_01,ST_BlASTFORTE_043,Super Unyielding Spirit
0082_01,BlastUltimate,,BlastUltimate_0082_01,ST_BLASTULTIMATE_0120_00,Victory Cannon
0090_00,BlastSkill1,,BlastSkill1_0090_00,ST_BLASTSKILL_0090_00_actSPM1,Boulder Toss Barrage
0090_00,BlastSkill2,,BlastSkill2_0090_00,ST_BLASTSKILL_0090_00_actSPM2,Charge!
0090_00,BlastForte1,,BlastForte1_0090_00,ST_BlASTFORTE_012,Afterimage
0090_00,BlastForte2,,BlastForte2_0090_00,ST_BlASTFORTE_048,Sleep
0090_00,BlastUltimate,,BlastUltimate_0090_00,ST_BLASTULTIMATE_0090_00,Super Kamekameha
0090_01,BlastSkill1,,BlastSkill1_0090_01,ST_BLASTSKILL_0090_01_actSPM1,Kamekameha
0090_01,BlastSkill2,,BlastSkill2_0090_01,ST_BLASTSKILL_0090_01_actSPM2,Charge!
0090_01,BlastForte1,,BlastForte1_0090_01,ST_BlASTFORTE_055,Wild Sense
0090_01,BlastForte2,,BlastForte2_0090_01,ST_BlASTFORTE_039,False Courage
0090_01,BlastUltimate,,BlastUltimate_0090_01,ST_BLASTULTIMATE_0090_01,Double Kamehameha
0100_00,BlastSkill1,,BlastSkill1_0100_00,ST_BLASTSKILL_0100_00_actSPM1,Big Bang Cannon
0100_00,BlastSkill2,,BlastSkill2_0100_00,ST_BLASTSKILL_0100_00_actSPM2,Rampaging Rush
0100_00,BlastForte1,,BlastForte1_0100_00,ST_BlASTFORTE_016,Explosive Wave
0100_00,BlastForte2,,BlastForte2_0100_00,ST_BlASTFORTE_045,High-Tension
0100_00,BlastUltimate,,BlastUltimate_0100_00,ST_BLASTULTIMATE_0000_22,Super Kamehameha
0100_01,BlastSkill1,,BlastSkill1_0100_01,ST_BLASTSKILL_0100_01_actSPM1,Big Bang Attack
0100_01,BlastSkill2,,BlastSkill2_0100_01,ST_BLASTSKILL_0100_01_actSPM2,Final Kamehameha
0100_01,BlastForte1,,BlastForte1_0100_01,ST_BlASTFORTE_051,Afterimage Strike
0100_01,BlastForte2,,BlastForte2_0100_01,ST_BlASTFORTE_041,Finish Sign
0100_01,BlastUltimate,,BlastUltimate_0100_01,ST_BLASTULTIMATE_0100_01,Beam Sword Slash
0100_02,BlastSkill1,,BlastSkill1_0100_02,ST_BLASTSKILL_0100_02_actSPM1,God Kamehameha
0100_02,BlastSkill2,,BlastSkill2_0100_02,ST_BLASTSKILL_0100_02_actSPM2,Omega Finishing Blow
0100_02,BlastForte1,,BlastForte1_0100_02,ST_BlASTFORTE_123,Settling the Score
0100_02,BlastForte2,,BlastForte2_0100_02,ST_BlASTFORTE_046,Full-Power Charge
0100_02,BlastUltimate,,BlastUltimate_0100_02,ST_BLASTULTIMATE_0100_02,God Final Kamehameha
0110_00,BlastSkill1,,BlastSkill1_0110_00,ST_BLASTSKILL_0110_00_actSPM1,Super Kamehameha
0110_00,BlastSkill2,,BlastSkill2_0110_00,ST_BLASTSKILL_0110_00_actSPM2,Super Explosive Wave
0110_00,BlastForte1,,BlastForte1_0110_00,ST_BlASTFORTE_055,Wild Sense
0110_00,BlastForte2,,BlastForte2_0110_00,ST_BlASTFORTE_124,Here We Go!
0110_00,BlastUltimate,,BlastUltimate_0110_00,ST_BLASTULTIMATE_0110_00,Big Bang Kamehameha
0110_01,BlastSkill1,,BlastSkill1_0110_01,ST_BLASTSKILL_0110_01_actSPM1,Super Kamehameha
0110_01,BlastSkill2,,BlastSkill2_0110_01,ST_BLASTSKILL_0110_01_actSPM2,Rising Vortex
0110_01,BlastForte1,,BlastForte1_0110_01,ST_BlASTFORTE_000,Instant Transmission
0110_01,BlastForte2,,BlastForte2_0110_01,ST_BlASTFORTE_041,Finish Sign
0110_01,BlastUltimate,,BlastUltimate_0110_01_2,ST_BLASTULTIMATE_0110_01_01,Stardust Fall
0110_02,BlastSkill1,,BlastSkill1_0110_02,ST_BLASTSKILL_0110_02_actSPM1,Big Bang Kamehameha
0110_02,BlastSkill2,,BlastSkill2_0110_02,ST_BLASTSKILL_0110_02_actSPM2,Ultimate Impact
0110_02,BlastForte1,,BlastForte1_0110_02,ST_BlASTFORTE_055,Wild Sense
0110_02,BlastForte2,,BlastForte2_0110_02,ST_BlASTFORTE_047,Power Up to the Very Limit
0110_02,BlastUltimate,,BlastUltimate_0110_02,ST_BLASTULTIMATE_0110_02,Ultra Big Bang Kamehameha
0110_03,BlastSkill1,,BlastSkill1_0110_03,ST_BLASTSKILL_0110_03_actSPM1,Stardust Blaster
0110_03,BlastSkill2,,BlastSkill2_0110_03,ST_BLASTSKILL_0110_03_actSPM2,Meteor Explosion
0110_03,BlastForte1,,BlastForte1_0110_03,ST_BlASTFORTE_000,Instant Transmission
0110_03,BlastForte2,,BlastForte2_0110_03,ST_BlASTFORTE_126,Stardust Barrier
0110_03,BlastUltimate,,BlastUltimate_0110_03,ST_BLASTULTIMATE_0110_03,Ultimate Kamehameha
0110_04,BlastSkill1,,BlastSkill1_0110_04,ST_BLASTSKILL_0110_04_actSPM1,Big Bang Kamehameha
0110_04,BlastSkill2,,BlastSkill2_0110_04,ST_BLASTSKILL_0110_04_actSPM2,Punisher Drive
0110_04,BlastForte1,,BlastForte1_0110_04,ST_BlASTFORTE_166,Immovable Stance
0110_04,BlastForte2,,BlastForte2_0110_04,ST_BlASTFORTE_125,I'm the One Who Will Defeat You!
0110_04,BlastUltimate,,BlastUltimate_0110_04,ST_BLASTULTIMATE_0110_04,Stardust Breaker
0120_00,BlastSkill1,,BlastSkill1_0120_00,ST_BLASTSKILL_0120_00_actSPM1,Full-Power Energy Wave
0120_00,BlastSkill2,,BlastSkill2_0120_00,ST_BLASTSKILL_0120_00_actSPM2,High Speed Rush
0120_00,BlastForte1,,BlastForte1_0120_00,ST_BlASTFORTE_012,Afterimage
0120_00,BlastForte2,,BlastForte2_0120_00,ST_BlASTFORTE_137,Ta-dah!
0120_00,BlastUltimate,,BlastUltimate_0120_00,ST_BLASTULTIMATE_0120_00,Victory Cannon
0120_01,BlastSkill1,,BlastSkill1_0120_01,ST_BLASTSKILL_0120_01_actSPM1,Victory Cannon
0120_01,BlastSkill2,,BlastSkill2_0120_01,ST_BLASTSKILL_0120_01_actSPM2,Galactic Donuts
0120_01,BlastForte1,,BlastForte1_0120_01,ST_BlASTFORTE_039,False Courage
0120_01,BlastForte2,,BlastForte2_0120_01,ST_BlASTFORTE_045,High-Tension
0120_01,BlastUltimate,,BlastUltimate_0120_01,ST_BLASTULTIMATE_0120_01,Super Ghost Kamikaze Attack
0120_02,BlastSkill1,,BlastSkill1_0120_02,ST_BLASTSKILL_0120_02_actSPM1,Victory Bazooka
0120_02,BlastSkill2,,BlastSkill2_0120_02,ST_BLASTSKILL_0120_02_actSPM2,DIE DIE Missile Barrage
0120_02,BlastForte1,,BlastForte1_0120_02,ST_BlASTFORTE_009,Vice Shout
0120_02,BlastForte2,,BlastForte2_0120_02,ST_BlASTFORTE_041,Finish Sign
0120_02,BlastUltimate,,BlastUltimate_0120_02,ST_BLASTULTIMATE_0120_02,Charging Ultra Buu Buu Volleyball
0121_00,BlastSkill1,,BlastSkill1_0121_00,ST_BLASTSKILL_0121_00_actSPM1,Victory Cannon
0121_00,BlastSkill2,,BlastSkill2_0121_00,ST_BLASTSKILL_0121_00_actSPM2,Mighty Rush
0121_00,BlastForte1,,BlastForte1_0121_00,ST_BlASTFORTE_039,False Courage
0121_00,BlastForte2,,BlastForte2_0121_00,ST_BlASTFORTE_041,Finish Sign
0121_00,BlastUltimate,,BlastUltimate_0121_00,ST_BLASTULTIMATE_0121_00,Final Cannon
0130_00,BlastSkill1,,BlastSkill1_0130_00,ST_BLASTSKILL_0130_00_actSPM1,Videl Kick
0130_00,BlastSkill2,,BlastSkill2_0130_00,ST_BLASTSKILL_0130_00_actSPM2,Desperado Rush
0130_00,BlastForte1,,BlastForte1_0130_00,ST_BlASTFORTE_051,Afterimage Strike
0130_00,BlastForte2,,BlastForte2_0130_00,ST_BlASTFORTE_043,Super Unyielding Spirit
0130_00,BlastUltimate,,BlastUltimate_0130_00,ST_BLASTULTIMATE_0130_00,Videl Rush
0130_00,BlastUltimate,ULT2,BlastUltimate2_0130_00_04,ST_BLASTULTIMATE_0130_00_01,Justice Judgment
0140_00,BlastSkill1,,BlastSkill1_0140_00,ST_BLASTSKILL_0140_00_actSPM1,Original Kamehameha
0140_00,BlastSkill2,,BlastSkill2_0140_00,ST_BLASTSKILL_0140_00_actSPM2,Thunder Shock Surprise
0140_00,BlastForte1,,BlastForte1_0140_00,ST_BlASTFORTE_051,Afterimage Strike
0140_00,BlastForte2,,BlastForte2_0140_00,ST_BlASTFORTE_039,False Courage
0140_00,BlastUltimate,,BlastUltimate_0140_00,ST_BLASTULTIMATE_0140_00,Evil Containment Wave
0141_00,BlastSkill1,,BlastSkill1_0141_00,ST_BLASTSKILL_0141_00_actSPM1,Original Kamehameha
0141_00,BlastSkill2,,BlastSkill2_0141_00,ST_BLASTSKILL_0141_00_actSPM2,Turtle School Ultimate Fist
0141_00,BlastForte1,,BlastForte1_0141_00,ST_BlASTFORTE_039,False Courage
0141_00,BlastForte2,,BlastForte2_0141_00,ST_BlASTFORTE_042,Pump Up
0141_00,BlastUltimate,,BlastUltimate_0141_00,ST_BLASTULTIMATE_0141_00,Max Power Kamehameha
0150_00,BlastSkill1,,BlastSkill1_0150_00,ST_BLASTSKILL_0150_00_actSPM1,Death Beam
0150_00,BlastSkill2,,BlastSkill2_0150_00,ST_BLASTSKILL_0150_00_actSPM2,Punishing Rush
0150_00,BlastForte1,,BlastForte1_0150_00,ST_BlASTFORTE_006,Psychokinesis
0150_00,BlastForte2,,BlastForte2_0150_00,ST_BlASTFORTE_042,Pump Up
0150_00,BlastUltimate,,BlastUltimate_0150_00,ST_BLASTULTIMATE_0150_00,Death Ball
0151_00,BlastSkill1,,BlastSkill1_0151_00,ST_BLASTSKILL_0151_00_actSPM1,Punishing Blaster
0151_00,BlastSkill2,,BlastSkill2_0151_00,ST_BLASTSKILL_0151_00_actSPM2,Death Storm
0151_00,BlastForte1,,BlastForte1_0151_00,ST_BlASTFORTE_068,Explosive Wave
0151_00,BlastForte2,,BlastForte2_0151_00,ST_BlASTFORTE_041,Finish Sign
0151_00,BlastUltimate,,BlastUltimate_0151_00,ST_BLASTULTIMATE_0151_00,HAIL Frieza
0152_00,BlastSkill1,,BlastSkill1_0152_00,ST_BLASTSKILL_0152_00_actSPM1,Barrage Death Beam
0152_00,BlastSkill2,,BlastSkill2_0152_00,ST_BLASTSKILL_0120_00_actSPM2,High Speed Rush
0152_00,BlastForte1,,BlastForte1_0152_00,ST_BlASTFORTE_016,Explosive Wave
0152_00,BlastForte2,,BlastForte2_0152_00,ST_BlASTFORTE_045,High-Tension
0152_00,BlastUltimate,,BlastUltimate_0152_00,ST_BLASTULTIMATE_0152_00,Crazy Finger Beam
0153_00,BlastSkill1,,BlastSkill1_0153_00,ST_BLASTSKILL_0153_00_actSPM1,Barrage Death Beam
0153_00,BlastSkill2,,BlastSkill2_0153_00,ST_BLASTSKILL_0153_00_actSPM2,You Might Die This Time
0153_00,BlastForte1,,BlastForte1_0153_00,ST_BlASTFORTE_006,Psychokinesis
0153_00,BlastForte2,,BlastForte2_0153_00,ST_BlASTFORTE_127,Your Arrogance Disgusts Me!
0153_00,BlastUltimate,,BlastUltimate_0153_00,ST_BLASTULTIMATE_0153_00,I'll Destroy This Planet!
0153_10,BlastSkill1,,BlastSkill1_0153_10,ST_BLASTSKILL_0153_10_actSPM1,Death Beam
0153_10,BlastSkill2,,BlastSkill2_0153_10,ST_BLASTSKILL_0153_10_actSPM2,Fissure Slash
0153_10,BlastForte1,,BlastForte1_0153_10,ST_BlASTFORTE_006,Psychokinesis
0153_10,BlastForte2,,BlastForte2_0153_10,ST_BlASTFORTE_041,Finish Sign
0153_10,BlastUltimate,,BlastUltimate_0153_10,ST_BLASTULTIMATE_0153_10,Supernova
0153_20,BlastSkill1,,BlastSkill1_0153_20,ST_BLASTSKILL_0153_20_actSPM1,Death Beam
0153_20,BlastSkill2,,BlastSkill2_0153_20,ST_BLASTSKILL_0153_20_actSPM2,Super Nova Strike
0153_20,BlastForte1,,BlastForte1_0153_20,ST_BlASTFORTE_006,Psychokinesis
0153_20,BlastForte2,,BlastForte2_0153_20,ST_BlASTFORTE_128,Power of Revenge
0153_20,BlastUltimate,,BlastUltimate_0153_20,ST_BLASTULTIMATE_0153_20,Super Death Ball
0153_20,BlastUltimate,ULT2,BlastUltimate2_0153_20_02,ST_BLASTULTIMATE_0153_20_01,Co-op Rising
0154_00,BlastSkill1,,BlastSkill1_0154_00,ST_BLASTSKILL_0154_00_actSPM1,Death Saucer
0154_00,BlastSkill2,,BlastSkill2_0154_00,ST_BLASTSKILL_0154_00_actSPM2,Nova Strike
0154_00,BlastForte1,,BlastForte1_0154_00,ST_BlASTFORTE_006,Psychokinesis
0154_00,BlastForte2,,BlastForte2_0154_00,ST_BlASTFORTE_025,Long Awaited-for 100%
0154_00,BlastUltimate,,BlastUltimate_0154_00,ST_BLASTULTIMATE_0154_00,I'm the One Who'll Kill You!
0155_00,BlastSkill1,,BlastSkill1_0155_00,ST_BLASTSKILL_0155_00_actSPM1,Great Death Beam
0155_00,BlastSkill2,,BlastSkill2_0155_00,ST_BLASTSKILL_0000_43_actSPM2,"""No Hard Feelings"" Hit"
0155_00,BlastForte1,,BlastForte1_0155_00,ST_BlASTFORTE_055,Wild Sense
0155_00,BlastForte2,,BlastForte2_0155_00,ST_BlASTFORTE_129,True Golden Frieza
0155_00,BlastUltimate,,BlastUltimate_0155_00,ST_BLASTULTIMATE_0155_00,Earth Breaker
0160_00,BlastSkill1,,BlastSkill1_0160_00,ST_BLASTSKILL_0160_00_actSPM1,Kamehameha
0160_00,BlastSkill2,,BlastSkill2_0160_00,ST_BLASTSKILL_0160_00_actSPM2,Special Beam Cannon
0160_00,BlastForte1,,BlastForte1_0160_00,ST_BlASTFORTE_001,Solar Flare
0160_00,BlastForte2,,BlastForte2_0160_00,ST_BlASTFORTE_012,Afterimage
0160_00,BlastUltimate,,BlastUltimate_0160_00,ST_BLASTULTIMATE_0160_00,Drain Life Cell
0161_00,BlastSkill1,,BlastSkill1_0161_00,ST_BLASTSKILL_0161_00_actSPM1,Big Bang Crash
0161_00,BlastSkill2,,BlastSkill2_0161_00,ST_BLASTSKILL_0161_00_actSPM2,Drain Life Cell
0161_00,BlastForte1,,BlastForte1_0161_00,ST_BlASTFORTE_001,Solar Flare
0161_00,BlastForte2,,BlastForte2_0161_00,ST_BlASTFORTE_042,Pump Up
0161_00,BlastUltimate,,BlastUltimate_0161_00,ST_BLASTULTIMATE_0161_00,Unforgivable!
0162_00,BlastSkill1,,BlastSkill1_0162_00,ST_BLASTSKILL_0162_00_actSPM1,Super Kamehameha
0162_00,BlastSkill2,,BlastSkill2_0162_00,ST_BLASTSKILL_0162_00_actSPM2,Barrage Death Beam
0162_00,BlastForte1,,BlastForte1_0162_00,ST_BlASTFORTE_068,Explosive Wave
0162_00,BlastForte2,,BlastForte2_0162_00,ST_BlASTFORTE_012,Afterimage
0162_00,BlastUltimate,,BlastUltimate_0162_00,ST_BLASTULTIMATE_0162_00,Perfect Barrier
0162_01,BlastSkill1,,BlastSkill1_0162_01,ST_BLASTSKILL_0162_01_actSPM1,Perfect Beam
0162_01,BlastSkill2,,BlastSkill2_0162_01,ST_BLASTSKILL_0162_01_actSPM2,Perfect Rush
0162_01,BlastForte1,,BlastForte1_0162_01,ST_BlASTFORTE_000,Instant Transmission
0162_01,BlastForte2,,BlastForte2_0162_01,ST_BlASTFORTE_055,Wild Sense
0162_01,BlastUltimate,,BlastUltimate_0162_01,ST_BLASTULTIMATE_0162_01,Solar Kamehameha
0163_00,BlastSkill1,,BlastSkill1_0163_00,ST_BLASTSKILL_0163_00_actSPM1,Special Beam Cannon
0163_00,BlastSkill2,,BlastSkill2_0163_00,ST_BLASTSKILL_0163_00_actSPM2,Innocence Rush
0163_00,BlastForte1,,BlastForte1_0163_00,ST_BlASTFORTE_001,Solar Flare
0163_00,BlastForte2,,BlastForte2_0163_00,ST_BlASTFORTE_016,Explosive Wave
0163_00,BlastUltimate,,BlastUltimate_0163_00,ST_BLASTULTIMATE_0000_22,Super Kamehameha
0170_00,BlastSkill1,,BlastSkill1_0170_00,ST_BLASTSKILL_0170_00_actSPM1,Buu Buu Gum
0170_00,BlastSkill2,,BlastSkill2_0170_00,ST_BLASTSKILL_0162_00_actSPM1,Super Kamehameha
0170_00,BlastForte1,,BlastForte1_0170_00,ST_BlASTFORTE_007,Paralyze Beam
0170_00,BlastForte2,,BlastForte2_0170_00,ST_BlASTFORTE_048,Sleep
0170_00,BlastUltimate,,BlastUltimate_0170_00,ST_BLASTULTIMATE_0170_00,Angry Explosion
0171_00,BlastSkill1,,BlastSkill1_0171_00,ST_BLASTSKILL_0171_00_actSPM1,Super Kamehameha
0171_00,BlastSkill2,,BlastSkill2_0171_00,ST_BLASTSKILL_0171_00_actSPM2,Flame Shower Breath
0171_00,BlastForte1,,BlastForte1_0171_00,ST_BlASTFORTE_007,Paralyze Beam
0171_00,BlastForte2,,BlastForte2_0171_00,ST_BlASTFORTE_054,Mystic Breath
0171_00,BlastUltimate,,BlastUltimate_0171_00,ST_BLASTULTIMATE_0171_00,Guilty Flash
0172_00,BlastSkill1,,BlastSkill1_0172_00,ST_BLASTSKILL_0172_00_actSPM1,Assault Rain
0172_00,BlastSkill2,,BlastSkill2_0172_00,ST_BLASTSKILL_0172_00_actSPM2,Majin Beam
0172_00,BlastForte1,,BlastForte1_0172_00,ST_BlASTFORTE_010,Vice Shout
0172_00,BlastForte2,,BlastForte2_0172_00,ST_BlASTFORTE_076,Regeneration
0172_00,BlastUltimate,,BlastUltimate_0172_00,ST_BLASTULTIMATE_0172_00,Revenge Death Bomber
0172_10,BlastSkill1,,BlastSkill1_0172_10,ST_BLASTSKILL_0172_10_actSPM1,Galactic Donut Volley
0172_10,BlastSkill2,,BlastSkill2_0172_10,ST_BLASTSKILL_0160_00_actSPM2,Special Beam Cannon
0172_10,BlastForte1,,BlastForte1_0172_10,ST_BlASTFORTE_016,Explosive Wave
0172_10,BlastForte2,,BlastForte2_0172_10,ST_BlASTFORTE_076,Regeneration
0172_10,BlastUltimate,,BlastUltimate_0172_10,ST_BLASTULTIMATE_0000_22,Super Kamehameha
0172_11,BlastSkill1,,BlastSkill1_0172_11,ST_BLASTSKILL_0172_11_actSPM1,Super Kamehameha
0172_11,BlastSkill2,,BlastSkill2_0172_11,ST_BLASTSKILL_0172_11_actSPM2,Majin Beam
0172_11,BlastForte1,,BlastForte1_0172_11,ST_BlASTFORTE_012,Afterimage
0172_11,BlastForte2,,BlastForte2_0172_11,ST_BlASTFORTE_045,High-Tension
0172_11,BlastUltimate,,BlastUltimate_0172_11,ST_BLASTULTIMATE_0172_11,Super Ghost Buu Attack
0173_00,BlastSkill1,,BlastSkill1_0173_00,ST_BLASTSKILL_0173_00_actSPM1,Super Kamehameha
0173_00,BlastSkill2,,BlastSkill2_0173_00,ST_BLASTSKILL_0173_00_actSPM2,Mystic Combination
0173_00,BlastForte1,,BlastForte1_0173_00,ST_BlASTFORTE_000,Instant Transmission
0173_00,BlastForte2,,BlastForte2_0173_00,ST_BlASTFORTE_048,Sleep
0173_00,BlastUltimate,,BlastUltimate_0173_00,ST_BLASTULTIMATE_0173_00,Planet Burst
0180_00,BlastSkill1,,BlastSkill1_0180_00,ST_BLASTSKILL_0180_00_actSPM1,Dynamite Kick
0180_00,BlastSkill2,,BlastSkill2_0180_00,ST_BLASTSKILL_0180_00_actSPM2,Present Bomb
0180_00,BlastForte1,,BlastForte1_0180_00,ST_BlASTFORTE_039,False Courage
0180_00,BlastForte2,,BlastForte2_0180_00,ST_BlASTFORTE_087,Royal Raiment?!
0180_00,BlastUltimate,,BlastUltimate_0180_00,ST_BLASTULTIMATE_0180_00,Mr. Buu Arrives!
0190_00,BlastSkill1,,BlastSkill1_0190_00,ST_BLASTSKILL_0190_00_actSPM1,Dodon Ray
0190_00,BlastSkill2,,BlastSkill2_0190_00,ST_BLASTSKILL_0190_00_actSPM2,Psychic Rock Throw
0190_00,BlastForte1,,BlastForte1_0190_00,ST_BlASTFORTE_003,Telekinesis
0190_00,BlastForte2,,BlastForte2_0190_00,ST_BlASTFORTE_012,Afterimage
0190_00,BlastUltimate,,BlastUltimate_0190_00,ST_BLASTULTIMATE_0190_00,"Farewell, Mr. Tien"
0210_00,BlastSkill1,,BlastSkill1_0210_00,ST_BLASTSKILL_0210_00_actSPM1,Ka-Blam Attack
0210_00,BlastSkill2,,BlastSkill2_0210_00,ST_BLASTSKILL_0210_00_actSPM2,Flash and Kill
0210_00,BlastForte1,,BlastForte1_0210_00,ST_BlASTFORTE_043,Super Unyielding Spirit
0210_00,BlastForte2,,BlastForte2_0210_00,ST_BlASTFORTE_066,Senzu Beans
0210_00,BlastUltimate,,BlastUltimate_0210_00,ST_BLASTULTIMATE_0210_00,Miracle Ka-Blam Slash
0220_00,BlastSkill1,,BlastSkill1_0220_00,ST_BLASTSKILL_0220_00_actSPM1,Hyper Tornado
0220_00,BlastSkill2,,BlastSkill2_0220_00,ST_BLASTSKILL_0220_00_actSPM2,Burning Shoot
0220_00,BlastForte1,,BlastForte1_0220_00,ST_BlASTFORTE_055,Wild Sense
0220_00,BlastForte2,,BlastForte2_0220_00,ST_BlASTFORTE_045,High-Tension
0220_00,BlastUltimate,,BlastUltimate_0220_00,ST_BLASTULTIMATE_0220_00,Thunder Flash
0230_00,BlastSkill1,,BlastSkill1_0230_00,ST_BLASTSKILL_0230_00_actSPM1,Kamehameha
0230_00,BlastSkill2,,BlastSkill2_0230_00,ST_BLASTSKILL_0230_00_actSPM2,Giru Missile
0230_00,BlastForte1,,BlastForte1_0230_00,ST_BlASTFORTE_051,Afterimage Strike
0230_00,BlastForte2,,BlastForte2_0230_00,ST_BlASTFORTE_060,Saiyan Spirit
0230_00,BlastUltimate,,BlastUltimate_0230_00,ST_BLASTULTIMATE_0230_00,Maiden's Rage
0240_00,BlastSkill1,,BlastSkill1_0240_00,ST_BLASTSKILL_0240_00_actSPM1,Super Kamehameha
0240_00,BlastSkill2,,BlastSkill2_0240_00,ST_BLASTSKILL_0240_00_actSPM2,Blazing Barrage Palm
0240_00,BlastForte1,,BlastForte1_0240_00,ST_BlASTFORTE_055,Wild Sense
0240_00,BlastForte2,,BlastForte2_0240_00,ST_BlASTFORTE_047,Power Up to the Very Limit
0240_00,BlastUltimate,,BlastUltimate_0240_00,ST_BLASTULTIMATE_0240_00,Super Explosive Wave
0240_01,BlastSkill1,,BlastSkill1_0240_01,ST_BLASTSKILL_0240_01_actSPM1,Super Consecutive Energy Blast
0240_01,BlastSkill2,,BlastSkill2_0240_01,ST_BLASTSKILL_0240_01_actSPM2,Majin Beam
0240_01,BlastForte1,,BlastForte1_0240_01,ST_BlASTFORTE_008,Paralyze Beam
0240_01,BlastForte2,,BlastForte2_0240_01,ST_BlASTFORTE_052,Mystic Breath
0240_01,BlastUltimate,,BlastUltimate_0240_01,ST_BLASTULTIMATE_0240_01,Lightning Arrow
0260_00,BlastSkill1,,BlastSkill1_0260_00,ST_BLASTSKILL_0260_00_actSPM1,Kamehameha
0260_00,BlastSkill2,,BlastSkill2_0260_00,ST_BLASTSKILL_0260_00_actSPM2,Turtle School Four Virtues
0260_00,BlastForte1,,BlastForte1_0260_00,ST_BlASTFORTE_051,Afterimage Strike
0260_00,BlastForte2,,BlastForte2_0260_00,ST_BlASTFORTE_048,Sleep
0260_00,BlastUltimate,,BlastUltimate_0260_00,ST_BLASTULTIMATE_0260_00,Turtle School Tranquility
0270_00,BlastSkill1,,BlastSkill1_0270_00,ST_BLASTSKILL_0270_00_actSPM1,Shura Gekiretsuken
0270_00,BlastSkill2,,BlastSkill2_0270_00,ST_BLASTSKILL_0270_00_actSPM2,Cross Arm Hurricane
0270_00,BlastForte1,,BlastForte1_0270_00,ST_BlASTFORTE_012,Afterimage
0270_00,BlastForte2,,BlastForte2_0270_00,ST_BlASTFORTE_084,For the Villagers
0270_00,BlastUltimate,,BlastUltimate_0270_00,ST_BLASTULTIMATE_0270_00,Aerial Attack
0280_00,BlastSkill1,,BlastSkill1_0280_00,ST_BLASTSKILL_0280_00_actSPM1,Eighter Attack
0280_00,BlastSkill2,,BlastSkill2_0280_00,ST_BLASTSKILL_0280_00_actSPM2,Eighter's Anger
0280_00,BlastForte1,,BlastForte1_0280_00,ST_BlASTFORTE_039,False Courage
0280_00,BlastForte2,,BlastForte2_0280_00,ST_BlASTFORTE_040,Howl
0280_00,BlastUltimate,,BlastUltimate_0280_00,ST_BLASTULTIMATE_0280_00,You Hurt Goku!
0301_00,BlastSkill1,,BlastSkill1_0301_00,ST_BLASTSKILL_0301_00_actSPM1,Bansho Fan
0301_00,BlastSkill2,,BlastSkill2_0301_00,ST_BLASTSKILL_0301_00_actSPM2,You'll Pay for That!
0301_00,BlastForte1,,BlastForte1_0301_00,ST_BlASTFORTE_158,Maiden's Temper
0301_00,BlastForte2,,BlastForte2_0301_00,ST_BlASTFORTE_159,Maiden's Passion
0301_00,BlastUltimate,,BlastUltimate_0301_00,ST_BLASTULTIMATE_0301_00,"Help Me, Goku!"
0310_00,BlastSkill1,,BlastSkill1_0310_00,ST_BLASTSKILL_0310_00_actSPM1,Riot Blaster
0310_00,BlastSkill2,,BlastSkill2_0310_00,ST_BLASTSKILL_0310_00_actSPM2,Final Revenger
0310_00,BlastForte1,,BlastForte1_0310_00,ST_BlASTFORTE_167,Shockwave of Rebellion
0310_00,BlastForte2,,BlastForte2_0310_00,ST_BlASTFORTE_060,Saiyan Spirit
0310_00,BlastUltimate,,BlastUltimate_0310_00,ST_BLASTULTIMATE_0310_00,Final Spirit Cannon
0310_01,BlastSkill1,,BlastSkill1_0310_01,ST_BLASTSKILL_0310_01_actSPM1,Revenger Blaster
0310_01,BlastSkill2,,BlastSkill2_0310_01,ST_BLASTSKILL_0310_01_actSPM2,Fangs of Fury
0310_01,BlastForte1,,BlastForte1_0310_01,ST_BlASTFORTE_167,Shockwave of Rebellion
0310_01,BlastForte2,,BlastForte2_0310_01,ST_BlASTFORTE_195,Super Saiyan Spirit
0310_01,BlastUltimate,,BlastUltimate_0310_01,ST_BLASTULTIMATE_0310_01,Revenge Assault
0320_00,BlastSkill1,,BlastSkill1_0320_00,ST_BLASTSKILL_0320_00_actSPM1,Energy Crash
0320_00,BlastSkill2,,BlastSkill2_0320_00,ST_BLASTSKILL_0320_00_actSPM2,Sonic Assault
0320_00,BlastForte1,,BlastForte1_0320_00,ST_BlASTFORTE_060,Saiyan Spirit
0320_00,BlastForte2,,BlastForte2_0320_00,ST_BlASTFORTE_027,Full Power
0320_00,BlastUltimate,,BlastUltimate_0320_00,ST_BLASTULTIMATE_0320_00,Begone!
0330_00,BlastSkill1,,BlastSkill1_0330_00,ST_BLASTSKILL_0330_00_actSPM1,Full-Power Energy Wave
0330_00,BlastSkill2,,BlastSkill2_0330_00,ST_BLASTSKILL_0120_00_actSPM2,High Speed Rush
0330_00,BlastForte1,,BlastForte1_0330_00,ST_BlASTFORTE_011,Acid
0330_00,BlastForte2,,BlastForte2_0330_00,ST_BlASTFORTE_012,Afterimage
0330_00,BlastUltimate,,BlastUltimate_0330_00,ST_BLASTULTIMATE_0330_00,Saibaman Bomb
0340_00,BlastSkill1,,BlastSkill1_0340_00,ST_BLASTSKILL_0340_00_actSPM1,Volcano Explosion
0340_00,BlastSkill2,,BlastSkill2_0340_00,ST_BLASTSKILL_0340_00_actSPM2,Blazing Storm
0340_00,BlastForte1,,BlastForte1_0340_00,ST_BlASTFORTE_060,Saiyan Spirit
0340_00,BlastForte2,,BlastForte2_0340_00,ST_BlASTFORTE_042,Pump Up
0340_00,BlastUltimate,,BlastUltimate_0340_00,ST_BLASTULTIMATE_0340_00,Nappa Cannon
0350_00,BlastSkill1,,BlastSkill1_0350_00,ST_BLASTSKILL_0350_00_actSPM1,Shooting Star Arrow
0350_00,BlastSkill2,,BlastSkill2_0350_00,ST_BLASTSKILL_0350_00_actSPM2,Bloody Dance
0350_00,BlastForte1,,BlastForte1_0350_00,ST_BlASTFORTE_055,Wild Sense
0350_00,BlastForte2,,BlastForte2_0350_00,ST_BlASTFORTE_027,Full Power
0350_00,BlastUltimate,,BlastUltimate_0350_00,ST_BLASTULTIMATE_0350_00,Elegant Blaster
0351_00,BlastSkill1,,BlastSkill1_0351_00,ST_BLASTSKILL_0351_00_actSPM1,Elegant Blaster
0351_00,BlastSkill2,,BlastSkill2_0351_00,ST_BLASTSKILL_0351_00_actSPM2,Wild Pressure
0351_00,BlastForte1,,BlastForte1_0351_00,ST_BlASTFORTE_039,False Courage
0351_00,BlastForte2,,BlastForte2_0351_00,ST_BlASTFORTE_045,High-Tension
0351_00,BlastUltimate,,BlastUltimate_0351_00,ST_BLASTULTIMATE_0351_00,Monster Crush
0360_00,BlastSkill1,,BlastSkill1_0360_00,ST_BLASTSKILL_0360_00_actSPM1,Chou Makouhou
0360_00,BlastSkill2,,BlastSkill2_0360_00,ST_BLASTSKILL_0360_00_actSPM2,Dodoria Head Ram
0360_00,BlastForte1,,BlastForte1_0360_00,ST_BlASTFORTE_039,False Courage
0360_00,BlastForte2,,BlastForte2_0360_00,ST_BlASTFORTE_042,Pump Up
0360_00,BlastUltimate,,BlastUltimate_0360_00,ST_BLASTULTIMATE_0360_00,Maximum Buster
0370_00,BlastSkill1,,BlastSkill1_0370_00,ST_BLASTSKILL_0370_00_actSPM1,Full-Power Energy Wave
0370_00,BlastSkill2,,BlastSkill2_0370_00,ST_BLASTSKILL_0580_00_actSPM2,Full-Power Energy Wave Combo
0370_00,BlastForte1,,BlastForte1_0370_00,ST_BlASTFORTE_039,False Courage
0370_00,BlastForte2,,BlastForte2_0370_00,ST_BlASTFORTE_048,Sleep
0370_00,BlastUltimate,,BlastUltimate_0370_00,ST_BLASTULTIMATE_0370_00,Ah! Lord Frieza!
0380_00,BlastSkill1,,BlastSkill1_0380_00,ST_BLASTSKILL_0380_00_actSPM1,Full-Power Energy Wave
0380_00,BlastSkill2,,BlastSkill2_0380_00,ST_BLASTSKILL_0380_00_actSPM2,Galaxy Dynamite
0380_00,BlastForte1,,BlastForte1_0380_00,ST_BlASTFORTE_037,SP Fighting Pose 5
0380_00,BlastForte2,,BlastForte2_0380_00,ST_BlASTFORTE_165,Dangerous Shock
0380_00,BlastUltimate,,BlastUltimate_0380_00,ST_BLASTULTIMATE_0380_00,Body Change
0390_00,BlastSkill1,,BlastSkill1_0390_00,ST_BLASTSKILL_0390_00_actSPM1,Recoome Eraser Gun
0390_00,BlastSkill2,,BlastSkill2_0390_00,ST_BLASTSKILL_0390_00_actSPM2,Recoome Grenade Bomber
0390_00,BlastForte1,,BlastForte1_0390_00,ST_BlASTFORTE_039,False Courage
0390_00,BlastForte2,,BlastForte2_0390_00,ST_BlASTFORTE_033,SP Fighting Pose 1
0390_00,BlastUltimate,,BlastUltimate_0390_00,ST_BLASTULTIMATE_0390_00,Recoome Fighting Bomber
0400_00,BlastSkill1,,BlastSkill1_0400_00,ST_BLASTSKILL_0400_00_actSPM1,Full-Power Energy Ball
0400_00,BlastSkill2,,BlastSkill2_0400_00,ST_BLASTSKILL_0400_00_actSPM2,Space Mach Attack
0400_00,BlastForte1,,BlastForte1_0400_00,ST_BlASTFORTE_012,Afterimage
0400_00,BlastForte2,,BlastForte2_0400_00,ST_BlASTFORTE_034,SP Fighting Pose 2
0400_00,BlastUltimate,,BlastUltimate_0400_00,ST_BLASTULTIMATE_0400_00,Purple Comet Attack
0410_00,BlastSkill1,,BlastSkill1_0410_00,ST_BLASTSKILL_0410_00_actSPM1,Full-Power Energy Wave
0410_00,BlastSkill2,,BlastSkill2_0410_00,ST_BLASTSKILL_0410_00_actSPM2,Crusher Ball
0410_00,BlastForte1,,BlastForte1_0410_00,ST_BlASTFORTE_016,Explosive Wave
0410_00,BlastForte2,,BlastForte2_0410_00,ST_BlASTFORTE_035,SP Fighting Pose 3
0410_00,BlastUltimate,,BlastUltimate_0410_00,ST_BLASTULTIMATE_0410_00,Purple Comet Attack
0420_00,BlastSkill1,,BlastSkill1_0420_00,ST_BLASTSKILL_0420_00_actSPM1,Psychic Rock Throw
0420_00,BlastSkill2,,BlastSkill2_0420_00,ST_BLASTSKILL_0420_00_actSPM2,Full-Power Energy Blast Volley
0420_00,BlastForte1,,BlastForte1_0420_00,ST_BlASTFORTE_002,Paralysis
0420_00,BlastForte2,,BlastForte2_0420_00,ST_BlASTFORTE_036,SP Fighting Pose 4
0420_00,BlastUltimate,,BlastUltimate_0420_00,ST_BLASTULTIMATE_0420_00,Guldo Special
0430_00,BlastSkill1,,BlastSkill1_0430_00,ST_BLASTSKILL_0430_00_actSPM1,Full-Power Death Beam
0430_00,BlastSkill2,,BlastSkill2_0430_00,ST_BLASTSKILL_0621_00_actSPM2,Super Explosive Wave
0430_00,BlastForte1,,BlastForte1_0430_00,ST_BlASTFORTE_068,Explosive Wave
0430_00,BlastForte2,,BlastForte2_0430_00,ST_BlASTFORTE_082,King's Dignity
0430_00,BlastUltimate,,BlastUltimate_0430_00,ST_BLASTULTIMATE_0430_00,Power of the Cold Clan
0440_00,BlastSkill1,,BlastSkill1_0440_00,ST_BLASTSKILL_0440_00_actSPM1,Hell's Impact
0440_00,BlastSkill2,,BlastSkill2_0440_00,ST_BLASTSKILL_0440_00_actSPM2,Hell Flash
0440_00,BlastForte1,,BlastForte1_0440_00,ST_BlASTFORTE_019,Explosive Wave
0440_00,BlastForte2,,BlastForte2_0440_00,ST_BlASTFORTE_042,Pump Up
0440_00,BlastUltimate,,BlastUltimate_0440_00,ST_BLASTULTIMATE_0440_00,Self Destruct Device
0450_00,BlastSkill1,,BlastSkill1_0450_00,ST_BLASTSKILL_0450_00_actSPM1,Full-Power Energy Ball
0450_00,BlastSkill2,,BlastSkill2_0450_00,ST_BLASTSKILL_0450_00_actSPM2,Photon Flash
0450_00,BlastForte1,,BlastForte1_0450_00,ST_BlASTFORTE_057,Android Barrier
0450_00,BlastForte2,,BlastForte2_0450_00,ST_BlASTFORTE_041,Finish Sign
0450_00,BlastUltimate,,BlastUltimate_0450_00,ST_BLASTULTIMATE_0450_00,Sadistic Dance
0450_00,BlastUltimate,ULT2,BlastUltimate2_0450_00_01,ST_BLASTULTIMATE_0450_00_01,Hellish Combo
0450_10,BlastSkill1,,BlastSkill1_0450_10,ST_BLASTSKILL_0450_10_actSPM1,High Power Blitz
0450_10,BlastSkill2,,BlastSkill2_0450_10,ST_BLASTSKILL_0450_10_actSPM2,Super Electric Strike
0450_10,BlastForte1,,BlastForte1_0450_10,ST_BlASTFORTE_057,Android Barrier
0450_10,BlastForte2,,BlastForte2_0450_10,ST_BlASTFORTE_121,Time to Get Serious
0450_10,BlastUltimate,,BlastUltimate_0450_10,ST_BLASTULTIMATE_0450_10,Barrier Explosion
0451_00,BlastSkill1,,BlastSkill1_0451_00,ST_BLASTSKILL_0451_00_actSPM1,Full-Power Energy Wave
0451_00,BlastSkill2,,BlastSkill2_0451_00,ST_BLASTSKILL_0451_00_actSPM2,Flash Bomber
0451_00,BlastForte1,,BlastForte1_0451_00,ST_BlASTFORTE_057,Android Barrier
0451_00,BlastForte2,,BlastForte2_0451_00,ST_BlASTFORTE_042,Pump Up
0451_00,BlastUltimate,,BlastUltimate_0451_00,ST_BLASTULTIMATE_0451_00,Electro Eclipse Bomb
0460_00,BlastSkill1,,BlastSkill1_0460_00,ST_BLASTSKILL_0460_00_actSPM1,Infinity Bullet
0460_00,BlastSkill2,,BlastSkill2_0460_00,ST_BLASTSKILL_0460_00_actSPM3,Energy Wave
0460_00,BlastForte1,,BlastForte1_0460_00,ST_BlASTFORTE_013,Android Barrier
0460_00,BlastForte2,,BlastForte2_0460_00,ST_BlASTFORTE_043,Super Unyielding Spirit
0460_00,BlastUltimate,,BlastUltimate_0460_00,ST_BLASTULTIMATE_0460_00,Sadistic 18
0460_00,BlastSkill2,SPM3,BlastSkill3_0460_00,ST_BLASTSKILL_0460_00_actSPM2,Chain Destructo Disc
0470_00,BlastSkill1,,BlastSkill1_0470_00,ST_BLASTSKILL_0470_00_actSPM1,Full-Power Energy Wave
0470_00,BlastSkill2,,BlastSkill2_0470_00,ST_BLASTSKILL_0470_00_actSPM2,High Power Rush
0470_00,BlastForte1,,BlastForte1_0470_00,ST_BlASTFORTE_039,False Courage
0470_00,BlastForte2,,BlastForte2_0470_00,ST_BlASTFORTE_042,Pump Up
0470_00,BlastUltimate,,BlastUltimate_0470_00,ST_BLASTULTIMATE_0470_00,Drain Life 19
0480_00,BlastSkill1,,BlastSkill1_0480_00,ST_BLASTSKILL_0480_00_actSPM1,Full-Power Energy Wave
0480_00,BlastSkill2,,BlastSkill2_0480_00,ST_BLASTSKILL_0480_00_actSPM2,Bionic Punisher
0480_00,BlastForte1,,BlastForte1_0480_00,ST_BlASTFORTE_039,False Courage
0480_00,BlastForte2,,BlastForte2_0480_00,ST_BlASTFORTE_041,Finish Sign
0480_00,BlastUltimate,,BlastUltimate_0480_00,ST_BLASTULTIMATE_0480_00,Drain Life 20
0490_00,BlastSkill1,,BlastSkill1_0490_00,ST_BLASTSKILL_0490_00_actSPM1,Pui Pui Nice Shot
0490_00,BlastSkill2,,BlastSkill2_0490_00,ST_BLASTSKILL_0490_00_actSPM2,Ultimate Explosive Power
0490_00,BlastForte1,,BlastForte1_0490_00,ST_BlASTFORTE_088,Demon Eye
0490_00,BlastForte2,,BlastForte2_0490_00,ST_BlASTFORTE_077,Wizard Barrier
0490_00,BlastUltimate,,BlastUltimate_0490_00,ST_BLASTULTIMATE_0490_00,Super Electroshock Sorcery
0500_00,BlastSkill1,,BlastSkill1_0500_00,ST_BLASTSKILL_0500_00_actSPM1,Evil Impulse
0500_00,BlastSkill2,,BlastSkill2_0500_00,ST_BLASTSKILL_0500_00_actSPM2,Evil Flame
0500_00,BlastForte1,,BlastForte1_0500_00,ST_BlASTFORTE_104,Evil Breath
0500_00,BlastForte2,,BlastForte2_0500_00,ST_BlASTFORTE_051,Afterimage Strike
0500_00,BlastUltimate,,BlastUltimate_0500_00,ST_BLASTULTIMATE_0500_00,Dark Sword Strike
0510_00,BlastSkill1,,BlastSkill1_0510_00,ST_BLASTSKILL_0510_00_actSPM1,Execution Beam
0510_00,BlastSkill2,,BlastSkill2_0510_00,ST_BLASTSKILL_0510_00_actSPM2,Super Energy Wave Combo
0510_00,BlastForte1,,BlastForte1_0510_00,ST_BlASTFORTE_016,Explosive Wave
0510_00,BlastForte2,,BlastForte2_0510_00,ST_BlASTFORTE_072,King of Saiyans
0510_00,BlastUltimate,,BlastUltimate_0510_00,ST_BLASTULTIMATE_0510_00,Orga Blaster
0540_00,BlastSkill1,,BlastSkill1_0540_00,ST_BLASTSKILL_0540_00_actSPM1,Energy Wave
0540_00,BlastSkill2,,BlastSkill2_0540_00,ST_BLASTSKILL_0540_00_actSPM2,Full-Power Energy Wave
0540_00,BlastForte1,,BlastForte1_0540_00,ST_BlASTFORTE_046,Full-Power Charge
0540_00,BlastForte2,,BlastForte2_0540_00,ST_BlASTFORTE_048,Sleep
0540_00,BlastUltimate,,BlastUltimate_0540_00,ST_BLASTULTIMATE_0540_00,Life-Risking Blow!
0550_00,BlastSkill1,,BlastSkill1_0550_00,ST_BLASTSKILL_0550_00_actSPM1,Full-Power Energy Wave
0550_00,BlastSkill2,,BlastSkill2_0550_00,ST_BLASTSKILL_0550_00_actSPM2,High Speed Rush
0550_00,BlastForte1,,BlastForte1_0550_00,ST_BlASTFORTE_055,Wild Sense
0550_00,BlastForte2,,BlastForte2_0550_00,ST_BlASTFORTE_059,Kakarottt!
0550_00,BlastUltimate,,BlastUltimate_0550_00,ST_BLASTULTIMATE_0550_00,Super Explosive Wave
0551_00,BlastSkill1,,BlastSkill1_0551_00,ST_BLASTSKILL_0551_00_actSPM1,Bloody Smash
0551_00,BlastSkill2,,BlastSkill2_0551_00,ST_BLASTSKILL_0551_00_actSPM2,Trap Shooter
0551_00,BlastForte1,,BlastForte1_0551_00,ST_BlASTFORTE_060,Saiyan Spirit
0551_00,BlastForte2,,BlastForte2_0551_00,ST_BlASTFORTE_059,Kakarottt!
0551_00,BlastUltimate,,BlastUltimate_0551_00,ST_BLASTULTIMATE_0551_00,Eraser Cannon
0552_00,BlastSkill1,,BlastSkill1_0552_00,ST_BLASTSKILL_0552_00_actSPM1,Eraser Cannon
0552_00,BlastSkill2,,BlastSkill2_0552_00,ST_BLASTSKILL_0552_00_actSPM2,Gigantic Hammer
0552_00,BlastForte1,,BlastForte1_0552_00,ST_BlASTFORTE_017,Explosive Wave
0552_00,BlastForte2,,BlastForte2_0552_00,ST_BlASTFORTE_059,Kakarottt!
0552_00,BlastUltimate,,BlastUltimate_0552_00,ST_BLASTULTIMATE_0552_00,Omega Blaster
0553_00,BlastSkill1,,BlastSkill1_0553_00,ST_BLASTSKILL_0553_00_actSPM1,Full-Power Energy Wave
0553_00,BlastSkill2,,BlastSkill2_0553_00,ST_BLASTSKILL_0553_00_actSPM2,Gigantic Crash
0553_00,BlastForte1,,BlastForte1_0553_00,ST_BlASTFORTE_046,Full-Power Charge
0553_00,BlastForte2,,BlastForte2_0553_00,ST_BlASTFORTE_103,Going Berserk
0553_00,BlastUltimate,,BlastUltimate_0553_00,ST_BLASTULTIMATE_0553_00,Gigantic Impact
0554_00,BlastSkill1,,BlastSkill1_0554_00,ST_BLASTSKILL_0554_00_actSPM1,Gigantic Cannon
0554_00,BlastSkill2,,BlastSkill2_0554_00,ST_BLASTSKILL_0554_00_actSPM2,Gigantic Rage
0554_00,BlastForte1,,BlastForte1_0554_00,ST_BlASTFORTE_060,Saiyan Spirit
0554_00,BlastForte2,,BlastForte2_0554_00,ST_BlASTFORTE_040,Howl
0554_00,BlastUltimate,,BlastUltimate_0554_00,ST_BLASTULTIMATE_0554_00,Gigantic Ball
0555_00,BlastSkill1,,BlastSkill1_0555_00,ST_BLASTSKILL_0555_00_actSPM1,Gigantic Cannon
0555_00,BlastSkill2,,BlastSkill2_0555_00,ST_BLASTSKILL_0555_00_actSPM2,Blaster Meteor
0555_00,BlastForte1,,BlastForte1_0555_00,ST_BlASTFORTE_119,Wild Move
0555_00,BlastForte2,,BlastForte2_0555_00,ST_BlASTFORTE_120,Untamed Instinct
0555_00,BlastUltimate,,BlastUltimate_0555_00,ST_BLASTULTIMATE_0555_00,Gigantic Catastrophe
0561_00,BlastSkill1,,BlastSkill1_0561_00,ST_BLASTSKILL_0561_00_actSPM1,Death Impact
0561_00,BlastSkill2,,BlastSkill2_0561_00,ST_BLASTSKILL_0561_00_actSPM2,Darkness Illusion
0561_00,BlastForte1,,BlastForte1_0561_00,ST_BlASTFORTE_080,Sealing Paralyze Beam
0561_00,BlastForte2,,BlastForte2_0561_00,ST_BlASTFORTE_064,Makyo Star
0561_00,BlastUltimate,,BlastUltimate_0561_00,ST_BLASTULTIMATE_0561_00,Dead Zone
0570_00,BlastSkill1,,BlastSkill1_0570_00,ST_BLASTSKILL_0570_00_actSPM1,Photon Strike
0570_00,BlastSkill2,,BlastSkill2_0570_00,ST_BLASTSKILL_0570_00_actSPM2,Gigantic Bomber
0570_00,BlastForte1,,BlastForte1_0570_00,ST_BlASTFORTE_093,Barrier
0570_00,BlastForte2,,BlastForte2_0570_00,ST_BlASTFORTE_026,Full Power
0570_00,BlastUltimate,,BlastUltimate_0570_00,ST_BLASTULTIMATE_0570_00,Planet Geyser
0580_00,BlastSkill1,,BlastSkill1_0580_00,ST_BLASTSKILL_0580_00_actSPM1,Kill Driver
0580_00,BlastSkill2,,BlastSkill2_0580_00,ST_BLASTSKILL_0580_00_actSPM2,Full-Power Energy Wave Combo
0580_00,BlastForte1,,BlastForte1_0580_00,ST_BlASTFORTE_016,Explosive Wave
0580_00,BlastForte2,,BlastForte2_0580_00,ST_BlASTFORTE_063,Fruit of the Tree of Might
0580_00,BlastUltimate,,BlastUltimate_0580_00,ST_BLASTULTIMATE_0580_00,Meteor Burst
0590_00,BlastSkill1,,BlastSkill1_0590_00,ST_BLASTSKILL_0590_00_actSPM1,Finger Beam
0590_00,BlastSkill2,,BlastSkill2_0590_00,ST_BLASTSKILL_0590_00_actSPM2,Darkness Eye Beam
0590_00,BlastForte1,,BlastForte1_0590_00,ST_BlASTFORTE_016,Explosive Wave
0590_00,BlastForte2,,BlastForte2_0590_00,ST_BlASTFORTE_045,High-Tension
0590_00,BlastUltimate,,BlastUltimate_0590_00,ST_BLASTULTIMATE_0590_00,Power of Darkness
0591_00,BlastSkill1,,BlastSkill1_0591_00,ST_BLASTSKILL_0591_00_actSPM1,Darkness Eye Beam
0591_00,BlastSkill2,,BlastSkill2_0591_00,ST_BLASTSKILL_0621_00_actSPM2,Super Explosive Wave
0591_00,BlastForte1,,BlastForte1_0591_00,ST_BlASTFORTE_016,Explosive Wave
0591_00,BlastForte2,,BlastForte2_0591_00,ST_BlASTFORTE_042,Pump Up
0591_00,BlastUltimate,,BlastUltimate_0591_00,ST_BLASTULTIMATE_0591_00,Darkness Blaster
0600_00,BlastSkill1,,BlastSkill1_0600_00,ST_BLASTSKILL_0600_00_actSPM1,Full-Power Energy Wave
0600_00,BlastSkill2,,BlastSkill2_0600_00,ST_BLASTSKILL_0590_00_actSPM2,Darkness Eye Beam
0600_00,BlastForte1,,BlastForte1_0600_00,ST_BlASTFORTE_006,Psychokinesis
0600_00,BlastForte2,,BlastForte2_0600_00,ST_BlASTFORTE_012,Afterimage
0600_00,BlastUltimate,,BlastUltimate_0600_00,ST_BLASTULTIMATE_0150_00,Death Ball
0600_10,BlastSkill1,,BlastSkill1_0600_10,ST_BLASTSKILL_0600_10_actSPM1,Lock-On Buster
0600_10,BlastSkill2,,BlastSkill2_0600_10,ST_BLASTSKILL_0600_10_actSPM2,Finger Blitz Barrage
0600_10,BlastForte1,,BlastForte1_0600_10,ST_BlASTFORTE_000,Instant Transmission
0600_10,BlastForte2,,BlastForte2_0600_10,ST_BlASTFORTE_076,Regeneration
0600_10,BlastUltimate,,BlastUltimate_0600_10,ST_BLASTULTIMATE_0600_10,Supernova
0601_00,BlastSkill1,,BlastSkill1_0601_00,ST_BLASTSKILL_0601_00_actSPM1,Death Beam
0601_00,BlastSkill2,,BlastSkill2_0601_00,ST_BLASTSKILL_0601_00_actSPM2,Death Chaser
0601_00,BlastForte1,,BlastForte1_0601_00,ST_BlASTFORTE_006,Psychokinesis
0601_00,BlastForte2,,BlastForte2_0601_00,ST_BlASTFORTE_015,Psycho Barrier
0601_00,BlastUltimate,,BlastUltimate_0601_00,ST_BLASTULTIMATE_0153_10,Supernova
0610_00,BlastSkill1,,BlastSkill1_0610_00,ST_BLASTSKILL_0610_00_actSPM1,Full-Power Energy Wave
0610_00,BlastSkill2,,BlastSkill2_0610_00,ST_BLASTSKILL_0610_00_actSPM2,Spread Finger Beam
0610_00,BlastForte1,,BlastForte1_0610_00,ST_BlASTFORTE_016,Explosive Wave
0610_00,BlastForte2,,BlastForte2_0610_00,ST_BlASTFORTE_041,Finish Sign
0610_00,BlastUltimate,,BlastUltimate_0610_00,ST_BLASTULTIMATE_0610_00,Salza Blade Rush
0620_00,BlastSkill1,,BlastSkill1_0620_00,ST_BLASTSKILL_0620_00_actSPM1,Full-Power Energy Wave
0620_00,BlastSkill2,,BlastSkill2_0620_00,ST_BLASTSKILL_0620_00_actSPM2,Silent Assassin 13
0620_00,BlastForte1,,BlastForte1_0620_00,ST_BlASTFORTE_055,Wild Sense
0620_00,BlastForte2,,BlastForte2_0620_00,ST_BlASTFORTE_045,High-Tension
0620_00,BlastUltimate,,BlastUltimate_0620_00,ST_BLASTULTIMATE_0620_00,S.S. Deadly Bomber
0621_00,BlastSkill1,,BlastSkill1_0621_00,ST_BLASTSKILL_0621_00_actSPM1,S.S. Deadly Bomber
0621_00,BlastSkill2,,BlastSkill2_0621_00,ST_BLASTSKILL_0621_00_actSPM2,Super Explosive Wave
0621_00,BlastForte1,,BlastForte1_0621_00,ST_BlASTFORTE_057,Android Barrier
0621_00,BlastForte2,,BlastForte2_0621_00,ST_BlASTFORTE_042,Pump Up
0621_00,BlastUltimate,,BlastUltimate_0621_00,ST_BLASTULTIMATE_0621_00,S.S. Deadly Hammer
0630_00,BlastSkill1,,BlastSkill1_0630_00,ST_BLASTSKILL_0630_00_actSPM1,Full-Power Energy Ball
0630_00,BlastSkill2,,BlastSkill2_0630_00,ST_BLASTSKILL_0630_00_actSPM2,Trap Shooter
0630_00,BlastForte1,,BlastForte1_0630_00,ST_BlASTFORTE_014,Psycho Barrier
0630_00,BlastForte2,,BlastForte2_0630_00,ST_BlASTFORTE_026,Full Power
0630_00,BlastUltimate,,BlastUltimate_0630_00,ST_BLASTULTIMATE_0630_00,Grand Smasher
0631_00,BlastSkill1,,BlastSkill1_0631_00,ST_BLASTSKILL_0631_00_actSPM1,Grand Smasher
0631_00,BlastSkill2,,BlastSkill2_0631_00,ST_BLASTSKILL_0631_00_actSPM2,Galactic Tyrant
0631_00,BlastForte1,,BlastForte1_0631_00,ST_BlASTFORTE_014,Psycho Barrier
0631_00,BlastForte2,,BlastForte2_0631_00,ST_BlASTFORTE_042,Pump Up
0631_00,BlastUltimate,,BlastUltimate_0631_00,ST_BLASTULTIMATE_0631_00,Galactic Buster
0640_00,BlastSkill1,,BlastSkill1_0640_00,ST_BLASTSKILL_0640_00_actSPM1,Shoot Blaster
0640_00,BlastSkill2,,BlastSkill2_0640_00,ST_BLASTSKILL_0640_00_actSPM2,Trap Shooter
0640_00,BlastForte1,,BlastForte1_0640_00,ST_BlASTFORTE_090,Psycho Thread
0640_00,BlastForte2,,BlastForte2_0640_00,ST_BlASTFORTE_055,Wild Sense
0640_00,BlastUltimate,,BlastUltimate_0640_00,ST_BLASTULTIMATE_0640_00,Sky Zapper
0650_00,BlastSkill1,,BlastSkill1_0650_00,ST_BLASTSKILL_0650_00_actSPM1,Chou Makouhou
0650_00,BlastSkill2,,BlastSkill2_0650_00,ST_BLASTSKILL_0650_00_actSPM2,Rapid Cannon
0650_00,BlastForte1,,BlastForte1_0650_00,ST_BlASTFORTE_052,Mystic Breath
0650_00,BlastForte2,,BlastForte2_0650_00,ST_BlASTFORTE_040,Howl
0650_00,BlastUltimate,,BlastUltimate_0650_00,ST_BLASTULTIMATE_0650_00,Illusion Smash
0651_00,BlastSkill1,,BlastSkill1_0651_00,ST_BLASTSKILL_0651_00_actSPM1,Evil Cannon
0651_00,BlastSkill2,,BlastSkill2_0651_00,ST_BLASTSKILL_0651_00_actSPM2,Lightning Shower Rain
0651_00,BlastForte1,,BlastForte1_0651_00,ST_BlASTFORTE_052,Mystic Breath
0651_00,BlastForte2,,BlastForte2_0651_00,ST_BlASTFORTE_130,Dimension Shift
0651_00,BlastUltimate,,BlastUltimate_0651_00,ST_BLASTULTIMATE_0651_00,Dimension Sword Attack
0660_00,BlastSkill1,,BlastSkill1_0660_00,ST_BLASTSKILL_0660_00_actSPM1,Brave Cannon
0660_00,BlastSkill2,,BlastSkill2_0660_00,ST_BLASTSKILL_0660_00_actSPM2,Brave Slash
0660_00,BlastForte1,,BlastForte1_0660_00,ST_BlASTFORTE_058,Hero's Flute
0660_00,BlastForte2,,BlastForte2_0660_00,ST_BlASTFORTE_012,Afterimage
0660_00,BlastUltimate,,BlastUltimate_0660_00,ST_BLASTULTIMATE_0660_00,Brave Sword Attack
0670_00,BlastSkill1,,BlastSkill1_0670_00,ST_BLASTSKILL_0670_00_actSPM1,Chou Makousen
0670_00,BlastSkill2,,BlastSkill2_0670_00,ST_BLASTSKILL_0621_00_actSPM2,Super Explosive Wave
0670_00,BlastForte1,,BlastForte1_0670_00,ST_BlASTFORTE_016,Explosive Wave
0670_00,BlastForte2,,BlastForte2_0670_00,ST_BlASTFORTE_050,Dark Eyes
0670_00,BlastUltimate,,BlastUltimate_0670_00,ST_BLASTULTIMATE_0670_00,Gigantic Flame
0680_00,BlastSkill1,,BlastSkill1_0680_00,ST_BLASTSKILL_0680_00_actSPM1,Galick Gun
0680_00,BlastSkill2,,BlastSkill2_0680_00,ST_BLASTSKILL_0680_00_actSPM2,Finger Blitz Barrage
0680_00,BlastForte1,,BlastForte1_0680_00,ST_BlASTFORTE_016,Explosive Wave
0680_00,BlastForte2,,BlastForte2_0680_00,ST_BlASTFORTE_045,High-Tension
0680_00,BlastUltimate,,BlastUltimate_0680_00,ST_BLASTULTIMATE_0020_60,Final Flash
0680_01,BlastSkill1,,BlastSkill1_0680_01,ST_BLASTSKILL_0680_01_actSPM1,Galick Gun
0680_01,BlastSkill2,,BlastSkill2_0680_01,ST_BLASTSKILL_0680_01_actSPM2,Tuffle Revenger
0680_01,BlastForte1,,BlastForte1_0680_01,ST_BlASTFORTE_012,Afterimage
0680_01,BlastForte2,,BlastForte2_0680_01,ST_BlASTFORTE_045,High-Tension
0680_01,BlastUltimate,,BlastUltimate_0680_01,ST_BLASTULTIMATE_0020_60,Final Flash
0680_02,BlastSkill1,,BlastSkill1_0680_02,ST_BLASTSKILL_0680_02_actSPM1,Final Flash
0680_02,BlastSkill2,,BlastSkill2_0680_02,ST_BLASTSKILL_0680_02_actSPM2,Revenge Cutter
0680_02,BlastForte1,,BlastForte1_0680_02,ST_BlASTFORTE_068,Explosive Wave
0680_02,BlastForte2,,BlastForte2_0680_02,ST_BlASTFORTE_026,Full Power
0680_02,BlastUltimate,,BlastUltimate_0680_02,ST_BLASTULTIMATE_0680_02,Revenge Death Ball
0681_00,BlastSkill1,,BlastSkill1_0681_00,ST_BLASTSKILL_0681_00_actSPM1,Super Galick Gun
0681_00,BlastSkill2,,BlastSkill2_0681_00,ST_BLASTSKILL_0681_00_actSPM2,Gigantic Flame
0681_00,BlastForte1,,BlastForte1_0681_00,ST_BlASTFORTE_016,Explosive Wave
0681_00,BlastForte2,,BlastForte2_0681_00,ST_BlASTFORTE_040,Howl
0681_00,BlastUltimate,,BlastUltimate_0681_00,ST_BLASTULTIMATE_0681_00,Revenge Death Ball Final
0690_00,BlastSkill1,,BlastSkill1_0690_00,ST_BLASTSKILL_0690_00_actSPM1,Burst Attack
0690_00,BlastSkill2,,BlastSkill2_0690_00,ST_BLASTSKILL_0690_00_actSPM2,Burning Tornado
0690_00,BlastForte1,,BlastForte1_0690_00,ST_BlASTFORTE_000,Instant Transmission
0690_00,BlastForte2,,BlastForte2_0690_00,ST_BlASTFORTE_016,Explosive Wave
0690_00,BlastUltimate,,BlastUltimate_0690_00,ST_BLASTULTIMATE_0690_00,Blaster Meteor
0700_00,BlastSkill1,,BlastSkill1_0700_00,ST_BLASTSKILL_0700_00_actSPM1,Trap Shooter
0700_00,BlastSkill2,,BlastSkill2_0700_00,ST_BLASTSKILL_0700_00_actSPM2,Blazing Storm
0700_00,BlastForte1,,BlastForte1_0700_00,ST_BlASTFORTE_068,Explosive Wave
0700_00,BlastForte2,,BlastForte2_0700_00,ST_BlASTFORTE_053,Mystic Breath
0700_00,BlastUltimate,,BlastUltimate_0700_00,ST_BLASTULTIMATE_0700_00,Gigantic Blaze
0700_01,BlastSkill1,,BlastSkill1_0700_01,ST_BLASTSKILL_0700_01_actSPM1,Gigantic Blaze
0700_01,BlastSkill2,,BlastSkill2_0700_01,ST_BLASTSKILL_0700_01_actSPM2,Dragon Thunder
0700_01,BlastForte1,,BlastForte1_0700_01,ST_BlASTFORTE_055,Wild Sense
0700_01,BlastForte2,,BlastForte2_0700_01,ST_BlASTFORTE_047,Power Up to the Very Limit
0700_01,BlastUltimate,,BlastUltimate_0700_01,ST_BLASTULTIMATE_0700_01,Minus Energy Power Ball
0710_00,BlastSkill1,,BlastSkill1_0710_00,ST_BLASTSKILL_0710_00_actSPM1,Original Dodon Ray
0710_00,BlastSkill2,,BlastSkill2_0710_00,ST_BLASTSKILL_0710_00_actSPM2,Crane Style Assassin Strike
0710_00,BlastForte1,,BlastForte1_0710_00,ST_BlASTFORTE_039,False Courage
0710_00,BlastForte2,,BlastForte2_0710_00,ST_BlASTFORTE_055,Wild Sense
0710_00,BlastUltimate,,BlastUltimate_0710_00,ST_BLASTULTIMATE_0710_00,Ultimate Final Strategy
0720_00,BlastSkill1,,BlastSkill1_0720_00,ST_BLASTSKILL_0720_00_actSPM1,I'll Shoot You!
0720_00,BlastSkill2,,BlastSkill2_0720_00,ST_BLASTSKILL_0720_00_actSPM2,Skewer!
0720_00,BlastForte1,,BlastForte1_0720_00,ST_BlASTFORTE_003,Telekinesis
0720_00,BlastForte2,,BlastForte2_0720_00,ST_BlASTFORTE_083,I'm the Worst!
0720_00,BlastUltimate,,BlastUltimate_0720_00,ST_BLASTULTIMATE_0720_00,Rocket Engine Spark
0730_00,BlastSkill1,,BlastSkill1_0730_00,ST_BLASTSKILL_0730_00_actSPM1,Fork Attack
0730_00,BlastSkill2,,BlastSkill2_0730_00,ST_BLASTSKILL_0730_00_actSPM2,Demon Fork Rush
0730_00,BlastForte1,,BlastForte1_0730_00,ST_BlASTFORTE_007,Paralyze Beam
0730_00,BlastForte2,,BlastForte2_0730_00,ST_BlASTFORTE_039,False Courage
0730_00,BlastUltimate,,BlastUltimate_0730_00,ST_BLASTULTIMATE_0730_00,Devilmite Beam
0760_00,BlastSkill1,,BlastSkill1_0760_00,ST_BLASTSKILL_0760_00_actSPM1,Berserker Crash
0760_00,BlastSkill2,,BlastSkill2_0760_00,ST_BLASTSKILL_0760_00_actSPM2,Mad Banquet
0760_00,BlastForte1,,BlastForte1_0760_00,ST_BlASTFORTE_105,A Servant's Latent Power
0760_00,BlastForte2,,BlastForte2_0760_00,ST_BlASTFORTE_106,Berserker
0760_00,BlastUltimate,,BlastUltimate_0760_00,ST_BLASTULTIMATE_0760_00,Majin Buu Resurrection
0780_00,BlastSkill1,,BlastSkill1_0780_00,ST_BLASTSKILL_0780_00_actSPM1,Sphere of Destruction
0780_00,BlastSkill2,,BlastSkill2_0780_00,ST_BLASTSKILL_0780_00_actSPM2,Hakai Headshot
0780_00,BlastForte1,,BlastForte1_0780_00,ST_BlASTFORTE_048,Sleep
0780_00,BlastForte2,,BlastForte2_0780_00,ST_BlASTFORTE_122,Verdict of Destruction
0780_00,BlastUltimate,,BlastUltimate_0780_00,ST_BLASTULTIMATE_0780_00,Super Sphere of Destruction
0790_00,BlastSkill1,,BlastSkill1_0790_00,ST_BLASTSKILL_0790_00_actSPM1,Prelude to Destruction
0790_00,BlastSkill2,,BlastSkill2_0790_00,ST_BLASTSKILL_0790_00_actSPM2,Symphonic Destruction
0790_00,BlastForte1,,BlastForte1_0790_00,ST_BlASTFORTE_093,Barrier
0790_00,BlastForte2,,BlastForte2_0790_00,ST_BlASTFORTE_149,Snack Time
0790_00,BlastUltimate,,BlastUltimate_0790_00,ST_BLASTULTIMATE_0790_00,Epilogue to Destruction
0800_00,BlastSkill1,,BlastSkill1_0800_00,ST_BLASTSKILL_0800_00_actSPM1,Black Power Ball
0800_00,BlastSkill2,,BlastSkill2_0800_00,ST_BLASTSKILL_0800_00_actSPM2,Black Bind
0800_00,BlastForte1,,BlastForte1_0800_00,ST_BlASTFORTE_055,Wild Sense
0800_00,BlastForte2,,BlastForte2_0800_00,ST_BlASTFORTE_041,Finish Sign
0800_00,BlastUltimate,,BlastUltimate_0800_00,ST_BLASTULTIMATE_0800_00,Black Kamehameha
0800_01,BlastSkill1,,BlastSkill1_0800_01,ST_BLASTSKILL_0800_01_actSPM1,Black Kamehameha
0800_01,BlastSkill2,,BlastSkill2_0800_01,ST_BLASTSKILL_0800_01_actSPM2,Godly Display Slash
0800_01,BlastForte1,,BlastForte1_0800_01,ST_BlASTFORTE_000,Instant Transmission
0800_01,BlastForte2,,BlastForte2_0800_01,ST_BlASTFORTE_139,Audacious Laugh
0800_01,BlastUltimate,,BlastUltimate_0800_01,ST_BLASTULTIMATE_0800_01,Godly Black Kamehameha
0810_00,BlastSkill1,,BlastSkill1_0810_00,ST_BLASTSKILL_0810_00_actSPM1,Divine Steel Blast
0810_00,BlastSkill2,,BlastSkill2_0810_00,ST_BLASTSKILL_0810_00_actSPM2,God Slicer
0810_00,BlastForte1,,BlastForte1_0810_00,ST_BlASTFORTE_150,Immortal Body
0810_00,BlastForte2,,BlastForte2_0810_00,ST_BlASTFORTE_051,Afterimage Strike
0810_00,BlastUltimate,,BlastUltimate_0810_00,ST_BLASTULTIMATE_0810_00,Holy Light Grenade
0810_01,BlastSkill1,,BlastSkill1_0810_01,ST_BLASTSKILL_0810_01_actSPM1,Holy Wrath
0810_01,BlastSkill2,,BlastSkill2_0810_01,ST_BLASTSKILL_0810_01_actSPM2,Blades of Judgment
0810_01,BlastForte1,,BlastForte1_0810_01,ST_BlASTFORTE_150,Immortal Body
0810_01,BlastForte2,,BlastForte2_0810_01,ST_BlASTFORTE_151,This is True Justice!
0810_01,BlastUltimate,,BlastUltimate_0810_01,ST_BLASTULTIMATE_0810_01,Lightning of Absolution
0811_00,BlastSkill1,,BlastSkill1_0811_00,ST_BLASTSKILL_0811_00_actSPM1,Mark of Condemnation
0811_00,BlastSkill2,,BlastSkill2_0811_00,ST_BLASTSKILL_0811_00_actSPM2,Violent Fierce God Slicer
0811_00,BlastForte1,,BlastForte1_0811_00,ST_BlASTFORTE_016,Explosive Wave
0811_00,BlastForte2,,BlastForte2_0811_00,ST_BlASTFORTE_152,Light of Justice
0811_00,BlastUltimate,,BlastUltimate_0811_00,ST_BLASTULTIMATE_0811_00,Divine Hammer
0820_00,BlastSkill1,,BlastSkill1_0820_00,ST_BLASTSKILL_0820_00_actSPM1,Soumasen
0820_00,BlastSkill2,,BlastSkill2_0820_00,ST_BLASTSKILL_0820_00_actSPM2,Explosive Evil Impact
0820_00,BlastForte1,,BlastForte1_0820_00,ST_BlASTFORTE_007,Paralyze Beam
0820_00,BlastForte2,,BlastForte2_0820_00,ST_BlASTFORTE_030,Full Power
0820_00,BlastUltimate,,BlastUltimate_0820_00,ST_BLASTULTIMATE_0820_00,Explosive Demon Wave
0830_00,BlastSkill1,,BlastSkill1_0830_00,ST_BLASTSKILL_0830_00_actSPM1,Elite Beam
0830_00,BlastSkill2,,BlastSkill2_0830_00,ST_BLASTSKILL_0830_00_actSPM2,Elite Rush
0830_00,BlastForte1,,BlastForte1_0830_00,ST_BlASTFORTE_140,Elite Flash
0830_00,BlastForte2,,BlastForte2_0830_00,ST_BlASTFORTE_141,Elite Pose
0830_00,BlastUltimate,,BlastUltimate_0830_00,ST_BLASTULTIMATE_0830_00,Super Elite Combo
0870_00,BlastSkill1,,BlastSkill1_0870_00,ST_BLASTSKILL_0870_00_actSPM1,Assassin's Art
0870_00,BlastSkill2,,BlastSkill2_0870_00,ST_BLASTSKILL_0870_00_actSPM2,Time Skip/Jump Spike
0870_00,BlastForte1,,BlastForte1_0870_00,ST_BlASTFORTE_131,Ki Clone
0870_00,BlastForte2,,BlastForte2_0870_00,ST_BlASTFORTE_132,Time Skip
0870_00,BlastUltimate,,BlastUltimate_0870_00,ST_BLASTULTIMATE_0870_00,Time Prison
0881_00,BlastSkill1,,BlastSkill1_0881_00,ST_BLASTSKILL_0880_01_actSPM1,Chaos Beam
0881_00,BlastSkill2,,BlastSkill2_0881_00,ST_BLASTSKILL_0880_01_actSPM2,Secret Poison
0881_00,BlastForte1,,BlastForte1_0881_00,ST_BlASTFORTE_016,Explosive Wave
0881_00,BlastForte2,,BlastForte2_0881_00,ST_BlASTFORTE_142,Welcome to My World
0881_00,BlastUltimate,,BlastUltimate_0881_00,ST_BLASTULTIMATE_0881_00,Chaos Ball
0890_00,BlastSkill1,,BlastSkill1_0890_00,ST_BLASTSKILL_0890_00_actSPM1,Galick Cannon
0890_00,BlastSkill2,,BlastSkill2_0890_00,ST_BLASTSKILL_0120_00_actSPM2,High Speed Rush
0890_00,BlastForte1,,BlastForte1_0890_00,ST_BlASTFORTE_016,Explosive Wave
0890_00,BlastForte2,,BlastForte2_0890_00,ST_BlASTFORTE_026,Full Power
0890_00,BlastUltimate,,BlastUltimate_0890_00,ST_BLASTULTIMATE_0890_00,Galick Rage
0890_01,BlastSkill1,,BlastSkill1_0890_01,ST_BLASTSKILL_0890_01_actSPM1,Galick Rain
0890_01,BlastSkill2,,BlastSkill2_0890_01,ST_BLASTSKILL_0890_01_actSPM2,Galick Rage
0890_01,BlastForte1,,BlastForte1_0890_01,ST_BlASTFORTE_016,Explosive Wave
0890_01,BlastForte2,,BlastForte2_0890_01,ST_BlASTFORTE_055,Wild Sense
0890_01,BlastUltimate,,BlastUltimate_0890_01,ST_BLASTULTIMATE_0890_01,Super Galick Cannon
0890_02,BlastSkill1,,BlastSkill1_0890_02,ST_BLASTSKILL_0890_02_actSPM1,Super Galick Cannon
0890_02,BlastSkill2,,BlastSkill2_0890_02,ST_BLASTSKILL_0890_01_actSPM1,Galick Rain
0890_02,BlastForte1,,BlastForte1_0890_02,ST_BlASTFORTE_016,Explosive Wave
0890_02,BlastForte2,,BlastForte2_0890_02,ST_BlASTFORTE_153,Growth
0890_02,BlastUltimate,,BlastUltimate_0890_02,ST_BLASTULTIMATE_0890_02,Final Stream
0900_00,BlastSkill1,,BlastSkill1_0900_00,ST_BLASTSKILL_0900_00_actSPM1,Full-Power Energy Wave
0900_00,BlastSkill2,,BlastSkill2_0900_00,ST_BLASTSKILL_0900_00_actSPM2,Super Explosive Wave
0900_00,BlastForte1,,BlastForte1_0900_00,ST_BlASTFORTE_039,False Courage
0900_00,BlastForte2,,BlastForte2_0900_00,ST_BlASTFORTE_055,Wild Sense
0900_00,BlastUltimate,,BlastUltimate_0900_00,ST_BLASTULTIMATE_0900_00,Crush Cannon
0900_02,BlastSkill1,,BlastSkill1_0900_02,ST_BLASTSKILL_0900_02_actSPM1,Energy Blast
0900_02,BlastSkill2,,BlastSkill2_0900_02,ST_BLASTSKILL_0470_00_actSPM2,High Power Rush
0900_02,BlastForte1,,BlastForte1_0900_02,ST_BlASTFORTE_055,Wild Sense
0900_02,BlastForte2,,BlastForte2_0900_02,ST_BlASTFORTE_029,Full Power
0900_02,BlastUltimate,,BlastUltimate_0900_02,ST_BLASTULTIMATE_0900_02,Limit Break Blaster
0910_00,BlastSkill1,,BlastSkill1_0910_00,ST_BLASTSKILL_0910_00_actSPM1,Resistance Cannon
0910_00,BlastSkill2,,BlastSkill2_0910_00,ST_BLASTSKILL_0420_00_actSPM2,Full-Power Energy Blast Volley
0910_00,BlastForte1,,BlastForte1_0910_00,ST_BlASTFORTE_046,Full-Power Charge
0910_00,BlastForte2,,BlastForte2_0910_00,ST_BlASTFORTE_103,Going Berserk
0910_00,BlastUltimate,,BlastUltimate_0910_00,ST_BLASTULTIMATE_0910_00,Resistance Blast
0911_00,BlastSkill1,,BlastSkill1_0911_00,ST_BLASTSKILL_0911_00_actSPM1,Gigantic Impact
0911_00,BlastSkill2,,BlastSkill2_0911_00,ST_BLASTSKILL_0911_00_actSPM2,Gigantic Throw
0911_00,BlastForte1,,BlastForte1_0911_00,ST_BlASTFORTE_161,Cry of Rage
0911_00,BlastForte2,,BlastForte2_0911_00,ST_BlASTFORTE_162,Berserk Rage
0911_00,BlastUltimate,,BlastUltimate_0911_00,ST_BLASTULTIMATE_0911_00,Berserk Blaster
0912_00,BlastSkill1,,BlastSkill1_0912_00,ST_BLASTSKILL_0912_00_actSPM1,Resistance Blast
0912_00,BlastSkill2,,BlastSkill2_0912_00,ST_BLASTSKILL_0912_00_actSPM2,Super Explosive Wave
0912_00,BlastForte1,,BlastForte1_0912_00,ST_BlASTFORTE_055,Wild Sense
0912_00,BlastForte2,,BlastForte2_0912_00,ST_BlASTFORTE_060,Saiyan Spirit
0912_00,BlastUltimate,,BlastUltimate_0912_00,ST_BLASTULTIMATE_0912_00,Limit Break Blaster
0920_00,BlastSkill1,,BlastSkill1_0920_00,ST_BLASTSKILL_0920_00_actSPM1,Blaster Ball
0920_00,BlastSkill2,,BlastSkill2_0920_00,ST_BLASTSKILL_0920_00_actSPM2,Gigantic Swing
0920_00,BlastForte1,,BlastForte1_0920_00,ST_BlASTFORTE_055,Wild Sense
0920_00,BlastForte2,,BlastForte2_0920_00,ST_BlASTFORTE_045,High-Tension
0920_00,BlastUltimate,,BlastUltimate_0920_00,ST_BLASTULTIMATE_0920_00,Gigantic Burn
0920_01,BlastSkill1,,BlastSkill1_0920_01,ST_BLASTSKILL_0920_01_actSPM1,Blaster Ball
0920_01,BlastSkill2,,BlastSkill2_0920_01,ST_BLASTSKILL_0920_01_actSPM2,Gigantic Claw
0920_01,BlastForte1,,BlastForte1_0920_01,ST_BlASTFORTE_039,False Courage
0920_01,BlastForte2,,BlastForte2_0920_01,ST_BlASTFORTE_041,Finish Sign
0920_01,BlastUltimate,,BlastUltimate_0920_01,ST_BLASTULTIMATE_0920_01,Hexa-Cannonball
0920_02,BlastSkill1,,BlastSkill1_0920_02,ST_BLASTSKILL_0920_02_actSPM1,Gigantic Ray
0920_02,BlastSkill2,,BlastSkill2_0920_02,ST_BLASTSKILL_0920_02_actSPM2,Gigantic Breaker
0920_02,BlastForte1,,BlastForte1_0920_02,ST_BlASTFORTE_060,Saiyan Spirit
0920_02,BlastForte2,,BlastForte2_0920_02,ST_BlASTFORTE_154,I'm Number One!
0920_02,BlastUltimate,,BlastUltimate_0920_02,ST_BLASTULTIMATE_0920_02,Gigantic Burst
0930_00,BlastSkill1,,BlastSkill1_0930_00,ST_BLASTSKILL_0930_00_actSPM1,Power Impact
0930_00,BlastSkill2,,BlastSkill2_0930_00,ST_BLASTSKILL_0930_00_actSPM2,Infinity Rush
0930_00,BlastForte1,,BlastForte1_0930_00,ST_BlASTFORTE_133,Ki Pressure
0930_00,BlastForte2,,BlastForte2_0930_00,ST_BlASTFORTE_134,Meditation
0930_00,BlastUltimate,,BlastUltimate_0930_00,ST_BLASTULTIMATE_0930_00,Heat Break
0931_00,BlastSkill1,,BlastSkill1_0931_00,ST_BLASTSKILL_0931_00_actSPM1,Heatwave Magnetron
0931_00,BlastSkill2,,BlastSkill2_0931_00,ST_BLASTSKILL_0931_00_actSPM2,Overheating Blast
0931_00,BlastForte1,,BlastForte1_0931_00,ST_BlASTFORTE_135,Ki Storm
0931_00,BlastForte2,,BlastForte2_0931_00,ST_BlASTFORTE_136,Strength is Absolute!
0931_00,BlastUltimate,,BlastUltimate_0931_00,ST_BLASTULTIMATE_0931_00,Omegaheat Magnetron
0940_00,BlastSkill1,,BlastSkill1_0940_00,ST_BLASTSKILL_0940_00_actSPM1,Justice Flash
0940_00,BlastSkill2,,BlastSkill2_0940_00,ST_BLASTSKILL_0940_00_actSPM2,Justice Tornado
0940_00,BlastForte1,,BlastForte1_0940_00,ST_BlASTFORTE_143,Justice!
0940_00,BlastForte2,,BlastForte2_0940_00,ST_BlASTFORTE_144,Pride Trooper Pose 1
0940_00,BlastUltimate,,BlastUltimate_0940_00,ST_BLASTULTIMATE_0950_00,United Justice Stream
0941_00,BlastSkill1,,BlastSkill1_0941_00,ST_BLASTSKILL_0941_00_actSPM1,Destruction Flash
0941_00,BlastSkill2,,BlastSkill2_0941_00,ST_BLASTSKILL_0941_00_actSPM2,Sphere of Destruction
0941_00,BlastForte1,,BlastForte1_0941_00,ST_BlASTFORTE_145,Resolution
0941_00,BlastForte2,,BlastForte2_0941_00,ST_BlASTFORTE_146,Hakai Aura
0941_00,BlastUltimate,,BlastUltimate_0941_00,ST_BLASTULTIMATE_0941_00,Super Large Sphere of Destruction
0950_00,BlastSkill1,,BlastSkill1_0950_00,ST_BLASTSKILL_0950_00_actSPM1,Justice Crusher
0950_00,BlastSkill2,,BlastSkill2_0950_00,ST_BLASTSKILL_0950_00_actSPM2,Justice Kick
0950_00,BlastForte1,,BlastForte1_0950_00,ST_BlASTFORTE_147,Super Maximum Light Speed Mode
0950_00,BlastForte2,,BlastForte2_0950_00,ST_BlASTFORTE_148,Pride Trooper Pose 2
0950_00,BlastUltimate,,BlastUltimate_0950_00,ST_BLASTULTIMATE_0950_00,United Justice Stream
1000_00,BlastSkill1,,BlastSkill1_1000_00,ST_BLASTSKILL_1000_00_actSPM1,Sphere of Destruction
1000_00,BlastSkill2,,BlastSkill2_1000_00,ST_BLASTSKILL_1000_00_actSPM2,God of Destruction's Menace
1000_00,BlastForte1,,BlastForte1_1000_00,ST_BlASTFORTE_048,Sleep
1000_00,BlastForte2,,BlastForte2_1000_00,ST_BlASTFORTE_155,Fury
1000_00,BlastUltimate,,BlastUltimate_1000_00,ST_BLASTULTIMATE_1000_00,Super Sphere of Destruction
1190_00,BlastSkill1,,BlastSkill1_1190_00,ST_BLASTSKILL_1190_00_actSPM1,Wolfgang Penetrator
1190_00,BlastSkill2,,BlastSkill2_1190_00,ST_BLASTSKILL_1190_00_actSPM2,Danger Knuckle
1190_00,BlastForte1,,BlastForte1_1190_00,ST_BlASTFORTE_040,Howl
1190_00,BlastForte2,,BlastForte2_1190_00,ST_BlASTFORTE_160,Come at Me!
1190_00,BlastUltimate,,BlastUltimate_1190_00,ST_BLASTULTIMATE_1190_00,Triangle Danger Beam
1321_00,BlastSkill1,,BlastSkill1_1321_00,ST_BLASTSKILL_1321_00_actSPM1,Pretty Cannon
1321_00,BlastSkill2,,BlastSkill2_1321_00,ST_BLASTSKILL_1321_00_actSPM2,Maiden's Charge
1321_00,BlastForte1,,BlastForte1_1321_00,ST_BlASTFORTE_156,Light of Love
1321_00,BlastForte2,,BlastForte2_1321_00,ST_BlASTFORTE_157,Maiden's Fury
1321_00,BlastUltimate,,BlastUltimate_1321_00,ST_BLASTULTIMATE_1321_00,Infinite Love
1331_00,BlastSkill1,,BlastSkill1_1331_00,ST_BLASTSKILL_1331_00_actSPM1,Primal Charge
1331_00,BlastSkill2,,BlastSkill2_1331_00,ST_BLASTSKILL_1331_00_actSPM2,Primal Instinct
1331_00,BlastForte1,,BlastForte1_1331_00,ST_BlASTFORTE_055,Wild Sense
1331_00,BlastForte2,,BlastForte2_1331_00,ST_BlASTFORTE_157,Maiden's Fury
1331_00,BlastUltimate,,BlastUltimate_1331_00,ST_BLASTULTIMATE_1331_00,Love Symphony
1341_00,BlastSkill1,,BlastSkill1_1341_00,ST_BLASTSKILL_1341_00_actSPM1,Yatchaina Fist
1341_00,BlastSkill2,,BlastSkill2_1341_00,ST_BLASTSKILL_0420_00_actSPM2,Full-Power Energy Blast Volley
1341_00,BlastForte1,,BlastForte1_1341_00,ST_BlASTFORTE_046,Full-Power Charge
1341_00,BlastForte2,,BlastForte2_1341_00,ST_BlASTFORTE_157,Maiden's Fury
1341_00,BlastUltimate,,BlastUltimate_1341_00,ST_BLASTULTIMATE_1331_00,Love Symphony
1500_00,BlastSkill1,,BlastSkill1_1500_00,ST_BLASTSKILL_1500_00_actSPM1,Warp Punch
1500_00,BlastSkill2,,BlastSkill2_1500_00,ST_BLASTSKILL_1500_00_actSPM2,Spread Energy Blast
1500_00,BlastForte1,,BlastForte1_1500_00,ST_BlASTFORTE_163,Ultrasonic Sensor
1500_00,BlastForte2,,BlastForte2_1500_00,ST_BlASTFORTE_040,Howl
1500_00,BlastUltimate,,BlastUltimate_1500_00,ST_BLASTULTIMATE_1500_00,Destruction Burst
1960_00,BlastSkill1,,BlastSkill1_1960_00,ST_BLASTSKILL_1960_00_actSPM1,Energy Shot
1960_00,BlastSkill2,,BlastSkill2_1960_00,ST_BLASTSKILL_1960_00_actSPM2,Surprise Attack
1960_00,BlastForte1,,BlastForte1_1960_00,ST_BlASTFORTE_164,Flash Blast
1960_00,BlastForte2,,BlastForte2_1960_00,ST_BlASTFORTE_039,False Courage
1960_00,BlastUltimate,,BlastUltimate_1960_00,ST_BLASTULTIMATE_1960_00,Survival Attack
3000_00,BlastSkill1,,BlastSkill1_3000_00,ST_BLASTSKILL_3000_00_actSPM1,Masenko
3000_00,BlastSkill2,,BlastSkill2_3000_00,ST_BLASTSKILL_3000_00_actSPM2,High-Speed Rush
3000_00,BlastForte1,,BlastForte1_3000_00,ST_BlASTFORTE_012,Afterimage
3000_00,BlastForte2,,BlastForte2_3000_00,ST_BlASTFORTE_046,Full-Power Charge
3000_00,BlastUltimate,,BlastUltimate_3000_00,ST_BLASTULTIMATE_3000_00,Super Kamehameha
3000_01,BlastSkill1,,BlastSkill1_3000_01,ST_BLASTSKILL_3000_01_actSPM1,Explosive Ray
3000_01,BlastSkill2,,BlastSkill2_3000_01,ST_BLASTSKILL_3000_01_actSPM2,Explosive Kick
3000_01,BlastForte1,,BlastForte1_3000_01,ST_BlASTFORTE_068,Explosive Wave
3000_01,BlastForte2,,BlastForte2_3000_01,ST_BlASTFORTE_046,Full-Power Charge
3000_01,BlastUltimate,,BlastUltimate_3000_01,ST_BLASTULTIMATE_3000_01,Super Kamehameha
3000_02,BlastSkill1,,BlastSkill1_3000_02,ST_BLASTSKILL_3000_02_actSPM1,Explosive Bullet
3000_02,BlastSkill2,,BlastSkill2_3000_02,ST_BLASTSKILL_3000_02_actSPM2,Super Explosive Rush
3000_02,BlastForte1,,BlastForte1_3000_02,ST_BlASTFORTE_055,Wild Sense
3000_02,BlastForte2,,BlastForte2_3000_02,ST_BlASTFORTE_169,The Power to Rise Again
3000_02,BlastUltimate,,BlastUltimate_3000_02,ST_BLASTULTIMATE_3000_02,Explosive Onslaught
3000_03,BlastSkill1,,BlastSkill1_3000_03,ST_BLASTSKILL_3000_03_actSPM1,Super Explosive Ray
3000_03,BlastSkill2,,BlastSkill2_3000_03,ST_BLASTSKILL_3000_03_actSPM2,Explosive Flash
3000_03,BlastForte1,,BlastForte1_3000_03,ST_BlASTFORTE_170,Beast Sense
3000_03,BlastForte2,,BlastForte2_3000_03,ST_BlASTFORTE_171,Guess It's My Turn
3000_03,BlastUltimate,,BlastUltimate_3000_03,ST_BLASTULTIMATE_3000_03,Special Beam Cannon
3010_00,BlastSkill1,,BlastSkill1_3010_00,ST_BLASTSKILL_3010_00_actSPM1,Full Power Energy Blast Volley
3010_00,BlastSkill2,,BlastSkill2_3010_00,ST_BLASTSKILL_3010_00_actSPM2,Full Power Rush
3010_00,BlastForte1,,BlastForte1_3010_00,ST_BlASTFORTE_055,Wild Sense
3010_00,BlastForte2,,BlastForte2_3010_00,ST_BlASTFORTE_039,False Courage
3010_00,BlastUltimate,,BlastUltimate_3010_00,ST_BLASTULTIMATE_3010_00,Light Grenade
3010_01,BlastSkill1,,BlastSkill1_3010_01,ST_BLASTSKILL_3010_01_actSPM1,Explosive Ruin
3010_01,BlastSkill2,,BlastSkill2_3010_01,ST_BLASTSKILL_3010_01_actSPM2,Chou Magougeki
3010_01,BlastForte1,,BlastForte1_3010_01,ST_BlASTFORTE_055,Wild Sense
3010_01,BlastForte2,,BlastForte2_3010_01,ST_BlASTFORTE_172,This Won't End the Same Way
3010_01,BlastUltimate,,BlastUltimate_3010_01,ST_BLASTULTIMATE_3010_01,Special Beam Cannon
3011_00,BlastSkill1,,BlastSkill1_3011_00,ST_BLASTSKILL_3011_00_actSPM1,Explosive Demon Wave
3011_00,BlastSkill2,,BlastSkill2_3011_00,ST_BLASTSKILL_3011_00_actSPM2,Fierce Fist
3011_00,BlastForte1,,BlastForte1_3011_00,ST_BlASTFORTE_042,Pump Up
3011_00,BlastForte2,,BlastForte2_3011_00,ST_BlASTFORTE_173,That Shenron...
3011_00,BlastUltimate,,BlastUltimate_3011_00,ST_BLASTULTIMATE_3011_00,Special Beam Cannon
3012_00,BlastSkill1,,BlastSkill1_3012_00,ST_BLASTSKILL_3012_00_actSPM1,Chou Makouhou
3012_00,BlastSkill2,,BlastSkill2_3012_00,ST_BLASTSKILL_3012_00_actSPM2,Mighty Fist
3012_00,BlastForte1,,BlastForte1_3012_00,ST_BlASTFORTE_016,Explosive Wave
3012_00,BlastForte2,,BlastForte2_3012_00,ST_BlASTFORTE_174,Behave Yourself!
3012_00,BlastUltimate,,BlastUltimate_3012_00,ST_BLASTULTIMATE_3012_00,Apocalyptic Burst
3020_00,BlastSkill1,,BlastSkill1_3020_00,ST_BLASTSKILL_3020_00_actSPM1,Gamma Blaster
3020_00,BlastSkill2,,BlastSkill2_3020_00,ST_BLASTSKILL_3020_00_actSPM2,Gamma Impact
3020_00,BlastForte1,,BlastForte1_3020_00,ST_BlASTFORTE_175,Gamma Superhero Pose 1
3020_00,BlastForte2,,BlastForte2_3020_00,ST_BlASTFORTE_057,Android Barrier
3020_00,BlastUltimate,,BlastUltimate_3020_00,ST_BLASTULTIMATE_3020_00,Gamma Shift Shot
3030_00,BlastSkill1,,BlastSkill1_3030_00,ST_BLASTSKILL_3030_00_actSPM1,Gamma Blaster
3030_00,BlastSkill2,,BlastSkill2_3030_00,ST_BLASTSKILL_3030_00_actSPM2,Gamma Impact
3030_00,BlastForte1,,BlastForte1_3030_00,ST_BlASTFORTE_176,Gamma Superhero Pose 2
3030_00,BlastForte2,,BlastForte2_3030_00,ST_BlASTFORTE_057,Android Barrier
3030_00,BlastUltimate,,BlastUltimate_3030_00,ST_BLASTULTIMATE_3030_00,Core Breaker
3040_00,BlastSkill1,,BlastSkill1_3040_00,ST_BLASTSKILL_3040_00_actSPM1,Max Cannon
3040_00,BlastSkill2,,BlastSkill2_3040_00,ST_BLASTSKILL_3040_00_actSPM2,Mighty Fist
3040_00,BlastForte1,,BlastForte1_3040_00,ST_BlASTFORTE_016,Explosive Wave
3040_00,BlastForte2,,BlastForte2_3040_00,ST_BlASTFORTE_040,Howl
3040_00,BlastUltimate,,BlastUltimate_3040_00,ST_BLASTULTIMATE_3040_00,Max Bomb
3050_00,BlastSkill1,,BlastSkill1_3050_00,ST_BLASTSKILL_3050_00_actSPM1,Quick Rush
3050_00,BlastSkill2,,BlastSkill2_3050_00,ST_BLASTSKILL_3050_00_actSPM2,Take This!
3050_00,BlastForte1,,BlastForte1_3050_00,ST_BlASTFORTE_048,Sleep
3050_00,BlastForte2,,BlastForte2_3050_00,ST_BlASTFORTE_168,Warm-up Exercise
3050_00,BlastUltimate,,BlastUltimate_3050_00,ST_BLASTULTIMATE_3050_00,Power Pole Rush
3050_00,BlastUltimate,ULT2,BlastUltimate2_3050_00,ST_BLASTULTIMATE_3050_00_01,Aura Impact
3050_01,BlastSkill1,,BlastSkill1_3050_01,ST_BLASTSKILL_3050_01_actSPM1,Energy Strike
3050_01,BlastSkill2,,BlastSkill2_3050_01,ST_BLASTSKILL_3050_01_actSPM2,High-Speed Strike
3050_01,BlastForte1,,BlastForte1_3050_01,ST_BlASTFORTE_012,Afterimage
3050_01,BlastForte2,,BlastForte2_3050_01,ST_BlASTFORTE_026,Full Power
3050_01,BlastUltimate,,BlastUltimate_3050_01,ST_BLASTULTIMATE_3050_01,Super Kamehameha
3050_14,BlastSkill1,,BlastSkill1_3050_14,ST_BLASTSKILL_3050_14_actSPM1,Super Kamehameha
3050_14,BlastSkill2,,BlastSkill2_3050_14,ST_BLASTSKILL_3050_14_actSPM2,Dragon Strike
3050_14,BlastForte1,,BlastForte1_3050_14,ST_BlASTFORTE_055,Wild Sense
3050_14,BlastForte2,,BlastForte2_3050_14,ST_BlASTFORTE_185,Limit Breaker Power
3050_14,BlastUltimate,,BlastUltimate_3050_14,ST_BLASTULTIMATE_3050_14,Kamehameha Reversal
3060_00,BlastSkill1,,BlastSkill1_3060_00,ST_BLASTSKILL_3060_00_actSPM1,Full-Power Energy Cannon
3060_00,BlastSkill2,,BlastSkill2_3060_00,ST_BLASTSKILL_3060_00_actSPM2,Rising Rush
3060_00,BlastForte1,,BlastForte1_3060_00,ST_BlASTFORTE_177,Revive Bug
3060_00,BlastForte2,,BlastForte2_3060_00,ST_BlASTFORTE_012,Afterimage
3060_00,BlastUltimate,,BlastUltimate_3060_00,ST_BLASTULTIMATE_3060_00,Atomic Rush
3060_01,BlastSkill1,,BlastSkill1_3060_01,ST_BLASTSKILL_3060_01_actSPM1,Full-Power Energy Blast Volley
3060_01,BlastSkill2,,BlastSkill2_3060_01,ST_BLASTSKILL_3060_01_actSPM2,Overpowering Crush
3060_01,BlastForte1,,BlastForte1_3060_01,ST_BlASTFORTE_060,Saiyan Spirit
3060_01,BlastForte2,,BlastForte2_3060_01,ST_BlASTFORTE_012,Afterimage
3060_01,BlastUltimate,,BlastUltimate_3060_01,ST_BLASTULTIMATE_3060_01,Galick Gun
3060_02,BlastSkill1,,BlastSkill1_3060_02,ST_BLASTSKILL_3060_02_actSPM1,Galick Gun
3060_02,BlastSkill2,,BlastSkill2_3060_02,ST_BLASTSKILL_3060_02_actSPM2,Head-On Impact
3060_02,BlastForte1,,BlastForte1_3060_02,ST_BlASTFORTE_068,Explosive Wave
3060_02,BlastForte2,,BlastForte2_3060_02,ST_BlASTFORTE_051,Afterimage Strike
3060_02,BlastUltimate,,BlastUltimate_3060_02,ST_BLASTULTIMATE_3060_02,Big Bang Attack
3060_03,BlastSkill1,,BlastSkill1_3060_03,ST_BLASTSKILL_3060_03_actSPM1,Slash Flash
3060_03,BlastSkill2,,BlastSkill2_3060_03,ST_BLASTSKILL_3060_03_actSPM2,Vanishing Strike
3060_03,BlastForte1,,BlastForte1_3060_03,ST_BlASTFORTE_055,Wild Sense
3060_03,BlastForte2,,BlastForte2_3060_03,ST_BlASTFORTE_178,Special Training Results
3060_03,BlastUltimate,,BlastUltimate_3060_03,ST_BLASTULTIMATE_3060_03,Galick Doom
3070_00,BlastSkill1,,BlastSkill1_3070_00,ST_BLASTSKILL_3070_00_actSPM1,Bolt Buster
3070_00,BlastSkill2,,BlastSkill2_3070_00,ST_BLASTSKILL_3070_00_actSPM2,Electric Whip
3070_00,BlastForte1,,BlastForte1_3070_00,ST_BlASTFORTE_179,Spark Bind
3070_00,BlastForte2,,BlastForte2_3070_00,ST_BlASTFORTE_180,Thunder Charge
3070_00,BlastUltimate,,BlastUltimate_3070_00,ST_BLASTULTIMATE_3070_00,Lightning Cannon
3080_00,BlastSkill1,,BlastSkill1_3080_00,ST_BLASTSKILL_3080_00_actSPM1,Magic Cannon
3080_00,BlastSkill2,,BlastSkill2_3080_00,ST_BLASTSKILL_3080_00_actSPM2,Magic Stream
3080_00,BlastForte1,,BlastForte1_3080_00,ST_BlASTFORTE_187,Magic Bind
3080_00,BlastForte2,,BlastForte2_3080_00,ST_BlASTFORTE_188,Third Eye Barrier
3080_00,BlastUltimate,,BlastUltimate_3080_00,ST_BLASTULTIMATE_3080_00,Magic Burst
3100_03,BlastSkill1,,BlastSkill1_3100_03,ST_BLASTSKILL_3100_03_actSPM1,Infinite Blaster
3100_03,BlastSkill2,,BlastSkill2_3100_03,ST_BLASTSKILL_3100_03_actSPM2,Spirit Breaker
3100_03,BlastForte1,,BlastForte1_3100_03,ST_BlASTFORTE_184,Saiyan Burst
3100_03,BlastForte2,,BlastForte2_3100_03,ST_BlASTFORTE_185,Limit Breaker Power
3100_03,BlastUltimate,,BlastUltimate_3100_03,ST_BLASTULTIMATE_3100_03,Maximum Final Flash
3110_00,BlastSkill1,,BlastSkill1_3110_00,ST_BLASTSKILL_3110_00_actSPM1,Cresent Energy Wave
3110_00,BlastSkill2,,BlastSkill2_3110_00,ST_BLASTSKILL_3110_00_actSPM2,Majin Corkscrew Attack
3110_00,BlastForte1,,BlastForte1_3110_00,ST_BlASTFORTE_149,Snack Time
3110_00,BlastForte2,,BlastForte2_3110_00,ST_BlASTFORTE_183,Majin Power
3110_00,BlastUltimate,,BlastUltimate_3110_00,ST_BLASTULTIMATE_3110_00,Wild Rush
3130_00,BlastSkill1,,BlastSkill1_3130_00,ST_BLASTSKILL_3130_00_actSPM1,Last Chance Shot
3130_00,BlastSkill2,,BlastSkill2_3130_00,ST_BLASTSKILL_3130_00_actSPM2,Last Chance Shock
3130_00,BlastForte1,,BlastForte1_3130_00,ST_BlASTFORTE_181,Wasabi Bomb
3130_00,BlastForte2,,BlastForte2_3130_00,ST_BlASTFORTE_182,Last Chance Full Power
3130_00,BlastUltimate,,BlastUltimate_3130_00,ST_BLASTULTIMATE_3130_00,Kadan Combination
3120_04,BlastSkill1,,BlastSkill1_3120_04,ST_BLASTSKILL_3120_04_actSPM1,True Divine Dragon Strike
3120_04,BlastSkill2,,BlastSkill2_3120_04,ST_BLASTSKILL_3120_04_actSPM2,True Flash Dragon Kick
3120_04,BlastForte1,,BlastForte1_3120_04,ST_BlASTFORTE_184,Saiyan Burst
3120_04,BlastForte2,,BlastForte2_3120_04,ST_BlASTFORTE_185,Limit Breaker Power
3120_04,BlastUltimate,,BlastUltimate_3120_04,ST_BLASTULTIMATE_3120_04,Transcendent Kamehameha
3140_00,BlastSkill1,,BlastSkill1_3140_00,ST_BLASTSKILL_3140_00_actSPM1,Powerful Cannon
3140_00,BlastSkill2,,BlastSkill2_3140_00,ST_BLASTSKILL_3140_00_actSPM2,Rolling Attack
3140_00,BlastForte1,,BlastForte1_3140_00,ST_BlASTFORTE_186,Powerful Shout
3140_00,BlastForte2,,BlastForte2_3140_00,ST_BlASTFORTE_149,Snack Time
3140_00,BlastUltimate,,BlastUltimate_3140_00,ST_BLASTULTIMATE_3140_00,Full-Power Special Attack
3150_00,BlastSkill1,,BlastSkill1_3150_00,ST_BLASTSKILL_3150_00_actSPM1,Magic Missile
3150_00,BlastSkill2,,BlastSkill2_3150_00,ST_BLASTSKILL_3150_00_actSPM2,Magic Tempest
3150_00,BlastForte1,,BlastForte1_3150_00,ST_BlASTFORTE_189,Third Eye Heal
3150_00,BlastForte2,,BlastForte2_3150_00,ST_BlASTFORTE_190,Third Eye Enhance
3150_00,BlastUltimate,,BlastUltimate_3150_00,ST_BLASTULTIMATE_3150_00,Giga Magic Burst
3160_00,BlastSkill1,,BlastSkill1_3160_00,ST_BLASTSKILL_3160_00_actSPM1,Wild Cannon
3160_00,BlastSkill2,,BlastSkill2_3160_00,ST_BLASTSKILL_3160_00_actSPM2,Meteor Break
3160_00,BlastForte1,,BlastForte1_3160_00,ST_BlASTFORTE_055,Wild Sense
3160_00,BlastForte2,,BlastForte2_3160_00,ST_BlASTFORTE_191,Ancient Soul
3160_00,BlastUltimate,,BlastUltimate_3160_00,ST_BLASTULTIMATE_3160_00,Rising Rush
3170_00,BlastSkill1,,BlastSkill1_3170_00,ST_BLASTSKILL_3170_00_actSPM1,Energy's Last
3170_00,BlastSkill2,,BlastSkill2_3170_00,ST_BLASTSKILL_3170_00_actSPM2,Crazy Rush
3170_00,BlastForte1,,BlastForte1_3170_00,ST_BlASTFORTE_051,Afterimage Strike
3170_00,BlastForte2,,BlastForte2_3170_00,ST_BlASTFORTE_192,Shockwave
3170_00,BlastUltimate,,BlastUltimate_3170_00,ST_BLASTULTIMATE_3170_00,Supreme Kai Hyper Cannon
3190_00,BlastSkill1,,BlastSkill1_3190_00,ST_BLASTSKILL_3190_00_actSPM1,Full-Power Energy Wave
3190_00,BlastSkill2,,BlastSkill2_3190_00,ST_BLASTSKILL_3190_00_actSPM2,Energy Bullet
3190_00,BlastForte1,,BlastForte1_3190_00,ST_BlASTFORTE_055,Wild Sense
3190_00,BlastForte2,,BlastForte2_3190_00,ST_BlASTFORTE_060,Saiyan Spirit
3190_00,BlastUltimate,,BlastUltimate_3190_00,ST_BLASTULTIMATE_3190_00,Berserker Saiyan Rush
3270_00,BlastSkill1,,BlastSkill1_3270_00,ST_BLASTSKILL_3270_00_actSPM1,Big Bang Attack
3270_00,BlastSkill2,,BlastSkill2_3270_00,ST_BLASTSKILL_3270_00_actSPM2,Quick Strike
3270_00,BlastForte1,,BlastForte1_3270_00,ST_BlASTFORTE_016,Explosive Wave
3270_00,BlastForte2,,BlastForte2_3270_00,ST_BlASTFORTE_039,False Courage
3270_00,BlastUltimate,,BlastUltimate_3270_00,ST_BLASTULTIMATE_3270_00,Final Shine Attack
3270_01,BlastSkill1,,BlastSkill1_3270_01,ST_BLASTSKILL_3270_01_actSPM1,Final Shine Attack
3270_01,BlastSkill2,,BlastSkill2_3270_01,ST_BLASTSKILL_3270_01_actSPM2,Saiyan Pride Rush
3270_01,BlastForte1,,BlastForte1_3270_01,ST_BlASTFORTE_012,Afterimage
3270_01,BlastForte2,,BlastForte2_3270_01,ST_BlASTFORTE_193,Saiyan Who Calls Earth Home
3270_01,BlastUltimate,,BlastUltimate_3270_01,ST_BLASTULTIMATE_3270_01,Final Burst
3280_00,BlastSkill1,,BlastSkill1_3280_00,ST_BLASTSKILL_3280_00_actSPM1,Full-Power Energy Wave
3280_00,BlastSkill2,,BlastSkill2_3280_00,ST_BLASTSKILL_3280_00_actSPM2,Buster Burst
3280_00,BlastForte1,,BlastForte1_3280_00,ST_BlASTFORTE_012,Afterimage
3280_00,BlastForte2,,BlastForte2_3280_00,ST_BlASTFORTE_041,Finish Sign
3280_00,BlastUltimate,,BlastUltimate_3280_00,ST_BLASTULTIMATE_3280_00,Galaxy Tri-Attack
3280_01,BlastSkill1,,BlastSkill1_3280_01,ST_BLASTSKILL_3280_01_actSPM1,Buster Attack
3280_01,BlastSkill2,,BlastSkill2_3280_01,ST_BLASTSKILL_3280_01_actSPM2,Rising Buster
3280_01,BlastForte1,,BlastForte1_3280_01,ST_BlASTFORTE_016,Explosive Wave
3280_01,BlastForte2,,BlastForte2_3280_01,ST_BlASTFORTE_047,Power Up to the Very Limit
3280_01,BlastUltimate,,BlastUltimate_3280_01,ST_BLASTULTIMATE_3280_01,Twin Saiyan Rush
3290_00,BlastSkill1,,BlastSkill1_3290_00,ST_BLASTSKILL_3290_00_actSPM1,Hell Breaker
3290_00,BlastSkill2,,BlastSkill2_3290_00,ST_BLASTSKILL_3290_00_actSPM2,Full Power Energy Blast Volley
3290_00,BlastForte1,,BlastForte1_3290_00,ST_BlASTFORTE_057,Android Barrier
3290_00,BlastForte2,,BlastForte2_3290_00,ST_BlASTFORTE_045,High-Tension
3290_00,BlastUltimate,,BlastUltimate_3290_00,ST_BLASTULTIMATE_3290_00,Hellish Combo
3300_00,BlastSkill1,,BlastSkill1_3300_00,ST_BLASTSKILL_0000_00_actSPM1,Kamehameha
3300_00,BlastSkill2,,BlastSkill2_3300_00,ST_BLASTSKILL_3300_00_actSPM2,Kamehameha Assault
3300_00,BlastForte1,,BlastForte1_3300_00,ST_BlASTFORTE_001,Solar Flare
3300_00,BlastForte2,,BlastForte2_3300_00,ST_BlASTFORTE_055,Wild Sense
3300_00,BlastUltimate,,BlastUltimate_3300_00,ST_BLASTULTIMATE_3300_00,"Ready, Set, Go!"
3310_00,BlastSkill1,,BlastSkill1_3310_00,ST_BLASTSKILL_3310_00_actSPM1,Soumasen
3310_00,BlastSkill2,,BlastSkill2_3310_00,ST_BLASTSKILL_3310_00_actSPM2,Demonic Chase Grenade
3310_00,BlastForte1,,BlastForte1_3310_00,ST_BlASTFORTE_007,Paralyze Beam
3310_00,BlastForte2,,BlastForte2_3310_00,ST_BlASTFORTE_055,Wild Sense
3310_00,BlastUltimate,,BlastUltimate_3310_00,ST_BLASTULTIMATE_3310_00,Super Explosive Wave
3310_10,BlastSkill1,,BlastSkill1_3310_10,ST_BLASTSKILL_3310_10_actSPM1,Chou Makouhou
3310_10,BlastSkill2,,BlastSkill2_3310_10,ST_BLASTSKILL_3310_10_actSPM2,Super Explosive Wave
3310_10,BlastForte1,,BlastForte1_3310_10,ST_BlASTFORTE_046,Full-Power Charge
3310_10,BlastForte2,,BlastForte2_3310_10,ST_BlASTFORTE_042,Pump Up
3310_10,BlastUltimate,,BlastUltimate_3310_10,ST_BLASTULTIMATE_3310_10,Colossal Transformation
3320_00,BlastSkill1,,BlastSkill1_3320_00,ST_BLASTSKILL_3320_00_actSPM1,Dodon Ray
3320_00,BlastSkill2,,BlastSkill2_3320_00,ST_BLASTSKILL_3320_00_actSPM2,Volleyball Fist
3320_00,BlastForte1,,BlastForte1_3320_00,ST_BlASTFORTE_001,Solar Flare
3320_00,BlastForte2,,BlastForte2_3320_00,ST_BlASTFORTE_041,Finish Sign
3320_00,BlastUltimate,,BlastUltimate_3320_00,ST_BLASTULTIMATE_3320_00,Multi-Form
3330_00,BlastSkill1,,BlastSkill1_3330_00,ST_BLASTSKILL_3330_00_actSPM1,Shout Impact
3330_00,BlastSkill2,,BlastSkill2_3330_00,ST_BLASTSKILL_3330_00_actSPM2,Rage Kick
3330_00,BlastForte1,,BlastForte1_3330_00,ST_BlASTFORTE_039,False Courage
3330_00,BlastForte2,,BlastForte2_3330_00,ST_BlASTFORTE_194,Anger Boost
3330_00,BlastUltimate,,BlastUltimate_3330_00,ST_BLASTULTIMATE_3330_00,Blazing Barrage Palm
3350_00,BlastSkill1,,BlastSkill1_3350_00,ST_BLASTSKILL_3350_00_actSPM1,Full Power Energy Blast Volley
3350_00,BlastSkill2,,BlastSkill2_3350_00,ST_BLASTSKILL_3350_00_actSPM2,Flame Storm
3350_00,BlastForte1,,BlastForte1_3350_00,ST_BlASTFORTE_027,Full Power
3350_00,BlastForte2,,BlastForte2_3350_00,ST_BlASTFORTE_060,Saiyan Spirit
3350_00,BlastUltimate,,BlastUltimate_3350_00,ST_BLASTULTIMATE_3350_00,Flame Bullet
3360_00,BlastSkill1,,BlastSkill1_3360_00,ST_BLASTSKILL_3360_00_actSPM1,Death's Razor
3360_00,BlastSkill2,,BlastSkill2_3360_00,ST_BLASTSKILL_3360_00_actSPM2,Death Rain
3360_00,BlastForte1,,BlastForte1_3360_00,ST_BlASTFORTE_006,Psychokinesis
3360_00,BlastForte2,,BlastForte2_3360_00,ST_BlASTFORTE_041,Finish Sign
3360_00,BlastUltimate,,BlastUltimate_3360_00,ST_BLASTULTIMATE_3360_00,Death Sphere
